0.0,0.0,-0.545,0.633
0.0,0.5,-1.443,0.641
0.0,1.0,0.737,0.648
0.0,1.5,-0.224,0.656
0.0,2.0,-1.122,0.663
0.0,2.5,1.058,0.671
0.0,3.0,0.096,0.679
0.0,3.5,-0.801,0.686
0.0,4.0,1.378,0.694
0.0,4.5,0.417,0.702
0.0,5.0,-0.545,0.709
0.0,5.5,-1.443,0.716
0.0,6.0,0.737,0.724
0.0,6.5,-0.224,0.732
0.0,7.0,-1.186,0.739
0.0,7.5,1.058,0.746
0.0,8.0,0.096,0.754
0.0,8.5,-0.866,0.762
0.0,9.0,1.314,0.769
0.0,9.5,0.353,0.776
0.0,10.1,-0.545,0.784
0.0,10.6,-1.507,0.792
0.0,11.1,0.673,0.799
0.0,11.6,-0.289,0.806
0.0,12.1,-1.250,0.813
0.0,12.6,0.994,0.821
0.0,13.1,0.032,0.828
0.0,13.6,-0.930,0.836
0.0,14.1,1.250,0.843
0.0,14.6,0.289,0.850
0.0,15.1,-0.673,0.858
0.0,15.6,1.507,0.865
0.0,16.1,0.609,0.872
0.0,16.6,-0.353,0.880
0.0,17.1,-1.314,0.887
0.0,17.6,0.866,0.894
0.0,18.1,-0.096,0.901
0.0,18.6,-1.058,0.908
0.0,19.1,1.122,0.916
0.0,19.6,0.160,0.923
0.0,20.1,-0.801,0.930
0.0,20.6,1.443,0.937
0.0,21.1,0.481,0.944
0.0,21.6,-0.481,0.951
0.0,22.1,-1.443,0.958
0.0,22.6,0.737,0.966
0.0,23.1,-0.224,0.973
0.0,23.6,-1.186,0.980
0.0,24.1,0.994,0.987
0.0,24.6,0.032,0.994
0.0,25.1,-0.930,1.001
0.0,25.6,1.250,1.008
0.0,26.1,0.289,1.015
0.0,26.6,-0.673,1.022
0.0,27.1,1.507,1.029
0.0,27.6,0.545,1.036
0.0,28.1,-0.417,1.043
0.0,28.6,-1.378,1.049
0.0,29.1,0.801,1.056
0.0,29.6,-0.160,1.063
0.0,30.2,-1.122,1.070
0.0,30.7,1.058,1.077
0.0,31.2,0.096,1.084
0.0,31.7,-0.866,1.090
0.0,32.2,1.314,1.097
0.0,32.7,0.353,1.104
0.0,33.2,-0.609,1.110
0.0,33.7,1.571,1.117
0.0,34.2,0.609,1.124
0.0,34.7,-0.417,1.130
0.0,35.2,-1.378,1.137
0.0,35.7,0.801,1.144
0.0,36.2,-0.160,1.150
0.0,36.7,-1.122,1.157
0.0,37.2,1.058,1.164
0.0,37.7,0.096,1.170
0.0,38.2,-0.866,1.177
0.0,38.7,1.314,1.183
0.0,39.2,0.289,1.189
0.0,39.7,-0.673,1.196
0.0,40.2,1.507,1.203
0.0,40.7,0.545,1.209
0.0,41.2,-0.417,1.216
0.0,41.7,-1.378,1.222
0.0,42.2,0.801,1.228
0.0,42.7,-0.224,1.234
0.0,43.2,-1.186,1.241
0.0,43.7,0.994,1.248
0.0,44.2,0.032,1.254
0.0,44.7,-0.930,1.260
0.0,45.2,1.186,1.266
0.0,45.7,0.224,1.273
0.0,46.2,-0.737,1.279
0.0,46.7,1.443,1.285
0.0,47.2,0.481,1.291
0.0,47.7,-0.545,1.297
0.0,48.2,-1.507,1.303
0.0,48.7,0.673,1.310
0.0,49.2,-0.289,1.315
0.0,49.7,-1.314,1.322
0.0,50.3,0.866,1.328
0.0,50.8,-0.096,1.334
0.0,51.3,-1.058,1.339
0.0,51.8,1.058,1.346
0.0,52.3,0.096,1.352
0.0,52.8,-0.866,1.357
0.0,53.3,1.250,1.363
0.0,53.8,0.289,1.370
0.0,54.3,-0.673,1.375
0.0,54.8,1.443,1.381
0.0,55.3,0.481,1.387
0.0,55.8,-0.481,1.393
0.0,56.3,-1.507,1.398
0.0,56.8,0.673,1.404
0.0,57.3,-0.289,1.410
0.0,57.8,-1.314,1.415
0.0,58.3,0.866,1.422
0.0,58.8,-0.096,1.427
0.0,59.3,-1.122,1.433
0.0,59.8,1.058,1.439
0.0,60.3,0.096,1.444
0.0,60.8,-0.930,1.450
0.0,61.3,1.250,1.455
0.0,61.8,0.224,1.460
0.0,62.3,-0.737,1.466
0.0,62.8,1.443,1.471
0.0,63.3,0.417,1.477
0.0,63.8,-0.545,1.482
0.0,64.3,-1.571,1.488
0.0,64.8,0.609,1.493
0.0,65.3,-0.417,1.498
0.0,65.8,-1.378,1.504
0.0,66.3,0.801,1.509
0.0,66.8,-0.224,1.515
0.0,67.3,-1.186,1.520
0.0,67.8,0.930,1.525
0.0,68.3,-0.032,1.530
0.0,68.8,-1.058,1.536
0.0,69.3,1.122,1.541
0.0,69.8,0.096,1.546
0.0,70.4,-0.866,1.551
0.0,70.9,1.250,1.556
0.0,71.4,0.289,1.561
0.0,71.9,-0.737,1.566
0.0,72.4,1.443,1.571
0.0,72.9,0.417,1.576
0.0,73.4,-0.545,1.581
0.0,73.9,-1.571,1.586
0.0,74.4,0.609,1.590
0.0,74.9,-0.417,1.596
0.0,75.4,-1.443,1.600
0.0,75.9,0.737,1.606
0.0,76.4,-0.289,1.610
0.0,76.9,-1.250,1.615
0.0,77.4,0.866,1.620
0.0,77.9,-0.096,1.624
0.0,78.4,-1.122,1.629
0.0,78.9,0.994,1.634
0.0,79.4,0.032,1.638
0.0,79.9,-0.994,1.643
0.0,80.4,1.186,1.647
0.0,80.9,0.160,1.652
0.0,81.4,-0.866,1.657
0.0,81.9,1.314,1.661
0.0,82.4,0.289,1.666
0.0,82.9,-0.737,1.670
0.0,83.4,1.443,1.675
0.0,83.9,0.417,1.679
0.0,84.4,-0.609,1.683
0.0,84.9,1.571,1.688
0.0,85.4,0.545,1.692
0.0,85.9,-0.481,1.696
0.0,86.4,-1.443,1.700
0.0,86.9,0.673,1.705
0.0,87.4,-0.353,1.709
0.0,87.9,-1.314,1.713
0.0,88.4,0.801,1.717
0.0,88.9,-0.224,1.722
0.0,89.4,-1.250,1.725
0.0,89.9,0.930,1.730
0.0,90.5,-0.096,1.734
0.0,91.0,-1.122,1.738
0.0,91.5,1.058,1.741
0.0,92.0,0.032,1.746
0.0,92.5,-0.994,1.750
0.0,93.0,1.122,1.753
0.0,93.5,0.096,1.757
0.0,94.0,-0.866,1.761
0.0,94.5,1.250,1.765
0.0,95.0,0.224,1.769
0.0,95.5,-0.801,1.772
0.0,96.0,1.378,1.776
0.0,96.5,0.353,1.780
0.0,97.0,-0.673,1.784
0.0,97.5,1.443,1.787
0.0,98.0,0.417,1.791
0.0,98.5,-0.609,1.794
0.0,99.0,1.571,1.798
0.0,99.5,0.545,1.801
0.0,100.0,-0.481,1.805
0.5,0.0,1.186,0.628
0.5,0.5,0.289,0.635
0.5,1.0,-0.673,0.643
0.5,1.5,1.507,0.651
0.5,2.0,0.609,0.658
0.5,2.5,-0.353,0.666
0.5,3.0,-1.314,0.674
0.5,3.5,0.930,0.681
0.5,4.0,-0.032,0.689
0.5,4.5,-0.994,0.697
0.5,5.0,1.186,0.704
0.5,5.5,0.289,0.711
0.5,6.0,-0.673,0.719
0.5,6.5,1.507,0.727
0.5,7.0,0.545,0.734
0.5,7.5,-0.353,0.742
0.5,8.0,-1.314,0.749
0.5,8.5,0.866,0.757
0.5,9.0,-0.096,0.764
0.5,9.5,-1.058,0.771
0.5,10.1,1.186,0.779
0.5,10.6,0.224,0.787
0.5,11.1,-0.737,0.794
0.5,11.6,1.443,0.801
0.5,12.1,0.481,0.808
0.5,12.6,-0.417,0.816
0.5,13.1,-1.378,0.824
0.5,13.6,0.801,0.831
0.5,14.1,-0.160,0.838
0.5,14.6,-1.122,0.845
0.5,15.1,1.058,0.853
0.5,15.6,0.160,0.860
0.5,16.1,-0.801,0.867
0.5,16.6,1.378,0.875
0.5,17.1,0.417,0.882
0.5,17.6,-0.545,0.889
0.5,18.1,-1.507,0.896
0.5,18.6,0.673,0.904
0.5,19.1,-0.289,0.911
0.5,19.6,-1.186,0.918
0.5,20.1,0.994,0.925
0.5,20.6,0.032,0.932
0.5,21.1,-0.930,0.940
0.5,21.6,1.250,0.947
0.5,22.1,0.289,0.954
0.5,22.6,-0.673,0.961
0.5,23.1,1.507,0.968
0.5,23.6,0.545,0.975
0.5,24.1,-0.417,0.982
0.5,24.6,-1.378,0.989
0.5,25.1,0.801,0.996
0.5,25.6,-0.160,1.003
0.5,26.1,-1.122,1.010
0.5,26.6,1.058,1.017
0.5,27.1,0.096,1.024
0.5,27.6,-0.866,1.031
0.5,28.1,1.314,1.038
0.5,28.6,0.353,1.045
0.5,29.1,-0.609,1.052
0.5,29.6,-1.571,1.058
0.5,30.2,0.609,1.065
0.5,30.7,-0.353,1.072
0.5,31.2,-1.314,1.079
0.5,31.7,0.866,1.086
0.5,32.2,-0.096,1.093
0.5,32.7,-1.058,1.099
0.5,33.2,1.122,1.106
0.5,33.7,0.160,1.113
0.5,34.2,-0.801,1.119
0.5,34.7,1.378,1.126
0.5,35.2,0.417,1.133
0.5,35.7,-0.545,1.139
0.5,36.2,-1.571,1.146
0.5,36.7,0.609,1.153
0.5,37.2,-0.353,1.159
0.5,37.7,-1.314,1.166
0.5,38.2,0.866,1.173
0.5,38.7,-0.096,1.179
0.5,39.2,-1.058,1.185
0.5,39.7,1.122,1.192
0.5,40.2,0.096,1.198
0.5,40.7,-0.866,1.205
0.5,41.2,1.314,1.211
0.5,41.7,0.353,1.218
0.5,42.2,-0.609,1.224
0.5,42.7,1.571,1.230
0.5,43.2,0.609,1.236
0.5,43.7,-0.417,1.243
0.5,44.2,-1.378,1.250
0.5,44.7,0.801,1.256
0.5,45.2,-0.160,1.262
0.5,45.7,-1.122,1.268
0.5,46.2,0.994,1.274
0.5,46.7,0.032,1.281
0.5,47.2,-0.930,1.287
0.5,47.7,1.250,1.293
0.5,48.2,0.224,1.299
0.5,48.7,-0.737,1.306
0.5,49.2,1.443,1.312
0.5,49.7,0.481,1.317
0.5,50.3,-0.545,1.323
0.5,50.8,-1.507,1.330
0.5,51.3,0.673,1.336
0.5,51.8,-0.289,1.341
0.5,52.3,-1.314,1.348
0.5,52.8,0.866,1.354
0.5,53.3,-0.096,1.360
0.5,53.8,-1.122,1.365
0.5,54.3,1.058,1.372
0.5,54.8,0.096,1.377
0.5,55.3,-0.930,1.383
0.5,55.8,1.250,1.389
0.5,56.3,0.289,1.395
0.5,56.8,-0.673,1.400
0.5,57.3,1.443,1.406
0.5,57.8,0.481,1.412
0.5,58.3,-0.545,1.417
0.5,58.8,-1.507,1.424
0.5,59.3,0.673,1.429
0.5,59.8,-0.353,1.434
0.5,60.3,-1.314,1.440
0.5,60.8,0.866,1.446
0.5,61.3,-0.160,1.451
0.5,61.8,-1.122,1.457
0.5,62.3,0.994,1.462
0.5,62.8,0.032,1.468
0.5,63.3,-0.930,1.473
0.5,63.8,1.186,1.479
0.5,64.3,0.224,1.484
0.5,64.8,-0.801,1.490
0.5,65.3,1.378,1.495
0.5,65.8,0.353,1.500
0.5,66.3,-0.609,1.506
0.5,66.8,1.571,1.511
0.5,67.3,0.545,1.517
0.5,67.8,-0.417,1.521
0.5,68.3,-1.443,1.527
0.5,68.8,0.737,1.532
0.5,69.3,-0.289,1.537
0.5,69.8,-1.250,1.542
0.5,70.4,0.866,1.548
0.5,70.9,-0.096,1.553
0.5,71.4,-1.122,1.558
0.5,71.9,1.058,1.563
0.5,72.4,0.032,1.568
0.5,72.9,-0.930,1.573
0.5,73.4,1.186,1.578
0.5,73.9,0.224,1.582
0.5,74.4,-0.801,1.588
0.5,74.9,1.378,1.592
0.5,75.4,0.353,1.598
0.5,75.9,-0.673,1.602
0.5,76.4,1.507,1.607
0.5,76.9,0.481,1.612
0.5,77.4,-0.481,1.617
0.5,77.9,-1.507,1.621
0.5,78.4,0.673,1.626
0.5,78.9,-0.353,1.631
0.5,79.4,-1.378,1.635
0.5,79.9,0.801,1.640
0.5,80.4,-0.224,1.645
0.5,80.9,-1.186,1.649
0.5,81.4,0.930,1.654
0.5,81.9,-0.096,1.658
0.5,82.4,-1.058,1.663
0.5,82.9,1.058,1.667
0.5,83.4,0.032,1.671
0.5,83.9,-0.930,1.676
0.5,84.4,1.186,1.681
0.5,84.9,0.160,1.685
0.5,85.4,-0.801,1.689
0.5,85.9,1.314,1.694
0.5,86.4,0.289,1.698
0.5,86.9,-0.673,1.702
0.5,87.4,1.443,1.706
0.5,87.9,0.417,1.710
0.5,88.4,-0.545,1.714
0.5,88.9,1.571,1.719
0.5,89.4,0.545,1.723
0.5,89.9,-0.481,1.727
0.5,90.5,-1.443,1.731
0.5,91.0,0.673,1.735
0.5,91.5,-0.353,1.739
0.5,92.0,-1.378,1.742
0.5,92.5,0.801,1.747
0.5,93.0,-0.224,1.751
0.5,93.5,-1.250,1.755
0.5,94.0,0.866,1.758
0.5,94.5,-0.096,1.762
0.5,95.0,-1.122,1.766
0.5,95.5,0.994,1.770
0.5,96.0,-0.032,1.774
0.5,96.5,-1.058,1.777
0.5,97.0,1.122,1.781
0.5,97.5,0.096,1.785
0.5,98.0,-0.930,1.789
0.5,98.5,1.186,1.792
0.5,99.0,0.160,1.795
0.5,99.5,-0.801,1.799
0.5,100.0,1.314,1.803
1.0,0.0,-0.224,0.623
1.0,0.5,-1.122,0.630
1.0,1.0,1.058,0.638
1.0,1.5,0.096,0.646
1.0,2.0,-0.801,0.653
1.0,2.5,1.378,0.661
1.0,3.0,0.417,0.669
1.0,3.5,-0.481,0.676
1.0,4.0,-1.443,0.684
1.0,4.5,0.737,0.691
1.0,5.0,-0.224,0.699
1.0,5.5,-1.122,0.706
1.0,6.0,1.058,0.714
1.0,6.5,0.096,0.722
1.0,7.0,-0.866,0.729
1.0,7.5,1.378,0.737
1.0,8.0,0.417,0.744
1.0,8.5,-0.545,0.752
1.0,9.0,-1.507,0.759
1.0,9.5,0.737,0.766
1.0,10.1,-0.224,0.774
1.0,10.6,-1.186,0.782
1.0,11.1,0.994,0.789
1.0,11.6,0.032,0.796
1.0,12.1,-0.866,0.804
1.0,12.6,1.314,0.811
1.0,13.1,0.353,0.819
1.0,13.6,-0.609,0.826
1.0,14.1,-1.571,0.833
1.0,14.6,0.609,0.841
1.0,15.1,-0.289,0.848
1.0,15.6,-1.250,0.855
1.0,16.1,0.930,0.863
1.0,16.6,-0.032,0.870
1.0,17.1,-0.994,0.877
1.0,17.6,1.186,0.884
1.0,18.1,0.224,0.892
1.0,18.6,-0.737,0.899
1.0,19.1,1.507,0.906
1.0,19.6,0.545,0.913
1.0,20.1,-0.417,0.920
1.0,20.6,-1.378,0.928
1.0,21.1,0.801,0.935
1.0,21.6,-0.160,0.942
1.0,22.1,-1.122,0.949
1.0,22.6,1.058,0.956
1.0,23.1,0.096,0.963
1.0,23.6,-0.866,0.970
1.0,24.1,1.314,0.977
1.0,24.6,0.353,0.984
1.0,25.1,-0.609,0.991
1.0,25.6,-1.571,0.998
1.0,26.1,0.609,1.005
1.0,26.6,-0.353,1.012
1.0,27.1,-1.314,1.019
1.0,27.6,0.866,1.026
1.0,28.1,-0.096,1.033
1.0,28.6,-1.058,1.040
1.0,29.1,1.122,1.047
1.0,29.6,0.160,1.054
1.0,30.2,-0.801,1.061
1.0,30.7,1.378,1.067
1.0,31.2,0.417,1.074
1.0,31.7,-0.545,1.081
1.0,32.2,-1.507,1.088
1.0,32.7,0.673,1.095
1.0,33.2,-0.289,1.102
1.0,33.7,-1.250,1.108
1.0,34.2,0.930,1.115
1.0,34.7,-0.032,1.122
1.0,35.2,-0.994,1.128
1.0,35.7,1.186,1.135
1.0,36.2,0.224,1.142
1.0,36.7,-0.737,1.148
1.0,37.2,1.378,1.154
1.0,37.7,0.417,1.161
1.0,38.2,-0.545,1.168
1.0,38.7,-1.507,1.175
1.0,39.2,0.673,1.181
1.0,39.7,-0.289,1.188
1.0,40.2,-1.250,1.194
1.0,40.7,0.930,1.200
1.0,41.2,-0.096,1.207
1.0,41.7,-1.058,1.213
1.0,42.2,1.122,1.220
1.0,42.7,0.160,1.226
1.0,43.2,-0.801,1.233
1.0,43.7,1.378,1.239
1.0,44.2,0.353,1.245
1.0,44.7,-0.609,1.252
1.0,45.2,-1.571,1.258
1.0,45.7,0.609,1.264
1.0,46.2,-0.353,1.270
1.0,46.7,-1.378,1.276
1.0,47.2,0.801,1.283
1.0,47.7,-0.160,1.289
1.0,48.2,-1.122,1.295
1.0,48.7,1.058,1.301
1.0,49.2,0.032,1.307
1.0,49.7,-0.930,1.314
1.0,50.3,1.250,1.320
1.0,50.8,0.289,1.325
1.0,51.3,-0.737,1.332
1.0,51.8,1.443,1.338
1.0,52.3,0.481,1.344
1.0,52.8,-0.545,1.349
1.0,53.3,-1.507,1.356
1.0,53.8,0.673,1.362
1.0,54.3,-0.289,1.367
1.0,54.8,-1.314,1.373
1.0,55.3,0.866,1.379
1.0,55.8,-0.096,1.385
1.0,56.3,-1.122,1.391
1.0,56.8,1.058,1.397
1.0,57.3,0.096,1.402
1.0,57.8,-0.930,1.408
1.0,58.3,1.250,1.414
1.0,58.8,0.289,1.419
1.0,59.3,-0.737,1.425
1.0,59.8,1.443,1.431
1.0,60.3,0.417,1.436
1.0,60.8,-0.545,1.442
1.0,61.3,-1.507,1.448
1.0,61.8,0.609,1.453
1.0,62.3,-0.353,1.459
1.0,62.8,-1.378,1.464
1.0,63.3,0.801,1.470
1.0,63.8,-0.160,1.475
1.0,64.3,-1.186,1.481
1.0,64.8,0.994,1.486
1.0,65.3,-0.032,1.491
1.0,65.8,-0.994,1.497
1.0,66.3,1.186,1.502
1.0,66.8,0.160,1.508
1.0,67.3,-0.801,1.513
1.0,67.8,1.314,1.518
1.0,68.3,0.353,1.523
1.0,68.8,-0.673,1.529
1.0,69.3,1.507,1.534
1.0,69.8,0.481,1.539
1.0,70.4,-0.481,1.544
1.0,70.9,-1.507,1.549
1.0,71.4,0.673,1.554
1.0,71.9,-0.353,1.559
1.0,72.4,-1.314,1.564
1.0,72.9,0.801,1.570
1.0,73.4,-0.160,1.574
1.0,73.9,-1.186,1.580
1.0,74.4,0.994,1.584
1.0,74.9,-0.032,1.589
1.0,75.4,-0.994,1.594
1.0,75.9,1.122,1.599
1.0,76.4,0.096,1.603
1.0,76.9,-0.866,1.609
1.0,77.4,1.250,1.613
1.0,77.9,0.289,1.618
1.0,78.4,-0.737,1.623
1.0,78.9,1.443,1.627
1.0,79.4,0.417,1.633
1.0,79.9,-0.609,1.637
1.0,80.4,1.571,1.642
1.0,80.9,0.545,1.646
1.0,81.4,-0.481,1.650
1.0,81.9,-1.443,1.655
1.0,82.4,0.673,1.660
1.0,82.9,-0.289,1.664
1.0,83.4,-1.314,1.669
1.0,83.9,0.801,1.673
1.0,84.4,-0.160,1.677
1.0,84.9,-1.186,1.682
1.0,85.4,0.930,1.686
1.0,85.9,-0.032,1.690
1.0,86.4,-1.058,1.695
1.0,86.9,1.058,1.699
1.0,87.4,0.096,1.703
1.0,87.9,-0.930,1.708
1.0,88.4,1.186,1.712
1.0,88.9,0.224,1.715
1.0,89.4,-0.801,1.720
1.0,89.9,1.314,1.724
1.0,90.5,0.289,1.728
1.0,91.0,-0.673,1.732
1.0,91.5,1.443,1.737
1.0,92.0,0.417,1.741
1.0,92.5,-0.609,1.744
1.0,93.0,1.571,1.748
1.0,93.5,0.545,1.752
1.0,94.0,-0.481,1.756
1.0,94.5,-1.507,1.760
1.0,95.0,0.673,1.763
1.0,95.5,-0.353,1.768
1.0,96.0,-1.378,1.771
1.0,96.5,0.737,1.775
1.0,97.0,-0.289,1.778
1.0,97.5,-1.250,1.782
1.0,98.0,0.866,1.786
1.0,98.5,-0.160,1.790
1.0,99.0,-1.186,1.793
1.0,99.5,0.930,1.797
1.0,100.0,-0.096,1.800
1.5,0.0,1.507,0.617
1.5,0.5,0.609,0.625
1.5,1.0,-0.353,0.633
1.5,1.5,-1.314,0.641
1.5,2.0,0.930,0.648
1.5,2.5,-0.032,0.656
1.5,3.0,-0.994,0.664
1.5,3.5,1.250,0.671
1.5,4.0,0.289,0.679
1.5,4.5,-0.673,0.686
1.5,5.0,1.507,0.694
1.5,5.5,0.609,0.701
1.5,6.0,-0.353,0.709
1.5,6.5,-1.314,0.717
1.5,7.0,0.866,0.724
1.5,7.5,-0.032,0.732
1.5,8.0,-0.994,0.739
1.5,8.5,1.186,0.747
1.5,9.0,0.224,0.754
1.5,9.5,-0.673,0.761
1.5,10.1,1.507,0.769
1.5,10.6,0.545,0.777
1.5,11.1,-0.417,0.784
1.5,11.6,-1.378,0.791
1.5,12.1,0.866,0.799
1.5,12.6,-0.096,0.806
1.5,13.1,-1.058,0.814
1.5,13.6,1.122,0.821
1.5,14.1,0.160,0.828
1.5,14.6,-0.801,0.836
1.5,15.1,1.443,0.843
1.5,15.6,0.481,0.850
1.5,16.1,-0.481,0.858
1.5,16.6,-1.443,0.865
1.5,17.1,0.737,0.872
1.5,17.6,-0.224,0.880
1.5,18.1,-1.186,0.887
1.5,18.6,1.058,0.894
1.5,19.1,0.096,0.901
1.5,19.6,-0.866,0.909
1.5,20.1,1.314,0.916
1.5,20.6,0.353,0.923
1.5,21.1,-0.609,0.930
1.5,21.6,-1.571,0.937
1.5,22.1,0.609,0.944
1.5,22.6,-0.353,0.951
1.5,23.1,-1.314,0.958
1.5,23.6,0.866,0.965
1.5,24.1,-0.096,0.972
1.5,24.6,-1.058,0.979
1.5,25.1,1.186,0.986
1.5,25.6,0.224,0.994
1.5,26.1,-0.737,1.001
1.5,26.6,1.443,1.008
1.5,27.1,0.481,1.015
1.5,27.6,-0.481,1.022
1.5,28.1,-1.443,1.029
1.5,28.6,0.737,1.035
1.5,29.1,-0.224,1.042
1.5,29.6,-1.186,1.049
1.5,30.2,0.994,1.056
1.5,30.7,0.032,1.063
1.5,31.2,-0.930,1.070
1.5,31.7,1.250,1.076
1.5,32.2,0.224,1.083
1.5,32.7,-0.737,1.090
1.5,33.2,1.443,1.097
1.5,33.7,0.481,1.104
1.5,34.2,-0.481,1.111
1.5,34.7,-1.443,1.117
1.5,35.2,0.737,1.124
1.5,35.7,-0.224,1.131
1.5,36.2,-1.186,1.137
1.5,36.7,0.994,1.144
1.5,37.2,0.032,1.151
1.5,37.7,-0.930,1.157
1.5,38.2,1.250,1.163
1.5,38.7,0.224,1.170
1.5,39.2,-0.737,1.177
1.5,39.7,1.443,1.183
1.5,40.2,0.481,1.190
1.5,40.7,-0.481,1.196
1.5,41.2,-1.443,1.203
1.5,41.7,0.737,1.209
1.5,42.2,-0.289,1.215
1.5,42.7,-1.250,1.222
1.5,43.2,0.930,1.229
1.5,43.7,-0.032,1.235
1.5,44.2,-0.994,1.241
1.5,44.7,1.186,1.247
1.5,45.2,0.160,1.254
1.5,45.7,-0.801,1.260
1.5,46.2,1.378,1.266
1.5,46.7,0.417,1.273
1.5,47.2,-0.545,1.278
1.5,47.7,-1.571,1.285
1.5,48.2,0.609,1.291
1.5,48.7,-0.353,1.297
1.5,49.2,-1.314,1.303
1.5,49.7,0.801,1.309
1.5,50.3,-0.160,1.316
1.5,50.8,-1.122,1.322
1.5,51.3,1.058,1.328
1.5,51.8,0.032,1.334
1.5,52.3,-0.930,1.340
1.5,52.8,1.250,1.346
1.5,53.3,0.224,1.351
1.5,53.8,-0.737,1.358
1.5,54.3,1.443,1.364
1.5,54.8,0.481,1.369
1.5,55.3,-0.545,1.375
1.5,55.8,-1.507,1.381
1.5,56.3,0.673,1.387
1.5,56.8,-0.353,1.393
1.5,57.3,-1.314,1.399
1.5,57.8,0.866,1.404
1.5,58.3,-0.160,1.410
1.5,58.8,-1.122,1.416
1.5,59.3,1.058,1.421
1.5,59.8,0.032,1.427
1.5,60.3,-0.930,1.433
1.5,60.8,1.186,1.438
1.5,61.3,0.224,1.444
1.5,61.8,-0.737,1.450
1.5,62.3,1.378,1.455
1.5,62.8,0.417,1.461
1.5,63.3,-0.545,1.466
1.5,63.8,-1.571,1.472
1.5,64.3,0.609,1.477
1.5,64.8,-0.417,1.483
1.5,65.3,-1.378,1.488
1.5,65.8,0.737,1.493
1.5,66.3,-0.224,1.499
1.5,66.8,-1.186,1.504
1.5,67.3,0.930,1.510
1.5,67.8,-0.032,1.514
1.5,68.3,-1.058,1.520
1.5,68.8,1.122,1.525
1.5,69.3,0.096,1.530
1.5,69.8,-0.866,1.536
1.5,70.4,1.250,1.541
1.5,70.9,0.289,1.546
1.5,71.4,-0.737,1.551
1.5,71.9,1.443,1.556
1.5,72.4,0.417,1.561
1.5,72.9,-0.545,1.566
1.5,73.4,-1.571,1.571
1.5,73.9,0.609,1.576
1.5,74.4,-0.417,1.581
1.5,74.9,-1.378,1.586
1.5,75.4,0.737,1.591
1.5,75.9,-0.224,1.595
1.5,76.4,-1.250,1.601
1.5,76.9,0.866,1.605
1.5,77.4,-0.096,1.610
1.5,77.9,-1.122,1.615
1.5,78.4,1.058,1.620
1.5,78.9,0.032,1.625
1.5,79.4,-0.930,1.629
1.5,79.9,1.186,1.634
1.5,80.4,0.160,1.638
1.5,80.9,-0.801,1.643
1.5,81.4,1.314,1.648
1.5,81.9,0.289,1.652
1.5,82.4,-0.673,1.657
1.5,82.9,1.443,1.661
1.5,83.4,0.481,1.665
1.5,83.9,-0.545,1.670
1.5,84.4,-1.571,1.675
1.5,84.9,0.609,1.679
1.5,85.4,-0.417,1.684
1.5,85.9,-1.443,1.688
1.5,86.4,0.737,1.692
1.5,86.9,-0.289,1.697
1.5,87.4,-1.314,1.701
1.5,87.9,0.866,1.704
1.5,88.4,-0.160,1.709
1.5,88.9,-1.186,1.713
1.5,89.4,0.930,1.717
1.5,89.9,-0.032,1.722
1.5,90.5,-1.058,1.726
1.5,91.0,1.058,1.730
1.5,91.5,0.096,1.733
1.5,92.0,-0.930,1.738
1.5,92.5,1.186,1.742
1.5,93.0,0.160,1.746
1.5,93.5,-0.801,1.749
1.5,94.0,1.314,1.754
1.5,94.5,0.289,1.758
1.5,95.0,-0.737,1.761
1.5,95.5,1.378,1.764
1.5,96.0,0.417,1.769
1.5,96.5,-0.609,1.773
1.5,97.0,1.507,1.776
1.5,97.5,0.481,1.780
1.5,98.0,-0.545,1.783
1.5,98.5,-1.507,1.787
1.5,99.0,0.609,1.791
1.5,99.5,-0.417,1.795
1.5,100.0,-1.443,1.798
2.0,0.0,0.096,0.612
2.0,0.5,-0.801,0.620
2.0,1.0,1.378,0.628
2.0,1.5,0.417,0.635
2.0,2.0,-0.481,0.643
2.0,2.5,-1.443,0.651
2.0,3.0,0.737,0.658
2.0,3.5,-0.160,0.666
2.0,4.0,-1.122,0.674
2.0,4.5,1.058,0.681
2.0,5.0,0.096,0.689
2.0,5.5,-0.801,0.696
2.0,6.0,1.378,0.704
2.0,6.5,0.417,0.712
2.0,7.0,-0.545,0.719
2.0,7.5,-1.443,0.727
2.0,8.0,0.737,0.734
2.0,8.5,-0.224,0.742
2.0,9.0,-1.186,0.749
2.0,9.5,1.058,0.757
2.0,10.1,0.096,0.764
2.0,10.6,-0.866,0.772
2.0,11.1,1.314,0.779
2.0,11.6,0.353,0.786
2.0,12.1,-0.545,0.794
2.0,12.6,-1.507,0.801
2.0,13.1,0.673,0.809
2.0,13.6,-0.289,0.816
2.0,14.1,-1.250,0.823
2.0,14.6,0.994,0.831
2.0,15.1,0.032,0.838
2.0,15.6,-0.930,0.846
2.0,16.1,1.250,0.853
2.0,16.6,0.289,0.860
2.0,17.1,-0.673,0.867
2.0,17.6,1.507,0.875
2.0,18.1,0.609,0.882
2.0,18.6,-0.353,0.889
2.0,19.1,-1.314,0.897
2.0,19.6,0.866,0.904
2.0,20.1,-0.096,0.911
2.0,20.6,-1.058,0.918
2.0,21.1,1.122,0.925
2.0,21.6,0.160,0.932
2.0,22.1,-0.801,0.939
2.0,22.6,1.378,0.946
2.0,23.1,0.417,0.953
2.0,23.6,-0.481,0.961
2.0,24.1,-1.443,0.968
2.0,24.6,0.737,0.975
2.0,25.1,-0.224,0.982
2.0,25.6,-1.186,0.989
2.0,26.1,0.994,0.996
2.0,26.6,0.032,1.003
2.0,27.1,-0.930,1.010
2.0,27.6,1.250,1.017
2.0,28.1,0.289,1.024
2.0,28.6,-0.673,1.031
2.0,29.1,1.507,1.038
2.0,29.6,0.545,1.045
2.0,30.2,-0.417,1.052
2.0,30.7,-1.378,1.059
2.0,31.2,0.801,1.065
2.0,31.7,-0.160,1.072
2.0,32.2,-1.122,1.079
2.0,32.7,1.058,1.086
2.0,33.2,0.096,1.092
2.0,33.7,-0.866,1.099
2.0,34.2,1.250,1.106
2.0,34.7,0.289,1.113
2.0,35.2,-0.673,1.119
2.0,35.7,1.507,1.126
2.0,36.2,0.545,1.133
2.0,36.7,-0.417,1.140
2.0,37.2,-1.378,1.146
2.0,37.7,0.801,1.153
2.0,38.2,-0.160,1.159
2.0,38.7,-1.122,1.166
2.0,39.2,1.058,1.172
2.0,39.7,0.032,1.179
2.0,40.2,-0.930,1.185
2.0,40.7,1.250,1.192
2.0,41.2,0.289,1.199
2.0,41.7,-0.673,1.205
2.0,42.2,1.507,1.211
2.0,42.7,0.545,1.218
2.0,43.2,-0.481,1.224
2.0,43.7,-1.443,1.231
2.0,44.2,0.737,1.237
2.0,44.7,-0.224,1.243
2.0,45.2,-1.186,1.250
2.0,45.7,0.930,1.255
2.0,46.2,-0.032,1.262
2.0,46.7,-0.994,1.269
2.0,47.2,1.186,1.275
2.0,47.7,0.224,1.281
2.0,48.2,-0.801,1.287
2.0,48.7,1.378,1.293
2.0,49.2,0.417,1.300
2.0,49.7,-0.545,1.305
2.0,50.3,-1.571,1.311
2.0,50.8,0.609,1.318
2.0,51.3,-0.353,1.324
2.0,51.8,-1.314,1.330
2.0,52.3,0.801,1.336
2.0,52.8,-0.160,1.342
2.0,53.3,-1.122,1.348
2.0,53.8,1.058,1.353
2.0,54.3,0.032,1.360
2.0,54.8,-0.930,1.366
2.0,55.3,1.250,1.371
2.0,55.8,0.224,1.377
2.0,56.3,-0.737,1.383
2.0,56.8,1.443,1.389
2.0,57.3,0.417,1.395
2.0,57.8,-0.545,1.401
2.0,58.3,-1.507,1.406
2.0,58.8,0.609,1.412
2.0,59.3,-0.353,1.418
2.0,59.8,-1.314,1.423
2.0,60.3,0.801,1.429
2.0,60.8,-0.160,1.435
2.0,61.3,-1.122,1.440
2.0,61.8,0.994,1.446
2.0,62.3,0.032,1.452
2.0,62.8,-0.994,1.457
2.0,63.3,1.186,1.463
2.0,63.8,0.224,1.468
2.0,64.3,-0.801,1.474
2.0,64.8,1.378,1.479
2.0,65.3,0.353,1.484
2.0,65.8,-0.609,1.490
2.0,66.3,1.507,1.495
2.0,66.8,0.545,1.501
2.0,67.3,-0.417,1.506
2.0,67.8,-1.443,1.511
2.0,68.3,0.737,1.516
2.0,68.8,-0.289,1.522
2.0,69.3,-1.250,1.527
2.0,69.8,0.866,1.532
2.0,70.4,-0.096,1.537
2.0,70.9,-1.122,1.542
2.0,71.4,1.058,1.548
2.0,71.9,0.032,1.553
2.0,72.4,-0.930,1.558
2.0,72.9,1.186,1.563
2.0,73.4,0.224,1.568
2.0,73.9,-0.801,1.573
2.0,74.4,1.378,1.578
2.0,74.9,0.353,1.583
2.0,75.4,-0.609,1.587
2.0,75.9,1.507,1.593
2.0,76.4,0.545,1.597
2.0,76.9,-0.481,1.603
2.0,77.4,-1.507,1.607
2.0,77.9,0.673,1.612
2.0,78.4,-0.353,1.617
2.0,78.9,-1.314,1.621
2.0,79.4,0.801,1.626
2.0,79.9,-0.224,1.630
2.0,80.4,-1.186,1.636
2.0,80.9,0.930,1.640
2.0,81.4,-0.032,1.645
2.0,81.9,-1.058,1.650
2.0,82.4,1.058,1.653
2.0,82.9,0.096,1.658
2.0,83.4,-0.930,1.663
2.0,83.9,1.250,1.667
2.0,84.4,0.224,1.672
2.0,84.9,-0.801,1.676
2.0,85.4,1.378,1.680
2.0,85.9,0.353,1.685
2.0,86.4,-0.673,1.689
2.0,86.9,1.507,1.693
2.0,87.4,0.481,1.698
2.0,87.9,-0.545,1.702
2.0,88.4,-1.507,1.706
2.0,88.9,0.609,1.711
2.0,89.4,-0.417,1.715
2.0,89.9,-1.443,1.719
2.0,90.5,0.737,1.723
2.0,91.0,-0.289,1.727
2.0,91.5,-1.314,1.731
2.0,92.0,0.801,1.735
2.0,92.5,-0.160,1.739
2.0,93.0,-1.186,1.743
2.0,93.5,0.930,1.747
2.0,94.0,-0.096,1.750
2.0,94.5,-1.058,1.755
2.0,95.0,1.058,1.759
2.0,95.5,0.032,1.763
2.0,96.0,-0.994,1.766
2.0,96.5,1.186,1.770
2.0,97.0,0.160,1.774
2.0,97.5,-0.866,1.778
2.0,98.0,1.250,1.781
2.0,98.5,0.224,1.785
2.0,99.0,-0.737,1.788
2.0,99.5,1.378,1.792
2.0,100.0,0.353,1.796
2.5,0.0,-1.314,0.607
2.5,0.5,0.930,0.615
2.5,1.0,-0.032,0.623
2.5,1.5,-0.994,0.630
2.5,2.0,1.250,0.638
2.5,2.5,0.289,0.646
2.5,3.0,-0.673,0.653
2.5,3.5,1.571,0.661
2.5,4.0,0.609,0.669
2.5,4.5,-0.353,0.676
2.5,5.0,-1.314,0.684
2.5,5.5,0.930,0.691
2.5,6.0,-0.032,0.699
2.5,6.5,-0.994,0.707
2.5,7.0,1.186,0.714
2.5,7.5,0.289,0.722
2.5,8.0,-0.673,0.729
2.5,8.5,1.507,0.737
2.5,9.0,0.545,0.744
2.5,9.5,-0.353,0.752
2.5,10.1,-1.314,0.759
2.5,10.6,0.866,0.767
2.5,11.1,-0.096,0.774
2.5,11.6,-1.058,0.781
2.5,12.1,1.186,0.789
2.5,12.6,0.224,0.797
2.5,13.1,-0.737,0.804
2.5,13.6,1.443,0.811
2.5,14.1,0.481,0.818
2.5,14.6,-0.417,0.826
2.5,15.1,-1.378,0.833
2.5,15.6,0.801,0.841
2.5,16.1,-0.160,0.848
2.5,16.6,-1.122,0.855
2.5,17.1,1.058,0.862
2.5,17.6,0.160,0.870
2.5,18.1,-0.801,0.877
2.5,18.6,1.378,0.884
2.5,19.1,0.417,0.892
2.5,19.6,-0.545,0.899
2.5,20.1,-1.507,0.906
2.5,20.6,0.673,0.913
2.5,21.1,-0.289,0.920
2.5,21.6,-1.250,0.928
2.5,22.1,0.930,0.935
2.5,22.6,0.032,0.942
2.5,23.1,-0.930,0.949
2.5,23.6,1.250,0.956
2.5,24.1,0.289,0.963
2.5,24.6,-0.673,0.970
2.5,25.1,1.507,0.977
2.5,25.6,0.545,0.985
2.5,26.1,-0.417,0.992
2.5,26.6,-1.378,0.999
2.5,27.1,0.801,1.006
2.5,27.6,-0.160,1.013
2.5,28.1,-1.122,1.020
2.5,28.6,1.058,1.027
2.5,29.1,0.096,1.033
2.5,29.6,-0.866,1.040
2.5,30.2,1.314,1.047
2.5,30.7,0.353,1.054
2.5,31.2,-0.609,1.061
2.5,31.7,1.571,1.068
2.5,32.2,0.609,1.075
2.5,32.7,-0.353,1.081
2.5,33.2,-1.314,1.088
2.5,33.7,0.866,1.095
2.5,34.2,-0.096,1.102
2.5,34.7,-1.058,1.108
2.5,35.2,1.122,1.115
2.5,35.7,0.160,1.121
2.5,36.2,-0.866,1.128
2.5,36.7,1.314,1.135
2.5,37.2,0.353,1.142
2.5,37.7,-0.609,1.148
2.5,38.2,-1.571,1.155
2.5,38.7,0.609,1.162
2.5,39.2,-0.353,1.168
2.5,39.7,-1.314,1.175
2.5,40.2,0.866,1.181
2.5,40.7,-0.160,1.187
2.5,41.2,-1.122,1.194
2.5,41.7,1.058,1.201
2.5,42.2,0.096,1.207
2.5,42.7,-0.866,1.214
2.5,43.2,1.314,1.220
2.5,43.7,0.353,1.226
2.5,44.2,-0.673,1.233
2.5,44.7,1.507,1.239
2.5,45.2,0.545,1.246
2.5,45.7,-0.417,1.252
2.5,46.2,-1.378,1.258
2.5,46.7,0.737,1.264
2.5,47.2,-0.224,1.271
2.5,47.7,-1.186,1.277
2.5,48.2,0.994,1.283
2.5,48.7,0.032,1.289
2.5,49.2,-0.994,1.295
2.5,49.7,1.186,1.302
2.5,50.3,0.224,1.308
2.5,50.8,-0.737,1.313
2.5,51.3,1.378,1.320
2.5,51.8,0.417,1.326
2.5,52.3,-0.545,1.332
2.5,52.8,-1.507,1.337
2.5,53.3,0.609,1.344
2.5,53.8,-0.353,1.350
2.5,54.3,-1.314,1.356
2.5,54.8,0.801,1.362
2.5,55.3,-0.160,1.368
2.5,55.8,-1.122,1.374
2.5,56.3,0.994,1.379
2.5,56.8,0.032,1.385
2.5,57.3,-0.930,1.391
2.5,57.8,1.186,1.396
2.5,58.3,0.224,1.403
2.5,58.8,-0.737,1.408
2.5,59.3,1.378,1.414
2.5,59.8,0.417,1.420
2.5,60.3,-0.545,1.425
2.5,60.8,-1.571,1.431
2.5,61.3,0.609,1.437
2.5,61.8,-0.353,1.442
2.5,62.3,-1.378,1.448
2.5,62.8,0.801,1.454
2.5,63.3,-0.224,1.459
2.5,63.8,-1.186,1.465
2.5,64.3,0.994,1.470
2.5,64.8,-0.032,1.476
2.5,65.3,-0.994,1.481
2.5,65.8,1.122,1.486
2.5,66.3,0.160,1.492
2.5,66.8,-0.866,1.497
2.5,67.3,1.314,1.503
2.5,67.8,0.353,1.507
2.5,68.3,-0.673,1.513
2.5,68.8,1.507,1.518
2.5,69.3,0.481,1.524
2.5,69.8,-0.481,1.529
2.5,70.4,-1.507,1.534
2.5,70.9,0.673,1.539
2.5,71.4,-0.353,1.544
2.5,71.9,-1.314,1.549
2.5,72.4,0.801,1.554
2.5,72.9,-0.160,1.560
2.5,73.4,-1.186,1.565
2.5,73.9,0.994,1.570
2.5,74.4,-0.032,1.575
2.5,74.9,-0.994,1.579
2.5,75.4,1.122,1.585
2.5,75.9,0.160,1.589
2.5,76.4,-0.866,1.594
2.5,76.9,1.314,1.599
2.5,77.4,0.289,1.604
2.5,77.9,-0.737,1.608
2.5,78.4,1.443,1.614
2.5,78.9,0.417,1.618
2.5,79.4,-0.545,1.623
2.5,79.9,-1.571,1.628
2.5,80.4,0.545,1.632
2.5,80.9,-0.417,1.637
2.5,81.4,-1.443,1.642
2.5,81.9,0.737,1.646
2.5,82.4,-0.289,1.651
2.5,82.9,-1.314,1.655
2.5,83.4,0.866,1.660
2.5,83.9,-0.160,1.665
2.5,84.4,-1.122,1.668
2.5,84.9,0.994,1.673
2.5,85.4,-0.032,1.678
2.5,85.9,-0.994,1.682
2.5,86.4,1.122,1.687
2.5,86.9,0.096,1.691
2.5,87.4,-0.866,1.695
2.5,87.9,1.250,1.699
2.5,88.4,0.224,1.704
2.5,88.9,-0.801,1.707
2.5,89.4,1.378,1.712
2.5,89.9,0.353,1.716
2.5,90.5,-0.673,1.720
2.5,91.0,1.507,1.724
2.5,91.5,0.481,1.729
2.5,92.0,-0.545,1.733
2.5,92.5,-1.571,1.736
2.5,93.0,0.609,1.740
2.5,93.5,-0.417,1.745
2.5,94.0,-1.443,1.749
2.5,94.5,0.673,1.752
2.5,95.0,-0.289,1.756
2.5,95.5,-1.314,1.760
2.5,96.0,0.801,1.764
2.5,96.5,-0.224,1.768
2.5,97.0,-1.186,1.771
2.5,97.5,0.930,1.775
2.5,98.0,-0.096,1.779
2.5,98.5,-1.122,1.783
2.5,99.0,0.994,1.786
2.5,99.5,-0.032,1.789
2.5,100.0,-0.994,1.793
3.0,0.0,0.417,0.602
3.0,0.5,-0.481,0.610
3.0,1.0,-1.443,0.618
3.0,1.5,0.737,0.625
3.0,2.0,-0.160,0.633
3.0,2.5,-1.122,0.641
3.0,3.0,1.058,0.648
3.0,3.5,0.160,0.656
3.0,4.0,-0.801,0.664
3.0,4.5,1.378,0.671
3.0,5.0,0.417,0.679
3.0,5.5,-0.481,0.686
3.0,6.0,-1.443,0.694
3.0,6.5,0.737,0.702
3.0,7.0,-0.224,0.709
3.0,7.5,-1.122,0.717
3.0,8.0,1.058,0.724
3.0,8.5,0.096,0.732
3.0,9.0,-0.866,0.739
3.0,9.5,1.378,0.747
3.0,10.1,0.417,0.754
3.0,10.6,-0.545,0.762
3.0,11.1,-1.507,0.769
3.0,11.6,0.737,0.776
3.0,12.1,-0.224,0.784
3.0,12.6,-1.186,0.792
3.0,13.1,0.994,0.799
3.0,13.6,0.032,0.806
3.0,14.1,-0.866,0.813
3.0,14.6,1.314,0.821
3.0,15.1,0.353,0.829
3.0,15.6,-0.609,0.836
3.0,16.1,-1.571,0.843
3.0,16.6,0.609,0.850
3.0,17.1,-0.353,0.858
3.0,17.6,-1.250,0.865
3.0,18.1,0.930,0.872
3.0,18.6,-0.032,0.880
3.0,19.1,-0.994,0.887
3.0,19.6,1.186,0.894
3.0,20.1,0.224,0.901
3.0,20.6,-0.737,0.908
3.0,21.1,1.443,0.916
3.0,21.6,0.545,0.923
3.0,22.1,-0.417,0.930
3.0,22.6,-1.378,0.937
3.0,23.1,0.801,0.944
3.0,23.6,-0.160,0.952
3.0,24.1,-1.122,0.959
3.0,24.6,1.058,0.966
3.0,25.1,0.096,0.973
3.0,25.6,-0.866,0.980
3.0,26.1,1.314,0.987
3.0,26.6,0.353,0.994
3.0,27.1,-0.609,1.001
3.0,27.6,-1.571,1.008
3.0,28.1,0.609,1.015
3.0,28.6,-0.353,1.022
3.0,29.1,-1.314,1.029
3.0,29.6,0.866,1.036
3.0,30.2,-0.096,1.043
3.0,30.7,-1.058,1.049
3.0,31.2,1.122,1.056
3.0,31.7,0.160,1.063
3.0,32.2,-0.801,1.070
3.0,32.7,1.378,1.077
3.0,33.2,0.417,1.084
3.0,33.7,-0.545,1.091
3.0,34.2,-1.507,1.097
3.0,34.7,0.673,1.104
3.0,35.2,-0.289,1.111
3.0,35.7,-1.250,1.117
3.0,36.2,0.930,1.124
3.0,36.7,-0.032,1.130
3.0,37.2,-0.994,1.137
3.0,37.7,1.122,1.144
3.0,38.2,0.160,1.151
3.0,38.7,-0.801,1.157
3.0,39.2,1.378,1.164
3.0,39.7,0.417,1.171
3.0,40.2,-0.545,1.177
3.0,40.7,-1.507,1.183
3.0,41.2,0.673,1.190
3.0,41.7,-0.353,1.196
3.0,42.2,-1.314,1.203
3.0,42.7,0.866,1.209
3.0,43.2,-0.096,1.216
3.0,43.7,-1.058,1.222
3.0,44.2,1.122,1.228
3.0,44.7,0.096,1.234
3.0,45.2,-0.866,1.241
3.0,45.7,1.314,1.248
3.0,46.2,0.353,1.254
3.0,46.7,-0.609,1.260
3.0,47.2,1.571,1.266
3.0,47.7,0.545,1.273
3.0,48.2,-0.417,1.279
3.0,48.7,-1.378,1.285
3.0,49.2,0.801,1.291
3.0,49.7,-0.224,1.297
3.0,50.3,-1.186,1.304
3.0,50.8,0.994,1.310
3.0,51.3,0.032,1.316
3.0,51.8,-0.994,1.322
3.0,52.3,1.186,1.328
3.0,52.8,0.224,1.334
3.0,53.3,-0.737,1.340
3.0,53.8,1.378,1.346
3.0,54.3,0.417,1.352
3.0,54.8,-0.545,1.358
3.0,55.3,-1.571,1.363
3.0,55.8,0.609,1.370
3.0,56.3,-0.353,1.376
3.0,56.8,-1.314,1.381
3.0,57.3,0.801,1.387
3.0,57.8,-0.160,1.393
3.0,58.3,-1.122,1.398
3.0,58.8,0.994,1.405
3.0,59.3,0.032,1.410
3.0,59.8,-0.930,1.415
3.0,60.3,1.186,1.422
3.0,60.8,0.224,1.427
3.0,61.3,-0.801,1.433
3.0,61.8,1.378,1.439
3.0,62.3,0.417,1.444
3.0,62.8,-0.609,1.450
3.0,63.3,1.571,1.456
3.0,63.8,0.545,1.460
3.0,64.3,-0.417,1.467
3.0,64.8,-1.378,1.472
3.0,65.3,0.737,1.477
3.0,65.8,-0.224,1.483
3.0,66.3,-1.250,1.488
3.0,66.8,0.930,1.494
3.0,67.3,-0.032,1.498
3.0,67.8,-1.058,1.504
3.0,68.3,1.122,1.509
3.0,68.8,0.096,1.515
3.0,69.3,-0.866,1.520
3.0,69.8,1.250,1.525
3.0,70.4,0.289,1.531
3.0,70.9,-0.737,1.536
3.0,71.4,1.443,1.541
3.0,71.9,0.417,1.546
3.0,72.4,-0.545,1.551
3.0,72.9,-1.571,1.556
3.0,73.4,0.609,1.561
3.0,73.9,-0.417,1.566
3.0,74.4,-1.378,1.571
3.0,74.9,0.737,1.576
3.0,75.4,-0.224,1.581
3.0,75.9,-1.250,1.586
3.0,76.4,0.930,1.591
3.0,76.9,-0.096,1.596
3.0,77.4,-1.058,1.600
3.0,77.9,1.058,1.606
3.0,78.4,0.032,1.610
3.0,78.9,-0.930,1.615
3.0,79.4,1.186,1.620
3.0,79.9,0.224,1.624
3.0,80.4,-0.801,1.630
3.0,80.9,1.314,1.634
3.0,81.4,0.353,1.639
3.0,81.9,-0.673,1.643
3.0,82.4,1.507,1.648
3.0,82.9,0.481,1.653
3.0,83.4,-0.545,1.657
3.0,83.9,-1.507,1.662
3.0,84.4,0.609,1.666
3.0,84.9,-0.417,1.670
3.0,85.4,-1.378,1.675
3.0,85.9,0.737,1.679
3.0,86.4,-0.289,1.683
3.0,86.9,-1.250,1.688
3.0,87.4,0.866,1.692
3.0,87.9,-0.160,1.696
3.0,88.4,-1.122,1.701
3.0,88.9,0.994,1.705
3.0,89.4,-0.032,1.709
3.0,89.9,-0.994,1.713
3.0,90.5,1.122,1.718
3.0,91.0,0.096,1.722
3.0,91.5,-0.866,1.725
3.0,92.0,1.250,1.730
3.0,92.5,0.224,1.734
3.0,93.0,-0.801,1.738
3.0,93.5,1.378,1.742
3.0,94.0,0.353,1.746
3.0,94.5,-0.673,1.750
3.0,95.0,1.443,1.753
3.0,95.5,0.481,1.757
3.0,96.0,-0.545,1.761
3.0,96.5,-1.571,1.765
3.0,97.0,0.545,1.769
3.0,97.5,-0.481,1.772
3.0,98.0,-1.443,1.776
3.0,98.5,0.673,1.780
3.0,99.0,-0.353,1.784
3.0,99.5,-1.378,1.787
3.0,100.0,0.737,1.791
3.5,0.0,-0.994,0.597
3.5,0.5,1.250,0.605
3.5,1.0,0.289,0.613
3.5,1.5,-0.673,0.620
3.5,2.0,1.571,0.628
3.5,2.5,0.609,0.636
3.5,3.0,-0.353,0.643
3.5,3.5,-1.314,0.651
3.5,4.0,0.930,0.658
3.5,4.5,-0.032,0.666
3.5,5.0,-0.994,0.674
3.5,5.5,1.250,0.681
3.5,6.0,0.289,0.689
3.5,6.5,-0.673,0.697
3.5,7.0,1.507,0.704
3.5,7.5,0.609,0.712
3.5,8.0,-0.353,0.719
3.5,8.5,-1.314,0.727
3.5,9.0,0.866,0.734
3.5,9.5,-0.032,0.742
3.5,10.1,-0.994,0.749
3.5,10.6,1.186,0.757
3.5,11.1,0.224,0.764
3.5,11.6,-0.673,0.772
3.5,12.1,1.507,0.779
3.5,12.6,0.545,0.787
3.5,13.1,-0.417,0.794
3.5,13.6,-1.378,0.801
3.5,14.1,0.866,0.809
3.5,14.6,-0.096,0.816
3.5,15.1,-1.058,0.824
3.5,15.6,1.122,0.831
3.5,16.1,0.160,0.838
3.5,16.6,-0.801,0.845
3.5,17.1,1.443,0.853
3.5,17.6,0.481,0.860
3.5,18.1,-0.481,0.868
3.5,18.6,-1.443,0.875
3.5,19.1,0.737,0.882
3.5,19.6,-0.224,0.889
3.5,20.1,-1.186,0.896
3.5,20.6,0.994,0.904
3.5,21.1,0.096,0.911
3.5,21.6,-0.866,0.918
3.5,22.1,1.314,0.925
3.5,22.6,0.353,0.933
3.5,23.1,-0.609,0.940
3.5,23.6,1.571,0.947
3.5,24.1,0.609,0.954
3.5,24.6,-0.353,0.961
3.5,25.1,-1.314,0.968
3.5,25.6,0.866,0.975
3.5,26.1,-0.096,0.982
3.5,26.6,-1.058,0.989
3.5,27.1,1.122,0.996
3.5,27.6,0.160,1.003
3.5,28.1,-0.801,1.010
3.5,28.6,1.378,1.017
3.5,29.1,0.417,1.024
3.5,29.6,-0.545,1.031
3.5,30.2,-1.507,1.038
3.5,30.7,0.673,1.045
3.5,31.2,-0.289,1.052
3.5,31.7,-1.250,1.058
3.5,32.2,0.930,1.065
3.5,32.7,-0.032,1.072
3.5,33.2,-0.994,1.079
3.5,33.7,1.186,1.086
3.5,34.2,0.224,1.093
3.5,34.7,-0.737,1.100
3.5,35.2,1.443,1.106
3.5,35.7,0.481,1.113
3.5,36.2,-0.481,1.120
3.5,36.7,-1.443,1.126
3.5,37.2,0.737,1.133
3.5,37.7,-0.224,1.139
3.5,38.2,-1.186,1.146
3.5,38.7,0.930,1.153
3.5,39.2,-0.032,1.159
3.5,39.7,-0.994,1.166
3.5,40.2,1.186,1.173
3.5,40.7,0.224,1.179
3.5,41.2,-0.737,1.186
3.5,41.7,1.443,1.192
3.5,42.2,0.481,1.198
3.5,42.7,-0.545,1.205
3.5,43.2,-1.507,1.211
3.5,43.7,0.673,1.218
3.5,44.2,-0.289,1.224
3.5,44.7,-1.250,1.231
3.5,45.2,0.930,1.237
3.5,45.7,-0.096,1.243
3.5,46.2,-1.058,1.250
3.5,46.7,1.122,1.256
3.5,47.2,0.160,1.262
3.5,47.7,-0.801,1.268
3.5,48.2,1.314,1.274
3.5,48.7,0.353,1.281
3.5,49.2,-0.609,1.287
3.5,49.7,1.571,1.293
3.5,50.3,0.609,1.299
3.5,50.8,-0.417,1.306
3.5,51.3,-1.378,1.312
3.5,51.8,0.801,1.318
3.5,52.3,-0.160,1.323
3.5,52.8,-1.186,1.330
3.5,53.3,0.994,1.336
3.5,53.8,0.032,1.342
3.5,54.3,-0.994,1.348
3.5,54.8,1.186,1.354
3.5,55.3,0.224,1.360
3.5,55.8,-0.737,1.365
3.5,56.3,1.378,1.372
3.5,56.8,0.417,1.378
3.5,57.3,-0.545,1.383
3.5,57.8,-1.571,1.389
3.5,58.3,0.609,1.395
3.5,58.8,-0.353,1.401
3.5,59.3,-1.378,1.406
3.5,59.8,0.801,1.412
3.5,60.3,-0.160,1.418
3.5,60.8,-1.186,1.424
3.5,61.3,0.994,1.429
3.5,61.8,-0.032,1.434
3.5,62.3,-0.994,1.441
3.5,62.8,1.186,1.446
3.5,63.3,0.160,1.452
3.5,63.8,-0.801,1.457
3.5,64.3,1.378,1.462
3.5,64.8,0.353,1.468
3.5,65.3,-0.609,1.474
3.5,65.8,1.507,1.479
3.5,66.3,0.545,1.485
3.5,66.8,-0.481,1.490
3.5,67.3,-1.443,1.496
3.5,67.8,0.737,1.500
3.5,68.3,-0.289,1.506
3.5,68.8,-1.250,1.511
3.5,69.3,0.866,1.517
3.5,69.8,-0.096,1.522
3.5,70.4,-1.122,1.527
3.5,70.9,1.058,1.532
3.5,71.4,0.032,1.537
3.5,71.9,-0.930,1.543
3.5,72.4,1.186,1.548
3.5,72.9,0.224,1.553
3.5,73.4,-0.801,1.558
3.5,73.9,1.378,1.563
3.5,74.4,0.353,1.568
3.5,74.9,-0.609,1.573
3.5,75.4,1.507,1.578
3.5,75.9,0.545,1.583
3.5,76.4,-0.481,1.588
3.5,76.9,-1.443,1.593
3.5,77.4,0.673,1.598
3.5,77.9,-0.289,1.602
3.5,78.4,-1.314,1.608
3.5,78.9,0.801,1.612
3.5,79.4,-0.160,1.617
3.5,79.9,-1.186,1.622
3.5,80.4,0.994,1.626
3.5,80.9,-0.032,1.631
3.5,81.4,-1.058,1.635
3.5,81.9,1.122,1.640
3.5,82.4,0.096,1.645
3.5,82.9,-0.866,1.649
3.5,83.4,1.250,1.654
3.5,83.9,0.224,1.658
3.5,84.4,-0.737,1.663
3.5,84.9,1.378,1.668
3.5,85.4,0.353,1.672
3.5,85.9,-0.609,1.676
3.5,86.4,1.507,1.681
3.5,86.9,0.481,1.685
3.5,87.4,-0.481,1.690
3.5,87.9,-1.507,1.694
3.5,88.4,0.609,1.698
3.5,88.9,-0.353,1.702
3.5,89.4,-1.378,1.707
3.5,89.9,0.737,1.711
3.5,90.5,-0.224,1.715
3.5,91.0,-1.250,1.719
3.5,91.5,0.866,1.723
3.5,92.0,-0.160,1.727
3.5,92.5,-1.122,1.731
3.5,93.0,0.994,1.736
3.5,93.5,-0.032,1.739
3.5,94.0,-0.994,1.743
3.5,94.5,1.122,1.747
3.5,95.0,0.096,1.751
3.5,95.5,-0.930,1.755
3.5,96.0,1.186,1.758
3.5,96.5,0.224,1.763
3.5,97.0,-0.801,1.767
3.5,97.5,1.314,1.770
3.5,98.0,0.289,1.774
3.5,98.5,-0.673,1.777
3.5,99.0,1.443,1.781
3.5,99.5,0.417,1.785
3.5,100.0,-0.609,1.789
4.0,0.0,0.737,0.592
4.0,0.5,-0.160,0.599
4.0,1.0,-1.122,0.607
4.0,1.5,1.058,0.615
4.0,2.0,0.160,0.622
4.0,2.5,-0.801,0.630
4.0,3.0,1.378,0.638
4.0,3.5,0.417,0.645
4.0,4.0,-0.481,0.653
4.0,4.5,-1.443,0.661
4.0,5.0,0.737,0.669
4.0,5.5,-0.160,0.676
4.0,6.0,-1.122,0.684
4.0,6.5,1.058,0.691
4.0,7.0,0.096,0.699
4.0,7.5,-0.801,0.707
4.0,8.0,1.378,0.714
4.0,8.5,0.417,0.722
4.0,9.0,-0.545,0.729
4.0,9.5,-1.443,0.737
4.0,10.1,0.737,0.744
4.0,10.6,-0.224,0.752
4.0,11.1,-1.186,0.759
4.0,11.6,1.058,0.767
4.0,12.1,0.096,0.774
4.0,12.6,-0.866,0.782
4.0,13.1,1.314,0.789
4.0,13.6,0.353,0.796
4.0,14.1,-0.545,0.804
4.0,14.6,-1.507,0.811
4.0,15.1,0.673,0.819
4.0,15.6,-0.289,0.826
4.0,16.1,-1.250,0.833
4.0,16.6,0.930,0.840
4.0,17.1,0.032,0.848
4.0,17.6,-0.930,0.855
4.0,18.1,1.250,0.863
4.0,18.6,0.289,0.870
4.0,19.1,-0.673,0.877
4.0,19.6,1.507,0.884
4.0,20.1,0.545,0.892
4.0,20.6,-0.353,0.899
4.0,21.1,-1.314,0.906
4.0,21.6,0.866,0.913
4.0,22.1,-0.096,0.921
4.0,22.6,-1.058,0.928
4.0,23.1,1.122,0.935
4.0,23.6,0.160,0.942
4.0,24.1,-0.801,0.949
4.0,24.6,1.378,0.956
4.0,25.1,0.417,0.963
4.0,25.6,-0.545,0.970
4.0,26.1,-1.507,0.977
4.0,26.6,0.673,0.984
4.0,27.1,-0.289,0.991
4.0,27.6,-1.186,0.998
4.0,28.1,0.994,1.005
4.0,28.6,0.032,1.012
4.0,29.1,-0.930,1.019
4.0,29.6,1.250,1.026
4.0,30.2,0.289,1.033
4.0,30.7,-0.673,1.040
4.0,31.2,1.507,1.047
4.0,31.7,0.545,1.054
4.0,32.2,-0.417,1.061
4.0,32.7,-1.443,1.067
4.0,33.2,0.737,1.074
4.0,33.7,-0.224,1.081
4.0,34.2,-1.186,1.088
4.0,34.7,0.994,1.095
4.0,35.2,0.032,1.102
4.0,35.7,-0.930,1.108
4.0,36.2,1.250,1.115
4.0,36.7,0.289,1.122
4.0,37.2,-0.673,1.129
4.0,37.7,1.507,1.135
4.0,38.2,0.545,1.142
4.0,38.7,-0.417,1.148
4.0,39.2,-1.378,1.155
4.0,39.7,0.737,1.161
4.0,40.2,-0.224,1.168
4.0,40.7,-1.186,1.175
4.0,41.2,0.994,1.181
4.0,41.7,0.032,1.188
4.0,42.2,-0.930,1.194
4.0,42.7,1.250,1.201
4.0,43.2,0.289,1.207
4.0,43.7,-0.737,1.213
4.0,44.2,1.443,1.220
4.0,44.7,0.481,1.227
4.0,45.2,-0.481,1.233
4.0,45.7,-1.443,1.239
4.0,46.2,0.737,1.245
4.0,46.7,-0.289,1.252
4.0,47.2,-1.250,1.258
4.0,47.7,0.930,1.265
4.0,48.2,-0.032,1.271
4.0,48.7,-0.994,1.276
4.0,49.2,1.122,1.283
4.0,49.7,0.160,1.289
4.0,50.3,-0.801,1.296
4.0,50.8,1.378,1.301
4.0,51.3,0.353,1.308
4.0,51.8,-0.609,1.314
4.0,52.3,1.571,1.320
4.0,52.8,0.609,1.326
4.0,53.3,-0.417,1.332
4.0,53.8,-1.378,1.338
4.0,54.3,0.801,1.344
4.0,54.8,-0.160,1.349
4.0,55.3,-1.186,1.356
4.0,55.8,0.994,1.362
4.0,56.3,0.032,1.368
4.0,56.8,-0.994,1.374
4.0,57.3,1.186,1.380
4.0,57.8,0.224,1.385
4.0,58.3,-0.801,1.391
4.0,58.8,1.378,1.397
4.0,59.3,0.417,1.403
4.0,59.8,-0.609,1.408
4.0,60.3,1.571,1.414
4.0,60.8,0.609,1.420
4.0,61.3,-0.417,1.426
4.0,61.8,-1.378,1.431
4.0,62.3,0.801,1.436
4.0,62.8,-0.224,1.443
4.0,63.3,-1.186,1.448
4.0,63.8,0.930,1.453
4.0,64.3,-0.032,1.459
4.0,64.8,-0.994,1.464
4.0,65.3,1.122,1.470
4.0,65.8,0.160,1.476
4.0,66.3,-0.866,1.481
4.0,66.8,1.314,1.487
4.0,67.3,0.289,1.491
4.0,67.8,-0.673,1.497
4.0,68.3,1.507,1.502
4.0,68.8,0.481,1.508
4.0,69.3,-0.481,1.513
4.0,69.8,-1.507,1.518
4.0,70.4,0.673,1.524
4.0,70.9,-0.353,1.529
4.0,71.4,-1.314,1.534
4.0,71.9,0.801,1.539
4.0,72.4,-0.160,1.545
4.0,72.9,-1.186,1.549
4.0,73.4,0.994,1.555
4.0,73.9,-0.032,1.560
4.0,74.4,-0.994,1.565
4.0,74.9,1.122,1.570
4.0,75.4,0.160,1.575
4.0,75.9,-0.866,1.580
4.0,76.4,1.314,1.585
4.0,76.9,0.289,1.590
4.0,77.4,-0.673,1.594
4.0,77.9,1.443,1.600
4.0,78.4,0.481,1.604
4.0,78.9,-0.545,1.609
4.0,79.4,-1.571,1.613
4.0,79.9,0.609,1.619
4.0,80.4,-0.417,1.623
4.0,80.9,-1.378,1.628
4.0,81.4,0.737,1.633
4.0,81.9,-0.289,1.637
4.0,82.4,-1.250,1.642
4.0,82.9,0.866,1.647
4.0,83.4,-0.096,1.651
4.0,83.9,-1.122,1.656
4.0,84.4,0.994,1.660
4.0,84.9,0.032,1.664
4.0,85.4,-0.994,1.669
4.0,85.9,1.122,1.673
4.0,86.4,0.160,1.678
4.0,86.9,-0.866,1.682
4.0,87.4,1.250,1.686
4.0,87.9,0.289,1.691
4.0,88.4,-0.737,1.695
4.0,88.9,1.378,1.699
4.0,89.4,0.417,1.704
4.0,89.9,-0.609,1.708
4.0,90.5,1.507,1.712
4.0,91.0,0.545,1.716
4.0,91.5,-0.481,1.721
4.0,92.0,-1.507,1.725
4.0,92.5,0.609,1.728
4.0,93.0,-0.353,1.733
4.0,93.5,-1.378,1.737
4.0,94.0,0.737,1.741
4.0,94.5,-0.289,1.744
4.0,95.0,-1.250,1.748
4.0,95.5,0.866,1.753
4.0,96.0,-0.160,1.756
4.0,96.5,-1.186,1.760
4.0,97.0,0.994,1.764
4.0,97.5,-0.032,1.768
4.0,98.0,-1.058,1.772
4.0,98.5,1.058,1.775
4.0,99.0,0.032,1.778
4.0,99.5,-0.930,1.782
4.0,100.0,1.186,1.786
4.5,0.0,-0.673,0.587
4.5,0.5,1.507,0.594
4.5,1.0,0.609,0.602
4.5,1.5,-0.353,0.610
4.5,2.0,-1.314,0.617
4.5,2.5,0.930,0.625
4.5,3.0,-0.032,0.633
4.5,3.5,-0.994,0.640
4.5,4.0,1.250,0.648
4.5,4.5,0.289,0.656
4.5,5.0,-0.673,0.663
4.5,5.5,1.571,0.671
4.5,6.0,0.609,0.679
4.5,6.5,-0.353,0.686
4.5,7.0,-1.314,0.694
4.5,7.5,0.930,0.702
4.5,8.0,-0.032,0.709
4.5,8.5,-0.994,0.717
4.5,9.0,1.250,0.724
4.5,9.5,0.289,0.732
4.5,10.1,-0.673,0.739
4.5,10.6,1.507,0.747
4.5,11.1,0.545,0.754
4.5,11.6,-0.353,0.762
4.5,12.1,-1.314,0.769
4.5,12.6,0.866,0.777
4.5,13.1,-0.096,0.784
4.5,13.6,-0.994,0.791
4.5,14.1,1.186,0.799
4.5,14.6,0.224,0.806
4.5,15.1,-0.737,0.814
4.5,15.6,1.443,0.821
4.5,16.1,0.481,0.828
4.5,16.6,-0.417,0.836
4.5,17.1,-1.378,0.843
4.5,17.6,0.801,0.851
4.5,18.1,-0.160,0.858
4.5,18.6,-1.122,0.865
4.5,19.1,1.058,0.872
4.5,19.6,0.096,0.879
4.5,20.1,-0.801,0.887
4.5,20.6,1.378,0.894
4.5,21.1,0.417,0.901
4.5,21.6,-0.545,0.909
4.5,22.1,-1.507,0.916
4.5,22.6,0.673,0.923
4.5,23.1,-0.289,0.930
4.5,23.6,-1.250,0.937
4.5,24.1,0.930,0.944
4.5,24.6,-0.032,0.951
4.5,25.1,-0.994,0.958
4.5,25.6,1.250,0.965
4.5,26.1,0.289,0.973
4.5,26.6,-0.673,0.980
4.5,27.1,1.507,0.987
4.5,27.6,0.545,0.994
4.5,28.1,-0.417,1.001
4.5,28.6,-1.378,1.008
4.5,29.1,0.801,1.015
4.5,29.6,-0.160,1.022
4.5,30.2,-1.122,1.029
4.5,30.7,1.058,1.036
4.5,31.2,0.096,1.043
4.5,31.7,-0.866,1.050
4.5,32.2,1.314,1.056
4.5,32.7,0.353,1.063
4.5,33.2,-0.609,1.070
4.5,33.7,1.571,1.077
4.5,34.2,0.609,1.083
4.5,34.7,-0.353,1.090
4.5,35.2,-1.378,1.097
4.5,35.7,0.801,1.104
4.5,36.2,-0.160,1.111
4.5,36.7,-1.122,1.117
4.5,37.2,1.058,1.124
4.5,37.7,0.096,1.131
4.5,38.2,-0.866,1.138
4.5,38.7,1.314,1.144
4.5,39.2,0.353,1.151
4.5,39.7,-0.609,1.157
4.5,40.2,1.571,1.164
4.5,40.7,0.609,1.170
4.5,41.2,-0.417,1.177
4.5,41.7,-1.378,1.183
4.5,42.2,0.801,1.190
4.5,42.7,-0.160,1.197
4.5,43.2,-1.122,1.203
4.5,43.7,1.058,1.209
4.5,44.2,0.096,1.216
4.5,44.7,-0.930,1.222
4.5,45.2,1.250,1.229
4.5,45.7,0.289,1.235
4.5,46.2,-0.673,1.241
4.5,46.7,1.507,1.248
4.5,47.2,0.481,1.254
4.5,47.7,-0.481,1.260
4.5,48.2,-1.443,1.267
4.5,48.7,0.737,1.273
4.5,49.2,-0.224,1.279
4.5,49.7,-1.250,1.285
4.5,50.3,0.930,1.291
4.5,50.8,-0.032,1.298
4.5,51.3,-0.994,1.304
4.5,51.8,1.122,1.309
4.5,52.3,0.160,1.316
4.5,52.8,-0.801,1.322
4.5,53.3,1.378,1.328
4.5,53.8,0.353,1.334
4.5,54.3,-0.609,1.340
4.5,54.8,1.571,1.346
4.5,55.3,0.609,1.352
4.5,55.8,-0.417,1.358
4.5,56.3,-1.378,1.364
4.5,56.8,0.801,1.370
4.5,57.3,-0.224,1.375
4.5,57.8,-1.186,1.382
4.5,58.3,0.994,1.387
4.5,58.8,-0.032,1.393
4.5,59.3,-0.994,1.399
4.5,59.8,1.186,1.405
4.5,60.3,0.160,1.410
4.5,60.8,-0.801,1.416
4.5,61.3,1.378,1.422
4.5,61.8,0.353,1.427
4.5,62.3,-0.609,1.433
4.5,62.8,1.571,1.438
4.5,63.3,0.545,1.444
4.5,63.8,-0.417,1.450
4.5,64.3,-1.443,1.455
4.5,64.8,0.737,1.461
4.5,65.3,-0.224,1.466
4.5,65.8,-1.250,1.472
4.5,66.3,0.930,1.478
4.5,66.8,-0.096,1.483
4.5,67.3,-1.058,1.488
4.5,67.8,1.122,1.493
4.5,68.3,0.096,1.499
4.5,68.8,-0.866,1.504
4.5,69.3,1.250,1.510
4.5,69.8,0.289,1.515
4.5,70.4,-0.737,1.520
4.5,70.9,1.443,1.526
4.5,71.4,0.417,1.531
4.5,71.9,-0.545,1.536
4.5,72.4,-1.571,1.541
4.5,72.9,0.609,1.546
4.5,73.4,-0.417,1.551
4.5,73.9,-1.378,1.557
4.5,74.4,0.737,1.561
4.5,74.9,-0.224,1.567
4.5,75.4,-1.250,1.571
4.5,75.9,0.930,1.577
4.5,76.4,-0.096,1.581
4.5,76.9,-1.058,1.586
4.5,77.4,1.058,1.591
4.5,77.9,0.096,1.596
4.5,78.4,-0.930,1.601
4.5,78.9,1.250,1.605
4.5,79.4,0.224,1.611
4.5,79.9,-0.801,1.615
4.5,80.4,1.378,1.620
4.5,80.9,0.353,1.625
4.5,81.4,-0.609,1.629
4.5,81.9,1.507,1.634
4.5,82.4,0.481,1.639
4.5,82.9,-0.481,1.644
4.5,83.4,-1.507,1.648
4.5,83.9,0.673,1.652
4.5,84.4,-0.353,1.657
4.5,84.9,-1.378,1.662
4.5,85.4,0.801,1.666
4.5,85.9,-0.224,1.671
4.5,86.4,-1.250,1.675
4.5,86.9,0.930,1.679
4.5,87.4,-0.096,1.684
4.5,87.9,-1.122,1.688
4.5,88.4,1.058,1.692
4.5,88.9,0.032,1.697
4.5,89.4,-0.994,1.701
4.5,89.9,1.186,1.705
4.5,90.5,0.160,1.710
4.5,91.0,-0.866,1.714
4.5,91.5,1.314,1.717
4.5,92.0,0.289,1.722
4.5,92.5,-0.737,1.726
4.5,93.0,1.378,1.730
4.5,93.5,0.417,1.734
4.5,94.0,-0.609,1.738
4.5,94.5,1.507,1.742
4.5,95.0,0.481,1.746
4.5,95.5,-0.481,1.750
4.5,96.0,-1.507,1.754
4.5,96.5,0.609,1.758
4.5,97.0,-0.417,1.761
4.5,97.5,-1.378,1.765
4.5,98.0,0.737,1.769
4.5,98.5,-0.289,1.773
4.5,99.0,-1.314,1.777
4.5,99.5,0.801,1.780
4.5,100.0,-0.160,1.783
5.0,0.0,1.058,0.582
5.0,0.5,0.096,0.589
5.0,1.0,-0.801,0.597
5.0,1.5,1.378,0.605
5.0,2.0,0.417,0.612
5.0,2.5,-0.481,0.620
5.0,3.0,-1.443,0.628
5.0,3.5,0.737,0.635
5.0,4.0,-0.160,0.643
5.0,4.5,-1.122,0.651
5.0,5.0,1.058,0.658
5.0,5.5,0.160,0.666
5.0,6.0,-0.801,0.674
5.0,6.5,1.378,0.681
5.0,7.0,0.417,0.689
5.0,7.5,-0.481,0.696
5.0,8.0,-1.443,0.704
5.0,8.5,0.737,0.712
5.0,9.0,-0.160,0.719
5.0,9.5,-1.122,0.727
5.0,10.1,1.058,0.734
5.0,10.6,0.096,0.742
5.0,11.1,-0.866,0.749
5.0,11.6,1.378,0.757
5.0,12.1,0.417,0.764
5.0,12.6,-0.545,0.772
5.0,13.1,-1.507,0.779
5.0,13.6,0.737,0.786
5.0,14.1,-0.224,0.794
5.0,14.6,-1.186,0.802
5.0,15.1,0.994,0.809
5.0,15.6,0.032,0.816
5.0,16.1,-0.930,0.823
5.0,16.6,1.314,0.831
5.0,17.1,0.353,0.838
5.0,17.6,-0.609,0.846
5.0,18.1,-1.571,0.853
5.0,18.6,0.609,0.860
5.0,19.1,-0.353,0.867
5.0,19.6,-1.250,0.875
5.0,20.1,0.930,0.882
5.0,20.6,-0.032,0.889
5.0,21.1,-0.994,0.897
5.0,21.6,1.186,0.904
5.0,22.1,0.224,0.911
5.0,22.6,-0.737,0.918
5.0,23.1,1.443,0.925
5.0,23.6,0.481,0.932
5.0,24.1,-0.481,0.939
5.0,24.6,-1.378,0.946
5.0,25.1,0.801,0.954
5.0,25.6,-0.160,0.961
5.0,26.1,-1.122,0.968
5.0,26.6,1.058,0.975
5.0,27.1,0.096,0.982
5.0,27.6,-0.866,0.989
5.0,28.1,1.314,0.996
5.0,28.6,0.353,1.003
5.0,29.1,-0.609,1.010
5.0,29.6,1.571,1.017
5.0,30.2,0.609,1.024
5.0,30.7,-0.353,1.031
5.0,31.2,-1.314,1.038
5.0,31.7,0.866,1.045
5.0,32.2,-0.096,1.052
5.0,32.7,-1.058,1.059
5.0,33.2,1.122,1.066
5.0,33.7,0.160,1.072
5.0,34.2,-0.801,1.079
5.0,34.7,1.378,1.086
5.0,35.2,0.417,1.093
5.0,35.7,-0.545,1.099
5.0,36.2,-1.507,1.106
5.0,36.7,0.673,1.113
5.0,37.2,-0.353,1.119
5.0,37.7,-1.314,1.126
5.0,38.2,0.866,1.133
5.0,38.7,-0.096,1.140
5.0,39.2,-1.058,1.146
5.0,39.7,1.122,1.153
5.0,40.2,0.160,1.160
5.0,40.7,-0.801,1.166
5.0,41.2,1.378,1.173
5.0,41.7,0.417,1.179
5.0,42.2,-0.609,1.185
5.0,42.7,-1.571,1.192
5.0,43.2,0.609,1.199
5.0,43.7,-0.353,1.205
5.0,44.2,-1.314,1.212
5.0,44.7,0.866,1.218
5.0,45.2,-0.096,1.224
5.0,45.7,-1.122,1.231
5.0,46.2,1.058,1.237
5.0,46.7,0.096,1.244
5.0,47.2,-0.866,1.250
5.0,47.7,1.314,1.256
5.0,48.2,0.289,1.262
5.0,48.7,-0.673,1.269
5.0,49.2,1.507,1.275
5.0,49.7,0.545,1.281
5.0,50.3,-0.417,1.287
5.0,50.8,-1.443,1.293
5.0,51.3,0.737,1.300
5.0,51.8,-0.224,1.306
5.0,52.3,-1.186,1.312
5.0,52.8,0.930,1.318
5.0,53.3,-0.032,1.324
5.0,53.8,-0.994,1.330
5.0,54.3,1.186,1.336
5.0,54.8,0.160,1.342
5.0,55.3,-0.801,1.348
5.0,55.8,1.378,1.354
5.0,56.3,0.353,1.360
5.0,56.8,-0.609,1.366
5.0,57.3,1.571,1.372
5.0,57.8,0.545,1.377
5.0,58.3,-0.417,1.384
5.0,58.8,-1.378,1.389
5.0,59.3,0.737,1.395
5.0,59.8,-0.224,1.401
5.0,60.3,-1.186,1.407
5.0,60.8,0.930,1.412
5.0,61.3,-0.032,1.418
5.0,61.8,-0.994,1.424
5.0,62.3,1.122,1.429
5.0,62.8,0.160,1.435
5.0,63.3,-0.801,1.441
5.0,63.8,1.314,1.446
5.0,64.3,0.353,1.452
5.0,64.8,-0.673,1.457
5.0,65.3,1.507,1.463
5.0,65.8,0.545,1.468
5.0,66.3,-0.481,1.474
5.0,66.8,-1.443,1.479
5.0,67.3,0.673,1.484
5.0,67.8,-0.289,1.490
5.0,68.3,-1.250,1.495
5.0,68.8,0.866,1.501
5.0,69.3,-0.096,1.506
5.0,69.8,-1.122,1.512
5.0,70.4,1.058,1.517
5.0,70.9,0.032,1.522
5.0,71.4,-0.930,1.527
5.0,71.9,1.186,1.532
5.0,72.4,0.224,1.538
5.0,72.9,-0.801,1.543
5.0,73.4,1.378,1.548
5.0,73.9,0.353,1.553
5.0,74.4,-0.609,1.558
5.0,74.9,1.507,1.563
5.0,75.4,0.545,1.568
5.0,75.9,-0.481,1.573
5.0,76.4,-1.443,1.578
5.0,76.9,0.673,1.583
5.0,77.4,-0.289,1.588
5.0,77.9,-1.314,1.593
5.0,78.4,0.866,1.598
5.0,78.9,-0.160,1.603
5.0,79.4,-1.186,1.607
5.0,79.9,0.994,1.612
5.0,80.4,-0.032,1.617
5.0,80.9,-0.994,1.622
5.0,81.4,1.122,1.627
5.0,81.9,0.160,1.631
5.0,82.4,-0.866,1.636
5.0,82.9,1.250,1.640
5.0,83.4,0.289,1.645
5.0,83.9,-0.737,1.650
5.0,84.4,1.443,1.654
5.0,84.9,0.417,1.659
5.0,85.4,-0.609,1.663
5.0,85.9,1.571,1.667
5.0,86.4,0.545,1.672
5.0,86.9,-0.481,1.676
5.0,87.4,-1.443,1.681
5.0,87.9,0.673,1.685
5.0,88.4,-0.353,1.689
5.0,88.9,-1.314,1.694
5.0,89.4,0.801,1.698
5.0,89.9,-0.224,1.702
5.0,90.5,-1.186,1.706
5.0,91.0,0.930,1.711
5.0,91.5,-0.096,1.715
5.0,92.0,-1.122,1.719
5.0,92.5,1.058,1.723
5.0,93.0,0.032,1.728
5.0,93.5,-0.994,1.731
5.0,94.0,1.186,1.735
5.0,94.5,0.160,1.740
5.0,95.0,-0.866,1.744
5.0,95.5,1.250,1.747
5.0,96.0,0.289,1.751
5.0,96.5,-0.737,1.755
5.0,97.0,1.378,1.759
5.0,97.5,0.353,1.763
5.0,98.0,-0.673,1.766
5.0,98.5,1.507,1.770
5.0,99.0,0.481,1.774
5.0,99.5,-0.545,1.778
5.0,100.0,-1.571,1.781
5.5,0.0,-0.353,0.576
5.5,0.5,-1.314,0.584
5.5,1.0,0.930,0.592
5.5,1.5,-0.032,0.600
5.5,2.0,-0.994,0.607
5.5,2.5,1.250,0.615
5.5,3.0,0.289,0.623
5.5,3.5,-0.673,0.630
5.5,4.0,1.571,0.638
5.5,4.5,0.609,0.646
5.5,5.0,-0.353,0.653
5.5,5.5,-1.250,0.661
5.5,6.0,0.930,0.669
5.5,6.5,-0.032,0.676
5.5,7.0,-0.994,0.684
5.5,7.5,1.250,0.691
5.5,8.0,0.289,0.699
5.5,8.5,-0.673,0.707
5.5,9.0,1.571,0.714
5.5,9.5,0.609,0.722
5.5,10.1,-0.353,0.729
5.5,10.6,-1.314,0.737
5.5,11.1,0.930,0.744
5.5,11.6,-0.032,0.752
5.5,12.1,-0.994,0.759
5.5,12.6,1.186,0.767
5.5,13.1,0.224,0.774
5.5,13.6,-0.673,0.782
5.5,14.1,1.507,0.789
5.5,14.6,0.545,0.797
5.5,15.1,-0.417,0.804
5.5,15.6,-1.378,0.811
5.5,16.1,0.866,0.818
5.5,16.6,-0.096,0.826
5.5,17.1,-1.058,0.834
5.5,17.6,1.122,0.841
5.5,18.1,0.160,0.848
5.5,18.6,-0.801,0.855
5.5,19.1,1.378,0.862
5.5,19.6,0.481,0.870
5.5,20.1,-0.481,0.877
5.5,20.6,-1.443,0.885
5.5,21.1,0.737,0.892
5.5,21.6,-0.224,0.899
5.5,22.1,-1.186,0.906
5.5,22.6,0.994,0.913
5.5,23.1,0.032,0.920
5.5,23.6,-0.930,0.927
5.5,24.1,1.314,0.935
5.5,24.6,0.353,0.942
5.5,25.1,-0.609,0.949
5.5,25.6,1.571,0.956
5.5,26.1,0.609,0.963
5.5,26.6,-0.353,0.971
5.5,27.1,-1.314,0.978
5.5,27.6,0.866,0.985
5.5,28.1,-0.096,0.992
5.5,28.6,-1.058,0.999
5.5,29.1,1.122,1.006
5.5,29.6,0.160,1.013
5.5,30.2,-0.801,1.020
5.5,30.7,1.378,1.027
5.5,31.2,0.417,1.034
5.5,31.7,-0.545,1.040
5.5,32.2,-1.507,1.047
5.5,32.7,0.673,1.054
5.5,33.2,-0.289,1.061
5.5,33.7,-1.250,1.068
5.5,34.2,0.930,1.075
5.5,34.7,-0.032,1.082
5.5,35.2,-0.994,1.088
5.5,35.7,1.186,1.095
5.5,36.2,0.224,1.102
5.5,36.7,-0.737,1.109
5.5,37.2,1.443,1.115
5.5,37.7,0.481,1.122
5.5,38.2,-0.481,1.128
5.5,38.7,-1.507,1.135
5.5,39.2,0.673,1.142
5.5,39.7,-0.289,1.149
5.5,40.2,-1.250,1.155
5.5,40.7,0.930,1.162
5.5,41.2,-0.032,1.168
5.5,41.7,-0.994,1.175
5.5,42.2,1.186,1.181
5.5,42.7,0.224,1.188
5.5,43.2,-0.801,1.194
5.5,43.7,1.378,1.201
5.5,44.2,0.417,1.207
5.5,44.7,-0.545,1.214
5.5,45.2,-1.507,1.220
5.5,45.7,0.673,1.226
5.5,46.2,-0.353,1.233
5.5,46.7,-1.314,1.239
5.5,47.2,0.866,1.246
5.5,47.7,-0.096,1.252
5.5,48.2,-1.058,1.258
5.5,48.7,1.122,1.264
5.5,49.2,0.096,1.271
5.5,49.7,-0.866,1.277
5.5,50.3,1.314,1.283
5.5,50.8,0.353,1.289
5.5,51.3,-0.673,1.295
5.5,51.8,1.507,1.302
5.5,52.3,0.545,1.308
5.5,52.8,-0.417,1.314
5.5,53.3,-1.443,1.320
5.5,53.8,0.737,1.326
5.5,54.3,-0.224,1.332
5.5,54.8,-1.186,1.338
5.5,55.3,0.930,1.344
5.5,55.8,-0.032,1.350
5.5,56.3,-0.994,1.356
5.5,56.8,1.122,1.362
5.5,57.3,0.160,1.368
5.5,57.8,-0.801,1.374
5.5,58.3,1.378,1.379
5.5,58.8,0.353,1.386
5.5,59.3,-0.609,1.391
5.5,59.8,1.571,1.397
5.5,60.3,0.545,1.403
5.5,60.8,-0.417,1.409
5.5,61.3,-1.378,1.414
5.5,61.8,0.737,1.420
5.5,62.3,-0.224,1.426
5.5,62.8,-1.250,1.431
5.5,63.3,0.930,1.437
5.5,63.8,-0.032,1.443
5.5,64.3,-1.058,1.448
5.5,64.8,1.122,1.454
5.5,65.3,0.160,1.459
5.5,65.8,-0.866,1.465
5.5,66.3,1.314,1.470
5.5,66.8,0.289,1.476
5.5,67.3,-0.673,1.481
5.5,67.8,1.443,1.486
5.5,68.3,0.481,1.492
5.5,68.8,-0.481,1.497
5.5,69.3,-1.507,1.503
5.5,69.8,0.673,1.508
5.5,70.4,-0.353,1.513
5.5,70.9,-1.314,1.519
5.5,71.4,0.801,1.524
5.5,71.9,-0.160,1.529
5.5,72.4,-1.186,1.534
5.5,72.9,0.994,1.540
5.5,73.4,-0.032,1.544
5.5,73.9,-0.994,1.550
5.5,74.4,1.122,1.554
5.5,74.9,0.160,1.560
5.5,75.4,-0.866,1.565
5.5,75.9,1.314,1.570
5.5,76.4,0.289,1.575
5.5,76.9,-0.673,1.580
5.5,77.4,1.443,1.585
5.5,77.9,0.481,1.590
5.5,78.4,-0.545,1.595
5.5,78.9,-1.507,1.599
5.5,79.4,0.609,1.604
5.5,79.9,-0.417,1.609
5.5,80.4,-1.378,1.614
5.5,80.9,0.737,1.618
5.5,81.4,-0.224,1.623
5.5,81.9,-1.250,1.628
5.5,82.4,0.930,1.632
5.5,82.9,-0.096,1.638
5.5,83.4,-1.122,1.642
5.5,83.9,1.058,1.647
5.5,84.4,0.032,1.651
5.5,84.9,-0.994,1.655
5.5,85.4,1.186,1.660
5.5,85.9,0.160,1.665
5.5,86.4,-0.801,1.669
5.5,86.9,1.314,1.674
5.5,87.4,0.289,1.678
5.5,87.9,-0.673,1.682
5.5,88.4,1.443,1.687
5.5,88.9,0.417,1.691
5.5,89.4,-0.545,1.695
5.5,89.9,1.571,1.700
5.5,90.5,0.545,1.704
5.5,91.0,-0.417,1.708
5.5,91.5,-1.443,1.712
5.5,92.0,0.673,1.717
5.5,92.5,-0.353,1.720
5.5,93.0,-1.314,1.725
5.5,93.5,0.801,1.729
5.5,94.0,-0.224,1.733
5.5,94.5,-1.250,1.736
5.5,95.0,0.930,1.741
5.5,95.5,-0.096,1.745
5.5,96.0,-1.122,1.749
5.5,96.5,0.994,1.752
5.5,97.0,0.032,1.756
5.5,97.5,-0.994,1.761
5.5,98.0,1.122,1.764
5.5,98.5,0.096,1.768
5.5,99.0,-0.866,1.771
5.5,99.5,1.250,1.775
5.5,100.0,0.224,1.779
6.0,0.0,1.378,0.571
6.0,0.5,0.417,0.579
6.0,1.0,-0.481,0.587
6.0,1.5,-1.443,0.595
6.0,2.0,0.737,0.602
6.0,2.5,-0.160,0.610
6.0,3.0,-1.122,0.618
6.0,3.5,1.058,0.625
6.0,4.0,0.160,0.633
6.0,4.5,-0.801,0.641
6.0,5.0,1.378,0.648
6.0,5.5,0.481,0.656
6.0,6.0,-0.481,0.664
6.0,6.5,-1.443,0.671
6.0,7.0,0.737,0.679
6.0,7.5,-0.160,0.686
6.0,8.0,-1.122,0.694
6.0,8.5,1.058,0.702
6.0,9.0,0.160,0.709
6.0,9.5,-0.801,0.717
6.0,10.1,1.378,0.724
6.0,10.6,0.417,0.732
6.0,11.1,-0.481,0.739
6.0,11.6,-1.443,0.747
6.0,12.1,0.737,0.754
6.0,12.6,-0.224,0.762
6.0,13.1,-1.186,0.769
6.0,13.6,1.058,0.777
6.0,14.1,0.096,0.784
6.0,14.6,-0.866,0.792
6.0,15.1,1.314,0.799
6.0,15.6,0.353,0.806
6.0,16.1,-0.545,0.814
6.0,16.6,-1.507,0.821
6.0,17.1,0.673,0.829
6.0,17.6,-0.289,0.836
6.0,18.1,-1.250,0.843
6.0,18.6,0.930,0.850
6.0,19.1,0.032,0.858
6.0,19.6,-0.930,0.865
6.0,20.1,1.250,0.873
6.0,20.6,0.289,0.880
6.0,21.1,-0.673,0.887
6.0,21.6,1.507,0.894
6.0,22.1,0.545,0.901
6.0,22.6,-0.417,0.908
6.0,23.1,-1.314,0.916
6.0,23.6,0.866,0.923
6.0,24.1,-0.096,0.930
6.0,24.6,-1.058,0.937
6.0,25.1,1.122,0.945
6.0,25.6,0.160,0.952
6.0,26.1,-0.801,0.959
6.0,26.6,1.378,0.966
6.0,27.1,0.417,0.973
6.0,27.6,-0.545,0.980
6.0,28.1,-1.507,0.987
6.0,28.6,0.673,0.994
6.0,29.1,-0.289,1.001
6.0,29.6,-1.250,1.008
6.0,30.2,0.930,1.015
6.0,30.7,-0.032,1.022
6.0,31.2,-0.994,1.029
6.0,31.7,1.186,1.036
6.0,32.2,0.224,1.043
6.0,32.7,-0.737,1.050
6.0,33.2,1.443,1.056
6.0,33.7,0.481,1.063
6.0,34.2,-0.481,1.070
6.0,34.7,-1.443,1.077
6.0,35.2,0.737,1.084
6.0,35.7,-0.224,1.091
6.0,36.2,-1.186,1.097
6.0,36.7,0.994,1.104
6.0,37.2,0.032,1.111
6.0,37.7,-0.930,1.118
6.0,38.2,1.250,1.124
6.0,38.7,0.289,1.131
6.0,39.2,-0.673,1.137
6.0,39.7,1.507,1.144
6.0,40.2,0.481,1.151
6.0,40.7,-0.481,1.157
6.0,41.2,-1.443,1.164
6.0,41.7,0.737,1.171
6.0,42.2,-0.224,1.177
6.0,42.7,-1.186,1.184
6.0,43.2,0.994,1.190
6.0,43.7,0.032,1.196
6.0,44.2,-0.994,1.203
6.0,44.7,1.186,1.210
6.0,45.2,0.224,1.216
6.0,45.7,-0.737,1.223
6.0,46.2,1.443,1.229
6.0,46.7,0.481,1.235
6.0,47.2,-0.545,1.241
6.0,47.7,-1.507,1.248
6.0,48.2,0.673,1.254
6.0,48.7,-0.289,1.260
6.0,49.2,-1.250,1.266
6.0,49.7,0.866,1.273
6.0,50.3,-0.096,1.279
6.0,50.8,-1.058,1.285
6.0,51.3,1.122,1.292
6.0,51.8,0.160,1.297
6.0,52.3,-0.866,1.304
6.0,52.8,1.314,1.310
6.0,53.3,0.353,1.316
6.0,53.8,-0.609,1.322
6.0,54.3,1.507,1.328
6.0,54.8,0.545,1.334
6.0,55.3,-0.417,1.340
6.0,55.8,-1.443,1.346
6.0,56.3,0.737,1.352
6.0,56.8,-0.224,1.358
6.0,57.3,-1.186,1.364
6.0,57.8,0.930,1.370
6.0,58.3,-0.032,1.376
6.0,58.8,-0.994,1.381
6.0,59.3,1.122,1.387
6.0,59.8,0.160,1.393
6.0,60.3,-0.801,1.399
6.0,60.8,1.314,1.405
6.0,61.3,0.353,1.411
6.0,61.8,-0.609,1.416
6.0,62.3,1.507,1.422
6.0,62.8,0.545,1.428
6.0,63.3,-0.417,1.433
6.0,63.8,-1.443,1.439
6.0,64.3,0.737,1.445
6.0,64.8,-0.289,1.450
6.0,65.3,-1.250,1.456
6.0,65.8,0.930,1.461
6.0,66.3,-0.096,1.467
6.0,66.8,-1.058,1.472
6.0,67.3,1.058,1.477
6.0,67.8,0.096,1.483
6.0,68.3,-0.866,1.488
6.0,68.8,1.250,1.494
6.0,69.3,0.289,1.499
6.0,69.8,-0.737,1.505
6.0,70.4,1.443,1.510
6.0,70.9,0.417,1.515
6.0,71.4,-0.545,1.520
6.0,71.9,-1.571,1.525
6.0,72.4,0.609,1.531
6.0,72.9,-0.417,1.536
6.0,73.4,-1.378,1.541
6.0,73.9,0.737,1.546
6.0,74.4,-0.224,1.552
6.0,74.9,-1.250,1.556
6.0,75.4,0.930,1.562
6.0,75.9,-0.096,1.566
6.0,76.4,-1.058,1.572
6.0,76.9,1.058,1.576
6.0,77.4,0.096,1.582
6.0,77.9,-0.930,1.586
6.0,78.4,1.250,1.591
6.0,78.9,0.224,1.596
6.0,79.4,-0.737,1.601
6.0,79.9,1.378,1.606
6.0,80.4,0.353,1.610
6.0,80.9,-0.609,1.616
6.0,81.4,1.507,1.620
6.0,81.9,0.545,1.625
6.0,82.4,-0.481,1.630
6.0,82.9,-1.443,1.634
6.0,83.4,0.673,1.639
6.0,83.9,-0.353,1.643
6.0,84.4,-1.314,1.648
6.0,84.9,0.801,1.653
6.0,85.4,-0.224,1.657
6.0,85.9,-1.186,1.662
6.0,86.4,0.930,1.666
6.0,86.9,-0.032,1.670
6.0,87.4,-1.058,1.675
6.0,87.9,1.058,1.680
6.0,88.4,0.096,1.684
6.0,88.9,-0.930,1.688
6.0,89.4,1.186,1.693
6.0,89.9,0.224,1.696
6.0,90.5,-0.801,1.701
6.0,91.0,1.314,1.705
6.0,91.5,0.289,1.709
6.0,92.0,-0.673,1.714
6.0,92.5,1.443,1.718
6.0,93.0,0.417,1.722
6.0,93.5,-0.545,1.726
6.0,94.0,1.571,1.730
6.0,94.5,0.545,1.734
6.0,95.0,-0.481,1.738
6.0,95.5,-1.443,1.742
6.0,96.0,0.673,1.746
6.0,96.5,-0.353,1.750
6.0,97.0,-1.378,1.754
6.0,97.5,0.801,1.758
6.0,98.0,-0.224,1.762
6.0,98.5,-1.250,1.766
6.0,99.0,0.866,1.769
6.0,99.5,-0.096,1.772
6.0,100.0,-1.122,1.777
6.5,0.0,-0.032,0.566
6.5,0.5,-0.994,0.574
6.5,1.0,1.250,0.581
6.5,1.5,0.289,0.589
6.5,2.0,-0.673,0.597
6.5,2.5,1.571,0.605
6.5,3.0,0.609,0.613
6.5,3.5,-0.353,0.620
6.5,4.0,-1.250,0.628
6.5,4.5,0.930,0.636
6.5,5.0,-0.032,0.643
6.5,5.5,-0.930,0.651
6.5,6.0,1.250,0.659
6.5,6.5,0.289,0.666
6.5,7.0,-0.673,0.673
6.5,7.5,1.571,0.681
6.5,8.0,0.609,0.689
6.5,8.5,-0.353,0.696
6.5,9.0,-1.250,0.704
6.5,9.5,0.930,0.712
6.5,10.1,-0.032,0.719
6.5,10.6,-0.994,0.727
6.5,11.1,1.250,0.734
6.5,11.6,0.289,0.742
6.5,12.1,-0.673,0.749
6.5,12.6,1.507,0.757
6.5,13.1,0.545,0.764
6.5,13.6,-0.353,0.772
6.5,14.1,-1.314,0.779
6.5,14.6,0.866,0.787
6.5,15.1,-0.096,0.794
6.5,15.6,-0.994,0.801
6.5,16.1,1.186,0.809
6.5,16.6,0.224,0.816
6.5,17.1,-0.737,0.824
6.5,17.6,1.443,0.831
6.5,18.1,0.481,0.838
6.5,18.6,-0.417,0.845
6.5,19.1,-1.378,0.853
6.5,19.6,0.801,0.860
6.5,20.1,-0.160,0.868
6.5,20.6,-1.122,0.875
6.5,21.1,1.058,0.882
6.5,21.6,0.096,0.889
6.5,22.1,-0.866,0.896
6.5,22.6,1.378,0.904
6.5,23.1,0.417,0.911
6.5,23.6,-0.545,0.918
6.5,24.1,-1.507,0.926
6.5,24.6,0.673,0.933
6.5,25.1,-0.289,0.940
6.5,25.6,-1.250,0.947
6.5,26.1,0.930,0.954
6.5,26.6,-0.032,0.961
6.5,27.1,-0.994,0.968
6.5,27.6,1.186,0.975
6.5,28.1,0.224,0.982
6.5,28.6,-0.737,0.989
6.5,29.1,1.443,0.996
6.5,29.6,0.481,1.003
6.5,30.2,-0.481,1.010
6.5,30.7,-1.443,1.017
6.5,31.2,0.737,1.024
6.5,31.7,-0.160,1.031
6.5,32.2,-1.122,1.038
6.5,32.7,0.994,1.045
6.5,33.2,0.032,1.052
6.5,33.7,-0.930,1.058
6.5,34.2,1.250,1.065
6.5,34.7,0.289,1.072
6.5,35.2,-0.673,1.079
6.5,35.7,1.507,1.086
6.5,36.2,0.545,1.093
6.5,36.7,-0.417,1.100
6.5,37.2,-1.378,1.106
6.5,37.7,0.801,1.113
6.5,38.2,-0.160,1.120
6.5,38.7,-1.122,1.127
6.5,39.2,1.058,1.133
6.5,39.7,0.096,1.140
6.5,40.2,-0.866,1.146
6.5,40.7,1.314,1.153
6.5,41.2,0.289,1.159
6.5,41.7,-0.673,1.166
6.5,42.2,1.507,1.173
6.5,42.7,0.545,1.179
6.5,43.2,-0.417,1.186
6.5,43.7,-1.378,1.192
6.5,44.2,0.801,1.199
6.5,44.7,-0.160,1.205
6.5,45.2,-1.186,1.211
6.5,45.7,0.994,1.218
6.5,46.2,0.032,1.225
6.5,46.7,-0.930,1.231
6.5,47.2,1.250,1.237
6.5,47.7,0.289,1.243
6.5,48.2,-0.737,1.250
6.5,48.7,1.443,1.256
6.5,49.2,0.481,1.263
6.5,49.7,-0.481,1.269
6.5,50.3,-1.443,1.275
6.5,50.8,0.673,1.281
6.5,51.3,-0.289,1.288
6.5,51.8,-1.250,1.294
6.5,52.3,0.930,1.300
6.5,52.8,-0.096,1.306
6.5,53.3,-1.058,1.312
6.5,53.8,1.122,1.318
6.5,54.3,0.160,1.324
6.5,54.8,-0.866,1.330
6.5,55.3,1.314,1.336
6.5,55.8,0.353,1.342
6.5,56.3,-0.609,1.348
6.5,56.8,1.507,1.354
6.5,57.3,0.545,1.360
6.5,57.8,-0.417,1.366
6.5,58.3,-1.443,1.372
6.5,58.8,0.737,1.378
6.5,59.3,-0.224,1.384
6.5,59.8,-1.250,1.389
6.5,60.3,0.930,1.395
6.5,60.8,-0.032,1.401
6.5,61.3,-1.058,1.407
6.5,61.8,1.122,1.413
6.5,62.3,0.160,1.418
6.5,62.8,-0.866,1.424
6.5,63.3,1.314,1.430
6.5,63.8,0.353,1.435
6.5,64.3,-0.673,1.441
6.5,64.8,1.507,1.447
6.5,65.3,0.481,1.452
6.5,65.8,-0.481,1.458
6.5,66.3,-1.443,1.463
6.5,66.8,0.673,1.469
6.5,67.3,-0.289,1.474
6.5,67.8,-1.314,1.479
6.5,68.3,0.866,1.485
6.5,68.8,-0.096,1.490
6.5,69.3,-1.122,1.496
6.5,69.8,1.058,1.501
6.5,70.4,0.032,1.506
6.5,70.9,-0.930,1.512
6.5,71.4,1.186,1.517
6.5,71.9,0.224,1.522
6.5,72.4,-0.801,1.527
6.5,72.9,1.378,1.533
6.5,73.4,0.353,1.537
6.5,73.9,-0.609,1.543
6.5,74.4,1.507,1.548
6.5,74.9,0.545,1.553
6.5,75.4,-0.481,1.558
6.5,75.9,-1.443,1.563
6.5,76.4,0.673,1.568
6.5,76.9,-0.289,1.573
6.5,77.4,-1.314,1.578
6.5,77.9,0.866,1.583
6.5,78.4,-0.160,1.588
6.5,78.9,-1.122,1.593
6.5,79.4,0.994,1.598
6.5,79.9,0.032,1.602
6.5,80.4,-0.994,1.608
6.5,80.9,1.122,1.612
6.5,81.4,0.160,1.617
6.5,81.9,-0.866,1.622
6.5,82.4,1.314,1.627
6.5,82.9,0.289,1.631
6.5,83.4,-0.673,1.635
6.5,83.9,1.443,1.641
6.5,84.4,0.417,1.645
6.5,84.9,-0.545,1.650
6.5,85.4,-1.571,1.655
6.5,85.9,0.545,1.658
6.5,86.4,-0.417,1.663
6.5,86.9,-1.443,1.668
6.5,87.4,0.737,1.672
6.5,87.9,-0.289,1.677
6.5,88.4,-1.314,1.681
6.5,88.9,0.866,1.685
6.5,89.4,-0.160,1.690
6.5,89.9,-1.186,1.694
6.5,90.5,0.994,1.698
6.5,91.0,-0.032,1.703
6.5,91.5,-1.058,1.707
6.5,92.0,1.058,1.711
6.5,92.5,0.096,1.715
6.5,93.0,-0.930,1.720
6.5,93.5,1.186,1.723
6.5,94.0,0.224,1.727
6.5,94.5,-0.801,1.732
6.5,95.0,1.314,1.736
6.5,95.5,0.289,1.739
6.5,96.0,-0.673,1.743
6.5,96.5,1.443,1.748
6.5,97.0,0.417,1.752
6.5,97.5,-0.609,1.755
6.5,98.0,1.571,1.759
6.5,98.5,0.545,1.763
6.5,99.0,-0.481,1.767
6.5,99.5,-1.507,1.771
6.5,100.0,0.609,1.774
7.0,0.0,-1.443,0.561
7.0,0.5,0.737,0.569
7.0,1.0,-0.160,0.576
7.0,1.5,-1.122,0.584
7.0,2.0,1.058,0.592
7.0,2.5,0.160,0.599
7.0,3.0,-0.801,0.607
7.0,3.5,1.378,0.615
7.0,4.0,0.481,0.623
7.0,4.5,-0.481,0.630
7.0,5.0,-1.443,0.638
7.0,5.5,0.801,0.646
7.0,6.0,-0.160,0.653
7.0,6.5,-1.122,0.661
7.0,7.0,1.058,0.668
7.0,7.5,0.160,0.676
7.0,8.0,-0.801,0.684
7.0,8.5,1.378,0.691
7.0,9.0,0.481,0.699
7.0,9.5,-0.481,0.707
7.0,10.1,-1.443,0.714
7.0,10.6,0.737,0.722
7.0,11.1,-0.160,0.729
7.0,11.6,-1.122,0.737
7.0,12.1,1.058,0.744
7.0,12.6,0.096,0.752
7.0,13.1,-0.801,0.759
7.0,13.6,1.378,0.767
7.0,14.1,0.417,0.774
7.0,14.6,-0.545,0.782
7.0,15.1,-1.507,0.789
7.0,15.6,0.737,0.796
7.0,16.1,-0.224,0.804
7.0,16.6,-1.186,0.811
7.0,17.1,0.994,0.819
7.0,17.6,0.032,0.826
7.0,18.1,-0.930,0.833
7.0,18.6,1.314,0.841
7.0,19.1,0.353,0.848
7.0,19.6,-0.609,0.856
7.0,20.1,-1.571,0.863
7.0,20.6,0.609,0.870
7.0,21.1,-0.353,0.877
7.0,21.6,-1.314,0.884
7.0,22.1,0.930,0.892
7.0,22.6,-0.032,0.899
7.0,23.1,-0.994,0.906
7.0,23.6,1.186,0.914
7.0,24.1,0.224,0.921
7.0,24.6,-0.737,0.928
7.0,25.1,1.443,0.935
7.0,25.6,0.481,0.942
7.0,26.1,-0.481,0.949
7.0,26.6,-1.443,0.956
7.0,27.1,0.737,0.963
7.0,27.6,-0.224,0.970
7.0,28.1,-1.122,0.977
7.0,28.6,1.058,0.984
7.0,29.1,0.096,0.991
7.0,29.6,-0.866,0.999
7.0,30.2,1.314,1.006
7.0,30.7,0.353,1.013
7.0,31.2,-0.609,1.020
7.0,31.7,1.571,1.027
7.0,32.2,0.609,1.033
7.0,32.7,-0.353,1.040
7.0,33.2,-1.314,1.047
7.0,33.7,0.866,1.054
7.0,34.2,-0.096,1.061
7.0,34.7,-1.058,1.068
7.0,35.2,1.122,1.074
7.0,35.7,0.160,1.081
7.0,36.2,-0.866,1.088
7.0,36.7,1.314,1.095
7.0,37.2,0.353,1.102
7.0,37.7,-0.609,1.109
7.0,38.2,-1.571,1.115
7.0,38.7,0.609,1.122
7.0,39.2,-0.353,1.129
7.0,39.7,-1.314,1.136
7.0,40.2,0.866,1.142
7.0,40.7,-0.096,1.149
7.0,41.2,-1.058,1.155
7.0,41.7,1.122,1.162
7.0,42.2,0.096,1.168
7.0,42.7,-0.866,1.175
7.0,43.2,1.314,1.182
7.0,43.7,0.353,1.188
7.0,44.2,-0.609,1.195
7.0,44.7,1.571,1.201
7.0,45.2,0.609,1.207
7.0,45.7,-0.353,1.213
7.0,46.2,-1.378,1.220
7.0,46.7,0.801,1.227
7.0,47.2,-0.160,1.233
7.0,47.7,-1.122,1.240
7.0,48.2,1.058,1.246
7.0,48.7,0.032,1.252
7.0,49.2,-0.930,1.258
7.0,49.7,1.250,1.265
7.0,50.3,0.289,1.271
7.0,50.8,-0.673,1.277
7.0,51.3,1.443,1.283
7.0,51.8,0.481,1.290
7.0,52.3,-0.481,1.296
7.0,52.8,-1.443,1.302
7.0,53.3,0.673,1.308
7.0,53.8,-0.289,1.314
7.0,54.3,-1.250,1.320
7.0,54.8,0.930,1.326
7.0,55.3,-0.096,1.332
7.0,55.8,-1.058,1.338
7.0,56.3,1.122,1.344
7.0,56.8,0.160,1.350
7.0,57.3,-0.866,1.356
7.0,57.8,1.314,1.362
7.0,58.3,0.353,1.368
7.0,58.8,-0.673,1.374
7.0,59.3,1.507,1.380
7.0,59.8,0.545,1.386
7.0,60.3,-0.481,1.391
7.0,60.8,-1.443,1.397
7.0,61.3,0.737,1.403
7.0,61.8,-0.289,1.408
7.0,62.3,-1.250,1.415
7.0,62.8,0.930,1.420
7.0,63.3,-0.096,1.426
7.0,63.8,-1.058,1.432
7.0,64.3,1.122,1.437
7.0,64.8,0.096,1.443
7.0,65.3,-0.866,1.448
7.0,65.8,1.250,1.453
7.0,66.3,0.289,1.460
7.0,66.8,-0.673,1.465
7.0,67.3,1.443,1.470
7.0,67.8,0.481,1.476
7.0,68.3,-0.545,1.481
7.0,68.8,-1.507,1.487
7.0,69.3,0.673,1.492
7.0,69.8,-0.353,1.498
7.0,70.4,-1.314,1.503
7.0,70.9,0.801,1.508
7.0,71.4,-0.160,1.514
7.0,71.9,-1.186,1.519
7.0,72.4,0.994,1.524
7.0,72.9,-0.032,1.529
7.0,73.4,-0.994,1.535
7.0,73.9,1.122,1.539
7.0,74.4,0.160,1.545
7.0,74.9,-0.866,1.549
7.0,75.4,1.314,1.555
7.0,75.9,0.289,1.560
7.0,76.4,-0.673,1.565
7.0,76.9,1.443,1.570
7.0,77.4,0.481,1.575
7.0,77.9,-0.545,1.580
7.0,78.4,-1.507,1.585
7.0,78.9,0.609,1.590
7.0,79.4,-0.353,1.595
7.0,79.9,-1.378,1.600
7.0,80.4,0.801,1.604
7.0,80.9,-0.224,1.609
7.0,81.4,-1.250,1.614
7.0,81.9,0.930,1.619
7.0,82.4,-0.096,1.623
7.0,82.9,-1.058,1.628
7.0,83.4,1.058,1.633
7.0,83.9,0.096,1.637
7.0,84.4,-0.930,1.642
7.0,84.9,1.186,1.647
7.0,85.4,0.224,1.651
7.0,85.9,-0.801,1.656
7.0,86.4,1.314,1.660
7.0,86.9,0.353,1.665
7.0,87.4,-0.673,1.670
7.0,87.9,1.443,1.673
7.0,88.4,0.481,1.678
7.0,88.9,-0.545,1.683
7.0,89.4,-1.571,1.686
7.0,89.9,0.609,1.691
7.0,90.5,-0.417,1.696
7.0,91.0,-1.443,1.699
7.0,91.5,0.737,1.704
7.0,92.0,-0.289,1.708
7.0,92.5,-1.314,1.712
7.0,93.0,0.866,1.716
7.0,93.5,-0.160,1.721
7.0,94.0,-1.186,1.725
7.0,94.5,0.994,1.728
7.0,95.0,-0.032,1.733
7.0,95.5,-1.058,1.737
7.0,96.0,1.058,1.741
7.0,96.5,0.096,1.744
7.0,97.0,-0.930,1.749
7.0,97.5,1.186,1.753
7.0,98.0,0.160,1.757
7.0,98.5,-0.866,1.760
7.0,99.0,1.314,1.764
7.0,99.5,0.289,1.768
7.0,100.0,-0.737,1.772
7.5,0.0,0.289,0.556
7.5,0.5,-0.673,0.563
7.5,1.0,1.571,0.571
7.5,1.5,0.609,0.579
7.5,2.0,-0.353,0.587
7.5,2.5,-1.250,0.594
7.5,3.0,0.930,0.602
7.5,3.5,-0.032,0.610
7.5,4.0,-0.930,0.617
7.5,4.5,1.250,0.625
7.5,5.0,0.289,0.633
7.5,5.5,-0.609,0.640
7.5,6.0,1.571,0.648
7.5,6.5,0.609,0.656
7.5,7.0,-0.353,0.663
7.5,7.5,-1.250,0.671
7.5,8.0,0.930,0.679
7.5,8.5,-0.032,0.686
7.5,9.0,-0.930,0.694
7.5,9.5,1.250,0.702
7.5,10.1,0.289,0.709
7.5,10.6,-0.673,0.717
7.5,11.1,1.571,0.724
7.5,11.6,0.609,0.732
7.5,12.1,-0.353,0.739
7.5,12.6,-1.314,0.747
7.5,13.1,0.930,0.754
7.5,13.6,-0.032,0.762
7.5,14.1,-0.994,0.769
7.5,14.6,1.186,0.777
7.5,15.1,0.224,0.784
7.5,15.6,-0.673,0.791
7.5,16.1,1.507,0.799
7.5,16.6,0.545,0.807
7.5,17.1,-0.417,0.814
7.5,17.6,-1.378,0.821
7.5,18.1,0.866,0.828
7.5,18.6,-0.096,0.836
7.5,19.1,-1.058,0.843
7.5,19.6,1.122,0.851
7.5,20.1,0.160,0.858
7.5,20.6,-0.801,0.865
7.5,21.1,1.378,0.872
7.5,21.6,0.481,0.879
7.5,22.1,-0.481,0.887
7.5,22.6,-1.443,0.894
7.5,23.1,0.737,0.902
7.5,23.6,-0.224,0.909
7.5,24.1,-1.186,0.916
7.5,24.6,0.994,0.923
7.5,25.1,0.032,0.930
7.5,25.6,-0.930,0.937
7.5,26.1,1.250,0.944
7.5,26.6,0.289,0.951
7.5,27.1,-0.609,0.959
7.5,27.6,1.571,0.966
7.5,28.1,0.609,0.973
7.5,28.6,-0.353,0.980
7.5,29.1,-1.314,0.987
7.5,29.6,0.866,0.994
7.5,30.2,-0.096,1.001
7.5,30.7,-1.058,1.008
7.5,31.2,1.122,1.015
7.5,31.7,0.160,1.022
7.5,32.2,-0.801,1.029
7.5,32.7,1.378,1.036
7.5,33.2,0.417,1.043
7.5,33.7,-0.545,1.050
7.5,34.2,-1.507,1.057
7.5,34.7,0.673,1.063
7.5,35.2,-0.289,1.070
7.5,35.7,-1.250,1.077
7.5,36.2,0.930,1.084
7.5,36.7,-0.032,1.091
7.5,37.2,-0.994,1.097
7.5,37.7,1.186,1.104
7.5,38.2,0.160,1.111
7.5,38.7,-0.801,1.117
7.5,39.2,1.378,1.124
7.5,39.7,0.417,1.131
7.5,40.2,-0.545,1.138
7.5,40.7,-1.507,1.144
7.5,41.2,0.673,1.151
7.5,41.7,-0.289,1.158
7.5,42.2,-1.250,1.164
7.5,42.7,0.930,1.170
7.5,43.2,-0.032,1.177
7.5,43.7,-1.058,1.184
7.5,44.2,1.122,1.190
7.5,44.7,0.160,1.197
7.5,45.2,-0.801,1.203
7.5,45.7,1.378,1.210
7.5,46.2,0.417,1.216
7.5,46.7,-0.609,1.222
7.5,47.2,-1.571,1.229
7.5,47.7,0.609,1.235
7.5,48.2,-0.353,1.242
7.5,48.7,-1.314,1.248
7.5,49.2,0.866,1.254
7.5,49.7,-0.160,1.260
7.5,50.3,-1.122,1.267
7.5,50.8,1.058,1.273
7.5,51.3,0.096,1.279
7.5,51.8,-0.866,1.285
7.5,52.3,1.250,1.292
7.5,52.8,0.289,1.298
7.5,53.3,-0.673,1.304
7.5,53.8,1.507,1.310
7.5,54.3,0.481,1.316
7.5,54.8,-0.481,1.322
7.5,55.3,-1.443,1.328
7.5,55.8,0.737,1.334
7.5,56.3,-0.289,1.340
7.5,56.8,-1.250,1.346
7.5,57.3,0.930,1.352
7.5,57.8,-0.096,1.358
7.5,58.3,-1.058,1.364
7.5,58.8,1.122,1.370
7.5,59.3,0.096,1.375
7.5,59.8,-0.866,1.382
7.5,60.3,1.314,1.388
7.5,60.8,0.353,1.393
7.5,61.3,-0.673,1.399
7.5,61.8,1.507,1.405
7.5,62.3,0.545,1.410
7.5,62.8,-0.481,1.417
7.5,63.3,-1.443,1.422
7.5,63.8,0.673,1.427
7.5,64.3,-0.289,1.434
7.5,64.8,-1.250,1.439
7.5,65.3,0.866,1.445
7.5,65.8,-0.096,1.450
7.5,66.3,-1.058,1.455
7.5,66.8,1.058,1.461
7.5,67.3,0.096,1.467
7.5,67.8,-0.930,1.472
7.5,68.3,1.250,1.478
7.5,68.8,0.224,1.483
7.5,69.3,-0.737,1.489
7.5,69.8,1.443,1.494
7.5,70.4,0.417,1.499
7.5,70.9,-0.545,1.505
7.5,71.4,-1.571,1.510
7.5,71.9,0.609,1.515
7.5,72.4,-0.417,1.520
7.5,72.9,-1.378,1.526
7.5,73.4,0.737,1.531
7.5,73.9,-0.224,1.536
7.5,74.4,-1.250,1.541
7.5,74.9,0.930,1.547
7.5,75.4,-0.096,1.551
7.5,75.9,-1.058,1.557
7.5,76.4,1.058,1.561
7.5,76.9,0.096,1.567
7.5,77.4,-0.930,1.571
7.5,77.9,1.250,1.577
7.5,78.4,0.224,1.582
7.5,78.9,-0.737,1.587
7.5,79.4,1.378,1.592
7.5,79.9,0.417,1.596
7.5,80.4,-0.609,1.601
7.5,80.9,1.571,1.606
7.5,81.4,0.545,1.611
7.5,81.9,-0.481,1.615
7.5,82.4,-1.443,1.621
7.5,82.9,0.673,1.625
7.5,83.4,-0.289,1.630
7.5,83.9,-1.314,1.635
7.5,84.4,0.801,1.639
7.5,84.9,-0.160,1.644
7.5,85.4,-1.186,1.648
7.5,85.9,0.994,1.653
7.5,86.4,-0.032,1.658
7.5,86.9,-1.058,1.662
7.5,87.4,1.122,1.666
7.5,87.9,0.096,1.671
7.5,88.4,-0.930,1.675
7.5,88.9,1.250,1.680
7.5,89.4,0.224,1.684
7.5,89.9,-0.801,1.688
7.5,90.5,1.378,1.693
7.5,91.0,0.353,1.697
7.5,91.5,-0.673,1.701
7.5,92.0,1.507,1.705
7.5,92.5,0.481,1.710
7.5,93.0,-0.545,1.714
7.5,93.5,-1.507,1.718
7.5,94.0,0.609,1.722
7.5,94.5,-0.417,1.726
7.5,95.0,-1.443,1.730
7.5,95.5,0.737,1.734
7.5,96.0,-0.289,1.739
7.5,96.5,-1.314,1.742
7.5,97.0,0.801,1.746
7.5,97.5,-0.160,1.750
7.5,98.0,-1.186,1.754
7.5,98.5,0.930,1.758
7.5,99.0,-0.096,1.761
7.5,99.5,-1.058,1.765
7.5,100.0,1.058,1.770
8.0,0.0,-1.122,0.550
8.0,0.5,1.058,0.558
8.0,1.0,0.096,0.566
8.0,1.5,-0.801,0.574
8.0,2.0,1.378,0.582
8.0,2.5,0.481,0.589
8.0,3.0,-0.481,0.597
8.0,3.5,-1.443,0.605
8.0,4.0,0.801,0.612
8.0,4.5,-0.160,0.620
8.0,5.0,-1.122,0.628
8.0,5.5,1.122,0.635
8.0,6.0,0.160,0.643
8.0,6.5,-0.801,0.651
8.0,7.0,1.378,0.658
8.0,7.5,0.481,0.666
8.0,8.0,-0.481,0.674
8.0,8.5,-1.443,0.681
8.0,9.0,0.801,0.689
8.0,9.5,-0.160,0.697
8.0,10.1,-1.122,0.704
8.0,10.6,1.058,0.712
8.0,11.1,0.160,0.719
8.0,11.6,-0.801,0.727
8.0,12.1,1.378,0.734
8.0,12.6,0.417,0.742
8.0,13.1,-0.481,0.749
8.0,13.6,-1.443,0.757
8.0,14.1,0.737,0.764
8.0,14.6,-0.224,0.772
8.0,15.1,-1.186,0.779
8.0,15.6,1.058,0.787
8.0,16.1,0.096,0.794
8.0,16.6,-0.866,0.802
8.0,17.1,1.314,0.809
8.0,17.6,0.353,0.816
8.0,18.1,-0.545,0.824
8.0,18.6,-1.507,0.831
8.0,19.1,0.673,0.838
8.0,19.6,-0.289,0.846
8.0,20.1,-1.250,0.853
8.0,20.6,0.930,0.860
8.0,21.1,0.032,0.867
8.0,21.6,-0.930,0.875
8.0,22.1,1.250,0.882
8.0,22.6,0.289,0.890
8.0,23.1,-0.673,0.897
8.0,23.6,1.507,0.904
8.0,24.1,0.545,0.911
8.0,24.6,-0.417,0.918
8.0,25.1,-1.378,0.925
8.0,25.6,0.801,0.932
8.0,26.1,-0.096,0.940
8.0,26.6,-1.058,0.947
8.0,27.1,1.122,0.954
8.0,27.6,0.160,0.961
8.0,28.1,-0.801,0.968
8.0,28.6,1.378,0.975
8.0,29.1,0.417,0.982
8.0,29.6,-0.545,0.990
8.0,30.2,-1.507,0.997
8.0,30.7,0.673,1.004
8.0,31.2,-0.289,1.011
8.0,31.7,-1.250,1.018
8.0,32.2,0.930,1.024
8.0,32.7,-0.032,1.031
8.0,33.2,-0.994,1.038
8.0,33.7,1.186,1.045
8.0,34.2,0.224,1.052
8.0,34.7,-0.737,1.059
8.0,35.2,1.443,1.066
8.0,35.7,0.481,1.073
8.0,36.2,-0.481,1.079
8.0,36.7,-1.443,1.086
8.0,37.2,0.737,1.093
8.0,37.7,-0.224,1.100
8.0,38.2,-1.186,1.106
8.0,38.7,0.994,1.113
8.0,39.2,0.032,1.120
8.0,39.7,-0.994,1.126
8.0,40.2,1.186,1.133
8.0,40.7,0.224,1.140
8.0,41.2,-0.737,1.147
8.0,41.7,1.443,1.153
8.0,42.2,0.481,1.160
8.0,42.7,-0.481,1.166
8.0,43.2,-1.443,1.173
8.0,43.7,0.737,1.179
8.0,44.2,-0.224,1.186
8.0,44.7,-1.250,1.192
8.0,45.2,0.930,1.199
8.0,45.7,-0.032,1.206
8.0,46.2,-0.994,1.212
8.0,46.7,1.186,1.218
8.0,47.2,0.224,1.224
8.0,47.7,-0.801,1.231
8.0,48.2,1.378,1.237
8.0,48.7,0.417,1.244
8.0,49.2,-0.545,1.250
8.0,49.7,-1.507,1.256
8.0,50.3,0.609,1.262
8.0,50.8,-0.353,1.269
8.0,51.3,-1.314,1.275
8.0,51.8,0.866,1.281
8.0,52.3,-0.096,1.287
8.0,52.8,-1.122,1.293
8.0,53.3,1.058,1.300
8.0,53.8,0.096,1.306
8.0,54.3,-0.866,1.312
8.0,54.8,1.250,1.318
8.0,55.3,0.289,1.324
8.0,55.8,-0.673,1.330
8.0,56.3,1.507,1.336
8.0,56.8,0.481,1.342
8.0,57.3,-0.481,1.348
8.0,57.8,-1.443,1.354
8.0,58.3,0.673,1.360
8.0,58.8,-0.289,1.366
8.0,59.3,-1.250,1.372
8.0,59.8,0.930,1.378
8.0,60.3,-0.096,1.384
8.0,60.8,-1.058,1.390
8.0,61.3,1.122,1.395
8.0,61.8,0.096,1.401
8.0,62.3,-0.866,1.407
8.0,62.8,1.314,1.412
8.0,63.3,0.289,1.418
8.0,63.8,-0.673,1.424
8.0,64.3,1.443,1.429
8.0,64.8,0.481,1.435
8.0,65.3,-0.481,1.441
8.0,65.8,-1.507,1.446
8.0,66.3,0.673,1.452
8.0,66.8,-0.289,1.457
8.0,67.3,-1.314,1.463
8.0,67.8,0.866,1.469
8.0,68.3,-0.160,1.474
8.0,68.8,-1.122,1.480
8.0,69.3,1.058,1.485
8.0,69.8,0.032,1.491
8.0,70.4,-0.930,1.496
8.0,70.9,1.186,1.501
8.0,71.4,0.224,1.507
8.0,71.9,-0.801,1.512
8.0,72.4,1.378,1.517
8.0,72.9,0.353,1.522
8.0,73.4,-0.609,1.528
8.0,73.9,1.507,1.532
8.0,74.4,0.545,1.538
8.0,74.9,-0.481,1.543
8.0,75.4,-1.443,1.548
8.0,75.9,0.673,1.553
8.0,76.4,-0.289,1.559
8.0,76.9,-1.314,1.563
8.0,77.4,0.866,1.569
8.0,77.9,-0.160,1.573
8.0,78.4,-1.122,1.579
8.0,78.9,0.994,1.583
8.0,79.4,0.032,1.588
8.0,79.9,-0.994,1.593
8.0,80.4,1.186,1.598
8.0,80.9,0.160,1.603
8.0,81.4,-0.801,1.607
8.0,81.9,1.314,1.613
8.0,82.4,0.289,1.617
8.0,82.9,-0.673,1.622
8.0,83.4,1.443,1.627
8.0,83.9,0.481,1.631
8.0,84.4,-0.545,1.636
8.0,84.9,-1.571,1.640
8.0,85.4,0.609,1.645
8.0,85.9,-0.417,1.650
8.0,86.4,-1.378,1.654
8.0,86.9,0.737,1.659
8.0,87.4,-0.289,1.663
8.0,87.9,-1.250,1.668
8.0,88.4,0.866,1.673
8.0,88.9,-0.160,1.676
8.0,89.4,-1.122,1.681
8.0,89.9,0.994,1.686
8.0,90.5,-0.032,1.690
8.0,91.0,-0.994,1.694
8.0,91.5,1.122,1.699
8.0,92.0,0.096,1.703
8.0,92.5,-0.866,1.707
8.0,93.0,1.250,1.711
8.0,93.5,0.224,1.715
8.0,94.0,-0.737,1.719
8.0,94.5,1.378,1.724
8.0,95.0,0.353,1.728
8.0,95.5,-0.673,1.731
8.0,96.0,1.507,1.735
8.0,96.5,0.481,1.740
8.0,97.0,-0.545,1.744
8.0,97.5,-1.571,1.747
8.0,98.0,0.609,1.751
8.0,98.5,-0.417,1.756
8.0,99.0,-1.443,1.759
8.0,99.5,0.673,1.763
8.0,100.0,-0.289,1.766
8.5,0.0,0.609,0.545
8.5,0.5,-0.353,0.553
8.5,1.0,-1.314,0.561
8.5,1.5,0.930,0.569
8.5,2.0,-0.032,0.576
8.5,2.5,-0.930,0.584
8.5,3.0,1.250,0.592
8.5,3.5,0.289,0.600
8.5,4.0,-0.609,0.607
8.5,4.5,1.571,0.615
8.5,5.0,0.609,0.623
8.5,5.5,-0.289,0.630
8.5,6.0,-1.250,0.638
8.5,6.5,0.930,0.646
8.5,7.0,-0.032,0.653
8.5,7.5,-0.930,0.661
8.5,8.0,1.250,0.669
8.5,8.5,0.289,0.676
8.5,9.0,-0.609,0.684
8.5,9.5,1.571,0.692
8.5,10.1,0.609,0.699
8.5,10.6,-0.353,0.706
8.5,11.1,-1.250,0.714
8.5,11.6,0.930,0.722
8.5,12.1,-0.032,0.729
8.5,12.6,-0.994,0.737
8.5,13.1,1.250,0.744
8.5,13.6,0.289,0.752
8.5,14.1,-0.673,0.759
8.5,14.6,1.507,0.767
8.5,15.1,0.609,0.774
8.5,15.6,-0.353,0.782
8.5,16.1,-1.314,0.789
8.5,16.6,0.866,0.797
8.5,17.1,-0.096,0.804
8.5,17.6,-1.058,0.811
8.5,18.1,1.186,0.819
8.5,18.6,0.224,0.826
8.5,19.1,-0.737,0.834
8.5,19.6,1.443,0.841
8.5,20.1,0.481,0.848
8.5,20.6,-0.481,0.855
8.5,21.1,-1.378,0.863
8.5,21.6,0.801,0.870
8.5,22.1,-0.160,0.877
8.5,22.6,-1.122,0.885
8.5,23.1,1.058,0.892
8.5,23.6,0.096,0.899
8.5,24.1,-0.866,0.906
8.5,24.6,1.314,0.913
8.5,25.1,0.417,0.920
8.5,25.6,-0.545,0.928
8.5,26.1,-1.507,0.935
8.5,26.6,0.673,0.942
8.5,27.1,-0.289,0.949
8.5,27.6,-1.250,0.957
8.5,28.1,0.930,0.964
8.5,28.6,-0.032,0.971
8.5,29.1,-0.994,0.978
8.5,29.6,1.186,0.985
8.5,30.2,0.224,0.992
8.5,30.7,-0.737,0.999
8.5,31.2,1.443,1.006
8.5,31.7,0.481,1.013
8.5,32.2,-0.481,1.020
8.5,32.7,-1.443,1.027
8.5,33.2,0.737,1.034
8.5,33.7,-0.224,1.041
8.5,34.2,-1.186,1.047
8.5,34.7,0.994,1.054
8.5,35.2,0.032,1.061
8.5,35.7,-0.930,1.068
8.5,36.2,1.250,1.075
8.5,36.7,0.289,1.082
8.5,37.2,-0.673,1.089
8.5,37.7,1.507,1.095
8.5,38.2,0.545,1.102
8.5,38.7,-0.417,1.109
8.5,39.2,-1.378,1.115
8.5,39.7,0.801,1.122
8.5,40.2,-0.160,1.129
8.5,40.7,-1.122,1.135
8.5,41.2,0.994,1.142
8.5,41.7,0.032,1.149
8.5,42.2,-0.930,1.155
8.5,42.7,1.250,1.162
8.5,43.2,0.289,1.169
8.5,43.7,-0.673,1.175
8.5,44.2,1.507,1.182
8.5,44.7,0.545,1.188
8.5,45.2,-0.417,1.194
8.5,45.7,-1.443,1.201
8.5,46.2,0.737,1.208
8.5,46.7,-0.224,1.214
8.5,47.2,-1.186,1.221
8.5,47.7,0.994,1.227
8.5,48.2,0.032,1.233
8.5,48.7,-0.994,1.239
8.5,49.2,1.186,1.246
8.5,49.7,0.224,1.252
8.5,50.3,-0.737,1.259
8.5,50.8,1.443,1.265
8.5,51.3,0.417,1.271
8.5,51.8,-0.545,1.277
8.5,52.3,-1.507,1.284
8.5,52.8,0.673,1.290
8.5,53.3,-0.289,1.295
8.5,53.8,-1.314,1.302
8.5,54.3,0.866,1.308
8.5,54.8,-0.096,1.314
8.5,55.3,-1.058,1.320
8.5,55.8,1.058,1.326
8.5,56.3,0.096,1.333
8.5,56.8,-0.866,1.338
8.5,57.3,1.250,1.344
8.5,57.8,0.289,1.350
8.5,58.3,-0.673,1.356
8.5,58.8,1.507,1.362
8.5,59.3,0.481,1.368
8.5,59.8,-0.481,1.374
8.5,60.3,-1.443,1.380
8.5,60.8,0.673,1.386
8.5,61.3,-0.289,1.392
8.5,61.8,-1.250,1.397
8.5,62.3,0.866,1.403
8.5,62.8,-0.096,1.409
8.5,63.3,-1.058,1.414
8.5,63.8,1.058,1.420
8.5,64.3,0.096,1.426
8.5,64.8,-0.866,1.431
8.5,65.3,1.250,1.437
8.5,65.8,0.289,1.443
8.5,66.3,-0.737,1.448
8.5,66.8,1.443,1.454
8.5,67.3,0.481,1.459
8.5,67.8,-0.545,1.465
8.5,68.3,-1.507,1.471
8.5,68.8,0.609,1.476
8.5,69.3,-0.353,1.482
8.5,69.8,-1.314,1.486
8.5,70.4,0.801,1.492
8.5,70.9,-0.160,1.498
8.5,71.4,-1.186,1.503
8.5,71.9,0.994,1.508
8.5,72.4,-0.032,1.513
8.5,72.9,-0.994,1.519
8.5,73.4,1.122,1.524
8.5,73.9,0.160,1.530
8.5,74.4,-0.866,1.534
8.5,74.9,1.314,1.540
8.5,75.4,0.289,1.544
8.5,75.9,-0.673,1.550
8.5,76.4,1.443,1.555
8.5,76.9,0.481,1.560
8.5,77.4,-0.545,1.565
8.5,77.9,-1.507,1.570
8.5,78.4,0.609,1.575
8.5,78.9,-0.353,1.580
8.5,79.4,-1.378,1.585
8.5,79.9,0.801,1.590
8.5,80.4,-0.224,1.595
8.5,80.9,-1.186,1.600
8.5,81.4,0.930,1.605
8.5,81.9,-0.032,1.609
8.5,82.4,-1.058,1.614
8.5,82.9,1.058,1.619
8.5,83.4,0.096,1.624
8.5,83.9,-0.930,1.628
8.5,84.4,1.250,1.633
8.5,84.9,0.224,1.638
8.5,85.4,-0.801,1.642
8.5,85.9,1.378,1.647
8.5,86.4,0.353,1.652
8.5,86.9,-0.609,1.656
8.5,87.4,1.507,1.661
8.5,87.9,0.481,1.665
8.5,88.4,-0.481,1.669
8.5,88.9,-1.507,1.674
8.5,89.4,0.609,1.678
8.5,89.9,-0.353,1.683
8.5,90.5,-1.378,1.687
8.5,91.0,0.737,1.691
8.5,91.5,-0.224,1.696
8.5,92.0,-1.250,1.700
8.5,92.5,0.866,1.704
8.5,93.0,-0.096,1.708
8.5,93.5,-1.122,1.713
8.5,94.0,0.994,1.717
8.5,94.5,-0.032,1.720
8.5,95.0,-0.994,1.725
8.5,95.5,1.122,1.729
8.5,96.0,0.096,1.733
8.5,96.5,-0.866,1.737
8.5,97.0,1.250,1.741
8.5,97.5,0.224,1.745
8.5,98.0,-0.801,1.749
8.5,98.5,1.378,1.752
8.5,99.0,0.353,1.757
8.5,99.5,-0.673,1.761
8.5,100.0,1.443,1.764
9.0,0.0,-0.801,0.540
9.0,0.5,1.378,0.548
9.0,1.0,0.417,0.556
9.0,1.5,-0.481,0.563
9.0,2.0,-1.443,0.571
9.0,2.5,0.737,0.579
9.0,3.0,-0.160,0.587
9.0,3.5,-1.122,0.594
9.0,4.0,1.058,0.602
9.0,4.5,0.160,0.610
9.0,5.0,-0.801,0.618
9.0,5.5,1.378,0.625
9.0,6.0,0.481,0.633
9.0,6.5,-0.481,0.641
9.0,7.0,-1.443,0.648
9.0,7.5,0.801,0.656
9.0,8.0,-0.160,0.664
9.0,8.5,-1.122,0.671
9.0,9.0,1.122,0.679
9.0,9.5,0.160,0.686
9.0,10.1,-0.801,0.694
9.0,10.6,1.378,0.701
9.0,11.1,0.481,0.709
9.0,11.6,-0.481,0.717
9.0,12.1,-1.443,0.724
9.0,12.6,0.737,0.732
9.0,13.1,-0.160,0.739
9.0,13.6,-1.122,0.747
9.0,14.1,1.058,0.754
9.0,14.6,0.096,0.762
9.0,15.1,-0.801,0.769
9.0,15.6,1.378,0.777
9.0,16.1,0.417,0.784
9.0,16.6,-0.545,0.792
9.0,17.1,-1.507,0.799
9.0,17.6,0.737,0.806
9.0,18.1,-0.224,0.814
9.0,18.6,-1.186,0.821
9.0,19.1,0.994,0.829
9.0,19.6,0.032,0.836
9.0,20.1,-0.930,0.843
9.0,20.6,1.314,0.850
9.0,21.1,0.353,0.858
9.0,21.6,-0.609,0.865
9.0,22.1,1.571,0.873
9.0,22.6,0.609,0.880
9.0,23.1,-0.353,0.887
9.0,23.6,-1.314,0.894
9.0,24.1,0.866,0.901
9.0,24.6,-0.032,0.908
9.0,25.1,-0.994,0.916
9.0,25.6,1.186,0.923
9.0,26.1,0.224,0.930
9.0,26.6,-0.737,0.938
9.0,27.1,1.443,0.945
9.0,27.6,0.481,0.952
9.0,28.1,-0.481,0.959
9.0,28.6,-1.443,0.966
9.0,29.1,0.737,0.973
9.0,29.6,-0.224,0.980
9.0,30.2,-1.186,0.987
9.0,30.7,0.994,0.994
9.0,31.2,0.032,1.001
9.0,31.7,-0.930,1.008
9.0,32.2,1.250,1.015
9.0,32.7,0.289,1.022
9.0,33.2,-0.673,1.029
9.0,33.7,1.507,1.036
9.0,34.2,0.545,1.043
9.0,34.7,-0.417,1.050
9.0,35.2,-1.378,1.056
9.0,35.7,0.801,1.063
9.0,36.2,-0.160,1.070
9.0,36.7,-1.122,1.077
9.0,37.2,1.058,1.084
9.0,37.7,0.096,1.091
9.0,38.2,-0.866,1.098
9.0,38.7,1.314,1.104
9.0,39.2,0.353,1.111
9.0,39.7,-0.609,1.118
9.0,40.2,1.571,1.125
9.0,40.7,0.609,1.131
9.0,41.2,-0.353,1.138
9.0,41.7,-1.314,1.144
9.0,42.2,0.866,1.151
9.0,42.7,-0.160,1.157
9.0,43.2,-1.122,1.164
9.0,43.7,1.058,1.171
9.0,44.2,0.096,1.177
9.0,44.7,-0.866,1.184
9.0,45.2,1.314,1.190
9.0,45.7,0.353,1.197
9.0,46.2,-0.609,1.203
9.0,46.7,1.507,1.210
9.0,47.2,0.545,1.216
9.0,47.7,-0.417,1.223
9.0,48.2,-1.378,1.229
9.0,48.7,0.801,1.235
9.0,49.2,-0.160,1.241
9.0,49.7,-1.186,1.248
9.0,50.3,0.994,1.254
9.0,50.8,0.032,1.261
9.0,51.3,-0.930,1.267
9.0,51.8,1.250,1.273
9.0,52.3,0.224,1.279
9.0,52.8,-0.737,1.286
9.0,53.3,1.443,1.292
9.0,53.8,0.481,1.298
9.0,54.3,-0.545,1.304
9.0,54.8,-1.507,1.310
9.0,55.3,0.673,1.316
9.0,55.8,-0.289,1.322
9.0,56.3,-1.314,1.328
9.0,56.8,0.866,1.335
9.0,57.3,-0.096,1.341
9.0,57.8,-1.058,1.346
9.0,58.3,1.058,1.352
9.0,58.8,0.096,1.359
9.0,59.3,-0.866,1.364
9.0,59.8,1.250,1.370
9.0,60.3,0.289,1.376
9.0,60.8,-0.673,1.382
9.0,61.3,1.443,1.387
9.0,61.8,0.481,1.394
9.0,62.3,-0.481,1.399
9.0,62.8,-1.507,1.405
9.0,63.3,0.673,1.411
9.0,63.8,-0.289,1.416
9.0,64.3,-1.314,1.422
9.0,64.8,0.866,1.428
9.0,65.3,-0.096,1.433
9.0,65.8,-1.122,1.439
9.0,66.3,1.058,1.445
9.0,66.8,0.032,1.450
9.0,67.3,-0.930,1.456
9.0,67.8,1.250,1.461
9.0,68.3,0.224,1.467
9.0,68.8,-0.737,1.473
9.0,69.3,1.378,1.477
9.0,69.8,0.417,1.484
9.0,70.4,-0.545,1.488
9.0,70.9,-1.571,1.494
9.0,71.4,0.609,1.499
9.0,71.9,-0.417,1.505
9.0,72.4,-1.378,1.510
9.0,72.9,0.737,1.515
9.0,73.4,-0.224,1.521
9.0,73.9,-1.250,1.526
9.0,74.4,0.930,1.531
9.0,74.9,-0.096,1.536
9.0,75.4,-1.058,1.542
9.0,75.9,1.122,1.546
9.0,76.4,0.096,1.552
9.0,76.9,-0.930,1.556
9.0,77.4,1.250,1.562
9.0,77.9,0.224,1.566
9.0,78.4,-0.737,1.572
9.0,78.9,1.378,1.577
9.0,79.4,0.417,1.582
9.0,79.9,-0.609,1.587
9.0,80.4,1.571,1.592
9.0,80.9,0.545,1.597
9.0,81.4,-0.417,1.601
9.0,81.9,-1.443,1.606
9.0,82.4,0.737,1.611
9.0,82.9,-0.289,1.616
9.0,83.4,-1.314,1.620
9.0,83.9,0.866,1.625
9.0,84.4,-0.160,1.630
9.0,84.9,-1.122,1.634
9.0,85.4,0.994,1.639
9.0,85.9,-0.032,1.644
9.0,86.4,-0.994,1.649
9.0,86.9,1.122,1.653
9.0,87.4,0.160,1.657
9.0,87.9,-0.866,1.662
9.0,88.4,1.250,1.667
9.0,88.9,0.289,1.671
9.0,89.4,-0.737,1.676
9.0,89.9,1.378,1.680
9.0,90.5,0.417,1.684
9.0,91.0,-0.609,1.689
9.0,91.5,1.507,1.693
9.0,92.0,0.545,1.697
9.0,92.5,-0.481,1.702
9.0,93.0,-1.507,1.706
9.0,93.5,0.673,1.709
9.0,94.0,-0.353,1.714
9.0,94.5,-1.378,1.718
9.0,95.0,0.737,1.722
9.0,95.5,-0.224,1.726
9.0,96.0,-1.250,1.731
9.0,96.5,0.866,1.735
9.0,97.0,-0.096,1.738
9.0,97.5,-1.122,1.742
9.0,98.0,0.994,1.747
9.0,98.5,-0.032,1.750
9.0,99.0,-1.058,1.754
9.0,99.5,1.122,1.758
9.0,100.0,0.096,1.762
9.5,0.0,0.930,0.535
9.5,0.5,-0.032,0.543
9.5,1.0,-0.994,0.550
9.5,1.5,1.250,0.558
9.5,2.0,0.289,0.566
9.5,2.5,-0.673,0.574
9.5,3.0,1.571,0.582
9.5,3.5,0.609,0.589
9.5,4.0,-0.353,0.597
9.5,4.5,-1.250,0.605
9.5,5.0,0.930,0.612
9.5,5.5,-0.032,0.620
9.5,6.0,-0.930,0.628
9.5,6.5,1.250,0.636
9.5,7.0,0.289,0.643
9.5,7.5,-0.609,0.651
9.5,8.0,-1.571,0.659
9.5,8.5,0.609,0.666
9.5,9.0,-0.289,0.674
9.5,9.5,-1.250,0.681
9.5,10.1,0.930,0.689
9.5,10.6,-0.032,0.696
9.5,11.1,-0.930,0.704
9.5,11.6,1.250,0.712
9.5,12.1,0.289,0.719
9.5,12.6,-0.673,0.727
9.5,13.1,1.571,0.734
9.5,13.6,0.609,0.742
9.5,14.1,-0.353,0.749
9.5,14.6,-1.314,0.757
9.5,15.1,0.930,0.764
9.5,15.6,-0.032,0.772
9.5,16.1,-0.994,0.779
9.5,16.6,1.186,0.787
9.5,17.1,0.224,0.794
9.5,17.6,-0.673,0.801
9.5,18.1,1.507,0.809
9.5,18.6,0.545,0.816
9.5,19.1,-0.417,0.824
9.5,19.6,-1.378,0.831
9.5,20.1,0.801,0.838
9.5,20.6,-0.096,0.846
9.5,21.1,-1.058,0.853
9.5,21.6,1.122,0.861
9.5,22.1,0.160,0.868
9.5,22.6,-0.801,0.875
9.5,23.1,1.378,0.882
9.5,23.6,0.417,0.889
9.5,24.1,-0.481,0.897
9.5,24.6,-1.443,0.904
9.5,25.1,0.737,0.911
9.5,25.6,-0.224,0.918
9.5,26.1,-1.186,0.926
9.5,26.6,0.994,0.933
9.5,27.1,0.032,0.940
9.5,27.6,-0.930,0.947
9.5,28.1,1.250,0.954
9.5,28.6,0.289,0.961
9.5,29.1,-0.673,0.968
9.5,29.6,1.507,0.975
9.5,30.2,0.545,0.982
9.5,30.7,-0.353,0.989
9.5,31.2,-1.314,0.996
9.5,31.7,0.866,1.003
9.5,32.2,-0.096,1.010
9.5,32.7,-1.058,1.017
9.5,33.2,1.122,1.024
9.5,33.7,0.160,1.031
9.5,34.2,-0.801,1.038
9.5,34.7,1.378,1.045
9.5,35.2,0.417,1.052
9.5,35.7,-0.545,1.059
9.5,36.2,-1.507,1.065
9.5,36.7,0.673,1.072
9.5,37.2,-0.353,1.079
9.5,37.7,-1.314,1.086
9.5,38.2,0.866,1.093
9.5,38.7,-0.096,1.100
9.5,39.2,-1.058,1.107
9.5,39.7,1.122,1.113
9.5,40.2,0.160,1.120
9.5,40.7,-0.801,1.127
9.5,41.2,1.378,1.133
9.5,41.7,0.417,1.140
9.5,42.2,-0.545,1.147
9.5,42.7,-1.507,1.153
9.5,43.2,0.673,1.160
9.5,43.7,-0.353,1.166
9.5,44.2,-1.314,1.173
9.5,44.7,0.866,1.180
9.5,45.2,-0.096,1.186
9.5,45.7,-1.058,1.193
9.5,46.2,1.122,1.199
9.5,46.7,0.160,1.205
9.5,47.2,-0.866,1.211
9.5,47.7,1.314,1.218
9.5,48.2,0.353,1.225
9.5,48.7,-0.609,1.231
9.5,49.2,1.571,1.238
9.5,49.7,0.609,1.244
9.5,50.3,-0.417,1.250
9.5,50.8,-1.378,1.256
9.5,51.3,0.801,1.263
9.5,51.8,-0.160,1.269
9.5,52.3,-1.122,1.275
9.5,52.8,0.994,1.281
9.5,53.3,0.032,1.288
9.5,53.8,-0.930,1.294
9.5,54.3,1.250,1.300
9.5,54.8,0.224,1.306
9.5,55.3,-0.737,1.312
9.5,55.8,1.443,1.319
9.5,56.3,0.481,1.324
9.5,56.8,-0.545,1.330
9.5,57.3,-1.507,1.337
9.5,57.8,0.673,1.343
9.5,58.3,-0.289,1.348
9.5,58.8,-1.314,1.354
9.5,59.3,0.866,1.361
9.5,59.8,-0.096,1.366
9.5,60.3,-1.122,1.372
9.5,60.8,1.058,1.378
9.5,61.3,0.096,1.384
9.5,61.8,-0.930,1.389
9.5,62.3,1.250,1.396
9.5,62.8,0.289,1.401
9.5,63.3,-0.737,1.407
9.5,63.8,1.443,1.413
9.5,64.3,0.481,1.419
9.5,64.8,-0.545,1.424
9.5,65.3,-1.507,1.430
9.5,65.8,0.673,1.435
9.5,66.3,-0.353,1.441
9.5,66.8,-1.314,1.447
9.5,67.3,0.866,1.452
9.5,67.8,-0.160,1.458
9.5,68.3,-1.122,1.463
9.5,68.8,0.994,1.469
9.5,69.3,0.032,1.474
9.5,69.8,-0.994,1.479
9.5,70.4,1.186,1.485
9.5,70.9,0.224,1.490
9.5,71.4,-0.801,1.496
9.5,71.9,1.378,1.501
9.5,72.4,0.353,1.507
9.5,72.9,-0.609,1.512
9.5,73.4,1.507,1.517
9.5,73.9,0.545,1.523
9.5,74.4,-0.481,1.527
9.5,74.9,-1.443,1.533
9.5,75.4,0.737,1.537
9.5,75.9,-0.289,1.543
9.5,76.4,-1.250,1.548
9.5,76.9,0.866,1.554
9.5,77.4,-0.096,1.558
9.5,77.9,-1.122,1.564
9.5,78.4,0.994,1.568
9.5,78.9,0.032,1.574
9.5,79.4,-0.994,1.578
9.5,79.9,1.186,1.584
9.5,80.4,0.160,1.588
9.5,80.9,-0.801,1.593
9.5,81.4,1.314,1.598
9.5,81.9,0.353,1.603
9.5,82.4,-0.673,1.608
9.5,82.9,1.507,1.612
9.5,83.4,0.481,1.618
9.5,83.9,-0.545,1.622
9.5,84.4,-1.507,1.627
9.5,84.9,0.609,1.632
9.5,85.4,-0.353,1.636
9.5,85.9,-1.378,1.641
9.5,86.4,0.737,1.645
9.5,86.9,-0.224,1.650
9.5,87.4,-1.250,1.655
9.5,87.9,0.930,1.659
9.5,88.4,-0.096,1.664
9.5,88.9,-1.122,1.668
9.5,89.4,1.058,1.672
9.5,89.9,0.032,1.677
9.5,90.5,-0.994,1.681
9.5,91.0,1.186,1.685
9.5,91.5,0.160,1.690
9.5,92.0,-0.866,1.694
9.5,92.5,1.314,1.698
9.5,93.0,0.289,1.703
9.5,93.5,-0.737,1.707
9.5,94.0,1.443,1.711
9.5,94.5,0.417,1.716
9.5,95.0,-0.609,1.720
9.5,95.5,1.507,1.723
9.5,96.0,0.545,1.728
9.5,96.5,-0.481,1.732
9.5,97.0,-1.507,1.736
9.5,97.5,0.609,1.739
9.5,98.0,-0.353,1.744
9.5,98.5,-1.378,1.748
9.5,99.0,0.737,1.752
9.5,99.5,-0.289,1.755
9.5,100.0,-1.250,1.759
10.1,0.0,-0.545,0.530
10.1,0.5,-1.443,0.538
10.1,1.0,0.737,0.545
10.1,1.5,-0.160,0.553
10.1,2.0,-1.122,0.561
10.1,2.5,1.058,0.569
10.1,3.0,0.160,0.576
10.1,3.5,-0.801,0.584
10.1,4.0,1.378,0.592
10.1,4.5,0.481,0.600
10.1,5.0,-0.481,0.607
10.1,5.5,-1.443,0.615
10.1,6.0,0.801,0.623
10.1,6.5,-0.160,0.630
10.1,7.0,-1.122,0.638
10.1,7.5,1.122,0.646
10.1,8.0,0.160,0.653
10.1,8.5,-0.801,0.661
10.1,9.0,1.443,0.669
10.1,9.5,0.481,0.676
10.1,10.1,-0.481,0.684
10.1,10.6,-1.443,0.691
10.1,11.1,0.801,0.699
10.1,11.6,-0.160,0.707
10.1,12.1,-1.122,0.714
10.1,12.6,1.058,0.722
10.1,13.1,0.160,0.729
10.1,13.6,-0.801,0.737
10.1,14.1,1.378,0.744
10.1,14.6,0.417,0.752
10.1,15.1,-0.481,0.759
10.1,15.6,-1.443,0.767
10.1,16.1,0.737,0.774
10.1,16.6,-0.224,0.782
10.1,17.1,-1.186,0.789
10.1,17.6,1.058,0.797
10.1,18.1,0.096,0.804
10.1,18.6,-0.866,0.812
10.1,19.1,1.314,0.819
10.1,19.6,0.353,0.826
10.1,20.1,-0.545,0.833
10.1,20.6,-1.507,0.841
10.1,21.1,0.673,0.848
10.1,21.6,-0.289,0.856
10.1,22.1,-1.250,0.863
10.1,22.6,0.930,0.870
10.1,23.1,-0.032,0.877
10.1,23.6,-0.930,0.884
10.1,24.1,1.250,0.892
10.1,24.6,0.289,0.899
10.1,25.1,-0.673,0.906
10.1,25.6,1.507,0.914
10.1,26.1,0.545,0.921
10.1,26.6,-0.417,0.928
10.1,27.1,-1.378,0.935
10.1,27.6,0.801,0.942
10.1,28.1,-0.160,0.949
10.1,28.6,-1.122,0.956
10.1,29.1,1.122,0.963
10.1,29.6,0.160,0.970
10.1,30.2,-0.801,0.978
10.1,30.7,1.378,0.985
10.1,31.2,0.417,0.992
10.1,31.7,-0.545,0.999
10.1,32.2,-1.507,1.006
10.1,32.7,0.673,1.013
10.1,33.2,-0.289,1.020
10.1,33.7,-1.250,1.027
10.1,34.2,0.930,1.034
10.1,34.7,-0.032,1.041
10.1,35.2,-0.994,1.048
10.1,35.7,1.186,1.054
10.1,36.2,0.224,1.061
10.1,36.7,-0.737,1.068
10.1,37.2,1.443,1.075
10.1,37.7,0.481,1.082
10.1,38.2,-0.481,1.088
10.1,38.7,-1.443,1.095
10.1,39.2,0.673,1.102
10.1,39.7,-0.289,1.109
10.1,40.2,-1.250,1.115
10.1,40.7,0.930,1.122
10.1,41.2,-0.032,1.129
10.1,41.7,-0.994,1.136
10.1,42.2,1.186,1.142
10.1,42.7,0.224,1.149
10.1,43.2,-0.737,1.156
10.1,43.7,1.443,1.162
10.1,44.2,0.481,1.168
10.1,44.7,-0.545,1.175
10.1,45.2,-1.507,1.182
10.1,45.7,0.673,1.188
10.1,46.2,-0.289,1.195
10.1,46.7,-1.250,1.201
10.1,47.2,0.930,1.208
10.1,47.7,-0.032,1.214
10.1,48.2,-1.058,1.220
10.1,48.7,1.122,1.227
10.1,49.2,0.160,1.233
10.1,49.7,-0.801,1.240
10.1,50.3,1.378,1.246
10.1,50.8,0.417,1.252
10.1,51.3,-0.609,1.258
10.1,51.8,-1.571,1.265
10.1,52.3,0.609,1.271
10.1,52.8,-0.353,1.277
10.1,53.3,-1.314,1.283
10.1,53.8,0.801,1.290
10.1,54.3,-0.160,1.296
10.1,54.8,-1.122,1.302
10.1,55.3,1.058,1.308
10.1,55.8,0.032,1.314
10.1,56.3,-0.930,1.321
10.1,56.8,1.250,1.327
10.1,57.3,0.289,1.332
10.1,57.8,-0.737,1.338
10.1,58.3,1.443,1.345
10.1,58.8,0.481,1.350
10.1,59.3,-0.545,1.356
10.1,59.8,-1.507,1.363
10.1,60.3,0.673,1.368
10.1,60.8,-0.289,1.374
10.1,61.3,-1.314,1.380
10.1,61.8,0.866,1.386
10.1,62.3,-0.096,1.391
10.1,62.8,-1.122,1.398
10.1,63.3,1.058,1.403
10.1,63.8,0.096,1.409
10.1,64.3,-0.930,1.415
10.1,64.8,1.250,1.421
10.1,65.3,0.224,1.426
10.1,65.8,-0.737,1.432
10.1,66.3,1.443,1.437
10.1,66.8,0.417,1.443
10.1,67.3,-0.545,1.449
10.1,67.8,-1.507,1.454
10.1,68.3,0.609,1.460
10.1,68.8,-0.353,1.465
10.1,69.3,-1.378,1.470
10.1,69.8,0.801,1.476
10.1,70.4,-0.160,1.481
10.1,70.9,-1.186,1.487
10.1,71.4,0.994,1.492
10.1,71.9,-0.032,1.498
10.1,72.4,-0.994,1.503
10.1,72.9,1.122,1.508
10.1,73.4,0.160,1.514
10.1,73.9,-0.866,1.519
10.1,74.4,1.314,1.524
10.1,74.9,0.289,1.529
10.1,75.4,-0.673,1.535
10.1,75.9,1.507,1.539
10.1,76.4,0.481,1.545
10.1,76.9,-0.481,1.550
10.1,77.4,-1.507,1.555
10.1,77.9,0.673,1.560
10.1,78.4,-0.353,1.566
10.1,78.9,-1.378,1.570
10.1,79.4,0.801,1.576
10.1,79.9,-0.224,1.580
10.1,80.4,-1.186,1.585
10.1,80.9,0.930,1.590
10.1,81.4,-0.032,1.595
10.1,81.9,-1.058,1.600
10.1,82.4,1.122,1.605
10.1,82.9,0.096,1.610
10.1,83.4,-0.866,1.614
10.1,83.9,1.250,1.619
10.1,84.4,0.224,1.624
10.1,84.9,-0.737,1.629
10.1,85.4,1.378,1.633
10.1,85.9,0.417,1.637
10.1,86.4,-0.609,1.643
10.1,86.9,1.507,1.647
10.1,87.4,0.545,1.652
10.1,87.9,-0.481,1.656
10.1,88.4,-1.507,1.660
10.1,88.9,0.673,1.665
10.1,89.4,-0.353,1.670
10.1,89.9,-1.314,1.674
10.1,90.5,0.801,1.679
10.1,91.0,-0.224,1.683
10.1,91.5,-1.186,1.687
10.1,92.0,0.930,1.692
10.1,92.5,-0.096,1.696
10.1,93.0,-1.058,1.700
10.1,93.5,1.058,1.704
10.1,94.0,0.032,1.709
10.1,94.5,-0.994,1.712
10.1,95.0,1.186,1.717
10.1,95.5,0.160,1.721
10.1,96.0,-0.866,1.725
10.1,96.5,1.314,1.729
10.1,97.0,0.289,1.733
10.1,97.5,-0.737,1.737
10.1,98.0,1.378,1.741
10.1,98.5,0.417,1.745
10.1,99.0,-0.609,1.749
10.1,99.5,1.507,1.753
10.1,100.0,0.481,1.757
10.6,0.0,1.186,0.524
10.6,0.5,0.289,0.532
10.6,1.0,-0.673,0.540
10.6,1.5,1.571,0.548
10.6,2.0,0.609,0.556
10.6,2.5,-0.353,0.563
10.6,3.0,-1.250,0.571
10.6,3.5,0.930,0.579
10.6,4.0,-0.032,0.587
10.6,4.5,-0.930,0.594
10.6,5.0,1.250,0.602
10.6,5.5,0.289,0.610
10.6,6.0,-0.609,0.618
10.6,6.5,-1.571,0.625
10.6,7.0,0.609,0.633
10.6,7.5,-0.289,0.641
10.6,8.0,-1.250,0.648
10.6,8.5,0.930,0.656
10.6,9.0,0.032,0.663
10.6,9.5,-0.930,0.671
10.6,10.1,1.250,0.679
10.6,10.6,0.289,0.686
10.6,11.1,-0.609,0.694
10.6,11.6,1.571,0.702
10.6,12.1,0.609,0.709
10.6,12.6,-0.353,0.716
10.6,13.1,-1.250,0.724
10.6,13.6,0.930,0.732
10.6,14.1,-0.032,0.739
10.6,14.6,-0.994,0.747
10.6,15.1,1.250,0.754
10.6,15.6,0.289,0.762
10.6,16.1,-0.673,0.769
10.6,16.6,1.507,0.777
10.6,17.1,0.609,0.784
10.6,17.6,-0.353,0.792
10.6,18.1,-1.314,0.799
10.6,18.6,0.866,0.807
10.6,19.1,-0.096,0.814
10.6,19.6,-1.058,0.821
10.6,20.1,1.186,0.829
10.6,20.6,0.224,0.836
10.6,21.1,-0.737,0.843
10.6,21.6,1.443,0.851
10.6,22.1,0.481,0.858
10.6,22.6,-0.481,0.865
10.6,23.1,-1.378,0.872
10.6,23.6,0.801,0.880
10.6,24.1,-0.160,0.887
10.6,24.6,-1.122,0.894
10.6,25.1,1.058,0.902
10.6,25.6,0.096,0.909
10.6,26.1,-0.866,0.916
10.6,26.6,1.314,0.923
10.6,27.1,0.353,0.930
10.6,27.6,-0.609,0.937
10.6,28.1,-1.507,0.944
10.6,28.6,0.673,0.952
10.6,29.1,-0.289,0.959
10.6,29.6,-1.250,0.966
10.6,30.2,0.930,0.973
10.6,30.7,-0.032,0.980
10.6,31.2,-0.994,0.987
10.6,31.7,1.186,0.994
10.6,32.2,0.224,1.001
10.6,32.7,-0.737,1.008
10.6,33.2,1.443,1.015
10.6,33.7,0.481,1.022
10.6,34.2,-0.481,1.029
10.6,34.7,-1.443,1.036
10.6,35.2,0.737,1.043
10.6,35.7,-0.224,1.050
10.6,36.2,-1.186,1.057
10.6,36.7,0.994,1.064
10.6,37.2,0.032,1.071
10.6,37.7,-0.930,1.077
10.6,38.2,1.250,1.084
10.6,38.7,0.289,1.091
10.6,39.2,-0.673,1.098
10.6,39.7,1.507,1.104
10.6,40.2,0.545,1.111
10.6,40.7,-0.417,1.117
10.6,41.2,-1.443,1.124
10.6,41.7,0.737,1.131
10.6,42.2,-0.224,1.138
10.6,42.7,-1.186,1.145
10.6,43.2,0.994,1.151
10.6,43.7,0.032,1.158
10.6,44.2,-0.930,1.164
10.6,44.7,1.250,1.171
10.6,45.2,0.289,1.177
10.6,45.7,-0.737,1.183
10.6,46.2,1.443,1.190
10.6,46.7,0.481,1.197
10.6,47.2,-0.481,1.204
10.6,47.7,-1.443,1.210
10.6,48.2,0.737,1.216
10.6,48.7,-0.224,1.222
10.6,49.2,-1.250,1.229
10.6,49.7,0.930,1.235
10.6,50.3,-0.032,1.242
10.6,50.8,-0.994,1.248
10.6,51.3,1.186,1.254
10.6,51.8,0.160,1.260
10.6,52.3,-0.801,1.267
10.6,52.8,1.378,1.273
10.6,53.3,0.417,1.280
10.6,53.8,-0.545,1.285
10.6,54.3,-1.571,1.292
10.6,54.8,0.609,1.298
10.6,55.3,-0.353,1.304
10.6,55.8,-1.314,1.310
10.6,56.3,0.801,1.316
10.6,56.8,-0.160,1.323
10.6,57.3,-1.122,1.329
10.6,57.8,1.058,1.334
10.6,58.3,0.032,1.340
10.6,58.8,-0.930,1.347
10.6,59.3,1.250,1.353
10.6,59.8,0.289,1.358
10.6,60.3,-0.737,1.364
10.6,60.8,1.443,1.370
10.6,61.3,0.481,1.376
10.6,61.8,-0.545,1.382
10.6,62.3,-1.507,1.388
10.6,62.8,0.673,1.393
10.6,63.3,-0.353,1.399
10.6,63.8,-1.314,1.405
10.6,64.3,0.866,1.411
10.6,64.8,-0.160,1.417
10.6,65.3,-1.122,1.423
10.6,65.8,1.058,1.428
10.6,66.3,0.032,1.434
10.6,66.8,-0.930,1.439
10.6,67.3,1.186,1.445
10.6,67.8,0.224,1.451
10.6,68.3,-0.737,1.456
10.6,68.8,1.378,1.462
10.6,69.3,0.417,1.467
10.6,69.8,-0.609,1.472
10.6,70.4,1.571,1.478
10.6,70.9,0.609,1.483
10.6,71.4,-0.417,1.489
10.6,71.9,-1.378,1.494
10.6,72.4,0.737,1.500
10.6,72.9,-0.224,1.505
10.6,73.4,-1.250,1.510
10.6,73.9,0.930,1.516
10.6,74.4,-0.096,1.520
10.6,74.9,-1.058,1.526
10.6,75.4,1.122,1.531
10.6,75.9,0.096,1.537
10.6,76.4,-0.866,1.541
10.6,76.9,1.250,1.547
10.6,77.4,0.289,1.551
10.6,77.9,-0.737,1.557
10.6,78.4,1.443,1.562
10.6,78.9,0.417,1.567
10.6,79.4,-0.609,1.571
10.6,79.9,1.571,1.577
10.6,80.4,0.545,1.582
10.6,80.9,-0.417,1.587
10.6,81.4,-1.443,1.592
10.6,81.9,0.737,1.597
10.6,82.4,-0.289,1.602
10.6,82.9,-1.250,1.606
10.6,83.4,0.866,1.611
10.6,83.9,-0.096,1.615
10.6,84.4,-1.122,1.621
10.6,84.9,0.994,1.625
10.6,85.4,0.032,1.630
10.6,85.9,-0.994,1.635
10.6,86.4,1.186,1.639
10.6,86.9,0.160,1.644
10.6,87.4,-0.866,1.648
10.6,87.9,1.314,1.653
10.6,88.4,0.289,1.658
10.6,88.9,-0.737,1.662
10.6,89.4,1.443,1.667
10.6,89.9,0.417,1.671
10.6,90.5,-0.545,1.675
10.6,91.0,1.571,1.680
10.6,91.5,0.545,1.684
10.6,92.0,-0.417,1.688
10.6,92.5,-1.443,1.693
10.6,93.0,0.673,1.697
10.6,93.5,-0.353,1.701
10.6,94.0,-1.314,1.706
10.6,94.5,0.801,1.710
10.6,95.0,-0.224,1.714
10.6,95.5,-1.186,1.718
10.6,96.0,0.930,1.723
10.6,96.5,-0.096,1.727
10.6,97.0,-1.058,1.730
10.6,97.5,1.058,1.735
10.6,98.0,0.032,1.739
10.6,98.5,-0.994,1.743
10.6,99.0,1.186,1.746
10.6,99.5,0.160,1.751
10.6,100.0,-0.866,1.755
11.1,0.0,-0.224,0.519
11.1,0.5,-1.122,0.527
11.1,1.0,1.058,0.535
11.1,1.5,0.096,0.543
11.1,2.0,-0.801,0.551
11.1,2.5,1.378,0.558
11.1,3.0,0.481,0.566
11.1,3.5,-0.481,0.574
11.1,4.0,-1.443,0.581
11.1,4.5,0.801,0.589
11.1,5.0,-0.160,0.597
11.1,5.5,-1.122,0.605
11.1,6.0,1.122,0.612
11.1,6.5,0.160,0.620
11.1,7.0,-0.801,0.628
11.1,7.5,1.443,0.635
11.1,8.0,0.481,0.643
11.1,8.5,-0.481,0.651
11.1,9.0,-1.378,0.658
11.1,9.5,0.801,0.666
11.1,10.1,-0.160,0.674
11.1,10.6,-1.122,0.681
11.1,11.1,1.122,0.689
11.1,11.6,0.160,0.697
11.1,12.1,-0.801,0.704
11.1,12.6,1.443,0.711
11.1,13.1,0.481,0.719
11.1,13.6,-0.481,0.727
11.1,14.1,-1.443,0.734
11.1,14.6,0.737,0.742
11.1,15.1,-0.160,0.749
11.1,15.6,-1.122,0.757
11.1,16.1,1.058,0.764
11.1,16.6,0.096,0.772
11.1,17.1,-0.801,0.779
11.1,17.6,1.378,0.787
11.1,18.1,0.417,0.794
11.1,18.6,-0.545,0.802
11.1,19.1,-1.507,0.809
11.1,19.6,0.737,0.816
11.1,20.1,-0.224,0.824
11.1,20.6,-1.186,0.831
11.1,21.1,0.994,0.839
11.1,21.6,0.032,0.846
11.1,22.1,-0.930,0.853
11.1,22.6,1.250,0.860
11.1,23.1,0.353,0.868
11.1,23.6,-0.609,0.875
11.1,24.1,1.571,0.882
11.1,24.6,0.609,0.890
11.1,25.1,-0.353,0.897
11.1,25.6,-1.314,0.904
11.1,26.1,0.866,0.911
11.1,26.6,-0.096,0.918
11.1,27.1,-0.994,0.925
11.1,27.6,1.186,0.933
11.1,28.1,0.224,0.940
11.1,28.6,-0.737,0.947
11.1,29.1,1.443,0.954
11.1,29.6,0.481,0.961
11.1,30.2,-0.481,0.968
11.1,30.7,-1.443,0.976
11.1,31.2,0.737,0.983
11.1,31.7,-0.224,0.990
11.1,32.2,-1.186,0.997
11.1,32.7,0.994,1.004
11.1,33.2,0.032,1.011
11.1,33.7,-0.930,1.018
11.1,34.2,1.250,1.025
11.1,34.7,0.289,1.031
11.1,35.2,-0.673,1.038
11.1,35.7,1.507,1.045
11.1,36.2,0.545,1.052
11.1,36.7,-0.417,1.059
11.1,37.2,-1.378,1.066
11.1,37.7,0.801,1.073
11.1,38.2,-0.160,1.080
11.1,38.7,-1.122,1.086
11.1,39.2,1.058,1.093
11.1,39.7,0.096,1.100
11.1,40.2,-0.866,1.107
11.1,40.7,1.314,1.113
11.1,41.2,0.353,1.120
11.1,41.7,-0.609,1.127
11.1,42.2,1.571,1.133
11.1,42.7,0.545,1.140
11.1,43.2,-0.417,1.147
11.1,43.7,-1.378,1.153
11.1,44.2,0.801,1.160
11.1,44.7,-0.160,1.167
11.1,45.2,-1.122,1.173
11.1,45.7,1.058,1.180
11.1,46.2,0.096,1.186
11.1,46.7,-0.930,1.192
11.1,47.2,1.250,1.199
11.1,47.7,0.289,1.206
11.1,48.2,-0.673,1.212
11.1,48.7,1.507,1.219
11.1,49.2,0.545,1.225
11.1,49.7,-0.417,1.231
11.1,50.3,-1.443,1.237
11.1,50.8,0.737,1.244
11.1,51.3,-0.224,1.250
11.1,51.8,-1.186,1.257
11.1,52.3,0.994,1.263
11.1,52.8,-0.032,1.269
11.1,53.3,-0.994,1.275
11.1,53.8,1.186,1.282
11.1,54.3,0.224,1.288
11.1,54.8,-0.737,1.293
11.1,55.3,1.378,1.300
11.1,55.8,0.417,1.306
11.1,56.3,-0.545,1.312
11.1,56.8,-1.507,1.318
11.1,57.3,0.609,1.324
11.1,57.8,-0.353,1.331
11.1,58.3,-1.314,1.337
11.1,58.8,0.801,1.342
11.1,59.3,-0.160,1.349
11.1,59.8,-1.122,1.355
11.1,60.3,1.058,1.360
11.1,60.8,0.032,1.366
11.1,61.3,-0.930,1.372
11.1,61.8,1.250,1.378
11.1,62.3,0.224,1.384
11.1,62.8,-0.737,1.390
11.1,63.3,1.443,1.396
11.1,63.8,0.417,1.401
11.1,64.3,-0.545,1.407
11.1,64.8,-1.507,1.413
11.1,65.3,0.609,1.419
11.1,65.8,-0.353,1.424
11.1,66.3,-1.314,1.430
11.1,66.8,0.801,1.436
11.1,67.3,-0.160,1.441
11.1,67.8,-1.186,1.446
11.1,68.3,0.994,1.453
11.1,68.8,0.032,1.458
11.1,69.3,-0.994,1.463
11.1,69.8,1.186,1.469
11.1,70.4,0.160,1.474
11.1,70.9,-0.801,1.480
11.1,71.4,1.378,1.485
11.1,71.9,0.353,1.491
11.1,72.4,-0.609,1.496
11.1,72.9,1.507,1.501
11.1,73.4,0.545,1.507
11.1,73.9,-0.481,1.512
11.1,74.4,-1.443,1.518
11.1,74.9,0.673,1.522
11.1,75.4,-0.289,1.528
11.1,75.9,-1.250,1.533
11.1,76.4,0.866,1.538
11.1,76.9,-0.096,1.543
11.1,77.4,-1.122,1.549
11.1,77.9,1.058,1.553
11.1,78.4,0.032,1.559
11.1,78.9,-0.930,1.563
11.1,79.4,1.186,1.569
11.1,79.9,0.224,1.573
11.1,80.4,-0.801,1.579
11.1,80.9,1.314,1.583
11.1,81.4,0.353,1.589
11.1,81.9,-0.673,1.593
11.1,82.4,1.507,1.598
11.1,82.9,0.481,1.603
11.1,83.4,-0.481,1.608
11.1,83.9,-1.507,1.613
11.1,84.4,0.673,1.617
11.1,84.9,-0.353,1.623
11.1,85.4,-1.378,1.627
11.1,85.9,0.801,1.632
11.1,86.4,-0.224,1.637
11.1,86.9,-1.186,1.641
11.1,87.4,0.930,1.646
11.1,87.9,-0.096,1.650
11.1,88.4,-1.058,1.655
11.1,88.9,1.058,1.659
11.1,89.4,0.032,1.663
11.1,89.9,-0.930,1.668
11.1,90.5,1.186,1.673
11.1,91.0,0.160,1.677
11.1,91.5,-0.801,1.682
11.1,92.0,1.314,1.686
11.1,92.5,0.289,1.690
11.1,93.0,-0.673,1.695
11.1,93.5,1.443,1.699
11.1,94.0,0.417,1.703
11.1,94.5,-0.545,1.707
11.1,95.0,-1.571,1.712
11.1,95.5,0.545,1.715
11.1,96.0,-0.417,1.719
11.1,96.5,-1.443,1.724
11.1,97.0,0.673,1.728
11.1,97.5,-0.353,1.731
11.1,98.0,-1.314,1.736
11.1,98.5,0.801,1.740
11.1,99.0,-0.224,1.744
11.1,99.5,-1.250,1.747
11.1,100.0,0.930,1.752
11.6,0.0,1.507,0.514
11.6,0.5,0.609,0.522
11.6,1.0,-0.353,0.530
11.6,1.5,-1.314,0.537
11.6,2.0,0.930,0.545
11.6,2.5,-0.032,0.553
11.6,3.0,-0.930,0.561
11.6,3.5,1.250,0.569
11.6,4.0,0.289,0.576
11.6,4.5,-0.609,0.584
11.6,5.0,1.571,0.592
11.6,5.5,0.609,0.600
11.6,6.0,-0.289,0.607
11.6,6.5,-1.250,0.615
11.6,7.0,0.930,0.623
11.6,7.5,0.032,0.630
11.6,8.0,-0.930,0.638
11.6,8.5,1.250,0.646
11.6,9.0,0.353,0.653
11.6,9.5,-0.609,0.661
11.6,10.1,-1.571,0.669
11.6,10.6,0.609,0.676
11.6,11.1,-0.289,0.684
11.6,11.6,-1.250,0.692
11.6,12.1,0.930,0.699
11.6,12.6,0.032,0.706
11.6,13.1,-0.930,0.714
11.6,13.6,1.250,0.722
11.6,14.1,0.289,0.729
11.6,14.6,-0.609,0.737
11.6,15.1,1.571,0.744
11.6,15.6,0.609,0.752
11.6,16.1,-0.353,0.759
11.6,16.6,-1.314,0.767
11.6,17.1,0.930,0.774
11.6,17.6,-0.032,0.782
11.6,18.1,-0.994,0.789
11.6,18.6,1.186,0.797
11.6,19.1,0.224,0.804
11.6,19.6,-0.673,0.811
11.6,20.1,1.507,0.819
11.6,20.6,0.545,0.826
11.6,21.1,-0.417,0.834
11.6,21.6,-1.378,0.841
11.6,22.1,0.801,0.848
11.6,22.6,-0.096,0.855
11.6,23.1,-1.058,0.863
11.6,23.6,1.122,0.870
11.6,24.1,0.160,0.878
11.6,24.6,-0.801,0.885
11.6,25.1,1.378,0.892
11.6,25.6,0.417,0.899
11.6,26.1,-0.545,0.906
11.6,26.6,-1.443,0.913
11.6,27.1,0.737,0.921
11.6,27.6,-0.224,0.928
11.6,28.1,-1.186,0.935
11.6,28.6,0.994,0.942
11.6,29.1,0.032,0.950
11.6,29.6,-0.930,0.957
11.6,30.2,1.250,0.964
11.6,30.7,0.289,0.971
11.6,31.2,-0.673,0.978
11.6,31.7,1.507,0.985
11.6,32.2,0.545,0.992
11.6,32.7,-0.417,0.999
11.6,33.2,-1.378,1.006
11.6,33.7,0.801,1.013
11.6,34.2,-0.160,1.020
11.6,34.7,-1.122,1.027
11.6,35.2,1.058,1.034
11.6,35.7,0.096,1.041
11.6,36.2,-0.866,1.047
11.6,36.7,1.314,1.054
11.6,37.2,0.353,1.061
11.6,37.7,-0.609,1.068
11.6,38.2,-1.571,1.075
11.6,38.7,0.609,1.082
11.6,39.2,-0.353,1.089
11.6,39.7,-1.314,1.096
11.6,40.2,0.866,1.102
11.6,40.7,-0.096,1.109
11.6,41.2,-1.058,1.116
11.6,41.7,1.122,1.122
11.6,42.2,0.160,1.129
11.6,42.7,-0.801,1.136
11.6,43.2,1.378,1.142
11.6,43.7,0.353,1.149
11.6,44.2,-0.609,1.155
11.6,44.7,-1.571,1.162
11.6,45.2,0.609,1.169
11.6,45.7,-0.353,1.175
11.6,46.2,-1.314,1.182
11.6,46.7,0.866,1.188
11.6,47.2,-0.096,1.195
11.6,47.7,-1.122,1.201
11.6,48.2,1.058,1.208
11.6,48.7,0.096,1.214
11.6,49.2,-0.866,1.221
11.6,49.7,1.314,1.227
11.6,50.3,0.353,1.233
11.6,50.8,-0.673,1.239
11.6,51.3,1.507,1.246
11.6,51.8,0.545,1.253
11.6,52.3,-0.417,1.259
11.6,52.8,-1.378,1.265
11.6,53.3,0.801,1.271
11.6,53.8,-0.224,1.277
11.6,54.3,-1.186,1.284
11.6,54.8,0.994,1.290
11.6,55.3,0.032,1.296
11.6,55.8,-0.994,1.302
11.6,56.3,1.186,1.308
11.6,56.8,0.224,1.315
11.6,57.3,-0.737,1.320
11.6,57.8,1.378,1.326
11.6,58.3,0.417,1.333
11.6,58.8,-0.545,1.339
11.6,59.3,-1.507,1.344
11.6,59.8,0.609,1.351
11.6,60.3,-0.353,1.357
11.6,60.8,-1.314,1.362
11.6,61.3,0.801,1.368
11.6,61.8,-0.160,1.374
11.6,62.3,-1.122,1.380
11.6,62.8,0.994,1.386
11.6,63.3,0.032,1.392
11.6,63.8,-0.930,1.398
11.6,64.3,1.186,1.403
11.6,64.8,0.224,1.409
11.6,65.3,-0.737,1.415
11.6,65.8,1.378,1.420
11.6,66.3,0.417,1.426
11.6,66.8,-0.545,1.432
11.6,67.3,-1.571,1.437
11.6,67.8,0.609,1.443
11.6,68.3,-0.353,1.448
11.6,68.8,-1.378,1.454
11.6,69.3,0.801,1.460
11.6,69.8,-0.224,1.465
11.6,70.4,-1.186,1.471
11.6,70.9,0.930,1.476
11.6,71.4,-0.032,1.482
11.6,71.9,-0.994,1.487
11.6,72.4,1.122,1.493
11.6,72.9,0.160,1.498
11.6,73.4,-0.866,1.503
11.6,73.9,1.314,1.509
11.6,74.4,0.289,1.513
11.6,74.9,-0.673,1.519
11.6,75.4,1.507,1.524
11.6,75.9,0.481,1.530
11.6,76.4,-0.481,1.534
11.6,76.9,-1.507,1.540
11.6,77.4,0.673,1.545
11.6,77.9,-0.353,1.550
11.6,78.4,-1.314,1.555
11.6,78.9,0.801,1.561
11.6,79.4,-0.160,1.565
11.6,79.9,-1.186,1.571
11.6,80.4,0.994,1.575
11.6,80.9,-0.032,1.581
11.6,81.4,-1.058,1.585
11.6,81.9,1.122,1.590
11.6,82.4,0.096,1.595
11.6,82.9,-0.866,1.600
11.6,83.4,1.250,1.605
11.6,83.9,0.289,1.610
11.6,84.4,-0.737,1.615
11.6,84.9,1.443,1.619
11.6,85.4,0.417,1.624
11.6,85.9,-0.609,1.629
11.6,86.4,1.571,1.633
11.6,86.9,0.545,1.638
11.6,87.4,-0.417,1.642
11.6,87.9,-1.443,1.647
11.6,88.4,0.673,1.652
11.6,88.9,-0.289,1.656
11.6,89.4,-1.314,1.661
11.6,89.9,0.801,1.665
11.6,90.5,-0.160,1.670
11.6,91.0,-1.186,1.674
11.6,91.5,0.930,1.678
11.6,92.0,-0.032,1.683
11.6,92.5,-1.058,1.688
11.6,93.0,1.058,1.691
11.6,93.5,0.096,1.696
11.6,94.0,-0.930,1.700
11.6,94.5,1.186,1.704
11.6,95.0,0.224,1.709
11.6,95.5,-0.801,1.713
11.6,96.0,1.314,1.717
11.6,96.5,0.353,1.721
11.6,97.0,-0.673,1.725
11.6,97.5,1.443,1.730
11.6,98.0,0.417,1.733
11.6,98.5,-0.545,1.737
11.6,99.0,1.571,1.742
11.6,99.5,0.545,1.745
11.6,100.0,-0.481,1.749
12.1,0.0,0.096,0.509
12.1,0.5,-0.801,0.516
12.1,1.0,1.378,0.525
12.1,1.5,0.417,0.532
12.1,2.0,-0.481,0.540
12.1,2.5,-1.443,0.548
12.1,3.0,0.737,0.555
12.1,3.5,-0.160,0.563
12.1,4.0,-1.122,0.571
12.1,4.5,1.122,0.579
12.1,5.0,0.160,0.587
12.1,5.5,-0.801,0.594
12.1,6.0,1.443,0.602
12.1,6.5,0.481,0.610
12.1,7.0,-0.481,0.618
12.1,7.5,-1.378,0.625
12.1,8.0,0.801,0.633
12.1,8.5,-0.160,0.641
12.1,9.0,-1.058,0.648
12.1,9.5,1.122,0.656
12.1,10.1,0.160,0.664
12.1,10.6,-0.801,0.671
12.1,11.1,1.443,0.679
12.1,11.6,0.481,0.687
12.1,12.1,-0.481,0.694
12.1,12.6,-1.378,0.701
12.1,13.1,0.801,0.709
12.1,13.6,-0.160,0.717
12.1,14.1,-1.122,0.724
12.1,14.6,1.122,0.732
12.1,15.1,0.160,0.739
12.1,15.6,-0.801,0.747
12.1,16.1,1.378,0.754
12.1,16.6,0.417,0.762
12.1,17.1,-0.481,0.769
12.1,17.6,-1.443,0.777
12.1,18.1,0.737,0.784
12.1,18.6,-0.224,0.792
12.1,19.1,-1.186,0.799
12.1,19.6,1.058,0.806
12.1,20.1,0.096,0.814
12.1,20.6,-0.866,0.821
12.1,21.1,1.314,0.829
12.1,21.6,0.353,0.836
12.1,22.1,-0.545,0.843
12.1,22.6,-1.507,0.851
12.1,23.1,0.673,0.858
12.1,23.6,-0.289,0.865
12.1,24.1,-1.250,0.873
12.1,24.6,0.930,0.880
12.1,25.1,-0.032,0.887
12.1,25.6,-0.994,0.894
12.1,26.1,1.250,0.901
12.1,26.6,0.289,0.909
12.1,27.1,-0.673,0.916
12.1,27.6,1.507,0.923
12.1,28.1,0.545,0.931
12.1,28.6,-0.417,0.938
12.1,29.1,-1.378,0.945
12.1,29.6,0.801,0.952
12.1,30.2,-0.160,0.959
12.1,30.7,-1.122,0.966
12.1,31.2,1.058,0.973
12.1,31.7,0.096,0.980
12.1,32.2,-0.866,0.987
12.1,32.7,1.314,0.994
12.1,33.2,0.353,1.001
12.1,33.7,-0.545,1.008
12.1,34.2,-1.507,1.015
12.1,34.7,0.673,1.022
12.1,35.2,-0.289,1.029
12.1,35.7,-1.250,1.036
12.1,36.2,0.930,1.043
12.1,36.7,-0.032,1.050
12.1,37.2,-0.994,1.056
12.1,37.7,1.122,1.063
12.1,38.2,0.160,1.070
12.1,38.7,-0.801,1.077
12.1,39.2,1.378,1.084
12.1,39.7,0.417,1.091
12.1,40.2,-0.545,1.098
12.1,40.7,-1.507,1.104
12.1,41.2,0.673,1.111
12.1,41.7,-0.289,1.118
12.1,42.2,-1.250,1.125
12.1,42.7,0.930,1.131
12.1,43.2,-0.032,1.138
12.1,43.7,-0.994,1.145
12.1,44.2,1.186,1.151
12.1,44.7,0.224,1.157
12.1,45.2,-0.801,1.164
12.1,45.7,1.378,1.171
12.1,46.2,0.417,1.178
12.1,46.7,-0.545,1.184
12.1,47.2,-1.507,1.191
12.1,47.7,0.673,1.197
12.1,48.2,-0.289,1.203
12.1,48.7,-1.314,1.210
12.1,49.2,0.866,1.216
12.1,49.7,-0.096,1.223
12.1,50.3,-1.058,1.229
12.1,50.8,1.122,1.236
12.1,51.3,0.160,1.242
12.1,51.8,-0.866,1.248
12.1,52.3,1.314,1.255
12.1,52.8,0.353,1.261
12.1,53.3,-0.609,1.267
12.1,53.8,1.571,1.273
12.1,54.3,0.545,1.279
12.1,54.8,-0.417,1.286
12.1,55.3,-1.378,1.292
12.1,55.8,0.801,1.298
12.1,56.3,-0.224,1.304
12.1,56.8,-1.186,1.310
12.1,57.3,0.994,1.317
12.1,57.8,0.032,1.323
12.1,58.3,-0.994,1.328
12.1,58.8,1.186,1.335
12.1,59.3,0.224,1.341
12.1,59.8,-0.737,1.346
12.1,60.3,1.378,1.352
12.1,60.8,0.417,1.359
12.1,61.3,-0.545,1.365
12.1,61.8,-1.571,1.370
12.1,62.3,0.609,1.376
12.1,62.8,-0.353,1.382
12.1,63.3,-1.378,1.387
12.1,63.8,0.801,1.394
12.1,64.3,-0.160,1.400
12.1,64.8,-1.186,1.405
12.1,65.3,0.994,1.411
12.1,65.8,0.032,1.417
12.1,66.3,-0.994,1.422
12.1,66.8,1.186,1.428
12.1,67.3,0.224,1.434
12.1,67.8,-0.801,1.439
12.1,68.3,1.378,1.445
12.1,68.8,0.417,1.450
12.1,69.3,-0.609,1.456
12.1,69.8,1.571,1.462
12.1,70.4,0.545,1.467
12.1,70.9,-0.417,1.473
12.1,71.4,-1.378,1.478
12.1,71.9,0.737,1.484
12.1,72.4,-0.224,1.489
12.1,72.9,-1.250,1.494
12.1,73.4,0.930,1.500
12.1,73.9,-0.096,1.505
12.1,74.4,-1.058,1.511
12.1,74.9,1.058,1.515
12.1,75.4,0.096,1.521
12.1,75.9,-0.866,1.526
12.1,76.4,1.250,1.532
12.1,76.9,0.289,1.536
12.1,77.4,-0.737,1.542
12.1,77.9,1.443,1.547
12.1,78.4,0.417,1.552
12.1,78.9,-0.545,1.557
12.1,79.4,-1.571,1.562
12.1,79.9,0.609,1.567
12.1,80.4,-0.417,1.572
12.1,80.9,-1.378,1.577
12.1,81.4,0.737,1.582
12.1,81.9,-0.289,1.587
12.1,82.4,-1.250,1.592
12.1,82.9,0.866,1.597
12.1,83.4,-0.096,1.602
12.1,83.9,-1.122,1.607
12.1,84.4,1.058,1.611
12.1,84.9,0.032,1.616
12.1,85.4,-0.994,1.620
12.1,85.9,1.186,1.626
12.1,86.4,0.160,1.630
12.1,86.9,-0.801,1.635
12.1,87.4,1.314,1.640
12.1,87.9,0.353,1.644
12.1,88.4,-0.673,1.649
12.1,88.9,1.443,1.653
12.1,89.4,0.481,1.658
12.1,89.9,-0.545,1.663
12.1,90.5,-1.571,1.667
12.1,91.0,0.609,1.671
12.1,91.5,-0.417,1.676
12.1,92.0,-1.443,1.680
12.1,92.5,0.737,1.684
12.1,93.0,-0.289,1.689
12.1,93.5,-1.314,1.693
12.1,94.0,0.866,1.697
12.1,94.5,-0.160,1.702
12.1,95.0,-1.186,1.706
12.1,95.5,0.994,1.710
12.1,96.0,-0.032,1.715
12.1,96.5,-1.058,1.719
12.1,97.0,1.122,1.722
12.1,97.5,0.096,1.727
12.1,98.0,-0.930,1.731
12.1,98.5,1.186,1.735
12.1,99.0,0.224,1.738
12.1,99.5,-0.801,1.743
12.1,100.0,1.314,1.747
12.6,0.0,-1.314,0.504
12.6,0.5,0.866,0.511
12.6,1.0,-0.032,0.519
12.6,1.5,-0.994,0.527
12.6,2.0,1.250,0.535
12.6,2.5,0.289,0.543
12.6,3.0,-0.673,0.550
12.6,3.5,1.571,0.558
12.6,4.0,0.609,0.566
12.6,4.5,-0.289,0.574
12.6,5.0,-1.250,0.582
12.6,5.5,0.930,0.589
12.6,6.0,0.032,0.597
12.6,6.5,-0.930,0.605
12.6,7.0,1.250,0.612
12.6,7.5,0.353,0.620
12.6,8.0,-0.609,0.628
12.6,8.5,-1.571,0.636
12.6,9.0,0.673,0.643
12.6,9.5,-0.289,0.651
12.6,10.1,-1.250,0.659
12.6,10.6,0.930,0.666
12.6,11.1,0.032,0.674
12.6,11.6,-0.930,0.681
12.6,12.1,1.250,0.689
12.6,12.6,0.353,0.696
12.6,13.1,-0.609,0.704
12.6,13.6,-1.571,0.712
12.6,14.1,0.609,0.719
12.6,14.6,-0.289,0.727
12.6,15.1,-1.250,0.734
12.6,15.6,0.930,0.742
12.6,16.1,-0.032,0.749
12.6,16.6,-0.930,0.757
12.6,17.1,1.250,0.764
12.6,17.6,0.289,0.772
12.6,18.1,-0.673,0.779
12.6,18.6,1.507,0.787
12.6,19.1,0.609,0.794
12.6,19.6,-0.353,0.802
12.6,20.1,-1.314,0.809
12.6,20.6,0.866,0.817
12.6,21.1,-0.096,0.824
12.6,21.6,-1.058,0.831
12.6,22.1,1.186,0.838
12.6,22.6,0.224,0.846
12.6,23.1,-0.737,0.853
12.6,23.6,1.443,0.861
12.6,24.1,0.481,0.868
12.6,24.6,-0.481,0.875
12.6,25.1,-1.443,0.882
12.6,25.6,0.801,0.889
12.6,26.1,-0.160,0.897
12.6,26.6,-1.122,0.904
12.6,27.1,1.058,0.911
12.6,27.6,0.096,0.919
12.6,28.1,-0.866,0.926
12.6,28.6,1.314,0.933
12.6,29.1,0.353,0.940
12.6,29.6,-0.609,0.947
12.6,30.2,-1.571,0.954
12.6,30.7,0.609,0.961
12.6,31.2,-0.353,0.968
12.6,31.7,-1.250,0.975
12.6,32.2,0.930,0.982
12.6,32.7,-0.032,0.989
12.6,33.2,-0.994,0.997
12.6,33.7,1.186,1.004
12.6,34.2,0.224,1.011
12.6,34.7,-0.737,1.018
12.6,35.2,1.443,1.025
12.6,35.7,0.481,1.031
12.6,36.2,-0.481,1.038
12.6,36.7,-1.443,1.045
12.6,37.2,0.737,1.052
12.6,37.7,-0.224,1.059
12.6,38.2,-1.186,1.066
12.6,38.7,0.994,1.073
12.6,39.2,0.032,1.079
12.6,39.7,-0.930,1.086
12.6,40.2,1.186,1.093
12.6,40.7,0.224,1.100
12.6,41.2,-0.737,1.107
12.6,41.7,1.443,1.113
12.6,42.2,0.481,1.120
12.6,42.7,-0.481,1.127
12.6,43.2,-1.443,1.134
12.6,43.7,0.737,1.140
12.6,44.2,-0.224,1.147
12.6,44.7,-1.186,1.153
12.6,45.2,0.994,1.160
12.6,45.7,0.032,1.166
12.6,46.2,-0.994,1.173
12.6,46.7,1.186,1.180
12.6,47.2,0.224,1.186
12.6,47.7,-0.737,1.193
12.6,48.2,1.443,1.199
12.6,48.7,0.481,1.206
12.6,49.2,-0.481,1.212
12.6,49.7,-1.507,1.218
12.6,50.3,0.673,1.225
12.6,50.8,-0.289,1.231
12.6,51.3,-1.250,1.238
12.6,51.8,0.930,1.244
12.6,52.3,-0.032,1.250
12.6,52.8,-1.058,1.257
12.6,53.3,1.122,1.263
12.6,53.8,0.160,1.269
12.6,54.3,-0.801,1.275
12.6,54.8,1.378,1.281
12.6,55.3,0.353,1.288
12.6,55.8,-0.609,1.294
12.6,56.3,1.571,1.300
12.6,56.8,0.609,1.306
12.6,57.3,-0.417,1.312
12.6,57.8,-1.378,1.319
12.6,58.3,0.801,1.325
12.6,58.8,-0.160,1.330
12.6,59.3,-1.186,1.337
12.6,59.8,0.994,1.343
12.6,60.3,0.032,1.349
12.6,60.8,-0.994,1.354
12.6,61.3,1.186,1.361
12.6,61.8,0.224,1.367
12.6,62.3,-0.737,1.372
12.6,62.8,1.378,1.378
12.6,63.3,0.417,1.384
12.6,63.8,-0.545,1.390
12.6,64.3,-1.571,1.396
12.6,64.8,0.609,1.402
12.6,65.3,-0.353,1.407
12.6,65.8,-1.378,1.413
12.6,66.3,0.801,1.419
12.6,66.8,-0.160,1.424
12.6,67.3,-1.186,1.430
12.6,67.8,0.994,1.436
12.6,68.3,-0.032,1.441
12.6,68.8,-0.994,1.447
12.6,69.3,1.186,1.452
12.6,69.8,0.160,1.458
12.6,70.4,-0.801,1.464
12.6,70.9,1.314,1.469
12.6,71.4,0.353,1.475
12.6,71.9,-0.609,1.480
12.6,72.4,1.507,1.486
12.6,72.9,0.545,1.491
12.6,73.4,-0.481,1.496
12.6,73.9,-1.443,1.502
12.6,74.4,0.673,1.507
12.6,74.9,-0.289,1.512
12.6,75.4,-1.314,1.517
12.6,75.9,0.866,1.523
12.6,76.4,-0.096,1.528
12.6,76.9,-1.122,1.533
12.6,77.4,1.058,1.538
12.6,77.9,0.032,1.544
12.6,78.4,-0.930,1.548
12.6,78.9,1.186,1.554
12.6,79.4,0.224,1.559
12.6,79.9,-0.801,1.564
12.6,80.4,1.378,1.569
12.6,80.9,0.353,1.574
12.6,81.4,-0.609,1.578
12.6,81.9,1.507,1.584
12.6,82.4,0.481,1.588
12.6,82.9,-0.481,1.594
12.6,83.4,-1.507,1.598
12.6,83.9,0.673,1.603
12.6,84.4,-0.353,1.608
12.6,84.9,-1.314,1.613
12.6,85.4,0.801,1.618
12.6,85.9,-0.224,1.622
12.6,86.4,-1.186,1.627
12.6,86.9,0.930,1.632
12.6,87.4,-0.032,1.636
12.6,87.9,-1.058,1.641
12.6,88.4,1.058,1.645
12.6,88.9,0.096,1.651
12.6,89.4,-0.930,1.655
12.6,89.9,1.250,1.659
12.6,90.5,0.224,1.664
12.6,91.0,-0.801,1.668
12.6,91.5,1.378,1.673
12.6,92.0,0.353,1.677
12.6,92.5,-0.673,1.681
12.6,93.0,1.507,1.686
12.6,93.5,0.481,1.691
12.6,94.0,-0.545,1.694
12.6,94.5,-1.507,1.699
12.6,95.0,0.609,1.703
12.6,95.5,-0.417,1.707
12.6,96.0,-1.378,1.711
12.6,96.5,0.737,1.716
12.6,97.0,-0.289,1.720
12.6,97.5,-1.314,1.724
12.6,98.0,0.866,1.728
12.6,98.5,-0.160,1.732
12.6,99.0,-1.186,1.736
12.6,99.5,0.994,1.740
12.6,100.0,-0.032,1.744
13.1,0.0,0.417,0.498
13.1,0.5,-0.545,0.506
13.1,1.0,-1.443,0.514
13.1,1.5,0.737,0.522
13.1,2.0,-0.160,0.530
13.1,2.5,-1.122,0.538
13.1,3.0,1.058,0.545
13.1,3.5,0.160,0.553
13.1,4.0,-0.801,0.561
13.1,4.5,1.378,0.568
13.1,5.0,0.481,0.576
13.1,5.5,-0.481,0.584
13.1,6.0,-1.378,0.592
13.1,6.5,0.801,0.600
13.1,7.0,-0.160,0.607
13.1,7.5,-1.058,0.615
13.1,8.0,1.122,0.623
13.1,8.5,0.160,0.630
13.1,9.0,-0.737,0.638
13.1,9.5,1.443,0.646
13.1,10.1,0.481,0.653
13.1,10.6,-0.481,0.661
13.1,11.1,-1.378,0.669
13.1,11.6,0.801,0.676
13.1,12.1,-0.160,0.684
13.1,12.6,-1.058,0.691
13.1,13.1,1.122,0.699
13.1,13.6,0.160,0.707
13.1,14.1,-0.801,0.714
13.1,14.6,1.443,0.722
13.1,15.1,0.481,0.729
13.1,15.6,-0.481,0.737
13.1,16.1,-1.443,0.744
13.1,16.6,0.801,0.752
13.1,17.1,-0.160,0.759
13.1,17.6,-1.122,0.767
13.1,18.1,1.058,0.774
13.1,18.6,0.096,0.782
13.1,19.1,-0.801,0.789
13.1,19.6,1.378,0.797
13.1,20.1,0.417,0.804
13.1,20.6,-0.545,0.812
13.1,21.1,-1.507,0.819
13.1,21.6,0.737,0.826
13.1,22.1,-0.224,0.834
13.1,22.6,-1.186,0.841
13.1,23.1,0.994,0.848
13.1,23.6,0.032,0.856
13.1,24.1,-0.930,0.863
13.1,24.6,1.250,0.870
13.1,25.1,0.353,0.877
13.1,25.6,-0.609,0.885
13.1,26.1,1.571,0.892
13.1,26.6,0.609,0.899
13.1,27.1,-0.353,0.907
13.1,27.6,-1.314,0.914
13.1,28.1,0.866,0.921
13.1,28.6,-0.096,0.928
13.1,29.1,-1.058,0.935
13.1,29.6,1.122,0.942
13.1,30.2,0.224,0.949
13.1,30.7,-0.737,0.956
13.1,31.2,1.443,0.964
13.1,31.7,0.481,0.971
13.1,32.2,-0.481,0.978
13.1,32.7,-1.443,0.985
13.1,33.2,0.737,0.992
13.1,33.7,-0.224,0.999
13.1,34.2,-1.186,1.006
13.1,34.7,0.994,1.013
13.1,35.2,0.032,1.020
13.1,35.7,-0.930,1.027
13.1,36.2,1.250,1.034
13.1,36.7,0.289,1.041
13.1,37.2,-0.673,1.048
13.1,37.7,1.507,1.055
13.1,38.2,0.545,1.062
13.1,38.7,-0.417,1.068
13.1,39.2,-1.378,1.075
13.1,39.7,0.801,1.082
13.1,40.2,-0.160,1.089
13.1,40.7,-1.122,1.095
13.1,41.2,1.058,1.102
13.1,41.7,0.096,1.109
13.1,42.2,-0.930,1.115
13.1,42.7,1.250,1.122
13.1,43.2,0.289,1.129
13.1,43.7,-0.673,1.136
13.1,44.2,1.507,1.143
13.1,44.7,0.545,1.149
13.1,45.2,-0.417,1.156
13.1,45.7,-1.378,1.162
13.1,46.2,0.801,1.169
13.1,46.7,-0.160,1.175
13.1,47.2,-1.186,1.182
13.1,47.7,0.994,1.188
13.1,48.2,0.032,1.195
13.1,48.7,-0.930,1.202
13.1,49.2,1.250,1.208
13.1,49.7,0.289,1.214
13.1,50.3,-0.673,1.220
13.1,50.8,1.443,1.227
13.1,51.3,0.481,1.234
13.1,51.8,-0.481,1.240
13.1,52.3,-1.443,1.246
13.1,52.8,0.737,1.252
13.1,53.3,-0.289,1.258
13.1,53.8,-1.250,1.265
13.1,54.3,0.930,1.272
13.1,54.8,-0.032,1.278
13.1,55.3,-0.994,1.284
13.1,55.8,1.122,1.290
13.1,56.3,0.160,1.296
13.1,56.8,-0.801,1.302
13.1,57.3,1.378,1.308
13.1,57.8,0.353,1.314
13.1,58.3,-0.609,1.321
13.1,58.8,1.571,1.327
13.1,59.3,0.609,1.333
13.1,59.8,-0.417,1.339
13.1,60.3,-1.378,1.345
13.1,60.8,0.801,1.351
13.1,61.3,-0.160,1.356
13.1,61.8,-1.186,1.363
13.1,62.3,0.994,1.369
13.1,62.8,0.032,1.374
13.1,63.3,-0.994,1.380
13.1,63.8,1.186,1.386
13.1,64.3,0.224,1.392
13.1,64.8,-0.801,1.398
13.1,65.3,1.378,1.404
13.1,65.8,0.417,1.409
13.1,66.3,-0.609,1.415
13.1,66.8,1.571,1.421
13.1,67.3,0.609,1.426
13.1,67.8,-0.417,1.432
13.1,68.3,-1.378,1.438
13.1,68.8,0.737,1.443
13.1,69.3,-0.224,1.449
13.1,69.8,-1.186,1.454
13.1,70.4,0.930,1.460
13.1,70.9,-0.032,1.466
13.1,71.4,-1.058,1.471
13.1,71.9,1.122,1.477
13.1,72.4,0.160,1.482
13.1,72.9,-0.866,1.487
13.1,73.4,1.314,1.493
13.1,73.9,0.289,1.498
13.1,74.4,-0.673,1.504
13.1,74.9,1.443,1.508
13.1,75.4,0.481,1.514
13.1,75.9,-0.481,1.519
13.1,76.4,-1.507,1.525
13.1,76.9,0.673,1.529
13.1,77.4,-0.353,1.535
13.1,77.9,-1.314,1.540
13.1,78.4,0.801,1.545
13.1,78.9,-0.160,1.550
13.1,79.4,-1.186,1.556
13.1,79.9,0.994,1.560
13.1,80.4,-0.032,1.566
13.1,80.9,-0.994,1.570
13.1,81.4,1.122,1.576
13.1,81.9,0.160,1.580
13.1,82.4,-0.866,1.586
13.1,82.9,1.250,1.590
13.1,83.4,0.289,1.595
13.1,83.9,-0.737,1.600
13.1,84.4,1.443,1.605
13.1,84.9,0.417,1.610
13.1,85.4,-0.545,1.614
13.1,85.9,-1.571,1.620
13.1,86.4,0.545,1.624
13.1,86.9,-0.417,1.629
13.1,87.4,-1.443,1.633
13.1,87.9,0.737,1.638
13.1,88.4,-0.289,1.643
13.1,88.9,-1.314,1.647
13.1,89.4,0.866,1.652
13.1,89.9,-0.160,1.657
13.1,90.5,-1.122,1.661
13.1,91.0,0.994,1.666
13.1,91.5,-0.032,1.670
13.1,92.0,-0.994,1.674
13.1,92.5,1.122,1.679
13.1,93.0,0.096,1.683
13.1,93.5,-0.866,1.687
13.1,94.0,1.250,1.692
13.1,94.5,0.224,1.696
13.1,95.0,-0.737,1.700
13.1,95.5,1.378,1.705
13.1,96.0,0.353,1.709
13.1,96.5,-0.609,1.712
13.1,97.0,1.507,1.717
13.1,97.5,0.481,1.722
13.1,98.0,-0.545,1.725
13.1,98.5,-1.507,1.729
13.1,99.0,0.609,1.734
13.1,99.5,-0.417,1.738
13.1,100.0,-1.443,1.741
13.6,0.0,-0.994,0.493
13.6,0.5,1.186,0.501
13.6,1.0,0.289,0.509
13.6,1.5,-0.673,0.517
13.6,2.0,1.507,0.524
13.6,2.5,0.609,0.532
13.6,3.0,-0.353,0.540
13.6,3.5,-1.250,0.548
13.6,4.0,0.930,0.556
13.6,4.5,-0.032,0.563
13.6,5.0,-0.930,0.571
13.6,5.5,1.250,0.579
13.6,6.0,0.289,0.586
13.6,6.5,-0.609,0.594
13.6,7.0,-1.571,0.602
13.6,7.5,0.673,0.610
13.6,8.0,-0.289,0.618
13.6,8.5,-1.250,0.625
13.6,9.0,0.930,0.633
13.6,9.5,0.032,0.641
13.6,10.1,-0.930,0.648
13.6,10.6,1.250,0.656
13.6,11.1,0.353,0.664
13.6,11.6,-0.609,0.671
13.6,12.1,-1.571,0.679
13.6,12.6,0.673,0.686
13.6,13.1,-0.289,0.694
13.6,13.6,-1.250,0.702
13.6,14.1,0.930,0.709
13.6,14.6,0.032,0.717
13.6,15.1,-0.930,0.724
13.6,15.6,1.250,0.732
13.6,16.1,0.289,0.739
13.6,16.6,-0.609,0.747
13.6,17.1,1.571,0.754
13.6,17.6,0.609,0.762
13.6,18.1,-0.353,0.769
13.6,18.6,-1.314,0.777
13.6,19.1,0.930,0.784
13.6,19.6,-0.032,0.792
13.6,20.1,-0.994,0.799
13.6,20.6,1.186,0.807
13.6,21.1,0.224,0.814
13.6,21.6,-0.673,0.821
13.6,22.1,1.507,0.829
13.6,22.6,0.545,0.836
13.6,23.1,-0.417,0.844
13.6,23.6,-1.378,0.851
13.6,24.1,0.801,0.858
13.6,24.6,-0.096,0.865
13.6,25.1,-1.058,0.873
13.6,25.6,1.122,0.880
13.6,26.1,0.160,0.887
13.6,26.6,-0.801,0.895
13.6,27.1,1.378,0.902
13.6,27.6,0.417,0.909
13.6,28.1,-0.545,0.916
13.6,28.6,-1.507,0.923
13.6,29.1,0.673,0.930
13.6,29.6,-0.224,0.937
13.6,30.2,-1.186,0.945
13.6,30.7,0.994,0.952
13.6,31.2,0.032,0.959
13.6,31.7,-0.930,0.966
13.6,32.2,1.250,0.973
13.6,32.7,0.289,0.980
13.6,33.2,-0.673,0.987
13.6,33.7,1.507,0.994
13.6,34.2,0.545,1.001
13.6,34.7,-0.417,1.008
13.6,35.2,-1.378,1.015
13.6,35.7,0.801,1.022
13.6,36.2,-0.160,1.029
13.6,36.7,-1.122,1.036
13.6,37.2,1.058,1.043
13.6,37.7,0.096,1.050
13.6,38.2,-0.866,1.057
13.6,38.7,1.314,1.064
13.6,39.2,0.353,1.071
13.6,39.7,-0.609,1.078
13.6,40.2,1.571,1.084
13.6,40.7,0.609,1.091
13.6,41.2,-0.353,1.098
13.6,41.7,-1.314,1.105
13.6,42.2,0.866,1.111
13.6,42.7,-0.096,1.118
13.6,43.2,-1.058,1.124
13.6,43.7,1.058,1.131
13.6,44.2,0.096,1.138
13.6,44.7,-0.866,1.145
13.6,45.2,1.314,1.151
13.6,45.7,0.353,1.158
13.6,46.2,-0.609,1.165
13.6,46.7,1.571,1.171
13.6,47.2,0.609,1.178
13.6,47.7,-0.353,1.184
13.6,48.2,-1.378,1.190
13.6,48.7,0.801,1.197
13.6,49.2,-0.160,1.204
13.6,49.7,-1.122,1.210
13.6,50.3,1.058,1.217
13.6,50.8,0.096,1.223
13.6,51.3,-0.866,1.229
13.6,51.8,1.250,1.236
13.6,52.3,0.289,1.242
13.6,52.8,-0.673,1.249
13.6,53.3,1.507,1.255
13.6,53.8,0.545,1.261
13.6,54.3,-0.481,1.267
13.6,54.8,-1.443,1.274
13.6,55.3,0.737,1.280
13.6,55.8,-0.224,1.286
13.6,56.3,-1.186,1.292
13.6,56.8,0.930,1.298
13.6,57.3,-0.032,1.305
13.6,57.8,-0.994,1.311
13.6,58.3,1.186,1.316
13.6,58.8,0.160,1.323
13.6,59.3,-0.801,1.329
13.6,59.8,1.378,1.335
13.6,60.3,0.353,1.340
13.6,60.8,-0.609,1.347
13.6,61.3,1.571,1.353
13.6,61.8,0.609,1.358
13.6,62.3,-0.417,1.365
13.6,62.8,-1.378,1.371
13.6,63.3,0.801,1.376
13.6,63.8,-0.224,1.382
13.6,64.3,-1.186,1.388
13.6,64.8,0.994,1.394
13.6,65.3,-0.032,1.399
13.6,65.8,-0.994,1.406
13.6,66.3,1.186,1.411
13.6,66.8,0.160,1.417
13.6,67.3,-0.801,1.423
13.6,67.8,1.378,1.428
13.6,68.3,0.353,1.434
13.6,68.8,-0.609,1.440
13.6,69.3,1.571,1.445
13.6,69.8,0.545,1.451
13.6,70.4,-0.417,1.456
13.6,70.9,-1.443,1.462
13.6,71.4,0.737,1.468
13.6,71.9,-0.224,1.472
13.6,72.4,-1.250,1.478
13.6,72.9,0.930,1.484
13.6,73.4,-0.096,1.489
13.6,73.9,-1.058,1.495
13.6,74.4,1.058,1.500
13.6,74.9,0.096,1.505
13.6,75.4,-0.930,1.510
13.6,75.9,1.250,1.516
13.6,76.4,0.289,1.521
13.6,76.9,-0.737,1.527
13.6,77.4,1.443,1.531
13.6,77.9,0.417,1.537
13.6,78.4,-0.545,1.542
13.6,78.9,-1.571,1.547
13.6,79.4,0.609,1.552
13.6,79.9,-0.417,1.557
13.6,80.4,-1.378,1.562
13.6,80.9,0.737,1.567
13.6,81.4,-0.224,1.572
13.6,81.9,-1.250,1.578
13.6,82.4,0.930,1.582
13.6,82.9,-0.096,1.587
13.6,83.4,-1.122,1.592
13.6,83.9,1.058,1.597
13.6,84.4,0.032,1.602
13.6,84.9,-0.930,1.607
13.6,85.4,1.186,1.612
13.6,85.9,0.224,1.616
13.6,86.4,-0.801,1.621
13.6,86.9,1.314,1.625
13.6,87.4,0.353,1.631
13.6,87.9,-0.673,1.635
13.6,88.4,1.507,1.640
13.6,88.9,0.481,1.645
13.6,89.4,-0.545,1.649
13.6,89.9,-1.507,1.654
13.6,90.5,0.609,1.658
13.6,91.0,-0.353,1.662
13.6,91.5,-1.378,1.667
13.6,92.0,0.737,1.671
13.6,92.5,-0.224,1.676
13.6,93.0,-1.250,1.680
13.6,93.5,0.866,1.685
13.6,94.0,-0.096,1.689
13.6,94.5,-1.122,1.694
13.6,95.0,0.994,1.698
13.6,95.5,0.032,1.701
13.6,96.0,-0.994,1.706
13.6,96.5,1.122,1.710
13.6,97.0,0.096,1.714
13.6,97.5,-0.866,1.719
13.6,98.0,1.250,1.723
13.6,98.5,0.224,1.727
13.6,99.0,-0.737,1.731
13.6,99.5,1.378,1.735
13.6,100.0,0.353,1.739
14.1,0.0,0.737,0.488
14.1,0.5,-0.224,0.496
14.1,1.0,-1.122,0.503
14.1,1.5,1.058,0.511
14.1,2.0,0.096,0.519
14.1,2.5,-0.801,0.527
14.1,3.0,1.378,0.535
14.1,3.5,0.481,0.543
14.1,4.0,-0.481,0.550
14.1,4.5,-1.443,0.558
14.1,5.0,0.801,0.566
14.1,5.5,-0.160,0.574
14.1,6.0,-1.122,0.581
14.1,6.5,1.122,0.589
14.1,7.0,0.160,0.597
14.1,7.5,-0.801,0.604
14.1,8.0,1.443,0.612
14.1,8.5,0.481,0.620
14.1,9.0,-0.481,0.628
14.1,9.5,-1.378,0.636
14.1,10.1,0.801,0.643
14.1,10.6,-0.160,0.651
14.1,11.1,-1.058,0.658
14.1,11.6,1.122,0.666
14.1,12.1,0.160,0.674
14.1,12.6,-0.737,0.681
14.1,13.1,1.443,0.689
14.1,13.6,0.481,0.697
14.1,14.1,-0.481,0.704
14.1,14.6,-1.378,0.712
14.1,15.1,0.801,0.719
14.1,15.6,-0.160,0.727
14.1,16.1,-1.122,0.734
14.1,16.6,1.122,0.742
14.1,17.1,0.160,0.749
14.1,17.6,-0.801,0.757
14.1,18.1,1.378,0.764
14.1,18.6,0.417,0.772
14.1,19.1,-0.481,0.779
14.1,19.6,-1.443,0.787
14.1,20.1,0.737,0.794
14.1,20.6,-0.224,0.802
14.1,21.1,-1.186,0.809
14.1,21.6,1.058,0.816
14.1,22.1,0.096,0.824
14.1,22.6,-0.866,0.831
14.1,23.1,1.314,0.839
14.1,23.6,0.353,0.846
14.1,24.1,-0.609,0.853
14.1,24.6,-1.507,0.860
14.1,25.1,0.673,0.868
14.1,25.6,-0.289,0.875
14.1,26.1,-1.250,0.883
14.1,26.6,0.930,0.890
14.1,27.1,-0.032,0.897
14.1,27.6,-0.994,0.904
14.1,28.1,1.186,0.911
14.1,28.6,0.289,0.918
14.1,29.1,-0.673,0.926
14.1,29.6,1.507,0.933
14.1,30.2,0.545,0.940
14.1,30.7,-0.417,0.947
14.1,31.2,-1.378,0.954
14.1,31.7,0.801,0.962
14.1,32.2,-0.160,0.969
14.1,32.7,-1.122,0.976
14.1,33.2,1.058,0.983
14.1,33.7,0.096,0.990
14.1,34.2,-0.866,0.997
14.1,34.7,1.314,1.004
14.1,35.2,0.353,1.011
14.1,35.7,-0.609,1.018
14.1,36.2,-1.571,1.025
14.1,36.7,0.609,1.032
14.1,37.2,-0.353,1.038
14.1,37.7,-1.314,1.045
14.1,38.2,0.866,1.052
14.1,38.7,-0.096,1.059
14.1,39.2,-1.058,1.066
14.1,39.7,1.122,1.073
14.1,40.2,0.160,1.080
14.1,40.7,-0.801,1.087
14.1,41.2,1.378,1.093
14.1,41.7,0.417,1.100
14.1,42.2,-0.545,1.107
14.1,42.7,-1.507,1.114
14.1,43.2,0.673,1.120
14.1,43.7,-0.289,1.127
14.1,44.2,-1.250,1.133
14.1,44.7,0.930,1.140
14.1,45.2,-0.096,1.147
14.1,45.7,-1.058,1.153
14.1,46.2,1.122,1.160
14.1,46.7,0.160,1.167
14.1,47.2,-0.801,1.173
14.1,47.7,1.378,1.180
14.1,48.2,0.417,1.186
14.1,48.7,-0.545,1.193
14.1,49.2,-1.571,1.199
14.1,49.7,0.609,1.206
14.1,50.3,-0.353,1.212
14.1,50.8,-1.314,1.219
14.1,51.3,0.866,1.225
14.1,51.8,-0.096,1.231
14.1,52.3,-1.122,1.237
14.1,52.8,1.058,1.244
14.1,53.3,0.096,1.251
14.1,53.8,-0.866,1.257
14.1,54.3,1.314,1.263
14.1,54.8,0.353,1.269
14.1,55.3,-0.673,1.276
14.1,55.8,1.507,1.282
14.1,56.3,0.545,1.288
14.1,56.8,-0.417,1.294
14.1,57.3,-1.443,1.300
14.1,57.8,0.737,1.307
14.1,58.3,-0.224,1.313
14.1,58.8,-1.186,1.318
14.1,59.3,0.930,1.325
14.1,59.8,-0.032,1.331
14.1,60.3,-0.994,1.337
14.1,60.8,1.186,1.342
14.1,61.3,0.160,1.349
14.1,61.8,-0.801,1.355
14.1,62.3,1.378,1.361
14.1,62.8,0.353,1.366
14.1,63.3,-0.609,1.373
14.1,63.8,1.571,1.378
14.1,64.3,0.545,1.384
14.1,64.8,-0.417,1.390
14.1,65.3,-1.378,1.396
14.1,65.8,0.737,1.401
14.1,66.3,-0.224,1.408
14.1,66.8,-1.186,1.413
14.1,67.3,0.930,1.419
14.1,67.8,-0.032,1.425
14.1,68.3,-0.994,1.430
14.1,68.8,1.122,1.436
14.1,69.3,0.160,1.442
14.1,69.8,-0.801,1.447
14.1,70.4,1.314,1.453
14.1,70.9,0.353,1.458
14.1,71.4,-0.673,1.464
14.1,71.9,1.507,1.469
14.1,72.4,0.545,1.474
14.1,72.9,-0.481,1.480
14.1,73.4,-1.443,1.486
14.1,73.9,0.673,1.491
14.1,74.4,-0.289,1.496
14.1,74.9,-1.314,1.501
14.1,75.4,0.866,1.507
14.1,75.9,-0.160,1.512
14.1,76.4,-1.122,1.518
14.1,76.9,1.058,1.523
14.1,77.4,0.032,1.528
14.1,77.9,-0.930,1.533
14.1,78.4,1.186,1.539
14.1,78.9,0.224,1.543
14.1,79.4,-0.801,1.549
14.1,79.9,1.378,1.554
14.1,80.4,0.353,1.559
14.1,80.9,-0.609,1.564
14.1,81.4,1.507,1.569
14.1,81.9,0.545,1.574
14.1,82.4,-0.481,1.579
14.1,82.9,-1.443,1.583
14.1,83.4,0.673,1.589
14.1,83.9,-0.353,1.593
14.1,84.4,-1.314,1.599
14.1,84.9,0.801,1.603
14.1,85.4,-0.160,1.608
14.1,85.9,-1.186,1.613
14.1,86.4,0.994,1.618
14.1,86.9,-0.032,1.623
14.1,87.4,-1.058,1.627
14.1,87.9,1.122,1.632
14.1,88.4,0.096,1.637
14.1,88.9,-0.866,1.641
14.1,89.4,1.250,1.646
14.1,89.9,0.224,1.650
14.1,90.5,-0.737,1.655
14.1,91.0,1.378,1.660
14.1,91.5,0.417,1.663
14.1,92.0,-0.609,1.669
14.1,92.5,1.507,1.673
14.1,93.0,0.545,1.677
14.1,93.5,-0.481,1.682
14.1,94.0,-1.507,1.686
14.1,94.5,0.673,1.690
14.1,95.0,-0.353,1.695
14.1,95.5,-1.378,1.699
14.1,96.0,0.801,1.703
14.1,96.5,-0.224,1.708
14.1,97.0,-1.250,1.712
14.1,97.5,0.866,1.716
14.1,98.0,-0.096,1.720
14.1,98.5,-1.122,1.724
14.1,99.0,0.994,1.728
14.1,99.5,0.032,1.732
14.1,100.0,-0.994,1.736
14.6,0.0,-0.673,0.483
14.6,0.5,1.507,0.491
14.6,1.0,0.545,0.498
14.6,1.5,-0.353,0.506
14.6,2.0,-1.314,0.514
14.6,2.5,0.930,0.522
14.6,3.0,-0.032,0.530
14.6,3.5,-0.930,0.537
14.6,4.0,1.250,0.545
14.6,4.5,0.289,0.553
14.6,5.0,-0.609,0.561
14.6,5.5,-1.571,0.569
14.6,6.0,0.609,0.576
14.6,6.5,-0.289,0.584
14.6,7.0,-1.250,0.592
14.6,7.5,0.930,0.599
14.6,8.0,0.032,0.607
14.6,8.5,-0.930,0.615
14.6,9.0,1.250,0.623
14.6,9.5,0.353,0.630
14.6,10.1,-0.609,0.638
14.6,10.6,-1.571,0.646
14.6,11.1,0.673,0.653
14.6,11.6,-0.289,0.661
14.6,12.1,-1.250,0.669
14.6,12.6,0.994,0.676
14.6,13.1,0.032,0.684
14.6,13.6,-0.930,0.692
14.6,14.1,1.250,0.699
14.6,14.6,0.353,0.707
14.6,15.1,-0.609,0.714
14.6,15.6,-1.571,0.722
14.6,16.1,0.609,0.729
14.6,16.6,-0.289,0.737
14.6,17.1,-1.250,0.744
14.6,17.6,0.930,0.752
14.6,18.1,-0.032,0.759
14.6,18.6,-0.930,0.767
14.6,19.1,1.250,0.774
14.6,19.6,0.289,0.782
14.6,20.1,-0.673,0.789
14.6,20.6,1.507,0.797
14.6,21.1,0.609,0.804
14.6,21.6,-0.353,0.812
14.6,22.1,-1.314,0.819
14.6,22.6,0.866,0.826
14.6,23.1,-0.096,0.834
14.6,23.6,-1.058,0.841
14.6,24.1,1.186,0.848
14.6,24.6,0.224,0.856
14.6,25.1,-0.737,0.863
14.6,25.6,1.443,0.870
14.6,26.1,0.481,0.878
14.6,26.6,-0.481,0.885
14.6,27.1,-1.443,0.892
14.6,27.6,0.737,0.899
14.6,28.1,-0.160,0.906
14.6,28.6,-1.122,0.914
14.6,29.1,1.058,0.921
14.6,29.6,0.096,0.928
14.6,30.2,-0.866,0.935
14.6,30.7,1.314,0.943
14.6,31.2,0.353,0.950
14.6,31.7,-0.609,0.957
14.6,32.2,-1.571,0.964
14.6,32.7,0.609,0.971
14.6,33.2,-0.353,0.978
14.6,33.7,-1.314,0.985
14.6,34.2,0.866,0.992
14.6,34.7,-0.096,0.999
14.6,35.2,-1.058,1.006
14.6,35.7,1.122,1.013
14.6,36.2,0.160,1.020
14.6,36.7,-0.801,1.027
14.6,37.2,1.378,1.034
14.6,37.7,0.417,1.041
14.6,38.2,-0.545,1.047
14.6,38.7,-1.507,1.054
14.6,39.2,0.673,1.061
14.6,39.7,-0.289,1.068
14.6,40.2,-1.250,1.075
14.6,40.7,0.930,1.082
14.6,41.2,-0.032,1.089
14.6,41.7,-0.994,1.096
14.6,42.2,1.186,1.102
14.6,42.7,0.224,1.109
14.6,43.2,-0.737,1.116
14.6,43.7,1.443,1.123
14.6,44.2,0.481,1.129
14.6,44.7,-0.481,1.136
14.6,45.2,-1.443,1.142
14.6,45.7,0.737,1.149
14.6,46.2,-0.289,1.155
14.6,46.7,-1.250,1.162
14.6,47.2,0.930,1.169
14.6,47.7,-0.032,1.176
14.6,48.2,-0.994,1.182
14.6,48.7,1.186,1.189
14.6,49.2,0.224,1.195
14.6,49.7,-0.737,1.201
14.6,50.3,1.378,1.208
14.6,50.8,0.417,1.214
14.6,51.3,-0.545,1.221
14.6,51.8,-1.507,1.227
14.6,52.3,0.673,1.234
14.6,52.8,-0.289,1.240
14.6,53.3,-1.314,1.246
14.6,53.8,0.866,1.253
14.6,54.3,-0.096,1.259
14.6,54.8,-1.058,1.265
14.6,55.3,1.122,1.271
14.6,55.8,0.096,1.277
14.6,56.3,-0.866,1.284
14.6,56.8,1.314,1.290
14.6,57.3,0.353,1.296
14.6,57.8,-0.673,1.302
14.6,58.3,1.507,1.309
14.6,58.8,0.545,1.315
14.6,59.3,-0.417,1.321
14.6,59.8,-1.443,1.326
14.6,60.3,0.737,1.333
14.6,60.8,-0.224,1.339
14.6,61.3,-1.186,1.345
14.6,61.8,0.930,1.351
14.6,62.3,-0.032,1.357
14.6,62.8,-0.994,1.363
14.6,63.3,1.122,1.368
14.6,63.8,0.160,1.375
14.6,64.3,-0.801,1.381
14.6,64.8,1.378,1.386
14.6,65.3,0.353,1.392
14.6,65.8,-0.609,1.398
14.6,66.3,1.571,1.403
14.6,66.8,0.545,1.409
14.6,67.3,-0.417,1.415
14.6,67.8,-1.443,1.420
14.6,68.3,0.737,1.427
14.6,68.8,-0.224,1.432
14.6,69.3,-1.250,1.438
14.6,69.8,0.930,1.444
14.6,70.4,-0.032,1.449
14.6,70.9,-1.058,1.455
14.6,71.4,1.122,1.460
14.6,71.9,0.096,1.465
14.6,72.4,-0.866,1.471
14.6,72.9,1.314,1.476
14.6,73.4,0.289,1.482
14.6,73.9,-0.673,1.487
14.6,74.4,1.443,1.493
14.6,74.9,0.481,1.498
14.6,75.4,-0.545,1.503
14.6,75.9,-1.507,1.509
14.6,76.4,0.673,1.514
14.6,76.9,-0.353,1.520
14.6,77.4,-1.314,1.524
14.6,77.9,0.801,1.530
14.6,78.4,-0.160,1.535
14.6,78.9,-1.186,1.540
14.6,79.4,0.994,1.545
14.6,79.9,-0.032,1.551
14.6,80.4,-0.994,1.555
14.6,80.9,1.122,1.561
14.6,81.4,0.160,1.566
14.6,81.9,-0.866,1.571
14.6,82.4,1.314,1.575
14.6,82.9,0.289,1.581
14.6,83.4,-0.673,1.585
14.6,83.9,1.443,1.591
14.6,84.4,0.417,1.595
14.6,84.9,-0.545,1.600
14.6,85.4,-1.571,1.605
14.6,85.9,0.609,1.610
14.6,86.4,-0.417,1.615
14.6,86.9,-1.378,1.619
14.6,87.4,0.737,1.624
14.6,87.9,-0.289,1.629
14.6,88.4,-1.250,1.634
14.6,88.9,0.866,1.638
14.6,89.4,-0.096,1.643
14.6,89.9,-1.122,1.648
14.6,90.5,0.994,1.652
14.6,91.0,0.032,1.657
14.6,91.5,-0.994,1.661
14.6,92.0,1.122,1.665
14.6,92.5,0.160,1.670
14.6,93.0,-0.866,1.675
14.6,93.5,1.314,1.678
14.6,94.0,0.289,1.683
14.6,94.5,-0.737,1.688
14.6,95.0,1.443,1.691
14.6,95.5,0.417,1.696
14.6,96.0,-0.609,1.701
14.6,96.5,1.507,1.704
14.6,97.0,0.545,1.709
14.6,97.5,-0.481,1.713
14.6,98.0,-1.507,1.717
14.6,98.5,0.673,1.721
14.6,99.0,-0.353,1.726
14.6,99.5,-1.378,1.730
14.6,100.0,0.737,1.733
15.1,0.0,1.058,0.477
15.1,0.5,0.096,0.485
15.1,1.0,-0.866,0.493
15.1,1.5,1.378,0.501
15.1,2.0,0.417,0.509
15.1,2.5,-0.481,0.517
15.1,3.0,-1.443,0.524
15.1,3.5,0.737,0.532
15.1,4.0,-0.160,0.540
15.1,4.5,-1.122,0.548
15.1,5.0,1.122,0.555
15.1,5.5,0.160,0.563
15.1,6.0,-0.801,0.571
15.1,6.5,1.443,0.579
15.1,7.0,0.481,0.587
15.1,7.5,-0.481,0.594
15.1,8.0,-1.378,0.602
15.1,8.5,0.801,0.610
15.1,9.0,-0.160,0.617
15.1,9.5,-1.058,0.625
15.1,10.1,1.122,0.633
15.1,10.6,0.160,0.641
15.1,11.1,-0.737,0.648
15.1,11.6,1.443,0.656
15.1,12.1,0.481,0.664
15.1,12.6,-0.417,0.671
15.1,13.1,-1.378,0.679
15.1,13.6,0.801,0.687
15.1,14.1,-0.160,0.694
15.1,14.6,-1.058,0.702
15.1,15.1,1.122,0.709
15.1,15.6,0.160,0.717
15.1,16.1,-0.801,0.724
15.1,16.6,1.443,0.732
15.1,17.1,0.481,0.739
15.1,17.6,-0.481,0.747
15.1,18.1,-1.443,0.754
15.1,18.6,0.801,0.762
15.1,19.1,-0.160,0.769
15.1,19.6,-1.122,0.777
15.1,20.1,1.058,0.784
15.1,20.6,0.096,0.792
15.1,21.1,-0.801,0.799
15.1,21.6,1.378,0.807
15.1,22.1,0.417,0.814
15.1,22.6,-0.545,0.821
15.1,23.1,-1.507,0.829
15.1,23.6,0.673,0.836
15.1,24.1,-0.224,0.843
15.1,24.6,-1.186,0.851
15.1,25.1,0.994,0.858
15.1,25.6,0.032,0.866
15.1,26.1,-0.930,0.873
15.1,26.6,1.250,0.880
15.1,27.1,0.289,0.887
15.1,27.6,-0.609,0.894
15.1,28.1,1.571,0.902
15.1,28.6,0.609,0.909
15.1,29.1,-0.353,0.916
15.1,29.6,-1.314,0.923
15.1,30.2,0.866,0.931
15.1,30.7,-0.096,0.938
15.1,31.2,-1.058,0.945
15.1,31.7,1.122,0.952
15.1,32.2,0.160,0.959
15.1,32.7,-0.801,0.966
15.1,33.2,1.378,0.973
15.1,33.7,0.417,0.980
15.1,34.2,-0.481,0.987
15.1,34.7,-1.443,0.994
15.1,35.2,0.737,1.001
15.1,35.7,-0.224,1.008
15.1,36.2,-1.186,1.015
15.1,36.7,0.994,1.022
15.1,37.2,0.032,1.029
15.1,37.7,-0.930,1.036
15.1,38.2,1.250,1.043
15.1,38.7,0.289,1.050
15.1,39.2,-0.673,1.057
15.1,39.7,1.507,1.064
15.1,40.2,0.545,1.070
15.1,40.7,-0.417,1.077
15.1,41.2,-1.443,1.084
15.1,41.7,0.737,1.091
15.1,42.2,-0.224,1.098
15.1,42.7,-1.186,1.105
15.1,43.2,0.994,1.111
15.1,43.7,0.032,1.118
15.1,44.2,-0.930,1.125
15.1,44.7,1.250,1.132
15.1,45.2,0.289,1.138
15.1,45.7,-0.673,1.145
15.1,46.2,1.507,1.151
15.1,46.7,0.545,1.158
15.1,47.2,-0.417,1.164
15.1,47.7,-1.443,1.171
15.1,48.2,0.737,1.178
15.1,48.7,-0.224,1.184
15.1,49.2,-1.186,1.191
15.1,49.7,0.994,1.197
15.1,50.3,0.032,1.204
15.1,50.8,-0.930,1.210
15.1,51.3,1.186,1.216
15.1,51.8,0.224,1.223
15.1,52.3,-0.737,1.230
15.1,52.8,1.443,1.236
15.1,53.3,0.481,1.242
15.1,53.8,-0.481,1.248
15.1,54.3,-1.507,1.255
15.1,54.8,0.673,1.261
15.1,55.3,-0.289,1.267
15.1,55.8,-1.250,1.274
15.1,56.3,0.930,1.279
15.1,56.8,-0.096,1.286
15.1,57.3,-1.058,1.292
15.1,57.8,1.122,1.298
15.1,58.3,0.160,1.304
15.1,58.8,-0.866,1.311
15.1,59.3,1.314,1.317
15.1,59.8,0.353,1.323
15.1,60.3,-0.609,1.329
15.1,60.8,1.507,1.335
15.1,61.3,0.545,1.341
15.1,61.8,-0.417,1.347
15.1,62.3,-1.443,1.353
15.1,62.8,0.737,1.359
15.1,63.3,-0.224,1.365
15.1,63.8,-1.186,1.370
15.1,64.3,0.930,1.377
15.1,64.8,-0.032,1.383
15.1,65.3,-0.994,1.388
15.1,65.8,1.122,1.394
15.1,66.3,0.160,1.400
15.1,66.8,-0.801,1.405
15.1,67.3,1.314,1.411
15.1,67.8,0.353,1.417
15.1,68.3,-0.609,1.422
15.1,68.8,1.507,1.429
15.1,69.3,0.545,1.434
15.1,69.8,-0.481,1.439
15.1,70.4,-1.443,1.446
15.1,70.9,0.737,1.451
15.1,71.4,-0.289,1.456
15.1,71.9,-1.250,1.462
15.1,72.4,0.866,1.467
15.1,72.9,-0.096,1.473
15.1,73.4,-1.058,1.478
15.1,73.9,1.058,1.484
15.1,74.4,0.096,1.489
15.1,74.9,-0.930,1.494
15.1,75.4,1.250,1.500
15.1,75.9,0.224,1.505
15.1,76.4,-0.737,1.511
15.1,76.9,1.443,1.516
15.1,77.4,0.417,1.521
15.1,77.9,-0.545,1.526
15.1,78.4,-1.571,1.532
15.1,78.9,0.609,1.537
15.1,79.4,-0.417,1.542
15.1,79.9,-1.378,1.547
15.1,80.4,0.737,1.552
15.1,80.9,-0.224,1.557
15.1,81.4,-1.250,1.563
15.1,81.9,0.930,1.567
15.1,82.4,-0.096,1.573
15.1,82.9,-1.058,1.577
15.1,83.4,1.058,1.583
15.1,83.9,0.096,1.587
15.1,84.4,-0.930,1.592
15.1,84.9,1.186,1.597
15.1,85.4,0.224,1.602
15.1,85.9,-0.801,1.607
15.1,86.4,1.378,1.612
15.1,86.9,0.353,1.617
15.1,87.4,-0.609,1.621
15.1,87.9,1.507,1.626
15.1,88.4,0.481,1.630
15.1,88.9,-0.481,1.635
15.1,89.4,-1.507,1.640
15.1,89.9,0.673,1.644
15.1,90.5,-0.353,1.649
15.1,91.0,-1.378,1.653
15.1,91.5,0.801,1.658
15.1,92.0,-0.224,1.663
15.1,92.5,-1.250,1.667
15.1,93.0,0.930,1.672
15.1,93.5,-0.096,1.676
15.1,94.0,-1.122,1.680
15.1,94.5,1.058,1.685
15.1,95.0,0.032,1.689
15.1,95.5,-0.994,1.693
15.1,96.0,1.186,1.698
15.1,96.5,0.160,1.702
15.1,97.0,-0.866,1.706
15.1,97.5,1.314,1.710
15.1,98.0,0.289,1.715
15.1,98.5,-0.737,1.719
15.1,99.0,1.443,1.722
15.1,99.5,0.417,1.727
15.1,100.0,-0.609,1.731
15.6,0.0,-0.417,0.472
15.6,0.5,-1.314,0.480
15.6,1.0,0.866,0.488
15.6,1.5,-0.032,0.496
15.6,2.0,-0.994,0.504
15.6,2.5,1.250,0.511
15.6,3.0,0.289,0.519
15.6,3.5,-0.673,0.527
15.6,4.0,1.571,0.535
15.6,4.5,0.609,0.543
15.6,5.0,-0.289,0.550
15.6,5.5,-1.250,0.558
15.6,6.0,0.930,0.566
15.6,6.5,0.032,0.574
15.6,7.0,-0.930,0.582
15.6,7.5,1.250,0.589
15.6,8.0,0.353,0.597
15.6,8.5,-0.609,0.605
15.6,9.0,-1.571,0.612
15.6,9.5,0.673,0.620
15.6,10.1,-0.289,0.628
15.6,10.6,-1.250,0.635
15.6,11.1,0.994,0.643
15.6,11.6,0.032,0.651
15.6,12.1,-0.930,0.658
15.6,12.6,1.314,0.666
15.6,13.1,0.353,0.674
15.6,13.6,-0.609,0.681
15.6,14.1,-1.571,0.689
15.6,14.6,0.673,0.697
15.6,15.1,-0.289,0.704
15.6,15.6,-1.250,0.712
15.6,16.1,0.930,0.719
15.6,16.6,0.032,0.727
15.6,17.1,-0.930,0.734
15.6,17.6,1.250,0.742
15.6,18.1,0.289,0.749
15.6,18.6,-0.609,0.757
15.6,19.1,1.571,0.764
15.6,19.6,0.609,0.772
15.6,20.1,-0.353,0.779
15.6,20.6,-1.314,0.787
15.6,21.1,0.930,0.794
15.6,21.6,-0.032,0.802
15.6,22.1,-0.994,0.809
15.6,22.6,1.186,0.817
15.6,23.1,0.224,0.824
15.6,23.6,-0.673,0.831
15.6,24.1,1.507,0.839
15.6,24.6,0.545,0.846
15.6,25.1,-0.417,0.853
15.6,25.6,-1.378,0.861
15.6,26.1,0.801,0.868
15.6,26.6,-0.160,0.875
15.6,27.1,-1.058,0.882
15.6,27.6,1.122,0.890
15.6,28.1,0.160,0.897
15.6,28.6,-0.801,0.904
15.6,29.1,1.378,0.912
15.6,29.6,0.417,0.919
15.6,30.2,-0.545,0.926
15.6,30.7,-1.507,0.933
15.6,31.2,0.673,0.940
15.6,31.7,-0.289,0.947
15.6,32.2,-1.250,0.954
15.6,32.7,0.994,0.961
15.6,33.2,0.032,0.968
15.6,33.7,-0.930,0.976
15.6,34.2,1.250,0.983
15.6,34.7,0.289,0.990
15.6,35.2,-0.673,0.997
15.6,35.7,1.507,1.004
15.6,36.2,0.545,1.011
15.6,36.7,-0.417,1.018
15.6,37.2,-1.378,1.025
15.6,37.7,0.801,1.032
15.6,38.2,-0.160,1.039
15.6,38.7,-1.122,1.046
15.6,39.2,1.058,1.052
15.6,39.7,0.096,1.059
15.6,40.2,-0.866,1.066
15.6,40.7,1.314,1.073
15.6,41.2,0.353,1.080
15.6,41.7,-0.609,1.086
15.6,42.2,1.571,1.093
15.6,42.7,0.609,1.100
15.6,43.2,-0.417,1.106
15.6,43.7,-1.378,1.113
15.6,44.2,0.801,1.120
15.6,44.7,-0.160,1.127
15.6,45.2,-1.122,1.134
15.6,45.7,1.058,1.140
15.6,46.2,0.096,1.147
15.6,46.7,-0.866,1.154
15.6,47.2,1.314,1.160
15.6,47.7,0.353,1.167
15.6,48.2,-0.609,1.173
15.6,48.7,1.507,1.180
15.6,49.2,0.545,1.186
15.6,49.7,-0.417,1.193
15.6,50.3,-1.378,1.200
15.6,50.8,0.801,1.206
15.6,51.3,-0.160,1.212
15.6,51.8,-1.122,1.218
15.6,52.3,0.994,1.225
15.6,52.8,0.032,1.232
15.6,53.3,-0.930,1.238
15.6,53.8,1.250,1.244
15.6,54.3,0.289,1.250
15.6,54.8,-0.737,1.257
15.6,55.3,1.443,1.263
15.6,55.8,0.481,1.270
15.6,56.3,-0.481,1.276
15.6,56.8,-1.443,1.282
15.6,57.3,0.673,1.288
15.6,57.8,-0.289,1.294
15.6,58.3,-1.250,1.301
15.6,58.8,0.930,1.307
15.6,59.3,-0.096,1.312
15.6,59.8,-1.058,1.319
15.6,60.3,1.122,1.325
15.6,60.8,0.160,1.331
15.6,61.3,-0.866,1.337
15.6,61.8,1.314,1.343
15.6,62.3,0.353,1.349
15.6,62.8,-0.609,1.354
15.6,63.3,1.507,1.361
15.6,63.8,0.545,1.367
15.6,64.3,-0.417,1.372
15.6,64.8,-1.443,1.378
15.6,65.3,0.737,1.385
15.6,65.8,-0.224,1.390
15.6,66.3,-1.250,1.396
15.6,66.8,0.930,1.402
15.6,67.3,-0.032,1.407
15.6,67.8,-1.058,1.413
15.6,68.3,1.122,1.419
15.6,68.8,0.160,1.424
15.6,69.3,-0.866,1.430
15.6,69.8,1.314,1.436
15.6,70.4,0.289,1.441
15.6,70.9,-0.673,1.447
15.6,71.4,1.507,1.453
15.6,71.9,0.481,1.458
15.6,72.4,-0.481,1.464
15.6,72.9,-1.443,1.469
15.6,73.4,0.673,1.475
15.6,73.9,-0.289,1.480
15.6,74.4,-1.314,1.486
15.6,74.9,0.866,1.491
15.6,75.4,-0.160,1.496
15.6,75.9,-1.122,1.502
15.6,76.4,0.994,1.507
15.6,76.9,0.032,1.513
15.6,77.4,-0.930,1.517
15.6,77.9,1.186,1.523
15.6,78.4,0.224,1.528
15.6,78.9,-0.801,1.534
15.6,79.4,1.378,1.539
15.6,79.9,0.353,1.544
15.6,80.4,-0.609,1.549
15.6,80.9,1.507,1.554
15.6,81.4,0.545,1.559
15.6,81.9,-0.481,1.564
15.6,82.4,-1.443,1.569
15.6,82.9,0.673,1.574
15.6,83.4,-0.289,1.579
15.6,83.9,-1.314,1.584
15.6,84.4,0.866,1.589
15.6,84.9,-0.160,1.594
15.6,85.4,-1.186,1.598
15.6,85.9,0.994,1.604
15.6,86.4,-0.032,1.608
15.6,86.9,-0.994,1.613
15.6,87.4,1.122,1.618
15.6,87.9,0.160,1.622
15.6,88.4,-0.866,1.628
15.6,88.9,1.250,1.632
15.6,89.4,0.289,1.637
15.6,89.9,-0.737,1.642
15.6,90.5,1.443,1.646
15.6,91.0,0.417,1.651
15.6,91.5,-0.609,1.655
15.6,92.0,1.571,1.660
15.6,92.5,0.545,1.664
15.6,93.0,-0.481,1.668
15.6,93.5,-1.443,1.673
15.6,94.0,0.673,1.678
15.6,94.5,-0.353,1.681
15.6,95.0,-1.314,1.686
15.6,95.5,0.801,1.691
15.6,96.0,-0.224,1.695
15.6,96.5,-1.186,1.699
15.6,97.0,0.930,1.704
15.6,97.5,-0.096,1.707
15.6,98.0,-1.058,1.712
15.6,98.5,1.058,1.716
15.6,99.0,0.032,1.720
15.6,99.5,-0.930,1.724
15.6,100.0,1.186,1.728
16.1,0.0,1.314,0.467
16.1,0.5,0.417,0.475
16.1,1.0,-0.545,0.483
16.1,1.5,-1.443,0.490
16.1,2.0,0.737,0.498
16.1,2.5,-0.224,0.506
16.1,3.0,-1.122,0.514
16.1,3.5,1.058,0.522
16.1,4.0,0.160,0.530
16.1,4.5,-0.801,0.537
16.1,5.0,1.378,0.545
16.1,5.5,0.481,0.553
16.1,6.0,-0.481,0.561
16.1,6.5,-1.378,0.568
16.1,7.0,0.801,0.576
16.1,7.5,-0.160,0.584
16.1,8.0,-1.058,0.592
16.1,8.5,1.122,0.600
16.1,9.0,0.160,0.607
16.1,9.5,-0.737,0.615
16.1,10.1,1.443,0.623
16.1,10.6,0.481,0.630
16.1,11.1,-0.417,0.638
16.1,11.6,-1.378,0.646
16.1,12.1,0.801,0.653
16.1,12.6,-0.096,0.661
16.1,13.1,-1.058,0.669
16.1,13.6,1.122,0.676
16.1,14.1,0.160,0.684
16.1,14.6,-0.737,0.691
16.1,15.1,1.443,0.699
16.1,15.6,0.481,0.707
16.1,16.1,-0.481,0.714
16.1,16.6,-1.378,0.722
16.1,17.1,0.801,0.729
16.1,17.6,-0.160,0.737
16.1,18.1,-1.122,0.744
16.1,18.6,1.122,0.752
16.1,19.1,0.160,0.760
16.1,19.6,-0.801,0.767
16.1,20.1,1.378,0.774
16.1,20.6,0.481,0.782
16.1,21.1,-0.481,0.789
16.1,21.6,-1.443,0.797
16.1,22.1,0.737,0.804
16.1,22.6,-0.224,0.812
16.1,23.1,-1.186,0.819
16.1,23.6,1.058,0.826
16.1,24.1,0.096,0.834
16.1,24.6,-0.866,0.841
16.1,25.1,1.314,0.848
16.1,25.6,0.353,0.856
16.1,26.1,-0.609,0.863
16.1,26.6,-1.507,0.870
16.1,27.1,0.673,0.878
16.1,27.6,-0.289,0.885
16.1,28.1,-1.250,0.892
16.1,28.6,0.930,0.900
16.1,29.1,-0.032,0.907
16.1,29.6,-0.994,0.914
16.1,30.2,1.186,0.921
16.1,30.7,0.224,0.928
16.1,31.2,-0.737,0.935
16.1,31.7,1.507,0.942
16.1,32.2,0.545,0.949
16.1,32.7,-0.417,0.957
16.1,33.2,-1.378,0.964
16.1,33.7,0.801,0.971
16.1,34.2,-0.160,0.978
16.1,34.7,-1.122,0.985
16.1,35.2,1.058,0.992
16.1,35.7,0.096,0.999
16.1,36.2,-0.866,1.006
16.1,36.7,1.314,1.013
16.1,37.2,0.353,1.020
16.1,37.7,-0.609,1.027
16.1,38.2,-1.571,1.034
16.1,38.7,0.609,1.041
16.1,39.2,-0.353,1.048
16.1,39.7,-1.314,1.055
16.1,40.2,0.866,1.062
16.1,40.7,-0.096,1.069
16.1,41.2,-1.058,1.075
16.1,41.7,1.122,1.082
16.1,42.2,0.160,1.089
16.1,42.7,-0.801,1.096
16.1,43.2,1.378,1.102
16.1,43.7,0.417,1.109
16.1,44.2,-0.545,1.116
16.1,44.7,-1.507,1.122
16.1,45.2,0.609,1.129
16.1,45.7,-0.353,1.136
16.1,46.2,-1.314,1.143
16.1,46.7,0.866,1.149
16.1,47.2,-0.096,1.156
16.1,47.7,-1.058,1.163
16.1,48.2,1.122,1.169
16.1,48.7,0.160,1.176
16.1,49.2,-0.801,1.182
16.1,49.7,1.314,1.188
16.1,50.3,0.353,1.195
16.1,50.8,-0.609,1.202
16.1,51.3,1.571,1.208
16.1,51.8,0.609,1.215
16.1,52.3,-0.353,1.221
16.1,52.8,-1.314,1.227
16.1,53.3,0.801,1.234
16.1,53.8,-0.160,1.240
16.1,54.3,-1.122,1.247
16.1,54.8,1.058,1.253
16.1,55.3,0.096,1.259
16.1,55.8,-0.930,1.265
16.1,56.3,1.250,1.272
16.1,56.8,0.289,1.278
16.1,57.3,-0.673,1.284
16.1,57.8,1.507,1.290
16.1,58.3,0.481,1.296
16.1,58.8,-0.481,1.303
16.1,59.3,-1.443,1.309
16.1,59.8,0.737,1.314
16.1,60.3,-0.289,1.321
16.1,60.8,-1.250,1.327
16.1,61.3,0.930,1.333
16.1,61.8,-0.096,1.339
16.1,62.3,-1.058,1.345
16.1,62.8,1.122,1.351
16.1,63.3,0.160,1.357
16.1,63.8,-0.866,1.363
16.1,64.3,1.314,1.369
16.1,64.8,0.353,1.375
16.1,65.3,-0.673,1.380
16.1,65.8,1.507,1.387
16.1,66.3,0.545,1.392
16.1,66.8,-0.481,1.398
16.1,67.3,-1.443,1.404
16.1,67.8,0.737,1.410
16.1,68.3,-0.289,1.415
16.1,68.8,-1.250,1.421
16.1,69.3,0.930,1.426
16.1,69.8,-0.096,1.432
16.1,70.4,-1.058,1.438
16.1,70.9,1.122,1.443
16.1,71.4,0.096,1.449
16.1,71.9,-0.866,1.455
16.1,72.4,1.250,1.460
16.1,72.9,0.289,1.466
16.1,73.4,-0.673,1.471
16.1,73.9,1.443,1.477
16.1,74.4,0.481,1.482
16.1,74.9,-0.545,1.488
16.1,75.4,-1.507,1.493
16.1,75.9,0.609,1.498
16.1,76.4,-0.353,1.504
16.1,76.9,-1.314,1.509
16.1,77.4,0.801,1.514
16.1,77.9,-0.160,1.519
16.1,78.4,-1.186,1.525
16.1,78.9,0.994,1.530
16.1,79.4,-0.032,1.535
16.1,79.9,-0.994,1.540
16.1,80.4,1.122,1.546
16.1,80.9,0.160,1.551
16.1,81.4,-0.866,1.556
16.1,81.9,1.314,1.561
16.1,82.4,0.289,1.566
16.1,82.9,-0.673,1.571
16.1,83.4,1.443,1.576
16.1,83.9,0.481,1.581
16.1,84.4,-0.545,1.586
16.1,84.9,-1.507,1.590
16.1,85.4,0.609,1.596
16.1,85.9,-0.417,1.600
16.1,86.4,-1.378,1.605
16.1,86.9,0.737,1.610
16.1,87.4,-0.224,1.615
16.1,87.9,-1.250,1.620
16.1,88.4,0.930,1.624
16.1,88.9,-0.096,1.629
16.1,89.4,-1.122,1.634
16.1,89.9,1.058,1.638
16.1,90.5,0.032,1.643
16.1,91.0,-0.930,1.647
16.1,91.5,1.186,1.652
16.1,92.0,0.160,1.657
16.1,92.5,-0.801,1.661
16.1,93.0,1.314,1.666
16.1,93.5,0.289,1.670
16.1,94.0,-0.673,1.675
16.1,94.5,1.443,1.679
16.1,95.0,0.417,1.683
16.1,95.5,-0.545,1.688
16.1,96.0,-1.571,1.692
16.1,96.5,0.545,1.696
16.1,97.0,-0.417,1.701
16.1,97.5,-1.443,1.705
16.1,98.0,0.673,1.709
16.1,98.5,-0.289,1.713
16.1,99.0,-1.314,1.718
16.1,99.5,0.801,1.722
16.1,100.0,-0.224,1.725
16.6,0.0,-0.096,0.462
16.6,0.5,-0.994,0.469
16.6,1.0,1.186,0.477
16.6,1.5,0.289,0.485
16.6,2.0,-0.673,0.493
16.6,2.5,1.507,0.501
16.6,3.0,0.609,0.509
16.6,3.5,-0.353,0.517
16.6,4.0,-1.250,0.524
16.6,4.5,0.930,0.532
16.6,5.0,-0.032,0.540
16.6,5.5,-0.930,0.548
16.6,6.0,1.250,0.556
16.6,6.5,0.353,0.563
16.6,7.0,-0.609,0.571
16.6,7.5,-1.571,0.579
16.6,8.0,0.673,0.587
16.6,8.5,-0.289,0.594
16.6,9.0,-1.250,0.602
16.6,9.5,0.994,0.610
16.6,10.1,0.032,0.618
16.6,10.6,-0.930,0.625
16.6,11.1,1.314,0.633
16.6,11.6,0.353,0.641
16.6,12.1,-0.609,0.648
16.6,12.6,-1.507,0.656
16.6,13.1,0.673,0.664
16.6,13.6,-0.289,0.671
16.6,14.1,-1.250,0.679
16.6,14.6,0.994,0.686
16.6,15.1,0.032,0.694
16.6,15.6,-0.930,0.702
16.6,16.1,1.250,0.709
16.6,16.6,0.353,0.717
16.6,17.1,-0.609,0.724
16.6,17.6,-1.571,0.732
16.6,18.1,0.609,0.739
16.6,18.6,-0.289,0.747
16.6,19.1,-1.250,0.755
16.6,19.6,0.930,0.762
16.6,20.1,-0.032,0.769
16.6,20.6,-0.930,0.777
16.6,21.1,1.250,0.784
16.6,21.6,0.289,0.792
16.6,22.1,-0.673,0.799
16.6,22.6,1.507,0.807
16.6,23.1,0.609,0.814
16.6,23.6,-0.353,0.821
16.6,24.1,-1.314,0.829
16.6,24.6,0.866,0.836
16.6,25.1,-0.096,0.844
16.6,25.6,-1.058,0.851
16.6,26.1,1.122,0.858
16.6,26.6,0.224,0.865
16.6,27.1,-0.737,0.873
16.6,27.6,1.443,0.880
16.6,28.1,0.481,0.887
16.6,28.6,-0.481,0.895
16.6,29.1,-1.443,0.902
16.6,29.6,0.737,0.909
16.6,30.2,-0.224,0.916
16.6,30.7,-1.122,0.923
16.6,31.2,1.058,0.930
16.6,31.7,0.096,0.938
16.6,32.2,-0.866,0.945
16.6,32.7,1.314,0.952
16.6,33.2,0.353,0.959
16.6,33.7,-0.609,0.966
16.6,34.2,-1.571,0.973
16.6,34.7,0.609,0.981
16.6,35.2,-0.353,0.988
16.6,35.7,-1.314,0.995
16.6,36.2,0.866,1.002
16.6,36.7,-0.096,1.009
16.6,37.2,-1.058,1.016
16.6,37.7,1.122,1.022
16.6,38.2,0.160,1.029
16.6,38.7,-0.801,1.036
16.6,39.2,1.378,1.043
16.6,39.7,0.417,1.050
16.6,40.2,-0.545,1.057
16.6,40.7,-1.507,1.064
16.6,41.2,0.673,1.071
16.6,41.7,-0.289,1.078
16.6,42.2,-1.250,1.085
16.6,42.7,0.930,1.091
16.6,43.2,-0.032,1.098
16.6,43.7,-0.994,1.105
16.6,44.2,1.186,1.112
16.6,44.7,0.224,1.118
16.6,45.2,-0.737,1.125
16.6,45.7,1.443,1.131
16.6,46.2,0.417,1.138
16.6,46.7,-0.545,1.145
16.6,47.2,-1.507,1.151
16.6,47.7,0.673,1.158
16.6,48.2,-0.289,1.165
16.6,48.7,-1.250,1.171
16.6,49.2,0.930,1.178
16.6,49.7,-0.032,1.184
16.6,50.3,-0.994,1.191
16.6,50.8,1.122,1.197
16.6,51.3,0.160,1.204
16.6,51.8,-0.801,1.210
16.6,52.3,1.378,1.217
16.6,52.8,0.417,1.223
16.6,53.3,-0.545,1.229
16.6,53.8,-1.571,1.236
16.6,54.3,0.609,1.242
16.6,54.8,-0.353,1.249
16.6,55.3,-1.314,1.255
16.6,55.8,0.866,1.261
16.6,56.3,-0.160,1.267
16.6,56.8,-1.122,1.274
16.6,57.3,1.058,1.280
16.6,57.8,0.096,1.286
16.6,58.3,-0.866,1.292
16.6,58.8,1.250,1.298
16.6,59.3,0.289,1.305
16.6,59.8,-0.673,1.311
16.6,60.3,1.507,1.317
16.6,60.8,0.481,1.323
16.6,61.3,-0.481,1.329
16.6,61.8,-1.443,1.335
16.6,62.3,0.737,1.341
16.6,62.8,-0.289,1.347
16.6,63.3,-1.250,1.353
16.6,63.8,0.930,1.359
16.6,64.3,-0.096,1.365
16.6,64.8,-1.058,1.371
16.6,65.3,1.122,1.377
16.6,65.8,0.096,1.382
16.6,66.3,-0.866,1.388
16.6,66.8,1.314,1.394
16.6,67.3,0.289,1.399
16.6,67.8,-0.673,1.406
16.6,68.3,1.507,1.412
16.6,68.8,0.481,1.417
16.6,69.3,-0.481,1.423
16.6,69.8,-1.443,1.429
16.6,70.4,0.673,1.434
16.6,70.9,-0.289,1.440
16.6,71.4,-1.250,1.445
16.6,71.9,0.866,1.451
16.6,72.4,-0.096,1.457
16.6,72.9,-1.122,1.462
16.6,73.4,1.058,1.468
16.6,73.9,0.096,1.473
16.6,74.4,-0.930,1.479
16.6,74.9,1.250,1.484
16.6,75.4,0.224,1.489
16.6,75.9,-0.737,1.495
16.6,76.4,1.378,1.500
16.6,76.9,0.417,1.506
16.6,77.4,-0.545,1.510
16.6,77.9,-1.571,1.516
16.6,78.4,0.609,1.521
16.6,78.9,-0.417,1.527
16.6,79.4,-1.378,1.532
16.6,79.9,0.737,1.537
16.6,80.4,-0.224,1.542
16.6,80.9,-1.250,1.547
16.6,81.4,0.930,1.552
16.6,81.9,-0.096,1.558
16.6,82.4,-1.058,1.563
16.6,82.9,1.058,1.568
16.6,83.4,0.096,1.572
16.6,83.9,-0.930,1.578
16.6,84.4,1.250,1.582
16.6,84.9,0.224,1.588
16.6,85.4,-0.737,1.592
16.6,85.9,1.378,1.597
16.6,86.4,0.353,1.602
16.6,86.9,-0.609,1.607
16.6,87.4,1.507,1.612
16.6,87.9,0.545,1.616
16.6,88.4,-0.481,1.621
16.6,88.9,-1.443,1.626
16.6,89.4,0.673,1.631
16.6,89.9,-0.353,1.635
16.6,90.5,-1.314,1.640
16.6,91.0,0.801,1.645
16.6,91.5,-0.160,1.649
16.6,92.0,-1.186,1.654
16.6,92.5,0.930,1.658
16.6,93.0,-0.032,1.663
16.6,93.5,-1.058,1.668
16.6,94.0,1.058,1.672
16.6,94.5,0.096,1.676
16.6,95.0,-0.930,1.681
16.6,95.5,1.186,1.685
16.6,96.0,0.224,1.689
16.6,96.5,-0.801,1.694
16.6,97.0,1.314,1.698
16.6,97.5,0.353,1.702
16.6,98.0,-0.673,1.707
16.6,98.5,1.443,1.711
16.6,99.0,0.481,1.714
16.6,99.5,-0.545,1.719
16.6,100.0,-1.571,1.723
17.1,0.0,-1.507,0.456
17.1,0.5,0.737,0.464
17.1,1.0,-0.224,0.472
17.1,1.5,-1.186,0.480
17.1,2.0,1.058,0.488
17.1,2.5,0.096,0.496
17.1,3.0,-0.801,0.503
17.1,3.5,1.378,0.511
17.1,4.0,0.481,0.519
17.1,4.5,-0.481,0.527
17.1,5.0,-1.443,0.535
17.1,5.5,0.801,0.543
17.1,6.0,-0.160,0.550
17.1,6.5,-1.122,0.558
17.1,7.0,1.122,0.566
17.1,7.5,0.160,0.574
17.1,8.0,-0.737,0.581
17.1,8.5,1.443,0.589
17.1,9.0,0.481,0.597
17.1,9.5,-0.417,0.605
17.1,10.1,-1.378,0.612
17.1,10.6,0.801,0.620
17.1,11.1,-0.096,0.628
17.1,11.6,-1.058,0.636
17.1,12.1,1.122,0.643
17.1,12.6,0.224,0.651
17.1,13.1,-0.737,0.659
17.1,13.6,1.443,0.666
17.1,14.1,0.481,0.674
17.1,14.6,-0.417,0.681
17.1,15.1,-1.378,0.689
17.1,15.6,0.801,0.697
17.1,16.1,-0.160,0.704
17.1,16.6,-1.058,0.712
17.1,17.1,1.122,0.719
17.1,17.6,0.160,0.727
17.1,18.1,-0.801,0.734
17.1,18.6,1.443,0.742
17.1,19.1,0.481,0.750
17.1,19.6,-0.481,0.757
17.1,20.1,-1.443,0.764
17.1,20.6,0.801,0.772
17.1,21.1,-0.160,0.779
17.1,21.6,-1.122,0.787
17.1,22.1,1.058,0.794
17.1,22.6,0.096,0.802
17.1,23.1,-0.801,0.809
17.1,23.6,1.378,0.817
17.1,24.1,0.417,0.824
17.1,24.6,-0.545,0.831
17.1,25.1,-1.507,0.839
17.1,25.6,0.673,0.846
17.1,26.1,-0.224,0.853
17.1,26.6,-1.186,0.861
17.1,27.1,0.994,0.868
17.1,27.6,0.032,0.875
17.1,28.1,-0.930,0.883
17.1,28.6,1.250,0.890
17.1,29.1,0.289,0.897
17.1,29.6,-0.673,0.904
17.1,30.2,1.571,0.911
17.1,30.7,0.609,0.919
17.1,31.2,-0.353,0.926
17.1,31.7,-1.314,0.933
17.1,32.2,0.866,0.940
17.1,32.7,-0.096,0.947
17.1,33.2,-1.058,0.955
17.1,33.7,1.122,0.962
17.1,34.2,0.160,0.969
17.1,34.7,-0.801,0.976
17.1,35.2,1.378,0.983
17.1,35.7,0.417,0.990
17.1,36.2,-0.545,0.997
17.1,36.7,-1.507,1.004
17.1,37.2,0.673,1.011
17.1,37.7,-0.289,1.018
17.1,38.2,-1.250,1.025
17.1,38.7,0.930,1.032
17.1,39.2,-0.032,1.038
17.1,39.7,-0.994,1.045
17.1,40.2,1.186,1.052
17.1,40.7,0.224,1.059
17.1,41.2,-0.737,1.066
17.1,41.7,1.443,1.073
17.1,42.2,0.481,1.080
17.1,42.7,-0.481,1.087
17.1,43.2,-1.443,1.094
17.1,43.7,0.737,1.100
17.1,44.2,-0.224,1.107
17.1,44.7,-1.186,1.114
17.1,45.2,0.994,1.121
17.1,45.7,0.032,1.127
17.1,46.2,-0.930,1.134
17.1,46.7,1.250,1.140
17.1,47.2,0.289,1.147
17.1,47.7,-0.737,1.153
17.1,48.2,1.443,1.160
17.1,48.7,0.481,1.167
17.1,49.2,-0.481,1.174
17.1,49.7,-1.443,1.180
17.1,50.3,0.737,1.187
17.1,50.8,-0.224,1.193
17.1,51.3,-1.186,1.199
17.1,51.8,0.930,1.206
17.1,52.3,-0.032,1.212
17.1,52.8,-0.994,1.219
17.1,53.3,1.186,1.225
17.1,53.8,0.224,1.232
17.1,54.3,-0.737,1.238
17.1,54.8,1.378,1.244
17.1,55.3,0.417,1.251
17.1,55.8,-0.545,1.257
17.1,56.3,-1.507,1.263
17.1,56.8,0.673,1.269
17.1,57.3,-0.353,1.276
17.1,57.8,-1.314,1.282
17.1,58.3,0.866,1.288
17.1,58.8,-0.096,1.294
17.1,59.3,-1.122,1.300
17.1,59.8,1.058,1.307
17.1,60.3,0.096,1.313
17.1,60.8,-0.866,1.319
17.1,61.3,1.250,1.325
17.1,61.8,0.289,1.331
17.1,62.3,-0.673,1.337
17.1,62.8,1.507,1.343
17.1,63.3,0.481,1.349
17.1,63.8,-0.481,1.355
17.1,64.3,-1.443,1.361
17.1,64.8,0.673,1.366
17.1,65.3,-0.289,1.373
17.1,65.8,-1.250,1.379
17.1,66.3,0.930,1.384
17.1,66.8,-0.096,1.390
17.1,67.3,-1.058,1.396
17.1,67.8,1.122,1.402
17.1,68.3,0.096,1.408
17.1,68.8,-0.866,1.414
17.1,69.3,1.314,1.419
17.1,69.8,0.289,1.425
17.1,70.4,-0.673,1.431
17.1,70.9,1.443,1.436
17.1,71.4,0.481,1.442
17.1,71.9,-0.481,1.447
17.1,72.4,-1.507,1.453
17.1,72.9,0.673,1.459
17.1,73.4,-0.353,1.464
17.1,73.9,-1.314,1.470
17.1,74.4,0.866,1.475
17.1,74.9,-0.160,1.480
17.1,75.4,-1.122,1.486
17.1,75.9,0.994,1.491
17.1,76.4,0.032,1.497
17.1,76.9,-0.994,1.501
17.1,77.4,1.186,1.508
17.1,77.9,0.224,1.512
17.1,78.4,-0.801,1.518
17.1,78.9,1.378,1.523
17.1,79.4,0.353,1.528
17.1,79.9,-0.609,1.534
17.1,80.4,1.507,1.539
17.1,80.9,0.545,1.544
17.1,81.4,-0.481,1.549
17.1,81.9,-1.443,1.554
17.1,82.4,0.673,1.559
17.1,82.9,-0.289,1.564
17.1,83.4,-1.314,1.569
17.1,83.9,0.866,1.574
17.1,84.4,-0.160,1.579
17.1,84.9,-1.122,1.584
17.1,85.4,0.994,1.589
17.1,85.9,0.032,1.594
17.1,86.4,-0.994,1.599
17.1,86.9,1.122,1.603
17.1,87.4,0.160,1.609
17.1,87.9,-0.866,1.613
17.1,88.4,1.314,1.618
17.1,88.9,0.289,1.623
17.1,89.4,-0.673,1.627
17.1,89.9,1.443,1.633
17.1,90.5,0.417,1.637
17.1,91.0,-0.545,1.642
17.1,91.5,-1.571,1.646
17.1,92.0,0.545,1.650
17.1,92.5,-0.417,1.655
17.1,93.0,-1.443,1.660
17.1,93.5,0.737,1.664
17.1,94.0,-0.289,1.669
17.1,94.5,-1.314,1.673
17.1,95.0,0.866,1.677
17.1,95.5,-0.160,1.682
17.1,96.0,-1.186,1.686
17.1,96.5,0.994,1.691
17.1,97.0,-0.032,1.695
17.1,97.5,-1.058,1.699
17.1,98.0,1.122,1.703
17.1,98.5,0.096,1.708
17.1,99.0,-0.930,1.712
17.1,99.5,1.186,1.716
17.1,100.0,0.224,1.720
17.6,0.0,0.224,0.451
17.6,0.5,-0.737,0.459
17.6,1.0,1.507,0.467
17.6,1.5,0.545,0.475
17.6,2.0,-0.353,0.483
17.6,2.5,-1.314,0.490
17.6,3.0,0.930,0.498
17.6,3.5,-0.032,0.506
17.6,4.0,-0.994,0.514
17.6,4.5,1.250,0.522
17.6,5.0,0.289,0.530
17.6,5.5,-0.609,0.537
17.6,6.0,-1.571,0.545
17.6,6.5,0.609,0.553
17.6,7.0,-0.289,0.561
17.6,7.5,-1.250,0.569
17.6,8.0,0.930,0.576
17.6,8.5,0.032,0.584
17.6,9.0,-0.930,0.592
17.6,9.5,1.314,0.599
17.6,10.1,0.353,0.607
17.6,10.6,-0.609,0.615
17.6,11.1,-1.507,0.622
17.6,11.6,0.673,0.630
17.6,12.1,-0.289,0.638
17.6,12.6,-1.250,0.645
17.6,13.1,0.994,0.653
17.6,13.6,0.032,0.661
17.6,14.1,-0.930,0.669
17.6,14.6,1.314,0.676
17.6,15.1,0.353,0.684
17.6,15.6,-0.609,0.692
17.6,16.1,-1.571,0.699
17.6,16.6,0.673,0.707
17.6,17.1,-0.289,0.714
17.6,17.6,-1.250,0.722
17.6,18.1,0.994,0.729
17.6,18.6,0.032,0.737
17.6,19.1,-0.930,0.745
17.6,19.6,1.250,0.752
17.6,20.1,0.289,0.759
17.6,20.6,-0.609,0.767
17.6,21.1,1.571,0.774
17.6,21.6,0.609,0.782
17.6,22.1,-0.353,0.789
17.6,22.6,-1.314,0.797
17.6,23.1,0.930,0.804
17.6,23.6,-0.032,0.812
17.6,24.1,-0.994,0.819
17.6,24.6,1.186,0.826
17.6,25.1,0.224,0.834
17.6,25.6,-0.673,0.841
17.6,26.1,1.507,0.848
17.6,26.6,0.545,0.856
17.6,27.1,-0.417,0.863
17.6,27.6,-1.378,0.870
17.6,28.1,0.801,0.878
17.6,28.6,-0.160,0.885
17.6,29.1,-1.122,0.892
17.6,29.6,1.122,0.899
17.6,30.2,0.160,0.907
17.6,30.7,-0.801,0.914
17.6,31.2,1.378,0.921
17.6,31.7,0.417,0.928
17.6,32.2,-0.545,0.936
17.6,32.7,-1.507,0.943
17.6,33.2,0.673,0.950
17.6,33.7,-0.289,0.957
17.6,34.2,-1.250,0.964
17.6,34.7,0.930,0.971
17.6,35.2,-0.032,0.978
17.6,35.7,-0.994,0.985
17.6,36.2,1.186,0.992
17.6,36.7,0.289,0.999
17.6,37.2,-0.673,1.006
17.6,37.7,1.507,1.013
17.6,38.2,0.545,1.020
17.6,38.7,-0.417,1.027
17.6,39.2,-1.378,1.034
17.6,39.7,0.801,1.041
17.6,40.2,-0.160,1.048
17.6,40.7,-1.122,1.054
17.6,41.2,1.058,1.061
17.6,41.7,0.032,1.068
17.6,42.2,-0.930,1.075
17.6,42.7,1.250,1.082
17.6,43.2,0.289,1.089
17.6,43.7,-0.673,1.096
17.6,44.2,1.507,1.102
17.6,44.7,0.545,1.109
17.6,45.2,-0.417,1.116
17.6,45.7,-1.378,1.123
17.6,46.2,0.801,1.130
17.6,46.7,-0.160,1.136
17.6,47.2,-1.122,1.143
17.6,47.7,1.058,1.149
17.6,48.2,0.096,1.156
17.6,48.7,-0.930,1.162
17.6,49.2,1.250,1.169
17.6,49.7,0.289,1.176
17.6,50.3,-0.673,1.182
17.6,50.8,1.507,1.189
17.6,51.3,0.545,1.195
17.6,51.8,-0.417,1.202
17.6,52.3,-1.378,1.208
17.6,52.8,0.737,1.214
17.6,53.3,-0.224,1.221
17.6,53.8,-1.186,1.228
17.6,54.3,0.994,1.234
17.6,54.8,0.032,1.240
17.6,55.3,-0.930,1.246
17.6,55.8,1.186,1.253
17.6,56.3,0.224,1.259
17.6,56.8,-0.737,1.266
17.6,57.3,1.443,1.272
17.6,57.8,0.481,1.277
17.6,58.3,-0.545,1.284
17.6,58.8,-1.507,1.291
17.6,59.3,0.673,1.297
17.6,59.8,-0.289,1.302
17.6,60.3,-1.314,1.309
17.6,60.8,0.866,1.315
17.6,61.3,-0.096,1.321
17.6,61.8,-1.058,1.327
17.6,62.3,1.058,1.333
17.6,62.8,0.096,1.339
17.6,63.3,-0.866,1.345
17.6,63.8,1.250,1.351
17.6,64.3,0.289,1.357
17.6,64.8,-0.673,1.363
17.6,65.3,1.507,1.369
17.6,65.8,0.481,1.375
17.6,66.3,-0.481,1.381
17.6,66.8,-1.443,1.386
17.6,67.3,0.673,1.392
17.6,67.8,-0.289,1.398
17.6,68.3,-1.250,1.404
17.6,68.8,0.866,1.410
17.6,69.3,-0.096,1.416
17.6,69.8,-1.058,1.421
17.6,70.4,1.058,1.427
17.6,70.9,0.096,1.433
17.6,71.4,-0.930,1.438
17.6,71.9,1.250,1.444
17.6,72.4,0.289,1.449
17.6,72.9,-0.737,1.455
17.6,73.4,1.443,1.461
17.6,73.9,0.481,1.465
17.6,74.4,-0.545,1.472
17.6,74.9,-1.507,1.477
17.6,75.4,0.609,1.482
17.6,75.9,-0.353,1.488
17.6,76.4,-1.378,1.493
17.6,76.9,0.801,1.499
17.6,77.4,-0.160,1.503
17.6,77.9,-1.186,1.509
17.6,78.4,0.994,1.514
17.6,78.9,-0.032,1.520
17.6,79.4,-0.994,1.525
17.6,79.9,1.122,1.530
17.6,80.4,0.160,1.535
17.6,80.9,-0.866,1.541
17.6,81.4,1.314,1.546
17.6,81.9,0.289,1.551
17.6,82.4,-0.673,1.556
17.6,82.9,1.443,1.561
17.6,83.4,0.481,1.566
17.6,83.9,-0.545,1.571
17.6,84.4,-1.507,1.576
17.6,84.9,0.609,1.581
17.6,85.4,-0.353,1.586
17.6,85.9,-1.378,1.591
17.6,86.4,0.801,1.595
17.6,86.9,-0.224,1.601
17.6,87.4,-1.250,1.605
17.6,87.9,0.930,1.610
17.6,88.4,-0.096,1.615
17.6,88.9,-1.058,1.620
17.6,89.4,1.058,1.625
17.6,89.9,0.096,1.629
17.6,90.5,-0.930,1.634
17.6,91.0,1.186,1.638
17.6,91.5,0.224,1.643
17.6,92.0,-0.801,1.648
17.6,92.5,1.314,1.652
17.6,93.0,0.353,1.657
17.6,93.5,-0.673,1.662
17.6,94.0,1.507,1.665
17.6,94.5,0.481,1.671
17.6,95.0,-0.545,1.675
17.6,95.5,-1.507,1.679
17.6,96.0,0.609,1.684
17.6,96.5,-0.417,1.688
17.6,97.0,-1.378,1.692
17.6,97.5,0.737,1.697
17.6,98.0,-0.289,1.701
17.6,98.5,-1.250,1.705
17.6,99.0,0.866,1.709
17.6,99.5,-0.160,1.714
17.6,100.0,-1.186,1.717
18.1,0.0,-1.186,0.446
18.1,0.5,0.994,0.454
18.1,1.0,0.096,0.462
18.1,1.5,-0.866,0.469
18.1,2.0,1.378,0.477
18.1,2.5,0.417,0.485
18.1,3.0,-0.481,0.493
18.1,3.5,-1.443,0.501
18.1,4.0,0.737,0.509
18.1,4.5,-0.160,0.517
18.1,5.0,-1.122,0.524
18.1,5.5,1.122,0.532
18.1,6.0,0.160,0.540
18.1,6.5,-0.801,0.548
18.1,7.0,1.443,0.556
18.1,7.5,0.481,0.563
18.1,8.0,-0.481,0.571
18.1,8.5,-1.378,0.579
18.1,9.0,0.801,0.587
18.1,9.5,-0.160,0.594
18.1,10.1,-1.058,0.602
18.1,10.6,1.122,0.610
18.1,11.1,0.224,0.617
18.1,11.6,-0.737,0.625
18.1,12.1,1.443,0.633
18.1,12.6,0.481,0.640
18.1,13.1,-0.417,0.648
18.1,13.6,-1.378,0.656
18.1,14.1,0.801,0.663
18.1,14.6,-0.096,0.671
18.1,15.1,-1.058,0.679
18.1,15.6,1.122,0.686
18.1,16.1,0.224,0.694
18.1,16.6,-0.737,0.702
18.1,17.1,1.443,0.709
18.1,17.6,0.481,0.717
18.1,18.1,-0.417,0.724
18.1,18.6,-1.378,0.732
18.1,19.1,0.801,0.740
18.1,19.6,-0.160,0.747
18.1,20.1,-1.122,0.754
18.1,20.6,1.122,0.762
18.1,21.1,0.160,0.770
18.1,21.6,-0.801,0.777
18.1,22.1,1.378,0.784
18.1,22.6,0.481,0.792
18.1,23.1,-0.481,0.799
18.1,23.6,-1.443,0.807
18.1,24.1,0.737,0.814
18.1,24.6,-0.224,0.821
18.1,25.1,-1.186,0.829
18.1,25.6,1.058,0.836
18.1,26.1,0.096,0.844
18.1,26.6,-0.866,0.851
18.1,27.1,1.314,0.858
18.1,27.6,0.353,0.866
18.1,28.1,-0.609,0.873
18.1,28.6,-1.571,0.880
18.1,29.1,0.673,0.887
18.1,29.6,-0.289,0.895
18.1,30.2,-1.250,0.902
18.1,30.7,0.930,0.909
18.1,31.2,-0.032,0.916
18.1,31.7,-0.994,0.924
18.1,32.2,1.186,0.931
18.1,32.7,0.224,0.938
18.1,33.2,-0.737,0.945
18.1,33.7,1.443,0.952
18.1,34.2,0.481,0.959
18.1,34.7,-0.417,0.966
18.1,35.2,-1.378,0.973
18.1,35.7,0.801,0.980
18.1,36.2,-0.160,0.987
18.1,36.7,-1.122,0.994
18.1,37.2,1.058,1.002
18.1,37.7,0.096,1.009
18.1,38.2,-0.866,1.016
18.1,38.7,1.314,1.023
18.1,39.2,0.353,1.029
18.1,39.7,-0.609,1.036
18.1,40.2,1.571,1.043
18.1,40.7,0.609,1.050
18.1,41.2,-0.353,1.057
18.1,41.7,-1.314,1.064
18.1,42.2,0.866,1.071
18.1,42.7,-0.096,1.077
18.1,43.2,-1.058,1.084
18.1,43.7,1.122,1.091
18.1,44.2,0.096,1.098
18.1,44.7,-0.866,1.105
18.1,45.2,1.314,1.111
18.1,45.7,0.353,1.118
18.1,46.2,-0.609,1.125
18.1,46.7,-1.571,1.132
18.1,47.2,0.609,1.138
18.1,47.7,-0.353,1.145
18.1,48.2,-1.314,1.152
18.1,48.7,0.866,1.158
18.1,49.2,-0.096,1.165
18.1,49.7,-1.058,1.171
18.1,50.3,1.058,1.178
18.1,50.8,0.096,1.184
18.1,51.3,-0.866,1.191
18.1,51.8,1.314,1.198
18.1,52.3,0.353,1.204
18.1,52.8,-0.609,1.210
18.1,53.3,1.571,1.216
18.1,53.8,0.545,1.223
18.1,54.3,-0.417,1.230
18.1,54.8,-1.378,1.236
18.1,55.3,0.801,1.242
18.1,55.8,-0.160,1.249
18.1,56.3,-1.186,1.255
18.1,56.8,0.994,1.261
18.1,57.3,0.032,1.268
18.1,57.8,-0.930,1.274
18.1,58.3,1.250,1.280
18.1,58.8,0.224,1.286
18.1,59.3,-0.737,1.293
18.1,59.8,1.443,1.299
18.1,60.3,0.481,1.305
18.1,60.8,-0.545,1.311
18.1,61.3,-1.507,1.317
18.1,61.8,0.673,1.323
18.1,62.3,-0.289,1.329
18.1,62.8,-1.314,1.335
18.1,63.3,0.866,1.341
18.1,63.8,-0.096,1.347
18.1,64.3,-1.058,1.353
18.1,64.8,1.058,1.359
18.1,65.3,0.096,1.365
18.1,65.8,-0.866,1.371
18.1,66.3,1.250,1.377
18.1,66.8,0.289,1.383
18.1,67.3,-0.673,1.388
18.1,67.8,1.443,1.394
18.1,68.3,0.481,1.400
18.1,68.8,-0.481,1.406
18.1,69.3,-1.507,1.411
18.1,69.8,0.673,1.418
18.1,70.4,-0.289,1.423
18.1,70.9,-1.314,1.429
18.1,71.4,0.866,1.435
18.1,71.9,-0.096,1.440
18.1,72.4,-1.122,1.446
18.1,72.9,1.058,1.451
18.1,73.4,0.032,1.457
18.1,73.9,-0.930,1.462
18.1,74.4,1.250,1.467
18.1,74.9,0.224,1.473
18.1,75.4,-0.737,1.479
18.1,75.9,1.378,1.484
18.1,76.4,0.417,1.490
18.1,76.9,-0.609,1.495
18.1,77.4,-1.571,1.501
18.1,77.9,0.609,1.505
18.1,78.4,-0.417,1.511
18.1,78.9,-1.378,1.516
18.1,79.4,0.737,1.522
18.1,79.9,-0.224,1.527
18.1,80.4,-1.250,1.532
18.1,80.9,0.930,1.537
18.1,81.4,-0.096,1.542
18.1,81.9,-1.058,1.548
18.1,82.4,1.058,1.553
18.1,82.9,0.096,1.558
18.1,83.4,-0.930,1.563
18.1,83.9,1.250,1.568
18.1,84.4,0.224,1.573
18.1,84.9,-0.737,1.578
18.1,85.4,1.378,1.583
18.1,85.9,0.417,1.587
18.1,86.4,-0.609,1.593
18.1,86.9,1.571,1.597
18.1,87.4,0.545,1.602
18.1,87.9,-0.481,1.607
18.1,88.4,-1.443,1.612
18.1,88.9,0.673,1.617
18.1,89.4,-0.289,1.621
18.1,89.9,-1.314,1.626
18.1,90.5,0.801,1.630
18.1,91.0,-0.160,1.636
18.1,91.5,-1.186,1.640
18.1,92.0,0.994,1.645
18.1,92.5,-0.032,1.650
18.1,93.0,-1.058,1.654
18.1,93.5,1.122,1.659
18.1,94.0,0.096,1.663
18.1,94.5,-0.866,1.667
18.1,95.0,1.250,1.672
18.1,95.5,0.224,1.676
18.1,96.0,-0.737,1.680
18.1,96.5,1.378,1.685
18.1,97.0,0.353,1.689
18.1,97.5,-0.609,1.693
18.1,98.0,1.507,1.698
18.1,98.5,0.481,1.702
18.1,99.0,-0.545,1.706
18.1,99.5,-1.507,1.711
18.1,100.0,0.609,1.715
18.6,0.0,0.545,0.440
18.6,0.5,-0.417,0.448
18.6,1.0,-1.314,0.456
18.6,1.5,0.866,0.464
18.6,2.0,-0.032,0.472
18.6,2.5,-0.994,0.480
18.6,3.0,1.186,0.488
18.6,3.5,0.289,0.496
18.6,4.0,-0.673,0.503
18.6,4.5,1.571,0.511
18.6,5.0,0.609,0.519
18.6,5.5,-0.353,0.527
18.6,6.0,-1.250,0.535
18.6,6.5,0.930,0.543
18.6,7.0,0.032,0.550
18.6,7.5,-0.930,0.558
18.6,8.0,1.250,0.566
18.6,8.5,0.353,0.574
18.6,9.0,-0.609,0.582
18.6,9.5,-1.571,0.589
18.6,10.1,0.673,0.597
18.6,10.6,-0.289,0.605
18.6,11.1,-1.250,0.612
18.6,11.6,0.994,0.620
18.6,12.1,0.032,0.628
18.6,12.6,-0.930,0.635
18.6,13.1,1.314,0.643
18.6,13.6,0.353,0.651
18.6,14.1,-0.609,0.658
18.6,14.6,-1.507,0.666
18.6,15.1,0.673,0.674
18.6,15.6,-0.289,0.681
18.6,16.1,-1.186,0.689
18.6,16.6,0.994,0.697
18.6,17.1,0.032,0.704
18.6,17.6,-0.930,0.712
18.6,18.1,1.314,0.719
18.6,18.6,0.353,0.727
18.6,19.1,-0.609,0.735
18.6,19.6,-1.571,0.742
18.6,20.1,0.673,0.749
18.6,20.6,-0.289,0.757
18.6,21.1,-1.250,0.765
18.6,21.6,0.930,0.772
18.6,22.1,-0.032,0.779
18.6,22.6,-0.930,0.787
18.6,23.1,1.250,0.794
18.6,23.6,0.289,0.802
18.6,24.1,-0.673,0.809
18.6,24.6,1.507,0.816
18.6,25.1,0.545,0.824
18.6,25.6,-0.353,0.831
18.6,26.1,-1.314,0.839
18.6,26.6,0.866,0.846
18.6,27.1,-0.096,0.853
18.6,27.6,-1.058,0.861
18.6,28.1,1.122,0.868
18.6,28.6,0.224,0.875
18.6,29.1,-0.737,0.882
18.6,29.6,1.443,0.890
18.6,30.2,0.481,0.897
18.6,30.7,-0.481,0.904
18.6,31.2,-1.443,0.912
18.6,31.7,0.737,0.919
18.6,32.2,-0.224,0.926
18.6,32.7,-1.186,0.933
18.6,33.2,0.994,0.940
18.6,33.7,0.096,0.947
18.6,34.2,-0.866,0.954
18.6,34.7,1.314,0.961
18.6,35.2,0.353,0.969
18.6,35.7,-0.609,0.976
18.6,36.2,1.571,0.983
18.6,36.7,0.609,0.990
18.6,37.2,-0.353,0.997
18.6,37.7,-1.314,1.004
18.6,38.2,0.866,1.011
18.6,38.7,-0.096,1.018
18.6,39.2,-1.058,1.025
18.6,39.7,1.122,1.032
18.6,40.2,0.160,1.039
18.6,40.7,-0.801,1.046
18.6,41.2,1.378,1.053
18.6,41.7,0.417,1.060
18.6,42.2,-0.545,1.066
18.6,42.7,-1.507,1.073
18.6,43.2,0.673,1.080
18.6,43.7,-0.289,1.087
18.6,44.2,-1.250,1.093
18.6,44.7,0.930,1.100
18.6,45.2,-0.032,1.107
18.6,45.7,-0.994,1.113
18.6,46.2,1.122,1.120
18.6,46.7,0.160,1.127
18.6,47.2,-0.801,1.134
18.6,47.7,1.378,1.141
18.6,48.2,0.417,1.147
18.6,48.7,-0.545,1.154
18.6,49.2,-1.507,1.161
18.6,49.7,0.673,1.167
18.6,50.3,-0.289,1.173
18.6,50.8,-1.250,1.180
18.6,51.3,0.866,1.186
18.6,51.8,-0.096,1.193
18.6,52.3,-1.058,1.200
18.6,52.8,1.122,1.206
18.6,53.3,0.160,1.213
18.6,53.8,-0.801,1.219
18.6,54.3,1.314,1.225
18.6,54.8,0.353,1.232
18.6,55.3,-0.609,1.238
18.6,55.8,1.571,1.245
18.6,56.3,0.609,1.251
18.6,56.8,-0.353,1.257
18.6,57.3,-1.378,1.263
18.6,57.8,0.801,1.270
18.6,58.3,-0.160,1.276
18.6,58.8,-1.122,1.282
18.6,59.3,1.058,1.288
18.6,59.8,0.032,1.295
18.6,60.3,-0.930,1.301
18.6,60.8,1.250,1.307
18.6,61.3,0.289,1.313
18.6,61.8,-0.737,1.319
18.6,62.3,1.443,1.325
18.6,62.8,0.481,1.331
18.6,63.3,-0.545,1.337
18.6,63.8,-1.507,1.343
18.6,64.3,0.673,1.349
18.6,64.8,-0.289,1.355
18.6,65.3,-1.314,1.361
18.6,65.8,0.866,1.367
18.6,66.3,-0.096,1.373
18.6,66.8,-1.122,1.378
18.6,67.3,1.058,1.385
18.6,67.8,0.096,1.391
18.6,68.3,-0.930,1.396
18.6,68.8,1.250,1.402
18.6,69.3,0.289,1.408
18.6,69.8,-0.737,1.413
18.6,70.4,1.443,1.419
18.6,70.9,0.481,1.425
18.6,71.4,-0.545,1.430
18.6,71.9,-1.507,1.436
18.6,72.4,0.673,1.442
18.6,72.9,-0.353,1.448
18.6,73.4,-1.314,1.453
18.6,73.9,0.801,1.458
18.6,74.4,-0.160,1.464
18.6,74.9,-1.122,1.469
18.6,75.4,0.994,1.475
18.6,75.9,0.032,1.481
18.6,76.4,-0.994,1.486
18.6,76.9,1.186,1.492
18.6,77.4,0.160,1.496
18.6,77.9,-0.801,1.502
18.6,78.4,1.378,1.507
18.6,78.9,0.353,1.513
18.6,79.4,-0.609,1.518
18.6,79.9,1.507,1.523
18.6,80.4,0.545,1.529
18.6,80.9,-0.481,1.534
18.6,81.4,-1.443,1.539
18.6,81.9,0.673,1.544
18.6,82.4,-0.289,1.549
18.6,82.9,-1.314,1.554
18.6,83.4,0.866,1.559
18.6,83.9,-0.160,1.564
18.6,84.4,-1.122,1.569
18.6,84.9,0.994,1.575
18.6,85.4,0.032,1.579
18.6,85.9,-0.994,1.585
18.6,86.4,1.186,1.589
18.6,86.9,0.160,1.594
18.6,87.4,-0.801,1.599
18.6,87.9,1.314,1.604
18.6,88.4,0.289,1.608
18.6,88.9,-0.673,1.614
18.6,89.4,1.443,1.618
18.6,89.9,0.481,1.623
18.6,90.5,-0.545,1.628
18.6,91.0,-1.571,1.632
18.6,91.5,0.609,1.637
18.6,92.0,-0.417,1.642
18.6,92.5,-1.378,1.646
18.6,93.0,0.737,1.651
18.6,93.5,-0.289,1.655
18.6,94.0,-1.250,1.660
18.6,94.5,0.866,1.665
18.6,95.0,-0.160,1.668
18.6,95.5,-1.122,1.674
18.6,96.0,0.994,1.678
18.6,96.5,0.032,1.682
18.6,97.0,-0.994,1.687
18.6,97.5,1.122,1.691
18.6,98.0,0.160,1.695
18.6,98.5,-0.866,1.700
18.6,99.0,1.250,1.704
18.6,99.5,0.224,1.708
18.6,100.0,-0.737,1.712
19.1,0.0,-0.866,0.435
19.1,0.5,1.314,0.443
19.1,1.0,0.417,0.451
19.1,1.5,-0.545,0.459
19.1,2.0,-1.507,0.467
19.1,2.5,0.737,0.475
19.1,3.0,-0.224,0.482
19.1,3.5,-1.122,0.490
19.1,4.0,1.058,0.498
19.1,4.5,0.160,0.506
19.1,5.0,-0.801,0.514
19.1,5.5,1.378,0.522
19.1,6.0,0.481,0.530
19.1,6.5,-0.481,0.537
19.1,7.0,-1.378,0.545
19.1,7.5,0.801,0.553
19.1,8.0,-0.160,0.561
19.1,8.5,-1.058,0.568
19.1,9.0,1.122,0.576
19.1,9.5,0.160,0.584
19.1,10.1,-0.737,0.592
19.1,10.6,1.443,0.600
19.1,11.1,0.481,0.607
19.1,11.6,-0.417,0.615
19.1,12.1,-1.378,0.623
19.1,12.6,0.801,0.630
19.1,13.1,-0.096,0.638
19.1,13.6,-1.058,0.646
19.1,14.1,1.122,0.653
19.1,14.6,0.224,0.661
19.1,15.1,-0.737,0.669
19.1,15.6,1.443,0.676
19.1,16.1,0.545,0.684
19.1,16.6,-0.417,0.692
19.1,17.1,-1.378,0.699
19.1,17.6,0.801,0.707
19.1,18.1,-0.096,0.714
19.1,18.6,-1.058,0.722
19.1,19.1,1.122,0.729
19.1,19.6,0.160,0.737
19.1,20.1,-0.737,0.744
19.1,20.6,1.443,0.752
19.1,21.1,0.481,0.760
19.1,21.6,-0.481,0.767
19.1,22.1,-1.443,0.774
19.1,22.6,0.801,0.782
19.1,23.1,-0.160,0.789
19.1,23.6,-1.122,0.797
19.1,24.1,1.058,0.804
19.1,24.6,0.096,0.811
19.1,25.1,-0.801,0.819
19.1,25.6,1.378,0.826
19.1,26.1,0.417,0.834
19.1,26.6,-0.545,0.841
19.1,27.1,-1.507,0.849
19.1,27.6,0.673,0.856
19.1,28.1,-0.289,0.863
19.1,28.6,-1.186,0.870
19.1,29.1,0.994,0.878
19.1,29.6,0.032,0.885
19.1,30.2,-0.930,0.892
19.1,30.7,1.250,0.900
19.1,31.2,0.289,0.907
19.1,31.7,-0.673,0.914
19.1,32.2,1.507,0.921
19.1,32.7,0.609,0.928
19.1,33.2,-0.353,0.935
19.1,33.7,-1.314,0.943
19.1,34.2,0.866,0.950
19.1,34.7,-0.096,0.957
19.1,35.2,-1.058,0.964
19.1,35.7,1.122,0.971
19.1,36.2,0.160,0.978
19.1,36.7,-0.801,0.985
19.1,37.2,1.378,0.992
19.1,37.7,0.417,0.999
19.1,38.2,-0.545,1.006
19.1,38.7,-1.507,1.013
19.1,39.2,0.673,1.020
19.1,39.7,-0.289,1.027
19.1,40.2,-1.250,1.034
19.1,40.7,0.930,1.041
19.1,41.2,-0.032,1.048
19.1,41.7,-0.994,1.055
19.1,42.2,1.186,1.062
19.1,42.7,0.224,1.069
19.1,43.2,-0.737,1.076
19.1,43.7,1.443,1.082
19.1,44.2,0.481,1.089
19.1,44.7,-0.481,1.096
19.1,45.2,-1.443,1.103
19.1,45.7,0.737,1.109
19.1,46.2,-0.224,1.116
19.1,46.7,-1.186,1.123
19.1,47.2,0.994,1.129
19.1,47.7,-0.032,1.136
19.1,48.2,-0.994,1.143
19.1,48.7,1.186,1.149
19.1,49.2,0.224,1.156
19.1,49.7,-0.737,1.163
19.1,50.3,1.443,1.169
19.1,50.8,0.481,1.176
19.1,51.3,-0.481,1.182
19.1,51.8,-1.443,1.188
19.1,52.3,0.673,1.195
19.1,52.8,-0.289,1.202
19.1,53.3,-1.250,1.208
19.1,53.8,0.930,1.215
19.1,54.3,-0.032,1.221
19.1,54.8,-0.994,1.227
19.1,55.3,1.122,1.234
19.1,55.8,0.160,1.240
19.1,56.3,-0.801,1.247
19.1,56.8,1.378,1.253
19.1,57.3,0.417,1.259
19.1,57.8,-0.609,1.265
19.1,58.3,-1.571,1.272
19.1,58.8,0.609,1.278
19.1,59.3,-0.353,1.284
19.1,59.8,-1.314,1.290
19.1,60.3,0.801,1.296
19.1,60.8,-0.160,1.303
19.1,61.3,-1.122,1.309
19.1,61.8,1.058,1.315
19.1,62.3,0.032,1.321
19.1,62.8,-0.930,1.327
19.1,63.3,1.250,1.333
19.1,63.8,0.289,1.339
19.1,64.3,-0.737,1.345
19.1,64.8,1.443,1.351
19.1,65.3,0.481,1.357
19.1,65.8,-0.545,1.363
19.1,66.3,-1.507,1.369
19.1,66.8,0.673,1.375
19.1,67.3,-0.353,1.380
19.1,67.8,-1.314,1.387
19.1,68.3,0.866,1.393
19.1,68.8,-0.096,1.398
19.1,69.3,-1.122,1.404
19.1,69.8,1.058,1.410
19.1,70.4,0.032,1.415
19.1,70.9,-0.930,1.421
19.1,71.4,1.250,1.427
19.1,71.9,0.224,1.432
19.1,72.4,-0.737,1.438
19.1,72.9,1.443,1.444
19.1,73.4,0.417,1.449
19.1,73.9,-0.545,1.455
19.1,74.4,-1.571,1.460
19.1,74.9,0.609,1.466
19.1,75.4,-0.353,1.471
19.1,75.9,-1.378,1.477
19.1,76.4,0.801,1.483
19.1,76.9,-0.224,1.488
19.1,77.4,-1.186,1.493
19.1,77.9,0.994,1.498
19.1,78.4,-0.032,1.504
19.1,78.9,-0.994,1.509
19.1,79.4,1.122,1.515
19.1,79.9,0.160,1.520
19.1,80.4,-0.866,1.525
19.1,80.9,1.314,1.530
19.1,81.4,0.289,1.535
19.1,81.9,-0.673,1.541
19.1,82.4,1.443,1.546
19.1,82.9,0.481,1.551
19.1,83.4,-0.545,1.556
19.1,83.9,-1.507,1.561
19.1,84.4,0.609,1.566
19.1,84.9,-0.353,1.571
19.1,85.4,-1.378,1.576
19.1,85.9,0.801,1.581
19.1,86.4,-0.224,1.586
19.1,86.9,-1.186,1.591
19.1,87.4,0.930,1.596
19.1,87.9,-0.032,1.600
19.1,88.4,-1.058,1.606
19.1,88.9,1.058,1.610
19.1,89.4,0.096,1.615
19.1,89.9,-0.930,1.620
19.1,90.5,1.250,1.624
19.1,91.0,0.224,1.630
19.1,91.5,-0.801,1.634
19.1,92.0,1.378,1.639
19.1,92.5,0.353,1.643
19.1,93.0,-0.609,1.648
19.1,93.5,1.507,1.653
19.1,94.0,0.481,1.657
19.1,94.5,-0.481,1.662
19.1,95.0,-1.507,1.666
19.1,95.5,0.609,1.670
19.1,96.0,-0.353,1.675
19.1,96.5,-1.378,1.680
19.1,97.0,0.737,1.683
19.1,97.5,-0.224,1.688
19.1,98.0,-1.250,1.693
19.1,98.5,0.866,1.696
19.1,99.0,-0.096,1.701
19.1,99.5,-1.122,1.705
19.1,100.0,0.994,1.709
19.6,0.0,0.866,0.430
19.6,0.5,-0.096,0.438
19.6,1.0,-1.058,0.446
19.6,1.5,1.186,0.454
19.6,2.0,0.224,0.461
19.6,2.5,-0.673,0.469
19.6,3.0,1.507,0.477
19.6,3.5,0.609,0.485
19.6,4.0,-0.353,0.493
19.6,4.5,-1.314,0.501
19.6,5.0,0.930,0.509
19.6,5.5,-0.032,0.516
19.6,6.0,-0.930,0.524
19.6,6.5,1.250,0.532
19.6,7.0,0.289,0.540
19.6,7.5,-0.609,0.548
19.6,8.0,-1.571,0.556
19.6,8.5,0.673,0.563
19.6,9.0,-0.289,0.571
19.6,9.5,-1.250,0.579
19.6,10.1,0.994,0.587
19.6,10.6,0.032,0.594
19.6,11.1,-0.930,0.602
19.6,11.6,1.314,0.610
19.6,12.1,0.353,0.618
19.6,12.6,-0.609,0.625
19.6,13.1,-1.507,0.633
19.6,13.6,0.673,0.641
19.6,14.1,-0.289,0.648
19.6,14.6,-1.186,0.656
19.6,15.1,0.994,0.664
19.6,15.6,0.032,0.671
19.6,16.1,-0.866,0.679
19.6,16.6,1.314,0.686
19.6,17.1,0.353,0.694
19.6,17.6,-0.609,0.702
19.6,18.1,-1.507,0.709
19.6,18.6,0.673,0.717
19.6,19.1,-0.289,0.724
19.6,19.6,-1.250,0.732
19.6,20.1,0.994,0.739
19.6,20.6,0.032,0.747
19.6,21.1,-0.930,0.755
19.6,21.6,1.250,0.762
19.6,22.1,0.289,0.769
19.6,22.6,-0.609,0.777
19.6,23.1,1.571,0.784
19.6,23.6,0.609,0.792
19.6,24.1,-0.353,0.799
19.6,24.6,-1.314,0.806
19.6,25.1,0.930,0.814
19.6,25.6,-0.032,0.822
19.6,26.1,-0.994,0.829
19.6,26.6,1.186,0.836
19.6,27.1,0.224,0.844
19.6,27.6,-0.737,0.851
19.6,28.1,1.507,0.858
19.6,28.6,0.545,0.866
19.6,29.1,-0.417,0.873
19.6,29.6,-1.378,0.880
19.6,30.2,0.801,0.888
19.6,30.7,-0.160,0.895
19.6,31.2,-1.122,0.902
19.6,31.7,1.058,0.909
19.6,32.2,0.160,0.916
19.6,32.7,-0.801,0.923
19.6,33.2,1.378,0.931
19.6,33.7,0.417,0.938
19.6,34.2,-0.545,0.945
19.6,34.7,-1.507,0.952
19.6,35.2,0.673,0.959
19.6,35.7,-0.289,0.966
19.6,36.2,-1.250,0.974
19.6,36.7,0.930,0.981
19.6,37.2,-0.032,0.988
19.6,37.7,-0.994,0.995
19.6,38.2,1.186,1.002
19.6,38.7,0.224,1.009
19.6,39.2,-0.737,1.016
19.6,39.7,1.443,1.023
19.6,40.2,0.481,1.029
19.6,40.7,-0.481,1.036
19.6,41.2,-1.443,1.043
19.6,41.7,0.737,1.050
19.6,42.2,-0.224,1.057
19.6,42.7,-1.186,1.064
19.6,43.2,0.994,1.071
19.6,43.7,0.032,1.078
19.6,44.2,-0.930,1.085
19.6,44.7,1.250,1.091
19.6,45.2,0.289,1.098
19.6,45.7,-0.673,1.105
19.6,46.2,1.507,1.112
19.6,46.7,0.545,1.118
19.6,47.2,-0.417,1.125
19.6,47.7,-1.378,1.132
19.6,48.2,0.801,1.138
19.6,48.7,-0.160,1.145
19.6,49.2,-1.186,1.151
19.6,49.7,0.994,1.158
19.6,50.3,0.032,1.165
19.6,50.8,-0.930,1.172
19.6,51.3,1.250,1.178
19.6,51.8,0.289,1.185
19.6,52.3,-0.673,1.191
19.6,52.8,1.507,1.197
19.6,53.3,0.481,1.204
19.6,53.8,-0.481,1.211
19.6,54.3,-1.443,1.217
19.6,54.8,0.737,1.223
19.6,55.3,-0.224,1.230
19.6,55.8,-1.186,1.236
19.6,56.3,0.930,1.242
19.6,56.8,-0.032,1.249
19.6,57.3,-0.994,1.255
19.6,57.8,1.186,1.261
19.6,58.3,0.224,1.267
19.6,58.8,-0.801,1.274
19.6,59.3,1.378,1.280
19.6,59.8,0.417,1.287
19.6,60.3,-0.545,1.293
19.6,60.8,-1.571,1.298
19.6,61.3,0.609,1.305
19.6,61.8,-0.353,1.311
19.6,62.3,-1.314,1.317
19.6,62.8,0.801,1.323
19.6,63.3,-0.160,1.329
19.6,63.8,-1.122,1.335
19.6,64.3,1.058,1.341
19.6,64.8,0.032,1.347
19.6,65.3,-0.930,1.353
19.6,65.8,1.250,1.359
19.6,66.3,0.289,1.365
19.6,66.8,-0.737,1.371
19.6,67.3,1.443,1.377
19.6,67.8,0.481,1.382
19.6,68.3,-0.545,1.389
19.6,68.8,-1.507,1.395
19.6,69.3,0.673,1.400
19.6,69.8,-0.353,1.406
19.6,70.4,-1.314,1.412
19.6,70.9,0.866,1.417
19.6,71.4,-0.160,1.423
19.6,71.9,-1.122,1.429
19.6,72.4,0.994,1.434
19.6,72.9,0.032,1.440
19.6,73.4,-0.930,1.446
19.6,73.9,1.186,1.451
19.6,74.4,0.224,1.457
19.6,74.9,-0.737,1.462
19.6,75.4,1.378,1.468
19.6,75.9,0.417,1.473
19.6,76.4,-0.609,1.479
19.6,76.9,1.571,1.484
19.6,77.4,0.545,1.489
19.6,77.9,-0.417,1.495
19.6,78.4,-1.378,1.500
19.6,78.9,0.737,1.506
19.6,79.4,-0.224,1.511
19.6,79.9,-1.250,1.516
19.6,80.4,0.930,1.522
19.6,80.9,-0.096,1.527
19.6,81.4,-1.058,1.532
19.6,81.9,1.058,1.537
19.6,82.4,0.096,1.543
19.6,82.9,-0.930,1.547
19.6,83.4,1.250,1.553
19.6,83.9,0.224,1.558
19.6,84.4,-0.737,1.563
19.6,84.9,1.378,1.568
19.6,85.4,0.417,1.573
19.6,85.9,-0.609,1.578
19.6,86.4,1.571,1.583
19.6,86.9,0.545,1.588
19.6,87.4,-0.417,1.592
19.6,87.9,-1.443,1.598
19.6,88.4,0.737,1.602
19.6,88.9,-0.289,1.607
19.6,89.4,-1.314,1.612
19.6,89.9,0.866,1.617
19.6,90.5,-0.160,1.622
19.6,91.0,-1.122,1.626
19.6,91.5,0.994,1.631
19.6,92.0,-0.032,1.635
19.6,92.5,-0.994,1.640
19.6,93.0,1.122,1.645
19.6,93.5,0.160,1.649
19.6,94.0,-0.866,1.654
19.6,94.5,1.250,1.658
19.6,95.0,0.289,1.663
19.6,95.5,-0.737,1.668
19.6,96.0,1.378,1.672
19.6,96.5,0.417,1.677
19.6,97.0,-0.609,1.681
19.6,97.5,1.507,1.685
19.6,98.0,0.545,1.690
19.6,98.5,-0.481,1.694
19.6,99.0,-1.507,1.698
19.6,99.5,0.673,1.702
19.6,100.0,-0.353,1.707
20.1,0.0,-0.609,0.425
20.1,0.5,-1.507,0.433
20.1,1.0,0.673,0.440
20.1,1.5,-0.224,0.448
20.1,2.0,-1.186,0.456
20.1,2.5,1.058,0.464
20.1,3.0,0.096,0.472
20.1,3.5,-0.801,0.480
20.1,4.0,1.378,0.488
20.1,4.5,0.417,0.496
20.1,5.0,-0.481,0.503
20.1,5.5,-1.443,0.511
20.1,6.0,0.801,0.519
20.1,6.5,-0.160,0.527
20.1,7.0,-1.122,0.535
20.1,7.5,1.122,0.543
20.1,8.0,0.160,0.550
20.1,8.5,-0.737,0.558
20.1,9.0,1.443,0.566
20.1,9.5,0.481,0.574
20.1,10.1,-0.417,0.581
20.1,10.6,-1.378,0.589
20.1,11.1,0.801,0.597
20.1,11.6,-0.096,0.605
20.1,12.1,-1.058,0.612
20.1,12.6,1.122,0.620
20.1,13.1,0.224,0.628
20.1,13.6,-0.737,0.636
20.1,14.1,1.443,0.643
20.1,14.6,0.545,0.651
20.1,15.1,-0.417,0.659
20.1,15.6,-1.378,0.666
20.1,16.1,0.866,0.674
20.1,16.6,-0.096,0.681
20.1,17.1,-1.058,0.689
20.1,17.6,1.122,0.697
20.1,18.1,0.224,0.704
20.1,18.6,-0.737,0.712
20.1,19.1,1.443,0.719
20.1,19.6,0.481,0.727
20.1,20.1,-0.417,0.734
20.1,20.6,-1.378,0.742
20.1,21.1,0.801,0.750
20.1,21.6,-0.160,0.757
20.1,22.1,-1.058,0.764
20.1,22.6,1.122,0.772
20.1,23.1,0.160,0.780
20.1,23.6,-0.801,0.787
20.1,24.1,1.378,0.794
20.1,24.6,0.481,0.801
20.1,25.1,-0.481,0.809
20.1,25.6,-1.443,0.817
20.1,26.1,0.737,0.824
20.1,26.6,-0.224,0.831
20.1,27.1,-1.186,0.839
20.1,27.6,1.058,0.846
20.1,28.1,0.096,0.853
20.1,28.6,-0.866,0.861
20.1,29.1,1.314,0.868
20.1,29.6,0.353,0.875
20.1,30.2,-0.609,0.883
20.1,30.7,-1.571,0.890
20.1,31.2,0.609,0.897
20.1,31.7,-0.289,0.904
20.1,32.2,-1.250,0.911
20.1,32.7,0.930,0.919
20.1,33.2,-0.032,0.926
20.1,33.7,-0.994,0.933
20.1,34.2,1.186,0.940
20.1,34.7,0.224,0.948
20.1,35.2,-0.737,0.955
20.1,35.7,1.443,0.962
20.1,36.2,0.481,0.969
20.1,36.7,-0.481,0.976
20.1,37.2,-1.443,0.983
20.1,37.7,0.737,0.990
20.1,38.2,-0.224,0.997
20.1,38.7,-1.186,1.004
20.1,39.2,0.994,1.011
20.1,39.7,0.032,1.018
20.1,40.2,-0.866,1.025
20.1,40.7,1.314,1.031
20.1,41.2,0.353,1.038
20.1,41.7,-0.673,1.045
20.1,42.2,1.507,1.052
20.1,42.7,0.545,1.059
20.1,43.2,-0.417,1.066
20.1,43.7,-1.378,1.073
20.1,44.2,0.801,1.080
20.1,44.7,-0.160,1.087
20.1,45.2,-1.122,1.094
20.1,45.7,1.058,1.100
20.1,46.2,0.096,1.107
20.1,46.7,-0.866,1.114
20.1,47.2,1.314,1.121
20.1,47.7,0.353,1.127
20.1,48.2,-0.609,1.134
20.1,48.7,1.571,1.141
20.1,49.2,0.609,1.147
20.1,49.7,-0.353,1.154
20.1,50.3,-1.378,1.160
20.1,50.8,0.801,1.167
20.1,51.3,-0.160,1.174
20.1,51.8,-1.122,1.180
20.1,52.3,1.058,1.187
20.1,52.8,0.096,1.193
20.1,53.3,-0.866,1.200
20.1,53.8,1.314,1.206
20.1,54.3,0.289,1.212
20.1,54.8,-0.673,1.219
20.1,55.3,1.507,1.226
20.1,55.8,0.545,1.232
20.1,56.3,-0.417,1.238
20.1,56.8,-1.378,1.244
20.1,57.3,0.737,1.251
20.1,57.8,-0.224,1.257
20.1,58.3,-1.186,1.264
20.1,58.8,0.994,1.270
20.1,59.3,-0.032,1.276
20.1,59.8,-0.994,1.282
20.1,60.3,1.186,1.289
20.1,60.8,0.224,1.295
20.1,61.3,-0.737,1.301
20.1,61.8,1.378,1.307
20.1,62.3,0.417,1.313
20.1,62.8,-0.545,1.319
20.1,63.3,-1.507,1.325
20.1,63.8,0.609,1.331
20.1,64.3,-0.353,1.338
20.1,64.8,-1.314,1.343
20.1,65.3,0.801,1.349
20.1,65.8,-0.160,1.355
20.1,66.3,-1.122,1.361
20.1,66.8,1.058,1.367
20.1,67.3,0.032,1.373
20.1,67.8,-0.930,1.379
20.1,68.3,1.250,1.385
20.1,68.8,0.224,1.390
20.1,69.3,-0.737,1.397
20.1,69.8,1.443,1.402
20.1,70.4,0.417,1.408
20.1,70.9,-0.545,1.414
20.1,71.4,-1.507,1.419
20.1,71.9,0.609,1.425
20.1,72.4,-0.353,1.431
20.1,72.9,-1.314,1.436
20.1,73.4,0.801,1.442
20.1,73.9,-0.160,1.448
20.1,74.4,-1.186,1.453
20.1,74.9,0.994,1.459
20.1,75.4,0.032,1.464
20.1,75.9,-0.994,1.470
20.1,76.4,1.186,1.475
20.1,76.9,0.160,1.481
20.1,77.4,-0.801,1.486
20.1,77.9,1.314,1.491
20.1,78.4,0.353,1.497
20.1,78.9,-0.609,1.502
20.1,79.4,1.507,1.508
20.1,79.9,0.545,1.513
20.1,80.4,-0.481,1.518
20.1,80.9,-1.443,1.523
20.1,81.4,0.673,1.529
20.1,81.9,-0.289,1.534
20.1,82.4,-1.314,1.539
20.1,82.9,0.866,1.544
20.1,83.4,-0.160,1.549
20.1,83.9,-1.122,1.555
20.1,84.4,0.994,1.559
20.1,84.9,0.032,1.565
20.1,85.4,-0.994,1.570
20.1,85.9,1.186,1.575
20.1,86.4,0.160,1.580
20.1,86.9,-0.801,1.584
20.1,87.4,1.314,1.590
20.1,87.9,0.353,1.594
20.1,88.4,-0.673,1.599
20.1,88.9,1.443,1.603
20.1,89.4,0.481,1.609
20.1,89.9,-0.545,1.613
20.1,90.5,-1.507,1.619
20.1,91.0,0.609,1.623
20.1,91.5,-0.353,1.628
20.1,92.0,-1.378,1.633
20.1,92.5,0.737,1.637
20.1,93.0,-0.224,1.642
20.1,93.5,-1.250,1.647
20.1,94.0,0.930,1.651
20.1,94.5,-0.096,1.656
20.1,95.0,-1.122,1.660
20.1,95.5,1.058,1.665
20.1,96.0,0.032,1.669
20.1,96.5,-0.994,1.673
20.1,97.0,1.186,1.678
20.1,97.5,0.160,1.683
20.1,98.0,-0.866,1.686
20.1,98.5,1.314,1.691
20.1,99.0,0.289,1.696
20.1,99.5,-0.737,1.699
20.1,100.0,1.443,1.704
20.6,0.0,1.122,0.419
20.6,0.5,0.224,0.427
20.6,1.0,-0.737,0.435
20.6,1.5,1.507,0.443
20.6,2.0,0.545,0.451
20.6,2.5,-0.353,0.459
20.6,3.0,-1.314,0.467
20.6,3.5,0.866,0.474
20.6,4.0,-0.032,0.483
20.6,4.5,-0.994,0.490
20.6,5.0,1.250,0.498
20.6,5.5,0.289,0.506
20.6,6.0,-0.609,0.514
20.6,6.5,1.571,0.522
20.6,7.0,0.609,0.529
20.6,7.5,-0.289,0.537
20.6,8.0,-1.250,0.545
20.6,8.5,0.994,0.553
20.6,9.0,0.032,0.561
20.6,9.5,-0.930,0.569
20.6,10.1,1.314,0.576
20.6,10.6,0.353,0.584
20.6,11.1,-0.609,0.592
20.6,11.6,-1.507,0.599
20.6,12.1,0.673,0.607
20.6,12.6,-0.289,0.615
20.6,13.1,-1.186,0.623
20.6,13.6,0.994,0.630
20.6,14.1,0.032,0.638
20.6,14.6,-0.866,0.646
20.6,15.1,1.314,0.653
20.6,15.6,0.353,0.661
20.6,16.1,-0.609,0.668
20.6,16.6,-1.507,0.676
20.6,17.1,0.673,0.684
20.6,17.6,-0.289,0.691
20.6,18.1,-1.186,0.699
20.6,18.6,0.994,0.707
20.6,19.1,0.032,0.714
20.6,19.6,-0.930,0.722
20.6,20.1,1.314,0.729
20.6,20.6,0.353,0.737
20.6,21.1,-0.609,0.745
20.6,21.6,-1.571,0.752
20.6,22.1,0.673,0.759
20.6,22.6,-0.289,0.767
20.6,23.1,-1.250,0.775
20.6,23.6,0.930,0.782
20.6,24.1,-0.032,0.789
20.6,24.6,-0.930,0.797
20.6,25.1,1.250,0.804
20.6,25.6,0.289,0.812
20.6,26.1,-0.673,0.819
20.6,26.6,1.507,0.826
20.6,27.1,0.545,0.834
20.6,27.6,-0.353,0.841
20.6,28.1,-1.314,0.849
20.6,28.6,0.866,0.856
20.6,29.1,-0.096,0.863
20.6,29.6,-1.058,0.871
20.6,30.2,1.122,0.878
20.6,30.7,0.160,0.885
20.6,31.2,-0.737,0.892
20.6,31.7,1.443,0.899
20.6,32.2,0.481,0.907
20.6,32.7,-0.481,0.914
20.6,33.2,-1.443,0.921
20.6,33.7,0.737,0.928
20.6,34.2,-0.224,0.936
20.6,34.7,-1.186,0.943
20.6,35.2,0.994,0.950
20.6,35.7,0.032,0.957
20.6,36.2,-0.930,0.964
20.6,36.7,1.250,0.971
20.6,37.2,0.353,0.978
20.6,37.7,-0.609,0.985
20.6,38.2,1.571,0.992
20.6,38.7,0.609,0.999
20.6,39.2,-0.353,1.006
20.6,39.7,-1.314,1.013
20.6,40.2,0.866,1.020
20.6,40.7,-0.096,1.027
20.6,41.2,-1.058,1.034
20.6,41.7,1.122,1.041
20.6,42.2,0.160,1.048
20.6,42.7,-0.801,1.055
20.6,43.2,1.378,1.062
20.6,43.7,0.417,1.068
20.6,44.2,-0.545,1.075
20.6,44.7,-1.507,1.082
20.6,45.2,0.609,1.089
20.6,45.7,-0.353,1.096
20.6,46.2,-1.314,1.103
20.6,46.7,0.866,1.109
20.6,47.2,-0.096,1.116
20.6,47.7,-1.058,1.123
20.6,48.2,1.122,1.130
20.6,48.7,0.160,1.136
20.6,49.2,-0.801,1.143
20.6,49.7,1.378,1.150
20.6,50.3,0.417,1.156
20.6,50.8,-0.545,1.163
20.6,51.3,-1.571,1.169
20.6,51.8,0.609,1.176
20.6,52.3,-0.353,1.182
20.6,52.8,-1.314,1.189
20.6,53.3,0.866,1.196
20.6,53.8,-0.096,1.202
20.6,54.3,-1.058,1.208
20.6,54.8,1.122,1.214
20.6,55.3,0.096,1.221
20.6,55.8,-0.866,1.228
20.6,56.3,1.314,1.234
20.6,56.8,0.353,1.240
20.6,57.3,-0.609,1.247
20.6,57.8,1.507,1.253
20.6,58.3,0.545,1.259
20.6,58.8,-0.417,1.266
20.6,59.3,-1.378,1.272
20.6,59.8,0.801,1.278
20.6,60.3,-0.224,1.284
20.6,60.8,-1.186,1.291
20.6,61.3,0.994,1.297
20.6,61.8,0.032,1.303
20.6,62.3,-0.994,1.309
20.6,62.8,1.186,1.315
20.6,63.3,0.224,1.321
20.6,63.8,-0.737,1.327
20.6,64.3,1.378,1.333
20.6,64.8,0.417,1.340
20.6,65.3,-0.545,1.345
20.6,65.8,-1.507,1.351
20.6,66.3,0.609,1.357
20.6,66.8,-0.353,1.363
20.6,67.3,-1.314,1.369
20.6,67.8,0.801,1.375
20.6,68.3,-0.160,1.381
20.6,68.8,-1.122,1.387
20.6,69.3,0.994,1.392
20.6,69.8,0.032,1.399
20.6,70.4,-0.930,1.404
20.6,70.9,1.186,1.410
20.6,71.4,0.224,1.416
20.6,71.9,-0.737,1.421
20.6,72.4,1.378,1.427
20.6,72.9,0.417,1.433
20.6,73.4,-0.545,1.438
20.6,73.9,-1.571,1.444
20.6,74.4,0.609,1.450
20.6,74.9,-0.417,1.455
20.6,75.4,-1.378,1.461
20.6,75.9,0.801,1.466
20.6,76.4,-0.224,1.472
20.6,76.9,-1.186,1.477
20.6,77.4,0.930,1.482
20.6,77.9,-0.032,1.488
20.6,78.4,-0.994,1.493
20.6,78.9,1.122,1.499
20.6,79.4,0.160,1.504
20.6,79.9,-0.866,1.510
20.6,80.4,1.314,1.515
20.6,80.9,0.289,1.520
20.6,81.4,-0.673,1.525
20.6,81.9,1.443,1.530
20.6,82.4,0.481,1.536
20.6,82.9,-0.545,1.541
20.6,83.4,-1.507,1.546
20.6,83.9,0.609,1.551
20.6,84.4,-0.353,1.556
20.6,84.9,-1.378,1.561
20.6,85.4,0.801,1.566
20.6,85.9,-0.224,1.571
20.6,86.4,-1.186,1.576
20.6,86.9,0.930,1.581
20.6,87.4,-0.032,1.586
20.6,87.9,-1.058,1.591
20.6,88.4,1.122,1.596
20.6,88.9,0.096,1.601
20.6,89.4,-0.930,1.605
20.6,89.9,1.250,1.611
20.6,90.5,0.224,1.615
20.6,91.0,-0.737,1.620
20.6,91.5,1.378,1.625
20.6,92.0,0.417,1.629
20.6,92.5,-0.609,1.634
20.6,93.0,1.507,1.639
20.6,93.5,0.545,1.644
20.6,94.0,-0.481,1.648
20.6,94.5,-1.443,1.652
20.6,95.0,0.673,1.657
20.6,95.5,-0.353,1.662
20.6,96.0,-1.314,1.666
20.6,96.5,0.801,1.671
20.6,97.0,-0.224,1.675
20.6,97.5,-1.186,1.679
20.6,98.0,0.930,1.684
20.6,98.5,-0.096,1.688
20.6,99.0,-1.058,1.692
20.6,99.5,1.058,1.697
20.6,100.0,0.032,1.701
21.1,0.0,-0.289,0.414
21.1,0.5,-1.186,0.422
21.1,1.0,0.994,0.430
21.1,1.5,0.096,0.438
21.1,2.0,-0.866,0.446
21.1,2.5,1.314,0.453
21.1,3.0,0.417,0.462
21.1,3.5,-0.545,0.469
21.1,4.0,-1.443,0.477
21.1,4.5,0.737,0.485
21.1,5.0,-0.160,0.493
21.1,5.5,-1.122,0.501
21.1,6.0,1.058,0.509
21.1,6.5,0.160,0.517
21.1,7.0,-0.801,0.524
21.1,7.5,1.443,0.532
21.1,8.0,0.481,0.540
21.1,8.5,-0.481,0.548
21.1,9.0,-1.378,0.556
21.1,9.5,0.801,0.563
21.1,10.1,-0.096,0.571
21.1,10.6,-1.058,0.579
21.1,11.1,1.122,0.587
21.1,11.6,0.224,0.594
21.1,12.1,-0.737,0.602
21.1,12.6,1.443,0.610
21.1,13.1,0.545,0.617
21.1,13.6,-0.417,0.625
21.1,14.1,-1.378,0.633
21.1,14.6,0.866,0.640
21.1,15.1,-0.096,0.648
21.1,15.6,-1.058,0.656
21.1,16.1,1.122,0.663
21.1,16.6,0.224,0.671
21.1,17.1,-0.737,0.679
21.1,17.6,1.443,0.686
21.1,18.1,0.545,0.694
21.1,18.6,-0.417,0.702
21.1,19.1,-1.378,0.709
21.1,19.6,0.801,0.717
21.1,20.1,-0.096,0.724
21.1,20.6,-1.058,0.732
21.1,21.1,1.122,0.740
21.1,21.6,0.160,0.747
21.1,22.1,-0.737,0.754
21.1,22.6,1.443,0.762
21.1,23.1,0.481,0.770
21.1,23.6,-0.481,0.777
21.1,24.1,-1.443,0.784
21.1,24.6,0.801,0.792
21.1,25.1,-0.160,0.799
21.1,25.6,-1.122,0.807
21.1,26.1,1.058,0.814
21.1,26.6,0.096,0.821
21.1,27.1,-0.801,0.829
21.1,27.6,1.378,0.836
21.1,28.1,0.417,0.844
21.1,28.6,-0.545,0.851
21.1,29.1,-1.507,0.858
21.1,29.6,0.673,0.866
21.1,30.2,-0.289,0.873
21.1,30.7,-1.186,0.880
21.1,31.2,0.994,0.887
21.1,31.7,0.032,0.895
21.1,32.2,-0.930,0.902
21.1,32.7,1.250,0.909
21.1,33.2,0.289,0.917
21.1,33.7,-0.673,0.924
21.1,34.2,1.507,0.931
21.1,34.7,0.545,0.938
21.1,35.2,-0.417,0.945
21.1,35.7,-1.314,0.952
21.1,36.2,0.866,0.959
21.1,36.7,-0.096,0.966
21.1,37.2,-1.058,0.973
21.1,37.7,1.122,0.981
21.1,38.2,0.160,0.988
21.1,38.7,-0.801,0.995
21.1,39.2,1.378,1.002
21.1,39.7,0.417,1.009
21.1,40.2,-0.545,1.016
21.1,40.7,-1.507,1.023
21.1,41.2,0.673,1.030
21.1,41.7,-0.289,1.037
21.1,42.2,-1.250,1.044
21.1,42.7,0.930,1.050
21.1,43.2,-0.032,1.057
21.1,43.7,-0.994,1.064
21.1,44.2,1.186,1.071
21.1,44.7,0.224,1.078
21.1,45.2,-0.737,1.085
21.1,45.7,1.443,1.091
21.1,46.2,0.481,1.098
21.1,46.7,-0.481,1.105
21.1,47.2,-1.507,1.111
21.1,47.7,0.673,1.118
21.1,48.2,-0.289,1.125
21.1,48.7,-1.250,1.132
21.1,49.2,0.930,1.139
21.1,49.7,-0.032,1.145
21.1,50.3,-0.994,1.152
21.1,50.8,1.186,1.158
21.1,51.3,0.224,1.165
21.1,51.8,-0.737,1.171
21.1,52.3,1.378,1.178
21.1,52.8,0.417,1.184
21.1,53.3,-0.545,1.191
21.1,53.8,-1.507,1.198
21.1,54.3,0.673,1.204
21.1,54.8,-0.289,1.211
21.1,55.3,-1.250,1.217
21.1,55.8,0.866,1.223
21.1,56.3,-0.096,1.230
21.1,56.8,-1.058,1.236
21.1,57.3,1.122,1.243
21.1,57.8,0.160,1.249
21.1,58.3,-0.801,1.255
21.1,58.8,1.314,1.261
21.1,59.3,0.353,1.268
21.1,59.8,-0.609,1.274
21.1,60.3,1.571,1.280
21.1,60.8,0.545,1.286
21.1,61.3,-0.417,1.293
21.1,61.8,-1.378,1.299
21.1,62.3,0.801,1.305
21.1,62.8,-0.160,1.311
21.1,63.3,-1.186,1.317
21.1,63.8,0.994,1.323
21.1,64.3,0.032,1.329
21.1,64.8,-0.994,1.335
21.1,65.3,1.186,1.341
21.1,65.8,0.224,1.348
21.1,66.3,-0.737,1.353
21.1,66.8,1.378,1.359
21.1,67.3,0.417,1.365
21.1,67.8,-0.545,1.371
21.1,68.3,-1.571,1.377
21.1,68.8,0.609,1.383
21.1,69.3,-0.353,1.389
21.1,69.8,-1.378,1.394
21.1,70.4,0.801,1.400
21.1,70.9,-0.160,1.406
21.1,71.4,-1.186,1.411
21.1,71.9,0.994,1.418
21.1,72.4,0.032,1.423
21.1,72.9,-0.994,1.429
21.1,73.4,1.186,1.435
21.1,73.9,0.224,1.440
21.1,74.4,-0.801,1.446
21.1,74.9,1.378,1.452
21.1,75.4,0.353,1.457
21.1,75.9,-0.609,1.463
21.1,76.4,1.571,1.468
21.1,76.9,0.545,1.474
21.1,77.4,-0.417,1.479
21.1,77.9,-1.443,1.484
21.1,78.4,0.737,1.490
21.1,78.9,-0.224,1.495
21.1,79.4,-1.250,1.501
21.1,79.9,0.930,1.506
21.1,80.4,-0.096,1.511
21.1,80.9,-1.058,1.517
21.1,81.4,1.058,1.522
21.1,81.9,0.096,1.527
21.1,82.4,-0.930,1.532
21.1,82.9,1.250,1.538
21.1,83.4,0.224,1.542
21.1,83.9,-0.737,1.548
21.1,84.4,1.378,1.553
21.1,84.9,0.417,1.558
21.1,85.4,-0.609,1.563
21.1,85.9,1.571,1.568
21.1,86.4,0.545,1.573
21.1,86.9,-0.417,1.578
21.1,87.4,-1.443,1.583
21.1,87.9,0.737,1.588
21.1,88.4,-0.289,1.593
21.1,88.9,-1.250,1.597
21.1,89.4,0.866,1.603
21.1,89.9,-0.160,1.607
21.1,90.5,-1.122,1.612
21.1,91.0,0.994,1.617
21.1,91.5,0.032,1.622
21.1,92.0,-0.994,1.627
21.1,92.5,1.186,1.631
21.1,93.0,0.160,1.636
21.1,93.5,-0.866,1.640
21.1,94.0,1.314,1.645
21.1,94.5,0.289,1.650
21.1,95.0,-0.673,1.654
21.1,95.5,1.443,1.659
21.1,96.0,0.417,1.663
21.1,96.5,-0.545,1.667
21.1,97.0,1.571,1.672
21.1,97.5,0.545,1.677
21.1,98.0,-0.417,1.681
21.1,98.5,-1.443,1.686
21.1,99.0,0.673,1.690
21.1,99.5,-0.289,1.694
21.1,100.0,-1.314,1.699
21.6,0.0,1.443,0.409
21.6,0.5,0.481,0.417
21.6,1.0,-0.417,0.425
21.6,1.5,-1.378,0.432
21.6,2.0,0.866,0.440
21.6,2.5,-0.096,0.448
21.6,3.0,-0.994,0.456
21.6,3.5,1.186,0.464
21.6,4.0,0.289,0.472
21.6,4.5,-0.673,0.480
21.6,5.0,1.571,0.488
21.6,5.5,0.609,0.496
21.6,6.0,-0.353,0.503
21.6,6.5,-1.250,0.511
21.6,7.0,0.930,0.519
21.6,7.5,0.032,0.527
21.6,8.0,-0.930,0.535
21.6,8.5,1.250,0.542
21.6,9.0,0.353,0.550
21.6,9.5,-0.609,0.558
21.6,10.1,-1.571,0.566
21.6,10.6,0.673,0.574
21.6,11.1,-0.289,0.581
21.6,11.6,-1.186,0.589
21.6,12.1,0.994,0.597
21.6,12.6,0.032,0.605
21.6,13.1,-0.866,0.612
21.6,13.6,1.314,0.620
21.6,14.1,0.353,0.628
21.6,14.6,-0.545,0.635
21.6,15.1,-1.507,0.643
21.6,15.6,0.673,0.651
21.6,16.1,-0.289,0.658
21.6,16.6,-1.186,0.666
21.6,17.1,0.994,0.674
21.6,17.6,0.032,0.681
21.6,18.1,-0.866,0.689
21.6,18.6,1.314,0.697
21.6,19.1,0.353,0.704
21.6,19.6,-0.609,0.712
21.6,20.1,-1.507,0.719
21.6,20.6,0.673,0.727
21.6,21.1,-0.289,0.735
21.6,21.6,-1.250,0.742
21.6,22.1,0.994,0.749
21.6,22.6,0.032,0.757
21.6,23.1,-0.930,0.765
21.6,23.6,1.250,0.772
21.6,24.1,0.289,0.779
21.6,24.6,-0.609,0.787
21.6,25.1,1.571,0.794
21.6,25.6,0.609,0.802
21.6,26.1,-0.353,0.809
21.6,26.6,-1.314,0.816
21.6,27.1,0.930,0.824
21.6,27.6,-0.032,0.831
21.6,28.1,-0.994,0.839
21.6,28.6,1.186,0.846
21.6,29.1,0.224,0.853
21.6,29.6,-0.737,0.861
21.6,30.2,1.507,0.868
21.6,30.7,0.545,0.875
21.6,31.2,-0.417,0.883
21.6,31.7,-1.378,0.890
21.6,32.2,0.801,0.897
21.6,32.7,-0.160,0.904
21.6,33.2,-1.122,0.912
21.6,33.7,1.058,0.919
21.6,34.2,0.096,0.926
21.6,34.7,-0.866,0.933
21.6,35.2,1.378,0.940
21.6,35.7,0.417,0.947
21.6,36.2,-0.545,0.955
21.6,36.7,-1.507,0.962
21.6,37.2,0.673,0.969
21.6,37.7,-0.289,0.976
21.6,38.2,-1.250,0.983
21.6,38.7,0.930,0.990
21.6,39.2,-0.032,0.997
21.6,39.7,-0.994,1.004
21.6,40.2,1.186,1.011
21.6,40.7,0.224,1.018
21.6,41.2,-0.737,1.025
21.6,41.7,1.443,1.032
21.6,42.2,0.481,1.039
21.6,42.7,-0.481,1.046
21.6,43.2,-1.443,1.053
21.6,43.7,0.737,1.060
21.6,44.2,-0.224,1.067
21.6,44.7,-1.186,1.073
21.6,45.2,0.994,1.080
21.6,45.7,0.032,1.087
21.6,46.2,-0.930,1.094
21.6,46.7,1.250,1.101
21.6,47.2,0.289,1.107
21.6,47.7,-0.673,1.114
21.6,48.2,1.507,1.120
21.6,48.7,0.481,1.127
21.6,49.2,-0.481,1.134
21.6,49.7,-1.443,1.141
21.6,50.3,0.737,1.147
21.6,50.8,-0.224,1.154
21.6,51.3,-1.186,1.161
21.6,51.8,0.994,1.167
21.6,52.3,0.032,1.174
21.6,52.8,-0.930,1.180
21.6,53.3,1.250,1.186
21.6,53.8,0.224,1.193
21.6,54.3,-0.737,1.200
21.6,54.8,1.443,1.206
21.6,55.3,0.481,1.213
21.6,55.8,-0.481,1.219
21.6,56.3,-1.443,1.225
21.6,56.8,0.673,1.232
21.6,57.3,-0.289,1.238
21.6,57.8,-1.250,1.245
21.6,58.3,0.930,1.251
21.6,58.8,-0.032,1.257
21.6,59.3,-1.058,1.263
21.6,59.8,1.122,1.270
21.6,60.3,0.160,1.276
21.6,60.8,-0.801,1.282
21.6,61.3,1.378,1.288
21.6,61.8,0.353,1.295
21.6,62.3,-0.609,1.301
21.6,62.8,1.571,1.307
21.6,63.3,0.609,1.313
21.6,63.8,-0.417,1.319
21.6,64.3,-1.378,1.325
21.6,64.8,0.801,1.332
21.6,65.3,-0.160,1.337
21.6,65.8,-1.186,1.343
21.6,66.3,0.994,1.350
21.6,66.8,0.032,1.355
21.6,67.3,-0.994,1.361
21.6,67.8,1.186,1.367
21.6,68.3,0.224,1.373
21.6,68.8,-0.737,1.379
21.6,69.3,1.378,1.385
21.6,69.8,0.417,1.391
21.6,70.4,-0.545,1.396
21.6,70.9,-1.571,1.402
21.6,71.4,0.609,1.408
21.6,71.9,-0.353,1.413
21.6,72.4,-1.378,1.420
21.6,72.9,0.801,1.425
21.6,73.4,-0.224,1.431
21.6,73.9,-1.186,1.437
21.6,74.4,0.994,1.442
21.6,74.9,-0.032,1.448
21.6,75.4,-0.994,1.454
21.6,75.9,1.186,1.458
21.6,76.4,0.160,1.465
21.6,76.9,-0.801,1.470
21.6,77.4,1.314,1.475
21.6,77.9,0.353,1.481
21.6,78.4,-0.673,1.486
21.6,78.9,1.507,1.492
21.6,79.4,0.545,1.497
21.6,79.9,-0.481,1.503
21.6,80.4,-1.443,1.508
21.6,80.9,0.673,1.513
21.6,81.4,-0.289,1.518
21.6,81.9,-1.314,1.524
21.6,82.4,0.866,1.529
21.6,82.9,-0.160,1.534
21.6,83.4,-1.122,1.539
21.6,83.9,0.994,1.544
21.6,84.4,0.032,1.550
21.6,84.9,-0.994,1.554
21.6,85.4,1.186,1.560
21.6,85.9,0.160,1.565
21.6,86.4,-0.801,1.570
21.6,86.9,1.314,1.575
21.6,87.4,0.353,1.580
21.6,87.9,-0.673,1.585
21.6,88.4,1.507,1.590
21.6,88.9,0.481,1.595
21.6,89.4,-0.481,1.599
21.6,89.9,-1.507,1.604
21.6,90.5,0.609,1.609
21.6,91.0,-0.353,1.614
21.6,91.5,-1.378,1.618
21.6,92.0,0.801,1.623
21.6,92.5,-0.224,1.628
21.6,93.0,-1.186,1.632
21.6,93.5,0.930,1.638
21.6,94.0,-0.096,1.642
21.6,94.5,-1.058,1.647
21.6,95.0,1.058,1.651
21.6,95.5,0.032,1.655
21.6,96.0,-0.930,1.660
21.6,96.5,1.186,1.665
21.6,97.0,0.224,1.669
21.6,97.5,-0.801,1.674
21.6,98.0,1.314,1.678
21.6,98.5,0.353,1.682
21.6,99.0,-0.673,1.687
21.6,99.5,1.443,1.691
21.6,100.0,0.481,1.695
22.1,0.0,0.032,0.403
22.1,0.5,-0.930,0.411
22.1,1.0,1.314,0.419
22.1,1.5,0.353,0.427
22.1,2.0,-0.545,0.435
22.1,2.5,-1.507,0.443
22.1,3.0,0.737,0.451
22.1,3.5,-0.224,0.459
22.1,4.0,-1.122,0.467
22.1,4.5,1.058,0.475
22.1,5.0,0.096,0.482
22.1,5.5,-0.801,0.490
22.1,6.0,1.378,0.498
22.1,6.5,0.481,0.506
22.1,7.0,-0.481,0.514
22.1,7.5,-1.378,0.522
22.1,8.0,0.801,0.530
22.1,8.5,-0.160,0.537
22.1,9.0,-1.058,0.545
22.1,9.5,1.122,0.553
22.1,10.1,0.160,0.561
22.1,10.6,-0.737,0.569
22.1,11.1,1.443,0.576
22.1,11.6,0.545,0.584
22.1,12.1,-0.417,0.592
22.1,12.6,-1.378,0.600
22.1,13.1,0.866,0.607
22.1,13.6,-0.096,0.615
22.1,14.1,-1.058,0.623
22.1,14.6,1.186,0.630
22.1,15.1,0.224,0.638
22.1,15.6,-0.737,0.646
22.1,16.1,1.443,0.653
22.1,16.6,0.545,0.661
22.1,17.1,-0.417,0.669
22.1,17.6,-1.378,0.676
22.1,18.1,0.866,0.684
22.1,18.6,-0.096,0.692
22.1,19.1,-1.058,0.699
22.1,19.6,1.122,0.707
22.1,20.1,0.224,0.714
22.1,20.6,-0.737,0.722
22.1,21.1,1.443,0.729
22.1,21.6,0.481,0.737
22.1,22.1,-0.417,0.744
22.1,22.6,-1.378,0.752
22.1,23.1,0.801,0.760
22.1,23.6,-0.160,0.767
22.1,24.1,-1.058,0.774
22.1,24.6,1.122,0.782
22.1,25.1,0.160,0.790
22.1,25.6,-0.801,0.797
22.1,26.1,1.378,0.804
22.1,26.6,0.481,0.811
22.1,27.1,-0.481,0.819
22.1,27.6,-1.443,0.827
22.1,28.1,0.737,0.834
22.1,28.6,-0.224,0.841
22.1,29.1,-1.186,0.848
22.1,29.6,0.994,0.856
22.1,30.2,0.096,0.863
22.1,30.7,-0.866,0.871
22.1,31.2,1.314,0.878
22.1,31.7,0.353,0.885
22.1,32.2,-0.609,0.892
22.1,32.7,-1.571,0.900
22.1,33.2,0.609,0.907
22.1,33.7,-0.353,0.914
22.1,34.2,-1.250,0.921
22.1,34.7,0.930,0.928
22.1,35.2,-0.032,0.936
22.1,35.7,-0.994,0.943
22.1,36.2,1.186,0.950
22.1,36.7,0.224,0.957
22.1,37.2,-0.737,0.964
22.1,37.7,1.443,0.971
22.1,38.2,0.481,0.978
22.1,38.7,-0.481,0.985
22.1,39.2,-1.443,0.992
22.1,39.7,0.737,0.999
22.1,40.2,-0.224,1.006
22.1,40.7,-1.186,1.013
22.1,41.2,0.994,1.020
22.1,41.7,0.032,1.027
22.1,42.2,-0.930,1.034
22.1,42.7,1.250,1.041
22.1,43.2,0.289,1.048
22.1,43.7,-0.673,1.055
22.1,44.2,1.507,1.062
22.1,44.7,0.545,1.069
22.1,45.2,-0.417,1.076
22.1,45.7,-1.378,1.083
22.1,46.2,0.801,1.089
22.1,46.7,-0.160,1.096
22.1,47.2,-1.122,1.103
22.1,47.7,1.058,1.110
22.1,48.2,0.096,1.116
22.1,48.7,-0.866,1.123
22.1,49.2,1.314,1.130
22.1,49.7,0.353,1.136
22.1,50.3,-0.673,1.143
22.1,50.8,1.507,1.149
22.1,51.3,0.545,1.156
22.1,51.8,-0.417,1.163
22.1,52.3,-1.378,1.170
22.1,52.8,0.801,1.176
22.1,53.3,-0.160,1.183
22.1,53.8,-1.122,1.189
22.1,54.3,1.058,1.195
22.1,54.8,0.032,1.202
22.1,55.3,-0.930,1.209
22.1,55.8,1.250,1.215
22.1,56.3,0.289,1.222
22.1,56.8,-0.673,1.228
22.1,57.3,1.507,1.234
22.1,57.8,0.481,1.240
22.1,58.3,-0.481,1.247
22.1,58.8,-1.443,1.253
22.1,59.3,0.737,1.260
22.1,59.8,-0.224,1.266
22.1,60.3,-1.250,1.272
22.1,60.8,0.930,1.278
22.1,61.3,-0.032,1.285
22.1,61.8,-0.994,1.291
22.1,62.3,1.122,1.296
22.1,62.8,0.160,1.303
22.1,63.3,-0.801,1.309
22.1,63.8,1.378,1.315
22.1,64.3,0.353,1.321
22.1,64.8,-0.609,1.327
22.1,65.3,1.571,1.334
22.1,65.8,0.609,1.339
22.1,66.3,-0.417,1.345
22.1,66.8,-1.378,1.352
22.1,67.3,0.801,1.358
22.1,67.8,-0.160,1.363
22.1,68.3,-1.186,1.369
22.1,68.8,0.994,1.375
22.1,69.3,0.032,1.381
22.1,69.8,-0.994,1.387
22.1,70.4,1.186,1.393
22.1,70.9,0.224,1.398
22.1,71.4,-0.801,1.404
22.1,71.9,1.378,1.410
22.1,72.4,0.417,1.415
22.1,72.9,-0.609,1.422
22.1,73.4,1.571,1.427
22.1,73.9,0.545,1.432
22.1,74.4,-0.417,1.439
22.1,74.9,-1.378,1.444
22.1,75.4,0.737,1.449
22.1,75.9,-0.224,1.455
22.1,76.4,-1.186,1.460
22.1,76.9,0.930,1.466
22.1,77.4,-0.032,1.472
22.1,77.9,-1.058,1.477
22.1,78.4,1.122,1.483
22.1,78.9,0.096,1.488
22.1,79.4,-0.866,1.494
22.1,79.9,1.314,1.499
22.1,80.4,0.289,1.504
22.1,80.9,-0.673,1.510
22.1,81.4,1.443,1.515
22.1,81.9,0.481,1.520
22.1,82.4,-0.545,1.525
22.1,82.9,-1.507,1.531
22.1,83.4,0.609,1.536
22.1,83.9,-0.353,1.541
22.1,84.4,-1.378,1.546
22.1,84.9,0.801,1.551
22.1,85.4,-0.224,1.556
22.1,85.9,-1.186,1.562
22.1,86.4,0.930,1.566
22.1,86.9,-0.032,1.572
22.1,87.4,-1.058,1.576
22.1,87.9,1.122,1.582
22.1,88.4,0.096,1.586
22.1,88.9,-0.866,1.591
22.1,89.4,1.250,1.596
22.1,89.9,0.289,1.601
22.1,90.5,-0.737,1.606
22.1,91.0,1.378,1.610
22.1,91.5,0.417,1.616
22.1,92.0,-0.609,1.620
22.1,92.5,1.571,1.625
22.1,93.0,0.545,1.630
22.1,93.5,-0.417,1.634
22.1,94.0,-1.443,1.639
22.1,94.5,0.673,1.644
22.1,95.0,-0.289,1.648
22.1,95.5,-1.314,1.653
22.1,96.0,0.801,1.657
22.1,96.5,-0.160,1.662
22.1,97.0,-1.186,1.666
22.1,97.5,0.994,1.670
22.1,98.0,-0.032,1.675
22.1,98.5,-1.058,1.680
22.1,99.0,1.122,1.684
22.1,99.5,0.096,1.689
22.1,100.0,-0.930,1.693
22.6,0.0,-1.378,0.398
22.6,0.5,0.801,0.406
22.6,1.0,-0.096,0.414
22.6,1.5,-1.058,0.422
22.6,2.0,1.186,0.430
22.6,2.5,0.224,0.438
22.6,3.0,-0.673,0.446
22.6,3.5,1.507,0.454
22.6,4.0,0.545,0.461
22.6,4.5,-0.353,0.469
22.6,5.0,-1.314,0.477
22.6,5.5,0.930,0.485
22.6,6.0,-0.032,0.493
22.6,6.5,-0.930,0.501
22.6,7.0,1.250,0.509
22.6,7.5,0.289,0.516
22.6,8.0,-0.609,0.524
22.6,8.5,-1.571,0.532
22.6,9.0,0.673,0.540
22.6,9.5,-0.289,0.548
22.6,10.1,-1.250,0.555
22.6,10.6,0.994,0.563
22.6,11.1,0.032,0.571
22.6,11.6,-0.930,0.579
22.6,12.1,1.314,0.587
22.6,12.6,0.353,0.594
22.6,13.1,-0.545,0.602
22.6,13.6,-1.507,0.610
22.6,14.1,0.673,0.618
22.6,14.6,-0.224,0.625
22.6,15.1,-1.186,0.633
22.6,15.6,0.994,0.641
22.6,16.1,0.032,0.648
22.6,16.6,-0.866,0.656
22.6,17.1,1.314,0.664
22.6,17.6,0.353,0.671
22.6,18.1,-0.545,0.679
22.6,18.6,-1.507,0.687
22.6,19.1,0.673,0.694
22.6,19.6,-0.289,0.702
22.6,20.1,-1.186,0.709
22.6,20.6,0.994,0.717
22.6,21.1,0.032,0.724
22.6,21.6,-0.930,0.732
22.6,22.1,1.314,0.739
22.6,22.6,0.353,0.747
22.6,23.1,-0.609,0.755
22.6,23.6,-1.571,0.762
22.6,24.1,0.673,0.769
22.6,24.6,-0.289,0.777
22.6,25.1,-1.250,0.785
22.6,25.6,0.930,0.792
22.6,26.1,-0.032,0.799
22.6,26.6,-0.930,0.807
22.6,27.1,1.250,0.814
22.6,27.6,0.289,0.822
22.6,28.1,-0.673,0.829
22.6,28.6,1.507,0.836
22.6,29.1,0.545,0.844
22.6,29.6,-0.353,0.851
22.6,30.2,-1.314,0.858
22.6,30.7,0.866,0.866
22.6,31.2,-0.096,0.873
22.6,31.7,-1.058,0.880
22.6,32.2,1.122,0.888
22.6,32.7,0.160,0.895
22.6,33.2,-0.801,0.902
22.6,33.7,1.443,0.909
22.6,34.2,0.481,0.916
22.6,34.7,-0.481,0.924
22.6,35.2,-1.443,0.931
22.6,35.7,0.737,0.938
22.6,36.2,-0.224,0.945
22.6,36.7,-1.186,0.952
22.6,37.2,0.994,0.959
22.6,37.7,0.032,0.967
22.6,38.2,-0.930,0.974
22.6,38.7,1.250,0.981
22.6,39.2,0.289,0.988
22.6,39.7,-0.673,0.995
22.6,40.2,1.507,1.002
22.6,40.7,0.545,1.009
22.6,41.2,-0.417,1.016
22.6,41.7,-1.378,1.022
22.6,42.2,0.801,1.029
22.6,42.7,-0.160,1.036
22.6,43.2,-1.122,1.043
22.6,43.7,1.058,1.050
22.6,44.2,0.096,1.057
22.6,44.7,-0.866,1.064
22.6,45.2,1.314,1.071
22.6,45.7,0.353,1.078
22.6,46.2,-0.609,1.085
22.6,46.7,-1.571,1.092
22.6,47.2,0.609,1.098
22.6,47.7,-0.353,1.105
22.6,48.2,-1.314,1.112
22.6,48.7,0.866,1.119
22.6,49.2,-0.096,1.125
22.6,49.7,-1.058,1.132
22.6,50.3,1.122,1.139
22.6,50.8,0.160,1.145
22.6,51.3,-0.801,1.151
22.6,51.8,1.314,1.158
22.6,52.3,0.353,1.165
22.6,52.8,-0.609,1.172
22.6,53.3,-1.571,1.178
22.6,53.8,0.609,1.185
22.6,54.3,-0.353,1.191
22.6,54.8,-1.314,1.198
22.6,55.3,0.801,1.204
22.6,55.8,-0.160,1.211
22.6,56.3,-1.122,1.217
22.6,56.8,1.058,1.224
22.6,57.3,0.096,1.230
22.6,57.8,-0.866,1.236
22.6,58.3,1.250,1.242
22.6,58.8,0.289,1.249
22.6,59.3,-0.673,1.255
22.6,59.8,1.507,1.262
22.6,60.3,0.545,1.268
22.6,60.8,-0.481,1.274
22.6,61.3,-1.443,1.280
22.6,61.8,0.737,1.287
22.6,62.3,-0.224,1.293
22.6,62.8,-1.186,1.299
22.6,63.3,0.930,1.305
22.6,63.8,-0.032,1.311
22.6,64.3,-0.994,1.317
22.6,64.8,1.186,1.323
22.6,65.3,0.160,1.329
22.6,65.8,-0.801,1.336
22.6,66.3,1.378,1.342
22.6,66.8,0.353,1.347
22.6,67.3,-0.609,1.354
22.6,67.8,1.571,1.360
22.6,68.3,0.609,1.365
22.6,68.8,-0.417,1.371
22.6,69.3,-1.378,1.377
22.6,69.8,0.801,1.383
22.6,70.4,-0.224,1.389
22.6,70.9,-1.186,1.395
22.6,71.4,0.994,1.400
22.6,71.9,-0.032,1.406
22.6,72.4,-0.994,1.412
22.6,72.9,1.186,1.418
22.6,73.4,0.160,1.423
22.6,73.9,-0.801,1.429
22.6,74.4,1.378,1.434
22.6,74.9,0.353,1.440
22.6,75.4,-0.609,1.446
22.6,75.9,1.507,1.451
22.6,76.4,0.545,1.457
22.6,76.9,-0.417,1.462
22.6,77.4,-1.443,1.468
22.6,77.9,0.737,1.474
22.6,78.4,-0.289,1.479
22.6,78.9,-1.250,1.485
22.6,79.4,0.930,1.489
22.6,79.9,-0.096,1.496
22.6,80.4,-1.058,1.501
22.6,80.9,1.058,1.506
22.6,81.4,0.096,1.511
22.6,81.9,-0.930,1.517
22.6,82.4,1.250,1.522
22.6,82.9,0.224,1.527
22.6,83.4,-0.737,1.533
22.6,83.9,1.378,1.537
22.6,84.4,0.417,1.543
22.6,84.9,-0.609,1.548
22.6,85.4,1.571,1.553
22.6,85.9,0.545,1.558
22.6,86.4,-0.417,1.563
22.6,86.9,-1.443,1.568
22.6,87.4,0.737,1.573
22.6,87.9,-0.289,1.578
22.6,88.4,-1.250,1.583
22.6,88.9,0.866,1.588
22.6,89.4,-0.096,1.593
22.6,89.9,-1.122,1.598
22.6,90.5,1.058,1.602
22.6,91.0,0.032,1.608
22.6,91.5,-0.994,1.612
22.6,92.0,1.186,1.617
22.6,92.5,0.160,1.622
22.6,93.0,-0.801,1.627
22.6,93.5,1.314,1.631
22.6,94.0,0.353,1.635
22.6,94.5,-0.673,1.641
22.6,95.0,1.443,1.645
22.6,95.5,0.481,1.650
22.6,96.0,-0.545,1.655
22.6,96.5,-1.571,1.659
22.6,97.0,0.609,1.663
22.6,97.5,-0.417,1.668
22.6,98.0,-1.378,1.672
22.6,98.5,0.737,1.677
22.6,99.0,-0.289,1.681
22.6,99.5,-1.250,1.685
22.6,100.0,0.866,1.690
23.1,0.0,0.353,0.393
23.1,0.5,-0.609,0.401
23.1,1.0,-1.507,0.409
23.1,1.5,0.673,0.417
23.1,2.0,-0.224,0.424
23.1,2.5,-1.186,0.433
23.1,3.0,0.994,0.440
23.1,3.5,0.096,0.448
23.1,4.0,-0.866,0.456
23.1,4.5,1.378,0.464
23.1,5.0,0.417,0.472
23.1,5.5,-0.481,0.480
23.1,6.0,-1.443,0.488
23.1,6.5,0.801,0.495
23.1,7.0,-0.160,0.503
23.1,7.5,-1.122,0.511
23.1,8.0,1.122,0.519
23.1,8.5,0.160,0.527
23.1,9.0,-0.737,0.535
23.1,9.5,1.443,0.543
23.1,10.1,0.481,0.550
23.1,10.6,-0.417,0.558
23.1,11.1,-1.378,0.566
23.1,11.6,0.801,0.574
23.1,12.1,-0.096,0.581
23.1,12.6,-1.058,0.589
23.1,13.1,1.122,0.597
23.1,13.6,0.224,0.605
23.1,14.1,-0.737,0.612
23.1,14.6,1.443,0.620
23.1,15.1,0.545,0.628
23.1,15.6,-0.417,0.636
23.1,16.1,-1.378,0.643
23.1,16.6,0.866,0.651
23.1,17.1,-0.096,0.659
23.1,17.6,-1.058,0.666
23.1,18.1,1.186,0.674
23.1,18.6,0.224,0.681
23.1,19.1,-0.737,0.689
23.1,19.6,1.443,0.696
23.1,20.1,0.545,0.704
23.1,20.6,-0.417,0.712
23.1,21.1,-1.378,0.719
23.1,21.6,0.801,0.727
23.1,22.1,-0.096,0.734
23.1,22.6,-1.058,0.742
23.1,23.1,1.122,0.750
23.1,23.6,0.160,0.757
23.1,24.1,-0.737,0.764
23.1,24.6,1.443,0.772
23.1,25.1,0.481,0.780
23.1,25.6,-0.481,0.787
23.1,26.1,-1.443,0.794
23.1,26.6,0.801,0.802
23.1,27.1,-0.160,0.809
23.1,27.6,-1.122,0.817
23.1,28.1,1.058,0.824
23.1,28.6,0.096,0.831
23.1,29.1,-0.866,0.838
23.1,29.6,1.378,0.846
23.1,30.2,0.417,0.854
23.1,30.7,-0.545,0.861
23.1,31.2,-1.507,0.868
23.1,31.7,0.673,0.875
23.1,32.2,-0.289,0.883
23.1,32.7,-1.250,0.890
23.1,33.2,0.994,0.897
23.1,33.7,0.032,0.904
23.1,34.2,-0.930,0.912
23.1,34.7,1.250,0.919
23.1,35.2,0.289,0.926
23.1,35.7,-0.673,0.933
23.1,36.2,1.507,0.940
23.1,36.7,0.545,0.948
23.1,37.2,-0.417,0.955
23.1,37.7,-1.378,0.962
23.1,38.2,0.801,0.969
23.1,38.7,-0.160,0.976
23.1,39.2,-1.122,0.983
23.1,39.7,1.122,0.990
23.1,40.2,0.160,0.997
23.1,40.7,-0.801,1.004
23.1,41.2,1.378,1.011
23.1,41.7,0.417,1.018
23.1,42.2,-0.545,1.025
23.1,42.7,-1.507,1.032
23.1,43.2,0.673,1.039
23.1,43.7,-0.289,1.046
23.1,44.2,-1.250,1.053
23.1,44.7,0.930,1.059
23.1,45.2,-0.032,1.066
23.1,45.7,-0.994,1.073
23.1,46.2,1.122,1.080
23.1,46.7,0.160,1.087
23.1,47.2,-0.801,1.094
23.1,47.7,1.378,1.100
23.1,48.2,0.417,1.107
23.1,48.7,-0.545,1.114
23.1,49.2,-1.507,1.121
23.1,49.7,0.673,1.128
23.1,50.3,-0.289,1.134
23.1,50.8,-1.250,1.141
23.1,51.3,0.930,1.148
23.1,51.8,-0.032,1.154
23.1,52.3,-0.994,1.160
23.1,52.8,1.122,1.167
23.1,53.3,0.160,1.174
23.1,53.8,-0.801,1.180
23.1,54.3,1.378,1.187
23.1,54.8,0.417,1.194
23.1,55.3,-0.545,1.200
23.1,55.8,-1.507,1.206
23.1,56.3,0.609,1.212
23.1,56.8,-0.353,1.219
23.1,57.3,-1.314,1.226
23.1,57.8,0.866,1.232
23.1,58.3,-0.096,1.239
23.1,58.8,-1.058,1.245
23.1,59.3,1.058,1.251
23.1,59.8,0.096,1.258
23.1,60.3,-0.866,1.264
23.1,60.8,1.314,1.270
23.1,61.3,0.353,1.276
23.1,61.8,-0.673,1.282
23.1,62.3,1.507,1.289
23.1,62.8,0.545,1.295
23.1,63.3,-0.417,1.301
23.1,63.8,-1.443,1.307
23.1,64.3,0.737,1.313
23.1,64.8,-0.224,1.320
23.1,65.3,-1.186,1.325
23.1,65.8,0.930,1.331
23.1,66.3,-0.032,1.338
23.1,66.8,-0.994,1.344
23.1,67.3,1.186,1.349
23.1,67.8,0.160,1.355
23.1,68.3,-0.801,1.362
23.1,68.8,1.378,1.367
23.1,69.3,0.353,1.373
23.1,69.8,-0.609,1.379
23.1,70.4,1.571,1.385
23.1,70.9,0.545,1.391
23.1,71.4,-0.417,1.397
23.1,71.9,-1.378,1.402
23.1,72.4,0.737,1.408
23.1,72.9,-0.224,1.414
23.1,73.4,-1.186,1.420
23.1,73.9,0.930,1.425
23.1,74.4,-0.032,1.431
23.1,74.9,-0.994,1.436
23.1,75.4,1.122,1.442
23.1,75.9,0.160,1.448
23.1,76.4,-0.866,1.453
23.1,76.9,1.314,1.459
23.1,77.4,0.353,1.464
23.1,77.9,-0.673,1.470
23.1,78.4,1.507,1.476
23.1,78.9,0.481,1.481
23.1,79.4,-0.481,1.487
23.1,79.9,-1.443,1.491
23.1,80.4,0.673,1.497
23.1,80.9,-0.289,1.502
23.1,81.4,-1.314,1.508
23.1,81.9,0.866,1.513
23.1,82.4,-0.160,1.518
23.1,82.9,-1.122,1.524
23.1,83.4,0.994,1.529
23.1,83.9,0.032,1.534
23.1,84.4,-0.994,1.539
23.1,84.9,1.186,1.545
23.1,85.4,0.160,1.549
23.1,85.9,-0.801,1.555
23.1,86.4,1.314,1.559
23.1,86.9,0.353,1.565
23.1,87.4,-0.673,1.570
23.1,87.9,1.507,1.575
23.1,88.4,0.481,1.580
23.1,88.9,-0.481,1.585
23.1,89.4,-1.507,1.590
23.1,89.9,0.673,1.595
23.1,90.5,-0.353,1.600
23.1,91.0,-1.314,1.604
23.1,91.5,0.801,1.609
23.1,92.0,-0.224,1.614
23.1,92.5,-1.186,1.619
23.1,93.0,0.930,1.623
23.1,93.5,-0.032,1.628
23.1,94.0,-1.058,1.633
23.1,94.5,1.058,1.637
23.1,95.0,0.096,1.642
23.1,95.5,-0.930,1.647
23.1,96.0,1.250,1.651
23.1,96.5,0.224,1.656
23.1,97.0,-0.801,1.660
23.1,97.5,1.378,1.665
23.1,98.0,0.353,1.670
23.1,98.5,-0.673,1.673
23.1,99.0,1.507,1.678
23.1,99.5,0.481,1.683
23.1,100.0,-0.545,1.686
23.6,0.0,-1.122,0.387
23.6,0.5,1.122,0.395
23.6,1.0,0.160,0.403
23.6,1.5,-0.737,0.411
23.6,2.0,1.443,0.419
23.6,2.5,0.545,0.427
23.6,3.0,-0.417,0.435
23.6,3.5,-1.314,0.443
23.6,4.0,0.866,0.451
23.6,4.5,-0.032,0.459
23.6,5.0,-0.994,0.467
23.6,5.5,1.250,0.474
23.6,6.0,0.289,0.482
23.6,6.5,-0.673,0.490
23.6,7.0,1.571,0.498
23.6,7.5,0.609,0.506
23.6,8.0,-0.289,0.514
23.6,8.5,-1.250,0.522
23.6,9.0,0.930,0.529
23.6,9.5,0.032,0.537
23.6,10.1,-0.930,0.545
23.6,10.6,1.314,0.553
23.6,11.1,0.353,0.561
23.6,11.6,-0.609,0.568
23.6,12.1,-1.507,0.576
23.6,12.6,0.673,0.584
23.6,13.1,-0.289,0.592
23.6,13.6,-1.186,0.600
23.6,14.1,0.994,0.607
23.6,14.6,0.032,0.615
23.6,15.1,-0.866,0.623
23.6,15.6,1.314,0.630
23.6,16.1,0.353,0.638
23.6,16.6,-0.545,0.646
23.6,17.1,-1.507,0.653
23.6,17.6,0.673,0.661
23.6,18.1,-0.224,0.669
23.6,18.6,-1.186,0.676
23.6,19.1,0.994,0.684
23.6,19.6,0.032,0.691
23.6,20.1,-0.866,0.699
23.6,20.6,1.314,0.707
23.6,21.1,0.353,0.714
23.6,21.6,-0.609,0.722
23.6,22.1,-1.507,0.729
23.6,22.6,0.673,0.737
23.6,23.1,-0.289,0.745
23.6,23.6,-1.250,0.752
23.6,24.1,0.994,0.759
23.6,24.6,0.032,0.767
23.6,25.1,-0.930,0.775
23.6,25.6,1.250,0.782
23.6,26.1,0.289,0.789
23.6,26.6,-0.609,0.797
23.6,27.1,1.571,0.804
23.6,27.6,0.609,0.812
23.6,28.1,-0.353,0.819
23.6,28.6,-1.314,0.826
23.6,29.1,0.930,0.834
23.6,29.6,-0.032,0.841
23.6,30.2,-0.994,0.849
23.6,30.7,1.186,0.856
23.6,31.2,0.224,0.863
23.6,31.7,-0.737,0.871
23.6,32.2,1.443,0.878
23.6,32.7,0.545,0.885
23.6,33.2,-0.417,0.892
23.6,33.7,-1.378,0.900
23.6,34.2,0.801,0.907
23.6,34.7,-0.160,0.914
23.6,35.2,-1.122,0.921
23.6,35.7,1.058,0.929
23.6,36.2,0.096,0.936
23.6,36.7,-0.866,0.943
23.6,37.2,1.314,0.950
23.6,37.7,0.353,0.957
23.6,38.2,-0.545,0.964
23.6,38.7,-1.507,0.971
23.6,39.2,0.673,0.978
23.6,39.7,-0.289,0.985
23.6,40.2,-1.250,0.992
23.6,40.7,0.930,0.999
23.6,41.2,-0.032,1.007
23.6,41.7,-0.994,1.014
23.6,42.2,1.186,1.021
23.6,42.7,0.224,1.027
23.6,43.2,-0.737,1.034
23.6,43.7,1.443,1.041
23.6,44.2,0.481,1.048
23.6,44.7,-0.481,1.055
23.6,45.2,-1.443,1.062
23.6,45.7,0.737,1.069
23.6,46.2,-0.224,1.076
23.6,46.7,-1.186,1.082
23.6,47.2,0.994,1.089
23.6,47.7,0.032,1.096
23.6,48.2,-0.994,1.102
23.6,48.7,1.186,1.109
23.6,49.2,0.224,1.116
23.6,49.7,-0.737,1.123
23.6,50.3,1.443,1.130
23.6,50.8,0.481,1.137
23.6,51.3,-0.481,1.143
23.6,51.8,-1.443,1.150
23.6,52.3,0.737,1.156
23.6,52.8,-0.224,1.163
23.6,53.3,-1.186,1.169
23.6,53.8,0.930,1.176
23.6,54.3,-0.032,1.183
23.6,54.8,-0.994,1.189
23.6,55.3,1.186,1.196
23.6,55.8,0.224,1.202
23.6,56.3,-0.737,1.209
23.6,56.8,1.443,1.215
23.6,57.3,0.417,1.221
23.6,57.8,-0.545,1.228
23.6,58.3,-1.507,1.234
23.6,58.8,0.673,1.241
23.6,59.3,-0.289,1.247
23.6,59.8,-1.250,1.253
23.6,60.3,0.866,1.259
23.6,60.8,-0.096,1.266
23.6,61.3,-1.058,1.272
23.6,61.8,1.122,1.278
23.6,62.3,0.096,1.284
23.6,62.8,-0.866,1.291
23.6,63.3,1.314,1.297
23.6,63.8,0.353,1.303
23.6,64.3,-0.609,1.309
23.6,64.8,1.507,1.315
23.6,65.3,0.545,1.322
23.6,65.8,-0.417,1.328
23.6,66.3,-1.378,1.333
23.6,66.8,0.737,1.340
23.6,67.3,-0.224,1.346
23.6,67.8,-1.186,1.351
23.6,68.3,0.930,1.357
23.6,68.8,-0.032,1.364
23.6,69.3,-0.994,1.369
23.6,69.8,1.122,1.375
23.6,70.4,0.160,1.381
23.6,70.9,-0.801,1.387
23.6,71.4,1.314,1.392
23.6,71.9,0.353,1.399
23.6,72.4,-0.609,1.405
23.6,72.9,1.507,1.410
23.6,73.4,0.545,1.416
23.6,73.9,-0.417,1.422
23.6,74.4,-1.443,1.427
23.6,74.9,0.737,1.433
23.6,75.4,-0.224,1.438
23.6,75.9,-1.250,1.444
23.6,76.4,0.930,1.450
23.6,76.9,-0.032,1.455
23.6,77.4,-1.058,1.461
23.6,77.9,1.122,1.466
23.6,78.4,0.096,1.472
23.6,78.9,-0.866,1.478
23.6,79.4,1.250,1.482
23.6,79.9,0.289,1.488
23.6,80.4,-0.673,1.493
23.6,80.9,1.443,1.499
23.6,81.4,0.481,1.504
23.6,81.9,-0.545,1.510
23.6,82.4,-1.507,1.515
23.6,82.9,0.609,1.520
23.6,83.4,-0.353,1.526
23.6,83.9,-1.378,1.530
23.6,84.4,0.801,1.536
23.6,84.9,-0.224,1.541
23.6,85.4,-1.186,1.546
23.6,85.9,0.930,1.551
23.6,86.4,-0.032,1.557
23.6,86.9,-1.058,1.561
23.6,87.4,1.122,1.567
23.6,87.9,0.096,1.571
23.6,88.4,-0.866,1.577
23.6,88.9,1.250,1.581
23.6,89.4,0.289,1.587
23.6,89.9,-0.737,1.591
23.6,90.5,1.443,1.596
23.6,91.0,0.417,1.601
23.6,91.5,-0.545,1.606
23.6,92.0,-1.571,1.611
23.6,92.5,0.545,1.615
23.6,93.0,-0.417,1.621
23.6,93.5,-1.443,1.625
23.6,94.0,0.737,1.630
23.6,94.5,-0.289,1.635
23.6,95.0,-1.314,1.639
23.6,95.5,0.866,1.644
23.6,96.0,-0.160,1.648
23.6,96.5,-1.122,1.653
23.6,97.0,0.994,1.658
23.6,97.5,-0.032,1.662
23.6,98.0,-0.994,1.666
23.6,98.5,1.122,1.671
23.6,99.0,0.096,1.675
23.6,99.5,-0.866,1.680
23.6,100.0,1.250,1.684
24.1,0.0,0.609,0.382
24.1,0.5,-0.289,0.390
24.1,1.0,-1.250,0.398
24.1,1.5,0.994,0.406
24.1,2.0,0.032,0.414
24.1,2.5,-0.866,0.422
24.1,3.0,1.314,0.430
24.1,3.5,0.417,0.438
24.1,4.0,-0.545,0.446
24.1,4.5,-1.443,0.453
24.1,5.0,0.737,0.461
24.1,5.5,-0.224,0.469
24.1,6.0,-1.122,0.477
24.1,6.5,1.058,0.485
24.1,7.0,0.160,0.493
24.1,7.5,-0.801,0.501
24.1,8.0,1.443,0.508
24.1,8.5,0.481,0.517
24.1,9.0,-0.481,0.524
24.1,9.5,-1.378,0.532
24.1,10.1,0.801,0.540
24.1,10.6,-0.096,0.548
24.1,11.1,-1.058,0.556
24.1,11.6,1.122,0.563
24.1,12.1,0.224,0.571
24.1,12.6,-0.737,0.579
24.1,13.1,1.443,0.586
24.1,13.6,0.545,0.594
24.1,14.1,-0.417,0.602
24.1,14.6,-1.378,0.610
24.1,15.1,0.866,0.618
24.1,15.6,-0.096,0.625
24.1,16.1,-1.058,0.633
24.1,16.6,1.186,0.641
24.1,17.1,0.224,0.648
24.1,17.6,-0.737,0.656
24.1,18.1,1.507,0.663
24.1,18.6,0.545,0.671
24.1,19.1,-0.417,0.679
24.1,19.6,-1.378,0.686
24.1,20.1,0.866,0.694
24.1,20.6,-0.096,0.702
24.1,21.1,-1.058,0.709
24.1,21.6,1.186,0.717
24.1,22.1,0.224,0.724
24.1,22.6,-0.737,0.732
24.1,23.1,1.443,0.740
24.1,23.6,0.481,0.747
24.1,24.1,-0.417,0.755
24.1,24.6,-1.378,0.762
24.1,25.1,0.801,0.770
24.1,25.6,-0.160,0.777
24.1,26.1,-1.058,0.784
24.1,26.6,1.122,0.792
24.1,27.1,0.160,0.799
24.1,27.6,-0.801,0.807
24.1,28.1,1.378,0.814
24.1,28.6,0.417,0.821
24.1,29.1,-0.481,0.829
24.1,29.6,-1.443,0.836
24.1,30.2,0.737,0.844
24.1,30.7,-0.224,0.851
24.1,31.2,-1.186,0.858
24.1,31.7,0.994,0.866
24.1,32.2,0.096,0.873
24.1,32.7,-0.866,0.880
24.1,33.2,1.314,0.888
24.1,33.7,0.353,0.895
24.1,34.2,-0.609,0.902
24.1,34.7,-1.571,0.909
24.1,35.2,0.609,0.917
24.1,35.7,-0.353,0.924
24.1,36.2,-1.314,0.931
24.1,36.7,0.866,0.938
24.1,37.2,-0.032,0.945
24.1,37.7,-0.994,0.952
24.1,38.2,1.186,0.959
24.1,38.7,0.224,0.967
24.1,39.2,-0.737,0.974
24.1,39.7,1.443,0.981
24.1,40.2,0.481,0.988
24.1,40.7,-0.481,0.995
24.1,41.2,-1.443,1.002
24.1,41.7,0.737,1.009
24.1,42.2,-0.224,1.016
24.1,42.7,-1.186,1.023
24.1,43.2,0.994,1.030
24.1,43.7,0.032,1.037
24.1,44.2,-0.930,1.044
24.1,44.7,1.250,1.051
24.1,45.2,0.289,1.058
24.1,45.7,-0.673,1.064
24.1,46.2,1.507,1.071
24.1,46.7,0.545,1.078
24.1,47.2,-0.417,1.085
24.1,47.7,-1.378,1.092
24.1,48.2,0.801,1.098
24.1,48.7,-0.160,1.105
24.1,49.2,-1.122,1.112
24.1,49.7,1.058,1.118
24.1,50.3,0.032,1.125
24.1,50.8,-0.930,1.132
24.1,51.3,1.250,1.139
24.1,51.8,0.289,1.145
24.1,52.3,-0.673,1.152
24.1,52.8,1.507,1.159
24.1,53.3,0.545,1.165
24.1,53.8,-0.417,1.172
24.1,54.3,-1.378,1.178
24.1,54.8,0.737,1.184
24.1,55.3,-0.224,1.191
24.1,55.8,-1.186,1.198
24.1,56.3,0.994,1.204
24.1,56.8,0.032,1.211
24.1,57.3,-0.930,1.217
24.1,57.8,1.250,1.223
24.1,58.3,0.224,1.230
24.1,58.8,-0.737,1.236
24.1,59.3,1.443,1.243
24.1,59.8,0.481,1.249
24.1,60.3,-0.481,1.255
24.1,60.8,-1.507,1.261
24.1,61.3,0.673,1.268
24.1,61.8,-0.289,1.274
24.1,62.3,-1.250,1.281
24.1,62.8,0.930,1.286
24.1,63.3,-0.096,1.293
24.1,63.8,-1.058,1.299
24.1,64.3,1.122,1.305
24.1,64.8,0.160,1.311
24.1,65.3,-0.866,1.317
24.1,65.8,1.314,1.324
24.1,66.3,0.353,1.330
24.1,66.8,-0.609,1.335
24.1,67.3,1.507,1.342
24.1,67.8,0.545,1.348
24.1,68.3,-0.417,1.354
24.1,68.8,-1.443,1.359
24.1,69.3,0.737,1.366
24.1,69.8,-0.224,1.372
24.1,70.4,-1.186,1.377
24.1,70.9,0.930,1.383
24.1,71.4,-0.032,1.389
24.1,71.9,-0.994,1.394
24.1,72.4,1.122,1.401
24.1,72.9,0.160,1.407
24.1,73.4,-0.801,1.412
24.1,73.9,1.314,1.418
24.1,74.4,0.353,1.424
24.1,74.9,-0.673,1.429
24.1,75.4,1.507,1.435
24.1,75.9,0.545,1.440
24.1,76.4,-0.481,1.446
24.1,76.9,-1.443,1.452
24.1,77.4,0.737,1.457
24.1,77.9,-0.289,1.463
24.1,78.4,-1.250,1.468
24.1,78.9,0.866,1.474
24.1,79.4,-0.096,1.479
24.1,79.9,-1.058,1.484
24.1,80.4,1.058,1.490
24.1,80.9,0.096,1.495
24.1,81.4,-0.930,1.501
24.1,81.9,1.250,1.506
24.1,82.4,0.224,1.511
24.1,82.9,-0.737,1.517
24.1,83.4,1.378,1.522
24.1,83.9,0.417,1.527
24.1,84.4,-0.609,1.532
24.1,84.9,1.571,1.538
24.1,85.4,0.545,1.542
24.1,85.9,-0.417,1.548
24.1,86.4,-1.443,1.553
24.1,86.9,0.737,1.558
24.1,87.4,-0.289,1.563
24.1,87.9,-1.250,1.569
24.1,88.4,0.866,1.573
24.1,88.9,-0.096,1.578
24.1,89.4,-1.122,1.583
24.1,89.9,1.058,1.588
24.1,90.5,0.032,1.593
24.1,91.0,-0.930,1.598
24.1,91.5,1.186,1.603
24.1,92.0,0.224,1.607
24.1,92.5,-0.801,1.613
24.1,93.0,1.314,1.617
24.1,93.5,0.353,1.622
24.1,94.0,-0.673,1.627
24.1,94.5,1.507,1.631
24.1,95.0,0.481,1.636
24.1,95.5,-0.545,1.640
24.1,96.0,-1.507,1.646
24.1,96.5,0.609,1.650
24.1,97.0,-0.353,1.654
24.1,97.5,-1.378,1.659
24.1,98.0,0.737,1.663
24.1,98.5,-0.224,1.668
24.1,99.0,-1.250,1.673
24.1,99.5,0.866,1.677
24.1,100.0,-0.096,1.681
24.6,0.0,-0.801,0.377
24.6,0.5,1.443,0.385
24.6,1.0,0.481,0.393
24.6,1.5,-0.417,0.401
24.6,2.0,-1.378,0.409
24.6,2.5,0.866,0.416
24.6,3.0,-0.096,0.425
24.6,3.5,-0.994,0.432
24.6,4.0,1.186,0.440
24.6,4.5,0.224,0.448
24.6,5.0,-0.673,0.456
24.6,5.5,1.507,0.464
24.6,6.0,0.609,0.472
24.6,6.5,-0.353,0.480
24.6,7.0,-1.250,0.488
24.6,7.5,0.930,0.496
24.6,8.0,-0.032,0.503
24.6,8.5,-0.930,0.511
24.6,9.0,1.250,0.519
24.6,9.5,0.353,0.527
24.6,10.1,-0.609,0.535
24.6,10.6,-1.571,0.542
24.6,11.1,0.673,0.550
24.6,11.6,-0.289,0.558
24.6,12.1,-1.186,0.566
24.6,12.6,0.994,0.574
24.6,13.1,0.032,0.581
24.6,13.6,-0.866,0.589
24.6,14.1,1.314,0.597
24.6,14.6,0.353,0.605
24.6,15.1,-0.545,0.612
24.6,15.6,-1.507,0.620
24.6,16.1,0.673,0.628
24.6,16.6,-0.224,0.635
24.6,17.1,-1.186,0.643
24.6,17.6,0.994,0.651
24.6,18.1,0.096,0.658
24.6,18.6,-0.866,0.666
24.6,19.1,1.314,0.674
24.6,19.6,0.353,0.681
24.6,20.1,-0.545,0.689
24.6,20.6,-1.507,0.697
24.6,21.1,0.673,0.704
24.6,21.6,-0.224,0.712
24.6,22.1,-1.186,0.719
24.6,22.6,0.994,0.727
24.6,23.1,0.032,0.734
24.6,23.6,-0.866,0.742
24.6,24.1,1.314,0.750
24.6,24.6,0.353,0.757
24.6,25.1,-0.609,0.765
24.6,25.6,-1.571,0.772
24.6,26.1,0.673,0.779
24.6,26.6,-0.289,0.787
24.6,27.1,-1.250,0.795
24.6,27.6,0.930,0.802
24.6,28.1,-0.032,0.809
24.6,28.6,-0.930,0.816
24.6,29.1,1.250,0.824
24.6,29.6,0.289,0.832
24.6,30.2,-0.673,0.839
24.6,30.7,1.507,0.846
24.6,31.2,0.545,0.853
24.6,31.7,-0.417,0.861
24.6,32.2,-1.314,0.868
24.6,32.7,0.866,0.875
24.6,33.2,-0.096,0.883
24.6,33.7,-1.058,0.890
24.6,34.2,1.122,0.897
24.6,34.7,0.160,0.905
24.6,35.2,-0.801,0.912
24.6,35.7,1.378,0.919
24.6,36.2,0.481,0.926
24.6,36.7,-0.481,0.933
24.6,37.2,-1.443,0.940
24.6,37.7,0.737,0.948
24.6,38.2,-0.224,0.955
24.6,38.7,-1.186,0.962
24.6,39.2,0.994,0.969
24.6,39.7,0.032,0.976
24.6,40.2,-0.930,0.983
24.6,40.7,1.250,0.990
24.6,41.2,0.289,0.997
24.6,41.7,-0.673,1.004
24.6,42.2,1.507,1.011
24.6,42.7,0.545,1.018
24.6,43.2,-0.417,1.025
24.6,43.7,-1.378,1.032
24.6,44.2,0.801,1.039
24.6,44.7,-0.160,1.046
24.6,45.2,-1.122,1.053
24.6,45.7,1.058,1.060
24.6,46.2,0.096,1.067
24.6,46.7,-0.866,1.074
24.6,47.2,1.314,1.080
24.6,47.7,0.353,1.087
24.6,48.2,-0.609,1.094
24.6,48.7,1.571,1.101
24.6,49.2,0.609,1.107
24.6,49.7,-0.353,1.114
24.6,50.3,-1.314,1.121
24.6,50.8,0.866,1.127
24.6,51.3,-0.096,1.134
24.6,51.8,-1.122,1.141
24.6,52.3,1.058,1.147
24.6,52.8,0.096,1.154
24.6,53.3,-0.866,1.161
24.6,53.8,1.314,1.168
24.6,54.3,0.353,1.174
24.6,54.8,-0.609,1.181
24.6,55.3,1.571,1.187
24.6,55.8,0.545,1.193
24.6,56.3,-0.417,1.200
24.6,56.8,-1.378,1.207
24.6,57.3,0.801,1.213
24.6,57.8,-0.160,1.220
24.6,58.3,-1.122,1.226
24.6,58.8,1.058,1.232
24.6,59.3,0.032,1.238
24.6,59.8,-0.930,1.245
24.6,60.3,1.250,1.251
24.6,60.8,0.289,1.258
24.6,61.3,-0.673,1.264
24.6,61.8,1.443,1.270
24.6,62.3,0.481,1.276
24.6,62.8,-0.481,1.283
24.6,63.3,-1.443,1.289
24.6,63.8,0.673,1.295
24.6,64.3,-0.289,1.301
24.6,64.8,-1.250,1.307
24.6,65.3,0.930,1.313
24.6,65.8,-0.096,1.319
24.6,66.3,-1.058,1.326
24.6,66.8,1.122,1.332
24.6,67.3,0.160,1.338
24.6,67.8,-0.866,1.343
24.6,68.3,1.314,1.350
24.6,68.8,0.353,1.356
24.6,69.3,-0.609,1.361
24.6,69.8,1.507,1.368
24.6,70.4,0.545,1.374
24.6,70.9,-0.417,1.379
24.6,71.4,-1.443,1.385
24.6,71.9,0.737,1.391
24.6,72.4,-0.224,1.397
24.6,72.9,-1.250,1.403
24.6,73.4,0.930,1.409
24.6,73.9,-0.032,1.414
24.6,74.4,-1.058,1.420
24.6,74.9,1.122,1.426
24.6,75.4,0.160,1.431
24.6,75.9,-0.866,1.437
24.6,76.4,1.314,1.442
24.6,76.9,0.289,1.448
24.6,77.4,-0.673,1.454
24.6,77.9,1.507,1.459
24.6,78.4,0.481,1.465
24.6,78.9,-0.481,1.470
24.6,79.4,-1.507,1.475
24.6,79.9,0.673,1.481
24.6,80.4,-0.289,1.486
24.6,80.9,-1.314,1.492
24.6,81.4,0.866,1.497
24.6,81.9,-0.160,1.503
24.6,82.4,-1.122,1.508
24.6,82.9,0.994,1.513
24.6,83.4,0.032,1.519
24.6,83.9,-0.994,1.524
24.6,84.4,1.186,1.529
24.6,84.9,0.160,1.534
24.6,85.4,-0.801,1.540
24.6,85.9,1.314,1.544
24.6,86.4,0.353,1.550
24.6,86.9,-0.673,1.554
24.6,87.4,1.507,1.560
24.6,87.9,0.481,1.565
24.6,88.4,-0.481,1.570
24.6,88.9,-1.507,1.575
24.6,89.4,0.673,1.580
24.6,89.9,-0.353,1.585
24.6,90.5,-1.314,1.590
24.6,91.0,0.801,1.595
24.6,91.5,-0.160,1.600
24.6,92.0,-1.186,1.605
24.6,92.5,0.994,1.609
24.6,93.0,-0.032,1.614
24.6,93.5,-1.058,1.619
24.6,94.0,1.122,1.624
24.6,94.5,0.096,1.628
24.6,95.0,-0.866,1.633
24.6,95.5,1.250,1.638
24.6,96.0,0.224,1.642
24.6,96.5,-0.737,1.647
24.6,97.0,1.378,1.652
24.6,97.5,0.417,1.656
24.6,98.0,-0.609,1.661
24.6,98.5,1.507,1.665
24.6,99.0,0.545,1.669
24.6,99.5,-0.481,1.674
24.6,100.0,-1.507,1.678
25.1,0.0,0.930,0.372
25.1,0.5,-0.032,0.379
25.1,1.0,-0.930,0.387
25.1,1.5,1.250,0.395
25.1,2.0,0.353,0.403
25.1,2.5,-0.609,0.411
25.1,3.0,-1.507,0.419
25.1,3.5,0.673,0.427
25.1,4.0,-0.224,0.435
25.1,4.5,-1.186,0.443
25.1,5.0,1.058,0.451
25.1,5.5,0.096,0.459
25.1,6.0,-0.801,0.467
25.1,6.5,1.378,0.475
25.1,7.0,0.481,0.482
25.1,7.5,-0.481,0.490
25.1,8.0,-1.443,0.498
25.1,8.5,0.801,0.506
25.1,9.0,-0.160,0.514
25.1,9.5,-1.058,0.522
25.1,10.1,1.122,0.530
25.1,10.6,0.160,0.537
25.1,11.1,-0.737,0.545
25.1,11.6,1.443,0.553
25.1,12.1,0.545,0.561
25.1,12.6,-0.417,0.569
25.1,13.1,-1.378,0.576
25.1,13.6,0.866,0.584
25.1,14.1,-0.096,0.592
25.1,14.6,-1.058,0.599
25.1,15.1,1.186,0.607
25.1,15.6,0.224,0.615
25.1,16.1,-0.737,0.623
25.1,16.6,1.507,0.630
25.1,17.1,0.545,0.638
25.1,17.6,-0.417,0.646
25.1,18.1,-1.314,0.653
25.1,18.6,0.866,0.661
25.1,19.1,-0.096,0.669
25.1,19.6,-1.058,0.676
25.1,20.1,1.186,0.684
25.1,20.6,0.224,0.692
25.1,21.1,-0.737,0.699
25.1,21.6,1.507,0.707
25.1,22.1,0.545,0.714
25.1,22.6,-0.417,0.722
25.1,23.1,-1.378,0.729
25.1,23.6,0.866,0.737
25.1,24.1,-0.096,0.745
25.1,24.6,-1.058,0.752
25.1,25.1,1.122,0.760
25.1,25.6,0.160,0.767
25.1,26.1,-0.737,0.774
25.1,26.6,1.443,0.782
25.1,27.1,0.481,0.790
25.1,27.6,-0.481,0.797
25.1,28.1,-1.443,0.804
25.1,28.6,0.801,0.812
25.1,29.1,-0.160,0.819
25.1,29.6,-1.122,0.827
25.1,30.2,1.058,0.834
25.1,30.7,0.096,0.841
25.1,31.2,-0.866,0.848
25.1,31.7,1.378,0.856
25.1,32.2,0.417,0.863
25.1,32.7,-0.545,0.871
25.1,33.2,-1.507,0.878
25.1,33.7,0.673,0.885
25.1,34.2,-0.289,0.892
25.1,34.7,-1.250,0.900
25.1,35.2,0.930,0.907
25.1,35.7,0.032,0.914
25.1,36.2,-0.930,0.921
25.1,36.7,1.250,0.929
25.1,37.2,0.289,0.936
25.1,37.7,-0.673,0.943
25.1,38.2,1.507,0.950
25.1,38.7,0.545,0.957
25.1,39.2,-0.417,0.964
25.1,39.7,-1.378,0.971
25.1,40.2,0.801,0.978
25.1,40.7,-0.160,0.985
25.1,41.2,-1.122,0.993
25.1,41.7,1.058,1.000
25.1,42.2,0.096,1.006
25.1,42.7,-0.866,1.013
25.1,43.2,1.314,1.020
25.1,43.7,0.353,1.027
25.1,44.2,-0.609,1.034
25.1,44.7,-1.571,1.041
25.1,45.2,0.609,1.048
25.1,45.7,-0.353,1.055
25.1,46.2,-1.314,1.062
25.1,46.7,0.866,1.069
25.1,47.2,-0.096,1.076
25.1,47.7,-1.058,1.083
25.1,48.2,1.122,1.089
25.1,48.7,0.160,1.096
25.1,49.2,-0.801,1.103
25.1,49.7,1.378,1.110
25.1,50.3,0.417,1.117
25.1,50.8,-0.545,1.123
25.1,51.3,-1.507,1.130
25.1,51.8,0.673,1.136
25.1,52.3,-0.289,1.143
25.1,52.8,-1.314,1.149
25.1,53.3,0.866,1.156
25.1,53.8,-0.096,1.163
25.1,54.3,-1.058,1.170
25.1,54.8,1.122,1.176
25.1,55.3,0.160,1.183
25.1,55.8,-0.801,1.189
25.1,56.3,1.378,1.196
25.1,56.8,0.353,1.202
25.1,57.3,-0.609,1.209
25.1,57.8,-1.571,1.215
25.1,58.3,0.609,1.222
25.1,58.8,-0.353,1.228
25.1,59.3,-1.314,1.234
25.1,59.8,0.801,1.240
25.1,60.3,-0.160,1.247
25.1,60.8,-1.122,1.254
25.1,61.3,1.058,1.260
25.1,61.8,0.096,1.266
25.1,62.3,-0.930,1.272
25.1,62.8,1.250,1.278
25.1,63.3,0.289,1.285
25.1,63.8,-0.673,1.291
25.1,64.3,1.507,1.297
25.1,64.8,0.481,1.303
25.1,65.3,-0.481,1.310
25.1,65.8,-1.443,1.316
25.1,66.3,0.737,1.321
25.1,66.8,-0.289,1.328
25.1,67.3,-1.250,1.334
25.1,67.8,0.930,1.340
25.1,68.3,-0.032,1.345
25.1,68.8,-1.058,1.352
25.1,69.3,1.122,1.358
25.1,69.8,0.160,1.363
25.1,70.4,-0.866,1.369
25.1,70.9,1.314,1.376
25.1,71.4,0.353,1.381
25.1,71.9,-0.673,1.387
25.1,72.4,1.507,1.393
25.1,72.9,0.545,1.399
25.1,73.4,-0.481,1.404
25.1,73.9,-1.443,1.410
25.1,74.4,0.737,1.416
25.1,74.9,-0.289,1.422
25.1,75.4,-1.250,1.428
25.1,75.9,0.930,1.433
25.1,76.4,-0.096,1.439
25.1,76.9,-1.058,1.444
25.1,77.4,1.058,1.450
25.1,77.9,0.096,1.456
25.1,78.4,-0.866,1.461
25.1,78.9,1.250,1.467
25.1,79.4,0.289,1.472
25.1,79.9,-0.737,1.477
25.1,80.4,1.443,1.483
25.1,80.9,0.481,1.488
25.1,81.4,-0.545,1.494
25.1,81.9,-1.507,1.499
25.1,82.4,0.609,1.505
25.1,82.9,-0.353,1.510
25.1,83.4,-1.378,1.515
25.1,83.9,0.801,1.521
25.1,84.4,-0.224,1.525
25.1,84.9,-1.186,1.531
25.1,85.4,0.930,1.536
25.1,85.9,-0.032,1.541
25.1,86.4,-1.058,1.546
25.1,86.9,1.122,1.552
25.1,87.4,0.096,1.556
25.1,87.9,-0.866,1.562
25.1,88.4,1.250,1.566
25.1,88.9,0.289,1.572
25.1,89.4,-0.737,1.576
25.1,89.9,1.443,1.582
25.1,90.5,0.417,1.587
25.1,91.0,-0.545,1.592
25.1,91.5,-1.571,1.597
25.1,92.0,0.609,1.601
25.1,92.5,-0.417,1.606
25.1,93.0,-1.378,1.611
25.1,93.5,0.737,1.616
25.1,94.0,-0.289,1.620
25.1,94.5,-1.250,1.625
25.1,95.0,0.866,1.630
25.1,95.5,-0.096,1.634
25.1,96.0,-1.122,1.640
25.1,96.5,0.994,1.644
25.1,97.0,0.032,1.649
25.1,97.5,-0.994,1.653
25.1,98.0,1.186,1.657
25.1,98.5,0.160,1.662
25.1,99.0,-0.866,1.667
25.1,99.5,1.314,1.671
25.1,100.0,0.289,1.676
25.6,0.0,-0.481,0.366
25.6,0.5,-1.443,0.374
25.6,1.0,0.801,0.382
25.6,1.5,-0.160,0.390
25.6,2.0,-1.058,0.398
25.6,2.5,1.122,0.406
25.6,3.0,0.224,0.414
25.6,3.5,-0.737,0.422
25.6,4.0,1.507,0.430
25.6,4.5,0.545,0.438
25.6,5.0,-0.353,0.446
25.6,5.5,-1.314,0.454
25.6,6.0,0.930,0.461
25.6,6.5,-0.032,0.469
25.6,7.0,-0.994,0.477
25.6,7.5,1.250,0.485
25.6,8.0,0.289,0.493
25.6,8.5,-0.609,0.501
25.6,9.0,-1.571,0.509
25.6,9.5,0.673,0.516
25.6,10.1,-0.289,0.524
25.6,10.6,-1.250,0.532
25.6,11.1,0.994,0.540
25.6,11.6,0.032,0.548
25.6,12.1,-0.930,0.555
25.6,12.6,1.314,0.563
25.6,13.1,0.353,0.571
25.6,13.6,-0.545,0.579
25.6,14.1,-1.507,0.587
25.6,14.6,0.673,0.594
25.6,15.1,-0.224,0.602
25.6,15.6,-1.186,0.610
25.6,16.1,0.994,0.617
25.6,16.6,0.096,0.625
25.6,17.1,-0.866,0.633
25.6,17.6,1.314,0.641
25.6,18.1,0.417,0.648
25.6,18.6,-0.545,0.656
25.6,19.1,-1.507,0.664
25.6,19.6,0.673,0.671
25.6,20.1,-0.224,0.679
25.6,20.6,-1.186,0.687
25.6,21.1,0.994,0.694
25.6,21.6,0.096,0.702
25.6,22.1,-0.866,0.709
25.6,22.6,1.314,0.717
25.6,23.1,0.353,0.724
25.6,23.6,-0.545,0.732
25.6,24.1,-1.507,0.740
25.6,24.6,0.673,0.747
25.6,25.1,-0.289,0.755
25.6,25.6,-1.250,0.762
25.6,26.1,0.994,0.770
25.6,26.6,0.032,0.777
25.6,27.1,-0.930,0.785
25.6,27.6,1.250,0.792
25.6,28.1,0.289,0.799
25.6,28.6,-0.609,0.807
25.6,29.1,1.571,0.814
25.6,29.6,0.609,0.822
25.6,30.2,-0.353,0.829
25.6,30.7,-1.314,0.836
25.6,31.2,0.930,0.843
25.6,31.7,-0.032,0.851
25.6,32.2,-0.994,0.859
25.6,32.7,1.186,0.866
25.6,33.2,0.224,0.873
25.6,33.7,-0.737,0.880
25.6,34.2,1.443,0.888
25.6,34.7,0.481,0.895
25.6,35.2,-0.417,0.902
25.6,35.7,-1.378,0.909
25.6,36.2,0.801,0.917
25.6,36.7,-0.160,0.924
25.6,37.2,-1.122,0.931
25.6,37.7,1.058,0.938
25.6,38.2,0.096,0.945
25.6,38.7,-0.866,0.952
25.6,39.2,1.314,0.960
25.6,39.7,0.353,0.967
25.6,40.2,-0.609,0.974
25.6,40.7,-1.571,0.981
25.6,41.2,0.609,0.988
25.6,41.7,-0.353,0.995
25.6,42.2,-1.314,1.002
25.6,42.7,0.930,1.009
25.6,43.2,-0.032,1.016
25.6,43.7,-0.994,1.023
25.6,44.2,1.186,1.030
25.6,44.7,0.224,1.036
25.6,45.2,-0.737,1.043
25.6,45.7,1.443,1.050
25.6,46.2,0.481,1.057
25.6,46.7,-0.545,1.064
25.6,47.2,-1.507,1.071
25.6,47.7,0.673,1.078
25.6,48.2,-0.289,1.085
25.6,48.7,-1.250,1.092
25.6,49.2,0.930,1.098
25.6,49.7,-0.032,1.105
25.6,50.3,-0.994,1.112
25.6,50.8,1.186,1.119
25.6,51.3,0.224,1.126
25.6,51.8,-0.737,1.132
25.6,52.3,1.443,1.139
25.6,52.8,0.481,1.145
25.6,53.3,-0.481,1.152
25.6,53.8,-1.443,1.158
25.6,54.3,0.673,1.165
25.6,54.8,-0.289,1.172
25.6,55.3,-1.250,1.179
25.6,55.8,0.930,1.185
25.6,56.3,-0.032,1.192
25.6,56.8,-0.994,1.198
25.6,57.3,1.186,1.204
25.6,57.8,0.160,1.211
25.6,58.3,-0.801,1.217
25.6,58.8,1.378,1.224
25.6,59.3,0.417,1.230
25.6,59.8,-0.545,1.237
25.6,60.3,-1.507,1.243
25.6,60.8,0.609,1.249
25.6,61.3,-0.353,1.256
25.6,61.8,-1.314,1.262
25.6,62.3,0.866,1.268
25.6,62.8,-0.096,1.274
25.6,63.3,-1.122,1.280
25.6,63.8,1.058,1.287
25.6,64.3,0.096,1.293
25.6,64.8,-0.866,1.299
25.6,65.3,1.250,1.305
25.6,65.8,0.289,1.312
25.6,66.3,-0.673,1.318
25.6,66.8,1.507,1.324
25.6,67.3,0.481,1.329
25.6,67.8,-0.481,1.336
25.6,68.3,-1.443,1.342
25.6,68.8,0.737,1.348
25.6,69.3,-0.289,1.354
25.6,69.8,-1.250,1.360
25.6,70.4,0.930,1.366
25.6,70.9,-0.096,1.371
25.6,71.4,-1.058,1.378
25.6,71.9,1.122,1.383
25.6,72.4,0.096,1.389
25.6,72.9,-0.866,1.395
25.6,73.4,1.314,1.401
25.6,73.9,0.289,1.406
25.6,74.4,-0.673,1.412
25.6,74.9,1.507,1.418
25.6,75.4,0.481,1.423
25.6,75.9,-0.481,1.430
25.6,76.4,-1.443,1.435
25.6,76.9,0.673,1.441
25.6,77.4,-0.289,1.446
25.6,77.9,-1.250,1.451
25.6,78.4,0.866,1.458
25.6,78.9,-0.096,1.463
25.6,79.4,-1.122,1.468
25.6,79.9,1.058,1.474
25.6,80.4,0.032,1.479
25.6,80.9,-0.930,1.485
25.6,81.4,1.250,1.490
25.6,81.9,0.224,1.496
25.6,82.4,-0.737,1.501
25.6,82.9,1.378,1.506
25.6,83.4,0.417,1.512
25.6,83.9,-0.609,1.517
25.6,84.4,1.571,1.522
25.6,84.9,0.545,1.527
25.6,85.4,-0.417,1.533
25.6,85.9,-1.443,1.537
25.6,86.4,0.737,1.543
25.6,86.9,-0.224,1.548
25.6,87.4,-1.250,1.553
25.6,87.9,0.930,1.558
25.6,88.4,-0.096,1.564
25.6,88.9,-1.122,1.568
25.6,89.4,1.058,1.574
25.6,89.9,0.032,1.578
25.6,90.5,-0.930,1.584
25.6,91.0,1.186,1.588
25.6,91.5,0.224,1.593
25.6,92.0,-0.801,1.598
25.6,92.5,1.378,1.603
25.6,93.0,0.353,1.608
25.6,93.5,-0.609,1.612
25.6,94.0,1.507,1.618
25.6,94.5,0.481,1.622
25.6,95.0,-0.481,1.627
25.6,95.5,-1.507,1.632
25.6,96.0,0.673,1.636
25.6,96.5,-0.353,1.641
25.6,97.0,-1.378,1.645
25.6,97.5,0.801,1.650
25.6,98.0,-0.224,1.655
25.6,98.5,-1.186,1.659
25.6,99.0,0.930,1.664
25.6,99.5,-0.096,1.668
25.6,100.0,-1.058,1.672
26.1,0.0,1.250,0.361
26.1,0.5,0.289,0.369
26.1,1.0,-0.609,0.377
26.1,1.5,-1.571,0.385
26.1,2.0,0.673,0.393
26.1,2.5,-0.289,0.401
26.1,3.0,-1.186,0.409
26.1,3.5,0.994,0.417
26.1,4.0,0.096,0.424
26.1,4.5,-0.866,0.432
26.1,5.0,1.378,0.440
26.1,5.5,0.417,0.448
26.1,6.0,-0.545,0.456
26.1,6.5,-1.443,0.464
26.1,7.0,0.737,0.472
26.1,7.5,-0.160,0.480
26.1,8.0,-1.122,0.488
26.1,8.5,1.122,0.495
26.1,9.0,0.160,0.503
26.1,9.5,-0.801,0.511
26.1,10.1,1.443,0.519
26.1,10.6,0.481,0.527
26.1,11.1,-0.417,0.535
26.1,11.6,-1.378,0.543
26.1,12.1,0.801,0.550
26.1,12.6,-0.096,0.558
26.1,13.1,-1.058,0.566
26.1,13.6,1.186,0.573
26.1,14.1,0.224,0.581
26.1,14.6,-0.737,0.589
26.1,15.1,1.507,0.597
26.1,15.6,0.545,0.605
26.1,16.1,-0.417,0.612
26.1,16.6,-1.314,0.620
26.1,17.1,0.866,0.628
26.1,17.6,-0.096,0.636
26.1,18.1,-0.994,0.643
26.1,18.6,1.186,0.651
26.1,19.1,0.224,0.659
26.1,19.6,-0.737,0.666
26.1,20.1,1.507,0.674
26.1,20.6,0.545,0.682
26.1,21.1,-0.417,0.689
26.1,21.6,-1.314,0.696
26.1,22.1,0.866,0.704
26.1,22.6,-0.096,0.712
26.1,23.1,-1.058,0.719
26.1,23.6,1.186,0.727
26.1,24.1,0.224,0.735
26.1,24.6,-0.737,0.742
26.1,25.1,1.443,0.750
26.1,25.6,0.545,0.757
26.1,26.1,-0.417,0.765
26.1,26.6,-1.378,0.772
26.1,27.1,0.801,0.780
26.1,27.6,-0.160,0.787
26.1,28.1,-1.058,0.794
26.1,28.6,1.122,0.802
26.1,29.1,0.160,0.809
26.1,29.6,-0.801,0.817
26.1,30.2,1.378,0.824
26.1,30.7,0.417,0.831
26.1,31.2,-0.481,0.839
26.1,31.7,-1.443,0.846
26.1,32.2,0.737,0.854
26.1,32.7,-0.224,0.861
26.1,33.2,-1.186,0.868
26.1,33.7,0.994,0.875
26.1,34.2,0.032,0.883
26.1,34.7,-0.866,0.890
26.1,35.2,1.314,0.897
26.1,35.7,0.353,0.905
26.1,36.2,-0.609,0.912
26.1,36.7,1.571,0.919
26.1,37.2,0.609,0.926
26.1,37.7,-0.353,0.933
26.1,38.2,-1.314,0.941
26.1,38.7,0.866,0.948
26.1,39.2,-0.096,0.955
26.1,39.7,-1.058,0.962
26.1,40.2,1.122,0.969
26.1,40.7,0.224,0.976
26.1,41.2,-0.737,0.983
26.1,41.7,1.443,0.990
26.1,42.2,0.481,0.997
26.1,42.7,-0.481,1.004
26.1,43.2,-1.443,1.011
26.1,43.7,0.737,1.018
26.1,44.2,-0.224,1.025
26.1,44.7,-1.186,1.032
26.1,45.2,0.994,1.039
26.1,45.7,0.032,1.046
26.1,46.2,-0.930,1.053
26.1,46.7,1.250,1.060
26.1,47.2,0.289,1.067
26.1,47.7,-0.673,1.073
26.1,48.2,1.507,1.080
26.1,48.7,0.545,1.087
26.1,49.2,-0.481,1.094
26.1,49.7,-1.443,1.100
26.1,50.3,0.737,1.107
26.1,50.8,-0.224,1.114
26.1,51.3,-1.186,1.121
26.1,51.8,0.994,1.128
26.1,52.3,0.032,1.134
26.1,52.8,-0.930,1.141
26.1,53.3,1.250,1.148
26.1,53.8,0.289,1.154
26.1,54.3,-0.673,1.161
26.1,54.8,1.507,1.167
26.1,55.3,0.481,1.174
26.1,55.8,-0.481,1.181
26.1,56.3,-1.443,1.187
26.1,56.8,0.737,1.194
26.1,57.3,-0.224,1.200
26.1,57.8,-1.186,1.207
26.1,58.3,0.994,1.213
26.1,58.8,-0.032,1.219
26.1,59.3,-0.994,1.226
26.1,59.8,1.186,1.232
26.1,60.3,0.224,1.239
26.1,60.8,-0.737,1.245
26.1,61.3,1.443,1.251
26.1,61.8,0.417,1.258
26.1,62.3,-0.545,1.264
26.1,62.8,-1.507,1.270
26.1,63.3,0.673,1.276
26.1,63.8,-0.353,1.282
26.1,64.3,-1.314,1.289
26.1,64.8,0.866,1.295
26.1,65.3,-0.096,1.301
26.1,65.8,-1.058,1.307
26.1,66.3,1.058,1.313
26.1,66.8,0.096,1.320
26.1,67.3,-0.866,1.326
26.1,67.8,1.314,1.331
26.1,68.3,0.289,1.338
26.1,68.8,-0.673,1.344
26.1,69.3,1.507,1.350
26.1,69.8,0.481,1.356
26.1,70.4,-0.481,1.362
26.1,70.9,-1.443,1.368
26.1,71.4,0.673,1.373
26.1,71.9,-0.289,1.380
26.1,72.4,-1.250,1.385
26.1,72.9,0.930,1.391
26.1,73.4,-0.096,1.397
26.1,73.9,-1.058,1.403
26.1,74.4,1.122,1.408
26.1,74.9,0.096,1.414
26.1,75.4,-0.866,1.420
26.1,75.9,1.250,1.425
26.1,76.4,0.289,1.431
26.1,76.9,-0.673,1.437
26.1,77.4,1.443,1.442
26.1,77.9,0.481,1.448
26.1,78.4,-0.481,1.453
26.1,78.9,-1.507,1.459
26.1,79.4,0.673,1.465
26.1,79.9,-0.353,1.470
26.1,80.4,-1.314,1.476
26.1,80.9,0.866,1.481
26.1,81.4,-0.160,1.487
26.1,81.9,-1.122,1.492
26.1,82.4,0.994,1.498
26.1,82.9,0.032,1.503
26.1,83.4,-0.994,1.508
26.1,83.9,1.186,1.514
26.1,84.4,0.160,1.518
26.1,84.9,-0.801,1.524
26.1,85.4,1.314,1.529
26.1,85.9,0.353,1.535
26.1,86.4,-0.609,1.539
26.1,86.9,1.507,1.545
26.1,87.4,0.545,1.549
26.1,87.9,-0.481,1.555
26.1,88.4,-1.443,1.560
26.1,88.9,0.673,1.565
26.1,89.4,-0.353,1.570
26.1,89.9,-1.314,1.575
26.1,90.5,0.801,1.580
26.1,91.0,-0.160,1.585
26.1,91.5,-1.186,1.590
26.1,92.0,0.994,1.595
26.1,92.5,-0.032,1.600
26.1,93.0,-0.994,1.605
26.1,93.5,1.122,1.610
26.1,94.0,0.160,1.614
26.1,94.5,-0.866,1.619
26.1,95.0,1.250,1.624
26.1,95.5,0.289,1.629
26.1,96.0,-0.737,1.633
26.1,96.5,1.443,1.637
26.1,97.0,0.417,1.643
26.1,97.5,-0.609,1.647
26.1,98.0,1.571,1.652
26.1,98.5,0.545,1.656
26.1,99.0,-0.481,1.660
26.1,99.5,-1.443,1.665
26.1,100.0,0.673,1.670
26.6,0.0,-0.160,0.355
26.6,0.5,-1.122,0.363
26.6,1.0,1.122,0.371
26.6,1.5,0.160,0.379
26.6,2.0,-0.737,0.387
26.6,2.5,1.443,0.395
26.6,3.0,0.545,0.403
26.6,3.5,-0.417,0.411
26.6,4.0,-1.378,0.419
26.6,4.5,0.866,0.427
26.6,5.0,-0.096,0.435
26.6,5.5,-0.994,0.443
26.6,6.0,1.186,0.451
26.6,6.5,0.289,0.459
26.6,7.0,-0.673,0.467
26.6,7.5,1.571,0.474
26.6,8.0,0.609,0.482
26.6,8.5,-0.289,0.490
26.6,9.0,-1.250,0.498
26.6,9.5,0.930,0.506
26.6,10.1,0.032,0.514
26.6,10.6,-0.930,0.522
26.6,11.1,1.314,0.529
26.6,11.6,0.353,0.537
26.6,12.1,-0.609,0.545
26.6,12.6,-1.507,0.553
26.6,13.1,0.673,0.561
26.6,13.6,-0.289,0.568
26.6,14.1,-1.186,0.576
26.6,14.6,0.994,0.584
26.6,15.1,0.096,0.592
26.6,15.6,-0.866,0.600
26.6,16.1,1.314,0.607
26.6,16.6,0.417,0.615
26.6,17.1,-0.545,0.623
26.6,17.6,-1.507,0.630
26.6,18.1,0.737,0.638
26.6,18.6,-0.224,0.646
26.6,19.1,-1.186,0.653
26.6,19.6,0.994,0.661
26.6,20.1,0.096,0.669
26.6,20.6,-0.866,0.676
26.6,21.1,1.314,0.684
26.6,21.6,0.417,0.691
26.6,22.1,-0.545,0.699
26.6,22.6,-1.507,0.707
26.6,23.1,0.673,0.714
26.6,23.6,-0.224,0.722
26.6,24.1,-1.186,0.730
26.6,24.6,0.994,0.737
26.6,25.1,0.032,0.745
26.6,25.6,-0.866,0.752
26.6,26.1,1.314,0.760
26.6,26.6,0.353,0.767
26.6,27.1,-0.609,0.775
26.6,27.6,-1.571,0.782
26.6,28.1,0.673,0.789
26.6,28.6,-0.289,0.797
26.6,29.1,-1.250,0.804
26.6,29.6,0.930,0.812
26.6,30.2,-0.032,0.819
26.6,30.7,-0.930,0.826
26.6,31.2,1.250,0.834
26.6,31.7,0.289,0.841
26.6,32.2,-0.673,0.849
26.6,32.7,1.507,0.856
26.6,33.2,0.545,0.863
26.6,33.7,-0.417,0.870
26.6,34.2,-1.314,0.878
26.6,34.7,0.866,0.885
26.6,35.2,-0.096,0.893
26.6,35.7,-1.058,0.900
26.6,36.2,1.122,0.907
26.6,36.7,0.160,0.914
26.6,37.2,-0.801,0.921
26.6,37.7,1.378,0.929
26.6,38.2,0.417,0.936
26.6,38.7,-0.545,0.943
26.6,39.2,-1.443,0.950
26.6,39.7,0.737,0.957
26.6,40.2,-0.224,0.964
26.6,40.7,-1.186,0.971
26.6,41.2,0.994,0.978
26.6,41.7,0.032,0.986
26.6,42.2,-0.930,0.993
26.6,42.7,1.250,1.000
26.6,43.2,0.289,1.007
26.6,43.7,-0.673,1.014
26.6,44.2,1.507,1.021
26.6,44.7,0.545,1.028
26.6,45.2,-0.417,1.035
26.6,45.7,-1.378,1.042
26.6,46.2,0.801,1.048
26.6,46.7,-0.160,1.055
26.6,47.2,-1.122,1.062
26.6,47.7,1.058,1.069
26.6,48.2,0.096,1.076
26.6,48.7,-0.866,1.083
26.6,49.2,1.314,1.089
26.6,49.7,0.353,1.096
26.6,50.3,-0.609,1.103
26.6,50.8,1.571,1.109
26.6,51.3,0.545,1.116
26.6,51.8,-0.417,1.123
26.6,52.3,-1.378,1.130
26.6,52.8,0.801,1.137
26.6,53.3,-0.160,1.143
26.6,53.8,-1.122,1.150
26.6,54.3,1.058,1.157
26.6,54.8,0.096,1.163
26.6,55.3,-0.866,1.170
26.6,55.8,1.314,1.176
26.6,56.3,0.289,1.183
26.6,56.8,-0.673,1.189
26.6,57.3,1.507,1.196
26.6,57.8,0.545,1.203
26.6,58.3,-0.417,1.209
26.6,58.8,-1.378,1.215
26.6,59.3,0.801,1.221
26.6,59.8,-0.224,1.228
26.6,60.3,-1.186,1.235
26.6,60.8,0.994,1.241
26.6,61.3,0.032,1.247
26.6,61.8,-0.930,1.253
26.6,62.3,1.186,1.259
26.6,62.8,0.224,1.266
26.6,63.3,-0.737,1.273
26.6,63.8,1.443,1.279
26.6,64.3,0.481,1.285
26.6,64.8,-0.545,1.291
26.6,65.3,-1.507,1.297
26.6,65.8,0.673,1.304
26.6,66.3,-0.289,1.309
26.6,66.8,-1.314,1.315
26.6,67.3,0.866,1.322
26.6,67.8,-0.096,1.328
26.6,68.3,-1.058,1.334
26.6,68.8,1.058,1.340
26.6,69.3,0.096,1.346
26.6,69.8,-0.866,1.352
26.6,70.4,1.250,1.357
26.6,70.9,0.289,1.364
26.6,71.4,-0.673,1.370
26.6,71.9,1.507,1.375
26.6,72.4,0.481,1.381
26.6,72.9,-0.481,1.387
26.6,73.4,-1.443,1.393
26.6,73.9,0.673,1.399
26.6,74.4,-0.289,1.405
26.6,74.9,-1.250,1.410
26.6,75.4,0.866,1.416
26.6,75.9,-0.096,1.422
26.6,76.4,-1.058,1.427
26.6,76.9,1.058,1.433
26.6,77.4,0.096,1.439
26.6,77.9,-0.930,1.444
26.6,78.4,1.250,1.450
26.6,78.9,0.289,1.455
26.6,79.4,-0.737,1.461
26.6,79.9,1.443,1.467
26.6,80.4,0.417,1.472
26.6,80.9,-0.545,1.478
26.6,81.4,-1.507,1.483
26.6,81.9,0.609,1.489
26.6,82.4,-0.353,1.494
26.6,82.9,-1.378,1.499
26.6,83.4,0.801,1.505
26.6,83.9,-0.224,1.510
26.6,84.4,-1.186,1.515
26.6,84.9,0.930,1.520
26.6,85.4,-0.032,1.526
26.6,85.9,-1.058,1.530
26.6,86.4,1.122,1.536
26.6,86.9,0.160,1.541
26.6,87.4,-0.866,1.547
26.6,87.9,1.314,1.551
26.6,88.4,0.289,1.557
26.6,88.9,-0.673,1.561
26.6,89.4,1.443,1.567
26.6,89.9,0.417,1.571
26.6,90.5,-0.545,1.577
26.6,91.0,-1.571,1.582
26.6,91.5,0.609,1.587
26.6,92.0,-0.417,1.592
26.6,92.5,-1.378,1.597
26.6,93.0,0.737,1.602
26.6,93.5,-0.224,1.606
26.6,94.0,-1.250,1.611
26.6,94.5,0.930,1.615
26.6,95.0,-0.096,1.621
26.6,95.5,-1.122,1.625
26.6,96.0,1.058,1.630
26.6,96.5,0.032,1.635
26.6,97.0,-0.930,1.639
26.6,97.5,1.186,1.644
26.6,98.0,0.160,1.649
26.6,98.5,-0.801,1.653
26.6,99.0,1.314,1.658
26.6,99.5,0.289,1.662
26.6,100.0,-0.673,1.667
27.1,0.0,1.507,0.350
27.1,0.5,0.609,0.358
27.1,1.0,-0.353,0.366
27.1,1.5,-1.250,0.374
27.1,2.0,0.930,0.382
27.1,2.5,0.032,0.390
27.1,3.0,-0.930,0.398
27.1,3.5,1.314,0.406
27.1,4.0,0.353,0.414
27.1,4.5,-0.545,0.422
27.1,5.0,-1.507,0.430
27.1,5.5,0.737,0.438
27.1,6.0,-0.224,0.446
27.1,6.5,-1.122,0.453
27.1,7.0,1.058,0.461
27.1,7.5,0.160,0.469
27.1,8.0,-0.801,0.477
27.1,8.5,1.378,0.485
27.1,9.0,0.481,0.493
27.1,9.5,-0.481,0.501
27.1,10.1,-1.378,0.509
27.1,10.6,0.801,0.516
27.1,11.1,-0.160,0.524
27.1,11.6,-1.058,0.532
27.1,12.1,1.122,0.540
27.1,12.6,0.224,0.548
27.1,13.1,-0.737,0.556
27.1,13.6,1.443,0.563
27.1,14.1,0.545,0.571
27.1,14.6,-0.417,0.579
27.1,15.1,-1.378,0.586
27.1,15.6,0.866,0.594
27.1,16.1,-0.096,0.602
27.1,16.6,-0.994,0.610
27.1,17.1,1.186,0.618
27.1,17.6,0.224,0.625
27.1,18.1,-0.737,0.633
27.1,18.6,1.507,0.641
27.1,19.1,0.545,0.648
27.1,19.6,-0.417,0.656
27.1,20.1,-1.314,0.664
27.1,20.6,0.866,0.671
27.1,21.1,-0.096,0.679
27.1,21.6,-0.994,0.686
27.1,22.1,1.186,0.694
27.1,22.6,0.224,0.702
27.1,23.1,-0.737,0.709
27.1,23.6,1.507,0.717
27.1,24.1,0.545,0.725
27.1,24.6,-0.417,0.732
27.1,25.1,-1.378,0.739
27.1,25.6,0.866,0.747
27.1,26.1,-0.096,0.755
27.1,26.6,-1.058,0.762
27.1,27.1,1.122,0.770
27.1,27.6,0.160,0.777
27.1,28.1,-0.737,0.784
27.1,28.6,1.443,0.792
27.1,29.1,0.481,0.800
27.1,29.6,-0.481,0.807
27.1,30.2,-1.443,0.814
27.1,30.7,0.801,0.822
27.1,31.2,-0.160,0.829
27.1,31.7,-1.122,0.837
27.1,32.2,1.058,0.844
27.1,32.7,0.096,0.851
27.1,33.2,-0.866,0.858
27.1,33.7,1.378,0.866
27.1,34.2,0.417,0.873
27.1,34.7,-0.545,0.880
27.1,35.2,-1.507,0.888
27.1,35.7,0.673,0.895
27.1,36.2,-0.289,0.902
27.1,36.7,-1.250,0.909
27.1,37.2,0.930,0.917
27.1,37.7,-0.032,0.924
27.1,38.2,-0.930,0.931
27.1,38.7,1.250,0.938
27.1,39.2,0.289,0.945
27.1,39.7,-0.673,0.952
27.1,40.2,1.507,0.960
27.1,40.7,0.545,0.967
27.1,41.2,-0.417,0.974
27.1,41.7,-1.378,0.981
27.1,42.2,0.801,0.988
27.1,42.7,-0.160,0.995
27.1,43.2,-1.122,1.002
27.1,43.7,1.058,1.009
27.1,44.2,0.096,1.016
27.1,44.7,-0.866,1.023
27.1,45.2,1.314,1.030
27.1,45.7,0.353,1.037
27.1,46.2,-0.609,1.044
27.1,46.7,-1.571,1.051
27.1,47.2,0.609,1.058
27.1,47.7,-0.353,1.065
27.1,48.2,-1.314,1.071
27.1,48.7,0.866,1.078
27.1,49.2,-0.096,1.085
27.1,49.7,-1.058,1.092
27.1,50.3,1.122,1.099
27.1,50.8,0.160,1.105
27.1,51.3,-0.801,1.112
27.1,51.8,1.378,1.119
27.1,52.3,0.417,1.125
27.1,52.8,-0.609,1.132
27.1,53.3,-1.571,1.139
27.1,53.8,0.609,1.145
27.1,54.3,-0.353,1.152
27.1,54.8,-1.314,1.159
27.1,55.3,0.866,1.166
27.1,55.8,-0.096,1.172
27.1,56.3,-1.058,1.178
27.1,56.8,1.122,1.185
27.1,57.3,0.096,1.191
27.1,57.8,-0.866,1.198
27.1,58.3,1.314,1.205
27.1,58.8,0.353,1.211
27.1,59.3,-0.609,1.218
27.1,59.8,1.571,1.224
27.1,60.3,0.609,1.230
27.1,60.8,-0.417,1.237
27.1,61.3,-1.378,1.243
27.1,61.8,0.801,1.250
27.1,62.3,-0.160,1.256
27.1,62.8,-1.122,1.262
27.1,63.3,0.994,1.268
27.1,63.8,0.032,1.275
27.1,64.3,-0.930,1.281
27.1,64.8,1.250,1.287
27.1,65.3,0.224,1.293
27.1,65.8,-0.737,1.299
27.1,66.3,1.443,1.306
27.1,66.8,0.481,1.312
27.1,67.3,-0.545,1.317
27.1,67.8,-1.507,1.324
27.1,68.3,0.673,1.330
27.1,68.8,-0.289,1.336
27.1,69.3,-1.314,1.342
27.1,69.8,0.866,1.348
27.1,70.4,-0.096,1.354
27.1,70.9,-1.058,1.359
27.1,71.4,1.058,1.366
27.1,71.9,0.096,1.372
27.1,72.4,-0.866,1.377
27.1,72.9,1.250,1.383
27.1,73.4,0.289,1.389
27.1,73.9,-0.673,1.395
27.1,74.4,1.443,1.401
27.1,74.9,0.481,1.407
27.1,75.4,-0.481,1.412
27.1,75.9,-1.507,1.418
27.1,76.4,0.673,1.424
27.1,76.9,-0.289,1.429
27.1,77.4,-1.314,1.435
27.1,77.9,0.866,1.441
27.1,78.4,-0.160,1.446
27.1,78.9,-1.122,1.452
27.1,79.4,1.058,1.457
27.1,79.9,0.032,1.463
27.1,80.4,-0.930,1.469
27.1,80.9,1.186,1.474
27.1,81.4,0.224,1.480
27.1,81.9,-0.737,1.485
27.1,82.4,1.378,1.491
27.1,82.9,0.417,1.496
27.1,83.4,-0.609,1.501
27.1,83.9,1.571,1.507
27.1,84.4,0.545,1.512
27.1,84.9,-0.417,1.517
27.1,85.4,-1.443,1.522
27.1,85.9,0.737,1.528
27.1,86.4,-0.224,1.532
27.1,86.9,-1.250,1.538
27.1,87.4,0.930,1.543
27.1,87.9,-0.096,1.549
27.1,88.4,-1.058,1.553
27.1,88.9,1.058,1.559
27.1,89.4,0.096,1.563
27.1,89.9,-0.930,1.569
27.1,90.5,1.186,1.573
27.1,91.0,0.224,1.579
27.1,91.5,-0.801,1.583
27.1,92.0,1.378,1.589
27.1,92.5,0.353,1.593
27.1,93.0,-0.609,1.598
27.1,93.5,1.507,1.603
27.1,94.0,0.545,1.608
27.1,94.5,-0.481,1.613
27.1,95.0,-1.443,1.617
27.1,95.5,0.673,1.623
27.1,96.0,-0.353,1.627
27.1,96.5,-1.314,1.632
27.1,97.0,0.801,1.637
27.1,97.5,-0.160,1.641
27.1,98.0,-1.186,1.646
27.1,98.5,0.930,1.650
27.1,99.0,-0.032,1.655
27.1,99.5,-1.058,1.660
27.1,100.0,1.058,1.663
27.6,0.0,0.096,0.345
27.6,0.5,-0.801,0.353
27.6,1.0,1.378,0.361
27.6,1.5,0.481,0.369
27.6,2.0,-0.481,0.377
27.6,2.5,-1.378,0.385
27.6,3.0,0.801,0.393
27.6,3.5,-0.096,0.401
27.6,4.0,-1.058,0.409
27.6,4.5,1.186,0.416
27.6,5.0,0.224,0.424
27.6,5.5,-0.673,0.432
27.6,6.0,1.507,0.440
27.6,6.5,0.609,0.448
27.6,7.0,-0.353,0.456
27.6,7.5,-1.314,0.464
27.6,8.0,0.930,0.472
27.6,8.5,-0.032,0.480
27.6,9.0,-0.930,0.488
27.6,9.5,1.250,0.495
27.6,10.1,0.353,0.503
27.6,10.6,-0.609,0.511
27.6,11.1,-1.571,0.519
27.6,11.6,0.673,0.527
27.6,12.1,-0.289,0.535
27.6,12.6,-1.186,0.542
27.6,13.1,0.994,0.550
27.6,13.6,0.032,0.558
27.6,14.1,-0.866,0.566
27.6,14.6,1.314,0.574
27.6,15.1,0.353,0.581
27.6,15.6,-0.545,0.589
27.6,16.1,-1.507,0.597
27.6,16.6,0.673,0.604
27.6,17.1,-0.224,0.612
27.6,17.6,-1.186,0.620
27.6,18.1,0.994,0.628
27.6,18.6,0.096,0.636
27.6,19.1,-0.866,0.643
27.6,19.6,1.314,0.651
27.6,20.1,0.417,0.658
27.6,20.6,-0.545,0.666
27.6,21.1,-1.507,0.674
27.6,21.6,0.737,0.681
27.6,22.1,-0.224,0.689
27.6,22.6,-1.186,0.697
27.6,23.1,0.994,0.704
27.6,23.6,0.096,0.712
27.6,24.1,-0.866,0.720
27.6,24.6,1.314,0.727
27.6,25.1,0.353,0.734
27.6,25.6,-0.545,0.742
27.6,26.1,-1.507,0.750
27.6,26.6,0.673,0.757
27.6,27.1,-0.289,0.765
27.6,27.6,-1.186,0.772
27.6,28.1,0.994,0.780
27.6,28.6,0.032,0.787
27.6,29.1,-0.930,0.795
27.6,29.6,1.250,0.802
27.6,30.2,0.289,0.809
27.6,30.7,-0.609,0.817
27.6,31.2,1.571,0.824
27.6,31.7,0.609,0.832
27.6,32.2,-0.353,0.839
27.6,32.7,-1.314,0.846
27.6,33.2,0.866,0.853
27.6,33.7,-0.032,0.861
27.6,34.2,-0.994,0.868
27.6,34.7,1.186,0.876
27.6,35.2,0.224,0.883
27.6,35.7,-0.737,0.890
27.6,36.2,1.443,0.897
27.6,36.7,0.481,0.905
27.6,37.2,-0.481,0.912
27.6,37.7,-1.378,0.919
27.6,38.2,0.801,0.926
27.6,38.7,-0.160,0.933
27.6,39.2,-1.122,0.941
27.6,39.7,1.058,0.948
27.6,40.2,0.096,0.955
27.6,40.7,-0.866,0.962
27.6,41.2,1.314,0.969
27.6,41.7,0.353,0.976
27.6,42.2,-0.609,0.983
27.6,42.7,-1.571,0.990
27.6,43.2,0.609,0.997
27.6,43.7,-0.353,1.004
27.6,44.2,-1.314,1.011
27.6,44.7,0.866,1.018
27.6,45.2,-0.096,1.025
27.6,45.7,-1.058,1.032
27.6,46.2,1.122,1.039
27.6,46.7,0.160,1.046
27.6,47.2,-0.801,1.053
27.6,47.7,1.378,1.060
27.6,48.2,0.417,1.067
27.6,48.7,-0.545,1.074
27.6,49.2,-1.507,1.081
27.6,49.7,0.673,1.087
27.6,50.3,-0.289,1.094
27.6,50.8,-1.250,1.101
27.6,51.3,0.930,1.108
27.6,51.8,-0.032,1.114
27.6,52.3,-0.994,1.121
27.6,52.8,1.186,1.128
27.6,53.3,0.224,1.134
27.6,53.8,-0.737,1.141
27.6,54.3,1.378,1.147
27.6,54.8,0.417,1.154
27.6,55.3,-0.545,1.161
27.6,55.8,-1.507,1.168
27.6,56.3,0.673,1.174
27.6,56.8,-0.289,1.181
27.6,57.3,-1.250,1.187
27.6,57.8,0.930,1.194
27.6,58.3,-0.096,1.200
27.6,58.8,-1.058,1.207
27.6,59.3,1.122,1.213
27.6,59.8,0.160,1.220
27.6,60.3,-0.801,1.226
27.6,60.8,1.378,1.232
27.6,61.3,0.353,1.238
27.6,61.8,-0.609,1.245
27.6,62.3,-1.571,1.252
27.6,62.8,0.609,1.258
27.6,63.3,-0.353,1.264
27.6,63.8,-1.378,1.270
27.6,64.3,0.801,1.277
27.6,64.8,-0.160,1.283
27.6,65.3,-1.122,1.289
27.6,65.8,1.058,1.295
27.6,66.3,0.032,1.301
27.6,66.8,-0.930,1.308
27.6,67.3,1.250,1.314
27.6,67.8,0.289,1.320
27.6,68.3,-0.737,1.326
27.6,68.8,1.443,1.332
27.6,69.3,0.481,1.338
27.6,69.8,-0.481,1.343
27.6,70.4,-1.507,1.350
27.6,70.9,0.673,1.356
27.6,71.4,-0.289,1.362
27.6,71.9,-1.314,1.368
27.6,72.4,0.866,1.374
27.6,72.9,-0.096,1.380
27.6,73.4,-1.122,1.385
27.6,73.9,1.058,1.391
27.6,74.4,0.096,1.397
27.6,74.9,-0.930,1.403
27.6,75.4,1.250,1.409
27.6,75.9,0.289,1.414
27.6,76.4,-0.737,1.420
27.6,76.9,1.443,1.426
27.6,77.4,0.481,1.431
27.6,77.9,-0.545,1.437
27.6,78.4,-1.507,1.443
27.6,78.9,0.609,1.448
27.6,79.4,-0.353,1.454
27.6,79.9,-1.314,1.459
27.6,80.4,0.801,1.465
27.6,80.9,-0.160,1.471
27.6,81.4,-1.186,1.475
27.6,81.9,0.994,1.482
27.6,82.4,0.032,1.487
27.6,82.9,-0.994,1.492
27.6,83.4,1.186,1.498
27.6,83.9,0.160,1.503
27.6,84.4,-0.801,1.508
27.6,84.9,1.314,1.513
27.6,85.4,0.353,1.519
27.6,85.9,-0.673,1.524
27.6,86.4,1.507,1.530
27.6,86.9,0.545,1.534
27.6,87.4,-0.481,1.540
27.6,87.9,-1.443,1.545
27.6,88.4,0.673,1.550
27.6,88.9,-0.289,1.555
27.6,89.4,-1.314,1.560
27.6,89.9,0.866,1.565
27.6,90.5,-0.160,1.571
27.6,91.0,-1.186,1.575
27.6,91.5,0.994,1.581
27.6,92.0,-0.032,1.585
27.6,92.5,-0.994,1.590
27.6,93.0,1.122,1.595
27.6,93.5,0.160,1.600
27.6,94.0,-0.866,1.605
27.6,94.5,1.314,1.609
27.6,95.0,0.289,1.615
27.6,95.5,-0.737,1.619
27.6,96.0,1.443,1.624
27.6,96.5,0.417,1.629
27.6,97.0,-0.545,1.633
27.6,97.5,-1.571,1.638
27.6,98.0,0.609,1.642
27.6,98.5,-0.417,1.647
27.6,99.0,-1.443,1.652
27.6,99.5,0.737,1.656
27.6,100.0,-0.289,1.661
28.1,0.0,-1.314,0.339
28.1,0.5,0.930,0.347
28.1,1.0,-0.032,0.355
28.1,1.5,-0.930,0.363
28.1,2.0,1.250,0.371
28.1,2.5,0.353,0.379
28.1,3.0,-0.609,0.387
28.1,3.5,-1.507,0.395
28.1,4.0,0.673,0.403
28.1,4.5,-0.224,0.411
28.1,5.0,-1.186,0.419
28.1,5.5,1.058,0.427
28.1,6.0,0.096,0.435
28.1,6.5,-0.866,0.443
28.1,7.0,1.378,0.451
28.1,7.5,0.417,0.459
28.1,8.0,-0.481,0.467
28.1,8.5,-1.443,0.474
28.1,9.0,0.801,0.482
28.1,9.5,-0.160,0.490
28.1,10.1,-1.058,0.498
28.1,10.6,1.122,0.506
28.1,11.1,0.160,0.514
28.1,11.6,-0.737,0.522
28.1,12.1,1.443,0.529
28.1,12.6,0.545,0.537
28.1,13.1,-0.417,0.545
28.1,13.6,-1.378,0.553
28.1,14.1,0.866,0.561
28.1,14.6,-0.096,0.569
28.1,15.1,-1.058,0.576
28.1,15.6,1.186,0.584
28.1,16.1,0.224,0.592
28.1,16.6,-0.737,0.599
28.1,17.1,1.507,0.607
28.1,17.6,0.545,0.615
28.1,18.1,-0.417,0.622
28.1,18.6,-1.314,0.630
28.1,19.1,0.866,0.638
28.1,19.6,-0.096,0.646
28.1,20.1,-0.994,0.653
28.1,20.6,1.186,0.661
28.1,21.1,0.224,0.669
28.1,21.6,-0.673,0.676
28.1,22.1,1.507,0.684
28.1,22.6,0.545,0.692
28.1,23.1,-0.417,0.699
28.1,23.6,-1.314,0.707
28.1,24.1,0.866,0.714
28.1,24.6,-0.096,0.722
28.1,25.1,-1.058,0.729
28.1,25.6,1.186,0.737
28.1,26.1,0.224,0.745
28.1,26.6,-0.737,0.752
28.1,27.1,1.443,0.760
28.1,27.6,0.545,0.767
28.1,28.1,-0.417,0.775
28.1,28.6,-1.378,0.782
28.1,29.1,0.801,0.790
28.1,29.6,-0.160,0.797
28.1,30.2,-1.058,0.804
28.1,30.7,1.122,0.812
28.1,31.2,0.160,0.819
28.1,31.7,-0.801,0.827
28.1,32.2,1.378,0.834
28.1,32.7,0.417,0.841
28.1,33.2,-0.481,0.849
28.1,33.7,-1.443,0.856
28.1,34.2,0.737,0.863
28.1,34.7,-0.224,0.871
28.1,35.2,-1.186,0.878
28.1,35.7,0.994,0.885
28.1,36.2,0.032,0.892
28.1,36.7,-0.930,0.900
28.1,37.2,1.314,0.907
28.1,37.7,0.353,0.914
28.1,38.2,-0.609,0.921
28.1,38.7,1.571,0.929
28.1,39.2,0.609,0.936
28.1,39.7,-0.353,0.943
28.1,40.2,-1.314,0.950
28.1,40.7,0.866,0.957
28.1,41.2,-0.096,0.964
28.1,41.7,-1.058,0.971
28.1,42.2,1.122,0.978
28.1,42.7,0.160,0.986
28.1,43.2,-0.801,0.993
28.1,43.7,1.378,0.999
28.1,44.2,0.417,1.006
28.1,44.7,-0.545,1.013
28.1,45.2,-1.507,1.020
28.1,45.7,0.673,1.027
28.1,46.2,-0.289,1.034
28.1,46.7,-1.250,1.041
28.1,47.2,0.930,1.048
28.1,47.7,-0.032,1.055
28.1,48.2,-0.994,1.062
28.1,48.7,1.186,1.069
28.1,49.2,0.224,1.076
28.1,49.7,-0.737,1.083
28.1,50.3,1.443,1.090
28.1,50.8,0.481,1.096
28.1,51.3,-0.481,1.103
28.1,51.8,-1.443,1.110
28.1,52.3,0.737,1.117
28.1,52.8,-0.224,1.123
28.1,53.3,-1.186,1.130
28.1,53.8,0.994,1.137
28.1,54.3,0.032,1.143
28.1,54.8,-0.930,1.150
28.1,55.3,1.186,1.156
28.1,55.8,0.224,1.163
28.1,56.3,-0.737,1.170
28.1,56.8,1.443,1.177
28.1,57.3,0.481,1.183
28.1,57.8,-0.481,1.190
28.1,58.3,-1.443,1.196
28.1,58.8,0.737,1.202
28.1,59.3,-0.289,1.209
28.1,59.8,-1.250,1.215
28.1,60.3,0.930,1.222
28.1,60.8,-0.032,1.228
28.1,61.3,-0.994,1.235
28.1,61.8,1.186,1.241
28.1,62.3,0.160,1.247
28.1,62.8,-0.801,1.254
28.1,63.3,1.378,1.260
28.1,63.8,0.417,1.266
28.1,64.3,-0.545,1.272
28.1,64.8,-1.571,1.279
28.1,65.3,0.609,1.285
28.1,65.8,-0.353,1.291
28.1,66.3,-1.314,1.297
28.1,66.8,0.801,1.303
28.1,67.3,-0.160,1.310
28.1,67.8,-1.122,1.316
28.1,68.3,1.058,1.322
28.1,68.8,0.032,1.328
28.1,69.3,-0.930,1.334
28.1,69.8,1.250,1.340
28.1,70.4,0.289,1.346
28.1,70.9,-0.737,1.352
28.1,71.4,1.443,1.358
28.1,71.9,0.481,1.364
28.1,72.4,-0.545,1.369
28.1,72.9,-1.507,1.376
28.1,73.4,0.673,1.382
28.1,73.9,-0.353,1.387
28.1,74.4,-1.314,1.393
28.1,74.9,0.866,1.399
28.1,75.4,-0.160,1.404
28.1,75.9,-1.122,1.411
28.1,76.4,1.058,1.416
28.1,76.9,0.032,1.422
28.1,77.4,-0.930,1.428
28.1,77.9,1.250,1.433
28.1,78.4,0.224,1.439
28.1,78.9,-0.737,1.445
28.1,79.4,1.443,1.450
28.1,79.9,0.417,1.456
28.1,80.4,-0.545,1.461
28.1,80.9,-1.571,1.467
28.1,81.4,0.609,1.473
28.1,81.9,-0.353,1.477
28.1,82.4,-1.378,1.483
28.1,82.9,0.801,1.489
28.1,83.4,-0.224,1.494
28.1,83.9,-1.186,1.500
28.1,84.4,0.930,1.505
28.1,84.9,-0.032,1.510
28.1,85.4,-1.058,1.515
28.1,85.9,1.122,1.521
28.1,86.4,0.160,1.525
28.1,86.9,-0.866,1.531
28.1,87.4,1.314,1.536
28.1,87.9,0.289,1.542
28.1,88.4,-0.673,1.546
28.1,88.9,1.443,1.552
28.1,89.4,0.481,1.557
28.1,89.9,-0.545,1.562
28.1,90.5,-1.507,1.567
28.1,91.0,0.609,1.572
28.1,91.5,-0.353,1.576
28.1,92.0,-1.378,1.582
28.1,92.5,0.737,1.587
28.1,93.0,-0.224,1.592
28.1,93.5,-1.250,1.597
28.1,94.0,0.930,1.602
28.1,94.5,-0.096,1.607
28.1,95.0,-1.058,1.611
28.1,95.5,1.058,1.616
28.1,96.0,0.032,1.620
28.1,96.5,-0.930,1.626
28.1,97.0,1.186,1.630
28.1,97.5,0.224,1.635
28.1,98.0,-0.801,1.640
28.1,98.5,1.314,1.644
28.1,99.0,0.353,1.649
28.1,99.5,-0.673,1.653
28.1,100.0,1.507,1.658
28.6,0.0,0.417,0.334
28.6,0.5,-0.545,0.342
28.6,1.0,-1.443,0.350
28.6,1.5,0.737,0.358
28.6,2.0,-0.160,0.366
28.6,2.5,-1.122,0.374
28.6,3.0,1.122,0.382
28.6,3.5,0.160,0.390
28.6,4.0,-0.737,0.398
28.6,4.5,1.443,0.406
28.6,5.0,0.545,0.414
28.6,5.5,-0.417,0.422
28.6,6.0,-1.314,0.430
28.6,6.5,0.866,0.438
28.6,7.0,-0.032,0.446
28.6,7.5,-0.994,0.453
28.6,8.0,1.250,0.461
28.6,8.5,0.289,0.469
28.6,9.0,-0.609,0.477
28.6,9.5,1.571,0.485
28.6,10.1,0.609,0.493
28.6,10.6,-0.289,0.501
28.6,11.1,-1.250,0.509
28.6,11.6,0.994,0.516
28.6,12.1,0.032,0.524
28.6,12.6,-0.930,0.532
28.6,13.1,1.314,0.540
28.6,13.6,0.353,0.548
28.6,14.1,-0.545,0.555
28.6,14.6,-1.507,0.563
28.6,15.1,0.673,0.571
28.6,15.6,-0.224,0.579
28.6,16.1,-1.186,0.587
28.6,16.6,0.994,0.594
28.6,17.1,0.096,0.602
28.6,17.6,-0.866,0.610
28.6,18.1,1.314,0.617
28.6,18.6,0.417,0.625
28.6,19.1,-0.545,0.633
28.6,19.6,-1.507,0.641
28.6,20.1,0.737,0.648
28.6,20.6,-0.224,0.656
28.6,21.1,-1.186,0.664
28.6,21.6,1.058,0.671
28.6,22.1,0.096,0.679
28.6,22.6,-0.866,0.687
28.6,23.1,1.314,0.694
28.6,23.6,0.417,0.702
28.6,24.1,-0.545,0.709
28.6,24.6,-1.507,0.717
28.6,25.1,0.673,0.724
28.6,25.6,-0.224,0.732
28.6,26.1,-1.186,0.740
28.6,26.6,0.994,0.747
28.6,27.1,0.032,0.755
28.6,27.6,-0.866,0.762
28.6,28.1,1.314,0.770
28.6,28.6,0.353,0.777
28.6,29.1,-0.609,0.785
28.6,29.6,-1.571,0.792
28.6,30.2,0.673,0.799
28.6,30.7,-0.289,0.807
28.6,31.2,-1.250,0.814
28.6,31.7,0.930,0.822
28.6,32.2,-0.032,0.829
28.6,32.7,-0.994,0.836
28.6,33.2,1.250,0.844
28.6,33.7,0.289,0.851
28.6,34.2,-0.673,0.859
28.6,34.7,1.507,0.866
28.6,35.2,0.545,0.873
28.6,35.7,-0.417,0.880
28.6,36.2,-1.378,0.887
28.6,36.7,0.866,0.895
28.6,37.2,-0.096,0.902
28.6,37.7,-1.058,0.909
28.6,38.2,1.122,0.917
28.6,38.7,0.160,0.924
28.6,39.2,-0.801,0.931
28.6,39.7,1.378,0.938
28.6,40.2,0.417,0.945
28.6,40.7,-0.545,0.952
28.6,41.2,-1.507,0.960
28.6,41.7,0.673,0.967
28.6,42.2,-0.289,0.974
28.6,42.7,-1.250,0.981
28.6,43.2,0.994,0.988
28.6,43.7,0.032,0.995
28.6,44.2,-0.930,1.002
28.6,44.7,1.250,1.009
28.6,45.2,0.289,1.016
28.6,45.7,-0.673,1.023
28.6,46.2,1.507,1.030
28.6,46.7,0.545,1.037
28.6,47.2,-0.417,1.044
28.6,47.7,-1.378,1.051
28.6,48.2,0.801,1.057
28.6,48.7,-0.160,1.064
28.6,49.2,-1.122,1.071
28.6,49.7,1.058,1.078
28.6,50.3,0.032,1.085
28.6,50.8,-0.930,1.092
28.6,51.3,1.250,1.098
28.6,51.8,0.289,1.105
28.6,52.3,-0.673,1.112
28.6,52.8,1.507,1.119
28.6,53.3,0.545,1.126
28.6,53.8,-0.417,1.132
28.6,54.3,-1.378,1.139
28.6,54.8,0.801,1.146
28.6,55.3,-0.160,1.152
28.6,55.8,-1.122,1.159
28.6,56.3,1.058,1.165
28.6,56.8,0.032,1.172
28.6,57.3,-0.930,1.179
28.6,57.8,1.250,1.185
28.6,58.3,0.289,1.192
28.6,58.8,-0.673,1.198
28.6,59.3,1.507,1.205
28.6,59.8,0.545,1.211
28.6,60.3,-0.481,1.217
28.6,60.8,-1.443,1.224
28.6,61.3,0.737,1.231
28.6,61.8,-0.224,1.237
28.6,62.3,-1.186,1.243
28.6,62.8,0.994,1.249
28.6,63.3,-0.032,1.256
28.6,63.8,-0.994,1.262
28.6,64.3,1.186,1.269
28.6,64.8,0.224,1.275
28.6,65.3,-0.801,1.280
28.6,65.8,1.378,1.287
28.6,66.3,0.417,1.293
28.6,66.8,-0.545,1.299
28.6,67.3,-1.507,1.305
28.6,67.8,0.609,1.312
28.6,68.3,-0.353,1.318
28.6,68.8,-1.314,1.324
28.6,69.3,0.866,1.330
28.6,69.8,-0.160,1.336
28.6,70.4,-1.122,1.342
28.6,70.9,1.058,1.348
28.6,71.4,0.032,1.354
28.6,71.9,-0.930,1.360
28.6,72.4,1.250,1.366
28.6,72.9,0.289,1.371
28.6,73.4,-0.737,1.378
28.6,73.9,1.443,1.384
28.6,74.4,0.481,1.389
28.6,74.9,-0.545,1.395
28.6,75.4,-1.507,1.401
28.6,75.9,0.673,1.406
28.6,76.4,-0.353,1.413
28.6,76.9,-1.314,1.418
28.6,77.4,0.801,1.423
28.6,77.9,-0.160,1.430
28.6,78.4,-1.122,1.435
28.6,78.9,0.994,1.441
28.6,79.4,0.032,1.447
28.6,79.9,-0.930,1.452
28.6,80.4,1.186,1.458
28.6,80.9,0.224,1.463
28.6,81.4,-0.801,1.468
28.6,81.9,1.378,1.474
28.6,82.4,0.417,1.479
28.6,82.9,-0.609,1.485
28.6,83.4,1.571,1.490
28.6,83.9,0.545,1.496
28.6,84.4,-0.417,1.501
28.6,84.9,-1.443,1.506
28.6,85.4,0.737,1.512
28.6,85.9,-0.289,1.517
28.6,86.4,-1.250,1.523
28.6,86.9,0.930,1.527
28.6,87.4,-0.096,1.533
28.6,87.9,-1.058,1.538
28.6,88.4,1.058,1.543
28.6,88.9,0.096,1.548
28.6,89.4,-0.930,1.554
28.6,89.9,1.250,1.558
28.6,90.5,0.224,1.564
28.6,91.0,-0.737,1.568
28.6,91.5,1.378,1.574
28.6,92.0,0.417,1.578
28.6,92.5,-0.609,1.584
28.6,93.0,1.507,1.588
28.6,93.5,0.545,1.594
28.6,94.0,-0.481,1.598
28.6,94.5,-1.443,1.603
28.6,95.0,0.673,1.608
28.6,95.5,-0.289,1.613
28.6,96.0,-1.314,1.618
28.6,96.5,0.801,1.622
28.6,97.0,-0.160,1.627
28.6,97.5,-1.186,1.632
28.6,98.0,0.994,1.636
28.6,98.5,-0.032,1.641
28.6,99.0,-1.058,1.645
28.6,99.5,1.122,1.651
28.6,100.0,0.096,1.655
29.1,0.0,-0.994,0.329
29.1,0.5,1.186,0.337
29.1,1.0,0.289,0.345
29.1,1.5,-0.673,0.353
29.1,2.0,1.571,0.361
29.1,2.5,0.609,0.369
29.1,3.0,-0.289,0.377
29.1,3.5,-1.250,0.385
29.1,4.0,0.994,0.393
29.1,4.5,0.032,0.401
29.1,5.0,-0.866,0.408
29.1,5.5,1.314,0.416
29.1,6.0,0.417,0.424
29.1,6.5,-0.545,0.432
29.1,7.0,-1.443,0.440
29.1,7.5,0.737,0.448
29.1,8.0,-0.160,0.456
29.1,8.5,-1.122,0.464
29.1,9.0,1.058,0.472
29.1,9.5,0.160,0.480
29.1,10.1,-0.801,0.488
29.1,10.6,1.443,0.495
29.1,11.1,0.481,0.503
29.1,11.6,-0.417,0.511
29.1,12.1,-1.378,0.519
29.1,12.6,0.801,0.527
29.1,13.1,-0.096,0.535
29.1,13.6,-1.058,0.542
29.1,14.1,1.186,0.550
29.1,14.6,0.224,0.558
29.1,15.1,-0.737,0.566
29.1,15.6,1.507,0.574
29.1,16.1,0.545,0.581
29.1,16.6,-0.417,0.589
29.1,17.1,-1.314,0.597
29.1,17.6,0.866,0.605
29.1,18.1,-0.096,0.612
29.1,18.6,-0.994,0.620
29.1,19.1,1.186,0.628
29.1,19.6,0.224,0.635
29.1,20.1,-0.673,0.643
29.1,20.6,1.507,0.651
29.1,21.1,0.545,0.659
29.1,21.6,-0.353,0.666
29.1,22.1,-1.314,0.674
29.1,22.6,0.866,0.682
29.1,23.1,-0.096,0.689
29.1,23.6,-0.994,0.697
29.1,24.1,1.186,0.704
29.1,24.6,0.224,0.712
29.1,25.1,-0.737,0.719
29.1,25.6,1.507,0.727
29.1,26.1,0.545,0.735
29.1,26.6,-0.417,0.742
29.1,27.1,-1.378,0.749
29.1,27.6,0.866,0.757
29.1,28.1,-0.096,0.765
29.1,28.6,-1.058,0.772
29.1,29.1,1.122,0.780
29.1,29.6,0.160,0.787
29.1,30.2,-0.737,0.794
29.1,30.7,1.443,0.802
29.1,31.2,0.481,0.810
29.1,31.7,-0.481,0.817
29.1,32.2,-1.443,0.824
29.1,32.7,0.801,0.831
29.1,33.2,-0.160,0.839
29.1,33.7,-1.122,0.846
29.1,34.2,1.058,0.854
29.1,34.7,0.096,0.861
29.1,35.2,-0.866,0.868
29.1,35.7,1.314,0.875
29.1,36.2,0.417,0.883
29.1,36.7,-0.545,0.890
29.1,37.2,-1.507,0.897
29.1,37.7,0.673,0.905
29.1,38.2,-0.289,0.912
29.1,38.7,-1.250,0.919
29.1,39.2,0.930,0.926
29.1,39.7,-0.032,0.933
29.1,40.2,-0.994,0.941
29.1,40.7,1.186,0.948
29.1,41.2,0.224,0.955
29.1,41.7,-0.673,0.962
29.1,42.2,1.507,0.969
29.1,42.7,0.545,0.976
29.1,43.2,-0.417,0.983
29.1,43.7,-1.378,0.990
29.1,44.2,0.801,0.997
29.1,44.7,-0.160,1.004
29.1,45.2,-1.122,1.011
29.1,45.7,1.058,1.018
29.1,46.2,0.096,1.025
29.1,46.7,-0.866,1.032
29.1,47.2,1.314,1.039
29.1,47.7,0.353,1.046
29.1,48.2,-0.609,1.053
29.1,48.7,1.571,1.060
29.1,49.2,0.609,1.067
29.1,49.7,-0.353,1.074
29.1,50.3,-1.314,1.080
29.1,50.8,0.866,1.087
29.1,51.3,-0.096,1.094
29.1,51.8,-1.058,1.101
29.1,52.3,1.058,1.107
29.1,52.8,0.096,1.114
29.1,53.3,-0.866,1.121
29.1,53.8,1.314,1.128
29.1,54.3,0.353,1.135
29.1,54.8,-0.609,1.141
29.1,55.3,1.571,1.148
29.1,55.8,0.609,1.155
29.1,56.3,-0.353,1.161
29.1,56.8,-1.314,1.168
29.1,57.3,0.866,1.174
29.1,57.8,-0.160,1.181
29.1,58.3,-1.122,1.187
29.1,58.8,1.058,1.194
29.1,59.3,0.096,1.201
29.1,59.8,-0.866,1.207
29.1,60.3,1.314,1.213
29.1,60.8,0.353,1.219
29.1,61.3,-0.673,1.226
29.1,61.8,1.507,1.233
29.1,62.3,0.545,1.239
29.1,62.8,-0.417,1.245
29.1,63.3,-1.378,1.251
29.1,63.8,0.737,1.258
29.1,64.3,-0.224,1.264
29.1,64.8,-1.186,1.271
29.1,65.3,0.994,1.277
29.1,65.8,0.032,1.283
29.1,66.3,-0.994,1.289
29.1,66.8,1.186,1.295
29.1,67.3,0.224,1.302
29.1,67.8,-0.737,1.308
29.1,68.3,1.378,1.314
29.1,68.8,0.417,1.320
29.1,69.3,-0.545,1.326
29.1,69.8,-1.507,1.332
29.1,70.4,0.609,1.338
29.1,70.9,-0.353,1.344
29.1,71.4,-1.314,1.350
29.1,71.9,0.801,1.356
29.1,72.4,-0.160,1.362
29.1,72.9,-1.122,1.368
29.1,73.4,1.058,1.374
29.1,73.9,0.032,1.380
29.1,74.4,-0.930,1.386
29.1,74.9,1.250,1.391
29.1,75.4,0.224,1.397
29.1,75.9,-0.737,1.403
29.1,76.4,1.443,1.408
29.1,76.9,0.417,1.414
29.1,77.4,-0.545,1.420
29.1,77.9,-1.507,1.425
29.1,78.4,0.609,1.432
29.1,78.9,-0.353,1.437
29.1,79.4,-1.378,1.442
29.1,79.9,0.801,1.449
29.1,80.4,-0.160,1.454
29.1,80.9,-1.186,1.460
29.1,81.4,0.994,1.465
29.1,81.9,-0.032,1.470
29.1,82.4,-0.994,1.476
29.1,82.9,1.186,1.481
29.1,83.4,0.160,1.487
29.1,83.9,-0.801,1.492
29.1,84.4,1.314,1.498
29.1,84.9,0.353,1.503
29.1,85.4,-0.673,1.508
29.1,85.9,1.507,1.514
29.1,86.4,0.545,1.518
29.1,86.9,-0.481,1.525
29.1,87.4,-1.443,1.529
29.1,87.9,0.673,1.535
29.1,88.4,-0.289,1.540
29.1,88.9,-1.314,1.545
29.1,89.4,0.866,1.550
29.1,89.9,-0.160,1.555
29.1,90.5,-1.122,1.560
29.1,91.0,0.994,1.566
29.1,91.5,0.032,1.570
29.1,92.0,-0.994,1.576
29.1,92.5,1.186,1.580
29.1,93.0,0.160,1.586
29.1,93.5,-0.866,1.590
29.1,94.0,1.314,1.595
29.1,94.5,0.289,1.600
29.1,95.0,-0.673,1.605
29.1,95.5,1.443,1.610
29.1,96.0,0.481,1.614
29.1,96.5,-0.545,1.620
29.1,97.0,-1.571,1.624
29.1,97.5,0.609,1.629
29.1,98.0,-0.417,1.633
29.1,98.5,-1.378,1.638
29.1,99.0,0.737,1.643
29.1,99.5,-0.289,1.647
29.1,100.0,-1.250,1.652
29.6,0.0,0.673,0.323
29.6,0.5,-0.224,0.331
29.6,1.0,-1.122,0.339
29.6,1.5,1.058,0.347
29.6,2.0,0.160,0.355
29.6,2.5,-0.801,0.363
29.6,3.0,1.443,0.371
29.6,3.5,0.481,0.379
29.6,4.0,-0.417,0.387
29.6,4.5,-1.378,0.395
29.6,5.0,0.866,0.403
29.6,5.5,-0.096,0.411
29.6,6.0,-0.994,0.419
29.6,6.5,1.186,0.427
29.6,7.0,0.289,0.435
29.6,7.5,-0.673,0.443
29.6,8.0,1.507,0.451
29.6,8.5,0.609,0.459
29.6,9.0,-0.353,0.466
29.6,9.5,-1.250,0.474
29.6,10.1,0.930,0.482
29.6,10.6,0.032,0.490
29.6,11.1,-0.930,0.498
29.6,11.6,1.250,0.506
29.6,12.1,0.353,0.514
29.6,12.6,-0.609,0.522
29.6,13.1,-1.507,0.529
29.6,13.6,0.673,0.537
29.6,14.1,-0.289,0.545
29.6,14.6,-1.186,0.553
29.6,15.1,0.994,0.561
29.6,15.6,0.096,0.568
29.6,16.1,-0.866,0.576
29.6,16.6,1.314,0.584
29.6,17.1,0.417,0.592
29.6,17.6,-0.545,0.600
29.6,18.1,-1.507,0.607
29.6,18.6,0.737,0.615
29.6,19.1,-0.224,0.623
29.6,19.6,-1.186,0.630
29.6,20.1,1.058,0.638
29.6,20.6,0.096,0.646
29.6,21.1,-0.866,0.653
29.6,21.6,1.378,0.661
29.6,22.1,0.417,0.669
29.6,22.6,-0.545,0.676
29.6,23.1,-1.507,0.684
29.6,23.6,0.737,0.692
29.6,24.1,-0.224,0.699
29.6,24.6,-1.186,0.707
29.6,25.1,0.994,0.714
29.6,25.6,0.096,0.722
29.6,26.1,-0.866,0.730
29.6,26.6,1.314,0.737
29.6,27.1,0.353,0.744
29.6,27.6,-0.545,0.752
29.6,28.1,-1.507,0.760
29.6,28.6,0.673,0.767
29.6,29.1,-0.289,0.775
29.6,29.6,-1.186,0.782
29.6,30.2,0.994,0.790
29.6,30.7,0.032,0.797
29.6,31.2,-0.930,0.805
29.6,31.7,1.250,0.812
29.6,32.2,0.289,0.819
29.6,32.7,-0.609,0.827
29.6,33.2,1.571,0.834
29.6,33.7,0.609,0.842
29.6,34.2,-0.353,0.849
29.6,34.7,-1.314,0.856
29.6,35.2,0.866,0.863
29.6,35.7,-0.032,0.870
29.6,36.2,-0.994,0.878
29.6,36.7,1.186,0.885
29.6,37.2,0.224,0.893
29.6,37.7,-0.737,0.900
29.6,38.2,1.443,0.907
29.6,38.7,0.481,0.914
29.6,39.2,-0.481,0.921
29.6,39.7,-1.443,0.929
29.6,40.2,0.737,0.936
29.6,40.7,-0.160,0.943
29.6,41.2,-1.122,0.950
29.6,41.7,1.058,0.957
29.6,42.2,0.096,0.964
29.6,42.7,-0.866,0.972
29.6,43.2,1.314,0.979
29.6,43.7,0.353,0.986
29.6,44.2,-0.609,0.993
29.6,44.7,1.571,1.000
29.6,45.2,0.609,1.007
29.6,45.7,-0.353,1.014
29.6,46.2,-1.314,1.021
29.6,46.7,0.866,1.028
29.6,47.2,-0.096,1.035
29.6,47.7,-1.058,1.042
29.6,48.2,1.122,1.049
29.6,48.7,0.160,1.056
29.6,49.2,-0.801,1.062
29.6,49.7,1.378,1.069
29.6,50.3,0.417,1.076
29.6,50.8,-0.545,1.083
29.6,51.3,-1.507,1.090
29.6,51.8,0.673,1.096
29.6,52.3,-0.289,1.103
29.6,52.8,-1.250,1.110
29.6,53.3,0.930,1.116
29.6,53.8,-0.096,1.123
29.6,54.3,-1.058,1.130
29.6,54.8,1.122,1.137
29.6,55.3,0.160,1.143
29.6,55.8,-0.801,1.150
29.6,56.3,1.378,1.157
29.6,56.8,0.417,1.163
29.6,57.3,-0.545,1.170
29.6,57.8,-1.507,1.176
29.6,58.3,0.673,1.183
29.6,58.8,-0.353,1.189
29.6,59.3,-1.314,1.196
29.6,59.8,0.866,1.203
29.6,60.3,-0.096,1.209
29.6,60.8,-1.058,1.216
29.6,61.3,1.122,1.222
29.6,61.8,0.096,1.228
29.6,62.3,-0.866,1.235
29.6,62.8,1.314,1.241
29.6,63.3,0.353,1.248
29.6,63.8,-0.609,1.254
29.6,64.3,1.571,1.260
29.6,64.8,0.545,1.266
29.6,65.3,-0.417,1.273
29.6,65.8,-1.378,1.279
29.6,66.3,0.801,1.285
29.6,66.8,-0.224,1.291
29.6,67.3,-1.186,1.297
29.6,67.8,0.994,1.304
29.6,68.3,0.032,1.310
29.6,68.8,-0.930,1.315
29.6,69.3,1.186,1.322
29.6,69.8,0.224,1.328
29.6,70.4,-0.737,1.334
29.6,70.9,1.378,1.340
29.6,71.4,0.417,1.346
29.6,71.9,-0.545,1.352
29.6,72.4,-1.507,1.358
29.6,72.9,0.609,1.364
29.6,73.4,-0.353,1.370
29.6,73.9,-1.314,1.376
29.6,74.4,0.801,1.382
29.6,74.9,-0.160,1.388
29.6,75.4,-1.122,1.393
29.6,75.9,0.994,1.399
29.6,76.4,0.032,1.405
29.6,76.9,-0.930,1.411
29.6,77.4,1.186,1.416
29.6,77.9,0.224,1.422
29.6,78.4,-0.737,1.428
29.6,78.9,1.378,1.434
29.6,79.4,0.417,1.439
29.6,79.9,-0.609,1.444
29.6,80.4,-1.571,1.451
29.6,80.9,0.609,1.456
29.6,81.4,-0.417,1.461
29.6,81.9,-1.378,1.467
29.6,82.4,0.737,1.472
29.6,82.9,-0.224,1.478
29.6,83.4,-1.186,1.483
29.6,83.9,0.930,1.489
29.6,84.4,-0.032,1.494
29.6,84.9,-1.058,1.499
29.6,85.4,1.122,1.505
29.6,85.9,0.096,1.510
29.6,86.4,-0.866,1.516
29.6,86.9,1.314,1.520
29.6,87.4,0.289,1.526
29.6,87.9,-0.673,1.531
29.6,88.4,1.443,1.537
29.6,88.9,0.481,1.541
29.6,89.4,-0.545,1.547
29.6,89.9,-1.507,1.552
29.6,90.5,0.609,1.557
29.6,91.0,-0.353,1.562
29.6,91.5,-1.378,1.567
29.6,92.0,0.801,1.572
29.6,92.5,-0.224,1.577
29.6,93.0,-1.186,1.582
29.6,93.5,0.930,1.587
29.6,94.0,-0.096,1.592
29.6,94.5,-1.058,1.597
29.6,95.0,1.058,1.602
29.6,95.5,0.096,1.607
29.6,96.0,-0.930,1.612
29.6,96.5,1.250,1.616
29.6,97.0,0.224,1.621
29.6,97.5,-0.801,1.625
29.6,98.0,1.378,1.631
29.6,98.5,0.353,1.635
29.6,99.0,-0.609,1.640
29.6,99.5,1.507,1.645
29.6,100.0,0.481,1.649
30.2,0.0,-0.737,0.318
30.2,0.5,1.507,0.326
30.2,1.0,0.545,0.334
30.2,1.5,-0.353,0.342
30.2,2.0,-1.314,0.350
30.2,2.5,0.930,0.358
30.2,3.0,-0.032,0.366
30.2,3.5,-0.930,0.374
30.2,4.0,1.314,0.382
30.2,4.5,0.353,0.390
30.2,5.0,-0.545,0.398
30.2,5.5,-1.507,0.406
30.2,6.0,0.673,0.414
30.2,6.5,-0.224,0.422
30.2,7.0,-1.186,0.430
30.2,7.5,1.058,0.438
30.2,8.0,0.096,0.445
30.2,8.5,-0.801,0.453
30.2,9.0,1.378,0.461
30.2,9.5,0.481,0.469
30.2,10.1,-0.481,0.477
30.2,10.6,-1.378,0.485
30.2,11.1,0.801,0.493
30.2,11.6,-0.160,0.501
30.2,12.1,-1.058,0.509
30.2,12.6,1.122,0.516
30.2,13.1,0.224,0.524
30.2,13.6,-0.737,0.532
30.2,14.1,1.443,0.540
30.2,14.6,0.545,0.548
30.2,15.1,-0.417,0.555
30.2,15.6,-1.314,0.563
30.2,16.1,0.866,0.571
30.2,16.6,-0.096,0.579
30.2,17.1,-0.994,0.586
30.2,17.6,1.186,0.594
30.2,18.1,0.224,0.602
30.2,18.6,-0.673,0.610
30.2,19.1,1.507,0.618
30.2,19.6,0.545,0.625
30.2,20.1,-0.353,0.633
30.2,20.6,-1.314,0.641
30.2,21.1,0.866,0.648
30.2,21.6,-0.032,0.656
30.2,22.1,-0.994,0.664
30.2,22.6,1.186,0.671
30.2,23.1,0.224,0.679
30.2,23.6,-0.673,0.686
30.2,24.1,1.507,0.694
30.2,24.6,0.545,0.702
30.2,25.1,-0.417,0.709
30.2,25.6,-1.314,0.717
30.2,26.1,0.866,0.725
30.2,26.6,-0.096,0.732
30.2,27.1,-1.058,0.739
30.2,27.6,1.186,0.747
30.2,28.1,0.224,0.755
30.2,28.6,-0.737,0.762
30.2,29.1,1.443,0.770
30.2,29.6,0.545,0.777
30.2,30.2,-0.417,0.785
30.2,30.7,-1.378,0.792
30.2,31.2,0.801,0.800
30.2,31.7,-0.160,0.807
30.2,32.2,-1.058,0.814
30.2,32.7,1.122,0.822
30.2,33.2,0.160,0.829
30.2,33.7,-0.801,0.837
30.2,34.2,1.378,0.844
30.2,34.7,0.417,0.851
30.2,35.2,-0.545,0.858
30.2,35.7,-1.443,0.866
30.2,36.2,0.737,0.873
30.2,36.7,-0.224,0.881
30.2,37.2,-1.186,0.888
30.2,37.7,0.994,0.895
30.2,38.2,0.032,0.902
30.2,38.7,-0.930,0.909
30.2,39.2,1.250,0.916
30.2,39.7,0.353,0.924
30.2,40.2,-0.609,0.931
30.2,40.7,1.571,0.938
30.2,41.2,0.609,0.945
30.2,41.7,-0.353,0.953
30.2,42.2,-1.314,0.960
30.2,42.7,0.866,0.967
30.2,43.2,-0.096,0.974
30.2,43.7,-1.058,0.981
30.2,44.2,1.122,0.988
30.2,44.7,0.160,0.995
30.2,45.2,-0.801,1.002
30.2,45.7,1.378,1.009
30.2,46.2,0.417,1.016
30.2,46.7,-0.545,1.023
30.2,47.2,-1.507,1.030
30.2,47.7,0.673,1.037
30.2,48.2,-0.289,1.044
30.2,48.7,-1.250,1.051
30.2,49.2,0.930,1.058
30.2,49.7,-0.032,1.065
30.2,50.3,-0.994,1.072
30.2,50.8,1.186,1.078
30.2,51.3,0.224,1.085
30.2,51.8,-0.737,1.092
30.2,52.3,1.443,1.099
30.2,52.8,0.481,1.106
30.2,53.3,-0.481,1.112
30.2,53.8,-1.443,1.119
30.2,54.3,0.737,1.126
30.2,54.8,-0.224,1.132
30.2,55.3,-1.250,1.139
30.2,55.8,0.930,1.146
30.2,56.3,-0.032,1.152
30.2,56.8,-0.994,1.159
30.2,57.3,1.186,1.166
30.2,57.8,0.224,1.172
30.2,58.3,-0.737,1.179
30.2,58.8,1.443,1.185
30.2,59.3,0.481,1.191
30.2,59.8,-0.545,1.198
30.2,60.3,-1.507,1.205
30.2,60.8,0.673,1.211
30.2,61.3,-0.289,1.218
30.2,61.8,-1.250,1.224
30.2,62.3,0.930,1.230
30.2,62.8,-0.096,1.237
30.2,63.3,-1.058,1.243
30.2,63.8,1.122,1.250
30.2,64.3,0.160,1.256
30.2,64.8,-0.801,1.262
30.2,65.3,1.314,1.268
30.2,65.8,0.353,1.275
30.2,66.3,-0.609,1.281
30.2,66.8,1.571,1.287
30.2,67.3,0.609,1.293
30.2,67.8,-0.417,1.299
30.2,68.3,-1.378,1.306
30.2,68.8,0.801,1.312
30.2,69.3,-0.160,1.318
30.2,69.8,-1.186,1.324
30.2,70.4,0.994,1.330
30.2,70.9,0.032,1.336
30.2,71.4,-0.930,1.342
30.2,71.9,1.186,1.348
30.2,72.4,0.224,1.354
30.2,72.9,-0.737,1.360
30.2,73.4,1.378,1.366
30.2,73.9,0.417,1.372
30.2,74.4,-0.545,1.378
30.2,74.9,-1.571,1.383
30.2,75.4,0.609,1.390
30.2,75.9,-0.353,1.395
30.2,76.4,-1.378,1.401
30.2,76.9,0.801,1.407
30.2,77.4,-0.160,1.413
30.2,77.9,-1.186,1.418
30.2,78.4,0.994,1.424
30.2,78.9,0.032,1.430
30.2,79.4,-0.994,1.435
30.2,79.9,1.186,1.441
30.2,80.4,0.224,1.446
30.2,80.9,-0.801,1.452
30.2,81.4,1.378,1.458
30.2,81.9,0.353,1.463
30.2,82.4,-0.609,1.469
30.2,82.9,1.571,1.474
30.2,83.4,0.545,1.480
30.2,83.9,-0.417,1.485
30.2,84.4,-1.443,1.491
30.2,84.9,0.737,1.496
30.2,85.4,-0.289,1.501
30.2,85.9,-1.250,1.507
30.2,86.4,0.866,1.512
30.2,86.9,-0.096,1.518
30.2,87.4,-1.058,1.522
30.2,87.9,1.058,1.528
30.2,88.4,0.096,1.533
30.2,88.9,-0.930,1.538
30.2,89.4,1.250,1.543
30.2,89.9,0.224,1.549
30.2,90.5,-0.737,1.554
30.2,91.0,1.378,1.559
30.2,91.5,0.417,1.564
30.2,92.0,-0.609,1.569
30.2,92.5,1.571,1.574
30.2,93.0,0.545,1.579
30.2,93.5,-0.417,1.583
30.2,94.0,-1.443,1.589
30.2,94.5,0.673,1.593
30.2,95.0,-0.289,1.599
30.2,95.5,-1.314,1.603
30.2,96.0,0.866,1.608
30.2,96.5,-0.160,1.613
30.2,97.0,-1.122,1.618
30.2,97.5,0.994,1.623
30.2,98.0,-0.032,1.627
30.2,98.5,-0.994,1.632
30.2,99.0,1.122,1.637
30.2,99.5,0.160,1.641
30.2,100.0,-0.866,1.646
30.7,0.0,0.994,0.313
30.7,0.5,0.096,0.321
30.7,1.0,-0.866,0.329
30.7,1.5,1.378,0.337
30.7,2.0,0.417,0.345
30.7,2.5,-0.481,0.353
30.7,3.0,-1.443,0.361
30.7,3.5,0.801,0.369
30.7,4.0,-0.160,0.377
30.7,4.5,-1.058,0.385
30.7,5.0,1.122,0.392
30.7,5.5,0.224,0.401
30.7,6.0,-0.737,0.408
30.7,6.5,1.507,0.416
30.7,7.0,0.545,0.424
30.7,7.5,-0.353,0.432
30.7,8.0,-1.314,0.440
30.7,8.5,0.930,0.448
30.7,9.0,-0.032,0.456
30.7,9.5,-0.930,0.464
30.7,10.1,1.250,0.472
30.7,10.6,0.289,0.480
30.7,11.1,-0.609,0.488
30.7,11.6,-1.571,0.495
30.7,12.1,0.673,0.503
30.7,12.6,-0.289,0.511
30.7,13.1,-1.186,0.519
30.7,13.6,0.994,0.527
30.7,14.1,0.032,0.535
30.7,14.6,-0.866,0.542
30.7,15.1,1.314,0.550
30.7,15.6,0.353,0.558
30.7,16.1,-0.545,0.566
30.7,16.6,-1.507,0.574
30.7,17.1,0.737,0.581
30.7,17.6,-0.224,0.589
30.7,18.1,-1.186,0.597
30.7,18.6,1.058,0.605
30.7,19.1,0.096,0.612
30.7,19.6,-0.866,0.620
30.7,20.1,1.378,0.628
30.7,20.6,0.417,0.636
30.7,21.1,-0.545,0.643
30.7,21.6,-1.443,0.651
30.7,22.1,0.737,0.659
30.7,22.6,-0.224,0.666
30.7,23.1,-1.186,0.674
30.7,23.6,1.058,0.681
30.7,24.1,0.096,0.689
30.7,24.6,-0.866,0.697
30.7,25.1,1.378,0.704
30.7,25.6,0.417,0.712
30.7,26.1,-0.545,0.720
30.7,26.6,-1.507,0.727
30.7,27.1,0.737,0.734
30.7,27.6,-0.224,0.742
30.7,28.1,-1.186,0.750
30.7,28.6,0.994,0.757
30.7,29.1,0.032,0.765
30.7,29.6,-0.866,0.772
30.7,30.2,1.314,0.780
30.7,30.7,0.353,0.787
30.7,31.2,-0.609,0.795
30.7,31.7,-1.571,0.802
30.7,32.2,0.673,0.809
30.7,32.7,-0.289,0.817
30.7,33.2,-1.250,0.824
30.7,33.7,0.930,0.832
30.7,34.2,-0.032,0.839
30.7,34.7,-0.994,0.846
30.7,35.2,1.250,0.854
30.7,35.7,0.289,0.861
30.7,36.2,-0.673,0.868
30.7,36.7,1.507,0.876
30.7,37.2,0.545,0.883
30.7,37.7,-0.417,0.890
30.7,38.2,-1.378,0.897
30.7,38.7,0.801,0.904
30.7,39.2,-0.096,0.912
30.7,39.7,-1.058,0.919
30.7,40.2,1.122,0.926
30.7,40.7,0.160,0.934
30.7,41.2,-0.801,0.941
30.7,41.7,1.378,0.948
30.7,42.2,0.417,0.955
30.7,42.7,-0.545,0.962
30.7,43.2,-1.507,0.969
30.7,43.7,0.673,0.976
30.7,44.2,-0.289,0.983
30.7,44.7,-1.250,0.990
30.7,45.2,0.930,0.997
30.7,45.7,-0.032,1.004
30.7,46.2,-0.994,1.011
30.7,46.7,1.186,1.018
30.7,47.2,0.224,1.025
30.7,47.7,-0.737,1.032
30.7,48.2,1.443,1.039
30.7,48.7,0.481,1.046
30.7,49.2,-0.481,1.053
30.7,49.7,-1.443,1.060
30.7,50.3,0.737,1.067
30.7,50.8,-0.224,1.074
30.7,51.3,-1.186,1.081
30.7,51.8,0.994,1.087
30.7,52.3,0.032,1.094
30.7,52.8,-0.930,1.101
30.7,53.3,1.250,1.108
30.7,53.8,0.289,1.115
30.7,54.3,-0.673,1.121
30.7,54.8,1.507,1.128
30.7,55.3,0.545,1.135
30.7,55.8,-0.417,1.141
30.7,56.3,-1.378,1.148
30.7,56.8,0.737,1.154
30.7,57.3,-0.224,1.161
30.7,57.8,-1.186,1.168
30.7,58.3,0.994,1.175
30.7,58.8,0.032,1.181
30.7,59.3,-0.930,1.188
30.7,59.8,1.250,1.194
30.7,60.3,0.289,1.200
30.7,60.8,-0.737,1.207
30.7,61.3,1.443,1.213
30.7,61.8,0.481,1.220
30.7,62.3,-0.481,1.226
30.7,62.8,-1.443,1.233
30.7,63.3,0.737,1.239
30.7,63.8,-0.289,1.245
30.7,64.3,-1.250,1.252
30.7,64.8,0.930,1.258
30.7,65.3,-0.032,1.264
30.7,65.8,-0.994,1.270
30.7,66.3,1.122,1.277
30.7,66.8,0.160,1.283
30.7,67.3,-0.801,1.289
30.7,67.8,1.378,1.295
30.7,68.3,0.353,1.301
30.7,68.8,-0.609,1.308
30.7,69.3,1.571,1.314
30.7,69.8,0.609,1.320
30.7,70.4,-0.417,1.326
30.7,70.9,-1.378,1.332
30.7,71.4,0.801,1.338
30.7,71.9,-0.160,1.344
30.7,72.4,-1.186,1.350
30.7,72.9,0.994,1.356
30.7,73.4,0.032,1.362
30.7,73.9,-0.994,1.368
30.7,74.4,1.186,1.374
30.7,74.9,0.224,1.380
30.7,75.4,-0.737,1.385
30.7,75.9,1.378,1.392
30.7,76.4,0.417,1.397
30.7,76.9,-0.545,1.403
30.7,77.4,-1.571,1.409
30.7,77.9,0.609,1.415
30.7,78.4,-0.417,1.420
30.7,78.9,-1.378,1.426
30.7,79.4,0.801,1.432
30.7,79.9,-0.224,1.437
30.7,80.4,-1.186,1.443
30.7,80.9,0.994,1.448
30.7,81.4,-0.032,1.454
30.7,81.9,-0.994,1.460
30.7,82.4,1.122,1.465
30.7,82.9,0.160,1.471
30.7,83.4,-0.801,1.476
30.7,83.9,1.314,1.482
30.7,84.4,0.353,1.487
30.7,84.9,-0.673,1.492
30.7,85.4,1.507,1.498
30.7,85.9,0.481,1.503
30.7,86.4,-0.481,1.509
30.7,86.9,-1.443,1.513
30.7,87.4,0.673,1.519
30.7,87.9,-0.289,1.524
30.7,88.4,-1.314,1.530
30.7,88.9,0.866,1.535
30.7,89.4,-0.160,1.540
30.7,89.9,-1.122,1.545
30.7,90.5,0.994,1.550
30.7,91.0,0.032,1.555
30.7,91.5,-0.994,1.561
30.7,92.0,1.186,1.565
30.7,92.5,0.160,1.571
30.7,93.0,-0.801,1.575
30.7,93.5,1.314,1.581
30.7,94.0,0.353,1.585
30.7,94.5,-0.673,1.591
30.7,95.0,1.443,1.595
30.7,95.5,0.481,1.600
30.7,96.0,-0.545,1.605
30.7,96.5,-1.507,1.610
30.7,97.0,0.609,1.615
30.7,97.5,-0.353,1.619
30.7,98.0,-1.378,1.624
30.7,98.5,0.737,1.629
30.7,99.0,-0.224,1.634
30.7,99.5,-1.250,1.638
30.7,100.0,0.930,1.643
31.2,0.0,-0.417,0.307
31.2,0.5,-1.378,0.315
31.2,1.0,0.866,0.323
31.2,1.5,-0.032,0.331
31.2,2.0,-0.994,0.339
31.2,2.5,1.250,0.347
31.2,3.0,0.289,0.355
31.2,3.5,-0.609,0.363
31.2,4.0,-1.571,0.371
31.2,4.5,0.673,0.379
31.2,5.0,-0.289,0.387
31.2,5.5,-1.186,0.395
31.2,6.0,0.994,0.403
31.2,6.5,0.096,0.411
31.2,7.0,-0.866,0.419
31.2,7.5,1.378,0.427
31.2,8.0,0.417,0.435
31.2,8.5,-0.481,0.443
31.2,9.0,-1.443,0.451
31.2,9.5,0.737,0.458
31.2,10.1,-0.160,0.467
31.2,10.6,-1.122,0.474
31.2,11.1,1.122,0.482
31.2,11.6,0.160,0.490
31.2,12.1,-0.737,0.498
31.2,12.6,1.443,0.506
31.2,13.1,0.481,0.514
31.2,13.6,-0.417,0.522
31.2,14.1,-1.378,0.529
31.2,14.6,0.866,0.537
31.2,15.1,-0.096,0.545
31.2,15.6,-1.058,0.553
31.2,16.1,1.186,0.561
31.2,16.6,0.224,0.568
31.2,17.1,-0.673,0.576
31.2,17.6,1.507,0.584
31.2,18.1,0.545,0.592
31.2,18.6,-0.353,0.599
31.2,19.1,-1.314,0.607
31.2,19.6,0.866,0.615
31.2,20.1,-0.032,0.622
31.2,20.6,-0.994,0.630
31.2,21.1,1.186,0.638
31.2,21.6,0.289,0.646
31.2,22.1,-0.673,0.653
31.2,22.6,1.507,0.661
31.2,23.1,0.545,0.669
31.2,23.6,-0.353,0.676
31.2,24.1,-1.314,0.684
31.2,24.6,0.866,0.692
31.2,25.1,-0.032,0.699
31.2,25.6,-0.994,0.707
31.2,26.1,1.186,0.715
31.2,26.6,0.224,0.722
31.2,27.1,-0.673,0.729
31.2,27.6,1.507,0.737
31.2,28.1,0.545,0.745
31.2,28.6,-0.417,0.752
31.2,29.1,-1.378,0.759
31.2,29.6,0.866,0.767
31.2,30.2,-0.096,0.775
31.2,30.7,-1.058,0.782
31.2,31.2,1.122,0.790
31.2,31.7,0.160,0.797
31.2,32.2,-0.737,0.804
31.2,32.7,1.443,0.812
31.2,33.2,0.481,0.819
31.2,33.7,-0.481,0.827
31.2,34.2,-1.443,0.834
31.2,34.7,0.801,0.841
31.2,35.2,-0.160,0.849
31.2,35.7,-1.122,0.856
31.2,36.2,1.058,0.864
31.2,36.7,0.096,0.871
31.2,37.2,-0.866,0.878
31.2,37.7,1.314,0.885
31.2,38.2,0.353,0.892
31.2,38.7,-0.545,0.900
31.2,39.2,-1.507,0.907
31.2,39.7,0.673,0.914
31.2,40.2,-0.289,0.922
31.2,40.7,-1.250,0.929
31.2,41.2,0.930,0.936
31.2,41.7,-0.032,0.943
31.2,42.2,-0.994,0.950
31.2,42.7,1.186,0.957
31.2,43.2,0.224,0.964
31.2,43.7,-0.737,0.971
31.2,44.2,1.443,0.978
31.2,44.7,0.481,0.985
31.2,45.2,-0.481,0.992
31.2,45.7,-1.378,0.999
31.2,46.2,0.801,1.007
31.2,46.7,-0.160,1.014
31.2,47.2,-1.122,1.021
31.2,47.7,1.058,1.028
31.2,48.2,0.096,1.035
31.2,48.7,-0.866,1.041
31.2,49.2,1.314,1.048
31.2,49.7,0.353,1.055
31.2,50.3,-0.609,1.062
31.2,50.8,1.507,1.069
31.2,51.3,0.545,1.076
31.2,51.8,-0.417,1.083
31.2,52.3,-1.378,1.090
31.2,52.8,0.801,1.096
31.2,53.3,-0.160,1.103
31.2,53.8,-1.122,1.110
31.2,54.3,1.058,1.117
31.2,54.8,0.096,1.124
31.2,55.3,-0.866,1.130
31.2,55.8,1.314,1.137
31.2,56.3,0.353,1.144
31.2,56.8,-0.609,1.150
31.2,57.3,1.571,1.157
31.2,57.8,0.545,1.163
31.2,58.3,-0.417,1.170
31.2,58.8,-1.378,1.177
31.2,59.3,0.801,1.183
31.2,59.8,-0.160,1.190
31.2,60.3,-1.122,1.196
31.2,60.8,1.058,1.203
31.2,61.3,0.096,1.209
31.2,61.8,-0.930,1.215
31.2,62.3,1.250,1.222
31.2,62.8,0.289,1.229
31.2,63.3,-0.673,1.235
31.2,63.8,1.507,1.241
31.2,64.3,0.545,1.247
31.2,64.8,-0.481,1.254
31.2,65.3,-1.443,1.260
31.2,65.8,0.737,1.267
31.2,66.3,-0.224,1.273
31.2,66.8,-1.250,1.279
31.2,67.3,0.930,1.285
31.2,67.8,-0.032,1.292
31.2,68.3,-0.994,1.298
31.2,68.8,1.186,1.303
31.2,69.3,0.160,1.310
31.2,69.8,-0.801,1.316
31.2,70.4,1.378,1.322
31.2,70.9,0.417,1.328
31.2,71.4,-0.609,1.334
31.2,71.9,1.571,1.340
31.2,72.4,0.609,1.346
31.2,72.9,-0.417,1.352
31.2,73.4,-1.378,1.358
31.2,73.9,0.801,1.364
31.2,74.4,-0.160,1.370
31.2,74.9,-1.186,1.376
31.2,75.4,0.994,1.382
31.2,75.9,0.032,1.387
31.2,76.4,-0.994,1.394
31.2,76.9,1.186,1.399
31.2,77.4,0.224,1.405
31.2,77.9,-0.801,1.411
31.2,78.4,1.378,1.417
31.2,78.9,0.417,1.422
31.2,79.4,-0.609,1.428
31.2,79.9,1.571,1.434
31.2,80.4,0.545,1.439
31.2,80.9,-0.417,1.445
31.2,81.4,-1.378,1.450
31.2,81.9,0.737,1.456
31.2,82.4,-0.224,1.462
31.2,82.9,-1.250,1.467
31.2,83.4,0.930,1.473
31.2,83.9,-0.032,1.478
31.2,84.4,-1.058,1.484
31.2,84.9,1.122,1.489
31.2,85.4,0.096,1.494
31.2,85.9,-0.866,1.500
31.2,86.4,1.250,1.505
31.2,86.9,0.289,1.511
31.2,87.4,-0.673,1.515
31.2,87.9,1.443,1.521
31.2,88.4,0.481,1.526
31.2,88.9,-0.545,1.532
31.2,89.4,-1.507,1.536
31.2,89.9,0.609,1.542
31.2,90.5,-0.353,1.547
31.2,91.0,-1.378,1.552
31.2,91.5,0.801,1.557
31.2,92.0,-0.224,1.562
31.2,92.5,-1.186,1.567
31.2,93.0,0.930,1.573
31.2,93.5,-0.032,1.577
31.2,94.0,-1.058,1.583
31.2,94.5,1.122,1.587
31.2,95.0,0.096,1.592
31.2,95.5,-0.930,1.597
31.2,96.0,1.250,1.602
31.2,96.5,0.224,1.607
31.2,97.0,-0.737,1.612
31.2,97.5,1.378,1.617
31.2,98.0,0.417,1.621
31.2,98.5,-0.609,1.626
31.2,99.0,1.507,1.630
31.2,99.5,0.545,1.635
31.2,100.0,-0.481,1.640
31.7,0.0,1.314,0.302
31.7,0.5,0.353,0.310
31.7,1.0,-0.545,0.318
31.7,1.5,-1.507,0.326
31.7,2.0,0.737,0.334
31.7,2.5,-0.224,0.342
31.7,3.0,-1.122,0.350
31.7,3.5,1.122,0.358
31.7,4.0,0.160,0.366
31.7,4.5,-0.737,0.374
31.7,5.0,1.443,0.382
31.7,5.5,0.545,0.390
31.7,6.0,-0.417,0.398
31.7,6.5,-1.314,0.406
31.7,7.0,0.866,0.414
31.7,7.5,-0.032,0.421
31.7,8.0,-0.994,0.430
31.7,8.5,1.186,0.437
31.7,9.0,0.289,0.445
31.7,9.5,-0.673,0.453
31.7,10.1,1.571,0.461
31.7,10.6,0.609,0.469
31.7,11.1,-0.289,0.477
31.7,11.6,-1.250,0.485
31.7,12.1,0.994,0.493
31.7,12.6,0.032,0.501
31.7,13.1,-0.930,0.508
31.7,13.6,1.314,0.516
31.7,14.1,0.353,0.524
31.7,14.6,-0.545,0.532
31.7,15.1,-1.507,0.540
31.7,15.6,0.673,0.548
31.7,16.1,-0.224,0.555
31.7,16.6,-1.186,0.563
31.7,17.1,0.994,0.571
31.7,17.6,0.096,0.579
31.7,18.1,-0.866,0.587
31.7,18.6,1.378,0.594
31.7,19.1,0.417,0.602
31.7,19.6,-0.545,0.610
31.7,20.1,-1.443,0.617
31.7,20.6,0.737,0.625
31.7,21.1,-0.224,0.633
31.7,21.6,-1.186,0.640
31.7,22.1,1.058,0.648
31.7,22.6,0.096,0.656
31.7,23.1,-0.866,0.664
31.7,23.6,1.378,0.671
31.7,24.1,0.417,0.679
31.7,24.6,-0.545,0.687
31.7,25.1,-1.443,0.694
31.7,25.6,0.737,0.702
31.7,26.1,-0.224,0.709
31.7,26.6,-1.186,0.717
31.7,27.1,1.058,0.724
31.7,27.6,0.096,0.732
31.7,28.1,-0.866,0.740
31.7,28.6,1.314,0.747
31.7,29.1,0.353,0.754
31.7,29.6,-0.545,0.762
31.7,30.2,-1.507,0.770
31.7,30.7,0.673,0.777
31.7,31.2,-0.289,0.785
31.7,31.7,-1.186,0.792
31.7,32.2,0.994,0.800
31.7,32.7,0.032,0.807
31.7,33.2,-0.930,0.814
31.7,33.7,1.250,0.822
31.7,34.2,0.289,0.829
31.7,34.7,-0.609,0.836
31.7,35.2,1.571,0.844
31.7,35.7,0.609,0.851
31.7,36.2,-0.353,0.859
31.7,36.7,-1.314,0.866
31.7,37.2,0.866,0.873
31.7,37.7,-0.096,0.880
31.7,38.2,-0.994,0.888
31.7,38.7,1.186,0.895
31.7,39.2,0.224,0.902
31.7,39.7,-0.737,0.910
31.7,40.2,1.443,0.917
31.7,40.7,0.481,0.924
31.7,41.2,-0.481,0.931
31.7,41.7,-1.443,0.938
31.7,42.2,0.737,0.945
31.7,42.7,-0.224,0.952
31.7,43.2,-1.186,0.959
31.7,43.7,1.058,0.967
31.7,44.2,0.096,0.974
31.7,44.7,-0.866,0.981
31.7,45.2,1.314,0.988
31.7,45.7,0.353,0.995
31.7,46.2,-0.609,1.002
31.7,46.7,1.571,1.009
31.7,47.2,0.609,1.016
31.7,47.7,-0.353,1.023
31.7,48.2,-1.314,1.030
31.7,48.7,0.866,1.037
31.7,49.2,-0.096,1.044
31.7,49.7,-1.058,1.051
31.7,50.3,1.122,1.058
31.7,50.8,0.160,1.065
31.7,51.3,-0.801,1.071
31.7,51.8,1.378,1.078
31.7,52.3,0.417,1.085
31.7,52.8,-0.545,1.092
31.7,53.3,-1.571,1.098
31.7,53.8,0.609,1.105
31.7,54.3,-0.353,1.112
31.7,54.8,-1.314,1.119
31.7,55.3,0.866,1.126
31.7,55.8,-0.096,1.133
31.7,56.3,-1.058,1.139
31.7,56.8,1.122,1.146
31.7,57.3,0.160,1.153
31.7,57.8,-0.801,1.159
31.7,58.3,1.378,1.165
31.7,58.8,0.417,1.172
31.7,59.3,-0.609,1.179
31.7,59.8,-1.571,1.185
31.7,60.3,0.609,1.192
31.7,60.8,-0.353,1.199
31.7,61.3,-1.314,1.205
31.7,61.8,0.866,1.211
31.7,62.3,-0.096,1.217
31.7,62.8,-1.122,1.224
31.7,63.3,1.058,1.231
31.7,63.8,0.096,1.237
31.7,64.3,-0.866,1.243
31.7,64.8,1.314,1.249
31.7,65.3,0.289,1.256
31.7,65.8,-0.673,1.262
31.7,66.3,1.507,1.269
31.7,66.8,0.545,1.275
31.7,67.3,-0.417,1.281
31.7,67.8,-1.443,1.287
31.7,68.3,0.737,1.294
31.7,68.8,-0.224,1.300
31.7,69.3,-1.186,1.306
31.7,69.8,0.930,1.312
31.7,70.4,-0.032,1.318
31.7,70.9,-0.994,1.324
31.7,71.4,1.186,1.330
31.7,71.9,0.160,1.336
31.7,72.4,-0.801,1.342
31.7,72.9,1.378,1.348
31.7,73.4,0.417,1.354
31.7,73.9,-0.609,1.360
31.7,74.4,1.571,1.366
31.7,74.9,0.609,1.372
31.7,75.4,-0.417,1.378
31.7,75.9,-1.378,1.384
31.7,76.4,0.801,1.389
31.7,76.9,-0.224,1.395
31.7,77.4,-1.186,1.401
31.7,77.9,0.994,1.407
31.7,78.4,-0.032,1.413
31.7,78.9,-0.994,1.419
31.7,79.4,1.186,1.424
31.7,79.9,0.160,1.430
31.7,80.4,-0.801,1.436
31.7,80.9,1.314,1.441
31.7,81.4,0.353,1.447
31.7,81.9,-0.609,1.452
31.7,82.4,1.507,1.458
31.7,82.9,0.545,1.464
31.7,83.4,-0.481,1.468
31.7,83.9,-1.443,1.475
31.7,84.4,0.737,1.480
31.7,84.9,-0.289,1.485
31.7,85.4,-1.250,1.491
31.7,85.9,0.866,1.496
31.7,86.4,-0.096,1.502
31.7,86.9,-1.122,1.506
31.7,87.4,1.058,1.512
31.7,87.9,0.096,1.517
31.7,88.4,-0.930,1.523
31.7,88.9,1.250,1.528
31.7,89.4,0.224,1.533
31.7,89.9,-0.737,1.538
31.7,90.5,1.378,1.544
31.7,91.0,0.417,1.549
31.7,91.5,-0.609,1.554
31.7,92.0,1.571,1.559
31.7,92.5,0.545,1.564
31.7,93.0,-0.417,1.569
31.7,93.5,-1.443,1.574
31.7,94.0,0.737,1.579
31.7,94.5,-0.289,1.584
31.7,95.0,-1.250,1.588
31.7,95.5,0.866,1.594
31.7,96.0,-0.160,1.598
31.7,96.5,-1.122,1.604
31.7,97.0,0.994,1.608
31.7,97.5,0.032,1.613
31.7,98.0,-0.994,1.618
31.7,98.5,1.186,1.622
31.7,99.0,0.160,1.628
31.7,99.5,-0.866,1.632
31.7,100.0,1.314,1.637
32.2,0.0,-0.096,0.296
32.2,0.5,-1.058,0.305
32.2,1.0,1.186,0.313
32.2,1.5,0.224,0.321
32.2,2.0,-0.673,0.329
32.2,2.5,1.507,0.337
32.2,3.0,0.609,0.345
32.2,3.5,-0.353,0.353
32.2,4.0,-1.250,0.361
32.2,4.5,0.930,0.368
32.2,5.0,0.032,0.377
32.2,5.5,-0.930,0.384
32.2,6.0,1.314,0.393
32.2,6.5,0.353,0.400
32.2,7.0,-0.545,0.408
32.2,7.5,-1.507,0.416
32.2,8.0,0.737,0.424
32.2,8.5,-0.224,0.432
32.2,9.0,-1.122,0.440
32.2,9.5,1.058,0.448
32.2,10.1,0.160,0.456
32.2,10.6,-0.801,0.464
32.2,11.1,1.443,0.472
32.2,11.6,0.481,0.480
32.2,12.1,-0.481,0.487
32.2,12.6,-1.378,0.495
32.2,13.1,0.801,0.503
32.2,13.6,-0.096,0.511
32.2,14.1,-1.058,0.519
32.2,14.6,1.122,0.527
32.2,15.1,0.224,0.535
32.2,15.6,-0.737,0.542
32.2,16.1,1.507,0.550
32.2,16.6,0.545,0.558
32.2,17.1,-0.417,0.566
32.2,17.6,-1.314,0.574
32.2,18.1,0.866,0.581
32.2,18.6,-0.096,0.589
32.2,19.1,-0.994,0.597
32.2,19.6,1.186,0.605
32.2,20.1,0.224,0.612
32.2,20.6,-0.673,0.620
32.2,21.1,1.507,0.628
32.2,21.6,0.545,0.635
32.2,22.1,-0.353,0.643
32.2,22.6,-1.314,0.651
32.2,23.1,0.866,0.658
32.2,23.6,-0.032,0.666
32.2,24.1,-0.994,0.674
32.2,24.6,1.186,0.681
32.2,25.1,0.289,0.689
32.2,25.6,-0.673,0.697
32.2,26.1,1.507,0.704
32.2,26.6,0.545,0.712
32.2,27.1,-0.353,0.719
32.2,27.6,-1.314,0.727
32.2,28.1,0.866,0.735
32.2,28.6,-0.096,0.742
32.2,29.1,-0.994,0.749
32.2,29.6,1.186,0.757
32.2,30.2,0.224,0.765
32.2,30.7,-0.737,0.772
32.2,31.2,1.443,0.780
32.2,31.7,0.545,0.787
32.2,32.2,-0.417,0.795
32.2,32.7,-1.378,0.802
32.2,33.2,0.801,0.810
32.2,33.7,-0.160,0.817
32.2,34.2,-1.058,0.824
32.2,34.7,1.122,0.832
32.2,35.2,0.160,0.839
32.2,35.7,-0.801,0.847
32.2,36.2,1.378,0.854
32.2,36.7,0.417,0.861
32.2,37.2,-0.545,0.868
32.2,37.7,-1.443,0.875
32.2,38.2,0.737,0.883
32.2,38.7,-0.224,0.890
32.2,39.2,-1.186,0.898
32.2,39.7,0.994,0.905
32.2,40.2,0.032,0.912
32.2,40.7,-0.930,0.919
32.2,41.2,1.250,0.926
32.2,41.7,0.289,0.933
32.2,42.2,-0.673,0.940
32.2,42.7,1.571,0.948
32.2,43.2,0.609,0.955
32.2,43.7,-0.353,0.962
32.2,44.2,-1.314,0.969
32.2,44.7,0.866,0.976
32.2,45.2,-0.096,0.983
32.2,45.7,-1.058,0.991
32.2,46.2,1.122,0.998
32.2,46.7,0.160,1.005
32.2,47.2,-0.801,1.012
32.2,47.7,1.378,1.019
32.2,48.2,0.417,1.026
32.2,48.7,-0.545,1.033
32.2,49.2,-1.507,1.040
32.2,49.7,0.673,1.046
32.2,50.3,-0.289,1.053
32.2,50.8,-1.250,1.060
32.2,51.3,0.930,1.067
32.2,51.8,-0.032,1.074
32.2,52.3,-0.994,1.081
32.2,52.8,1.186,1.088
32.2,53.3,0.224,1.094
32.2,53.8,-0.737,1.101
32.2,54.3,1.443,1.108
32.2,54.8,0.481,1.114
32.2,55.3,-0.545,1.121
32.2,55.8,-1.507,1.128
32.2,56.3,0.673,1.135
32.2,56.8,-0.289,1.141
32.2,57.3,-1.250,1.148
32.2,57.8,0.930,1.155
32.2,58.3,-0.032,1.161
32.2,58.8,-0.994,1.168
32.2,59.3,1.186,1.174
32.2,59.8,0.224,1.181
32.2,60.3,-0.801,1.187
32.2,60.8,1.378,1.194
32.2,61.3,0.417,1.201
32.2,61.8,-0.545,1.207
32.2,62.3,-1.507,1.214
32.2,62.8,0.673,1.220
32.2,63.3,-0.353,1.226
32.2,63.8,-1.314,1.233
32.2,64.3,0.866,1.239
32.2,64.8,-0.096,1.246
32.2,65.3,-1.058,1.252
32.2,65.8,1.122,1.258
32.2,66.3,0.096,1.264
32.2,66.8,-0.866,1.271
32.2,67.3,1.314,1.277
32.2,67.8,0.353,1.283
32.2,68.3,-0.673,1.289
32.2,68.8,1.507,1.296
32.2,69.3,0.545,1.302
32.2,69.8,-0.417,1.308
32.2,70.4,-1.378,1.314
32.2,70.9,0.737,1.320
32.2,71.4,-0.224,1.326
32.2,71.9,-1.186,1.332
32.2,72.4,0.930,1.338
32.2,72.9,-0.032,1.344
32.2,73.4,-0.994,1.350
32.2,73.9,1.186,1.356
32.2,74.4,0.160,1.362
32.2,74.9,-0.801,1.368
32.2,75.4,1.378,1.374
32.2,75.9,0.353,1.380
32.2,76.4,-0.609,1.386
32.2,76.9,1.571,1.392
32.2,77.4,0.545,1.397
32.2,77.9,-0.417,1.403
32.2,78.4,-1.378,1.409
32.2,78.9,0.737,1.415
32.2,79.4,-0.224,1.421
32.2,79.9,-1.186,1.426
32.2,80.4,0.930,1.432
32.2,80.9,-0.032,1.438
32.2,81.4,-0.994,1.443
32.2,81.9,1.122,1.449
32.2,82.4,0.160,1.454
32.2,82.9,-0.866,1.460
32.2,83.4,1.314,1.466
32.2,83.9,0.353,1.470
32.2,84.4,-0.673,1.477
32.2,84.9,1.507,1.482
32.2,85.4,0.481,1.487
32.2,85.9,-0.481,1.493
32.2,86.4,-1.507,1.498
32.2,86.9,0.673,1.504
32.2,87.4,-0.289,1.508
32.2,87.9,-1.314,1.514
32.2,88.4,0.866,1.519
32.2,88.9,-0.160,1.525
32.2,89.4,-1.122,1.530
32.2,89.9,0.994,1.535
32.2,90.5,0.032,1.540
32.2,91.0,-0.994,1.545
32.2,91.5,1.186,1.550
32.2,92.0,0.160,1.556
32.2,92.5,-0.801,1.561
32.2,93.0,1.314,1.566
32.2,93.5,0.353,1.571
32.2,94.0,-0.673,1.576
32.2,94.5,1.507,1.580
32.2,95.0,0.481,1.586
32.2,95.5,-0.481,1.590
32.2,96.0,-1.507,1.596
32.2,96.5,0.609,1.600
32.2,97.0,-0.353,1.605
32.2,97.5,-1.378,1.610
32.2,98.0,0.801,1.615
32.2,98.5,-0.224,1.620
32.2,99.0,-1.186,1.624
32.2,99.5,0.930,1.629
32.2,100.0,-0.096,1.634
32.7,0.0,-1.571,0.291
32.7,0.5,0.673,0.299
32.7,1.0,-0.289,0.307
32.7,1.5,-1.186,0.315
32.7,2.0,1.058,0.323
32.7,2.5,0.096,0.331
32.7,3.0,-0.801,0.339
32.7,3.5,1.378,0.347
32.7,4.0,0.481,0.355
32.7,4.5,-0.481,0.363
32.7,5.0,-1.378,0.371
32.7,5.5,0.801,0.379
32.7,6.0,-0.096,0.387
32.7,6.5,-1.058,0.395
32.7,7.0,1.186,0.403
32.7,7.5,0.224,0.411
32.7,8.0,-0.673,0.419
32.7,8.5,1.507,0.427
32.7,9.0,0.609,0.435
32.7,9.5,-0.353,0.443
32.7,10.1,-1.250,0.451
32.7,10.6,0.930,0.459
32.7,11.1,-0.032,0.466
32.7,11.6,-0.930,0.474
32.7,12.1,1.250,0.482
32.7,12.6,0.353,0.490
32.7,13.1,-0.609,0.498
32.7,13.6,-1.507,0.506
32.7,14.1,0.673,0.514
32.7,14.6,-0.289,0.521
32.7,15.1,-1.186,0.529
32.7,15.6,0.994,0.537
32.7,16.1,0.096,0.545
32.7,16.6,-0.866,0.553
32.7,17.1,1.314,0.561
32.7,17.6,0.417,0.568
32.7,18.1,-0.545,0.576
32.7,18.6,-1.507,0.584
32.7,19.1,0.737,0.592
32.7,19.6,-0.224,0.600
32.7,20.1,-1.186,0.607
32.7,20.6,1.058,0.615
32.7,21.1,0.096,0.623
32.7,21.6,-0.866,0.630
32.7,22.1,1.378,0.638
32.7,22.6,0.417,0.646
32.7,23.1,-0.545,0.653
32.7,23.6,-1.443,0.661
32.7,24.1,0.737,0.669
32.7,24.6,-0.224,0.676
32.7,25.1,-1.122,0.684
32.7,25.6,1.058,0.692
32.7,26.1,0.096,0.699
32.7,26.6,-0.866,0.707
32.7,27.1,1.378,0.714
32.7,27.6,0.417,0.722
32.7,28.1,-0.545,0.730
32.7,28.6,-1.507,0.737
32.7,29.1,0.737,0.744
32.7,29.6,-0.224,0.752
32.7,30.2,-1.186,0.760
32.7,30.7,0.994,0.767
32.7,31.2,0.032,0.775
32.7,31.7,-0.866,0.782
32.7,32.2,1.314,0.790
32.7,32.7,0.353,0.797
32.7,33.2,-0.609,0.805
32.7,33.7,-1.571,0.812
32.7,34.2,0.673,0.819
32.7,34.7,-0.289,0.827
32.7,35.2,-1.250,0.834
32.7,35.7,0.930,0.842
32.7,36.2,-0.032,0.849
32.7,36.7,-0.994,0.856
32.7,37.2,1.250,0.863
32.7,37.7,0.289,0.871
32.7,38.2,-0.673,0.878
32.7,38.7,1.507,0.886
32.7,39.2,0.545,0.893
32.7,39.7,-0.417,0.900
32.7,40.2,-1.378,0.907
32.7,40.7,0.801,0.914
32.7,41.2,-0.160,0.921
32.7,41.7,-1.058,0.928
32.7,42.2,1.122,0.936
32.7,42.7,0.160,0.943
32.7,43.2,-0.801,0.950
32.7,43.7,1.378,0.957
32.7,44.2,0.417,0.965
32.7,44.7,-0.545,0.972
32.7,45.2,-1.507,0.979
32.7,45.7,0.673,0.986
32.7,46.2,-0.289,0.993
32.7,46.7,-1.250,1.000
32.7,47.2,0.930,1.007
32.7,47.7,-0.032,1.014
32.7,48.2,-0.994,1.021
32.7,48.7,1.186,1.028
32.7,49.2,0.224,1.035
32.7,49.7,-0.737,1.042
32.7,50.3,1.443,1.049
32.7,50.8,0.481,1.056
32.7,51.3,-0.481,1.063
32.7,51.8,-1.443,1.069
32.7,52.3,0.737,1.076
32.7,52.8,-0.224,1.083
32.7,53.3,-1.186,1.090
32.7,53.8,0.994,1.097
32.7,54.3,0.032,1.103
32.7,54.8,-0.930,1.110
32.7,55.3,1.250,1.117
32.7,55.8,0.289,1.123
32.7,56.3,-0.673,1.130
32.7,56.8,1.443,1.137
32.7,57.3,0.481,1.144
32.7,57.8,-0.481,1.150
32.7,58.3,-1.443,1.157
32.7,58.8,0.737,1.164
32.7,59.3,-0.224,1.170
32.7,59.8,-1.186,1.177
32.7,60.3,0.994,1.183
32.7,60.8,0.032,1.189
32.7,61.3,-0.994,1.196
32.7,61.8,1.186,1.203
32.7,62.3,0.224,1.209
32.7,62.8,-0.737,1.216
32.7,63.3,1.443,1.222
32.7,63.8,0.481,1.228
32.7,64.3,-0.545,1.235
32.7,64.8,-1.507,1.241
32.7,65.3,0.673,1.248
32.7,65.8,-0.289,1.254
32.7,66.3,-1.250,1.260
32.7,66.8,0.866,1.266
32.7,67.3,-0.096,1.273
32.7,67.8,-1.058,1.279
32.7,68.3,1.122,1.285
32.7,68.8,0.160,1.291
32.7,69.3,-0.866,1.298
32.7,69.8,1.314,1.304
32.7,70.4,0.353,1.310
32.7,70.9,-0.609,1.316
32.7,71.4,1.507,1.322
32.7,71.9,0.545,1.328
32.7,72.4,-0.417,1.334
32.7,72.9,-1.378,1.340
32.7,73.4,0.737,1.346
32.7,73.9,-0.224,1.353
32.7,74.4,-1.186,1.358
32.7,74.9,0.930,1.364
32.7,75.4,-0.032,1.370
32.7,75.9,-0.994,1.376
32.7,76.4,1.122,1.382
32.7,76.9,0.160,1.388
32.7,77.4,-0.801,1.394
32.7,77.9,1.314,1.399
32.7,78.4,0.353,1.405
32.7,78.9,-0.609,1.411
32.7,79.4,1.507,1.416
32.7,79.9,0.545,1.423
32.7,80.4,-0.417,1.428
32.7,80.9,-1.443,1.434
32.7,81.4,0.737,1.440
32.7,81.9,-0.224,1.445
32.7,82.4,-1.250,1.451
32.7,82.9,0.930,1.456
32.7,83.4,-0.096,1.461
32.7,83.9,-1.058,1.467
32.7,84.4,1.122,1.472
32.7,84.9,0.096,1.478
32.7,85.4,-0.866,1.484
32.7,85.9,1.250,1.489
32.7,86.4,0.289,1.495
32.7,86.9,-0.737,1.499
32.7,87.4,1.443,1.505
32.7,87.9,0.481,1.510
32.7,88.4,-0.545,1.516
32.7,88.9,-1.507,1.521
32.7,89.4,0.609,1.527
32.7,89.9,-0.353,1.531
32.7,90.5,-1.378,1.537
32.7,91.0,0.801,1.542
32.7,91.5,-0.224,1.547
32.7,92.0,-1.186,1.552
32.7,92.5,0.930,1.557
32.7,93.0,-0.032,1.562
32.7,93.5,-1.058,1.568
32.7,94.0,1.122,1.572
32.7,94.5,0.096,1.578
32.7,95.0,-0.866,1.582
32.7,95.5,1.250,1.588
32.7,96.0,0.289,1.592
32.7,96.5,-0.737,1.597
32.7,97.0,1.378,1.602
32.7,97.5,0.417,1.607
32.7,98.0,-0.609,1.612
32.7,98.5,1.571,1.616
32.7,99.0,0.545,1.621
32.7,99.5,-0.417,1.625
32.7,100.0,-1.443,1.631
33.2,0.0,0.160,0.286
33.2,0.5,-0.737,0.294
33.2,1.0,1.443,0.302
33.2,1.5,0.545,0.310
33.2,2.0,-0.417,0.318
33.2,2.5,-1.314,0.326
33.2,3.0,0.866,0.334
33.2,3.5,-0.032,0.342
33.2,4.0,-0.930,0.350
33.2,4.5,1.250,0.358
33.2,5.0,0.353,0.366
33.2,5.5,-0.609,0.374
33.2,6.0,-1.507,0.382
33.2,6.5,0.673,0.390
33.2,7.0,-0.224,0.398
33.2,7.5,-1.186,0.406
33.2,8.0,1.058,0.414
33.2,8.5,0.096,0.422
33.2,9.0,-0.801,0.429
33.2,9.5,1.378,0.438
33.2,10.1,0.417,0.445
33.2,10.6,-0.481,0.453
33.2,11.1,-1.443,0.461
33.2,11.6,0.801,0.469
33.2,12.1,-0.160,0.477
33.2,12.6,-1.058,0.485
33.2,13.1,1.122,0.493
33.2,13.6,0.224,0.500
33.2,14.1,-0.737,0.509
33.2,14.6,1.443,0.516
33.2,15.1,0.545,0.524
33.2,15.6,-0.417,0.532
33.2,16.1,-1.314,0.540
33.2,16.6,0.866,0.548
33.2,17.1,-0.096,0.555
33.2,17.6,-0.994,0.563
33.2,18.1,1.186,0.571
33.2,18.6,0.224,0.579
33.2,19.1,-0.673,0.587
33.2,19.6,1.507,0.594
33.2,20.1,0.545,0.602
33.2,20.6,-0.353,0.610
33.2,21.1,-1.314,0.618
33.2,21.6,0.866,0.625
33.2,22.1,-0.032,0.633
33.2,22.6,-0.994,0.641
33.2,23.1,1.186,0.648
33.2,23.6,0.289,0.656
33.2,24.1,-0.673,0.664
33.2,24.6,1.507,0.671
33.2,25.1,0.609,0.679
33.2,25.6,-0.353,0.687
33.2,26.1,-1.314,0.694
33.2,26.6,0.866,0.702
33.2,27.1,-0.032,0.709
33.2,27.6,-0.994,0.717
33.2,28.1,1.186,0.725
33.2,28.6,0.224,0.732
33.2,29.1,-0.673,0.739
33.2,29.6,1.507,0.747
33.2,30.2,0.545,0.755
33.2,30.7,-0.417,0.762
33.2,31.2,-1.378,0.769
33.2,31.7,0.866,0.777
33.2,32.2,-0.096,0.785
33.2,32.7,-1.058,0.792
33.2,33.2,1.122,0.800
33.2,33.7,0.160,0.807
33.2,34.2,-0.737,0.814
33.2,34.7,1.443,0.822
33.2,35.2,0.481,0.829
33.2,35.7,-0.481,0.837
33.2,36.2,-1.443,0.844
33.2,36.7,0.737,0.851
33.2,37.2,-0.160,0.859
33.2,37.7,-1.122,0.866
33.2,38.2,1.058,0.873
33.2,38.7,0.096,0.881
33.2,39.2,-0.866,0.888
33.2,39.7,1.314,0.895
33.2,40.2,0.353,0.902
33.2,40.7,-0.609,0.909
33.2,41.2,-1.507,0.917
33.2,41.7,0.673,0.924
33.2,42.2,-0.289,0.931
33.2,42.7,-1.250,0.938
33.2,43.2,0.930,0.946
33.2,43.7,-0.032,0.953
33.2,44.2,-0.994,0.960
33.2,44.7,1.186,0.967
33.2,45.2,0.224,0.974
33.2,45.7,-0.737,0.981
33.2,46.2,1.443,0.988
33.2,46.7,0.481,0.995
33.2,47.2,-0.481,1.002
33.2,47.7,-1.443,1.009
33.2,48.2,0.737,1.016
33.2,48.7,-0.224,1.023
33.2,49.2,-1.186,1.030
33.2,49.7,0.994,1.037
33.2,50.3,0.032,1.044
33.2,50.8,-0.930,1.051
33.2,51.3,1.250,1.058
33.2,51.8,0.289,1.065
33.2,52.3,-0.673,1.072
33.2,52.8,1.507,1.079
33.2,53.3,0.545,1.085
33.2,53.8,-0.417,1.092
33.2,54.3,-1.378,1.099
33.2,54.8,0.801,1.106
33.2,55.3,-0.160,1.113
33.2,55.8,-1.122,1.119
33.2,56.3,1.058,1.126
33.2,56.8,0.096,1.132
33.2,57.3,-0.866,1.139
33.2,57.8,1.250,1.145
33.2,58.3,0.289,1.152
33.2,58.8,-0.673,1.159
33.2,59.3,1.507,1.166
33.2,59.8,0.545,1.172
33.2,60.3,-0.417,1.179
33.2,60.8,-1.378,1.186
33.2,61.3,0.801,1.192
33.2,61.8,-0.160,1.198
33.2,62.3,-1.186,1.205
33.2,62.8,0.994,1.211
33.2,63.3,0.032,1.218
33.2,63.8,-0.930,1.224
33.2,64.3,1.250,1.231
33.2,64.8,0.289,1.237
33.2,65.3,-0.737,1.243
33.2,65.8,1.443,1.250
33.2,66.3,0.481,1.256
33.2,66.8,-0.481,1.262
33.2,67.3,-1.443,1.268
33.2,67.8,0.673,1.275
33.2,68.3,-0.289,1.281
33.2,68.8,-1.250,1.288
33.2,69.3,0.930,1.294
33.2,69.8,-0.096,1.299
33.2,70.4,-1.058,1.306
33.2,70.9,1.122,1.312
33.2,71.4,0.160,1.318
33.2,71.9,-0.866,1.324
33.2,72.4,1.314,1.330
33.2,72.9,0.353,1.337
33.2,73.4,-0.609,1.342
33.2,73.9,1.507,1.348
33.2,74.4,0.545,1.355
33.2,74.9,-0.417,1.360
33.2,75.4,-1.443,1.366
33.2,75.9,0.737,1.372
33.2,76.4,-0.224,1.378
33.2,76.9,-1.186,1.383
33.2,77.4,0.930,1.390
33.2,77.9,-0.032,1.396
33.2,78.4,-0.994,1.401
33.2,78.9,1.122,1.407
33.2,79.4,0.160,1.413
33.2,79.9,-0.866,1.418
33.2,80.4,1.314,1.424
33.2,80.9,0.353,1.430
33.2,81.4,-0.673,1.435
33.2,81.9,1.507,1.442
33.2,82.4,0.545,1.447
33.2,82.9,-0.481,1.453
33.2,83.4,-1.443,1.458
33.2,83.9,0.673,1.463
33.2,84.4,-0.289,1.469
33.2,84.9,-1.250,1.474
33.2,85.4,0.866,1.480
33.2,85.9,-0.096,1.486
33.2,86.4,-1.122,1.491
33.2,86.9,1.058,1.497
33.2,87.4,0.032,1.501
33.2,87.9,-0.930,1.507
33.2,88.4,1.250,1.512
33.2,88.9,0.224,1.518
33.2,89.4,-0.737,1.523
33.2,89.9,1.378,1.528
33.2,90.5,0.417,1.533
33.2,91.0,-0.609,1.539
33.2,91.5,1.571,1.544
33.2,92.0,0.545,1.549
33.2,92.5,-0.417,1.554
33.2,93.0,-1.443,1.559
33.2,93.5,0.737,1.564
33.2,94.0,-0.289,1.569
33.2,94.5,-1.250,1.574
33.2,95.0,0.866,1.579
33.2,95.5,-0.096,1.584
33.2,96.0,-1.122,1.589
33.2,96.5,1.058,1.593
33.2,97.0,0.032,1.599
33.2,97.5,-0.994,1.603
33.2,98.0,1.186,1.609
33.2,98.5,0.160,1.613
33.2,99.0,-0.801,1.618
33.2,99.5,1.314,1.623
33.2,100.0,0.353,1.627
33.7,0.0,-1.250,0.280
33.7,0.5,0.994,0.288
33.7,1.0,0.032,0.296
33.7,1.5,-0.866,0.304
33.7,2.0,1.314,0.313
33.7,2.5,0.417,0.321
33.7,3.0,-0.545,0.329
33.7,3.5,-1.443,0.337
33.7,4.0,0.737,0.344
33.7,4.5,-0.160,0.353
33.7,5.0,-1.122,0.360
33.7,5.5,1.122,0.369
33.7,6.0,0.160,0.376
33.7,6.5,-0.737,0.385
33.7,7.0,1.443,0.392
33.7,7.5,0.545,0.400
33.7,8.0,-0.417,0.408
33.7,8.5,-1.314,0.416
33.7,9.0,0.866,0.424
33.7,9.5,-0.032,0.432
33.7,10.1,-0.994,0.440
33.7,10.6,1.250,0.448
33.7,11.1,0.289,0.456
33.7,11.6,-0.609,0.464
33.7,12.1,-1.571,0.472
33.7,12.6,0.673,0.479
33.7,13.1,-0.289,0.488
33.7,13.6,-1.250,0.495
33.7,14.1,0.994,0.503
33.7,14.6,0.032,0.511
33.7,15.1,-0.866,0.519
33.7,15.6,1.314,0.527
33.7,16.1,0.353,0.534
33.7,16.6,-0.545,0.542
33.7,17.1,-1.507,0.550
33.7,17.6,0.737,0.558
33.7,18.1,-0.224,0.566
33.7,18.6,-1.186,0.574
33.7,19.1,1.058,0.581
33.7,19.6,0.096,0.589
33.7,20.1,-0.866,0.597
33.7,20.6,1.378,0.605
33.7,21.1,0.417,0.612
33.7,21.6,-0.545,0.620
33.7,22.1,-1.443,0.628
33.7,22.6,0.737,0.636
33.7,23.1,-0.224,0.643
33.7,23.6,-1.122,0.651
33.7,24.1,1.058,0.659
33.7,24.6,0.096,0.666
33.7,25.1,-0.801,0.674
33.7,25.6,1.378,0.682
33.7,26.1,0.417,0.689
33.7,26.6,-0.545,0.697
33.7,27.1,-1.443,0.704
33.7,27.6,0.737,0.712
33.7,28.1,-0.224,0.720
33.7,28.6,-1.186,0.727
33.7,29.1,1.058,0.735
33.7,29.6,0.096,0.742
33.7,30.2,-0.866,0.750
33.7,30.7,1.314,0.757
33.7,31.2,0.417,0.764
33.7,31.7,-0.545,0.772
33.7,32.2,-1.507,0.780
33.7,32.7,0.673,0.787
33.7,33.2,-0.289,0.795
33.7,33.7,-1.186,0.802
33.7,34.2,0.994,0.809
33.7,34.7,0.032,0.817
33.7,35.2,-0.930,0.824
33.7,35.7,1.250,0.832
33.7,36.2,0.289,0.839
33.7,36.7,-0.609,0.846
33.7,37.2,1.571,0.854
33.7,37.7,0.609,0.861
33.7,38.2,-0.353,0.869
33.7,38.7,-1.314,0.876
33.7,39.2,0.866,0.883
33.7,39.7,-0.096,0.890
33.7,40.2,-1.058,0.897
33.7,40.7,1.186,0.905
33.7,41.2,0.224,0.912
33.7,41.7,-0.737,0.919
33.7,42.2,1.443,0.927
33.7,42.7,0.481,0.934
33.7,43.2,-0.481,0.941
33.7,43.7,-1.443,0.948
33.7,44.2,0.737,0.955
33.7,44.7,-0.224,0.962
33.7,45.2,-1.186,0.969
33.7,45.7,0.994,0.976
33.7,46.2,0.032,0.983
33.7,46.7,-0.930,0.990
33.7,47.2,1.250,0.997
33.7,47.7,0.289,1.004
33.7,48.2,-0.673,1.011
33.7,48.7,1.507,1.018
33.7,49.2,0.609,1.025
33.7,49.7,-0.353,1.032
33.7,50.3,-1.314,1.039
33.7,50.8,0.801,1.046
33.7,51.3,-0.160,1.053
33.7,51.8,-1.122,1.060
33.7,52.3,1.058,1.067
33.7,52.8,0.096,1.074
33.7,53.3,-0.866,1.081
33.7,53.8,1.314,1.088
33.7,54.3,0.353,1.094
33.7,54.8,-0.609,1.101
33.7,55.3,-1.571,1.108
33.7,55.8,0.609,1.115
33.7,56.3,-0.353,1.122
33.7,56.8,-1.314,1.128
33.7,57.3,0.866,1.135
33.7,57.8,-0.096,1.141
33.7,58.3,-1.058,1.148
33.7,58.8,1.122,1.154
33.7,59.3,0.096,1.161
33.7,59.8,-0.866,1.168
33.7,60.3,1.314,1.175
33.7,60.8,0.353,1.181
33.7,61.3,-0.609,1.188
33.7,61.8,1.571,1.194
33.7,62.3,0.609,1.201
33.7,62.8,-0.353,1.207
33.7,63.3,-1.378,1.213
33.7,63.8,0.801,1.220
33.7,64.3,-0.160,1.227
33.7,64.8,-1.122,1.233
33.7,65.3,1.058,1.239
33.7,65.8,0.032,1.245
33.7,66.3,-0.930,1.252
33.7,66.8,1.250,1.258
33.7,67.3,0.289,1.265
33.7,67.8,-0.673,1.271
33.7,68.3,1.443,1.277
33.7,68.8,0.481,1.283
33.7,69.3,-0.481,1.290
33.7,69.8,-1.443,1.296
33.7,70.4,0.737,1.302
33.7,70.9,-0.289,1.308
33.7,71.4,-1.250,1.314
33.7,71.9,0.930,1.320
33.7,72.4,-0.032,1.326
33.7,72.9,-1.058,1.332
33.7,73.4,1.122,1.339
33.7,73.9,0.160,1.344
33.7,74.4,-0.866,1.350
33.7,74.9,1.314,1.357
33.7,75.4,0.353,1.362
33.7,75.9,-0.609,1.368
33.7,76.4,1.507,1.374
33.7,76.9,0.545,1.380
33.7,77.4,-0.417,1.386
33.7,77.9,-1.443,1.392
33.7,78.4,0.737,1.398
33.7,78.9,-0.224,1.403
33.7,79.4,-1.250,1.409
33.7,79.9,0.930,1.415
33.7,80.4,-0.032,1.420
33.7,80.9,-1.058,1.426
33.7,81.4,1.122,1.432
33.7,81.9,0.096,1.437
33.7,82.4,-0.866,1.443
33.7,82.9,1.314,1.449
33.7,83.4,0.289,1.454
33.7,83.9,-0.673,1.460
33.7,84.4,1.443,1.465
33.7,84.9,0.481,1.471
33.7,85.4,-0.481,1.476
33.7,85.9,-1.507,1.482
33.7,86.4,0.673,1.488
33.7,86.9,-0.353,1.493
33.7,87.4,-1.314,1.498
33.7,87.9,0.866,1.503
33.7,88.4,-0.160,1.509
33.7,88.9,-1.122,1.514
33.7,89.4,0.994,1.520
33.7,89.9,0.032,1.525
33.7,90.5,-0.994,1.530
33.7,91.0,1.186,1.535
33.7,91.5,0.160,1.540
33.7,92.0,-0.801,1.546
33.7,92.5,1.314,1.551
33.7,93.0,0.353,1.556
33.7,93.5,-0.673,1.561
33.7,94.0,1.507,1.566
33.7,94.5,0.481,1.571
33.7,95.0,-0.481,1.576
33.7,95.5,-1.507,1.581
33.7,96.0,0.673,1.586
33.7,96.5,-0.353,1.591
33.7,97.0,-1.314,1.595
33.7,97.5,0.801,1.601
33.7,98.0,-0.224,1.605
33.7,98.5,-1.186,1.610
33.7,99.0,0.930,1.615
33.7,99.5,-0.032,1.620
33.7,100.0,-1.058,1.625
34.2,0.0,0.481,0.275
34.2,0.5,-0.481,0.283
34.2,1.0,-1.378,0.291
34.2,1.5,0.801,0.299
34.2,2.0,-0.096,0.307
34.2,2.5,-0.994,0.315
34.2,3.0,1.186,0.323
34.2,3.5,0.289,0.331
34.2,4.0,-0.673,0.339
34.2,4.5,1.571,0.347
34.2,5.0,0.609,0.355
34.2,5.5,-0.289,0.363
34.2,6.0,-1.250,0.371
34.2,6.5,0.994,0.379
34.2,7.0,0.032,0.387
34.2,7.5,-0.866,0.395
34.2,8.0,1.314,0.403
34.2,8.5,0.417,0.411
34.2,9.0,-0.545,0.419
34.2,9.5,-1.443,0.427
34.2,10.1,0.737,0.435
34.2,10.6,-0.160,0.443
34.2,11.1,-1.122,0.451
34.2,11.6,1.122,0.458
34.2,12.1,0.160,0.466
34.2,12.6,-0.801,0.474
34.2,13.1,1.443,0.482
34.2,13.6,0.481,0.490
34.2,14.1,-0.417,0.498
34.2,14.6,-1.378,0.506
34.2,15.1,0.866,0.514
34.2,15.6,-0.096,0.522
34.2,16.1,-1.058,0.529
34.2,16.6,1.186,0.537
34.2,17.1,0.224,0.545
34.2,17.6,-0.673,0.553
34.2,18.1,1.507,0.561
34.2,18.6,0.545,0.568
34.2,19.1,-0.353,0.576
34.2,19.6,-1.314,0.584
34.2,20.1,0.866,0.592
34.2,20.6,-0.032,0.599
34.2,21.1,-0.994,0.607
34.2,21.6,1.186,0.615
34.2,22.1,0.289,0.623
34.2,22.6,-0.673,0.630
34.2,23.1,1.507,0.638
34.2,23.6,0.609,0.646
34.2,24.1,-0.353,0.654
34.2,24.6,-1.314,0.661
34.2,25.1,0.930,0.669
34.2,25.6,-0.032,0.676
34.2,26.1,-0.994,0.684
34.2,26.6,1.186,0.692
34.2,27.1,0.289,0.699
34.2,27.6,-0.673,0.707
34.2,28.1,1.507,0.715
34.2,28.6,0.545,0.722
34.2,29.1,-0.353,0.730
34.2,29.6,-1.314,0.737
34.2,30.2,0.866,0.745
34.2,30.7,-0.096,0.752
34.2,31.2,-0.994,0.760
34.2,31.7,1.186,0.767
34.2,32.2,0.224,0.775
34.2,32.7,-0.737,0.782
34.2,33.2,1.443,0.790
34.2,33.7,0.545,0.797
34.2,34.2,-0.417,0.805
34.2,34.7,-1.378,0.812
34.2,35.2,0.801,0.819
34.2,35.7,-0.160,0.827
34.2,36.2,-1.122,0.834
34.2,36.7,1.122,0.841
34.2,37.2,0.160,0.849
34.2,37.7,-0.801,0.856
34.2,38.2,1.378,0.864
34.2,38.7,0.417,0.871
34.2,39.2,-0.545,0.878
34.2,39.7,-1.507,0.885
34.2,40.2,0.737,0.893
34.2,40.7,-0.224,0.900
34.2,41.2,-1.186,0.907
34.2,41.7,0.994,0.915
34.2,42.2,0.032,0.922
34.2,42.7,-0.930,0.929
34.2,43.2,1.250,0.936
34.2,43.7,0.289,0.943
34.2,44.2,-0.673,0.950
34.2,44.7,1.507,0.957
34.2,45.2,0.545,0.964
34.2,45.7,-0.417,0.971
34.2,46.2,-1.314,0.978
34.2,46.7,0.866,0.986
34.2,47.2,-0.096,0.993
34.2,47.7,-1.058,1.000
34.2,48.2,1.122,1.007
34.2,48.7,0.160,1.014
34.2,49.2,-0.801,1.021
34.2,49.7,1.378,1.028
34.2,50.3,0.417,1.035
34.2,50.8,-0.545,1.042
34.2,51.3,-1.507,1.049
34.2,51.8,0.673,1.056
34.2,52.3,-0.289,1.062
34.2,52.8,-1.250,1.069
34.2,53.3,0.930,1.076
34.2,53.8,-0.032,1.083
34.2,54.3,-1.058,1.090
34.2,54.8,1.122,1.096
34.2,55.3,0.160,1.103
34.2,55.8,-0.801,1.110
34.2,56.3,1.378,1.117
34.2,56.8,0.417,1.124
34.2,57.3,-0.545,1.131
34.2,57.8,-1.507,1.137
34.2,58.3,0.673,1.144
34.2,58.8,-0.289,1.150
34.2,59.3,-1.250,1.157
34.2,59.8,0.930,1.163
34.2,60.3,-0.096,1.170
34.2,60.8,-1.058,1.177
34.2,61.3,1.122,1.183
34.2,61.8,0.160,1.190
34.2,62.3,-0.801,1.197
34.2,62.8,1.378,1.203
34.2,63.3,0.417,1.209
34.2,63.8,-0.609,1.215
34.2,64.3,-1.571,1.222
34.2,64.8,0.609,1.229
34.2,65.3,-0.353,1.235
34.2,65.8,-1.314,1.241
34.2,66.3,0.866,1.248
34.2,66.8,-0.160,1.254
34.2,67.3,-1.122,1.260
34.2,67.8,1.058,1.267
34.2,68.3,0.096,1.273
34.2,68.8,-0.866,1.279
34.2,69.3,1.250,1.285
34.2,69.8,0.289,1.292
34.2,70.4,-0.673,1.298
34.2,70.9,1.507,1.304
34.2,71.4,0.481,1.310
34.2,71.9,-0.481,1.316
34.2,72.4,-1.443,1.322
34.2,72.9,0.737,1.328
34.2,73.4,-0.289,1.334
34.2,73.9,-1.250,1.341
34.2,74.4,0.930,1.347
34.2,74.9,-0.032,1.352
34.2,75.4,-1.058,1.358
34.2,75.9,1.122,1.365
34.2,76.4,0.160,1.370
34.2,76.9,-0.866,1.376
34.2,77.4,1.314,1.382
34.2,77.9,0.353,1.388
34.2,78.4,-0.673,1.394
34.2,78.9,1.507,1.400
34.2,79.4,0.545,1.405
34.2,79.9,-0.481,1.411
34.2,80.4,-1.443,1.417
34.2,80.9,0.737,1.422
34.2,81.4,-0.289,1.428
34.2,81.9,-1.250,1.434
34.2,82.4,0.930,1.439
34.2,82.9,-0.096,1.445
34.2,83.4,-1.058,1.451
34.2,83.9,1.058,1.456
34.2,84.4,0.096,1.462
34.2,84.9,-0.866,1.467
34.2,85.4,1.250,1.473
34.2,85.9,0.289,1.478
34.2,86.4,-0.737,1.484
34.2,86.9,1.443,1.489
34.2,87.4,0.417,1.494
34.2,87.9,-0.545,1.500
34.2,88.4,-1.507,1.505
34.2,88.9,0.609,1.511
34.2,89.4,-0.353,1.516
34.2,89.9,-1.378,1.521
34.2,90.5,0.801,1.526
34.2,91.0,-0.224,1.532
34.2,91.5,-1.186,1.537
34.2,92.0,0.930,1.542
34.2,92.5,-0.032,1.547
34.2,93.0,-1.058,1.552
34.2,93.5,1.122,1.558
34.2,94.0,0.096,1.563
34.2,94.5,-0.866,1.568
34.2,95.0,1.250,1.573
34.2,95.5,0.289,1.578
34.2,96.0,-0.737,1.583
34.2,96.5,1.443,1.587
34.2,97.0,0.417,1.593
34.2,97.5,-0.545,1.597
34.2,98.0,1.571,1.602
34.2,98.5,0.545,1.607
34.2,99.0,-0.417,1.612
34.2,99.5,-1.443,1.617
34.2,100.0,0.737,1.621
34.7,0.0,-0.930,0.270
34.7,0.5,1.250,0.278
34.7,1.0,0.353,0.286
34.7,1.5,-0.609,0.294
34.7,2.0,-1.507,0.302
34.7,2.5,0.673,0.310
34.7,3.0,-0.224,0.318
34.7,3.5,-1.122,0.326
34.7,4.0,1.058,0.334
34.7,4.5,0.160,0.342
34.7,5.0,-0.801,0.350
34.7,5.5,1.443,0.358
34.7,6.0,0.481,0.366
34.7,6.5,-0.417,0.374
34.7,7.0,-1.378,0.382
34.7,7.5,0.866,0.390
34.7,8.0,-0.096,0.398
34.7,8.5,-0.994,0.406
34.7,9.0,1.186,0.414
34.7,9.5,0.289,0.421
34.7,10.1,-0.673,0.430
34.7,10.6,1.571,0.437
34.7,11.1,0.609,0.445
34.7,11.6,-0.353,0.453
34.7,12.1,-1.250,0.461
34.7,12.6,0.930,0.469
34.7,13.1,0.032,0.477
34.7,13.6,-0.930,0.485
34.7,14.1,1.314,0.493
34.7,14.6,0.353,0.501
34.7,15.1,-0.609,0.508
34.7,15.6,-1.507,0.516
34.7,16.1,0.673,0.524
34.7,16.6,-0.224,0.532
34.7,17.1,-1.186,0.540
34.7,17.6,0.994,0.547
34.7,18.1,0.096,0.555
34.7,18.6,-0.866,0.563
34.7,19.1,1.378,0.571
34.7,19.6,0.417,0.579
34.7,20.1,-0.545,0.587
34.7,20.6,-1.443,0.594
34.7,21.1,0.737,0.602
34.7,21.6,-0.224,0.610
34.7,22.1,-1.122,0.617
34.7,22.6,1.058,0.625
34.7,23.1,0.096,0.633
34.7,23.6,-0.801,0.640
34.7,24.1,1.378,0.648
34.7,24.6,0.417,0.656
34.7,25.1,-0.481,0.663
34.7,25.6,-1.443,0.671
34.7,26.1,0.737,0.679
34.7,26.6,-0.224,0.686
34.7,27.1,-1.122,0.694
34.7,27.6,1.058,0.702
34.7,28.1,0.096,0.709
34.7,28.6,-0.866,0.717
34.7,29.1,1.378,0.724
34.7,29.6,0.417,0.732
34.7,30.2,-0.545,0.740
34.7,30.7,-1.507,0.747
34.7,31.2,0.737,0.755
34.7,31.7,-0.224,0.762
34.7,32.2,-1.186,0.770
34.7,32.7,0.994,0.777
34.7,33.2,0.032,0.784
34.7,33.7,-0.866,0.792
34.7,34.2,1.314,0.800
34.7,34.7,0.353,0.807
34.7,35.2,-0.609,0.815
34.7,35.7,-1.571,0.822
34.7,36.2,0.673,0.829
34.7,36.7,-0.289,0.837
34.7,37.2,-1.250,0.844
34.7,37.7,0.930,0.851
34.7,38.2,-0.032,0.859
34.7,38.7,-0.994,0.866
34.7,39.2,1.186,0.873
34.7,39.7,0.289,0.880
34.7,40.2,-0.673,0.888
34.7,40.7,1.507,0.895
34.7,41.2,0.545,0.903
34.7,41.7,-0.417,0.910
34.7,42.2,-1.378,0.917
34.7,42.7,0.801,0.924
34.7,43.2,-0.160,0.931
34.7,43.7,-1.122,0.938
34.7,44.2,1.058,0.945
34.7,44.7,0.160,0.952
34.7,45.2,-0.801,0.960
34.7,45.7,1.378,0.967
34.7,46.2,0.417,0.974
34.7,46.7,-0.545,0.981
34.7,47.2,-1.507,0.988
34.7,47.7,0.673,0.995
34.7,48.2,-0.289,1.002
34.7,48.7,-1.250,1.009
34.7,49.2,0.930,1.016
34.7,49.7,-0.032,1.023
34.7,50.3,-0.994,1.030
34.7,50.8,1.186,1.037
34.7,51.3,0.224,1.044
34.7,51.8,-0.737,1.051
34.7,52.3,1.443,1.058
34.7,52.8,0.481,1.065
34.7,53.3,-0.481,1.072
34.7,53.8,-1.443,1.079
34.7,54.3,0.737,1.085
34.7,54.8,-0.224,1.092
34.7,55.3,-1.186,1.099
34.7,55.8,0.994,1.105
34.7,56.3,-0.032,1.112
34.7,56.8,-0.994,1.119
34.7,57.3,1.186,1.126
34.7,57.8,0.224,1.133
34.7,58.3,-0.737,1.139
34.7,58.8,1.443,1.146
34.7,59.3,0.481,1.153
34.7,59.8,-0.481,1.159
34.7,60.3,-1.443,1.166
34.7,60.8,0.737,1.172
34.7,61.3,-0.289,1.179
34.7,61.8,-1.250,1.185
34.7,62.3,0.930,1.192
34.7,62.8,-0.032,1.199
34.7,63.3,-0.994,1.205
34.7,63.8,1.186,1.212
34.7,64.3,0.224,1.218
34.7,64.8,-0.801,1.224
34.7,65.3,1.378,1.231
34.7,65.8,0.417,1.237
34.7,66.3,-0.545,1.244
34.7,66.8,-1.507,1.250
34.7,67.3,0.673,1.256
34.7,67.8,-0.353,1.262
34.7,68.3,-1.314,1.269
34.7,68.8,0.866,1.275
34.7,69.3,-0.096,1.281
34.7,69.8,-1.122,1.287
34.7,70.4,1.058,1.294
34.7,70.9,0.096,1.300
34.7,71.4,-0.866,1.306
34.7,71.9,1.314,1.312
34.7,72.4,0.289,1.318
34.7,72.9,-0.673,1.325
34.7,73.4,1.507,1.330
34.7,73.9,0.481,1.336
34.7,74.4,-0.481,1.343
34.7,74.9,-1.443,1.349
34.7,75.4,0.737,1.354
34.7,75.9,-0.289,1.360
34.7,76.4,-1.250,1.367
34.7,76.9,0.930,1.372
34.7,77.4,-0.096,1.378
34.7,77.9,-1.058,1.384
34.7,78.4,1.122,1.390
34.7,78.9,0.096,1.395
34.7,79.4,-0.866,1.402
34.7,79.9,1.314,1.407
34.7,80.4,0.289,1.413
34.7,80.9,-0.673,1.419
34.7,81.4,1.507,1.424
34.7,81.9,0.481,1.430
34.7,82.4,-0.481,1.436
34.7,82.9,-1.443,1.441
34.7,83.4,0.673,1.447
34.7,83.9,-0.289,1.453
34.7,84.4,-1.314,1.458
34.7,84.9,0.866,1.464
34.7,85.4,-0.096,1.469
34.7,85.9,-1.122,1.475
34.7,86.4,1.058,1.480
34.7,86.9,0.032,1.486
34.7,87.4,-0.930,1.491
34.7,87.9,1.186,1.496
34.7,88.4,0.224,1.502
34.7,88.9,-0.737,1.507
34.7,89.4,1.378,1.513
34.7,89.9,0.417,1.518
34.7,90.5,-0.609,1.523
34.7,91.0,1.571,1.528
34.7,91.5,0.545,1.534
34.7,92.0,-0.417,1.539
34.7,92.5,-1.443,1.544
34.7,93.0,0.737,1.549
34.7,93.5,-0.289,1.554
34.7,94.0,-1.250,1.559
34.7,94.5,0.866,1.564
34.7,95.0,-0.096,1.569
34.7,95.5,-1.122,1.574
34.7,96.0,1.058,1.579
34.7,96.5,0.032,1.584
34.7,97.0,-0.930,1.589
34.7,97.5,1.186,1.594
34.7,98.0,0.224,1.598
34.7,98.5,-0.801,1.604
34.7,99.0,1.314,1.608
34.7,99.5,0.353,1.614
34.7,100.0,-0.673,1.618
35.2,0.0,0.737,0.264
35.2,0.5,-0.160,0.272
35.2,1.0,-1.058,0.280
35.2,1.5,1.122,0.288
35.2,2.0,0.224,0.296
35.2,2.5,-0.737,0.304
35.2,3.0,1.507,0.312
35.2,3.5,0.545,0.320
35.2,4.0,-0.353,0.329
35.2,4.5,-1.314,0.336
35.2,5.0,0.930,0.345
35.2,5.5,-0.032,0.352
35.2,6.0,-0.930,0.361
35.2,6.5,1.314,0.368
35.2,7.0,0.353,0.376
35.2,7.5,-0.545,0.384
35.2,8.0,-1.507,0.392
35.2,8.5,0.737,0.400
35.2,9.0,-0.224,0.408
35.2,9.5,-1.186,0.416
35.2,10.1,1.058,0.424
35.2,10.6,0.096,0.432
35.2,11.1,-0.801,0.440
35.2,11.6,1.378,0.448
35.2,12.1,0.481,0.456
35.2,12.6,-0.481,0.464
35.2,13.1,-1.378,0.472
35.2,13.6,0.801,0.480
35.2,14.1,-0.096,0.487
35.2,14.6,-1.058,0.495
35.2,15.1,1.122,0.503
35.2,15.6,0.224,0.511
35.2,16.1,-0.737,0.519
35.2,16.6,1.507,0.527
35.2,17.1,0.545,0.535
35.2,17.6,-0.417,0.542
35.2,18.1,-1.314,0.550
35.2,18.6,0.866,0.558
35.2,19.1,-0.032,0.566
35.2,19.6,-0.994,0.574
35.2,20.1,1.186,0.581
35.2,20.6,0.289,0.589
35.2,21.1,-0.673,0.597
35.2,21.6,1.507,0.605
35.2,22.1,0.609,0.612
35.2,22.6,-0.353,0.620
35.2,23.1,-1.314,0.628
35.2,23.6,0.930,0.635
35.2,24.1,-0.032,0.643
35.2,24.6,-0.994,0.651
35.2,25.1,1.186,0.658
35.2,25.6,0.289,0.666
35.2,26.1,-0.673,0.674
35.2,26.6,1.507,0.681
35.2,27.1,0.609,0.689
35.2,27.6,-0.353,0.697
35.2,28.1,-1.314,0.704
35.2,28.6,0.866,0.712
35.2,29.1,-0.032,0.719
35.2,29.6,-0.994,0.727
35.2,30.2,1.186,0.735
35.2,30.7,0.224,0.742
35.2,31.2,-0.673,0.750
35.2,31.7,1.507,0.757
35.2,32.2,0.545,0.765
35.2,32.7,-0.417,0.772
35.2,33.2,-1.314,0.779
35.2,33.7,0.866,0.787
35.2,34.2,-0.096,0.795
35.2,34.7,-1.058,0.802
35.2,35.2,1.122,0.810
35.2,35.7,0.160,0.817
35.2,36.2,-0.737,0.824
35.2,36.7,1.443,0.832
35.2,37.2,0.481,0.839
35.2,37.7,-0.481,0.847
35.2,38.2,-1.443,0.854
35.2,38.7,0.737,0.861
35.2,39.2,-0.160,0.868
35.2,39.7,-1.122,0.876
35.2,40.2,1.058,0.883
35.2,40.7,0.096,0.890
35.2,41.2,-0.866,0.898
35.2,41.7,1.314,0.905
35.2,42.2,0.353,0.912
35.2,42.7,-0.609,0.919
35.2,43.2,-1.571,0.926
35.2,43.7,0.609,0.933
35.2,44.2,-0.289,0.941
35.2,44.7,-1.250,0.948
35.2,45.2,0.930,0.955
35.2,45.7,-0.032,0.962
35.2,46.2,-0.994,0.969
35.2,46.7,1.186,0.977
35.2,47.2,0.224,0.984
35.2,47.7,-0.737,0.991
35.2,48.2,1.443,0.998
35.2,48.7,0.481,1.005
35.2,49.2,-0.481,1.012
35.2,49.7,-1.443,1.019
35.2,50.3,0.737,1.026
35.2,50.8,-0.224,1.033
35.2,51.3,-1.186,1.040
35.2,51.8,0.994,1.047
35.2,52.3,0.032,1.054
35.2,52.8,-0.930,1.060
35.2,53.3,1.250,1.067
35.2,53.8,0.289,1.074
35.2,54.3,-0.673,1.081
35.2,54.8,1.507,1.088
35.2,55.3,0.545,1.095
35.2,55.8,-0.417,1.101
35.2,56.3,-1.378,1.108
35.2,56.8,0.801,1.115
35.2,57.3,-0.160,1.121
35.2,57.8,-1.186,1.128
35.2,58.3,0.994,1.135
35.2,58.8,0.032,1.142
35.2,59.3,-0.930,1.148
35.2,59.8,1.250,1.155
35.2,60.3,0.289,1.162
35.2,60.8,-0.673,1.168
35.2,61.3,1.507,1.175
35.2,61.8,0.545,1.181
35.2,62.3,-0.481,1.187
35.2,62.8,-1.443,1.194
35.2,63.3,0.737,1.201
35.2,63.8,-0.224,1.207
35.2,64.3,-1.186,1.214
35.2,64.8,0.994,1.220
35.2,65.3,0.032,1.226
35.2,65.8,-0.994,1.233
35.2,66.3,1.186,1.239
35.2,66.8,0.224,1.246
35.2,67.3,-0.737,1.252
35.2,67.8,1.443,1.258
35.2,68.3,0.417,1.264
35.2,68.8,-0.545,1.271
35.2,69.3,-1.507,1.277
35.2,69.8,0.673,1.283
35.2,70.4,-0.289,1.289
35.2,70.9,-1.314,1.296
35.2,71.4,0.866,1.302
35.2,71.9,-0.096,1.308
35.2,72.4,-1.058,1.314
35.2,72.9,1.058,1.320
35.2,73.4,0.096,1.327
35.2,73.9,-0.866,1.333
35.2,74.4,1.314,1.338
35.2,74.9,0.289,1.345
35.2,75.4,-0.673,1.351
35.2,75.9,1.507,1.356
35.2,76.4,0.481,1.362
35.2,76.9,-0.481,1.369
35.2,77.4,-1.443,1.374
35.2,77.9,0.673,1.380
35.2,78.4,-0.289,1.386
35.2,78.9,-1.250,1.392
35.2,79.4,0.866,1.397
35.2,79.9,-0.096,1.404
35.2,80.4,-1.058,1.409
35.2,80.9,1.058,1.415
35.2,81.4,0.096,1.421
35.2,81.9,-0.866,1.426
35.2,82.4,1.250,1.432
35.2,82.9,0.289,1.438
35.2,83.4,-0.673,1.443
35.2,83.9,1.443,1.449
35.2,84.4,0.481,1.455
35.2,84.9,-0.545,1.460
35.2,85.4,-1.507,1.466
35.2,85.9,0.673,1.471
35.2,86.4,-0.353,1.477
35.2,86.9,-1.314,1.482
35.2,87.4,0.801,1.487
35.2,87.9,-0.160,1.493
35.2,88.4,-1.122,1.498
35.2,88.9,0.994,1.504
35.2,89.4,0.032,1.509
35.2,89.9,-0.994,1.514
35.2,90.5,1.186,1.520
35.2,91.0,0.160,1.525
35.2,91.5,-0.801,1.530
35.2,92.0,1.314,1.535
35.2,92.5,0.353,1.541
35.2,93.0,-0.673,1.546
35.2,93.5,1.507,1.551
35.2,94.0,0.481,1.556
35.2,94.5,-0.481,1.561
35.2,95.0,-1.507,1.566
35.2,95.5,0.673,1.571
35.2,96.0,-0.353,1.576
35.2,96.5,-1.314,1.581
35.2,97.0,0.801,1.586
35.2,97.5,-0.160,1.591
35.2,98.0,-1.186,1.596
35.2,98.5,0.994,1.600
35.2,99.0,-0.032,1.606
35.2,99.5,-1.058,1.610
35.2,100.0,1.122,1.615
35.7,0.0,-0.673,0.259
35.7,0.5,1.571,0.267
35.7,1.0,0.609,0.275
35.7,1.5,-0.289,0.283
35.7,2.0,-1.250,0.291
35.7,2.5,0.994,0.299
35.7,3.0,0.096,0.307
35.7,3.5,-0.866,0.315
35.7,4.0,1.378,0.323
35.7,4.5,0.417,0.331
35.7,5.0,-0.481,0.339
35.7,5.5,-1.443,0.347
35.7,6.0,0.801,0.355
35.7,6.5,-0.160,0.363
35.7,7.0,-1.058,0.371
35.7,7.5,1.122,0.379
35.7,8.0,0.224,0.387
35.7,8.5,-0.737,0.395
35.7,9.0,1.507,0.403
35.7,9.5,0.545,0.411
35.7,10.1,-0.353,0.419
35.7,10.6,-1.314,0.427
35.7,11.1,0.930,0.435
35.7,11.6,-0.032,0.443
35.7,12.1,-0.930,0.451
35.7,12.6,1.250,0.459
35.7,13.1,0.353,0.466
35.7,13.6,-0.609,0.474
35.7,14.1,-1.571,0.482
35.7,14.6,0.673,0.490
35.7,15.1,-0.289,0.498
35.7,15.6,-1.186,0.506
35.7,16.1,0.994,0.514
35.7,16.6,0.096,0.521
35.7,17.1,-0.866,0.529
35.7,17.6,1.314,0.537
35.7,18.1,0.417,0.545
35.7,18.6,-0.545,0.553
35.7,19.1,-1.507,0.560
35.7,19.6,0.737,0.568
35.7,20.1,-0.224,0.576
35.7,20.6,-1.122,0.584
35.7,21.1,1.058,0.592
35.7,21.6,0.096,0.599
35.7,22.1,-0.801,0.607
35.7,22.6,1.378,0.615
35.7,23.1,0.417,0.623
35.7,23.6,-0.481,0.630
35.7,24.1,-1.443,0.638
35.7,24.6,0.737,0.646
35.7,25.1,-0.224,0.653
35.7,25.6,-1.122,0.661
35.7,26.1,1.058,0.669
35.7,26.6,0.096,0.676
35.7,27.1,-0.801,0.684
35.7,27.6,1.378,0.692
35.7,28.1,0.417,0.699
35.7,28.6,-0.545,0.707
35.7,29.1,-1.443,0.714
35.7,29.6,0.737,0.722
35.7,30.2,-0.224,0.730
35.7,30.7,-1.186,0.737
35.7,31.2,1.058,0.745
35.7,31.7,0.096,0.752
35.7,32.2,-0.866,0.760
35.7,32.7,1.314,0.767
35.7,33.2,0.417,0.775
35.7,33.7,-0.545,0.782
35.7,34.2,-1.507,0.790
35.7,34.7,0.673,0.797
35.7,35.2,-0.289,0.805
35.7,35.7,-1.186,0.812
35.7,36.2,0.994,0.819
35.7,36.7,0.032,0.827
35.7,37.2,-0.930,0.834
35.7,37.7,1.250,0.842
35.7,38.2,0.289,0.849
35.7,38.7,-0.673,0.856
35.7,39.2,1.571,0.863
35.7,39.7,0.609,0.871
35.7,40.2,-0.353,0.878
35.7,40.7,-1.314,0.886
35.7,41.2,0.866,0.893
35.7,41.7,-0.096,0.900
35.7,42.2,-1.058,0.907
35.7,42.7,1.122,0.914
35.7,43.2,0.224,0.921
35.7,43.7,-0.737,0.929
35.7,44.2,1.443,0.936
35.7,44.7,0.481,0.943
35.7,45.2,-0.481,0.951
35.7,45.7,-1.443,0.958
35.7,46.2,0.737,0.965
35.7,46.7,-0.224,0.972
35.7,47.2,-1.186,0.979
35.7,47.7,0.994,0.986
35.7,48.2,0.032,0.993
35.7,48.7,-0.930,1.000
35.7,49.2,1.250,1.007
35.7,49.7,0.289,1.014
35.7,50.3,-0.673,1.021
35.7,50.8,1.507,1.028
35.7,51.3,0.545,1.035
35.7,51.8,-0.417,1.042
35.7,52.3,-1.378,1.049
35.7,52.8,0.801,1.056
35.7,53.3,-0.160,1.063
35.7,53.8,-1.122,1.070
35.7,54.3,1.058,1.076
35.7,54.8,0.096,1.083
35.7,55.3,-0.866,1.090
35.7,55.8,1.314,1.097
35.7,56.3,0.353,1.104
35.7,56.8,-0.609,1.110
35.7,57.3,1.571,1.117
35.7,57.8,0.609,1.124
35.7,58.3,-0.353,1.130
35.7,58.8,-1.314,1.137
35.7,59.3,0.801,1.144
35.7,59.8,-0.160,1.150
35.7,60.3,-1.122,1.157
35.7,60.8,1.058,1.164
35.7,61.3,0.096,1.170
35.7,61.8,-0.866,1.177
35.7,62.3,1.314,1.183
35.7,62.8,0.353,1.190
35.7,63.3,-0.673,1.196
35.7,63.8,1.507,1.203
35.7,64.3,0.545,1.210
35.7,64.8,-0.417,1.216
35.7,65.3,-1.378,1.222
35.7,65.8,0.801,1.229
35.7,66.3,-0.160,1.235
35.7,66.8,-1.186,1.241
35.7,67.3,0.994,1.248
35.7,67.8,0.032,1.254
35.7,68.3,-0.930,1.261
35.7,68.8,1.250,1.266
35.7,69.3,0.224,1.273
35.7,69.8,-0.737,1.279
35.7,70.4,1.443,1.286
35.7,70.9,0.481,1.292
35.7,71.4,-0.545,1.298
35.7,71.9,-1.507,1.304
35.7,72.4,0.673,1.310
35.7,72.9,-0.289,1.316
35.7,73.4,-1.314,1.322
35.7,73.9,0.866,1.329
35.7,74.4,-0.096,1.335
35.7,74.9,-1.058,1.340
35.7,75.4,1.058,1.346
35.7,75.9,0.096,1.353
35.7,76.4,-0.866,1.359
35.7,76.9,1.250,1.364
35.7,77.4,0.289,1.371
35.7,77.9,-0.673,1.376
35.7,78.4,1.507,1.382
35.7,78.9,0.481,1.388
35.7,79.4,-0.481,1.394
35.7,79.9,-1.443,1.399
35.7,80.4,0.673,1.406
35.7,80.9,-0.289,1.411
35.7,81.4,-1.250,1.417
35.7,81.9,0.866,1.423
35.7,82.4,-0.096,1.428
35.7,82.9,-1.122,1.434
35.7,83.4,1.058,1.440
35.7,83.9,0.096,1.445
35.7,84.4,-0.930,1.451
35.7,84.9,1.250,1.457
35.7,85.4,0.224,1.461
35.7,85.9,-0.737,1.468
35.7,86.4,1.443,1.473
35.7,86.9,0.417,1.478
35.7,87.4,-0.545,1.484
35.7,87.9,-1.571,1.489
35.7,88.4,0.609,1.495
35.7,88.9,-0.353,1.500
35.7,89.4,-1.378,1.506
35.7,89.9,0.801,1.511
35.7,90.5,-0.224,1.516
35.7,91.0,-1.186,1.521
35.7,91.5,0.930,1.527
35.7,92.0,-0.032,1.532
35.7,92.5,-1.058,1.537
35.7,93.0,1.122,1.542
35.7,93.5,0.096,1.547
35.7,94.0,-0.866,1.553
35.7,94.5,1.250,1.558
35.7,95.0,0.289,1.563
35.7,95.5,-0.737,1.568
35.7,96.0,1.443,1.573
35.7,96.5,0.417,1.578
35.7,97.0,-0.545,1.583
35.7,97.5,-1.571,1.588
35.7,98.0,0.609,1.592
35.7,98.5,-0.417,1.598
35.7,99.0,-1.443,1.602
35.7,99.5,0.737,1.607
35.7,100.0,-0.289,1.612
36.2,0.0,1.058,0.253
36.2,0.5,0.160,0.261
36.2,1.0,-0.801,0.270
36.2,1.5,1.443,0.278
36.2,2.0,0.481,0.286
36.2,2.5,-0.417,0.294
36.2,3.0,-1.378,0.302
36.2,3.5,0.866,0.310
36.2,4.0,-0.032,0.318
36.2,4.5,-0.994,0.326
36.2,5.0,1.250,0.334
36.2,5.5,0.289,0.342
36.2,6.0,-0.609,0.350
36.2,6.5,-1.571,0.358
36.2,7.0,0.673,0.366
36.2,7.5,-0.289,0.374
36.2,8.0,-1.186,0.382
36.2,8.5,0.994,0.390
36.2,9.0,0.096,0.398
36.2,9.5,-0.866,0.406
36.2,10.1,1.378,0.414
36.2,10.6,0.417,0.422
36.2,11.1,-0.481,0.429
36.2,11.6,-1.443,0.437
36.2,12.1,0.801,0.445
36.2,12.6,-0.160,0.453
36.2,13.1,-1.122,0.461
36.2,13.6,1.122,0.469
36.2,14.1,0.160,0.477
36.2,14.6,-0.737,0.485
36.2,15.1,1.443,0.493
36.2,15.6,0.545,0.500
36.2,16.1,-0.417,0.508
36.2,16.6,-1.378,0.516
36.2,17.1,0.866,0.524
36.2,17.6,-0.096,0.532
36.2,18.1,-0.994,0.540
36.2,18.6,1.186,0.548
36.2,19.1,0.224,0.555
36.2,19.6,-0.673,0.563
36.2,20.1,1.507,0.571
36.2,20.6,0.545,0.579
36.2,21.1,-0.353,0.587
36.2,21.6,-1.314,0.594
36.2,22.1,0.930,0.602
36.2,22.6,-0.032,0.610
36.2,23.1,-0.994,0.618
36.2,23.6,1.250,0.625
36.2,24.1,0.289,0.633
36.2,24.6,-0.673,0.641
36.2,25.1,1.507,0.648
36.2,25.6,0.609,0.656
36.2,26.1,-0.353,0.664
36.2,26.6,-1.314,0.671
36.2,27.1,0.930,0.679
36.2,27.6,-0.032,0.687
36.2,28.1,-0.994,0.694
36.2,28.6,1.186,0.702
36.2,29.1,0.289,0.709
36.2,29.6,-0.673,0.717
36.2,30.2,1.507,0.725
36.2,30.7,0.545,0.732
36.2,31.2,-0.353,0.740
36.2,31.7,-1.314,0.747
36.2,32.2,0.866,0.755
36.2,32.7,-0.096,0.762
36.2,33.2,-0.994,0.770
36.2,33.7,1.186,0.777
36.2,34.2,0.224,0.785
36.2,34.7,-0.737,0.792
36.2,35.2,1.443,0.799
36.2,35.7,0.545,0.807
36.2,36.2,-0.417,0.815
36.2,36.7,-1.378,0.822
36.2,37.2,0.801,0.829
36.2,37.7,-0.160,0.837
36.2,38.2,-1.122,0.844
36.2,38.7,1.122,0.851
36.2,39.2,0.160,0.859
36.2,39.7,-0.801,0.866
36.2,40.2,1.378,0.874
36.2,40.7,0.417,0.881
36.2,41.2,-0.545,0.888
36.2,41.7,-1.507,0.895
36.2,42.2,0.673,0.902
36.2,42.7,-0.224,0.909
36.2,43.2,-1.186,0.917
36.2,43.7,0.994,0.924
36.2,44.2,0.032,0.931
36.2,44.7,-0.930,0.939
36.2,45.2,1.250,0.946
36.2,45.7,0.289,0.953
36.2,46.2,-0.673,0.960
36.2,46.7,1.507,0.967
36.2,47.2,0.545,0.974
36.2,47.7,-0.417,0.981
36.2,48.2,-1.378,0.988
36.2,48.7,0.801,0.995
36.2,49.2,-0.160,1.002
36.2,49.7,-1.122,1.009
36.2,50.3,1.058,1.016
36.2,50.8,0.096,1.023
36.2,51.3,-0.866,1.030
36.2,51.8,1.314,1.037
36.2,52.3,0.353,1.044
36.2,52.8,-0.609,1.051
36.2,53.3,-1.571,1.058
36.2,53.8,0.609,1.065
36.2,54.3,-0.353,1.072
36.2,54.8,-1.314,1.079
36.2,55.3,0.866,1.085
36.2,55.8,-0.096,1.092
36.2,56.3,-1.058,1.099
36.2,56.8,1.122,1.106
36.2,57.3,0.160,1.113
36.2,57.8,-0.801,1.119
36.2,58.3,1.378,1.126
36.2,58.8,0.417,1.133
36.2,59.3,-0.545,1.139
36.2,59.8,-1.507,1.146
36.2,60.3,0.673,1.152
36.2,60.8,-0.353,1.159
36.2,61.3,-1.314,1.166
36.2,61.8,0.866,1.173
36.2,62.3,-0.096,1.179
36.2,62.8,-1.058,1.186
36.2,63.3,1.122,1.192
36.2,63.8,0.160,1.199
36.2,64.3,-0.866,1.205
36.2,64.8,1.314,1.212
36.2,65.3,0.353,1.218
36.2,65.8,-0.609,1.225
36.2,66.3,1.571,1.231
36.2,66.8,0.609,1.237
36.2,67.3,-0.417,1.243
36.2,67.8,-1.378,1.250
36.2,68.3,0.801,1.256
36.2,68.8,-0.160,1.263
36.2,69.3,-1.122,1.269
36.2,69.8,0.994,1.275
36.2,70.4,0.032,1.281
36.2,70.9,-0.930,1.288
36.2,71.4,1.250,1.294
36.2,71.9,0.289,1.300
36.2,72.4,-0.737,1.306
36.2,72.9,1.443,1.312
36.2,73.4,0.481,1.319
36.2,73.9,-0.481,1.324
36.2,74.4,-1.507,1.331
36.2,74.9,0.673,1.337
36.2,75.4,-0.289,1.343
36.2,75.9,-1.314,1.348
36.2,76.4,0.866,1.355
36.2,76.9,-0.096,1.361
36.2,77.4,-1.058,1.366
36.2,77.9,1.058,1.372
36.2,78.4,0.096,1.379
36.2,78.9,-0.866,1.384
36.2,79.4,1.250,1.390
36.2,79.9,0.289,1.396
36.2,80.4,-0.673,1.401
36.2,80.9,1.443,1.407
36.2,81.4,0.481,1.413
36.2,81.9,-0.481,1.419
36.2,82.4,-1.507,1.425
36.2,82.9,0.673,1.430
36.2,83.4,-0.353,1.435
36.2,83.9,-1.314,1.442
36.2,84.4,0.866,1.447
36.2,84.9,-0.160,1.453
36.2,85.4,-1.122,1.459
36.2,85.9,1.058,1.463
36.2,86.4,0.032,1.470
36.2,86.9,-0.930,1.475
36.2,87.4,1.186,1.480
36.2,87.9,0.224,1.486
36.2,88.4,-0.801,1.491
36.2,88.9,1.378,1.497
36.2,89.4,0.417,1.502
36.2,89.9,-0.609,1.507
36.2,90.5,1.571,1.513
36.2,91.0,0.545,1.518
36.2,91.5,-0.417,1.523
36.2,92.0,-1.443,1.528
36.2,92.5,0.737,1.534
36.2,93.0,-0.289,1.539
36.2,93.5,-1.250,1.544
36.2,94.0,0.866,1.549
36.2,94.5,-0.096,1.554
36.2,95.0,-1.122,1.559
36.2,95.5,1.058,1.565
36.2,96.0,0.032,1.569
36.2,96.5,-0.930,1.575
36.2,97.0,1.186,1.580
36.2,97.5,0.224,1.584
36.2,98.0,-0.801,1.590
36.2,98.5,1.378,1.594
36.2,99.0,0.353,1.599
36.2,99.5,-0.673,1.603
36.2,100.0,1.507,1.609
36.7,0.0,-0.353,0.248
36.7,0.5,-1.314,0.256
36.7,1.0,0.930,0.264
36.7,1.5,0.032,0.272
36.7,2.0,-0.930,0.280
36.7,2.5,1.314,0.288
36.7,3.0,0.353,0.296
36.7,3.5,-0.545,0.304
36.7,4.0,-1.507,0.312
36.7,4.5,0.737,0.320
36.7,5.0,-0.224,0.328
36.7,5.5,-1.122,0.336
36.7,6.0,1.122,0.344
36.7,6.5,0.160,0.352
36.7,7.0,-0.737,0.360
36.7,7.5,1.443,0.368
36.7,8.0,0.545,0.376
36.7,8.5,-0.417,0.384
36.7,9.0,-1.314,0.392
36.7,9.5,0.866,0.400
36.7,10.1,-0.032,0.408
36.7,10.6,-0.994,0.416
36.7,11.1,1.250,0.424
36.7,11.6,0.289,0.432
36.7,12.1,-0.673,0.440
36.7,12.6,1.571,0.448
36.7,13.1,0.609,0.456
36.7,13.6,-0.289,0.464
36.7,14.1,-1.250,0.472
36.7,14.6,0.994,0.479
36.7,15.1,0.032,0.487
36.7,15.6,-0.866,0.495
36.7,16.1,1.314,0.503
36.7,16.6,0.353,0.511
36.7,17.1,-0.545,0.519
36.7,17.6,-1.507,0.527
36.7,18.1,0.737,0.534
36.7,18.6,-0.224,0.542
36.7,19.1,-1.186,0.550
36.7,19.6,1.058,0.558
36.7,20.1,0.096,0.566
36.7,20.6,-0.866,0.573
36.7,21.1,1.378,0.581
36.7,21.6,0.417,0.589
36.7,22.1,-0.545,0.597
36.7,22.6,-1.443,0.605
36.7,23.1,0.737,0.612
36.7,23.6,-0.224,0.620
36.7,24.1,-1.122,0.628
36.7,24.6,1.058,0.636
36.7,25.1,0.096,0.643
36.7,25.6,-0.801,0.651
36.7,26.1,1.378,0.659
36.7,26.6,0.417,0.666
36.7,27.1,-0.481,0.674
36.7,27.6,-1.443,0.682
36.7,28.1,0.737,0.689
36.7,28.6,-0.224,0.697
36.7,29.1,-1.122,0.704
36.7,29.6,1.058,0.712
36.7,30.2,0.096,0.720
36.7,30.7,-0.866,0.727
36.7,31.2,1.378,0.735
36.7,31.7,0.417,0.742
36.7,32.2,-0.545,0.750
36.7,32.7,-1.507,0.757
36.7,33.2,0.737,0.765
36.7,33.7,-0.224,0.772
36.7,34.2,-1.186,0.780
36.7,34.7,0.994,0.787
36.7,35.2,0.032,0.794
36.7,35.7,-0.866,0.802
36.7,36.2,1.314,0.810
36.7,36.7,0.353,0.817
36.7,37.2,-0.609,0.824
36.7,37.7,-1.571,0.832
36.7,38.2,0.673,0.839
36.7,38.7,-0.289,0.846
36.7,39.2,-1.250,0.854
36.7,39.7,0.930,0.861
36.7,40.2,-0.032,0.869
36.7,40.7,-0.994,0.876
36.7,41.2,1.186,0.883
36.7,41.7,0.224,0.890
36.7,42.2,-0.673,0.897
36.7,42.7,1.507,0.905
36.7,43.2,0.545,0.912
36.7,43.7,-0.417,0.919
36.7,44.2,-1.378,0.927
36.7,44.7,0.801,0.934
36.7,45.2,-0.160,0.941
36.7,45.7,-1.122,0.948
36.7,46.2,1.058,0.955
36.7,46.7,0.096,0.962
36.7,47.2,-0.866,0.969
36.7,47.7,1.314,0.976
36.7,48.2,0.353,0.983
36.7,48.7,-0.545,0.990
36.7,49.2,-1.507,0.997
36.7,49.7,0.673,1.005
36.7,50.3,-0.289,1.012
36.7,50.8,-1.250,1.019
36.7,51.3,0.930,1.026
36.7,51.8,-0.032,1.033
36.7,52.3,-0.994,1.039
36.7,52.8,1.186,1.046
36.7,53.3,0.224,1.053
36.7,53.8,-0.737,1.060
36.7,54.3,1.443,1.067
36.7,54.8,0.481,1.074
36.7,55.3,-0.545,1.081
36.7,55.8,-1.507,1.088
36.7,56.3,0.673,1.094
36.7,56.8,-0.289,1.101
36.7,57.3,-1.250,1.108
36.7,57.8,0.930,1.115
36.7,58.3,-0.032,1.122
36.7,58.8,-0.994,1.128
36.7,59.3,1.186,1.135
36.7,59.8,0.224,1.142
36.7,60.3,-0.737,1.148
36.7,60.8,1.443,1.155
36.7,61.3,0.481,1.161
36.7,61.8,-0.545,1.168
36.7,62.3,-1.507,1.175
36.7,62.8,0.673,1.181
36.7,63.3,-0.289,1.188
36.7,63.8,-1.250,1.195
36.7,64.3,0.930,1.201
36.7,64.8,-0.032,1.207
36.7,65.3,-1.058,1.213
36.7,65.8,1.122,1.220
36.7,66.3,0.160,1.227
36.7,66.8,-0.801,1.233
36.7,67.3,1.378,1.240
36.7,67.8,0.417,1.246
36.7,68.3,-0.609,1.252
36.7,68.8,-1.571,1.259
36.7,69.3,0.609,1.265
36.7,69.8,-0.353,1.271
36.7,70.4,-1.314,1.277
36.7,70.9,0.801,1.283
36.7,71.4,-0.160,1.290
36.7,71.9,-1.122,1.296
36.7,72.4,1.058,1.302
36.7,72.9,0.032,1.308
36.7,73.4,-0.930,1.314
36.7,73.9,1.250,1.321
36.7,74.4,0.289,1.326
36.7,74.9,-0.737,1.332
36.7,75.4,1.443,1.339
36.7,75.9,0.481,1.345
36.7,76.4,-0.481,1.350
36.7,76.9,-1.507,1.357
36.7,77.4,0.673,1.363
36.7,77.9,-0.289,1.368
36.7,78.4,-1.314,1.374
36.7,78.9,0.866,1.381
36.7,79.4,-0.096,1.386
36.7,79.9,-1.122,1.392
36.7,80.4,1.058,1.398
36.7,80.9,0.096,1.404
36.7,81.4,-0.930,1.409
36.7,81.9,1.250,1.415
36.7,82.4,0.289,1.421
36.7,82.9,-0.737,1.427
36.7,83.4,1.443,1.432
36.7,83.9,0.481,1.437
36.7,84.4,-0.545,1.444
36.7,84.9,-1.507,1.449
36.7,85.4,0.609,1.454
36.7,85.9,-0.353,1.460
36.7,86.4,-1.314,1.465
36.7,86.9,0.801,1.471
36.7,87.4,-0.160,1.477
36.7,87.9,-1.186,1.482
36.7,88.4,0.994,1.488
36.7,88.9,-0.032,1.493
36.7,89.4,-0.994,1.499
36.7,89.9,1.186,1.504
36.7,90.5,0.160,1.509
36.7,91.0,-0.801,1.514
36.7,91.5,1.314,1.520
36.7,92.0,0.353,1.525
36.7,92.5,-0.673,1.530
36.7,93.0,1.507,1.536
36.7,93.5,0.481,1.540
36.7,94.0,-0.481,1.546
36.7,94.5,-1.507,1.551
36.7,95.0,0.673,1.556
36.7,95.5,-0.353,1.561
36.7,96.0,-1.314,1.566
36.7,96.5,0.801,1.571
36.7,97.0,-0.160,1.576
36.7,97.5,-1.186,1.581
36.7,98.0,0.994,1.586
36.7,98.5,-0.032,1.591
36.7,99.0,-0.994,1.596
36.7,99.5,1.122,1.601
36.7,100.0,0.096,1.605
37.2,0.0,1.378,0.243
37.2,0.5,0.417,0.251
37.2,1.0,-0.481,0.259
37.2,1.5,-1.443,0.267
37.2,2.0,0.801,0.275
37.2,2.5,-0.160,0.283
37.2,3.0,-1.058,0.291
37.2,3.5,1.186,0.299
37.2,4.0,0.224,0.307
37.2,4.5,-0.673,0.315
37.2,5.0,1.507,0.323
37.2,5.5,0.609,0.331
37.2,6.0,-0.353,0.339
37.2,6.5,-1.250,0.347
37.2,7.0,0.930,0.355
37.2,7.5,0.032,0.363
37.2,8.0,-0.930,0.371
37.2,8.5,1.314,0.379
37.2,9.0,0.353,0.387
37.2,9.5,-0.545,0.395
37.2,10.1,-1.507,0.403
37.2,10.6,0.737,0.411
37.2,11.1,-0.224,0.419
37.2,11.6,-1.122,0.427
37.2,12.1,1.058,0.435
37.2,12.6,0.160,0.443
37.2,13.1,-0.801,0.451
37.2,13.6,1.443,0.458
37.2,14.1,0.481,0.466
37.2,14.6,-0.417,0.474
37.2,15.1,-1.378,0.482
37.2,15.6,0.801,0.490
37.2,16.1,-0.096,0.498
37.2,16.6,-1.058,0.506
37.2,17.1,1.186,0.514
37.2,17.6,0.224,0.522
37.2,18.1,-0.737,0.529
37.2,18.6,1.507,0.537
37.2,19.1,0.545,0.545
37.2,19.6,-0.353,0.553
37.2,20.1,-1.314,0.561
37.2,20.6,0.866,0.568
37.2,21.1,-0.032,0.576
37.2,21.6,-0.994,0.584
37.2,22.1,1.186,0.592
37.2,22.6,0.289,0.599
37.2,23.1,-0.673,0.607
37.2,23.6,1.507,0.615
37.2,24.1,0.609,0.623
37.2,24.6,-0.353,0.630
37.2,25.1,-1.314,0.638
37.2,25.6,0.930,0.646
37.2,26.1,-0.032,0.654
37.2,26.6,-0.994,0.661
37.2,27.1,1.250,0.669
37.2,27.6,0.289,0.676
37.2,28.1,-0.673,0.684
37.2,28.6,1.507,0.691
37.2,29.1,0.609,0.699
37.2,29.6,-0.353,0.707
37.2,30.2,-1.314,0.714
37.2,30.7,0.930,0.722
37.2,31.2,-0.032,0.730
37.2,31.7,-0.994,0.737
37.2,32.2,1.186,0.745
37.2,32.7,0.224,0.752
37.2,33.2,-0.673,0.760
37.2,33.7,1.507,0.767
37.2,34.2,0.545,0.775
37.2,34.7,-0.417,0.782
37.2,35.2,-1.314,0.789
37.2,35.7,0.866,0.797
37.2,36.2,-0.096,0.805
37.2,36.7,-1.058,0.812
37.2,37.2,1.122,0.819
37.2,37.7,0.160,0.827
37.2,38.2,-0.737,0.834
37.2,38.7,1.443,0.842
37.2,39.2,0.481,0.849
37.2,39.7,-0.481,0.856
37.2,40.2,-1.443,0.864
37.2,40.7,0.737,0.871
37.2,41.2,-0.224,0.878
37.2,41.7,-1.122,0.885
37.2,42.2,1.058,0.893
37.2,42.7,0.096,0.900
37.2,43.2,-0.866,0.907
37.2,43.7,1.314,0.915
37.2,44.2,0.353,0.922
37.2,44.7,-0.609,0.929
37.2,45.2,-1.571,0.936
37.2,45.7,0.609,0.943
37.2,46.2,-0.353,0.950
37.2,46.7,-1.314,0.957
37.2,47.2,0.930,0.964
37.2,47.7,-0.032,0.972
37.2,48.2,-0.994,0.979
37.2,48.7,1.186,0.986
37.2,49.2,0.224,0.993
37.2,49.7,-0.737,1.000
37.2,50.3,1.443,1.007
37.2,50.8,0.481,1.014
37.2,51.3,-0.481,1.021
37.2,51.8,-1.443,1.028
37.2,52.3,0.737,1.035
37.2,52.8,-0.224,1.042
37.2,53.3,-1.186,1.049
37.2,53.8,0.994,1.056
37.2,54.3,0.032,1.063
37.2,54.8,-0.930,1.070
37.2,55.3,1.250,1.076
37.2,55.8,0.289,1.083
37.2,56.3,-0.673,1.090
37.2,56.8,1.507,1.097
37.2,57.3,0.481,1.103
37.2,57.8,-0.481,1.110
37.2,58.3,-1.443,1.117
37.2,58.8,0.737,1.124
37.2,59.3,-0.224,1.131
37.2,59.8,-1.186,1.137
37.2,60.3,0.994,1.144
37.2,60.8,0.032,1.151
37.2,61.3,-0.930,1.157
37.2,61.8,1.250,1.164
37.2,62.3,0.289,1.170
37.2,62.8,-0.737,1.177
37.2,63.3,1.443,1.183
37.2,63.8,0.481,1.190
37.2,64.3,-0.481,1.197
37.2,64.8,-1.443,1.203
37.2,65.3,0.737,1.210
37.2,65.8,-0.224,1.216
37.2,66.3,-1.250,1.222
37.2,66.8,0.930,1.229
37.2,67.3,-0.032,1.235
37.2,67.8,-0.994,1.242
37.2,68.3,1.186,1.248
37.2,68.8,0.224,1.254
37.2,69.3,-0.801,1.261
37.2,69.8,1.378,1.267
37.2,70.4,0.417,1.273
37.2,70.9,-0.545,1.279
37.2,71.4,-1.571,1.285
37.2,71.9,0.609,1.292
37.2,72.4,-0.353,1.298
37.2,72.9,-1.314,1.304
37.2,73.4,0.866,1.310
37.2,73.9,-0.160,1.316
37.2,74.4,-1.122,1.323
37.2,74.9,1.058,1.329
37.2,75.4,0.032,1.334
37.2,75.9,-0.930,1.341
37.2,76.4,1.250,1.347
37.2,76.9,0.289,1.353
37.2,77.4,-0.737,1.359
37.2,77.9,1.443,1.365
37.2,78.4,0.481,1.371
37.2,78.9,-0.545,1.376
37.2,79.4,-1.507,1.382
37.2,79.9,0.673,1.388
37.2,80.4,-0.353,1.394
37.2,80.9,-1.314,1.400
37.2,81.4,0.866,1.406
37.2,81.9,-0.160,1.411
37.2,82.4,-1.122,1.417
37.2,82.9,1.058,1.423
37.2,83.4,0.032,1.428
37.2,83.9,-0.930,1.434
37.2,84.4,1.250,1.440
37.2,84.9,0.224,1.445
37.2,85.4,-0.737,1.451
37.2,85.9,1.378,1.456
37.2,86.4,0.417,1.462
37.2,86.9,-0.545,1.467
37.2,87.4,-1.571,1.473
37.2,87.9,0.609,1.479
37.2,88.4,-0.417,1.484
37.2,88.9,-1.378,1.490
37.2,89.4,0.801,1.494
37.2,89.9,-0.224,1.500
37.2,90.5,-1.186,1.505
37.2,91.0,0.930,1.511
37.2,91.5,-0.032,1.516
37.2,92.0,-1.058,1.522
37.2,92.5,1.122,1.527
37.2,93.0,0.096,1.532
37.2,93.5,-0.866,1.537
37.2,94.0,1.250,1.542
37.2,94.5,0.289,1.548
37.2,95.0,-0.737,1.552
37.2,95.5,1.443,1.558
37.2,96.0,0.417,1.563
37.2,96.5,-0.545,1.568
37.2,97.0,-1.571,1.573
37.2,97.5,0.609,1.578
37.2,98.0,-0.417,1.583
37.2,98.5,-1.378,1.588
37.2,99.0,0.737,1.593
37.2,99.5,-0.224,1.597
37.2,100.0,-1.250,1.603
37.7,0.0,-0.096,0.237
37.7,0.5,-0.994,0.245
37.7,1.0,1.250,0.253
37.7,1.5,0.289,0.261
37.7,2.0,-0.609,0.269
37.7,2.5,-1.571,0.277
37.7,3.0,0.673,0.286
37.7,3.5,-0.289,0.294
37.7,4.0,-1.186,0.302
37.7,4.5,1.058,0.310
37.7,5.0,0.096,0.318
37.7,5.5,-0.801,0.326
37.7,6.0,1.378,0.334
37.7,6.5,0.481,0.342
37.7,7.0,-0.481,0.350
37.7,7.5,-1.378,0.358
37.7,8.0,0.801,0.366
37.7,8.5,-0.096,0.374
37.7,9.0,-1.058,0.382
37.7,9.5,1.186,0.390
37.7,10.1,0.224,0.398
37.7,10.6,-0.673,0.406
37.7,11.1,1.507,0.414
37.7,11.6,0.609,0.421
37.7,12.1,-0.353,0.429
37.7,12.6,-1.250,0.437
37.7,13.1,0.930,0.445
37.7,13.6,0.032,0.453
37.7,14.1,-0.930,0.461
37.7,14.6,1.250,0.469
37.7,15.1,0.353,0.477
37.7,15.6,-0.609,0.485
37.7,16.1,-1.507,0.493
37.7,16.6,0.673,0.501
37.7,17.1,-0.224,0.508
37.7,17.6,-1.186,0.516
37.7,18.1,0.994,0.524
37.7,18.6,0.096,0.532
37.7,19.1,-0.866,0.540
37.7,19.6,1.378,0.547
37.7,20.1,0.417,0.555
37.7,20.6,-0.545,0.563
37.7,21.1,-1.443,0.571
37.7,21.6,0.737,0.579
37.7,22.1,-0.224,0.586
37.7,22.6,-1.122,0.594
37.7,23.1,1.058,0.602
37.7,23.6,0.096,0.610
37.7,24.1,-0.801,0.618
37.7,24.6,1.378,0.625
37.7,25.1,0.417,0.633
37.7,25.6,-0.481,0.641
37.7,26.1,-1.443,0.648
37.7,26.6,0.737,0.656
37.7,27.1,-0.160,0.664
37.7,27.6,-1.122,0.671
37.7,28.1,1.058,0.679
37.7,28.6,0.096,0.686
37.7,29.1,-0.801,0.694
37.7,29.6,1.378,0.702
37.7,30.2,0.417,0.709
37.7,30.7,-0.481,0.717
37.7,31.2,-1.443,0.725
37.7,31.7,0.737,0.732
37.7,32.2,-0.224,0.740
37.7,32.7,-1.186,0.747
37.7,33.2,1.058,0.755
37.7,33.7,0.096,0.762
37.7,34.2,-0.866,0.770
37.7,34.7,1.314,0.777
37.7,35.2,0.417,0.785
37.7,35.7,-0.545,0.792
37.7,36.2,-1.507,0.800
37.7,36.7,0.673,0.807
37.7,37.2,-0.289,0.814
37.7,37.7,-1.250,0.822
37.7,38.2,0.994,0.829
37.7,38.7,0.032,0.837
37.7,39.2,-0.930,0.844
37.7,39.7,1.250,0.852
37.7,40.2,0.289,0.859
37.7,40.7,-0.673,0.866
37.7,41.2,1.571,0.873
37.7,41.7,0.609,0.881
37.7,42.2,-0.353,0.888
37.7,42.7,-1.314,0.895
37.7,43.2,0.866,0.903
37.7,43.7,-0.096,0.910
37.7,44.2,-1.058,0.917
37.7,44.7,1.122,0.924
37.7,45.2,0.160,0.931
37.7,45.7,-0.801,0.938
37.7,46.2,1.443,0.945
37.7,46.7,0.481,0.953
37.7,47.2,-0.481,0.960
37.7,47.7,-1.443,0.967
37.7,48.2,0.737,0.974
37.7,48.7,-0.224,0.981
37.7,49.2,-1.186,0.988
37.7,49.7,0.994,0.996
37.7,50.3,0.032,1.003
37.7,50.8,-0.930,1.010
37.7,51.3,1.250,1.017
37.7,51.8,0.289,1.024
37.7,52.3,-0.673,1.031
37.7,52.8,1.507,1.038
37.7,53.3,0.545,1.044
37.7,53.8,-0.417,1.051
37.7,54.3,-1.378,1.058
37.7,54.8,0.801,1.065
37.7,55.3,-0.160,1.072
37.7,55.8,-1.122,1.079
37.7,56.3,1.058,1.086
37.7,56.8,0.096,1.092
37.7,57.3,-0.866,1.099
37.7,57.8,1.314,1.106
37.7,58.3,0.353,1.112
37.7,58.8,-0.609,1.119
37.7,59.3,1.507,1.126
37.7,59.8,0.545,1.133
37.7,60.3,-0.417,1.140
37.7,60.8,-1.378,1.146
37.7,61.3,0.801,1.153
37.7,61.8,-0.160,1.160
37.7,62.3,-1.122,1.166
37.7,62.8,1.058,1.173
37.7,63.3,0.096,1.179
37.7,63.8,-0.930,1.185
37.7,64.3,1.250,1.192
37.7,64.8,0.289,1.199
37.7,65.3,-0.673,1.205
37.7,65.8,1.507,1.212
37.7,66.3,0.545,1.218
37.7,66.8,-0.417,1.224
37.7,67.3,-1.443,1.231
37.7,67.8,0.737,1.237
37.7,68.3,-0.224,1.244
37.7,68.8,-1.186,1.250
37.7,69.3,0.994,1.256
37.7,69.8,-0.032,1.262
37.7,70.4,-0.994,1.269
37.7,70.9,1.186,1.275
37.7,71.4,0.224,1.282
37.7,71.9,-0.737,1.287
37.7,72.4,1.378,1.294
37.7,72.9,0.417,1.300
37.7,73.4,-0.545,1.306
37.7,73.9,-1.507,1.312
37.7,74.4,0.609,1.318
37.7,74.9,-0.353,1.325
37.7,75.4,-1.314,1.331
37.7,75.9,0.866,1.336
37.7,76.4,-0.160,1.343
37.7,76.9,-1.122,1.349
37.7,77.4,1.058,1.355
37.7,77.9,0.032,1.360
37.7,78.4,-0.930,1.367
37.7,78.9,1.250,1.373
37.7,79.4,0.224,1.378
37.7,79.9,-0.737,1.384
37.7,80.4,1.443,1.390
37.7,80.9,0.481,1.396
37.7,81.4,-0.545,1.402
37.7,81.9,-1.507,1.408
37.7,82.4,0.609,1.413
37.7,82.9,-0.353,1.419
37.7,83.4,-1.314,1.425
37.7,83.9,0.801,1.430
37.7,84.4,-0.160,1.436
37.7,84.9,-1.122,1.442
37.7,85.4,0.994,1.447
37.7,85.9,0.032,1.453
37.7,86.4,-0.994,1.458
37.7,86.9,1.186,1.464
37.7,87.4,0.224,1.469
37.7,87.9,-0.801,1.475
37.7,88.4,1.378,1.481
37.7,88.9,0.353,1.486
37.7,89.4,-0.609,1.492
37.7,89.9,1.571,1.496
37.7,90.5,0.545,1.502
37.7,91.0,-0.417,1.507
37.7,91.5,-1.443,1.513
37.7,92.0,0.737,1.518
37.7,92.5,-0.289,1.523
37.7,93.0,-1.250,1.529
37.7,93.5,0.866,1.534
37.7,94.0,-0.096,1.539
37.7,94.5,-1.122,1.544
37.7,95.0,1.058,1.549
37.7,95.5,0.032,1.554
37.7,96.0,-0.930,1.560
37.7,96.5,1.186,1.564
37.7,97.0,0.224,1.570
37.7,97.5,-0.801,1.575
37.7,98.0,1.378,1.580
37.7,98.5,0.353,1.585
37.7,99.0,-0.609,1.589
37.7,99.5,1.507,1.595
37.7,100.0,0.545,1.599
38.2,0.0,-1.507,0.232
38.2,0.5,0.737,0.240
38.2,1.0,-0.224,0.248
38.2,1.5,-1.122,0.256
38.2,2.0,1.058,0.264
38.2,2.5,0.160,0.272
38.2,3.0,-0.737,0.280
38.2,3.5,1.443,0.288
38.2,4.0,0.545,0.296
38.2,4.5,-0.417,0.304
38.2,5.0,-1.314,0.312
38.2,5.5,0.866,0.320
38.2,6.0,-0.032,0.328
38.2,6.5,-0.930,0.336
38.2,7.0,1.250,0.344
38.2,7.5,0.353,0.352
38.2,8.0,-0.609,0.360
38.2,8.5,-1.507,0.368
38.2,9.0,0.673,0.376
38.2,9.5,-0.224,0.384
38.2,10.1,-1.186,0.392
38.2,10.6,1.058,0.400
38.2,11.1,0.096,0.408
38.2,11.6,-0.801,0.416
38.2,12.1,1.378,0.424
38.2,12.6,0.481,0.432
38.2,13.1,-0.481,0.440
38.2,13.6,-1.443,0.448
38.2,14.1,0.801,0.456
38.2,14.6,-0.160,0.464
38.2,15.1,-1.058,0.472
38.2,15.6,1.122,0.480
38.2,16.1,0.224,0.487
38.2,16.6,-0.737,0.495
38.2,17.1,1.507,0.503
38.2,17.6,0.545,0.511
38.2,18.1,-0.417,0.519
38.2,18.6,-1.314,0.527
38.2,19.1,0.866,0.535
38.2,19.6,-0.096,0.542
38.2,20.1,-0.994,0.550
38.2,20.6,1.186,0.558
38.2,21.1,0.289,0.566
38.2,21.6,-0.673,0.574
38.2,22.1,1.507,0.581
38.2,22.6,0.609,0.589
38.2,23.1,-0.353,0.597
38.2,23.6,-1.314,0.604
38.2,24.1,0.930,0.612
38.2,24.6,-0.032,0.620
38.2,25.1,-0.994,0.628
38.2,25.6,1.250,0.635
38.2,26.1,0.289,0.643
38.2,26.6,-0.673,0.651
38.2,27.1,1.571,0.658
38.2,27.6,0.609,0.666
38.2,28.1,-0.353,0.674
38.2,28.6,-1.314,0.681
38.2,29.1,0.930,0.689
38.2,29.6,-0.032,0.697
38.2,30.2,-0.994,0.704
38.2,30.7,1.250,0.712
38.2,31.2,0.289,0.720
38.2,31.7,-0.673,0.727
38.2,32.2,1.507,0.735
38.2,32.7,0.609,0.742
38.2,33.2,-0.353,0.750
38.2,33.7,-1.314,0.757
38.2,34.2,0.866,0.765
38.2,34.7,-0.096,0.772
38.2,35.2,-0.994,0.780
38.2,35.7,1.186,0.787
38.2,36.2,0.224,0.795
38.2,36.7,-0.737,0.802
38.2,37.2,1.443,0.809
38.2,37.7,0.545,0.817
38.2,38.2,-0.417,0.824
38.2,38.7,-1.378,0.832
38.2,39.2,0.801,0.839
38.2,39.7,-0.160,0.847
38.2,40.2,-1.122,0.854
38.2,40.7,1.122,0.861
38.2,41.2,0.160,0.868
38.2,41.7,-0.801,0.876
38.2,42.2,1.378,0.883
38.2,42.7,0.417,0.891
38.2,43.2,-0.545,0.898
38.2,43.7,-1.507,0.905
38.2,44.2,0.673,0.912
38.2,44.7,-0.289,0.919
38.2,45.2,-1.186,0.926
38.2,45.7,0.994,0.934
38.2,46.2,0.032,0.941
38.2,46.7,-0.930,0.948
38.2,47.2,1.250,0.955
38.2,47.7,0.289,0.963
38.2,48.2,-0.673,0.970
38.2,48.7,1.507,0.977
38.2,49.2,0.545,0.984
38.2,49.7,-0.417,0.991
38.2,50.3,-1.378,0.998
38.2,50.8,0.801,1.005
38.2,51.3,-0.160,1.012
38.2,51.8,-1.122,1.019
38.2,52.3,1.058,1.026
38.2,52.8,0.096,1.033
38.2,53.3,-0.866,1.040
38.2,53.8,1.314,1.047
38.2,54.3,0.353,1.054
38.2,54.8,-0.609,1.061
38.2,55.3,-1.571,1.067
38.2,55.8,0.609,1.074
38.2,56.3,-0.353,1.081
38.2,56.8,-1.314,1.088
38.2,57.3,0.866,1.095
38.2,57.8,-0.096,1.102
38.2,58.3,-1.058,1.108
38.2,58.8,1.122,1.115
38.2,59.3,0.160,1.122
38.2,59.8,-0.801,1.128
38.2,60.3,1.314,1.135
38.2,60.8,0.353,1.142
38.2,61.3,-0.609,1.148
38.2,61.8,-1.571,1.155
38.2,62.3,0.609,1.162
38.2,62.8,-0.353,1.168
38.2,63.3,-1.314,1.175
38.2,63.8,0.866,1.181
38.2,64.3,-0.096,1.188
38.2,64.8,-1.122,1.194
38.2,65.3,1.058,1.201
38.2,65.8,0.096,1.208
38.2,66.3,-0.866,1.214
38.2,66.8,1.314,1.220
38.2,67.3,0.353,1.227
38.2,67.8,-0.609,1.233
38.2,68.3,1.507,1.239
38.2,68.8,0.545,1.246
38.2,69.3,-0.417,1.252
38.2,69.8,-1.378,1.259
38.2,70.4,0.801,1.265
38.2,70.9,-0.224,1.271
38.2,71.4,-1.186,1.278
38.2,71.9,0.994,1.284
38.2,72.4,0.032,1.290
38.2,72.9,-0.994,1.296
38.2,73.4,1.186,1.302
38.2,73.9,0.224,1.309
38.2,74.4,-0.737,1.314
38.2,74.9,1.378,1.320
38.2,75.4,0.417,1.327
38.2,75.9,-0.545,1.333
38.2,76.4,-1.507,1.339
38.2,76.9,0.609,1.345
38.2,77.4,-0.353,1.351
38.2,77.9,-1.314,1.357
38.2,78.4,0.866,1.362
38.2,78.9,-0.160,1.369
38.2,79.4,-1.122,1.375
38.2,79.9,1.058,1.380
38.2,80.4,0.032,1.386
38.2,80.9,-0.930,1.392
38.2,81.4,1.250,1.398
38.2,81.9,0.224,1.404
38.2,82.4,-0.737,1.410
38.2,82.9,1.443,1.415
38.2,83.4,0.417,1.421
38.2,83.9,-0.545,1.427
38.2,84.4,-1.571,1.432
38.2,84.9,0.609,1.438
38.2,85.4,-0.353,1.444
38.2,85.9,-1.378,1.449
38.2,86.4,0.801,1.455
38.2,86.9,-0.160,1.460
38.2,87.4,-1.186,1.466
38.2,87.9,0.994,1.471
38.2,88.4,-0.032,1.477
38.2,88.9,-0.994,1.483
38.2,89.4,1.122,1.487
38.2,89.9,0.160,1.493
38.2,90.5,-0.801,1.498
38.2,91.0,1.314,1.504
38.2,91.5,0.353,1.509
38.2,92.0,-0.673,1.515
38.2,92.5,1.507,1.520
38.2,93.0,0.481,1.525
38.2,93.5,-0.481,1.531
38.2,94.0,-1.507,1.535
38.2,94.5,0.673,1.541
38.2,95.0,-0.353,1.546
38.2,95.5,-1.314,1.551
38.2,96.0,0.801,1.556
38.2,96.5,-0.160,1.561
38.2,97.0,-1.186,1.566
38.2,97.5,0.994,1.571
38.2,98.0,-0.032,1.576
38.2,98.5,-0.994,1.581
38.2,99.0,1.122,1.586
38.2,99.5,0.160,1.591
38.2,100.0,-0.866,1.596
38.7,0.0,0.224,0.226
38.7,0.5,-0.737,0.234
38.7,1.0,1.507,0.243
38.7,1.5,0.609,0.251
38.7,2.0,-0.353,0.259
38.7,2.5,-1.250,0.267
38.7,3.0,0.930,0.275
38.7,3.5,0.032,0.283
38.7,4.0,-0.866,0.291
38.7,4.5,1.314,0.299
38.7,5.0,0.417,0.307
38.7,5.5,-0.545,0.315
38.7,6.0,-1.443,0.323
38.7,6.5,0.737,0.331
38.7,7.0,-0.160,0.339
38.7,7.5,-1.122,0.347
38.7,8.0,1.122,0.355
38.7,8.5,0.160,0.363
38.7,9.0,-0.737,0.371
38.7,9.5,1.443,0.379
38.7,10.1,0.545,0.387
38.7,10.6,-0.417,0.395
38.7,11.1,-1.314,0.403
38.7,11.6,0.866,0.411
38.7,12.1,-0.032,0.419
38.7,12.6,-0.994,0.427
38.7,13.1,1.250,0.435
38.7,13.6,0.289,0.443
38.7,14.1,-0.609,0.451
38.7,14.6,-1.571,0.458
38.7,15.1,0.673,0.466
38.7,15.6,-0.289,0.474
38.7,16.1,-1.186,0.482
38.7,16.6,0.994,0.490
38.7,17.1,0.032,0.498
38.7,17.6,-0.866,0.506
38.7,18.1,1.314,0.514
38.7,18.6,0.417,0.521
38.7,19.1,-0.545,0.529
38.7,19.6,-1.507,0.537
38.7,20.1,0.737,0.545
38.7,20.6,-0.224,0.553
38.7,21.1,-1.122,0.560
38.7,21.6,1.058,0.568
38.7,22.1,0.096,0.576
38.7,22.6,-0.801,0.584
38.7,23.1,1.378,0.592
38.7,23.6,0.417,0.599
38.7,24.1,-0.481,0.607
38.7,24.6,-1.443,0.615
38.7,25.1,0.737,0.623
38.7,25.6,-0.160,0.630
38.7,26.1,-1.122,0.638
38.7,26.6,1.058,0.646
38.7,27.1,0.160,0.653
38.7,27.6,-0.801,0.661
38.7,28.1,1.378,0.669
38.7,28.6,0.417,0.676
38.7,29.1,-0.481,0.684
38.7,29.6,-1.443,0.692
38.7,30.2,0.737,0.699
38.7,30.7,-0.160,0.707
38.7,31.2,-1.122,0.715
38.7,31.7,1.058,0.722
38.7,32.2,0.096,0.730
38.7,32.7,-0.801,0.737
38.7,33.2,1.378,0.745
38.7,33.7,0.417,0.752
38.7,34.2,-0.545,0.760
38.7,34.7,-1.507,0.767
38.7,35.2,0.737,0.775
38.7,35.7,-0.224,0.782
38.7,36.2,-1.186,0.790
38.7,36.7,0.994,0.797
38.7,37.2,0.032,0.804
38.7,37.7,-0.866,0.812
38.7,38.2,1.314,0.820
38.7,38.7,0.353,0.827
38.7,39.2,-0.609,0.834
38.7,39.7,-1.571,0.842
38.7,40.2,0.609,0.849
38.7,40.7,-0.289,0.856
38.7,41.2,-1.250,0.864
38.7,41.7,0.930,0.871
38.7,42.2,-0.032,0.878
38.7,42.7,-0.994,0.886
38.7,43.2,1.186,0.893
38.7,43.7,0.224,0.900
38.7,44.2,-0.737,0.907
38.7,44.7,1.507,0.914
38.7,45.2,0.545,0.922
38.7,45.7,-0.417,0.929
38.7,46.2,-1.378,0.936
38.7,46.7,0.801,0.944
38.7,47.2,-0.160,0.951
38.7,47.7,-1.122,0.958
38.7,48.2,1.058,0.965
38.7,48.7,0.096,0.972
38.7,49.2,-0.866,0.979
38.7,49.7,1.314,0.986
38.7,50.3,0.353,0.993
38.7,50.8,-0.609,1.000
38.7,51.3,-1.571,1.007
38.7,51.8,0.609,1.014
38.7,52.3,-0.353,1.021
38.7,52.8,-1.314,1.028
38.7,53.3,0.866,1.035
38.7,53.8,-0.096,1.042
38.7,54.3,-1.058,1.049
38.7,54.8,1.122,1.056
38.7,55.3,0.160,1.063
38.7,55.8,-0.801,1.070
38.7,56.3,1.378,1.077
38.7,56.8,0.417,1.083
38.7,57.3,-0.545,1.090
38.7,57.8,-1.507,1.097
38.7,58.3,0.673,1.104
38.7,58.8,-0.289,1.111
38.7,59.3,-1.250,1.117
38.7,59.8,0.930,1.124
38.7,60.3,-0.032,1.131
38.7,60.8,-0.994,1.137
38.7,61.3,1.186,1.144
38.7,61.8,0.160,1.150
38.7,62.3,-0.801,1.157
38.7,62.8,1.378,1.164
38.7,63.3,0.417,1.171
38.7,63.8,-0.545,1.177
38.7,64.3,-1.507,1.184
38.7,64.8,0.673,1.190
38.7,65.3,-0.289,1.196
38.7,65.8,-1.314,1.203
38.7,66.3,0.866,1.210
38.7,66.8,-0.096,1.216
38.7,67.3,-1.058,1.223
38.7,67.8,1.122,1.229
38.7,68.3,0.160,1.235
38.7,68.8,-0.866,1.241
38.7,69.3,1.314,1.248
38.7,69.8,0.353,1.255
38.7,70.4,-0.609,1.261
38.7,70.9,1.571,1.267
38.7,71.4,0.545,1.273
38.7,71.9,-0.417,1.280
38.7,72.4,-1.378,1.286
38.7,72.9,0.801,1.292
38.7,73.4,-0.160,1.298
38.7,73.9,-1.186,1.304
38.7,74.4,0.994,1.311
38.7,74.9,0.032,1.317
38.7,75.4,-0.930,1.322
38.7,75.9,1.186,1.329
38.7,76.4,0.224,1.335
38.7,76.9,-0.737,1.341
38.7,77.4,1.378,1.346
38.7,77.9,0.417,1.353
38.7,78.4,-0.545,1.359
38.7,78.9,-1.507,1.364
38.7,79.4,0.609,1.371
38.7,79.9,-0.353,1.377
38.7,80.4,-1.314,1.382
38.7,80.9,0.801,1.388
38.7,81.4,-0.160,1.394
38.7,81.9,-1.122,1.400
38.7,82.4,0.994,1.406
38.7,82.9,0.032,1.412
38.7,83.4,-0.930,1.417
38.7,83.9,1.186,1.423
38.7,84.4,0.224,1.429
38.7,84.9,-0.737,1.434
38.7,85.4,1.378,1.440
38.7,85.9,0.417,1.446
38.7,86.4,-0.609,1.451
38.7,86.9,1.571,1.457
38.7,87.4,0.609,1.462
38.7,87.9,-0.417,1.468
38.7,88.4,-1.378,1.473
38.7,88.9,0.737,1.479
38.7,89.4,-0.224,1.484
38.7,89.9,-1.186,1.489
38.7,90.5,0.930,1.495
38.7,91.0,-0.032,1.500
38.7,91.5,-1.058,1.506
38.7,92.0,1.122,1.511
38.7,92.5,0.096,1.516
38.7,93.0,-0.866,1.522
38.7,93.5,1.250,1.527
38.7,94.0,0.289,1.532
38.7,94.5,-0.737,1.537
38.7,95.0,1.443,1.543
38.7,95.5,0.417,1.547
38.7,96.0,-0.545,1.553
38.7,96.5,-1.571,1.558
38.7,97.0,0.609,1.563
38.7,97.5,-0.417,1.568
38.7,98.0,-1.378,1.573
38.7,98.5,0.737,1.578
38.7,99.0,-0.224,1.583
38.7,99.5,-1.250,1.588
38.7,100.0,0.930,1.593
39.2,0.0,-1.186,0.221
39.2,0.5,0.994,0.229
39.2,1.0,0.096,0.237
39.2,1.5,-0.866,0.245
39.2,2.0,1.378,0.253
39.2,2.5,0.481,0.261
39.2,3.0,-0.481,0.269
39.2,3.5,-1.378,0.277
39.2,4.0,0.801,0.285
39.2,4.5,-0.096,0.294
39.2,5.0,-0.994,0.301
39.2,5.5,1.186,0.310
39.2,6.0,0.289,0.318
39.2,6.5,-0.673,0.326
39.2,7.0,1.571,0.334
39.2,7.5,0.609,0.342
39.2,8.0,-0.289,0.350
39.2,8.5,-1.250,0.358
39.2,9.0,0.994,0.366
39.2,9.5,0.032,0.374
39.2,10.1,-0.866,0.382
39.2,10.6,1.314,0.390
39.2,11.1,0.417,0.398
39.2,11.6,-0.545,0.405
39.2,12.1,-1.443,0.414
39.2,12.6,0.737,0.421
39.2,13.1,-0.160,0.429
39.2,13.6,-1.122,0.437
39.2,14.1,1.122,0.445
39.2,14.6,0.160,0.453
39.2,15.1,-0.737,0.461
39.2,15.6,1.443,0.469
39.2,16.1,0.481,0.477
39.2,16.6,-0.417,0.485
39.2,17.1,-1.378,0.493
39.2,17.6,0.866,0.500
39.2,18.1,-0.096,0.508
39.2,18.6,-0.994,0.516
39.2,19.1,1.186,0.524
39.2,19.6,0.224,0.532
39.2,20.1,-0.673,0.540
39.2,20.6,1.507,0.548
39.2,21.1,0.609,0.555
39.2,21.6,-0.353,0.563
39.2,22.1,-1.314,0.571
39.2,22.6,0.930,0.579
39.2,23.1,-0.032,0.587
39.2,23.6,-0.994,0.594
39.2,24.1,1.250,0.602
39.2,24.6,0.289,0.610
39.2,25.1,-0.673,0.617
39.2,25.6,1.571,0.625
39.2,26.1,0.609,0.633
39.2,26.6,-0.353,0.641
39.2,27.1,-1.250,0.648
39.2,27.6,0.930,0.656
39.2,28.1,-0.032,0.664
39.2,28.6,-0.994,0.671
39.2,29.1,1.250,0.679
39.2,29.6,0.289,0.687
39.2,30.2,-0.673,0.694
39.2,30.7,1.571,0.702
39.2,31.2,0.609,0.710
39.2,31.7,-0.353,0.717
39.2,32.2,-1.314,0.725
39.2,32.7,0.930,0.732
39.2,33.2,-0.032,0.740
39.2,33.7,-0.994,0.747
39.2,34.2,1.186,0.755
39.2,34.7,0.224,0.762
39.2,35.2,-0.673,0.770
39.2,35.7,1.507,0.777
39.2,36.2,0.545,0.785
39.2,36.7,-0.417,0.792
39.2,37.2,-1.314,0.799
39.2,37.7,0.866,0.807
39.2,38.2,-0.096,0.815
39.2,38.7,-1.058,0.822
39.2,39.2,1.122,0.829
39.2,39.7,0.160,0.837
39.2,40.2,-0.737,0.844
39.2,40.7,1.443,0.851
39.2,41.2,0.481,0.859
39.2,41.7,-0.481,0.866
39.2,42.2,-1.443,0.874
39.2,42.7,0.737,0.881
39.2,43.2,-0.224,0.888
39.2,43.7,-1.186,0.895
39.2,44.2,1.058,0.902
39.2,44.7,0.096,0.910
39.2,45.2,-0.866,0.917
39.2,45.7,1.314,0.924
39.2,46.2,0.353,0.932
39.2,46.7,-0.609,0.939
39.2,47.2,-1.571,0.946
39.2,47.7,0.609,0.953
39.2,48.2,-0.353,0.960
39.2,48.7,-1.314,0.967
39.2,49.2,0.866,0.974
39.2,49.7,-0.096,0.981
39.2,50.3,-1.058,0.988
39.2,50.8,1.122,0.995
39.2,51.3,0.160,1.002
39.2,51.8,-0.737,1.009
39.2,52.3,1.443,1.016
39.2,52.8,0.481,1.023
39.2,53.3,-0.481,1.030
39.2,53.8,-1.443,1.037
39.2,54.3,0.737,1.044
39.2,54.8,-0.224,1.051
39.2,55.3,-1.250,1.058
39.2,55.8,0.930,1.065
39.2,56.3,-0.032,1.072
39.2,56.8,-0.994,1.079
39.2,57.3,1.186,1.085
39.2,57.8,0.224,1.092
39.2,58.3,-0.737,1.099
39.2,58.8,1.443,1.106
39.2,59.3,0.481,1.113
39.2,59.8,-0.481,1.120
39.2,60.3,-1.443,1.126
39.2,60.8,0.737,1.133
39.2,61.3,-0.224,1.140
39.2,61.8,-1.186,1.146
39.2,62.3,0.994,1.153
39.2,62.8,0.032,1.159
39.2,63.3,-0.994,1.166
39.2,63.8,1.186,1.173
39.2,64.3,0.224,1.179
39.2,64.8,-0.737,1.186
39.2,65.3,1.443,1.193
39.2,65.8,0.481,1.199
39.2,66.3,-0.481,1.205
39.2,66.8,-1.507,1.212
39.2,67.3,0.673,1.218
39.2,67.8,-0.289,1.225
39.2,68.3,-1.250,1.231
39.2,68.8,0.930,1.238
39.2,69.3,-0.032,1.244
39.2,69.8,-1.058,1.250
39.2,70.4,1.122,1.257
39.2,70.9,0.160,1.263
39.2,71.4,-0.801,1.269
39.2,71.9,1.378,1.275
39.2,72.4,0.353,1.282
39.2,72.9,-0.609,1.288
39.2,73.4,1.571,1.294
39.2,73.9,0.609,1.300
39.2,74.4,-0.417,1.306
39.2,74.9,-1.378,1.313
39.2,75.4,0.801,1.319
39.2,75.9,-0.160,1.325
39.2,76.4,-1.186,1.331
39.2,76.9,0.994,1.337
39.2,77.4,0.032,1.343
39.2,77.9,-0.930,1.349
39.2,78.4,1.186,1.355
39.2,78.9,0.224,1.361
39.2,79.4,-0.737,1.367
39.2,79.9,1.378,1.373
39.2,80.4,0.417,1.379
39.2,80.9,-0.545,1.384
39.2,81.4,-1.571,1.390
39.2,81.9,0.609,1.396
39.2,82.4,-0.353,1.402
39.2,82.9,-1.378,1.407
39.2,83.4,0.801,1.414
39.2,83.9,-0.160,1.419
39.2,84.4,-1.186,1.425
39.2,84.9,0.994,1.431
39.2,85.4,0.032,1.436
39.2,85.9,-0.994,1.442
39.2,86.4,1.186,1.448
39.2,86.9,0.160,1.453
39.2,87.4,-0.801,1.459
39.2,87.9,1.378,1.464
39.2,88.4,0.353,1.470
39.2,88.9,-0.609,1.475
39.2,89.4,1.507,1.480
39.2,89.9,0.545,1.486
39.2,90.5,-0.417,1.491
39.2,91.0,-1.443,1.497
39.2,91.5,0.737,1.502
39.2,92.0,-0.289,1.508
39.2,92.5,-1.250,1.513
39.2,93.0,0.866,1.518
39.2,93.5,-0.096,1.524
39.2,94.0,-1.122,1.529
39.2,94.5,1.058,1.534
39.2,95.0,0.032,1.539
39.2,95.5,-0.930,1.545
39.2,96.0,1.186,1.549
39.2,96.5,0.224,1.555
39.2,97.0,-0.801,1.559
39.2,97.5,1.378,1.565
39.2,98.0,0.353,1.570
39.2,98.5,-0.609,1.575
39.2,99.0,1.507,1.580
39.2,99.5,0.545,1.585
39.2,100.0,-0.481,1.590
39.7,0.0,0.481,0.216
39.7,0.5,-0.417,0.224
39.7,1.0,-1.314,0.232
39.7,1.5,0.866,0.240
39.7,2.0,-0.032,0.248
39.7,2.5,-0.994,0.256
39.7,3.0,1.250,0.264
39.7,3.5,0.353,0.272
39.7,4.0,-0.609,0.280
39.7,4.5,-1.507,0.288
39.7,5.0,0.673,0.296
39.7,5.5,-0.224,0.304
39.7,6.0,-1.186,0.312
39.7,6.5,1.058,0.320
39.7,7.0,0.160,0.328
39.7,7.5,-0.801,0.336
39.7,8.0,1.443,0.344
39.7,8.5,0.481,0.352
39.7,9.0,-0.417,0.360
39.7,9.5,-1.378,0.368
39.7,10.1,0.866,0.376
39.7,10.6,-0.096,0.384
39.7,11.1,-0.994,0.392
39.7,11.6,1.186,0.400
39.7,12.1,0.289,0.408
39.7,12.6,-0.673,0.416
39.7,13.1,1.571,0.424
39.7,13.6,0.609,0.432
39.7,14.1,-0.289,0.440
39.7,14.6,-1.250,0.448
39.7,15.1,0.930,0.456
39.7,15.6,0.032,0.464
39.7,16.1,-0.930,0.472
39.7,16.6,1.314,0.479
39.7,17.1,0.353,0.487
39.7,17.6,-0.545,0.495
39.7,18.1,-1.507,0.503
39.7,18.6,0.673,0.511
39.7,19.1,-0.224,0.519
39.7,19.6,-1.186,0.527
39.7,20.1,1.058,0.534
39.7,20.6,0.096,0.542
39.7,21.1,-0.866,0.550
39.7,21.6,1.378,0.558
39.7,22.1,0.417,0.566
39.7,22.6,-0.481,0.573
39.7,23.1,-1.443,0.581
39.7,23.6,0.737,0.589
39.7,24.1,-0.160,0.597
39.7,24.6,-1.122,0.605
39.7,25.1,1.058,0.612
39.7,25.6,0.160,0.620
39.7,26.1,-0.801,0.628
39.7,26.6,1.378,0.635
39.7,27.1,0.481,0.643
39.7,27.6,-0.481,0.651
39.7,28.1,-1.443,0.659
39.7,28.6,0.737,0.666
39.7,29.1,-0.160,0.674
39.7,29.6,-1.122,0.682
39.7,30.2,1.058,0.689
39.7,30.7,0.160,0.697
39.7,31.2,-0.801,0.704
39.7,31.7,1.378,0.712
39.7,32.2,0.417,0.719
39.7,32.7,-0.481,0.727
39.7,33.2,-1.443,0.735
39.7,33.7,0.737,0.742
39.7,34.2,-0.224,0.750
39.7,34.7,-1.122,0.757
39.7,35.2,1.058,0.765
39.7,35.7,0.096,0.772
39.7,36.2,-0.866,0.780
39.7,36.7,1.314,0.787
39.7,37.2,0.417,0.795
39.7,37.7,-0.545,0.802
39.7,38.2,-1.507,0.810
39.7,38.7,0.673,0.817
39.7,39.2,-0.289,0.824
39.7,39.7,-1.250,0.832
39.7,40.2,0.994,0.839
39.7,40.7,0.032,0.847
39.7,41.2,-0.930,0.854
39.7,41.7,1.250,0.861
39.7,42.2,0.289,0.869
39.7,42.7,-0.673,0.876
39.7,43.2,1.507,0.883
39.7,43.7,0.609,0.890
39.7,44.2,-0.353,0.898
39.7,44.7,-1.314,0.905
39.7,45.2,0.866,0.912
39.7,45.7,-0.096,0.920
39.7,46.2,-1.058,0.927
39.7,46.7,1.122,0.934
39.7,47.2,0.160,0.941
39.7,47.7,-0.801,0.948
39.7,48.2,1.378,0.955
39.7,48.7,0.417,0.962
39.7,49.2,-0.545,0.969
39.7,49.7,-1.443,0.976
39.7,50.3,0.737,0.984
39.7,50.8,-0.224,0.991
39.7,51.3,-1.186,0.998
39.7,51.8,0.994,1.005
39.7,52.3,0.032,1.012
39.7,52.8,-0.930,1.019
39.7,53.3,1.250,1.026
39.7,53.8,0.289,1.033
39.7,54.3,-0.673,1.040
39.7,54.8,1.507,1.047
39.7,55.3,0.545,1.054
39.7,55.8,-0.417,1.060
39.7,56.3,-1.378,1.067
39.7,56.8,0.801,1.074
39.7,57.3,-0.160,1.081
39.7,57.8,-1.122,1.088
39.7,58.3,0.994,1.094
39.7,58.8,0.032,1.101
39.7,59.3,-0.930,1.108
39.7,59.8,1.250,1.115
39.7,60.3,0.289,1.122
39.7,60.8,-0.673,1.129
39.7,61.3,1.507,1.135
39.7,61.8,0.545,1.142
39.7,62.3,-0.417,1.149
39.7,62.8,-1.378,1.155
39.7,63.3,0.801,1.162
39.7,63.8,-0.160,1.168
39.7,64.3,-1.186,1.175
39.7,64.8,0.994,1.181
39.7,65.3,0.032,1.188
39.7,65.8,-0.930,1.195
39.7,66.3,1.250,1.201
39.7,66.8,0.289,1.208
39.7,67.3,-0.673,1.214
39.7,67.8,1.443,1.220
39.7,68.3,0.481,1.227
39.7,68.8,-0.481,1.233
39.7,69.3,-1.443,1.240
39.7,69.8,0.737,1.246
39.7,70.4,-0.224,1.252
39.7,70.9,-1.250,1.259
39.7,71.4,0.930,1.265
39.7,71.9,-0.032,1.271
39.7,72.4,-0.994,1.277
39.7,72.9,1.122,1.283
39.7,73.4,0.160,1.290
39.7,73.9,-0.801,1.296
39.7,74.4,1.378,1.302
39.7,74.9,0.417,1.308
39.7,75.4,-0.609,1.315
39.7,75.9,-1.571,1.321
39.7,76.4,0.609,1.327
39.7,76.9,-0.417,1.332
39.7,77.4,-1.378,1.339
39.7,77.9,0.801,1.345
39.7,78.4,-0.160,1.351
39.7,78.9,-1.186,1.357
39.7,79.4,0.994,1.363
39.7,79.9,0.032,1.369
39.7,80.4,-0.994,1.374
39.7,80.9,1.186,1.381
39.7,81.4,0.224,1.387
39.7,81.9,-0.801,1.392
39.7,82.4,1.378,1.398
39.7,82.9,0.417,1.404
39.7,83.4,-0.609,1.409
39.7,83.9,-1.571,1.416
39.7,84.4,0.609,1.421
39.7,84.9,-0.417,1.427
39.7,85.4,-1.378,1.433
39.7,85.9,0.801,1.438
39.7,86.4,-0.224,1.444
39.7,86.9,-1.186,1.450
39.7,87.4,0.930,1.454
39.7,87.9,-0.032,1.461
39.7,88.4,-0.994,1.466
39.7,88.9,1.122,1.472
39.7,89.4,0.160,1.477
39.7,89.9,-0.866,1.482
39.7,90.5,1.314,1.488
39.7,91.0,0.353,1.493
39.7,91.5,-0.673,1.499
39.7,92.0,1.507,1.504
39.7,92.5,0.481,1.509
39.7,93.0,-0.481,1.515
39.7,93.5,-1.507,1.520
39.7,94.0,0.673,1.525
39.7,94.5,-0.353,1.530
39.7,95.0,-1.314,1.536
39.7,95.5,0.801,1.541
39.7,96.0,-0.160,1.546
39.7,96.5,-1.186,1.551
39.7,97.0,0.994,1.557
39.7,97.5,-0.032,1.561
39.7,98.0,-0.994,1.567
39.7,98.5,1.122,1.571
39.7,99.0,0.160,1.577
39.7,99.5,-0.866,1.581
39.7,100.0,1.314,1.587
40.2,0.0,-0.930,0.210
40.2,0.5,1.314,0.218
40.2,1.0,0.353,0.226
40.2,1.5,-0.545,0.234
40.2,2.0,-1.443,0.242
40.2,2.5,0.737,0.251
40.2,3.0,-0.160,0.259
40.2,3.5,-1.122,0.267
40.2,4.0,1.122,0.275
40.2,4.5,0.224,0.283
40.2,5.0,-0.737,0.291
40.2,5.5,1.507,0.299
40.2,6.0,0.545,0.307
40.2,6.5,-0.353,0.315
40.2,7.0,-1.314,0.323
40.2,7.5,0.930,0.331
40.2,8.0,-0.032,0.339
40.2,8.5,-0.930,0.347
40.2,9.0,1.314,0.355
40.2,9.5,0.353,0.363
40.2,10.1,-0.545,0.371
40.2,10.6,-1.507,0.379
40.2,11.1,0.737,0.387
40.2,11.6,-0.224,0.395
40.2,12.1,-1.122,0.403
40.2,12.6,1.058,0.411
40.2,13.1,0.160,0.419
40.2,13.6,-0.801,0.427
40.2,14.1,1.378,0.435
40.2,14.6,0.481,0.443
40.2,15.1,-0.481,0.450
40.2,15.6,-1.378,0.458
40.2,16.1,0.801,0.466
40.2,16.6,-0.096,0.474
40.2,17.1,-1.058,0.482
40.2,17.6,1.186,0.490
40.2,18.1,0.224,0.498
40.2,18.6,-0.737,0.506
40.2,19.1,1.507,0.514
40.2,19.6,0.545,0.521
40.2,20.1,-0.353,0.529
40.2,20.6,-1.314,0.537
40.2,21.1,0.866,0.545
40.2,21.6,-0.032,0.553
40.2,22.1,-0.994,0.561
40.2,22.6,1.186,0.568
40.2,23.1,0.289,0.576
40.2,23.6,-0.673,0.584
40.2,24.1,1.571,0.592
40.2,24.6,0.609,0.599
40.2,25.1,-0.353,0.607
40.2,25.6,-1.250,0.615
40.2,26.1,0.930,0.623
40.2,26.6,-0.032,0.630
40.2,27.1,-0.930,0.638
40.2,27.6,1.250,0.646
40.2,28.1,0.289,0.653
40.2,28.6,-0.673,0.661
40.2,29.1,1.571,0.669
40.2,29.6,0.609,0.677
40.2,30.2,-0.353,0.684
40.2,30.7,-1.250,0.692
40.2,31.2,0.930,0.699
40.2,31.7,-0.032,0.707
40.2,32.2,-0.994,0.714
40.2,32.7,1.250,0.722
40.2,33.2,0.289,0.730
40.2,33.7,-0.673,0.737
40.2,34.2,1.507,0.745
40.2,34.7,0.609,0.752
40.2,35.2,-0.353,0.760
40.2,35.7,-1.314,0.767
40.2,36.2,0.866,0.775
40.2,36.7,-0.096,0.782
40.2,37.2,-0.994,0.790
40.2,37.7,1.186,0.797
40.2,38.2,0.224,0.805
40.2,38.7,-0.737,0.812
40.2,39.2,1.443,0.819
40.2,39.7,0.545,0.827
40.2,40.2,-0.417,0.834
40.2,40.7,-1.378,0.842
40.2,41.2,0.801,0.849
40.2,41.7,-0.160,0.856
40.2,42.2,-1.122,0.864
40.2,42.7,1.058,0.871
40.2,43.2,0.160,0.878
40.2,43.7,-0.801,0.886
40.2,44.2,1.378,0.893
40.2,44.7,0.417,0.900
40.2,45.2,-0.545,0.908
40.2,45.7,-1.507,0.915
40.2,46.2,0.673,0.922
40.2,46.7,-0.289,0.929
40.2,47.2,-1.250,0.936
40.2,47.7,0.930,0.943
40.2,48.2,0.032,0.950
40.2,48.7,-0.930,0.958
40.2,49.2,1.250,0.965
40.2,49.7,0.289,0.972
40.2,50.3,-0.673,0.979
40.2,50.8,1.507,0.986
40.2,51.3,0.545,0.993
40.2,51.8,-0.417,1.000
40.2,52.3,-1.378,1.007
40.2,52.8,0.801,1.014
40.2,53.3,-0.160,1.021
40.2,53.8,-1.122,1.028
40.2,54.3,1.058,1.035
40.2,54.8,0.096,1.042
40.2,55.3,-0.866,1.049
40.2,55.8,1.314,1.056
40.2,56.3,0.353,1.063
40.2,56.8,-0.609,1.070
40.2,57.3,1.571,1.077
40.2,57.8,0.609,1.083
40.2,58.3,-0.353,1.090
40.2,58.8,-1.314,1.097
40.2,59.3,0.866,1.104
40.2,59.8,-0.096,1.110
40.2,60.3,-1.122,1.117
40.2,60.8,1.058,1.124
40.2,61.3,0.096,1.131
40.2,61.8,-0.866,1.138
40.2,62.3,1.314,1.144
40.2,62.8,0.353,1.151
40.2,63.3,-0.609,1.158
40.2,63.8,1.571,1.164
40.2,64.3,0.609,1.171
40.2,64.8,-0.353,1.177
40.2,65.3,-1.378,1.183
40.2,65.8,0.801,1.190
40.2,66.3,-0.160,1.197
40.2,66.8,-1.122,1.203
40.2,67.3,1.058,1.210
40.2,67.8,0.096,1.216
40.2,68.3,-0.866,1.222
40.2,68.8,1.250,1.229
40.2,69.3,0.289,1.236
40.2,69.8,-0.673,1.242
40.2,70.4,1.507,1.248
40.2,70.9,0.545,1.254
40.2,71.4,-0.481,1.261
40.2,71.9,-1.443,1.267
40.2,72.4,0.737,1.274
40.2,72.9,-0.224,1.280
40.2,73.4,-1.186,1.286
40.2,73.9,0.930,1.292
40.2,74.4,-0.032,1.298
40.2,74.9,-0.994,1.305
40.2,75.4,1.186,1.310
40.2,75.9,0.160,1.317
40.2,76.4,-0.801,1.323
40.2,76.9,1.378,1.329
40.2,77.4,0.417,1.335
40.2,77.9,-0.609,1.341
40.2,78.4,-1.571,1.347
40.2,78.9,0.609,1.353
40.2,79.4,-0.417,1.359
40.2,79.9,-1.378,1.365
40.2,80.4,0.801,1.371
40.2,80.9,-0.160,1.376
40.2,81.4,-1.186,1.383
40.2,81.9,0.994,1.389
40.2,82.4,0.032,1.394
40.2,82.9,-0.994,1.400
40.2,83.4,1.186,1.406
40.2,83.9,0.224,1.411
40.2,84.4,-0.801,1.417
40.2,84.9,1.378,1.423
40.2,85.4,0.353,1.428
40.2,85.9,-0.609,1.435
40.2,86.4,1.571,1.440
40.2,86.9,0.545,1.446
40.2,87.4,-0.417,1.451
40.2,87.9,-1.378,1.456
40.2,88.4,0.737,1.463
40.2,88.9,-0.224,1.468
40.2,89.4,-1.250,1.473
40.2,89.9,0.930,1.479
40.2,90.5,-0.096,1.484
40.2,91.0,-1.058,1.490
40.2,91.5,1.122,1.495
40.2,92.0,0.096,1.501
40.2,92.5,-0.866,1.506
40.2,93.0,1.250,1.511
40.2,93.5,0.289,1.517
40.2,94.0,-0.737,1.522
40.2,94.5,1.443,1.527
40.2,95.0,0.417,1.532
40.2,95.5,-0.545,1.538
40.2,96.0,-1.571,1.542
40.2,96.5,0.609,1.548
40.2,97.0,-0.417,1.553
40.2,97.5,-1.378,1.558
40.2,98.0,0.737,1.563
40.2,98.5,-0.224,1.568
40.2,99.0,-1.250,1.573
40.2,99.5,0.930,1.578
40.2,100.0,-0.096,1.583
40.7,0.0,0.801,0.205
40.7,0.5,-0.096,0.213
40.7,1.0,-1.058,0.221
40.7,1.5,1.186,0.229
40.7,2.0,0.224,0.237
40.7,2.5,-0.673,0.245
40.7,3.0,1.571,0.253
40.7,3.5,0.609,0.261
40.7,4.0,-0.289,0.269
40.7,4.5,-1.250,0.277
40.7,5.0,0.994,0.285
40.7,5.5,0.096,0.293
40.7,6.0,-0.866,0.302
40.7,6.5,1.378,0.309
40.7,7.0,0.417,0.318
40.7,7.5,-0.481,0.326
40.7,8.0,-1.443,0.334
40.7,8.5,0.801,0.342
40.7,9.0,-0.160,0.350
40.7,9.5,-1.058,0.358
40.7,10.1,1.122,0.366
40.7,10.6,0.224,0.374
40.7,11.1,-0.737,0.381
40.7,11.6,1.507,0.390
40.7,12.1,0.545,0.397
40.7,12.6,-0.353,0.406
40.7,13.1,-1.314,0.413
40.7,13.6,0.930,0.421
40.7,14.1,-0.032,0.429
40.7,14.6,-0.930,0.437
40.7,15.1,1.250,0.445
40.7,15.6,0.353,0.453
40.7,16.1,-0.609,0.461
40.7,16.6,-1.507,0.469
40.7,17.1,0.673,0.477
40.7,17.6,-0.289,0.485
40.7,18.1,-1.186,0.493
40.7,18.6,0.994,0.500
40.7,19.1,0.096,0.508
40.7,19.6,-0.866,0.516
40.7,20.1,1.378,0.524
40.7,20.6,0.417,0.532
40.7,21.1,-0.545,0.540
40.7,21.6,-1.443,0.547
40.7,22.1,0.737,0.555
40.7,22.6,-0.224,0.563
40.7,23.1,-1.122,0.571
40.7,23.6,1.058,0.579
40.7,24.1,0.160,0.586
40.7,24.6,-0.801,0.594
40.7,25.1,1.378,0.602
40.7,25.6,0.481,0.610
40.7,26.1,-0.481,0.618
40.7,26.6,-1.443,0.625
40.7,27.1,0.801,0.633
40.7,27.6,-0.160,0.641
40.7,28.1,-1.122,0.648
40.7,28.6,1.058,0.656
40.7,29.1,0.160,0.664
40.7,29.6,-0.801,0.671
40.7,30.2,1.378,0.679
40.7,30.7,0.481,0.686
40.7,31.2,-0.481,0.694
40.7,31.7,-1.443,0.702
40.7,32.2,0.737,0.709
40.7,32.7,-0.160,0.717
40.7,33.2,-1.122,0.725
40.7,33.7,1.058,0.732
40.7,34.2,0.096,0.740
40.7,34.7,-0.801,0.747
40.7,35.2,1.378,0.755
40.7,35.7,0.417,0.762
40.7,36.2,-0.545,0.770
40.7,36.7,-1.507,0.777
40.7,37.2,0.737,0.785
40.7,37.7,-0.224,0.792
40.7,38.2,-1.186,0.800
40.7,38.7,0.994,0.807
40.7,39.2,0.032,0.814
40.7,39.7,-0.866,0.822
40.7,40.2,1.314,0.829
40.7,40.7,0.353,0.837
40.7,41.2,-0.609,0.844
40.7,41.7,-1.571,0.852
40.7,42.2,0.609,0.859
40.7,42.7,-0.289,0.866
40.7,43.2,-1.250,0.873
40.7,43.7,0.930,0.881
40.7,44.2,-0.032,0.888
40.7,44.7,-0.994,0.896
40.7,45.2,1.186,0.903
40.7,45.7,0.224,0.910
40.7,46.2,-0.737,0.917
40.7,46.7,1.443,0.924
40.7,47.2,0.545,0.931
40.7,47.7,-0.417,0.939
40.7,48.2,-1.378,0.946
40.7,48.7,0.801,0.953
40.7,49.2,-0.160,0.960
40.7,49.7,-1.122,0.967
40.7,50.3,1.058,0.974
40.7,50.8,0.096,0.982
40.7,51.3,-0.866,0.989
40.7,51.8,1.314,0.996
40.7,52.3,0.353,1.003
40.7,52.8,-0.609,1.010
40.7,53.3,-1.571,1.017
40.7,53.8,0.609,1.024
40.7,54.3,-0.353,1.031
40.7,54.8,-1.314,1.038
40.7,55.3,0.866,1.045
40.7,55.8,-0.096,1.052
40.7,56.3,-1.058,1.058
40.7,56.8,1.122,1.065
40.7,57.3,0.160,1.072
40.7,57.8,-0.801,1.079
40.7,58.3,1.378,1.086
40.7,58.8,0.417,1.093
40.7,59.3,-0.545,1.099
40.7,59.8,-1.507,1.106
40.7,60.3,0.673,1.113
40.7,60.8,-0.289,1.119
40.7,61.3,-1.250,1.126
40.7,61.8,0.866,1.133
40.7,62.3,-0.096,1.140
40.7,62.8,-1.058,1.146
40.7,63.3,1.122,1.153
40.7,63.8,0.160,1.160
40.7,64.3,-0.801,1.166
40.7,64.8,1.378,1.173
40.7,65.3,0.417,1.179
40.7,65.8,-0.545,1.186
40.7,66.3,-1.571,1.192
40.7,66.8,0.609,1.199
40.7,67.3,-0.353,1.206
40.7,67.8,-1.314,1.212
40.7,68.3,0.866,1.218
40.7,68.8,-0.096,1.225
40.7,69.3,-1.122,1.231
40.7,69.8,1.058,1.238
40.7,70.4,0.096,1.244
40.7,70.9,-0.866,1.251
40.7,71.4,1.314,1.257
40.7,71.9,0.353,1.263
40.7,72.4,-0.673,1.269
40.7,72.9,1.507,1.276
40.7,73.4,0.545,1.282
40.7,73.9,-0.417,1.288
40.7,74.4,-1.443,1.294
40.7,74.9,0.737,1.300
40.7,75.4,-0.224,1.307
40.7,75.9,-1.186,1.313
40.7,76.4,0.930,1.318
40.7,76.9,-0.032,1.325
40.7,77.4,-0.994,1.331
40.7,77.9,1.186,1.337
40.7,78.4,0.160,1.343
40.7,78.9,-0.801,1.349
40.7,79.4,1.378,1.355
40.7,79.9,0.417,1.361
40.7,80.4,-0.609,1.367
40.7,80.9,1.571,1.373
40.7,81.4,0.609,1.378
40.7,81.9,-0.417,1.385
40.7,82.4,-1.378,1.391
40.7,82.9,0.801,1.396
40.7,83.4,-0.224,1.402
40.7,83.9,-1.186,1.408
40.7,84.4,0.994,1.413
40.7,84.9,-0.032,1.419
40.7,85.4,-0.994,1.425
40.7,85.9,1.186,1.430
40.7,86.4,0.160,1.437
40.7,86.9,-0.801,1.442
40.7,87.4,1.314,1.447
40.7,87.9,0.353,1.453
40.7,88.4,-0.609,1.458
40.7,88.9,1.507,1.464
40.7,89.4,0.545,1.470
40.7,89.9,-0.481,1.475
40.7,90.5,-1.443,1.481
40.7,91.0,0.737,1.486
40.7,91.5,-0.289,1.492
40.7,92.0,-1.250,1.497
40.7,92.5,0.866,1.502
40.7,93.0,-0.096,1.508
40.7,93.5,-1.122,1.513
40.7,94.0,1.058,1.519
40.7,94.5,0.032,1.523
40.7,95.0,-0.930,1.529
40.7,95.5,1.186,1.534
40.7,96.0,0.224,1.540
40.7,96.5,-0.801,1.544
40.7,97.0,1.378,1.550
40.7,97.5,0.353,1.554
40.7,98.0,-0.609,1.560
40.7,98.5,1.507,1.564
40.7,99.0,0.545,1.570
40.7,99.5,-0.481,1.575
40.7,100.0,-1.443,1.580
41.2,0.0,-0.609,0.199
41.2,0.5,-1.571,0.207
41.2,1.0,0.673,0.216
41.2,1.5,-0.224,0.224
41.2,2.0,-1.186,0.232
41.2,2.5,1.058,0.240
41.2,3.0,0.096,0.248
41.2,3.5,-0.801,0.256
41.2,4.0,1.443,0.264
41.2,4.5,0.481,0.272
41.2,5.0,-0.417,0.280
41.2,5.5,-1.378,0.288
41.2,6.0,0.866,0.296
41.2,6.5,-0.096,0.304
41.2,7.0,-0.994,0.312
41.2,7.5,1.250,0.320
41.2,8.0,0.289,0.328
41.2,8.5,-0.609,0.336
41.2,9.0,-1.571,0.344
41.2,9.5,0.673,0.352
41.2,10.1,-0.289,0.360
41.2,10.6,-1.186,0.368
41.2,11.1,0.994,0.376
41.2,11.6,0.096,0.384
41.2,12.1,-0.866,0.392
41.2,12.6,1.378,0.400
41.2,13.1,0.417,0.408
41.2,13.6,-0.481,0.416
41.2,14.1,-1.443,0.424
41.2,14.6,0.801,0.432
41.2,15.1,-0.160,0.440
41.2,15.6,-1.058,0.448
41.2,16.1,1.122,0.456
41.2,16.6,0.160,0.463
41.2,17.1,-0.737,0.472
41.2,17.6,1.443,0.479
41.2,18.1,0.545,0.487
41.2,18.6,-0.417,0.495
41.2,19.1,-1.314,0.503
41.2,19.6,0.866,0.511
41.2,20.1,-0.096,0.519
41.2,20.6,-0.994,0.527
41.2,21.1,1.186,0.534
41.2,21.6,0.289,0.542
41.2,22.1,-0.673,0.550
41.2,22.6,1.507,0.558
41.2,23.1,0.609,0.566
41.2,23.6,-0.353,0.574
41.2,24.1,-1.314,0.581
41.2,24.6,0.930,0.589
41.2,25.1,-0.032,0.597
41.2,25.6,-0.930,0.604
41.2,26.1,1.250,0.612
41.2,26.6,0.289,0.620
41.2,27.1,-0.673,0.628
41.2,27.6,1.571,0.636
41.2,28.1,0.609,0.643
41.2,28.6,-0.353,0.651
41.2,29.1,-1.250,0.659
41.2,29.6,0.930,0.666
41.2,30.2,-0.032,0.674
41.2,30.7,-0.930,0.681
41.2,31.2,1.250,0.689
41.2,31.7,0.289,0.697
41.2,32.2,-0.673,0.704
41.2,32.7,1.571,0.712
41.2,33.2,0.609,0.720
41.2,33.7,-0.353,0.727
41.2,34.2,-1.314,0.735
41.2,34.7,0.930,0.742
41.2,35.2,-0.032,0.750
41.2,35.7,-0.994,0.757
41.2,36.2,1.186,0.765
41.2,36.7,0.289,0.772
41.2,37.2,-0.673,0.780
41.2,37.7,1.507,0.787
41.2,38.2,0.545,0.795
41.2,38.7,-0.417,0.802
41.2,39.2,-1.378,0.809
41.2,39.7,0.866,0.817
41.2,40.2,-0.096,0.825
41.2,40.7,-1.058,0.832
41.2,41.2,1.122,0.839
41.2,41.7,0.160,0.847
41.2,42.2,-0.801,0.854
41.2,42.7,1.443,0.861
41.2,43.2,0.481,0.869
41.2,43.7,-0.481,0.876
41.2,44.2,-1.443,0.883
41.2,44.7,0.737,0.891
41.2,45.2,-0.224,0.898
41.2,45.7,-1.186,0.905
41.2,46.2,0.994,0.912
41.2,46.7,0.096,0.919
41.2,47.2,-0.866,0.927
41.2,47.7,1.314,0.934
41.2,48.2,0.353,0.941
41.2,48.7,-0.609,0.948
41.2,49.2,1.571,0.956
41.2,49.7,0.609,0.963
41.2,50.3,-0.353,0.970
41.2,50.8,-1.314,0.977
41.2,51.3,0.866,0.984
41.2,51.8,-0.096,0.991
41.2,52.3,-1.058,0.998
41.2,52.8,1.122,1.005
41.2,53.3,0.160,1.012
41.2,53.8,-0.801,1.019
41.2,54.3,1.378,1.026
41.2,54.8,0.417,1.033
41.2,55.3,-0.545,1.040
41.2,55.8,-1.507,1.047
41.2,56.3,0.673,1.054
41.2,56.8,-0.289,1.061
41.2,57.3,-1.250,1.068
41.2,57.8,0.930,1.074
41.2,58.3,-0.032,1.081
41.2,58.8,-0.994,1.088
41.2,59.3,1.186,1.095
41.2,59.8,0.224,1.102
41.2,60.3,-0.737,1.109
41.2,60.8,1.443,1.115
41.2,61.3,0.481,1.122
41.2,61.8,-0.481,1.129
41.2,62.3,-1.443,1.135
41.2,62.8,0.737,1.142
41.2,63.3,-0.289,1.148
41.2,63.8,-1.250,1.155
41.2,64.3,0.930,1.162
41.2,64.8,-0.032,1.169
41.2,65.3,-0.994,1.175
41.2,65.8,1.186,1.182
41.2,66.3,0.224,1.188
41.2,66.8,-0.737,1.194
41.2,67.3,1.378,1.201
41.2,67.8,0.417,1.208
41.2,68.3,-0.545,1.214
41.2,68.8,-1.507,1.221
41.2,69.3,0.673,1.227
41.2,69.8,-0.289,1.233
41.2,70.4,-1.314,1.239
41.2,70.9,0.866,1.246
41.2,71.4,-0.096,1.253
41.2,71.9,-1.058,1.259
41.2,72.4,1.122,1.265
41.2,72.9,0.096,1.271
41.2,73.4,-0.866,1.278
41.2,73.9,1.314,1.284
41.2,74.4,0.353,1.290
41.2,74.9,-0.609,1.296
41.2,75.4,1.507,1.302
41.2,75.9,0.545,1.309
41.2,76.4,-0.417,1.315
41.2,76.9,-1.378,1.321
41.2,77.4,0.737,1.327
41.2,77.9,-0.224,1.333
41.2,78.4,-1.186,1.339
41.2,78.9,0.930,1.345
41.2,79.4,-0.032,1.351
41.2,79.9,-0.994,1.357
41.2,80.4,1.186,1.363
41.2,80.9,0.160,1.369
41.2,81.4,-0.801,1.375
41.2,81.9,1.378,1.381
41.2,82.4,0.353,1.386
41.2,82.9,-0.609,1.393
41.2,83.4,1.571,1.398
41.2,83.9,0.545,1.404
41.2,84.4,-0.417,1.410
41.2,84.9,-1.378,1.415
41.2,85.4,0.737,1.421
41.2,85.9,-0.224,1.427
41.2,86.4,-1.186,1.432
41.2,86.9,0.930,1.438
41.2,87.4,-0.032,1.444
41.2,87.9,-1.058,1.449
41.2,88.4,1.122,1.455
41.2,88.9,0.160,1.460
41.2,89.4,-0.866,1.466
41.2,89.9,1.314,1.472
41.2,90.5,0.289,1.477
41.2,91.0,-0.673,1.483
41.2,91.5,1.507,1.488
41.2,92.0,0.481,1.494
41.2,92.5,-0.481,1.499
41.2,93.0,-1.507,1.504
41.2,93.5,0.673,1.510
41.2,94.0,-0.353,1.515
41.2,94.5,-1.314,1.520
41.2,95.0,0.801,1.525
41.2,95.5,-0.160,1.531
41.2,96.0,-1.186,1.535
41.2,96.5,0.994,1.541
41.2,97.0,-0.032,1.546
41.2,97.5,-0.994,1.552
41.2,98.0,1.122,1.556
41.2,98.5,0.160,1.562
41.2,99.0,-0.866,1.566
41.2,99.5,1.314,1.572
41.2,100.0,0.289,1.576
41.7,0.0,1.058,0.194
41.7,0.5,0.160,0.202
41.7,1.0,-0.737,0.210
41.7,1.5,1.443,0.218
41.7,2.0,0.545,0.226
41.7,2.5,-0.353,0.234
41.7,3.0,-1.314,0.242
41.7,3.5,0.930,0.250
41.7,4.0,-0.032,0.258
41.7,4.5,-0.930,0.267
41.7,5.0,1.314,0.275
41.7,5.5,0.353,0.283
41.7,6.0,-0.545,0.291
41.7,6.5,-1.507,0.299
41.7,7.0,0.737,0.307
41.7,7.5,-0.224,0.315
41.7,8.0,-1.122,0.323
41.7,8.5,1.058,0.331
41.7,9.0,0.160,0.339
41.7,9.5,-0.737,0.347
41.7,10.1,1.443,0.355
41.7,10.6,0.545,0.363
41.7,11.1,-0.417,0.371
41.7,11.6,-1.314,0.379
41.7,12.1,0.866,0.387
41.7,12.6,-0.032,0.395
41.7,13.1,-0.994,0.403
41.7,13.6,1.250,0.411
41.7,14.1,0.289,0.419
41.7,14.6,-0.609,0.427
41.7,15.1,1.571,0.435
41.7,15.6,0.609,0.442
41.7,16.1,-0.289,0.450
41.7,16.6,-1.250,0.458
41.7,17.1,0.994,0.466
41.7,17.6,0.032,0.474
41.7,18.1,-0.866,0.482
41.7,18.6,1.314,0.490
41.7,19.1,0.417,0.498
41.7,19.6,-0.545,0.506
41.7,20.1,-1.507,0.513
41.7,20.6,0.737,0.521
41.7,21.1,-0.224,0.529
41.7,21.6,-1.122,0.537
41.7,22.1,1.058,0.545
41.7,22.6,0.096,0.553
41.7,23.1,-0.801,0.560
41.7,23.6,1.378,0.568
41.7,24.1,0.417,0.576
41.7,24.6,-0.481,0.584
41.7,25.1,-1.443,0.592
41.7,25.6,0.737,0.599
41.7,26.1,-0.160,0.607
41.7,26.6,-1.122,0.615
41.7,27.1,1.058,0.622
41.7,27.6,0.160,0.630
41.7,28.1,-0.801,0.638
41.7,28.6,1.378,0.646
41.7,29.1,0.481,0.653
41.7,29.6,-0.481,0.661
41.7,30.2,-1.443,0.669
41.7,30.7,0.801,0.676
41.7,31.2,-0.160,0.684
41.7,31.7,-1.122,0.692
41.7,32.2,1.058,0.699
41.7,32.7,0.160,0.707
41.7,33.2,-0.801,0.715
41.7,33.7,1.378,0.722
41.7,34.2,0.417,0.730
41.7,34.7,-0.481,0.737
41.7,35.2,-1.443,0.745
41.7,35.7,0.737,0.752
41.7,36.2,-0.224,0.760
41.7,36.7,-1.122,0.767
41.7,37.2,1.058,0.775
41.7,37.7,0.096,0.782
41.7,38.2,-0.866,0.790
41.7,38.7,1.314,0.797
41.7,39.2,0.417,0.805
41.7,39.7,-0.545,0.812
41.7,40.2,-1.507,0.820
41.7,40.7,0.673,0.827
41.7,41.2,-0.289,0.834
41.7,41.7,-1.250,0.842
41.7,42.2,0.994,0.849
41.7,42.7,0.032,0.856
41.7,43.2,-0.930,0.864
41.7,43.7,1.250,0.871
41.7,44.2,0.289,0.879
41.7,44.7,-0.673,0.886
41.7,45.2,1.507,0.893
41.7,45.7,0.545,0.900
41.7,46.2,-0.353,0.907
41.7,46.7,-1.314,0.915
41.7,47.2,0.866,0.922
41.7,47.7,-0.096,0.929
41.7,48.2,-1.058,0.936
41.7,48.7,1.122,0.944
41.7,49.2,0.160,0.951
41.7,49.7,-0.801,0.958
41.7,50.3,1.378,0.965
41.7,50.8,0.417,0.972
41.7,51.3,-0.545,0.979
41.7,51.8,-1.507,0.986
41.7,52.3,0.673,0.993
41.7,52.8,-0.289,1.000
41.7,53.3,-1.250,1.007
41.7,53.8,0.930,1.014
41.7,54.3,-0.032,1.021
41.7,54.8,-0.994,1.028
41.7,55.3,1.186,1.035
41.7,55.8,0.224,1.042
41.7,56.3,-0.737,1.049
41.7,56.8,1.443,1.056
41.7,57.3,0.481,1.063
41.7,57.8,-0.481,1.070
41.7,58.3,-1.443,1.077
41.7,58.8,0.737,1.083
41.7,59.3,-0.224,1.090
41.7,59.8,-1.186,1.097
41.7,60.3,0.994,1.104
41.7,60.8,0.032,1.111
41.7,61.3,-0.930,1.118
41.7,61.8,1.250,1.124
41.7,62.3,0.289,1.131
41.7,62.8,-0.673,1.138
41.7,63.3,1.507,1.144
41.7,63.8,0.545,1.151
41.7,64.3,-0.481,1.157
41.7,64.8,-1.443,1.164
41.7,65.3,0.737,1.171
41.7,65.8,-0.224,1.177
41.7,66.3,-1.186,1.184
41.7,66.8,0.994,1.190
41.7,67.3,0.032,1.197
41.7,67.8,-0.930,1.203
41.7,68.3,1.186,1.210
41.7,68.8,0.224,1.216
41.7,69.3,-0.737,1.223
41.7,69.8,1.443,1.229
41.7,70.4,0.481,1.236
41.7,70.9,-0.481,1.242
41.7,71.4,-1.507,1.248
41.7,71.9,0.673,1.255
41.7,72.4,-0.289,1.261
41.7,72.9,-1.250,1.267
41.7,73.4,0.930,1.273
41.7,73.9,-0.096,1.280
41.7,74.4,-1.058,1.286
41.7,74.9,1.122,1.292
41.7,75.4,0.160,1.298
41.7,75.9,-0.866,1.304
41.7,76.4,1.314,1.311
41.7,76.9,0.353,1.317
41.7,77.4,-0.609,1.323
41.7,77.9,1.507,1.329
41.7,78.4,0.545,1.335
41.7,78.9,-0.417,1.341
41.7,79.4,-1.378,1.347
41.7,79.9,0.737,1.353
41.7,80.4,-0.224,1.359
41.7,80.9,-1.186,1.365
41.7,81.4,0.930,1.371
41.7,81.9,-0.032,1.377
41.7,82.4,-0.994,1.383
41.7,82.9,1.122,1.388
41.7,83.4,0.160,1.395
41.7,83.9,-0.801,1.400
41.7,84.4,1.314,1.406
41.7,84.9,0.353,1.412
41.7,85.4,-0.609,1.417
41.7,85.9,1.507,1.423
41.7,86.4,0.545,1.429
41.7,86.9,-0.417,1.434
41.7,87.4,-1.443,1.440
41.7,87.9,0.737,1.446
41.7,88.4,-0.289,1.451
41.7,88.9,-1.250,1.457
41.7,89.4,0.930,1.462
41.7,89.9,-0.096,1.468
41.7,90.5,-1.058,1.474
41.7,91.0,1.058,1.479
41.7,91.5,0.096,1.485
41.7,92.0,-0.866,1.490
41.7,92.5,1.250,1.495
41.7,93.0,0.289,1.501
41.7,93.5,-0.737,1.506
41.7,94.0,1.443,1.512
41.7,94.5,0.417,1.516
41.7,95.0,-0.545,1.522
41.7,95.5,-1.571,1.527
41.7,96.0,0.609,1.533
41.7,96.5,-0.417,1.537
41.7,97.0,-1.378,1.543
41.7,97.5,0.737,1.547
41.7,98.0,-0.224,1.553
41.7,98.5,-1.250,1.558
41.7,99.0,0.930,1.564
41.7,99.5,-0.096,1.568
41.7,100.0,-1.058,1.574
42.2,0.0,-0.353,0.188
42.2,0.5,-1.250,0.197
42.2,1.0,0.930,0.205
42.2,1.5,0.032,0.213
42.2,2.0,-0.866,0.221
42.2,2.5,1.314,0.229
42.2,3.0,0.417,0.237
42.2,3.5,-0.481,0.245
42.2,4.0,-1.443,0.253
42.2,4.5,0.801,0.261
42.2,5.0,-0.160,0.269
42.2,5.5,-1.058,0.277
42.2,6.0,1.186,0.285
42.2,6.5,0.224,0.293
42.2,7.0,-0.673,0.301
42.2,7.5,1.507,0.309
42.2,8.0,0.609,0.317
42.2,8.5,-0.353,0.325
42.2,9.0,-1.250,0.334
42.2,9.5,0.930,0.341
42.2,10.1,0.032,0.350
42.2,10.6,-0.930,0.357
42.2,11.1,1.314,0.366
42.2,11.6,0.353,0.373
42.2,12.1,-0.545,0.382
42.2,12.6,-1.507,0.389
42.2,13.1,0.737,0.398
42.2,13.6,-0.224,0.405
42.2,14.1,-1.122,0.413
42.2,14.6,1.058,0.421
42.2,15.1,0.160,0.429
42.2,15.6,-0.801,0.437
42.2,16.1,1.443,0.445
42.2,16.6,0.481,0.453
42.2,17.1,-0.417,0.461
42.2,17.6,-1.378,0.469
42.2,18.1,0.866,0.477
42.2,18.6,-0.096,0.485
42.2,19.1,-1.058,0.492
42.2,19.6,1.186,0.500
42.2,20.1,0.224,0.508
42.2,20.6,-0.673,0.516
42.2,21.1,1.507,0.524
42.2,21.6,0.545,0.532
42.2,22.1,-0.353,0.540
42.2,22.6,-1.314,0.548
42.2,23.1,0.930,0.555
42.2,23.6,-0.032,0.563
42.2,24.1,-0.994,0.571
42.2,24.6,1.250,0.579
42.2,25.1,0.289,0.587
42.2,25.6,-0.673,0.594
42.2,26.1,1.571,0.602
42.2,26.6,0.609,0.610
42.2,27.1,-0.353,0.617
42.2,27.6,-1.250,0.625
42.2,28.1,0.930,0.633
42.2,28.6,-0.032,0.641
42.2,29.1,-0.930,0.648
42.2,29.6,1.250,0.656
42.2,30.2,0.289,0.664
42.2,30.7,-0.609,0.671
42.2,31.2,1.571,0.679
42.2,31.7,0.609,0.687
42.2,32.2,-0.353,0.694
42.2,32.7,-1.250,0.702
42.2,33.2,0.930,0.710
42.2,33.7,-0.032,0.717
42.2,34.2,-0.994,0.724
42.2,34.7,1.250,0.732
42.2,35.2,0.289,0.740
42.2,35.7,-0.673,0.747
42.2,36.2,1.507,0.755
42.2,36.7,0.609,0.762
42.2,37.2,-0.353,0.770
42.2,37.7,-1.314,0.777
42.2,38.2,0.866,0.785
42.2,38.7,-0.096,0.792
42.2,39.2,-0.994,0.800
42.2,39.7,1.186,0.807
42.2,40.2,0.224,0.815
42.2,40.7,-0.737,0.822
42.2,41.2,1.443,0.829
42.2,41.7,0.481,0.837
42.2,42.2,-0.417,0.844
42.2,42.7,-1.378,0.852
42.2,43.2,0.801,0.859
42.2,43.7,-0.160,0.866
42.2,44.2,-1.122,0.874
42.2,44.7,1.058,0.881
42.2,45.2,0.096,0.888
42.2,45.7,-0.801,0.895
42.2,46.2,1.378,0.903
42.2,46.7,0.417,0.910
42.2,47.2,-0.545,0.917
42.2,47.7,-1.507,0.925
42.2,48.2,0.673,0.932
42.2,48.7,-0.289,0.939
42.2,49.2,-1.250,0.946
42.2,49.7,0.930,0.953
42.2,50.3,-0.032,0.960
42.2,50.8,-0.994,0.967
42.2,51.3,1.186,0.974
42.2,51.8,0.289,0.981
42.2,52.3,-0.673,0.988
42.2,52.8,1.507,0.995
42.2,53.3,0.545,1.002
42.2,53.8,-0.417,1.010
42.2,54.3,-1.378,1.017
42.2,54.8,0.801,1.024
42.2,55.3,-0.160,1.031
42.2,55.8,-1.122,1.038
42.2,56.3,1.058,1.044
42.2,56.8,0.096,1.051
42.2,57.3,-0.866,1.058
42.2,57.8,1.314,1.065
42.2,58.3,0.353,1.072
42.2,58.8,-0.609,1.079
42.2,59.3,1.507,1.085
42.2,59.8,0.545,1.092
42.2,60.3,-0.417,1.099
42.2,60.8,-1.378,1.106
42.2,61.3,0.801,1.113
42.2,61.8,-0.160,1.120
42.2,62.3,-1.122,1.127
42.2,62.8,1.058,1.133
42.2,63.3,0.096,1.140
42.2,63.8,-0.866,1.147
42.2,64.3,1.314,1.153
42.2,64.8,0.353,1.160
42.2,65.3,-0.673,1.166
42.2,65.8,1.507,1.173
42.2,66.3,0.545,1.180
42.2,66.8,-0.417,1.186
42.2,67.3,-1.378,1.193
42.2,67.8,0.801,1.199
42.2,68.3,-0.160,1.206
42.2,68.8,-1.122,1.212
42.2,69.3,0.994,1.218
42.2,69.8,0.032,1.225
42.2,70.4,-0.930,1.232
42.2,70.9,1.250,1.238
42.2,71.4,0.289,1.244
42.2,71.9,-0.737,1.250
42.2,72.4,1.443,1.257
42.2,72.9,0.481,1.263
42.2,73.4,-0.481,1.270
42.2,73.9,-1.443,1.276
42.2,74.4,0.673,1.282
42.2,74.9,-0.289,1.288
42.2,75.4,-1.250,1.294
42.2,75.9,0.930,1.301
42.2,76.4,-0.032,1.306
42.2,76.9,-1.058,1.313
42.2,77.4,1.122,1.319
42.2,77.9,0.160,1.325
42.2,78.4,-0.866,1.331
42.2,78.9,1.314,1.337
42.2,79.4,0.353,1.343
42.2,79.9,-0.609,1.349
42.2,80.4,1.507,1.355
42.2,80.9,0.545,1.361
42.2,81.4,-0.417,1.367
42.2,81.9,-1.443,1.373
42.2,82.4,0.737,1.379
42.2,82.9,-0.224,1.385
42.2,83.4,-1.186,1.390
42.2,83.9,0.930,1.396
42.2,84.4,-0.032,1.402
42.2,84.9,-1.058,1.407
42.2,85.4,1.122,1.414
42.2,85.9,0.160,1.420
42.2,86.4,-0.866,1.425
42.2,86.9,1.314,1.431
42.2,87.4,0.353,1.436
42.2,87.9,-0.673,1.442
42.2,88.4,1.507,1.448
42.2,88.9,0.545,1.453
42.2,89.4,-0.481,1.459
42.2,89.9,-1.443,1.464
42.2,90.5,0.673,1.470
42.2,91.0,-0.289,1.476
42.2,91.5,-1.250,1.480
42.2,92.0,0.866,1.487
42.2,92.5,-0.096,1.492
42.2,93.0,-1.122,1.497
42.2,93.5,1.058,1.503
42.2,94.0,0.032,1.508
42.2,94.5,-0.930,1.513
42.2,95.0,1.186,1.518
42.2,95.5,0.224,1.524
42.2,96.0,-0.801,1.529
42.2,96.5,1.378,1.534
42.2,97.0,0.353,1.539
42.2,97.5,-0.609,1.545
42.2,98.0,1.571,1.549
42.2,98.5,0.545,1.555
42.2,99.0,-0.417,1.559
42.2,99.5,-1.443,1.565
42.2,100.0,0.673,1.570
42.7,0.0,1.378,0.183
42.7,0.5,0.481,0.191
42.7,1.0,-0.481,0.199
42.7,1.5,-1.378,0.207
42.7,2.0,0.866,0.215
42.7,2.5,-0.096,0.223
42.7,3.0,-0.994,0.232
42.7,3.5,1.186,0.240
42.7,4.0,0.289,0.248
42.7,4.5,-0.609,0.256
42.7,5.0,-1.571,0.264
42.7,5.5,0.673,0.272
42.7,6.0,-0.289,0.280
42.7,6.5,-1.186,0.288
42.7,7.0,0.994,0.296
42.7,7.5,0.096,0.304
42.7,8.0,-0.801,0.312
42.7,8.5,1.378,0.320
42.7,9.0,0.481,0.328
42.7,9.5,-0.481,0.336
42.7,10.1,-1.378,0.344
42.7,10.6,0.801,0.352
42.7,11.1,-0.096,0.360
42.7,11.6,-1.058,0.368
42.7,12.1,1.186,0.376
42.7,12.6,0.224,0.384
42.7,13.1,-0.673,0.392
42.7,13.6,1.507,0.400
42.7,14.1,0.609,0.408
42.7,14.6,-0.353,0.416
42.7,15.1,-1.250,0.424
42.7,15.6,0.930,0.432
42.7,16.1,0.032,0.440
42.7,16.6,-0.930,0.448
42.7,17.1,1.314,0.456
42.7,17.6,0.353,0.464
42.7,18.1,-0.609,0.471
42.7,18.6,-1.507,0.479
42.7,19.1,0.673,0.487
42.7,19.6,-0.224,0.495
42.7,20.1,-1.186,0.503
42.7,20.6,1.058,0.511
42.7,21.1,0.096,0.519
42.7,21.6,-0.866,0.527
42.7,22.1,1.378,0.534
42.7,22.6,0.417,0.542
42.7,23.1,-0.481,0.550
42.7,23.6,-1.443,0.558
42.7,24.1,0.737,0.566
42.7,24.6,-0.160,0.573
42.7,25.1,-1.122,0.581
42.7,25.6,1.058,0.589
42.7,26.1,0.160,0.597
42.7,26.6,-0.801,0.605
42.7,27.1,1.378,0.612
42.7,27.6,0.481,0.620
42.7,28.1,-0.481,0.628
42.7,28.6,-1.443,0.635
42.7,29.1,0.801,0.643
42.7,29.6,-0.160,0.651
42.7,30.2,-1.122,0.659
42.7,30.7,1.122,0.666
42.7,31.2,0.160,0.674
42.7,31.7,-0.801,0.682
42.7,32.2,1.378,0.689
42.7,32.7,0.481,0.697
42.7,33.2,-0.481,0.705
42.7,33.7,-1.443,0.712
42.7,34.2,0.737,0.719
42.7,34.7,-0.160,0.727
42.7,35.2,-1.122,0.735
42.7,35.7,1.058,0.742
42.7,36.2,0.096,0.750
42.7,36.7,-0.801,0.757
42.7,37.2,1.378,0.765
42.7,37.7,0.417,0.772
42.7,38.2,-0.545,0.780
42.7,38.7,-1.507,0.787
42.7,39.2,0.737,0.795
42.7,39.7,-0.224,0.802
42.7,40.2,-1.186,0.810
42.7,40.7,0.994,0.817
42.7,41.2,0.032,0.824
42.7,41.7,-0.866,0.832
42.7,42.2,1.314,0.839
42.7,42.7,0.353,0.847
42.7,43.2,-0.609,0.854
42.7,43.7,-1.571,0.861
42.7,44.2,0.609,0.869
42.7,44.7,-0.353,0.876
42.7,45.2,-1.250,0.883
42.7,45.7,0.930,0.891
42.7,46.2,-0.032,0.898
42.7,46.7,-0.994,0.905
42.7,47.2,1.186,0.912
42.7,47.7,0.224,0.920
42.7,48.2,-0.737,0.927
42.7,48.7,1.443,0.934
42.7,49.2,0.481,0.941
42.7,49.7,-0.481,0.948
42.7,50.3,-1.443,0.955
42.7,50.8,0.801,0.962
42.7,51.3,-0.160,0.970
42.7,51.8,-1.122,0.977
42.7,52.3,1.058,0.984
42.7,52.8,0.096,0.991
42.7,53.3,-0.866,0.998
42.7,53.8,1.314,1.005
42.7,54.3,0.353,1.012
42.7,54.8,-0.609,1.019
42.7,55.3,1.571,1.026
42.7,55.8,0.609,1.033
42.7,56.3,-0.353,1.040
42.7,56.8,-1.314,1.047
42.7,57.3,0.866,1.054
42.7,57.8,-0.096,1.061
42.7,58.3,-1.058,1.068
42.7,58.8,1.122,1.074
42.7,59.3,0.160,1.081
42.7,59.8,-0.801,1.088
42.7,60.3,1.378,1.095
42.7,60.8,0.417,1.101
42.7,61.3,-0.609,1.108
42.7,61.8,-1.571,1.115
42.7,62.3,0.609,1.122
42.7,62.8,-0.353,1.129
42.7,63.3,-1.314,1.135
42.7,63.8,0.866,1.142
42.7,64.3,-0.096,1.149
42.7,64.8,-1.058,1.155
42.7,65.3,1.122,1.162
42.7,65.8,0.160,1.168
42.7,66.3,-0.801,1.175
42.7,66.8,1.314,1.182
42.7,67.3,0.353,1.188
42.7,67.8,-0.609,1.195
42.7,68.3,1.571,1.201
42.7,68.8,0.609,1.208
42.7,69.3,-0.353,1.214
42.7,69.8,-1.314,1.220
42.7,70.4,0.801,1.227
42.7,70.9,-0.160,1.234
42.7,71.4,-1.122,1.240
42.7,71.9,1.058,1.246
42.7,72.4,0.096,1.252
42.7,72.9,-0.930,1.259
42.7,73.4,1.250,1.265
42.7,73.9,0.289,1.272
42.7,74.4,-0.673,1.278
42.7,74.9,1.507,1.284
42.7,75.4,0.481,1.290
42.7,75.9,-0.481,1.297
42.7,76.4,-1.443,1.303
42.7,76.9,0.737,1.309
42.7,77.4,-0.289,1.315
42.7,77.9,-1.250,1.321
42.7,78.4,0.930,1.327
42.7,78.9,-0.032,1.333
42.7,79.4,-1.058,1.339
42.7,79.9,1.122,1.345
42.7,80.4,0.160,1.351
42.7,80.9,-0.866,1.357
42.7,81.4,1.314,1.363
42.7,81.9,0.353,1.369
42.7,82.4,-0.609,1.375
42.7,82.9,1.507,1.381
42.7,83.4,0.545,1.387
42.7,83.9,-0.417,1.392
42.7,84.4,-1.443,1.398
42.7,84.9,0.737,1.404
42.7,85.4,-0.224,1.410
42.7,85.9,-1.250,1.416
42.7,86.4,0.930,1.422
42.7,86.9,-0.096,1.427
42.7,87.4,-1.058,1.433
42.7,87.9,1.122,1.438
42.7,88.4,0.096,1.444
42.7,88.9,-0.866,1.450
42.7,89.4,1.314,1.455
42.7,89.9,0.289,1.461
42.7,90.5,-0.673,1.466
42.7,91.0,1.443,1.472
42.7,91.5,0.481,1.478
42.7,92.0,-0.481,1.482
42.7,92.5,-1.507,1.488
42.7,93.0,0.673,1.494
42.7,93.5,-0.353,1.499
42.7,94.0,-1.314,1.504
42.7,94.5,0.801,1.510
42.7,95.0,-0.160,1.515
42.7,95.5,-1.186,1.520
42.7,96.0,0.994,1.526
42.7,96.5,-0.032,1.530
42.7,97.0,-0.994,1.536
42.7,97.5,1.186,1.541
42.7,98.0,0.160,1.547
42.7,98.5,-0.801,1.551
42.7,99.0,1.314,1.557
42.7,99.5,0.353,1.561
42.7,100.0,-0.673,1.567
43.2,0.0,-0.032,0.178
43.2,0.5,-0.994,0.186
43.2,1.0,1.250,0.194
43.2,1.5,0.353,0.202
43.2,2.0,-0.609,0.210
43.2,2.5,-1.507,0.218
43.2,3.0,0.737,0.226
43.2,3.5,-0.224,0.234
43.2,4.0,-1.122,0.242
43.2,4.5,1.058,0.250
43.2,5.0,0.160,0.258
43.2,5.5,-0.737,0.266
43.2,6.0,1.443,0.275
43.2,6.5,0.545,0.283
43.2,7.0,-0.417,0.291
43.2,7.5,-1.314,0.299
43.2,8.0,0.866,0.307
43.2,8.5,-0.032,0.315
43.2,9.0,-0.994,0.323
43.2,9.5,1.250,0.331
43.2,10.1,0.353,0.339
43.2,10.6,-0.609,0.347
43.2,11.1,-1.507,0.355
43.2,11.6,0.673,0.363
43.2,12.1,-0.224,0.371
43.2,12.6,-1.186,0.379
43.2,13.1,1.058,0.387
43.2,13.6,0.096,0.395
43.2,14.1,-0.801,0.403
43.2,14.6,1.378,0.411
43.2,15.1,0.481,0.419
43.2,15.6,-0.481,0.427
43.2,16.1,-1.378,0.434
43.2,16.6,0.801,0.443
43.2,17.1,-0.160,0.450
43.2,17.6,-1.058,0.458
43.2,18.1,1.122,0.466
43.2,18.6,0.224,0.474
43.2,19.1,-0.737,0.482
43.2,19.6,1.507,0.490
43.2,20.1,0.545,0.498
43.2,20.6,-0.417,0.505
43.2,21.1,-1.314,0.514
43.2,21.6,0.866,0.521
43.2,22.1,-0.032,0.529
43.2,22.6,-0.994,0.537
43.2,23.1,1.186,0.545
43.2,23.6,0.289,0.553
43.2,24.1,-0.673,0.561
43.2,24.6,1.571,0.568
43.2,25.1,0.609,0.576
43.2,25.6,-0.353,0.584
43.2,26.1,-1.250,0.592
43.2,26.6,0.930,0.599
43.2,27.1,-0.032,0.607
43.2,27.6,-0.930,0.615
43.2,28.1,1.250,0.623
43.2,28.6,0.289,0.630
43.2,29.1,-0.609,0.638
43.2,29.6,1.571,0.646
43.2,30.2,0.609,0.653
43.2,30.7,-0.289,0.661
43.2,31.2,-1.250,0.669
43.2,31.7,0.930,0.677
43.2,32.2,-0.032,0.684
43.2,32.7,-0.930,0.692
43.2,33.2,1.250,0.699
43.2,33.7,0.289,0.707
43.2,34.2,-0.673,0.714
43.2,34.7,1.571,0.722
43.2,35.2,0.609,0.730
43.2,35.7,-0.353,0.737
43.2,36.2,-1.314,0.745
43.2,36.7,0.930,0.752
43.2,37.2,-0.032,0.760
43.2,37.7,-0.994,0.767
43.2,38.2,1.186,0.775
43.2,38.7,0.289,0.782
43.2,39.2,-0.673,0.790
43.2,39.7,1.507,0.797
43.2,40.2,0.545,0.805
43.2,40.7,-0.417,0.812
43.2,41.2,-1.378,0.819
43.2,41.7,0.866,0.827
43.2,42.2,-0.096,0.834
43.2,42.7,-1.058,0.842
43.2,43.2,1.122,0.849
43.2,43.7,0.160,0.857
43.2,44.2,-0.801,0.864
43.2,44.7,1.443,0.871
43.2,45.2,0.481,0.878
43.2,45.7,-0.481,0.886
43.2,46.2,-1.443,0.893
43.2,46.7,0.737,0.900
43.2,47.2,-0.224,0.908
43.2,47.7,-1.186,0.915
43.2,48.2,0.994,0.922
43.2,48.7,0.032,0.929
43.2,49.2,-0.930,0.936
43.2,49.7,1.314,0.943
43.2,50.3,0.353,0.951
43.2,50.8,-0.609,0.958
43.2,51.3,1.571,0.965
43.2,51.8,0.609,0.972
43.2,52.3,-0.353,0.979
43.2,52.8,-1.314,0.986
43.2,53.3,0.866,0.993
43.2,53.8,-0.096,1.001
43.2,54.3,-1.058,1.008
43.2,54.8,1.122,1.015
43.2,55.3,0.160,1.022
43.2,55.8,-0.801,1.029
43.2,56.3,1.378,1.036
43.2,56.8,0.417,1.042
43.2,57.3,-0.545,1.049
43.2,57.8,-1.507,1.056
43.2,58.3,0.673,1.063
43.2,58.8,-0.289,1.070
43.2,59.3,-1.250,1.077
43.2,59.8,0.930,1.084
43.2,60.3,-0.032,1.090
43.2,60.8,-0.994,1.097
43.2,61.3,1.186,1.104
43.2,61.8,0.224,1.111
43.2,62.3,-0.737,1.117
43.2,62.8,1.378,1.124
43.2,63.3,0.417,1.131
43.2,63.8,-0.545,1.138
43.2,64.3,-1.507,1.144
43.2,64.8,0.673,1.151
43.2,65.3,-0.289,1.158
43.2,65.8,-1.250,1.164
43.2,66.3,0.930,1.171
43.2,66.8,-0.032,1.177
43.2,67.3,-0.994,1.184
43.2,67.8,1.122,1.190
43.2,68.3,0.160,1.197
43.2,68.8,-0.801,1.204
43.2,69.3,1.378,1.210
43.2,69.8,0.417,1.217
43.2,70.4,-0.545,1.223
43.2,70.9,-1.571,1.229
43.2,71.4,0.609,1.236
43.2,71.9,-0.353,1.242
43.2,72.4,-1.314,1.249
43.2,72.9,0.866,1.255
43.2,73.4,-0.096,1.261
43.2,73.9,-1.122,1.267
43.2,74.4,1.058,1.274
43.2,74.9,0.096,1.280
43.2,75.4,-0.866,1.286
43.2,75.9,1.250,1.292
43.2,76.4,0.289,1.299
43.2,76.9,-0.673,1.305
43.2,77.4,1.507,1.311
43.2,77.9,0.481,1.317
43.2,78.4,-0.481,1.323
43.2,78.9,-1.443,1.329
43.2,79.4,0.737,1.335
43.2,79.9,-0.289,1.341
43.2,80.4,-1.250,1.347
43.2,80.9,0.930,1.353
43.2,81.4,-0.032,1.359
43.2,81.9,-1.058,1.365
43.2,82.4,1.122,1.371
43.2,82.9,0.160,1.377
43.2,83.4,-0.866,1.383
43.2,83.9,1.314,1.389
43.2,84.4,0.353,1.394
43.2,84.9,-0.673,1.400
43.2,85.4,1.507,1.406
43.2,85.9,0.545,1.412
43.2,86.4,-0.481,1.418
43.2,86.9,-1.443,1.424
43.2,87.4,0.737,1.429
43.2,87.9,-0.289,1.435
43.2,88.4,-1.250,1.440
43.2,88.9,0.866,1.446
43.2,89.4,-0.096,1.452
43.2,89.9,-1.058,1.457
43.2,90.5,1.058,1.463
43.2,91.0,0.096,1.468
43.2,91.5,-0.930,1.473
43.2,92.0,1.250,1.479
43.2,92.5,0.289,1.484
43.2,93.0,-0.737,1.490
43.2,93.5,1.443,1.495
43.2,94.0,0.417,1.501
43.2,94.5,-0.545,1.506
43.2,95.0,-1.571,1.511
43.2,95.5,0.609,1.517
43.2,96.0,-0.417,1.522
43.2,96.5,-1.378,1.528
43.2,97.0,0.801,1.532
43.2,97.5,-0.224,1.538
43.2,98.0,-1.186,1.543
43.2,98.5,0.930,1.548
43.2,99.0,-0.032,1.553
43.2,99.5,-1.058,1.559
43.2,100.0,1.122,1.563
43.7,0.0,-1.507,0.172
43.7,0.5,0.737,0.180
43.7,1.0,-0.160,0.188
43.7,1.5,-1.122,0.196
43.7,2.0,1.122,0.205
43.7,2.5,0.224,0.213
43.7,3.0,-0.737,0.221
43.7,3.5,1.507,0.229
43.7,4.0,0.609,0.237
43.7,4.5,-0.353,0.245
43.7,5.0,-1.250,0.253
43.7,5.5,0.930,0.261
43.7,6.0,0.032,0.269
43.7,6.5,-0.930,0.277
43.7,7.0,1.314,0.285
43.7,7.5,0.417,0.293
43.7,8.0,-0.545,0.301
43.7,8.5,-1.443,0.309
43.7,9.0,0.737,0.317
43.7,9.5,-0.160,0.325
43.7,10.1,-1.122,0.333
43.7,10.6,1.122,0.342
43.7,11.1,0.160,0.349
43.7,11.6,-0.737,0.358
43.7,12.1,1.507,0.365
43.7,12.6,0.545,0.374
43.7,13.1,-0.353,0.381
43.7,13.6,-1.314,0.389
43.7,14.1,0.930,0.397
43.7,14.6,-0.032,0.405
43.7,15.1,-0.994,0.413
43.7,15.6,1.250,0.421
43.7,16.1,0.289,0.429
43.7,16.6,-0.609,0.437
43.7,17.1,-1.571,0.445
43.7,17.6,0.673,0.453
43.7,18.1,-0.289,0.461
43.7,18.6,-1.186,0.469
43.7,19.1,0.994,0.477
43.7,19.6,0.096,0.485
43.7,20.1,-0.866,0.493
43.7,20.6,1.314,0.500
43.7,21.1,0.417,0.508
43.7,21.6,-0.545,0.516
43.7,22.1,-1.443,0.524
43.7,22.6,0.737,0.532
43.7,23.1,-0.224,0.540
43.7,23.6,-1.122,0.548
43.7,24.1,1.058,0.555
43.7,24.6,0.160,0.563
43.7,25.1,-0.801,0.571
43.7,25.6,1.378,0.579
43.7,26.1,0.481,0.586
43.7,26.6,-0.481,0.594
43.7,27.1,-1.443,0.602
43.7,27.6,0.801,0.610
43.7,28.1,-0.160,0.618
43.7,28.6,-1.122,0.625
43.7,29.1,1.122,0.633
43.7,29.6,0.160,0.641
43.7,30.2,-0.801,0.648
43.7,30.7,1.443,0.656
43.7,31.2,0.481,0.664
43.7,31.7,-0.481,0.671
43.7,32.2,-1.443,0.679
43.7,32.7,0.801,0.687
43.7,33.2,-0.160,0.694
43.7,33.7,-1.122,0.702
43.7,34.2,1.122,0.709
43.7,34.7,0.160,0.717
43.7,35.2,-0.801,0.725
43.7,35.7,1.378,0.732
43.7,36.2,0.417,0.740
43.7,36.7,-0.481,0.747
43.7,37.2,-1.443,0.755
43.7,37.7,0.737,0.762
43.7,38.2,-0.224,0.770
43.7,38.7,-1.122,0.777
43.7,39.2,1.058,0.785
43.7,39.7,0.096,0.792
43.7,40.2,-0.866,0.800
43.7,40.7,1.314,0.807
43.7,41.2,0.417,0.814
43.7,41.7,-0.545,0.822
43.7,42.2,-1.507,0.830
43.7,42.7,0.673,0.837
43.7,43.2,-0.289,0.844
43.7,43.7,-1.250,0.852
43.7,44.2,0.994,0.859
43.7,44.7,0.032,0.866
43.7,45.2,-0.930,0.874
43.7,45.7,1.250,0.881
43.7,46.2,0.289,0.888
43.7,46.7,-0.673,0.896
43.7,47.2,1.507,0.903
43.7,47.7,0.545,0.910
43.7,48.2,-0.417,0.917
43.7,48.7,-1.314,0.924
43.7,49.2,0.866,0.931
43.7,49.7,-0.096,0.939
43.7,50.3,-1.058,0.946
43.7,50.8,1.122,0.953
43.7,51.3,0.160,0.960
43.7,51.8,-0.801,0.968
43.7,52.3,1.378,0.975
43.7,52.8,0.417,0.982
43.7,53.3,-0.545,0.989
43.7,53.8,-1.507,0.996
43.7,54.3,0.673,1.003
43.7,54.8,-0.289,1.010
43.7,55.3,-1.250,1.017
43.7,55.8,0.930,1.024
43.7,56.3,-0.032,1.031
43.7,56.8,-0.994,1.038
43.7,57.3,1.186,1.045
43.7,57.8,0.224,1.052
43.7,58.3,-0.737,1.059
43.7,58.8,1.443,1.065
43.7,59.3,0.481,1.072
43.7,59.8,-0.481,1.079
43.7,60.3,-1.443,1.086
43.7,60.8,0.737,1.093
43.7,61.3,-0.224,1.100
43.7,61.8,-1.186,1.106
43.7,62.3,0.994,1.113
43.7,62.8,0.032,1.120
43.7,63.3,-0.930,1.126
43.7,63.8,1.250,1.133
43.7,64.3,0.224,1.140
43.7,64.8,-0.737,1.146
43.7,65.3,1.443,1.153
43.7,65.8,0.481,1.160
43.7,66.3,-0.481,1.167
43.7,66.8,-1.443,1.173
43.7,67.3,0.737,1.180
43.7,67.8,-0.224,1.186
43.7,68.3,-1.186,1.192
43.7,68.8,0.930,1.199
43.7,69.3,-0.032,1.206
43.7,69.8,-0.994,1.212
43.7,70.4,1.186,1.219
43.7,70.9,0.224,1.225
43.7,71.4,-0.737,1.231
43.7,71.9,1.378,1.238
43.7,72.4,0.417,1.244
43.7,72.9,-0.545,1.251
43.7,73.4,-1.507,1.257
43.7,73.9,0.673,1.263
43.7,74.4,-0.353,1.269
43.7,74.9,-1.314,1.276
43.7,75.4,0.866,1.282
43.7,75.9,-0.096,1.288
43.7,76.4,-1.058,1.294
43.7,76.9,1.058,1.301
43.7,77.4,0.096,1.307
43.7,77.9,-0.866,1.313
43.7,78.4,1.314,1.319
43.7,78.9,0.289,1.325
43.7,79.4,-0.673,1.331
43.7,79.9,1.507,1.337
43.7,80.4,0.481,1.343
43.7,80.9,-0.481,1.349
43.7,81.4,-1.443,1.355
43.7,81.9,0.737,1.361
43.7,82.4,-0.289,1.367
43.7,82.9,-1.250,1.373
43.7,83.4,0.930,1.379
43.7,83.9,-0.096,1.385
43.7,84.4,-1.058,1.391
43.7,84.9,1.122,1.396
43.7,85.4,0.096,1.402
43.7,85.9,-0.866,1.408
43.7,86.4,1.314,1.414
43.7,86.9,0.289,1.419
43.7,87.4,-0.673,1.425
43.7,87.9,1.507,1.431
43.7,88.4,0.481,1.437
43.7,88.9,-0.481,1.442
43.7,89.4,-1.507,1.447
43.7,89.9,0.673,1.454
43.7,90.5,-0.289,1.459
43.7,91.0,-1.314,1.465
43.7,91.5,0.866,1.470
43.7,92.0,-0.160,1.475
43.7,92.5,-1.122,1.481
43.7,93.0,1.058,1.486
43.7,93.5,0.032,1.492
43.7,94.0,-0.930,1.497
43.7,94.5,1.186,1.503
43.7,95.0,0.224,1.508
43.7,95.5,-0.801,1.513
43.7,96.0,1.378,1.519
43.7,96.5,0.353,1.523
43.7,97.0,-0.609,1.529
43.7,97.5,1.571,1.534
43.7,98.0,0.545,1.540
43.7,98.5,-0.417,1.544
43.7,99.0,-1.443,1.550
43.7,99.5,0.737,1.555
43.7,100.0,-0.289,1.560
44.2,0.0,0.224,0.167
44.2,0.5,-0.673,0.175
44.2,1.0,1.571,0.183
44.2,1.5,0.609,0.191
44.2,2.0,-0.289,0.199
44.2,2.5,-1.250,0.207
44.2,3.0,0.994,0.215
44.2,3.5,0.096,0.223
44.2,4.0,-0.866,0.231
44.2,4.5,1.378,0.240
44.2,5.0,0.481,0.248
44.2,5.5,-0.481,0.256
44.2,6.0,-1.378,0.264
44.2,6.5,0.801,0.272
44.2,7.0,-0.096,0.280
44.2,7.5,-1.058,0.288
44.2,8.0,1.186,0.296
44.2,8.5,0.289,0.304
44.2,9.0,-0.673,0.312
44.2,9.5,1.571,0.320
44.2,10.1,0.609,0.328
44.2,10.6,-0.289,0.336
44.2,11.1,-1.250,0.344
44.2,11.6,0.994,0.352
44.2,12.1,0.032,0.360
44.2,12.6,-0.866,0.368
44.2,13.1,1.314,0.376
44.2,13.6,0.417,0.384
44.2,14.1,-0.545,0.392
44.2,14.6,-1.443,0.400
44.2,15.1,0.737,0.408
44.2,15.6,-0.160,0.416
44.2,16.1,-1.122,0.424
44.2,16.6,1.122,0.432
44.2,17.1,0.160,0.440
44.2,17.6,-0.737,0.448
44.2,18.1,1.443,0.456
44.2,18.6,0.545,0.463
44.2,19.1,-0.417,0.472
44.2,19.6,-1.378,0.479
44.2,20.1,0.866,0.487
44.2,20.6,-0.096,0.495
44.2,21.1,-0.994,0.503
44.2,21.6,1.186,0.511
44.2,22.1,0.289,0.519
44.2,22.6,-0.673,0.527
44.2,23.1,1.507,0.534
44.2,23.6,0.609,0.542
44.2,24.1,-0.353,0.550
44.2,24.6,-1.314,0.558
44.2,25.1,0.930,0.566
44.2,25.6,-0.032,0.574
44.2,26.1,-0.930,0.581
44.2,26.6,1.250,0.589
44.2,27.1,0.289,0.597
44.2,27.6,-0.609,0.604
44.2,28.1,1.571,0.612
44.2,28.6,0.609,0.620
44.2,29.1,-0.289,0.628
44.2,29.6,-1.250,0.636
44.2,30.2,0.930,0.643
44.2,30.7,0.032,0.651
44.2,31.2,-0.930,0.659
44.2,31.7,1.250,0.666
44.2,32.2,0.289,0.674
44.2,32.7,-0.609,0.682
44.2,33.2,1.571,0.689
44.2,33.7,0.609,0.697
44.2,34.2,-0.289,0.704
44.2,34.7,-1.250,0.712
44.2,35.2,0.930,0.720
44.2,35.7,-0.032,0.727
44.2,36.2,-0.930,0.735
44.2,36.7,1.250,0.742
44.2,37.2,0.289,0.750
44.2,37.7,-0.673,0.757
44.2,38.2,1.507,0.765
44.2,38.7,0.609,0.772
44.2,39.2,-0.353,0.780
44.2,39.7,-1.314,0.787
44.2,40.2,0.866,0.795
44.2,40.7,-0.096,0.802
44.2,41.2,-0.994,0.810
44.2,41.7,1.186,0.817
44.2,42.2,0.224,0.825
44.2,42.7,-0.737,0.832
44.2,43.2,1.443,0.839
44.2,43.7,0.481,0.847
44.2,44.2,-0.417,0.854
44.2,44.7,-1.378,0.861
44.2,45.2,0.801,0.869
44.2,45.7,-0.160,0.876
44.2,46.2,-1.122,0.883
44.2,46.7,1.058,0.891
44.2,47.2,0.096,0.898
44.2,47.7,-0.866,0.905
44.2,48.2,1.378,0.912
44.2,48.7,0.417,0.920
44.2,49.2,-0.545,0.927
44.2,49.7,-1.507,0.934
44.2,50.3,0.673,0.941
44.2,50.8,-0.289,0.949
44.2,51.3,-1.250,0.956
44.2,51.8,0.930,0.963
44.2,52.3,-0.032,0.970
44.2,52.8,-0.994,0.977
44.2,53.3,1.186,0.984
44.2,53.8,0.224,0.991
44.2,54.3,-0.737,0.998
44.2,54.8,1.443,1.005
44.2,55.3,0.481,1.012
44.2,55.8,-0.481,1.019
44.2,56.3,-1.443,1.026
44.2,56.8,0.737,1.033
44.2,57.3,-0.224,1.040
44.2,57.8,-1.186,1.047
44.2,58.3,0.994,1.054
44.2,58.8,0.032,1.061
44.2,59.3,-0.930,1.068
44.2,59.8,1.250,1.075
44.2,60.3,0.289,1.081
44.2,60.8,-0.673,1.088
44.2,61.3,1.507,1.095
44.2,61.8,0.545,1.102
44.2,62.3,-0.417,1.109
44.2,62.8,-1.378,1.115
44.2,63.3,0.801,1.122
44.2,63.8,-0.160,1.129
44.2,64.3,-1.122,1.135
44.2,64.8,1.058,1.142
44.2,65.3,0.096,1.148
44.2,65.8,-0.930,1.155
44.2,66.3,1.250,1.162
44.2,66.8,0.289,1.169
44.2,67.3,-0.673,1.175
44.2,67.8,1.507,1.182
44.2,68.3,0.545,1.188
44.2,68.8,-0.417,1.195
44.2,69.3,-1.378,1.201
44.2,69.8,0.737,1.208
44.2,70.4,-0.224,1.214
44.2,70.9,-1.186,1.221
44.2,71.4,0.994,1.227
44.2,71.9,0.032,1.234
44.2,72.4,-0.930,1.240
44.2,72.9,1.186,1.246
44.2,73.4,0.224,1.253
44.2,73.9,-0.737,1.259
44.2,74.4,1.443,1.265
44.2,74.9,0.481,1.271
44.2,75.4,-0.545,1.278
44.2,75.9,-1.507,1.284
44.2,76.4,0.673,1.290
44.2,76.9,-0.289,1.296
44.2,77.4,-1.314,1.302
44.2,77.9,0.866,1.309
44.2,78.4,-0.096,1.315
44.2,78.9,-1.058,1.321
44.2,79.4,1.058,1.327
44.2,79.9,0.096,1.333
44.2,80.4,-0.866,1.339
44.2,80.9,1.314,1.345
44.2,81.4,0.289,1.351
44.2,81.9,-0.673,1.357
44.2,82.4,1.507,1.363
44.2,82.9,0.481,1.369
44.2,83.4,-0.481,1.375
44.2,83.9,-1.443,1.381
44.2,84.4,0.673,1.386
44.2,84.9,-0.289,1.393
44.2,85.4,-1.250,1.399
44.2,85.9,0.866,1.404
44.2,86.4,-0.096,1.410
44.2,86.9,-1.058,1.416
44.2,87.4,1.058,1.421
44.2,87.9,0.096,1.427
44.2,88.4,-0.866,1.433
44.2,88.9,1.250,1.438
44.2,89.4,0.289,1.444
44.2,89.9,-0.673,1.449
44.2,90.5,1.443,1.456
44.2,91.0,0.481,1.461
44.2,91.5,-0.545,1.466
44.2,92.0,-1.507,1.472
44.2,92.5,0.673,1.477
44.2,93.0,-0.353,1.483
44.2,93.5,-1.314,1.488
44.2,94.0,0.801,1.494
44.2,94.5,-0.160,1.499
44.2,95.0,-1.186,1.504
44.2,95.5,0.994,1.510
44.2,96.0,-0.032,1.515
44.2,96.5,-0.994,1.521
44.2,97.0,1.186,1.525
44.2,97.5,0.160,1.531
44.2,98.0,-0.801,1.536
44.2,98.5,1.314,1.542
44.2,99.0,0.353,1.546
44.2,99.5,-0.673,1.552
44.2,100.0,1.507,1.556
44.7,0.0,-1.186,0.161
44.7,0.5,1.058,0.169
44.7,1.0,0.096,0.177
44.7,1.5,-0.801,0.186
44.7,2.0,1.443,0.194
44.7,2.5,0.481,0.202
44.7,3.0,-0.417,0.210
44.7,3.5,-1.378,0.218
44.7,4.0,0.866,0.226
44.7,4.5,-0.032,0.234
44.7,5.0,-0.994,0.242
44.7,5.5,1.250,0.250
44.7,6.0,0.289,0.258
44.7,6.5,-0.609,0.266
44.7,7.0,-1.507,0.274
44.7,7.5,0.673,0.283
44.7,8.0,-0.224,0.291
44.7,8.5,-1.186,0.299
44.7,9.0,1.058,0.307
44.7,9.5,0.096,0.315
44.7,10.1,-0.801,0.323
44.7,10.6,1.443,0.331
44.7,11.1,0.481,0.339
44.7,11.6,-0.417,0.347
44.7,12.1,-1.378,0.355
44.7,12.6,0.866,0.363
44.7,13.1,-0.096,0.371
44.7,13.6,-0.994,0.379
44.7,14.1,1.186,0.387
44.7,14.6,0.289,0.395
44.7,15.1,-0.673,0.403
44.7,15.6,1.571,0.411
44.7,16.1,0.609,0.419
44.7,16.6,-0.289,0.427
44.7,17.1,-1.250,0.435
44.7,17.6,0.994,0.442
44.7,18.1,0.032,0.450
44.7,18.6,-0.930,0.458
44.7,19.1,1.314,0.466
44.7,19.6,0.353,0.474
44.7,20.1,-0.545,0.482
44.7,20.6,-1.507,0.490
44.7,21.1,0.737,0.498
44.7,21.6,-0.224,0.506
44.7,22.1,-1.186,0.513
44.7,22.6,1.058,0.521
44.7,23.1,0.096,0.529
44.7,23.6,-0.801,0.537
44.7,24.1,1.378,0.545
44.7,24.6,0.417,0.553
44.7,25.1,-0.481,0.561
44.7,25.6,-1.443,0.568
44.7,26.1,0.801,0.576
44.7,26.6,-0.160,0.584
44.7,27.1,-1.122,0.592
44.7,27.6,1.122,0.599
44.7,28.1,0.160,0.607
44.7,28.6,-0.801,0.615
44.7,29.1,1.443,0.622
44.7,29.6,0.481,0.630
44.7,30.2,-0.481,0.638
44.7,30.7,-1.378,0.646
44.7,31.2,0.801,0.654
44.7,31.7,-0.160,0.661
44.7,32.2,-1.122,0.669
44.7,32.7,1.122,0.676
44.7,33.2,0.160,0.684
44.7,33.7,-0.801,0.692
44.7,34.2,1.443,0.699
44.7,34.7,0.481,0.707
44.7,35.2,-0.481,0.715
44.7,35.7,-1.443,0.722
44.7,36.2,0.801,0.730
44.7,36.7,-0.160,0.737
44.7,37.2,-1.122,0.745
44.7,37.7,1.058,0.752
44.7,38.2,0.096,0.760
44.7,38.7,-0.801,0.767
44.7,39.2,1.378,0.775
44.7,39.7,0.417,0.783
44.7,40.2,-0.545,0.790
44.7,40.7,-1.507,0.797
44.7,41.2,0.737,0.805
44.7,41.7,-0.224,0.812
44.7,42.2,-1.186,0.820
44.7,42.7,0.994,0.827
44.7,43.2,0.032,0.834
44.7,43.7,-0.866,0.842
44.7,44.2,1.314,0.849
44.7,44.7,0.353,0.857
44.7,45.2,-0.609,0.864
44.7,45.7,-1.571,0.871
44.7,46.2,0.609,0.879
44.7,46.7,-0.353,0.886
44.7,47.2,-1.314,0.893
44.7,47.7,0.930,0.900
44.7,48.2,-0.032,0.908
44.7,48.7,-0.994,0.915
44.7,49.2,1.186,0.922
44.7,49.7,0.224,0.929
44.7,50.3,-0.737,0.937
44.7,50.8,1.443,0.944
44.7,51.3,0.481,0.951
44.7,51.8,-0.481,0.958
44.7,52.3,-1.443,0.965
44.7,52.8,0.737,0.972
44.7,53.3,-0.224,0.979
44.7,53.8,-1.186,0.986
44.7,54.3,0.994,0.993
44.7,54.8,0.096,1.000
44.7,55.3,-0.866,1.007
44.7,55.8,1.314,1.014
44.7,56.3,0.353,1.021
44.7,56.8,-0.609,1.028
44.7,57.3,1.571,1.035
44.7,57.8,0.609,1.042
44.7,58.3,-0.353,1.049
44.7,58.8,-1.314,1.056
44.7,59.3,0.866,1.063
44.7,59.8,-0.160,1.070
44.7,60.3,-1.122,1.077
44.7,60.8,1.058,1.083
44.7,61.3,0.096,1.090
44.7,61.8,-0.866,1.097
44.7,62.3,1.314,1.104
44.7,62.8,0.353,1.111
44.7,63.3,-0.609,1.118
44.7,63.8,-1.571,1.124
44.7,64.3,0.609,1.131
44.7,64.8,-0.353,1.138
44.7,65.3,-1.314,1.144
44.7,65.8,0.866,1.151
44.7,66.3,-0.096,1.157
44.7,66.8,-1.122,1.164
44.7,67.3,1.058,1.171
44.7,67.8,0.096,1.178
44.7,68.3,-0.866,1.184
44.7,68.8,1.314,1.191
44.7,69.3,0.353,1.197
44.7,69.8,-0.609,1.203
44.7,70.4,1.571,1.210
44.7,70.9,0.545,1.216
44.7,71.4,-0.417,1.223
44.7,71.9,-1.378,1.230
44.7,72.4,0.801,1.236
44.7,72.9,-0.160,1.242
44.7,73.4,-1.186,1.248
44.7,73.9,0.994,1.255
44.7,74.4,0.032,1.261
44.7,74.9,-0.930,1.268
44.7,75.4,1.250,1.274
44.7,75.9,0.224,1.280
44.7,76.4,-0.737,1.286
44.7,76.9,1.443,1.293
44.7,77.4,0.481,1.299
44.7,77.9,-0.481,1.304
44.7,78.4,-1.507,1.311
44.7,78.9,0.673,1.317
44.7,79.4,-0.289,1.323
44.7,79.9,-1.314,1.329
44.7,80.4,0.866,1.335
44.7,80.9,-0.096,1.342
44.7,81.4,-1.058,1.347
44.7,81.9,1.058,1.353
44.7,82.4,0.096,1.359
44.7,82.9,-0.866,1.365
44.7,83.4,1.250,1.371
44.7,83.9,0.289,1.377
44.7,84.4,-0.673,1.383
44.7,84.9,1.507,1.388
44.7,85.4,0.481,1.395
44.7,85.9,-0.481,1.401
44.7,86.4,-1.443,1.406
44.7,86.9,0.673,1.412
44.7,87.4,-0.289,1.418
44.7,87.9,-1.314,1.423
44.7,88.4,0.866,1.429
44.7,88.9,-0.096,1.435
44.7,89.4,-1.122,1.440
44.7,89.9,1.058,1.446
44.7,90.5,0.096,1.451
44.7,91.0,-0.930,1.457
44.7,91.5,1.250,1.463
44.7,92.0,0.224,1.468
44.7,92.5,-0.737,1.474
44.7,93.0,1.443,1.479
44.7,93.5,0.417,1.485
44.7,94.0,-0.545,1.490
44.7,94.5,-1.571,1.496
44.7,95.0,0.609,1.501
44.7,95.5,-0.417,1.506
44.7,96.0,-1.378,1.512
44.7,96.5,0.737,1.517
44.7,97.0,-0.224,1.522
44.7,97.5,-1.186,1.527
44.7,98.0,0.930,1.533
44.7,98.5,-0.032,1.538
44.7,99.0,-1.058,1.543
44.7,99.5,1.122,1.548
44.7,100.0,0.096,1.554
45.2,0.0,0.545,0.156
45.2,0.5,-0.417,0.164
45.2,1.0,-1.314,0.172
45.2,1.5,0.930,0.180
45.2,2.0,-0.032,0.188
45.2,2.5,-0.930,0.196
45.2,3.0,1.314,0.204
45.2,3.5,0.353,0.213
45.2,4.0,-0.545,0.221
45.2,4.5,-1.507,0.229
45.2,5.0,0.737,0.237
45.2,5.5,-0.160,0.245
45.2,6.0,-1.122,0.253
45.2,6.5,1.122,0.261
45.2,7.0,0.160,0.269
45.2,7.5,-0.737,0.277
45.2,8.0,1.507,0.285
45.2,8.5,0.545,0.293
45.2,9.0,-0.353,0.301
45.2,9.5,-1.314,0.309
45.2,10.1,0.930,0.317
45.2,10.6,-0.032,0.325
45.2,11.1,-0.930,0.333
45.2,11.6,1.250,0.341
45.2,12.1,0.353,0.349
45.2,12.6,-0.545,0.357
45.2,13.1,-1.507,0.365
45.2,13.6,0.737,0.373
45.2,14.1,-0.224,0.381
45.2,14.6,-1.122,0.389
45.2,15.1,1.058,0.397
45.2,15.6,0.160,0.405
45.2,16.1,-0.801,0.413
45.2,16.6,1.443,0.421
45.2,17.1,0.481,0.429
45.2,17.6,-0.481,0.437
45.2,18.1,-1.378,0.445
45.2,18.6,0.801,0.453
45.2,19.1,-0.096,0.461
45.2,19.6,-1.058,0.469
45.2,20.1,1.186,0.477
45.2,20.6,0.224,0.485
45.2,21.1,-0.673,0.492
45.2,21.6,1.507,0.500
45.2,22.1,0.545,0.508
45.2,22.6,-0.353,0.516
45.2,23.1,-1.314,0.524
45.2,23.6,0.930,0.532
45.2,24.1,-0.032,0.540
45.2,24.6,-0.994,0.547
45.2,25.1,1.250,0.555
45.2,25.6,0.289,0.563
45.2,26.1,-0.673,0.571
45.2,26.6,1.571,0.579
45.2,27.1,0.609,0.586
45.2,27.6,-0.289,0.594
45.2,28.1,-1.250,0.602
45.2,28.6,0.930,0.610
45.2,29.1,0.032,0.617
45.2,29.6,-0.930,0.625
45.2,30.2,1.250,0.633
45.2,30.7,0.353,0.640
45.2,31.2,-0.609,0.648
45.2,31.7,-1.571,0.656
45.2,32.2,0.609,0.664
45.2,32.7,-0.289,0.671
45.2,33.2,-1.250,0.679
45.2,33.7,0.930,0.687
45.2,34.2,0.032,0.694
45.2,34.7,-0.930,0.702
45.2,35.2,1.250,0.710
45.2,35.7,0.289,0.717
45.2,36.2,-0.609,0.725
45.2,36.7,1.571,0.732
45.2,37.2,0.609,0.740
45.2,37.7,-0.353,0.747
45.2,38.2,-1.250,0.755
45.2,38.7,0.930,0.762
45.2,39.2,-0.032,0.770
45.2,39.7,-0.994,0.778
45.2,40.2,1.186,0.785
45.2,40.7,0.289,0.792
45.2,41.2,-0.673,0.800
45.2,41.7,1.507,0.807
45.2,42.2,0.545,0.815
45.2,42.7,-0.417,0.822
45.2,43.2,-1.378,0.829
45.2,43.7,0.866,0.837
45.2,44.2,-0.096,0.844
45.2,44.7,-1.058,0.852
45.2,45.2,1.122,0.859
45.2,45.7,0.160,0.866
45.2,46.2,-0.801,0.874
45.2,46.7,1.378,0.881
45.2,47.2,0.481,0.888
45.2,47.7,-0.481,0.895
45.2,48.2,-1.443,0.903
45.2,48.7,0.737,0.910
45.2,49.2,-0.224,0.917
45.2,49.7,-1.186,0.925
45.2,50.3,0.994,0.932
45.2,50.8,0.032,0.939
45.2,51.3,-0.930,0.946
45.2,51.8,1.250,0.953
45.2,52.3,0.289,0.960
45.2,52.8,-0.609,0.967
45.2,53.3,1.571,0.974
45.2,53.8,0.609,0.981
45.2,54.3,-0.353,0.989
45.2,54.8,-1.314,0.996
45.2,55.3,0.866,1.003
45.2,55.8,-0.096,1.010
45.2,56.3,-1.058,1.017
45.2,56.8,1.122,1.024
45.2,57.3,0.160,1.031
45.2,57.8,-0.801,1.038
45.2,58.3,1.378,1.045
45.2,58.8,0.417,1.052
45.2,59.3,-0.545,1.059
45.2,59.8,-1.507,1.065
45.2,60.3,0.673,1.072
45.2,60.8,-0.289,1.079
45.2,61.3,-1.250,1.086
45.2,61.8,0.930,1.092
45.2,62.3,-0.096,1.099
45.2,62.8,-1.058,1.106
45.2,63.3,1.122,1.113
45.2,63.8,0.160,1.120
45.2,64.3,-0.801,1.127
45.2,64.8,1.378,1.133
45.2,65.3,0.417,1.140
45.2,65.8,-0.545,1.147
45.2,66.3,-1.507,1.153
45.2,66.8,0.673,1.160
45.2,67.3,-0.289,1.166
45.2,67.8,-1.314,1.173
45.2,68.3,0.866,1.180
45.2,68.8,-0.096,1.186
45.2,69.3,-1.058,1.193
45.2,69.8,1.122,1.199
45.2,70.4,0.160,1.206
45.2,70.9,-0.801,1.212
45.2,71.4,1.314,1.218
45.2,71.9,0.353,1.225
45.2,72.4,-0.609,1.232
45.2,72.9,1.571,1.238
45.2,73.4,0.609,1.244
45.2,73.9,-0.353,1.250
45.2,74.4,-1.378,1.257
45.2,74.9,0.801,1.263
45.2,75.4,-0.160,1.270
45.2,75.9,-1.122,1.276
45.2,76.4,1.058,1.282
45.2,76.9,0.032,1.288
45.2,77.4,-0.930,1.295
45.2,77.9,1.250,1.301
45.2,78.4,0.289,1.307
45.2,78.9,-0.737,1.313
45.2,79.4,1.443,1.319
45.2,79.9,0.481,1.325
45.2,80.4,-0.481,1.331
45.2,80.9,-1.507,1.337
45.2,81.4,0.673,1.344
45.2,81.9,-0.289,1.349
45.2,82.4,-1.314,1.355
45.2,82.9,0.866,1.361
45.2,83.4,-0.096,1.367
45.2,83.9,-1.058,1.373
45.2,84.4,1.058,1.379
45.2,84.9,0.096,1.385
45.2,85.4,-0.866,1.391
45.2,85.9,1.250,1.397
45.2,86.4,0.289,1.403
45.2,86.9,-0.673,1.408
45.2,87.4,1.443,1.414
45.2,87.9,0.481,1.420
45.2,88.4,-0.481,1.425
45.2,88.9,-1.507,1.431
45.2,89.4,0.673,1.437
45.2,89.9,-0.353,1.442
45.2,90.5,-1.314,1.448
45.2,91.0,0.866,1.453
45.2,91.5,-0.160,1.459
45.2,92.0,-1.122,1.465
45.2,92.5,0.994,1.470
45.2,93.0,0.032,1.476
45.2,93.5,-0.930,1.481
45.2,94.0,1.186,1.487
45.2,94.5,0.224,1.492
45.2,95.0,-0.801,1.497
45.2,95.5,1.378,1.503
45.2,96.0,0.353,1.508
45.2,96.5,-0.609,1.514
45.2,97.0,1.507,1.518
45.2,97.5,0.545,1.524
45.2,98.0,-0.417,1.529
45.2,98.5,-1.443,1.535
45.2,99.0,0.737,1.539
45.2,99.5,-0.289,1.545
45.2,100.0,-1.250,1.550
45.7,0.0,-0.930,0.150
45.7,0.5,1.314,0.159
45.7,1.0,0.417,0.167
45.7,1.5,-0.545,0.175
45.7,2.0,-1.443,0.183
45.7,2.5,0.801,0.191
45.7,3.0,-0.160,0.199
45.7,3.5,-1.058,0.207
45.7,4.0,1.186,0.215
45.7,4.5,0.224,0.223
45.7,5.0,-0.673,0.231
45.7,5.5,1.507,0.239
45.7,6.0,0.609,0.248
45.7,6.5,-0.289,0.256
45.7,7.0,-1.250,0.264
45.7,7.5,0.994,0.272
45.7,8.0,0.032,0.280
45.7,8.5,-0.866,0.288
45.7,9.0,1.378,0.296
45.7,9.5,0.417,0.304
45.7,10.1,-0.481,0.312
45.7,10.6,-1.443,0.320
45.7,11.1,0.801,0.328
45.7,11.6,-0.160,0.336
45.7,12.1,-1.058,0.344
45.7,12.6,1.122,0.352
45.7,13.1,0.224,0.360
45.7,13.6,-0.737,0.368
45.7,14.1,1.507,0.376
45.7,14.6,0.545,0.384
45.7,15.1,-0.353,0.392
45.7,15.6,-1.314,0.400
45.7,16.1,0.930,0.408
45.7,16.6,-0.032,0.416
45.7,17.1,-0.930,0.424
45.7,17.6,1.250,0.432
45.7,18.1,0.353,0.440
45.7,18.6,-0.609,0.448
45.7,19.1,-1.507,0.456
45.7,19.6,0.673,0.464
45.7,20.1,-0.224,0.471
45.7,20.6,-1.186,0.479
45.7,21.1,0.994,0.487
45.7,21.6,0.096,0.495
45.7,22.1,-0.866,0.503
45.7,22.6,1.378,0.511
45.7,23.1,0.417,0.519
45.7,23.6,-0.481,0.526
45.7,24.1,-1.443,0.534
45.7,24.6,0.737,0.542
45.7,25.1,-0.160,0.550
45.7,25.6,-1.122,0.558
45.7,26.1,1.058,0.566
45.7,26.6,0.160,0.574
45.7,27.1,-0.801,0.581
45.7,27.6,1.378,0.589
45.7,28.1,0.481,0.597
45.7,28.6,-0.481,0.605
45.7,29.1,-1.378,0.612
45.7,29.6,0.801,0.620
45.7,30.2,-0.160,0.628
45.7,30.7,-1.122,0.635
45.7,31.2,1.122,0.643
45.7,31.7,0.160,0.651
45.7,32.2,-0.801,0.658
45.7,32.7,1.443,0.666
45.7,33.2,0.481,0.674
45.7,33.7,-0.481,0.682
45.7,34.2,-1.378,0.689
45.7,34.7,0.801,0.697
45.7,35.2,-0.160,0.705
45.7,35.7,-1.122,0.712
45.7,36.2,1.122,0.719
45.7,36.7,0.160,0.727
45.7,37.2,-0.801,0.735
45.7,37.7,1.378,0.742
45.7,38.2,0.481,0.750
45.7,38.7,-0.481,0.757
45.7,39.2,-1.443,0.765
45.7,39.7,0.737,0.772
45.7,40.2,-0.224,0.780
45.7,40.7,-1.122,0.787
45.7,41.2,1.058,0.795
45.7,41.7,0.096,0.802
45.7,42.2,-0.866,0.810
45.7,42.7,1.314,0.817
45.7,43.2,0.417,0.824
45.7,43.7,-0.545,0.832
45.7,44.2,-1.507,0.839
45.7,44.7,0.673,0.847
45.7,45.2,-0.289,0.854
45.7,45.7,-1.250,0.861
45.7,46.2,0.930,0.869
45.7,46.7,0.032,0.876
45.7,47.2,-0.930,0.883
45.7,47.7,1.250,0.891
45.7,48.2,0.289,0.898
45.7,48.7,-0.673,0.905
45.7,49.2,1.507,0.913
45.7,49.7,0.545,0.920
45.7,50.3,-0.417,0.927
45.7,50.8,-1.378,0.934
45.7,51.3,0.801,0.941
45.7,51.8,-0.096,0.948
45.7,52.3,-1.058,0.955
45.7,52.8,1.122,0.963
45.7,53.3,0.160,0.970
45.7,53.8,-0.801,0.977
45.7,54.3,1.378,0.984
45.7,54.8,0.417,0.991
45.7,55.3,-0.545,0.998
45.7,55.8,-1.507,1.005
45.7,56.3,0.673,1.012
45.7,56.8,-0.289,1.019
45.7,57.3,-1.250,1.026
45.7,57.8,0.930,1.033
45.7,58.3,-0.032,1.040
45.7,58.8,-0.994,1.047
45.7,59.3,1.186,1.054
45.7,59.8,0.224,1.061
45.7,60.3,-0.737,1.068
45.7,60.8,1.443,1.075
45.7,61.3,0.481,1.082
45.7,61.8,-0.481,1.088
45.7,62.3,-1.443,1.095
45.7,62.8,0.737,1.102
45.7,63.3,-0.224,1.108
45.7,63.8,-1.186,1.115
45.7,64.3,0.930,1.122
45.7,64.8,-0.032,1.129
45.7,65.3,-0.994,1.136
45.7,65.8,1.186,1.142
45.7,66.3,0.224,1.149
45.7,66.8,-0.737,1.156
45.7,67.3,1.443,1.162
45.7,67.8,0.481,1.169
45.7,68.3,-0.481,1.175
45.7,68.8,-1.443,1.181
45.7,69.3,0.673,1.188
45.7,69.8,-0.289,1.195
45.7,70.4,-1.250,1.202
45.7,70.9,0.930,1.208
45.7,71.4,-0.032,1.215
45.7,71.9,-0.994,1.221
45.7,72.4,1.122,1.227
45.7,72.9,0.160,1.234
45.7,73.4,-0.801,1.240
45.7,73.9,1.378,1.247
45.7,74.4,0.417,1.253
45.7,74.9,-0.545,1.259
45.7,75.4,-1.571,1.265
45.7,75.9,0.609,1.272
45.7,76.4,-0.353,1.278
45.7,76.9,-1.314,1.284
45.7,77.4,0.801,1.290
45.7,77.9,-0.160,1.297
45.7,78.4,-1.122,1.303
45.7,78.9,1.058,1.309
45.7,79.4,0.032,1.315
45.7,79.9,-0.930,1.321
45.7,80.4,1.250,1.327
45.7,80.9,0.289,1.333
45.7,81.4,-0.737,1.339
45.7,81.9,1.443,1.346
45.7,82.4,0.481,1.352
45.7,82.9,-0.481,1.357
45.7,83.4,-1.507,1.363
45.7,83.9,0.673,1.369
45.7,84.4,-0.289,1.375
45.7,84.9,-1.314,1.381
45.7,85.4,0.866,1.387
45.7,85.9,-0.096,1.393
45.7,86.4,-1.122,1.398
45.7,86.9,1.058,1.405
45.7,87.4,0.096,1.410
45.7,87.9,-0.930,1.416
45.7,88.4,1.250,1.422
45.7,88.9,0.289,1.427
45.7,89.4,-0.737,1.433
45.7,89.9,1.443,1.439
45.7,90.5,0.417,1.444
45.7,91.0,-0.545,1.450
45.7,91.5,-1.507,1.455
45.7,92.0,0.609,1.461
45.7,92.5,-0.353,1.467
45.7,93.0,-1.378,1.472
45.7,93.5,0.801,1.478
45.7,94.0,-0.160,1.483
45.7,94.5,-1.186,1.489
45.7,95.0,0.994,1.494
45.7,95.5,-0.032,1.499
45.7,96.0,-0.994,1.505
45.7,96.5,1.122,1.510
45.7,97.0,0.160,1.516
45.7,97.5,-0.801,1.520
45.7,98.0,1.314,1.526
45.7,98.5,0.353,1.531
45.7,99.0,-0.673,1.536
45.7,99.5,1.507,1.541
45.7,100.0,0.481,1.547
46.2,0.0,0.801,0.145
46.2,0.5,-0.096,0.153
46.2,1.0,-0.994,0.161
46.2,1.5,1.186,0.169
46.2,2.0,0.289,0.177
46.2,2.5,-0.673,0.185
46.2,3.0,-1.571,0.194
46.2,3.5,0.673,0.202
46.2,4.0,-0.289,0.210
46.2,4.5,-1.186,0.218
46.2,5.0,1.058,0.226
46.2,5.5,0.096,0.234
46.2,6.0,-0.801,0.242
46.2,6.5,1.378,0.250
46.2,7.0,0.481,0.258
46.2,7.5,-0.417,0.266
46.2,8.0,-1.378,0.274
46.2,8.5,0.866,0.282
46.2,9.0,-0.096,0.290
46.2,9.5,-0.994,0.299
46.2,10.1,1.186,0.306
46.2,10.6,0.289,0.315
46.2,11.1,-0.609,0.323
46.2,11.6,-1.571,0.331
46.2,12.1,0.673,0.339
46.2,12.6,-0.289,0.347
46.2,13.1,-1.186,0.355
46.2,13.6,0.994,0.363
46.2,14.1,0.096,0.371
46.2,14.6,-0.866,0.379
46.2,15.1,1.378,0.387
46.2,15.6,0.417,0.395
46.2,16.1,-0.481,0.403
46.2,16.6,-1.443,0.411
46.2,17.1,0.801,0.419
46.2,17.6,-0.160,0.427
46.2,18.1,-1.058,0.434
46.2,18.6,1.122,0.442
46.2,19.1,0.224,0.450
46.2,19.6,-0.737,0.458
46.2,20.1,1.443,0.466
46.2,20.6,0.545,0.474
46.2,21.1,-0.417,0.482
46.2,21.6,-1.314,0.490
46.2,22.1,0.866,0.498
46.2,22.6,-0.032,0.506
46.2,23.1,-0.994,0.514
46.2,23.6,1.186,0.521
46.2,24.1,0.289,0.529
46.2,24.6,-0.673,0.537
46.2,25.1,1.571,0.545
46.2,25.6,0.609,0.553
46.2,26.1,-0.353,0.560
46.2,26.6,-1.250,0.568
46.2,27.1,0.930,0.576
46.2,27.6,-0.032,0.584
46.2,28.1,-0.930,0.592
46.2,28.6,1.250,0.599
46.2,29.1,0.289,0.607
46.2,29.6,-0.609,0.615
46.2,30.2,-1.571,0.623
46.2,30.7,0.609,0.630
46.2,31.2,-0.289,0.638
46.2,31.7,-1.250,0.646
46.2,32.2,0.930,0.653
46.2,32.7,0.032,0.661
46.2,33.2,-0.930,0.669
46.2,33.7,1.250,0.676
46.2,34.2,0.353,0.684
46.2,34.7,-0.609,0.692
46.2,35.2,-1.571,0.699
46.2,35.7,0.609,0.707
46.2,36.2,-0.289,0.714
46.2,36.7,-1.250,0.722
46.2,37.2,0.930,0.730
46.2,37.7,-0.032,0.737
46.2,38.2,-0.930,0.745
46.2,38.7,1.250,0.752
46.2,39.2,0.289,0.760
46.2,39.7,-0.673,0.767
46.2,40.2,1.507,0.775
46.2,40.7,0.609,0.782
46.2,41.2,-0.353,0.790
46.2,41.7,-1.314,0.797
46.2,42.2,0.866,0.805
46.2,42.7,-0.096,0.812
46.2,43.2,-0.994,0.820
46.2,43.7,1.186,0.827
46.2,44.2,0.224,0.835
46.2,44.7,-0.737,0.842
46.2,45.2,1.443,0.849
46.2,45.7,0.481,0.856
46.2,46.2,-0.417,0.864
46.2,46.7,-1.378,0.871
46.2,47.2,0.801,0.879
46.2,47.7,-0.160,0.886
46.2,48.2,-1.122,0.893
46.2,48.7,1.058,0.901
46.2,49.2,0.096,0.908
46.2,49.7,-0.866,0.915
46.2,50.3,1.314,0.922
46.2,50.8,0.417,0.929
46.2,51.3,-0.545,0.936
46.2,51.8,-1.507,0.944
46.2,52.3,0.673,0.951
46.2,52.8,-0.289,0.958
46.2,53.3,-1.250,0.965
46.2,53.8,0.930,0.972
46.2,54.3,-0.032,0.979
46.2,54.8,-0.994,0.987
46.2,55.3,1.186,0.994
46.2,55.8,0.224,1.001
46.2,56.3,-0.737,1.008
46.2,56.8,1.443,1.015
46.2,57.3,0.481,1.022
46.2,57.8,-0.481,1.029
46.2,58.3,-1.443,1.036
46.2,58.8,0.737,1.043
46.2,59.3,-0.224,1.050
46.2,59.8,-1.186,1.056
46.2,60.3,0.994,1.063
46.2,60.8,0.032,1.070
46.2,61.3,-0.930,1.077
46.2,61.8,1.250,1.084
46.2,62.3,0.289,1.091
46.2,62.8,-0.673,1.098
46.2,63.3,1.507,1.104
46.2,63.8,0.545,1.111
46.2,64.3,-0.417,1.118
46.2,64.8,-1.378,1.124
46.2,65.3,0.801,1.131
46.2,65.8,-0.224,1.138
46.2,66.3,-1.186,1.144
46.2,66.8,0.994,1.151
46.2,67.3,0.032,1.158
46.2,67.8,-0.930,1.165
46.2,68.3,1.250,1.171
46.2,68.8,0.289,1.178
46.2,69.3,-0.673,1.184
46.2,69.8,1.507,1.190
46.2,70.4,0.481,1.197
46.2,70.9,-0.481,1.204
46.2,71.4,-1.443,1.210
46.2,71.9,0.737,1.217
46.2,72.4,-0.224,1.223
46.2,72.9,-1.186,1.229
46.2,73.4,0.930,1.236
46.2,73.9,-0.032,1.242
46.2,74.4,-0.994,1.249
46.2,74.9,1.186,1.255
46.2,75.4,0.224,1.261
46.2,75.9,-0.801,1.267
46.2,76.4,1.378,1.274
46.2,76.9,0.417,1.280
46.2,77.4,-0.545,1.286
46.2,77.9,-1.507,1.292
46.2,78.4,0.609,1.299
46.2,78.9,-0.353,1.305
46.2,79.4,-1.314,1.311
46.2,79.9,0.866,1.317
46.2,80.4,-0.160,1.323
46.2,80.9,-1.122,1.330
46.2,81.4,1.058,1.335
46.2,81.9,0.096,1.341
46.2,82.4,-0.930,1.348
46.2,82.9,1.250,1.354
46.2,83.4,0.289,1.359
46.2,83.9,-0.737,1.365
46.2,84.4,1.443,1.372
46.2,84.9,0.481,1.377
46.2,85.4,-0.545,1.383
46.2,85.9,-1.507,1.389
46.2,86.4,0.673,1.395
46.2,86.9,-0.353,1.400
46.2,87.4,-1.314,1.407
46.2,87.9,0.866,1.412
46.2,88.4,-0.160,1.418
46.2,88.9,-1.122,1.424
46.2,89.4,1.058,1.429
46.2,89.9,0.032,1.435
46.2,90.5,-0.930,1.441
46.2,91.0,1.250,1.446
46.2,91.5,0.224,1.452
46.2,92.0,-0.737,1.457
46.2,92.5,1.378,1.463
46.2,93.0,0.417,1.469
46.2,93.5,-0.545,1.474
46.2,94.0,-1.571,1.480
46.2,94.5,0.609,1.485
46.2,95.0,-0.417,1.490
46.2,95.5,-1.378,1.496
46.2,96.0,0.737,1.501
46.2,96.5,-0.224,1.507
46.2,97.0,-1.250,1.511
46.2,97.5,0.930,1.517
46.2,98.0,-0.032,1.522
46.2,98.5,-1.058,1.528
46.2,99.0,1.122,1.533
46.2,99.5,0.096,1.538
46.2,100.0,-0.866,1.543
46.7,0.0,-0.609,0.140
46.7,0.5,-1.507,0.148
46.7,1.0,0.673,0.156
46.7,1.5,-0.224,0.164
46.7,2.0,-1.122,0.172
46.7,2.5,1.058,0.180
46.7,3.0,0.160,0.188
46.7,3.5,-0.737,0.196
46.7,4.0,1.443,0.204
46.7,4.5,0.545,0.212
46.7,5.0,-0.417,0.221
46.7,5.5,-1.314,0.229
46.7,6.0,0.930,0.237
46.7,6.5,-0.032,0.245
46.7,7.0,-0.930,0.253
46.7,7.5,1.250,0.261
46.7,8.0,0.353,0.269
46.7,8.5,-0.545,0.277
46.7,9.0,-1.507,0.285
46.7,9.5,0.737,0.293
46.7,10.1,-0.224,0.301
46.7,10.6,-1.122,0.309
46.7,11.1,1.058,0.317
46.7,11.6,0.160,0.325
46.7,12.1,-0.737,0.333
46.7,12.6,1.443,0.341
46.7,13.1,0.545,0.349
46.7,13.6,-0.417,0.357
46.7,14.1,-1.314,0.365
46.7,14.6,0.866,0.373
46.7,15.1,-0.032,0.381
46.7,15.6,-0.994,0.389
46.7,16.1,1.250,0.397
46.7,16.6,0.289,0.405
46.7,17.1,-0.609,0.413
46.7,17.6,-1.571,0.421
46.7,18.1,0.673,0.429
46.7,18.6,-0.289,0.437
46.7,19.1,-1.250,0.445
46.7,19.6,0.994,0.453
46.7,20.1,0.032,0.461
46.7,20.6,-0.866,0.469
46.7,21.1,1.314,0.477
46.7,21.6,0.417,0.485
46.7,22.1,-0.545,0.493
46.7,22.6,-1.443,0.500
46.7,23.1,0.737,0.508
46.7,23.6,-0.224,0.516
46.7,24.1,-1.122,0.524
46.7,24.6,1.058,0.532
46.7,25.1,0.160,0.539
46.7,25.6,-0.801,0.548
46.7,26.1,1.378,0.555
46.7,26.6,0.481,0.563
46.7,27.1,-0.481,0.571
46.7,27.6,-1.443,0.579
46.7,28.1,0.801,0.586
46.7,28.6,-0.160,0.594
46.7,29.1,-1.122,0.602
46.7,29.6,1.122,0.610
46.7,30.2,0.160,0.618
46.7,30.7,-0.801,0.625
46.7,31.2,1.443,0.633
46.7,31.7,0.481,0.641
46.7,32.2,-0.481,0.648
46.7,32.7,-1.378,0.656
46.7,33.2,0.801,0.664
46.7,33.7,-0.160,0.671
46.7,34.2,-1.058,0.679
46.7,34.7,1.122,0.687
46.7,35.2,0.160,0.694
46.7,35.7,-0.801,0.702
46.7,36.2,1.443,0.709
46.7,36.7,0.481,0.717
46.7,37.2,-0.481,0.725
46.7,37.7,-1.443,0.732
46.7,38.2,0.801,0.740
46.7,38.7,-0.160,0.747
46.7,39.2,-1.122,0.755
46.7,39.7,1.058,0.762
46.7,40.2,0.096,0.770
46.7,40.7,-0.801,0.777
46.7,41.2,1.378,0.785
46.7,41.7,0.417,0.793
46.7,42.2,-0.545,0.800
46.7,42.7,-1.507,0.807
46.7,43.2,0.737,0.815
46.7,43.7,-0.224,0.822
46.7,44.2,-1.186,0.830
46.7,44.7,0.994,0.837
46.7,45.2,0.032,0.844
46.7,45.7,-0.930,0.851
46.7,46.2,1.314,0.859
46.7,46.7,0.353,0.866
46.7,47.2,-0.609,0.874
46.7,47.7,-1.571,0.881
46.7,48.2,0.609,0.888
46.7,48.7,-0.353,0.896
46.7,49.2,-1.314,0.903
46.7,49.7,0.866,0.910
46.7,50.3,-0.032,0.917
46.7,50.8,-0.994,0.924
46.7,51.3,1.186,0.932
46.7,51.8,0.224,0.939
46.7,52.3,-0.737,0.946
46.7,52.8,1.443,0.953
46.7,53.3,0.481,0.961
46.7,53.8,-0.481,0.968
46.7,54.3,-1.443,0.975
46.7,54.8,0.737,0.982
46.7,55.3,-0.224,0.989
46.7,55.8,-1.186,0.996
46.7,56.3,0.994,1.003
46.7,56.8,0.032,1.010
46.7,57.3,-0.930,1.017
46.7,57.8,1.250,1.024
46.7,58.3,0.289,1.031
46.7,58.8,-0.673,1.038
46.7,59.3,1.507,1.045
46.7,59.8,0.545,1.052
46.7,60.3,-0.417,1.059
46.7,60.8,-1.378,1.066
46.7,61.3,0.801,1.072
46.7,61.8,-0.160,1.079
46.7,62.3,-1.122,1.086
46.7,62.8,1.058,1.093
46.7,63.3,0.096,1.100
46.7,63.8,-0.866,1.107
46.7,64.3,1.314,1.113
46.7,64.8,0.353,1.120
46.7,65.3,-0.609,1.127
46.7,65.8,1.571,1.133
46.7,66.3,0.609,1.140
46.7,66.8,-0.417,1.146
46.7,67.3,-1.378,1.153
46.7,67.8,0.801,1.160
46.7,68.3,-0.160,1.167
46.7,68.8,-1.122,1.173
46.7,69.3,1.058,1.180
46.7,69.8,0.096,1.186
46.7,70.4,-0.866,1.193
46.7,70.9,1.314,1.199
46.7,71.4,0.289,1.206
46.7,71.9,-0.673,1.212
46.7,72.4,1.507,1.219
46.7,72.9,0.545,1.225
46.7,73.4,-0.417,1.232
46.7,73.9,-1.378,1.238
46.7,74.4,0.737,1.244
46.7,74.9,-0.224,1.251
46.7,75.4,-1.186,1.257
46.7,75.9,0.994,1.263
46.7,76.4,0.032,1.269
46.7,76.9,-0.994,1.276
46.7,77.4,1.186,1.282
46.7,77.9,0.224,1.289
46.7,78.4,-0.737,1.295
46.7,78.9,1.378,1.301
46.7,79.4,0.417,1.307
46.7,79.9,-0.545,1.313
46.7,80.4,-1.507,1.319
46.7,80.9,0.609,1.325
46.7,81.4,-0.353,1.332
46.7,81.9,-1.314,1.338
46.7,82.4,0.866,1.343
46.7,82.9,-0.160,1.349
46.7,83.4,-1.122,1.356
46.7,83.9,1.058,1.361
46.7,84.4,0.032,1.367
46.7,84.9,-0.930,1.373
46.7,85.4,1.250,1.379
46.7,85.9,0.224,1.385
46.7,86.4,-0.737,1.391
46.7,86.9,1.443,1.397
46.7,87.4,0.417,1.402
46.7,87.9,-0.545,1.408
46.7,88.4,-1.507,1.414
46.7,88.9,0.609,1.419
46.7,89.4,-0.353,1.426
46.7,89.9,-1.314,1.431
46.7,90.5,0.801,1.437
46.7,91.0,-0.160,1.443
46.7,91.5,-1.122,1.448
46.7,92.0,0.994,1.454
46.7,92.5,0.032,1.459
46.7,93.0,-0.994,1.465
46.7,93.5,1.186,1.471
46.7,94.0,0.224,1.475
46.7,94.5,-0.801,1.481
46.7,95.0,1.378,1.487
46.7,95.5,0.353,1.492
46.7,96.0,-0.609,1.498
46.7,96.5,1.507,1.503
46.7,97.0,0.545,1.509
46.7,97.5,-0.417,1.513
46.7,98.0,-1.443,1.519
46.7,98.5,0.737,1.524
46.7,99.0,-0.289,1.530
46.7,99.5,-1.250,1.534
46.7,100.0,0.866,1.540
47.2,0.0,1.122,0.134
47.2,0.5,0.160,0.142
47.2,1.0,-0.737,0.150
47.2,1.5,1.507,0.158
47.2,2.0,0.545,0.167
47.2,2.5,-0.353,0.175
47.2,3.0,-1.250,0.183
47.2,3.5,0.930,0.191
47.2,4.0,0.032,0.199
47.2,4.5,-0.866,0.207
47.2,5.0,1.314,0.215
47.2,5.5,0.417,0.223
47.2,6.0,-0.545,0.231
47.2,6.5,-1.443,0.239
47.2,7.0,0.801,0.247
47.2,7.5,-0.160,0.256
47.2,8.0,-1.058,0.264
47.2,8.5,1.122,0.272
47.2,9.0,0.224,0.280
47.2,9.5,-0.673,0.288
47.2,10.1,1.507,0.296
47.2,10.6,0.609,0.304
47.2,11.1,-0.353,0.312
47.2,11.6,-1.250,0.320
47.2,12.1,0.930,0.328
47.2,12.6,0.032,0.336
47.2,13.1,-0.930,0.344
47.2,13.6,1.314,0.352
47.2,14.1,0.353,0.360
47.2,14.6,-0.545,0.368
47.2,15.1,-1.507,0.376
47.2,15.6,0.737,0.384
47.2,16.1,-0.224,0.392
47.2,16.6,-1.122,0.400
47.2,17.1,1.058,0.408
47.2,17.6,0.160,0.416
47.2,18.1,-0.801,0.424
47.2,18.6,1.443,0.432
47.2,19.1,0.481,0.440
47.2,19.6,-0.417,0.448
47.2,20.1,-1.378,0.456
47.2,20.6,0.866,0.463
47.2,21.1,-0.096,0.471
47.2,21.6,-0.994,0.479
47.2,22.1,1.186,0.487
47.2,22.6,0.224,0.495
47.2,23.1,-0.673,0.503
47.2,23.6,1.507,0.511
47.2,24.1,0.609,0.519
47.2,24.6,-0.353,0.527
47.2,25.1,-1.314,0.534
47.2,25.6,0.930,0.542
47.2,26.1,-0.032,0.550
47.2,26.6,-0.930,0.558
47.2,27.1,1.250,0.566
47.2,27.6,0.289,0.573
47.2,28.1,-0.609,0.581
47.2,28.6,-1.571,0.589
47.2,29.1,0.609,0.597
47.2,29.6,-0.289,0.605
47.2,30.2,-1.250,0.612
47.2,30.7,0.930,0.620
47.2,31.2,0.032,0.628
47.2,31.7,-0.930,0.636
47.2,32.2,1.250,0.643
47.2,32.7,0.353,0.651
47.2,33.2,-0.609,0.659
47.2,33.7,-1.571,0.666
47.2,34.2,0.673,0.674
47.2,34.7,-0.289,0.682
47.2,35.2,-1.250,0.689
47.2,35.7,0.930,0.697
47.2,36.2,0.032,0.704
47.2,36.7,-0.930,0.712
47.2,37.2,1.250,0.720
47.2,37.7,0.289,0.727
47.2,38.2,-0.609,0.735
47.2,38.7,1.571,0.742
47.2,39.2,0.609,0.750
47.2,39.7,-0.353,0.757
47.2,40.2,-1.250,0.765
47.2,40.7,0.930,0.772
47.2,41.2,-0.032,0.780
47.2,41.7,-0.994,0.788
47.2,42.2,1.186,0.795
47.2,42.7,0.289,0.802
47.2,43.2,-0.673,0.810
47.2,43.7,1.507,0.817
47.2,44.2,0.545,0.825
47.2,44.7,-0.417,0.832
47.2,45.2,-1.378,0.839
47.2,45.7,0.866,0.847
47.2,46.2,-0.096,0.854
47.2,46.7,-1.058,0.862
47.2,47.2,1.122,0.869
47.2,47.7,0.160,0.876
47.2,48.2,-0.801,0.883
47.2,48.7,1.378,0.891
47.2,49.2,0.417,0.898
47.2,49.7,-0.481,0.905
47.2,50.3,-1.443,0.912
47.2,50.8,0.737,0.920
47.2,51.3,-0.224,0.927
47.2,51.8,-1.186,0.934
47.2,52.3,0.994,0.941
47.2,52.8,0.032,0.949
47.2,53.3,-0.930,0.956
47.2,53.8,1.250,0.963
47.2,54.3,0.289,0.970
47.2,54.8,-0.673,0.977
47.2,55.3,1.507,0.984
47.2,55.8,0.545,0.991
47.2,56.3,-0.417,0.998
47.2,56.8,-1.378,1.005
47.2,57.3,0.801,1.012
47.2,57.8,-0.160,1.019
47.2,58.3,-1.058,1.026
47.2,58.8,1.122,1.033
47.2,59.3,0.160,1.040
47.2,59.8,-0.866,1.047
47.2,60.3,1.314,1.054
47.2,60.8,0.353,1.061
47.2,61.3,-0.609,1.068
47.2,61.8,-1.571,1.075
47.2,62.3,0.609,1.081
47.2,62.8,-0.353,1.088
47.2,63.3,-1.314,1.095
47.2,63.8,0.866,1.102
47.2,64.3,-0.096,1.109
47.2,64.8,-1.058,1.116
47.2,65.3,1.122,1.122
47.2,65.8,0.160,1.129
47.2,66.3,-0.801,1.136
47.2,66.8,1.378,1.142
47.2,67.3,0.417,1.149
47.2,67.8,-0.545,1.155
47.2,68.3,-1.571,1.162
47.2,68.8,0.609,1.169
47.2,69.3,-0.353,1.176
47.2,69.8,-1.314,1.182
47.2,70.4,0.866,1.189
47.2,70.9,-0.096,1.195
47.2,71.4,-1.058,1.201
47.2,71.9,1.058,1.208
47.2,72.4,0.096,1.214
47.2,72.9,-0.866,1.221
47.2,73.4,1.314,1.228
47.2,73.9,0.353,1.234
47.2,74.4,-0.609,1.240
47.2,74.9,1.507,1.246
47.2,75.4,0.545,1.253
47.2,75.9,-0.417,1.259
47.2,76.4,-1.378,1.266
47.2,76.9,0.801,1.272
47.2,77.4,-0.224,1.278
47.2,77.9,-1.186,1.284
47.2,78.4,0.994,1.291
47.2,78.9,0.032,1.297
47.2,79.4,-0.930,1.303
47.2,79.9,1.186,1.309
47.2,80.4,0.224,1.315
47.2,80.9,-0.737,1.321
47.2,81.4,1.443,1.327
47.2,81.9,0.417,1.334
47.2,82.4,-0.545,1.340
47.2,82.9,-1.507,1.345
47.2,83.4,0.609,1.351
47.2,83.9,-0.353,1.358
47.2,84.4,-1.314,1.364
47.2,84.9,0.866,1.369
47.2,85.4,-0.160,1.375
47.2,85.9,-1.122,1.381
47.2,86.4,1.058,1.387
47.2,86.9,0.032,1.393
47.2,87.4,-0.930,1.399
47.2,87.9,1.250,1.404
47.2,88.4,0.224,1.410
47.2,88.9,-0.737,1.416
47.2,89.4,1.443,1.421
47.2,89.9,0.417,1.428
47.2,90.5,-0.545,1.433
47.2,91.0,-1.571,1.439
47.2,91.5,0.609,1.445
47.2,92.0,-0.353,1.450
47.2,92.5,-1.378,1.456
47.2,93.0,0.801,1.461
47.2,93.5,-0.224,1.466
47.2,94.0,-1.186,1.472
47.2,94.5,0.994,1.477
47.2,95.0,-0.032,1.483
47.2,95.5,-0.994,1.489
47.2,96.0,1.122,1.494
47.2,96.5,0.160,1.500
47.2,97.0,-0.866,1.504
47.2,97.5,1.314,1.510
47.2,98.0,0.353,1.515
47.2,98.5,-0.673,1.521
47.2,99.0,1.507,1.526
47.2,99.5,0.481,1.531
47.2,100.0,-0.481,1.536
47.7,0.0,-0.353,0.129
47.7,0.5,-1.250,0.137
47.7,1.0,0.994,0.145
47.7,1.5,0.032,0.153
47.7,2.0,-0.866,0.161
47.7,2.5,1.378,0.169
47.7,3.0,0.417,0.177
47.7,3.5,-0.481,0.185
47.7,4.0,-1.378,0.194
47.7,4.5,0.801,0.202
47.7,5.0,-0.096,0.210
47.7,5.5,-0.994,0.218
47.7,6.0,1.186,0.226
47.7,6.5,0.289,0.234
47.7,7.0,-0.673,0.242
47.7,7.5,-1.571,0.250
47.7,8.0,0.673,0.258
47.7,8.5,-0.289,0.266
47.7,9.0,-1.186,0.274
47.7,9.5,0.994,0.282
47.7,10.1,0.096,0.290
47.7,10.6,-0.866,0.298
47.7,11.1,1.378,0.307
47.7,11.6,0.481,0.315
47.7,12.1,-0.481,0.323
47.7,12.6,-1.378,0.331
47.7,13.1,0.801,0.339
47.7,13.6,-0.096,0.347
47.7,14.1,-1.058,0.355
47.7,14.6,1.186,0.363
47.7,15.1,0.224,0.371
47.7,15.6,-0.673,0.379
47.7,16.1,1.507,0.387
47.7,16.6,0.609,0.395
47.7,17.1,-0.353,0.403
47.7,17.6,-1.250,0.411
47.7,18.1,0.930,0.419
47.7,18.6,0.032,0.426
47.7,19.1,-0.930,0.434
47.7,19.6,1.314,0.442
47.7,20.1,0.353,0.450
47.7,20.6,-0.545,0.458
47.7,21.1,-1.507,0.466
47.7,21.6,0.673,0.474
47.7,22.1,-0.224,0.482
47.7,22.6,-1.186,0.490
47.7,23.1,1.058,0.498
47.7,23.6,0.096,0.506
47.7,24.1,-0.801,0.513
47.7,24.6,1.378,0.521
47.7,25.1,0.417,0.529
47.7,25.6,-0.481,0.537
47.7,26.1,-1.443,0.545
47.7,26.6,0.801,0.552
47.7,27.1,-0.160,0.561
47.7,27.6,-1.122,0.568
47.7,28.1,1.122,0.576
47.7,28.6,0.160,0.584
47.7,29.1,-0.801,0.592
47.7,29.6,1.443,0.599
47.7,30.2,0.481,0.607
47.7,30.7,-0.481,0.615
47.7,31.2,-1.378,0.623
47.7,31.7,0.801,0.630
47.7,32.2,-0.160,0.638
47.7,32.7,-1.058,0.646
47.7,33.2,1.122,0.654
47.7,33.7,0.160,0.661
47.7,34.2,-0.737,0.669
47.7,34.7,1.443,0.677
47.7,35.2,0.481,0.684
47.7,35.7,-0.481,0.692
47.7,36.2,-1.378,0.699
47.7,36.7,0.801,0.707
47.7,37.2,-0.160,0.715
47.7,37.7,-1.122,0.722
47.7,38.2,1.122,0.730
47.7,38.7,0.160,0.737
47.7,39.2,-0.801,0.745
47.7,39.7,1.378,0.752
47.7,40.2,0.481,0.760
47.7,40.7,-0.481,0.768
47.7,41.2,-1.443,0.775
47.7,41.7,0.737,0.783
47.7,42.2,-0.224,0.790
47.7,42.7,-1.122,0.797
47.7,43.2,1.058,0.805
47.7,43.7,0.096,0.812
47.7,44.2,-0.866,0.820
47.7,44.7,1.314,0.827
47.7,45.2,0.353,0.834
47.7,45.7,-0.545,0.842
47.7,46.2,-1.507,0.849
47.7,46.7,0.673,0.857
47.7,47.2,-0.289,0.864
47.7,47.7,-1.250,0.871
47.7,48.2,0.930,0.879
47.7,48.7,-0.032,0.886
47.7,49.2,-0.930,0.893
47.7,49.7,1.250,0.900
47.7,50.3,0.289,0.908
47.7,50.8,-0.673,0.915
47.7,51.3,1.507,0.922
47.7,51.8,0.545,0.930
47.7,52.3,-0.417,0.937
47.7,52.8,-1.378,0.944
47.7,53.3,0.801,0.951
47.7,53.8,-0.160,0.958
47.7,54.3,-1.122,0.965
47.7,54.8,1.058,0.972
47.7,55.3,0.160,0.979
47.7,55.8,-0.801,0.986
47.7,56.3,1.378,0.993
47.7,56.8,0.417,1.000
47.7,57.3,-0.545,1.008
47.7,57.8,-1.507,1.015
47.7,58.3,0.673,1.022
47.7,58.8,-0.289,1.029
47.7,59.3,-1.250,1.036
47.7,59.8,0.930,1.042
47.7,60.3,-0.032,1.049
47.7,60.8,-0.994,1.056
47.7,61.3,1.186,1.063
47.7,61.8,0.224,1.070
47.7,62.3,-0.737,1.077
47.7,62.8,1.443,1.083
47.7,63.3,0.417,1.090
47.7,63.8,-0.545,1.097
47.7,64.3,-1.507,1.104
47.7,64.8,0.673,1.111
47.7,65.3,-0.289,1.118
47.7,65.8,-1.250,1.125
47.7,66.3,0.930,1.131
47.7,66.8,-0.032,1.138
47.7,67.3,-0.994,1.145
47.7,67.8,1.186,1.151
47.7,68.3,0.224,1.158
47.7,68.8,-0.737,1.164
47.7,69.3,1.378,1.171
47.7,69.8,0.417,1.178
47.7,70.4,-0.545,1.184
47.7,70.9,-1.507,1.191
47.7,71.4,0.673,1.197
47.7,71.9,-0.289,1.204
47.7,72.4,-1.250,1.210
47.7,72.9,0.866,1.216
47.7,73.4,-0.096,1.223
47.7,73.9,-1.058,1.230
47.7,74.4,1.122,1.236
47.7,74.9,0.160,1.242
47.7,75.4,-0.801,1.248
47.7,75.9,1.314,1.255
47.7,76.4,0.353,1.261
47.7,76.9,-0.609,1.268
47.7,77.4,1.571,1.274
47.7,77.9,0.609,1.280
47.7,78.4,-0.417,1.286
47.7,78.9,-1.378,1.293
47.7,79.4,0.801,1.299
47.7,79.9,-0.160,1.305
47.7,80.4,-1.186,1.311
47.7,80.9,0.994,1.317
47.7,81.4,0.032,1.324
47.7,81.9,-0.930,1.329
47.7,82.4,1.186,1.335
47.7,82.9,0.224,1.342
47.7,83.4,-0.737,1.348
47.7,83.9,1.378,1.353
47.7,84.4,0.417,1.360
47.7,84.9,-0.545,1.366
47.7,85.4,-1.507,1.371
47.7,85.9,0.609,1.377
47.7,86.4,-0.353,1.383
47.7,86.9,-1.314,1.389
47.7,87.4,0.801,1.395
47.7,87.9,-0.160,1.401
47.7,88.4,-1.122,1.406
47.7,88.9,0.994,1.412
47.7,89.4,0.032,1.418
47.7,89.9,-0.930,1.423
47.7,90.5,1.186,1.430
47.7,91.0,0.224,1.435
47.7,91.5,-0.801,1.440
47.7,92.0,1.378,1.447
47.7,92.5,0.417,1.452
47.7,93.0,-0.609,1.458
47.7,93.5,1.571,1.463
47.7,94.0,0.545,1.468
47.7,94.5,-0.417,1.474
47.7,95.0,-1.378,1.479
47.7,95.5,0.737,1.485
47.7,96.0,-0.224,1.491
47.7,96.5,-1.250,1.496
47.7,97.0,0.930,1.501
47.7,97.5,-0.096,1.506
47.7,98.0,-1.058,1.512
47.7,98.5,1.122,1.517
47.7,99.0,0.096,1.523
47.7,99.5,-0.866,1.528
47.7,100.0,1.250,1.533
48.2,0.0,1.378,0.123
48.2,0.5,0.481,0.131
48.2,1.0,-0.481,0.139
48.2,1.5,-1.378,0.148
48.2,2.0,0.866,0.156
48.2,2.5,-0.096,0.164
48.2,3.0,-0.994,0.172
48.2,3.5,1.250,0.180
48.2,4.0,0.289,0.188
48.2,4.5,-0.609,0.196
48.2,5.0,-1.507,0.204
48.2,5.5,0.673,0.212
48.2,6.0,-0.224,0.220
48.2,6.5,-1.122,0.229
48.2,7.0,1.058,0.237
48.2,7.5,0.160,0.245
48.2,8.0,-0.801,0.253
48.2,8.5,1.443,0.261
48.2,9.0,0.545,0.269
48.2,9.5,-0.417,0.277
48.2,10.1,-1.314,0.285
48.2,10.6,0.866,0.293
48.2,11.1,-0.032,0.301
48.2,11.6,-0.994,0.309
48.2,12.1,1.250,0.317
48.2,12.6,0.353,0.325
48.2,13.1,-0.609,0.333
48.2,13.6,-1.507,0.341
48.2,14.1,0.673,0.349
48.2,14.6,-0.224,0.357
48.2,15.1,-1.186,0.365
48.2,15.6,1.058,0.373
48.2,16.1,0.096,0.381
48.2,16.6,-0.801,0.389
48.2,17.1,1.378,0.397
48.2,17.6,0.481,0.405
48.2,18.1,-0.481,0.413
48.2,18.6,-1.378,0.421
48.2,19.1,0.801,0.429
48.2,19.6,-0.096,0.437
48.2,20.1,-1.058,0.445
48.2,20.6,1.122,0.453
48.2,21.1,0.224,0.461
48.2,21.6,-0.737,0.469
48.2,22.1,1.507,0.477
48.2,22.6,0.545,0.485
48.2,23.1,-0.353,0.492
48.2,23.6,-1.314,0.500
48.2,24.1,0.866,0.508
48.2,24.6,-0.032,0.516
48.2,25.1,-0.994,0.524
48.2,25.6,1.250,0.532
48.2,26.1,0.289,0.540
48.2,26.6,-0.673,0.547
48.2,27.1,1.571,0.555
48.2,27.6,0.609,0.563
48.2,28.1,-0.289,0.571
48.2,28.6,-1.250,0.579
48.2,29.1,0.930,0.586
48.2,29.6,0.032,0.594
48.2,30.2,-0.930,0.602
48.2,30.7,1.250,0.610
48.2,31.2,0.353,0.617
48.2,31.7,-0.609,0.625
48.2,32.2,-1.571,0.633
48.2,32.7,0.673,0.641
48.2,33.2,-0.289,0.648
48.2,33.7,-1.250,0.656
48.2,34.2,0.994,0.663
48.2,34.7,0.032,0.671
48.2,35.2,-0.930,0.679
48.2,35.7,1.250,0.687
48.2,36.2,0.353,0.694
48.2,36.7,-0.609,0.702
48.2,37.2,-1.571,0.710
48.2,37.7,0.609,0.717
48.2,38.2,-0.289,0.725
48.2,38.7,-1.250,0.732
48.2,39.2,0.930,0.740
48.2,39.7,-0.032,0.747
48.2,40.2,-0.930,0.755
48.2,40.7,1.250,0.763
48.2,41.2,0.289,0.770
48.2,41.7,-0.673,0.777
48.2,42.2,1.507,0.785
48.2,42.7,0.609,0.792
48.2,43.2,-0.353,0.800
48.2,43.7,-1.314,0.807
48.2,44.2,0.866,0.815
48.2,44.7,-0.096,0.822
48.2,45.2,-0.994,0.829
48.2,45.7,1.186,0.837
48.2,46.2,0.224,0.844
48.2,46.7,-0.737,0.852
48.2,47.2,1.443,0.859
48.2,47.7,0.481,0.866
48.2,48.2,-0.481,0.874
48.2,48.7,-1.378,0.881
48.2,49.2,0.801,0.888
48.2,49.7,-0.160,0.896
48.2,50.3,-1.122,0.903
48.2,50.8,1.058,0.910
48.2,51.3,0.096,0.917
48.2,51.8,-0.866,0.925
48.2,52.3,1.314,0.932
48.2,52.8,0.353,0.939
48.2,53.3,-0.609,0.946
48.2,53.8,-1.507,0.953
48.2,54.3,0.673,0.960
48.2,54.8,-0.289,0.967
48.2,55.3,-1.250,0.975
48.2,55.8,0.930,0.982
48.2,56.3,-0.032,0.989
48.2,56.8,-0.994,0.996
48.2,57.3,1.186,1.003
48.2,57.8,0.224,1.010
48.2,58.3,-0.737,1.017
48.2,58.8,1.443,1.024
48.2,59.3,0.481,1.031
48.2,59.8,-0.481,1.038
48.2,60.3,-1.443,1.045
48.2,60.8,0.737,1.052
48.2,61.3,-0.224,1.059
48.2,61.8,-1.186,1.066
48.2,62.3,0.994,1.073
48.2,62.8,0.032,1.079
48.2,63.3,-0.930,1.086
48.2,63.8,1.250,1.093
48.2,64.3,0.289,1.100
48.2,64.8,-0.673,1.106
48.2,65.3,1.443,1.113
48.2,65.8,0.481,1.120
48.2,66.3,-0.481,1.127
48.2,66.8,-1.443,1.134
48.2,67.3,0.737,1.140
48.2,67.8,-0.224,1.147
48.2,68.3,-1.186,1.154
48.2,68.8,0.994,1.160
48.2,69.3,0.032,1.167
48.2,69.8,-0.930,1.173
48.2,70.4,1.186,1.180
48.2,70.9,0.224,1.186
48.2,71.4,-0.737,1.193
48.2,71.9,1.443,1.200
48.2,72.4,0.481,1.206
48.2,72.9,-0.481,1.212
48.2,73.4,-1.443,1.219
48.2,73.9,0.673,1.225
48.2,74.4,-0.289,1.232
48.2,74.9,-1.250,1.238
48.2,75.4,0.930,1.245
48.2,75.9,-0.032,1.251
48.2,76.4,-0.994,1.257
48.2,76.9,1.122,1.263
48.2,77.4,0.160,1.270
48.2,77.9,-0.801,1.276
48.2,78.4,1.378,1.282
48.2,78.9,0.353,1.288
48.2,79.4,-0.609,1.295
48.2,79.9,1.571,1.301
48.2,80.4,0.609,1.307
48.2,80.9,-0.417,1.313
48.2,81.4,-1.378,1.319
48.2,81.9,0.801,1.326
48.2,82.4,-0.160,1.331
48.2,82.9,-1.186,1.337
48.2,83.4,0.994,1.344
48.2,83.9,0.032,1.350
48.2,84.4,-0.930,1.355
48.2,84.9,1.186,1.362
48.2,85.4,0.224,1.368
48.2,85.9,-0.737,1.373
48.2,86.4,1.378,1.379
48.2,86.9,0.417,1.385
48.2,87.4,-0.545,1.391
48.2,87.9,-1.571,1.397
48.2,88.4,0.609,1.403
48.2,88.9,-0.353,1.408
48.2,89.4,-1.378,1.414
48.2,89.9,0.801,1.420
48.2,90.5,-0.160,1.425
48.2,91.0,-1.186,1.431
48.2,91.5,0.994,1.437
48.2,92.0,0.032,1.442
48.2,92.5,-0.994,1.448
48.2,93.0,1.186,1.454
48.2,93.5,0.160,1.459
48.2,94.0,-0.801,1.465
48.2,94.5,1.378,1.470
48.2,95.0,0.353,1.476
48.2,95.5,-0.609,1.481
48.2,96.0,1.507,1.487
48.2,96.5,0.545,1.492
48.2,97.0,-0.481,1.497
48.2,97.5,-1.443,1.503
48.2,98.0,0.737,1.508
48.2,98.5,-0.289,1.514
48.2,99.0,-1.250,1.519
48.2,99.5,0.866,1.525
48.2,100.0,-0.096,1.529
48.7,0.0,-0.032,0.118
48.7,0.5,-0.930,0.126
48.7,1.0,1.250,0.134
48.7,1.5,0.353,0.142
48.7,2.0,-0.545,0.150
48.7,2.5,-1.507,0.158
48.7,3.0,0.737,0.166
48.7,3.5,-0.160,0.174
48.7,4.0,-1.122,0.183
48.7,4.5,1.122,0.191
48.7,5.0,0.160,0.199
48.7,5.5,-0.737,0.207
48.7,6.0,1.507,0.215
48.7,6.5,0.545,0.223
48.7,7.0,-0.353,0.231
48.7,7.5,-1.250,0.239
48.7,8.0,0.930,0.247
48.7,8.5,0.032,0.255
48.7,9.0,-0.930,0.263
48.7,9.5,1.314,0.272
48.7,10.1,0.417,0.280
48.7,10.6,-0.545,0.288
48.7,11.1,-1.443,0.296
48.7,11.6,0.737,0.304
48.7,12.1,-0.160,0.312
48.7,12.6,-1.122,0.320
48.7,13.1,1.122,0.328
48.7,13.6,0.160,0.336
48.7,14.1,-0.737,0.344
48.7,14.6,1.443,0.352
48.7,15.1,0.545,0.360
48.7,15.6,-0.353,0.368
48.7,16.1,-1.314,0.376
48.7,16.6,0.930,0.384
48.7,17.1,-0.032,0.392
48.7,17.6,-0.930,0.400
48.7,18.1,1.250,0.408
48.7,18.6,0.289,0.416
48.7,19.1,-0.609,0.424
48.7,19.6,-1.571,0.432
48.7,20.1,0.673,0.440
48.7,20.6,-0.289,0.448
48.7,21.1,-1.186,0.456
48.7,21.6,0.994,0.463
48.7,22.1,0.096,0.471
48.7,22.6,-0.866,0.479
48.7,23.1,1.378,0.487
48.7,23.6,0.417,0.495
48.7,24.1,-0.545,0.503
48.7,24.6,-1.443,0.511
48.7,25.1,0.737,0.519
48.7,25.6,-0.160,0.526
48.7,26.1,-1.122,0.534
48.7,26.6,1.058,0.542
48.7,27.1,0.160,0.550
48.7,27.6,-0.801,0.558
48.7,28.1,1.443,0.565
48.7,28.6,0.481,0.574
48.7,29.1,-0.481,0.581
48.7,29.6,-1.378,0.589
48.7,30.2,0.801,0.597
48.7,30.7,-0.160,0.605
48.7,31.2,-1.058,0.612
48.7,31.7,1.122,0.620
48.7,32.2,0.160,0.628
48.7,32.7,-0.737,0.635
48.7,33.2,1.443,0.643
48.7,33.7,0.481,0.651
48.7,34.2,-0.417,0.658
48.7,34.7,-1.378,0.666
48.7,35.2,0.801,0.674
48.7,35.7,-0.160,0.681
48.7,36.2,-1.058,0.689
48.7,36.7,1.122,0.697
48.7,37.2,0.160,0.705
48.7,37.7,-0.801,0.712
48.7,38.2,1.443,0.720
48.7,38.7,0.481,0.727
48.7,39.2,-0.481,0.735
48.7,39.7,-1.443,0.742
48.7,40.2,0.801,0.750
48.7,40.7,-0.160,0.758
48.7,41.2,-1.122,0.765
48.7,41.7,1.058,0.772
48.7,42.2,0.160,0.780
48.7,42.7,-0.801,0.787
48.7,43.2,1.378,0.795
48.7,43.7,0.417,0.802
48.7,44.2,-0.545,0.810
48.7,44.7,-1.507,0.817
48.7,45.2,0.737,0.825
48.7,45.7,-0.224,0.832
48.7,46.2,-1.186,0.840
48.7,46.7,0.994,0.847
48.7,47.2,0.032,0.854
48.7,47.7,-0.930,0.861
48.7,48.2,1.314,0.869
48.7,48.7,0.353,0.876
48.7,49.2,-0.609,0.884
48.7,49.7,1.571,0.891
48.7,50.3,0.609,0.898
48.7,50.8,-0.353,0.905
48.7,51.3,-1.314,0.913
48.7,51.8,0.866,0.920
48.7,52.3,-0.096,0.927
48.7,52.8,-0.994,0.934
48.7,53.3,1.186,0.941
48.7,53.8,0.224,0.948
48.7,54.3,-0.737,0.956
48.7,54.8,1.443,0.963
48.7,55.3,0.481,0.970
48.7,55.8,-0.481,0.977
48.7,56.3,-1.443,0.984
48.7,56.8,0.737,0.991
48.7,57.3,-0.224,0.998
48.7,57.8,-1.186,1.005
48.7,58.3,0.994,1.012
48.7,58.8,0.032,1.019
48.7,59.3,-0.930,1.026
48.7,59.8,1.250,1.033
48.7,60.3,0.289,1.040
48.7,60.8,-0.673,1.047
48.7,61.3,1.507,1.054
48.7,61.8,0.545,1.061
48.7,62.3,-0.417,1.068
48.7,62.8,-1.378,1.075
48.7,63.3,0.801,1.082
48.7,63.8,-0.160,1.089
48.7,64.3,-1.122,1.095
48.7,64.8,1.058,1.102
48.7,65.3,0.096,1.109
48.7,65.8,-0.866,1.115
48.7,66.3,1.314,1.122
48.7,66.8,0.289,1.129
48.7,67.3,-0.673,1.136
48.7,67.8,1.507,1.142
48.7,68.3,0.545,1.149
48.7,68.8,-0.417,1.156
48.7,69.3,-1.378,1.163
48.7,69.8,0.801,1.169
48.7,70.4,-0.160,1.176
48.7,70.9,-1.122,1.182
48.7,71.4,0.994,1.188
48.7,71.9,0.032,1.195
48.7,72.4,-0.930,1.202
48.7,72.9,1.250,1.208
48.7,73.4,0.289,1.215
48.7,73.9,-0.673,1.221
48.7,74.4,1.507,1.227
48.7,74.9,0.481,1.234
48.7,75.4,-0.481,1.240
48.7,75.9,-1.443,1.247
48.7,76.4,0.737,1.253
48.7,76.9,-0.224,1.259
48.7,77.4,-1.250,1.265
48.7,77.9,0.930,1.272
48.7,78.4,-0.032,1.278
48.7,78.9,-0.994,1.285
48.7,79.4,1.186,1.290
48.7,79.9,0.160,1.297
48.7,80.4,-0.801,1.303
48.7,80.9,1.378,1.309
48.7,81.4,0.417,1.315
48.7,81.9,-0.609,1.321
48.7,82.4,-1.571,1.328
48.7,82.9,0.609,1.334
48.7,83.4,-0.353,1.339
48.7,83.9,-1.378,1.346
48.7,84.4,0.801,1.352
48.7,84.9,-0.160,1.358
48.7,85.4,-1.186,1.363
48.7,85.9,0.994,1.370
48.7,86.4,0.032,1.375
48.7,86.9,-0.994,1.381
48.7,87.4,1.186,1.387
48.7,87.9,0.224,1.393
48.7,88.4,-0.801,1.399
48.7,88.9,1.378,1.405
48.7,89.4,0.417,1.410
48.7,89.9,-0.609,1.416
48.7,90.5,-1.571,1.422
48.7,91.0,0.609,1.428
48.7,91.5,-0.417,1.433
48.7,92.0,-1.378,1.439
48.7,92.5,0.801,1.444
48.7,93.0,-0.224,1.450
48.7,93.5,-1.186,1.456
48.7,94.0,0.930,1.461
48.7,94.5,-0.032,1.467
48.7,95.0,-0.994,1.472
48.7,95.5,1.122,1.478
48.7,96.0,0.160,1.483
48.7,96.5,-0.866,1.489
48.7,97.0,1.314,1.494
48.7,97.5,0.289,1.499
48.7,98.0,-0.673,1.505
48.7,98.5,1.507,1.510
48.7,99.0,0.481,1.516
48.7,99.5,-0.481,1.521
48.7,100.0,-1.507,1.526
49.2,0.0,-1.443,0.112
49.2,0.5,0.737,0.120
49.2,1.0,-0.160,0.129
49.2,1.5,-1.058,0.137
49.2,2.0,1.122,0.145
49.2,2.5,0.224,0.153
49.2,3.0,-0.673,0.161
49.2,3.5,1.507,0.169
49.2,4.0,0.609,0.177
49.2,4.5,-0.289,0.185
49.2,5.0,-1.250,0.193
49.2,5.5,0.994,0.202
49.2,6.0,0.096,0.210
49.2,6.5,-0.866,0.218
49.2,7.0,1.378,0.226
49.2,7.5,0.417,0.234
49.2,8.0,-0.481,0.242
49.2,8.5,-1.378,0.250
49.2,9.0,0.801,0.258
49.2,9.5,-0.096,0.266
49.2,10.1,-1.058,0.274
49.2,10.6,1.186,0.282
49.2,11.1,0.224,0.290
49.2,11.6,-0.673,0.298
49.2,12.1,1.571,0.306
49.2,12.6,0.609,0.315
49.2,13.1,-0.289,0.323
49.2,13.6,-1.250,0.331
49.2,14.1,0.994,0.339
49.2,14.6,0.032,0.347
49.2,15.1,-0.866,0.355
49.2,15.6,1.314,0.363
49.2,16.1,0.417,0.371
49.2,16.6,-0.545,0.379
49.2,17.1,-1.443,0.387
49.2,17.6,0.737,0.395
49.2,18.1,-0.160,0.403
49.2,18.6,-1.122,0.410
49.2,19.1,1.122,0.419
49.2,19.6,0.160,0.426
49.2,20.1,-0.737,0.434
49.2,20.6,1.443,0.442
49.2,21.1,0.545,0.450
49.2,21.6,-0.417,0.458
49.2,22.1,-1.314,0.466
49.2,22.6,0.866,0.474
49.2,23.1,-0.096,0.482
49.2,23.6,-0.994,0.490
49.2,24.1,1.186,0.498
49.2,24.6,0.289,0.506
49.2,25.1,-0.673,0.513
49.2,25.6,1.571,0.521
49.2,26.1,0.609,0.529
49.2,26.6,-0.353,0.537
49.2,27.1,-1.250,0.545
49.2,27.6,0.930,0.553
49.2,28.1,-0.032,0.560
49.2,28.6,-0.930,0.568
49.2,29.1,1.250,0.576
49.2,29.6,0.353,0.584
49.2,30.2,-0.609,0.592
49.2,30.7,-1.571,0.599
49.2,31.2,0.673,0.607
49.2,31.7,-0.289,0.615
49.2,32.2,-1.250,0.623
49.2,32.7,0.994,0.630
49.2,33.2,0.032,0.638
49.2,33.7,-0.930,0.646
49.2,34.2,1.250,0.653
49.2,34.7,0.353,0.661
49.2,35.2,-0.609,0.669
49.2,35.7,-1.571,0.676
49.2,36.2,0.673,0.684
49.2,36.7,-0.289,0.692
49.2,37.2,-1.250,0.699
49.2,37.7,0.930,0.707
49.2,38.2,0.032,0.715
49.2,38.7,-0.930,0.722
49.2,39.2,1.250,0.730
49.2,39.7,0.289,0.737
49.2,40.2,-0.609,0.745
49.2,40.7,1.571,0.753
49.2,41.2,0.609,0.760
49.2,41.7,-0.353,0.767
49.2,42.2,-1.250,0.775
49.2,42.7,0.930,0.783
49.2,43.2,-0.032,0.790
49.2,43.7,-0.994,0.798
49.2,44.2,1.186,0.805
49.2,44.7,0.289,0.812
49.2,45.2,-0.673,0.820
49.2,45.7,1.507,0.827
49.2,46.2,0.545,0.835
49.2,46.7,-0.417,0.842
49.2,47.2,-1.378,0.849
49.2,47.7,0.801,0.856
49.2,48.2,-0.096,0.864
49.2,48.7,-1.058,0.871
49.2,49.2,1.122,0.879
49.2,49.7,0.160,0.886
49.2,50.3,-0.801,0.893
49.2,50.8,1.378,0.901
49.2,51.3,0.417,0.908
49.2,51.8,-0.545,0.915
49.2,52.3,-1.443,0.922
49.2,52.8,0.737,0.929
49.2,53.3,-0.224,0.937
49.2,53.8,-1.186,0.944
49.2,54.3,0.994,0.951
49.2,54.8,0.032,0.958
49.2,55.3,-0.930,0.965
49.2,55.8,1.250,0.973
49.2,56.3,0.289,0.980
49.2,56.8,-0.673,0.987
49.2,57.3,1.507,0.994
49.2,57.8,0.545,1.001
49.2,58.3,-0.417,1.008
49.2,58.8,-1.378,1.015
49.2,59.3,0.801,1.022
49.2,59.8,-0.160,1.029
49.2,60.3,-1.122,1.036
49.2,60.8,1.058,1.043
49.2,61.3,0.096,1.050
49.2,61.8,-0.866,1.057
49.2,62.3,1.314,1.063
49.2,62.8,0.353,1.070
49.2,63.3,-0.609,1.077
49.2,63.8,-1.571,1.084
49.2,64.3,0.609,1.091
49.2,64.8,-0.353,1.098
49.2,65.3,-1.314,1.104
49.2,65.8,0.866,1.111
49.2,66.3,-0.096,1.118
49.2,66.8,-1.058,1.125
49.2,67.3,1.122,1.131
49.2,67.8,0.160,1.138
49.2,68.3,-0.866,1.144
49.2,68.8,1.314,1.151
49.2,69.3,0.353,1.158
49.2,69.8,-0.609,1.165
49.2,70.4,-1.571,1.171
49.2,70.9,0.609,1.178
49.2,71.4,-0.353,1.184
49.2,71.9,-1.314,1.191
49.2,72.4,0.801,1.197
49.2,72.9,-0.160,1.204
49.2,73.4,-1.122,1.210
49.2,73.9,1.058,1.217
49.2,74.4,0.096,1.223
49.2,74.9,-0.866,1.230
49.2,75.4,1.314,1.236
49.2,75.9,0.289,1.242
49.2,76.4,-0.673,1.249
49.2,76.9,1.507,1.255
49.2,77.4,0.545,1.262
49.2,77.9,-0.417,1.267
49.2,78.4,-1.443,1.274
49.2,78.9,0.737,1.280
49.2,79.4,-0.224,1.287
49.2,79.9,-1.186,1.293
49.2,80.4,0.930,1.299
49.2,80.9,-0.032,1.305
49.2,81.4,-0.994,1.311
49.2,81.9,1.186,1.317
49.2,82.4,0.160,1.323
49.2,82.9,-0.801,1.330
49.2,83.4,1.378,1.336
49.2,83.9,0.417,1.341
49.2,84.4,-0.609,1.348
49.2,84.9,-1.571,1.354
49.2,85.4,0.609,1.360
49.2,85.9,-0.417,1.365
49.2,86.4,-1.378,1.372
49.2,86.9,0.801,1.378
49.2,87.4,-0.160,1.383
49.2,87.9,-1.186,1.389
49.2,88.4,0.994,1.395
49.2,88.9,0.032,1.400
49.2,89.4,-0.994,1.407
49.2,89.9,1.186,1.413
49.2,90.5,0.160,1.418
49.2,91.0,-0.801,1.424
49.2,91.5,1.378,1.430
49.2,92.0,0.353,1.435
49.2,92.5,-0.609,1.441
49.2,93.0,1.571,1.446
49.2,93.5,0.545,1.452
49.2,94.0,-0.417,1.458
49.2,94.5,-1.443,1.463
49.2,95.0,0.737,1.469
49.2,95.5,-0.224,1.474
49.2,96.0,-1.250,1.480
49.2,96.5,0.930,1.485
49.2,97.0,-0.096,1.490
49.2,97.5,-1.058,1.496
49.2,98.0,1.058,1.501
49.2,98.5,0.096,1.507
49.2,99.0,-0.866,1.512
49.2,99.5,1.250,1.518
49.2,100.0,0.289,1.522
49.7,0.0,0.224,0.107
49.7,0.5,-0.673,0.115
49.7,1.0,1.571,0.123
49.7,1.5,0.609,0.131
49.7,2.0,-0.289,0.139
49.7,2.5,-1.186,0.147
49.7,3.0,0.994,0.156
49.7,3.5,0.096,0.164
49.7,4.0,-0.801,0.172
49.7,4.5,1.378,0.180
49.7,5.0,0.481,0.188
49.7,5.5,-0.417,0.196
49.7,6.0,-1.378,0.204
49.7,6.5,0.866,0.212
49.7,7.0,-0.032,0.220
49.7,7.5,-0.994,0.228
49.7,8.0,1.250,0.237
49.7,8.5,0.289,0.245
49.7,9.0,-0.609,0.253
49.7,9.5,-1.507,0.261
49.7,10.1,0.673,0.269
49.7,10.6,-0.224,0.277
49.7,11.1,-1.186,0.285
49.7,11.6,1.058,0.293
49.7,12.1,0.096,0.301
49.7,12.6,-0.801,0.309
49.7,13.1,1.443,0.317
49.7,13.6,0.481,0.325
49.7,14.1,-0.417,0.333
49.7,14.6,-1.378,0.341
49.7,15.1,0.866,0.349
49.7,15.6,-0.096,0.357
49.7,16.1,-0.994,0.365
49.7,16.6,1.186,0.373
49.7,17.1,0.289,0.381
49.7,17.6,-0.673,0.389
49.7,18.1,1.571,0.397
49.7,18.6,0.609,0.405
49.7,19.1,-0.289,0.413
49.7,19.6,-1.250,0.421
49.7,20.1,0.994,0.429
49.7,20.6,0.032,0.437
49.7,21.1,-0.866,0.445
49.7,21.6,1.314,0.453
49.7,22.1,0.353,0.461
49.7,22.6,-0.545,0.469
49.7,23.1,-1.507,0.477
49.7,23.6,0.737,0.485
49.7,24.1,-0.224,0.492
49.7,24.6,-1.122,0.500
49.7,25.1,1.058,0.508
49.7,25.6,0.096,0.516
49.7,26.1,-0.801,0.524
49.7,26.6,1.378,0.532
49.7,27.1,0.481,0.540
49.7,27.6,-0.481,0.547
49.7,28.1,-1.443,0.555
49.7,28.6,0.801,0.563
49.7,29.1,-0.160,0.571
49.7,29.6,-1.058,0.578
49.7,30.2,1.122,0.586
49.7,30.7,0.160,0.594
49.7,31.2,-0.737,0.602
49.7,31.7,1.443,0.610
49.7,32.2,0.481,0.617
49.7,32.7,-0.417,0.625
49.7,33.2,-1.378,0.633
49.7,33.7,0.801,0.641
49.7,34.2,-0.160,0.648
49.7,34.7,-1.058,0.656
49.7,35.2,1.122,0.664
49.7,35.7,0.160,0.671
49.7,36.2,-0.737,0.679
49.7,36.7,1.443,0.687
49.7,37.2,0.481,0.694
49.7,37.7,-0.481,0.702
49.7,38.2,-1.378,0.710
49.7,38.7,0.801,0.717
49.7,39.2,-0.160,0.725
49.7,39.7,-1.122,0.732
49.7,40.2,1.122,0.740
49.7,40.7,0.160,0.748
49.7,41.2,-0.801,0.755
49.7,41.7,1.378,0.762
49.7,42.2,0.481,0.770
49.7,42.7,-0.481,0.778
49.7,43.2,-1.443,0.785
49.7,43.7,0.737,0.793
49.7,44.2,-0.224,0.800
49.7,44.7,-1.122,0.807
49.7,45.2,1.058,0.815
49.7,45.7,0.096,0.822
49.7,46.2,-0.866,0.830
49.7,46.7,1.314,0.837
49.7,47.2,0.353,0.844
49.7,47.7,-0.545,0.852
49.7,48.2,-1.507,0.859
49.7,48.7,0.673,0.867
49.7,49.2,-0.289,0.874
49.7,49.7,-1.250,0.881
49.7,50.3,0.930,0.888
49.7,50.8,-0.032,0.896
49.7,51.3,-0.994,0.903
49.7,51.8,1.250,0.910
49.7,52.3,0.289,0.917
49.7,52.8,-0.673,0.925
49.7,53.3,1.507,0.932
49.7,53.8,0.545,0.939
49.7,54.3,-0.417,0.946
49.7,54.8,-1.378,0.954
49.7,55.3,0.801,0.961
49.7,55.8,-0.160,0.968
49.7,56.3,-1.122,0.975
49.7,56.8,1.058,0.982
49.7,57.3,0.096,0.989
49.7,57.8,-0.866,0.996
49.7,58.3,1.314,1.003
49.7,58.8,0.353,1.010
49.7,59.3,-0.609,1.017
49.7,59.8,-1.571,1.024
49.7,60.3,0.609,1.031
49.7,60.8,-0.353,1.038
49.7,61.3,-1.314,1.045
49.7,61.8,0.866,1.052
49.7,62.3,-0.096,1.059
49.7,62.8,-1.058,1.066
49.7,63.3,1.122,1.072
49.7,63.8,0.160,1.079
49.7,64.3,-0.801,1.086
49.7,64.8,1.378,1.093
49.7,65.3,0.417,1.100
49.7,65.8,-0.545,1.107
49.7,66.3,-1.507,1.114
49.7,66.8,0.673,1.120
49.7,67.3,-0.289,1.127
49.7,67.8,-1.250,1.134
49.7,68.3,0.930,1.140
49.7,68.8,-0.032,1.147
49.7,69.3,-1.058,1.153
49.7,69.8,1.122,1.160
49.7,70.4,0.160,1.167
49.7,70.9,-0.801,1.174
49.7,71.4,1.378,1.180
49.7,71.9,0.417,1.187
49.7,72.4,-0.545,1.193
49.7,72.9,-1.507,1.199
49.7,73.4,0.609,1.206
49.7,73.9,-0.353,1.213
49.7,74.4,-1.314,1.219
49.7,74.9,0.866,1.226
49.7,75.4,-0.096,1.232
49.7,75.9,-1.058,1.238
49.7,76.4,1.058,1.244
49.7,76.9,0.096,1.251
49.7,77.4,-0.866,1.258
49.7,77.9,1.314,1.264
49.7,78.4,0.353,1.270
49.7,78.9,-0.673,1.276
49.7,79.4,1.507,1.283
49.7,79.9,0.545,1.289
49.7,80.4,-0.417,1.295
49.7,80.9,-1.378,1.301
49.7,81.4,0.737,1.307
49.7,81.9,-0.224,1.314
49.7,82.4,-1.186,1.320
49.7,82.9,0.994,1.325
49.7,83.4,-0.032,1.332
49.7,83.9,-0.994,1.338
49.7,84.4,1.186,1.344
49.7,84.9,0.160,1.349
49.7,85.4,-0.801,1.356
49.7,85.9,1.378,1.362
49.7,86.4,0.417,1.367
49.7,86.9,-0.609,1.374
49.7,87.4,1.571,1.380
49.7,87.9,0.609,1.385
49.7,88.4,-0.417,1.391
49.7,88.9,-1.378,1.397
49.7,89.4,0.801,1.403
49.7,89.9,-0.224,1.409
49.7,90.5,-1.186,1.415
49.7,91.0,0.994,1.420
49.7,91.5,-0.032,1.426
49.7,92.0,-0.994,1.432
49.7,92.5,1.122,1.437
49.7,93.0,0.160,1.443
49.7,93.5,-0.801,1.448
49.7,94.0,1.314,1.454
49.7,94.5,0.353,1.460
49.7,95.0,-0.673,1.465
49.7,95.5,1.507,1.471
49.7,96.0,0.545,1.476
49.7,96.5,-0.481,1.482
49.7,97.0,-1.443,1.487
49.7,97.5,0.673,1.492
49.7,98.0,-0.289,1.498
49.7,98.5,-1.250,1.503
49.7,99.0,0.866,1.509
49.7,99.5,-0.096,1.514
49.7,100.0,-1.122,1.519
50.3,0.0,-1.186,0.101
50.3,0.5,1.058,0.109
50.3,1.0,0.096,0.118
50.3,1.5,-0.801,0.126
50.3,2.0,1.443,0.134
50.3,2.5,0.481,0.142
50.3,3.0,-0.417,0.150
50.3,3.5,-1.314,0.158
50.3,4.0,0.866,0.166
50.3,4.5,-0.032,0.174
50.3,5.0,-0.930,0.183
50.3,5.5,1.250,0.191
50.3,6.0,0.353,0.199
50.3,6.5,-0.545,0.207
50.3,7.0,-1.507,0.215
50.3,7.5,0.737,0.223
50.3,8.0,-0.160,0.231
50.3,8.5,-1.122,0.239
50.3,9.0,1.122,0.247
50.3,9.5,0.160,0.255
50.3,10.1,-0.737,0.263
50.3,10.6,1.507,0.271
50.3,11.1,0.545,0.280
50.3,11.6,-0.353,0.288
50.3,12.1,-1.314,0.296
50.3,12.6,0.930,0.304
50.3,13.1,-0.032,0.312
50.3,13.6,-0.930,0.320
50.3,14.1,1.250,0.328
50.3,14.6,0.353,0.336
50.3,15.1,-0.545,0.344
50.3,15.6,-1.507,0.352
50.3,16.1,0.737,0.360
50.3,16.6,-0.224,0.368
50.3,17.1,-1.122,0.376
50.3,17.6,1.058,0.384
50.3,18.1,0.160,0.392
50.3,18.6,-0.801,0.400
50.3,19.1,1.443,0.408
50.3,19.6,0.481,0.416
50.3,20.1,-0.417,0.424
50.3,20.6,-1.378,0.432
50.3,21.1,0.801,0.440
50.3,21.6,-0.096,0.448
50.3,22.1,-1.058,0.455
50.3,22.6,1.186,0.463
50.3,23.1,0.224,0.471
50.3,23.6,-0.673,0.479
50.3,24.1,1.507,0.487
50.3,24.6,0.609,0.495
50.3,25.1,-0.353,0.503
50.3,25.6,-1.314,0.511
50.3,26.1,0.930,0.519
50.3,26.6,-0.032,0.527
50.3,27.1,-0.930,0.534
50.3,27.6,1.250,0.542
50.3,28.1,0.289,0.550
50.3,28.6,-0.609,0.558
50.3,29.1,-1.571,0.566
50.3,29.6,0.609,0.573
50.3,30.2,-0.289,0.581
50.3,30.7,-1.250,0.589
50.3,31.2,0.994,0.597
50.3,31.7,0.032,0.605
50.3,32.2,-0.930,0.612
50.3,32.7,1.314,0.620
50.3,33.2,0.353,0.628
50.3,33.7,-0.609,0.636
50.3,34.2,-1.571,0.643
50.3,34.7,0.673,0.651
50.3,35.2,-0.289,0.659
50.3,35.7,-1.250,0.666
50.3,36.2,0.994,0.674
50.3,36.7,0.032,0.682
50.3,37.2,-0.930,0.689
50.3,37.7,1.250,0.697
50.3,38.2,0.353,0.704
50.3,38.7,-0.609,0.712
50.3,39.2,-1.571,0.720
50.3,39.7,0.673,0.727
50.3,40.2,-0.289,0.735
50.3,40.7,-1.250,0.743
50.3,41.2,0.930,0.750
50.3,41.7,-0.032,0.757
50.3,42.2,-0.930,0.765
50.3,42.7,1.250,0.773
50.3,43.2,0.289,0.780
50.3,43.7,-0.673,0.787
50.3,44.2,1.507,0.795
50.3,44.7,0.609,0.802
50.3,45.2,-0.353,0.810
50.3,45.7,-1.314,0.817
50.3,46.2,0.866,0.825
50.3,46.7,-0.096,0.832
50.3,47.2,-0.994,0.839
50.3,47.7,1.186,0.847
50.3,48.2,0.224,0.854
50.3,48.7,-0.737,0.862
50.3,49.2,1.443,0.869
50.3,49.7,0.481,0.876
50.3,50.3,-0.481,0.883
50.3,50.8,-1.443,0.891
50.3,51.3,0.801,0.898
50.3,51.8,-0.160,0.905
50.3,52.3,-1.122,0.913
50.3,52.8,1.058,0.920
50.3,53.3,0.096,0.927
50.3,53.8,-0.866,0.934
50.3,54.3,1.314,0.942
50.3,54.8,0.353,0.949
50.3,55.3,-0.609,0.956
50.3,55.8,-1.571,0.963
50.3,56.3,0.609,0.970
50.3,56.8,-0.353,0.977
50.3,57.3,-1.314,0.984
50.3,57.8,0.930,0.991
50.3,58.3,-0.032,0.998
50.3,58.8,-0.994,1.005
50.3,59.3,1.186,1.012
50.3,59.8,0.224,1.019
50.3,60.3,-0.737,1.026
50.3,60.8,1.443,1.033
50.3,61.3,0.481,1.040
50.3,61.8,-0.481,1.047
50.3,62.3,-1.443,1.054
50.3,62.8,0.737,1.061
50.3,63.3,-0.224,1.068
50.3,63.8,-1.186,1.074
50.3,64.3,0.930,1.081
50.3,64.8,-0.032,1.088
50.3,65.3,-0.994,1.095
50.3,65.8,1.186,1.102
50.3,66.3,0.224,1.109
50.3,66.8,-0.737,1.116
50.3,67.3,1.443,1.123
50.3,67.8,0.481,1.129
50.3,68.3,-0.481,1.136
50.3,68.8,-1.443,1.143
50.3,69.3,0.737,1.149
50.3,69.8,-0.224,1.156
50.3,70.4,-1.186,1.162
50.3,70.9,0.930,1.169
50.3,71.4,-0.032,1.176
50.3,71.9,-0.994,1.182
50.3,72.4,1.186,1.189
50.3,72.9,0.224,1.195
50.3,73.4,-0.737,1.202
50.3,73.9,1.443,1.208
50.3,74.4,0.417,1.214
50.3,74.9,-0.545,1.221
50.3,75.4,-1.507,1.228
50.3,75.9,0.673,1.234
50.3,76.4,-0.289,1.240
50.3,76.9,-1.250,1.247
50.3,77.4,0.866,1.253
50.3,77.9,-0.096,1.260
50.3,78.4,-1.058,1.266
50.3,78.9,1.122,1.272
50.3,79.4,0.160,1.278
50.3,79.9,-0.866,1.284
50.3,80.4,1.314,1.291
50.3,80.9,0.353,1.297
50.3,81.4,-0.609,1.303
50.3,81.9,1.507,1.309
50.3,82.4,0.545,1.316
50.3,82.9,-0.417,1.322
50.3,83.4,-1.378,1.327
50.3,83.9,0.737,1.334
50.3,84.4,-0.224,1.340
50.3,84.9,-1.186,1.346
50.3,85.4,0.930,1.351
50.3,85.9,-0.032,1.358
50.3,86.4,-0.994,1.364
50.3,86.9,1.186,1.369
50.3,87.4,0.160,1.376
50.3,87.9,-0.801,1.382
50.3,88.4,1.378,1.387
50.3,88.9,0.353,1.393
50.3,89.4,-0.609,1.399
50.3,89.9,1.571,1.405
50.3,90.5,0.545,1.411
50.3,91.0,-0.417,1.417
50.3,91.5,-1.378,1.422
50.3,92.0,0.737,1.428
50.3,92.5,-0.224,1.434
50.3,93.0,-1.250,1.439
50.3,93.5,0.930,1.445
50.3,94.0,-0.032,1.450
50.3,94.5,-1.058,1.456
50.3,95.0,1.122,1.462
50.3,95.5,0.160,1.467
50.3,96.0,-0.866,1.473
50.3,96.5,1.314,1.478
50.3,97.0,0.289,1.483
50.3,97.5,-0.673,1.489
50.3,98.0,1.443,1.494
50.3,98.5,0.481,1.500
50.3,99.0,-0.481,1.505
50.3,99.5,-1.507,1.511
50.3,100.0,0.673,1.516
50.8,0.0,0.545,0.096
50.8,0.5,-0.417,0.104
50.8,1.0,-1.314,0.112
50.8,1.5,0.930,0.120
50.8,2.0,-0.032,0.128
50.8,2.5,-0.930,0.137
50.8,3.0,1.314,0.145
50.8,3.5,0.417,0.153
50.8,4.0,-0.545,0.161
50.8,4.5,-1.443,0.169
50.8,5.0,0.801,0.177
50.8,5.5,-0.160,0.185
50.8,6.0,-1.058,0.193
50.8,6.5,1.122,0.201
50.8,7.0,0.224,0.210
50.8,7.5,-0.673,0.218
50.8,8.0,1.507,0.226
50.8,8.5,0.609,0.234
50.8,9.0,-0.289,0.242
50.8,9.5,-1.250,0.250
50.8,10.1,0.994,0.258
50.8,10.6,0.032,0.266
50.8,11.1,-0.866,0.274
50.8,11.6,1.314,0.282
50.8,12.1,0.417,0.290
50.8,12.6,-0.481,0.298
50.8,13.1,-1.443,0.306
50.8,13.6,0.801,0.314
50.8,14.1,-0.160,0.322
50.8,14.6,-1.058,0.331
50.8,15.1,1.122,0.338
50.8,15.6,0.224,0.347
50.8,16.1,-0.737,0.354
50.8,16.6,1.507,0.363
50.8,17.1,0.545,0.370
50.8,17.6,-0.353,0.379
50.8,18.1,-1.314,0.386
50.8,18.6,0.930,0.395
50.8,19.1,-0.032,0.402
50.8,19.6,-0.930,0.411
50.8,20.1,1.250,0.418
50.8,20.6,0.353,0.426
50.8,21.1,-0.609,0.434
50.8,21.6,-1.507,0.442
50.8,22.1,0.673,0.450
50.8,22.6,-0.224,0.458
50.8,23.1,-1.186,0.466
50.8,23.6,1.058,0.474
50.8,24.1,0.096,0.482
50.8,24.6,-0.866,0.490
50.8,25.1,1.378,0.498
50.8,25.6,0.417,0.506
50.8,26.1,-0.481,0.513
50.8,26.6,-1.443,0.521
50.8,27.1,0.737,0.529
50.8,27.6,-0.160,0.537
50.8,28.1,-1.122,0.545
50.8,28.6,1.122,0.553
50.8,29.1,0.160,0.561
50.8,29.6,-0.801,0.568
50.8,30.2,1.443,0.576
50.8,30.7,0.481,0.584
50.8,31.2,-0.481,0.591
50.8,31.7,-1.378,0.599
50.8,32.2,0.801,0.607
50.8,32.7,-0.160,0.615
50.8,33.2,-1.058,0.623
50.8,33.7,1.122,0.630
50.8,34.2,0.160,0.638
50.8,34.7,-0.737,0.646
50.8,35.2,1.443,0.654
50.8,35.7,0.481,0.661
50.8,36.2,-0.417,0.669
50.8,36.7,-1.378,0.677
50.8,37.2,0.801,0.684
50.8,37.7,-0.160,0.692
50.8,38.2,-1.058,0.699
50.8,38.7,1.122,0.707
50.8,39.2,0.160,0.715
50.8,39.7,-0.737,0.722
50.8,40.2,1.443,0.730
50.8,40.7,0.481,0.737
50.8,41.2,-0.481,0.745
50.8,41.7,-1.443,0.752
50.8,42.2,0.801,0.760
50.8,42.7,-0.160,0.768
50.8,43.2,-1.122,0.775
50.8,43.7,1.058,0.782
50.8,44.2,0.160,0.790
50.8,44.7,-0.801,0.797
50.8,45.2,1.378,0.805
50.8,45.7,0.417,0.812
50.8,46.2,-0.545,0.820
50.8,46.7,-1.507,0.827
50.8,47.2,0.737,0.834
50.8,47.7,-0.224,0.842
50.8,48.2,-1.186,0.849
50.8,48.7,0.994,0.857
50.8,49.2,0.032,0.864
50.8,49.7,-0.930,0.871
50.8,50.3,1.250,0.878
50.8,50.8,0.353,0.886
50.8,51.3,-0.609,0.893
50.8,51.8,1.571,0.901
50.8,52.3,0.609,0.908
50.8,52.8,-0.353,0.915
50.8,53.3,-1.314,0.922
50.8,53.8,0.866,0.930
50.8,54.3,-0.096,0.937
50.8,54.8,-1.058,0.944
50.8,55.3,1.122,0.951
50.8,55.8,0.160,0.958
50.8,56.3,-0.737,0.965
50.8,56.8,1.443,0.972
50.8,57.3,0.481,0.979
50.8,57.8,-0.481,0.987
50.8,58.3,-1.443,0.994
50.8,58.8,0.737,1.001
50.8,59.3,-0.224,1.008
50.8,59.8,-1.186,1.015
50.8,60.3,0.994,1.022
50.8,60.8,0.032,1.029
50.8,61.3,-0.930,1.036
50.8,61.8,1.250,1.043
50.8,62.3,0.289,1.050
50.8,62.8,-0.673,1.057
50.8,63.3,1.507,1.063
50.8,63.8,0.545,1.070
50.8,64.3,-0.417,1.077
50.8,64.8,-1.378,1.084
50.8,65.3,0.801,1.091
50.8,65.8,-0.160,1.097
50.8,66.3,-1.186,1.104
50.8,66.8,0.994,1.111
50.8,67.3,0.032,1.118
50.8,67.8,-0.930,1.125
50.8,68.3,1.250,1.131
50.8,68.8,0.289,1.138
50.8,69.3,-0.673,1.145
50.8,69.8,1.507,1.152
50.8,70.4,0.545,1.158
50.8,70.9,-0.417,1.165
50.8,71.4,-1.378,1.171
50.8,71.9,0.737,1.178
50.8,72.4,-0.224,1.184
50.8,72.9,-1.186,1.191
50.8,73.4,0.994,1.198
50.8,73.9,0.032,1.204
50.8,74.4,-0.930,1.210
50.8,74.9,1.250,1.217
50.8,75.4,0.224,1.223
50.8,75.9,-0.737,1.230
50.8,76.4,1.443,1.236
50.8,76.9,0.481,1.243
50.8,77.4,-0.481,1.249
50.8,77.9,-1.507,1.255
50.8,78.4,0.673,1.262
50.8,78.9,-0.289,1.268
50.8,79.4,-1.250,1.274
50.8,79.9,0.930,1.280
50.8,80.4,-0.096,1.286
50.8,80.9,-1.058,1.293
50.8,81.4,1.122,1.299
50.8,81.9,0.160,1.305
50.8,82.4,-0.866,1.311
50.8,82.9,1.314,1.318
50.8,83.4,0.353,1.324
50.8,83.9,-0.609,1.330
50.8,84.4,1.507,1.335
50.8,84.9,0.545,1.342
50.8,85.4,-0.417,1.348
50.8,85.9,-1.378,1.354
50.8,86.4,0.737,1.360
50.8,86.9,-0.224,1.366
50.8,87.4,-1.186,1.372
50.8,87.9,0.930,1.377
50.8,88.4,-0.032,1.384
50.8,88.9,-0.994,1.389
50.8,89.4,1.122,1.395
50.8,89.9,0.160,1.401
50.8,90.5,-0.801,1.407
50.8,91.0,1.314,1.412
50.8,91.5,0.353,1.418
50.8,92.0,-0.609,1.424
50.8,92.5,1.507,1.430
50.8,93.0,0.545,1.436
50.8,93.5,-0.417,1.441
50.8,94.0,-1.443,1.447
50.8,94.5,0.737,1.452
50.8,95.0,-0.289,1.458
50.8,95.5,-1.250,1.464
50.8,96.0,0.930,1.469
50.8,96.5,-0.096,1.475
50.8,97.0,-1.058,1.480
50.8,97.5,1.058,1.485
50.8,98.0,0.096,1.491
50.8,98.5,-0.930,1.496
50.8,99.0,1.250,1.502
50.8,99.5,0.289,1.507
50.8,100.0,-0.737,1.512
51.3,0.0,-0.930,0.090
51.3,0.5,1.314,0.099
51.3,1.0,0.417,0.107
51.3,1.5,-0.481,0.115
51.3,2.0,-1.443,0.123
51.3,2.5,0.801,0.131
51.3,3.0,-0.096,0.139
51.3,3.5,-1.058,0.147
51.3,4.0,1.186,0.155
51.3,4.5,0.289,0.164
51.3,5.0,-0.673,0.172
51.3,5.5,1.571,0.180
51.3,6.0,0.673,0.188
51.3,6.5,-0.289,0.196
51.3,7.0,-1.186,0.204
51.3,7.5,0.994,0.212
51.3,8.0,0.096,0.220
51.3,8.5,-0.801,0.228
51.3,9.0,1.378,0.236
51.3,9.5,0.481,0.245
51.3,10.1,-0.417,0.253
51.3,10.6,-1.378,0.261
51.3,11.1,0.866,0.269
51.3,11.6,-0.096,0.277
51.3,12.1,-0.994,0.285
51.3,12.6,1.186,0.293
51.3,13.1,0.289,0.301
51.3,13.6,-0.609,0.309
51.3,14.1,-1.571,0.317
51.3,14.6,0.673,0.325
51.3,15.1,-0.289,0.333
51.3,15.6,-1.186,0.341
51.3,16.1,0.994,0.349
51.3,16.6,0.096,0.357
51.3,17.1,-0.866,0.365
51.3,17.6,1.378,0.373
51.3,18.1,0.417,0.381
51.3,18.6,-0.481,0.389
51.3,19.1,-1.443,0.397
51.3,19.6,0.801,0.405
51.3,20.1,-0.160,0.413
51.3,20.6,-1.058,0.421
51.3,21.1,1.122,0.429
51.3,21.6,0.224,0.437
51.3,22.1,-0.737,0.445
51.3,22.6,1.507,0.453
51.3,23.1,0.545,0.461
51.3,23.6,-0.417,0.469
51.3,24.1,-1.314,0.477
51.3,24.6,0.866,0.484
51.3,25.1,-0.032,0.492
51.3,25.6,-0.994,0.500
51.3,26.1,1.250,0.508
51.3,26.6,0.289,0.516
51.3,27.1,-0.673,0.524
51.3,27.6,1.571,0.532
51.3,28.1,0.609,0.540
51.3,28.6,-0.289,0.547
51.3,29.1,-1.250,0.555
51.3,29.6,0.930,0.563
51.3,30.2,0.032,0.571
51.3,30.7,-0.930,0.579
51.3,31.2,1.250,0.586
51.3,31.7,0.353,0.594
51.3,32.2,-0.609,0.602
51.3,32.7,-1.571,0.610
51.3,33.2,0.673,0.617
51.3,33.7,-0.289,0.625
51.3,34.2,-1.250,0.633
51.3,34.7,0.994,0.641
51.3,35.2,0.032,0.648
51.3,35.7,-0.930,0.656
51.3,36.2,1.314,0.664
51.3,36.7,0.353,0.671
51.3,37.2,-0.609,0.679
51.3,37.7,-1.571,0.686
51.3,38.2,0.673,0.694
51.3,38.7,-0.289,0.702
51.3,39.2,-1.250,0.710
51.3,39.7,0.994,0.717
51.3,40.2,0.032,0.725
51.3,40.7,-0.930,0.732
51.3,41.2,1.250,0.740
51.3,41.7,0.353,0.747
51.3,42.2,-0.609,0.755
51.3,42.7,1.571,0.763
51.3,43.2,0.609,0.770
51.3,43.7,-0.353,0.777
51.3,44.2,-1.250,0.785
51.3,44.7,0.930,0.793
51.3,45.2,-0.032,0.800
51.3,45.7,-0.994,0.807
51.3,46.2,1.186,0.815
51.3,46.7,0.289,0.822
51.3,47.2,-0.673,0.830
51.3,47.7,1.507,0.837
51.3,48.2,0.545,0.845
51.3,48.7,-0.417,0.852
51.3,49.2,-1.378,0.859
51.3,49.7,0.801,0.866
51.3,50.3,-0.096,0.874
51.3,50.8,-1.058,0.881
51.3,51.3,1.122,0.889
51.3,51.8,0.160,0.896
51.3,52.3,-0.801,0.903
51.3,52.8,1.378,0.910
51.3,53.3,0.417,0.918
51.3,53.8,-0.545,0.925
51.3,54.3,-1.507,0.932
51.3,54.8,0.673,0.939
51.3,55.3,-0.224,0.946
51.3,55.8,-1.186,0.953
51.3,56.3,0.994,0.961
51.3,56.8,0.032,0.968
51.3,57.3,-0.930,0.975
51.3,57.8,1.250,0.982
51.3,58.3,0.289,0.989
51.3,58.8,-0.673,0.996
51.3,59.3,1.507,1.003
51.3,59.8,0.545,1.010
51.3,60.3,-0.417,1.017
51.3,60.8,-1.378,1.024
51.3,61.3,0.801,1.031
51.3,61.8,-0.160,1.038
51.3,62.3,-1.122,1.045
51.3,62.8,1.058,1.052
51.3,63.3,0.096,1.059
51.3,63.8,-0.866,1.066
51.3,64.3,1.314,1.073
51.3,64.8,0.353,1.080
51.3,65.3,-0.609,1.086
51.3,65.8,1.571,1.093
51.3,66.3,0.609,1.100
51.3,66.8,-0.353,1.107
51.3,67.3,-1.314,1.113
51.3,67.8,0.801,1.120
51.3,68.3,-0.160,1.127
51.3,68.8,-1.122,1.134
51.3,69.3,1.058,1.140
51.3,69.8,0.096,1.147
51.3,70.4,-0.866,1.154
51.3,70.9,1.314,1.160
51.3,71.4,0.353,1.167
51.3,71.9,-0.609,1.173
51.3,72.4,1.571,1.180
51.3,72.9,0.545,1.186
51.3,73.4,-0.417,1.193
51.3,73.9,-1.378,1.200
51.3,74.4,0.801,1.206
51.3,74.9,-0.160,1.213
51.3,75.4,-1.122,1.219
51.3,75.9,1.058,1.225
51.3,76.4,0.032,1.232
51.3,76.9,-0.930,1.238
51.3,77.4,1.250,1.245
51.3,77.9,0.289,1.251
51.3,78.4,-0.673,1.257
51.3,78.9,1.443,1.264
51.3,79.4,0.481,1.270
51.3,79.9,-0.481,1.277
51.3,80.4,-1.443,1.283
51.3,80.9,0.737,1.288
51.3,81.4,-0.289,1.295
51.3,81.9,-1.250,1.301
51.3,82.4,0.930,1.307
51.3,82.9,-0.032,1.313
51.3,83.4,-1.058,1.320
51.3,83.9,1.122,1.326
51.3,84.4,0.160,1.332
51.3,84.9,-0.801,1.337
51.3,85.4,1.314,1.344
51.3,85.9,0.353,1.350
51.3,86.4,-0.609,1.356
51.3,86.9,1.507,1.362
51.3,87.4,0.545,1.368
51.3,87.9,-0.417,1.374
51.3,88.4,-1.443,1.379
51.3,88.9,0.737,1.386
51.3,89.4,-0.224,1.391
51.3,89.9,-1.250,1.397
51.3,90.5,0.930,1.403
51.3,91.0,-0.032,1.409
51.3,91.5,-1.058,1.414
51.3,92.0,1.122,1.420
51.3,92.5,0.160,1.426
51.3,93.0,-0.866,1.431
51.3,93.5,1.314,1.438
51.3,94.0,0.353,1.443
51.3,94.5,-0.673,1.449
51.3,95.0,1.507,1.454
51.3,95.5,0.481,1.459
51.3,96.0,-0.481,1.465
51.3,96.5,-1.443,1.471
51.3,97.0,0.673,1.476
51.3,97.5,-0.289,1.482
51.3,98.0,-1.314,1.487
51.3,98.5,0.866,1.493
51.3,99.0,-0.160,1.497
51.3,99.5,-1.122,1.504
51.3,100.0,1.058,1.508
51.8,0.0,0.801,0.085
51.8,0.5,-0.096,0.093
51.8,1.0,-0.994,0.101
51.8,1.5,1.186,0.109
51.8,2.0,0.289,0.118
51.8,2.5,-0.609,0.126
51.8,3.0,-1.571,0.134
51.8,3.5,0.673,0.142
51.8,4.0,-0.224,0.150
51.8,4.5,-1.186,0.158
51.8,5.0,1.058,0.166
51.8,5.5,0.160,0.174
51.8,6.0,-0.801,0.182
51.8,6.5,1.443,0.191
51.8,7.0,0.545,0.199
51.8,7.5,-0.417,0.207
51.8,8.0,-1.314,0.215
51.8,8.5,0.866,0.223
51.8,9.0,-0.032,0.231
51.8,9.5,-0.930,0.239
51.8,10.1,1.250,0.247
51.8,10.6,0.353,0.255
51.8,11.1,-0.609,0.263
51.8,11.6,-1.507,0.271
51.8,12.1,0.737,0.279
51.8,12.6,-0.224,0.288
51.8,13.1,-1.122,0.296
51.8,13.6,1.058,0.304
51.8,14.1,0.160,0.312
51.8,14.6,-0.801,0.320
51.8,15.1,1.443,0.328
51.8,15.6,0.545,0.336
51.8,16.1,-0.417,0.344
51.8,16.6,-1.314,0.352
51.8,17.1,0.866,0.360
51.8,17.6,-0.032,0.368
51.8,18.1,-0.994,0.376
51.8,18.6,1.250,0.384
51.8,19.1,0.289,0.392
51.8,19.6,-0.609,0.400
51.8,20.1,-1.571,0.408
51.8,20.6,0.673,0.416
51.8,21.1,-0.289,0.424
51.8,21.6,-1.186,0.432
51.8,22.1,0.994,0.440
51.8,22.6,0.032,0.447
51.8,23.1,-0.866,0.456
51.8,23.6,1.314,0.463
51.8,24.1,0.417,0.471
51.8,24.6,-0.545,0.479
51.8,25.1,-1.443,0.487
51.8,25.6,0.737,0.495
51.8,26.1,-0.160,0.503
51.8,26.6,-1.122,0.511
51.8,27.1,1.058,0.519
51.8,27.6,0.160,0.526
51.8,28.1,-0.801,0.534
51.8,28.6,1.443,0.542
51.8,29.1,0.481,0.550
51.8,29.6,-0.481,0.558
51.8,30.2,-1.378,0.566
51.8,30.7,0.801,0.574
51.8,31.2,-0.160,0.581
51.8,31.7,-1.058,0.589
51.8,32.2,1.122,0.597
51.8,32.7,0.160,0.604
51.8,33.2,-0.737,0.612
51.8,33.7,1.443,0.620
51.8,34.2,0.481,0.628
51.8,34.7,-0.417,0.635
51.8,35.2,-1.378,0.643
51.8,35.7,0.801,0.651
51.8,36.2,-0.096,0.658
51.8,36.7,-1.058,0.666
51.8,37.2,1.122,0.674
51.8,37.7,0.160,0.681
51.8,38.2,-0.737,0.689
51.8,38.7,1.443,0.697
51.8,39.2,0.481,0.704
51.8,39.7,-0.417,0.712
51.8,40.2,-1.378,0.720
51.8,40.7,0.801,0.727
51.8,41.2,-0.160,0.735
51.8,41.7,-1.058,0.742
51.8,42.2,1.122,0.750
51.8,42.7,0.160,0.758
51.8,43.2,-0.801,0.765
51.8,43.7,1.378,0.772
51.8,44.2,0.481,0.780
51.8,44.7,-0.481,0.788
51.8,45.2,-1.443,0.795
51.8,45.7,0.737,0.803
51.8,46.2,-0.224,0.810
51.8,46.7,-1.122,0.817
51.8,47.2,1.058,0.825
51.8,47.7,0.096,0.832
51.8,48.2,-0.866,0.840
51.8,48.7,1.314,0.847
51.8,49.2,0.353,0.854
51.8,49.7,-0.545,0.861
51.8,50.3,-1.507,0.869
51.8,50.8,0.673,0.876
51.8,51.3,-0.289,0.884
51.8,51.8,-1.250,0.891
51.8,52.3,0.930,0.898
51.8,52.8,-0.032,0.905
51.8,53.3,-0.994,0.913
51.8,53.8,1.186,0.920
51.8,54.3,0.289,0.927
51.8,54.8,-0.673,0.934
51.8,55.3,1.507,0.941
51.8,55.8,0.545,0.949
51.8,56.3,-0.417,0.956
51.8,56.8,-1.378,0.963
51.8,57.3,0.801,0.970
51.8,57.8,-0.160,0.977
51.8,58.3,-1.122,0.984
51.8,58.8,1.058,0.992
51.8,59.3,0.096,0.999
51.8,59.8,-0.866,1.006
51.8,60.3,1.314,1.013
51.8,60.8,0.353,1.020
51.8,61.3,-0.609,1.027
51.8,61.8,-1.571,1.034
51.8,62.3,0.609,1.041
51.8,62.8,-0.353,1.047
51.8,63.3,-1.314,1.054
51.8,63.8,0.866,1.061
51.8,64.3,-0.096,1.068
51.8,64.8,-1.058,1.075
51.8,65.3,1.122,1.082
51.8,65.8,0.160,1.089
51.8,66.3,-0.801,1.096
51.8,66.8,1.378,1.102
51.8,67.3,0.417,1.109
51.8,67.8,-0.545,1.116
51.8,68.3,-1.507,1.122
51.8,68.8,0.673,1.129
51.8,69.3,-0.353,1.136
51.8,69.8,-1.314,1.142
51.8,70.4,0.866,1.149
51.8,70.9,-0.096,1.156
51.8,71.4,-1.058,1.163
51.8,71.9,1.122,1.169
51.8,72.4,0.160,1.176
51.8,72.9,-0.801,1.182
51.8,73.4,1.378,1.189
51.8,73.9,0.353,1.195
51.8,74.4,-0.609,1.202
51.8,74.9,-1.571,1.209
51.8,75.4,0.609,1.215
51.8,75.9,-0.353,1.221
51.8,76.4,-1.314,1.228
51.8,76.9,0.801,1.234
51.8,77.4,-0.160,1.240
51.8,77.9,-1.122,1.247
51.8,78.4,1.058,1.253
51.8,78.9,0.096,1.260
51.8,79.4,-0.866,1.265
51.8,79.9,1.250,1.272
51.8,80.4,0.289,1.279
51.8,80.9,-0.673,1.285
51.8,81.4,1.507,1.291
51.8,81.9,0.481,1.297
51.8,82.4,-0.481,1.303
51.8,82.9,-1.443,1.310
51.8,83.4,0.737,1.315
51.8,83.9,-0.289,1.321
51.8,84.4,-1.250,1.328
51.8,84.9,0.930,1.334
51.8,85.4,-0.032,1.340
51.8,85.9,-1.058,1.346
51.8,86.4,1.122,1.352
51.8,86.9,0.160,1.358
51.8,87.4,-0.866,1.363
51.8,87.9,1.314,1.370
51.8,88.4,0.353,1.376
51.8,88.9,-0.609,1.381
51.8,89.4,1.507,1.388
51.8,89.9,0.545,1.393
51.8,90.5,-0.417,1.399
51.8,91.0,-1.443,1.405
51.8,91.5,0.737,1.411
51.8,92.0,-0.224,1.416
51.8,92.5,-1.250,1.422
51.8,93.0,0.930,1.428
51.8,93.5,-0.096,1.433
51.8,94.0,-1.058,1.439
51.8,94.5,1.122,1.445
51.8,95.0,0.096,1.450
51.8,95.5,-0.866,1.456
51.8,96.0,1.250,1.461
51.8,96.5,0.289,1.467
51.8,97.0,-0.673,1.473
51.8,97.5,1.443,1.478
51.8,98.0,0.481,1.484
51.8,98.5,-0.545,1.489
51.8,99.0,-1.507,1.495
51.8,99.5,0.673,1.499
51.8,100.0,-0.353,1.505
52.3,0.0,-0.609,0.080
52.3,0.5,-1.507,0.088
52.3,1.0,0.673,0.096
52.3,1.5,-0.224,0.104
52.3,2.0,-1.122,0.112
52.3,2.5,1.058,0.120
52.3,3.0,0.160,0.128
52.3,3.5,-0.737,0.136
52.3,4.0,1.443,0.145
52.3,4.5,0.545,0.153
52.3,5.0,-0.353,0.161
52.3,5.5,-1.314,0.169
52.3,6.0,0.930,0.177
52.3,6.5,0.032,0.185
52.3,7.0,-0.930,0.193
52.3,7.5,1.314,0.201
52.3,8.0,0.417,0.209
52.3,8.5,-0.545,0.218
52.3,9.0,-1.443,0.226
52.3,9.5,0.737,0.234
52.3,10.1,-0.160,0.242
52.3,10.6,-1.058,0.250
52.3,11.1,1.122,0.258
52.3,11.6,0.224,0.266
52.3,12.1,-0.737,0.274
52.3,12.6,1.507,0.282
52.3,13.1,0.609,0.290
52.3,13.6,-0.353,0.298
52.3,14.1,-1.250,0.306
52.3,14.6,0.930,0.314
52.3,15.1,0.032,0.322
52.3,15.6,-0.930,0.330
52.3,16.1,1.314,0.339
52.3,16.6,0.353,0.346
52.3,17.1,-0.545,0.355
52.3,17.6,-1.507,0.362
52.3,18.1,0.737,0.371
52.3,18.6,-0.160,0.378
52.3,19.1,-1.122,0.387
52.3,19.6,1.122,0.394
52.3,20.1,0.160,0.403
52.3,20.6,-0.801,0.410
52.3,21.1,1.443,0.418
52.3,21.6,0.481,0.426
52.3,22.1,-0.417,0.434
52.3,22.6,-1.378,0.442
52.3,23.1,0.866,0.450
52.3,23.6,-0.096,0.458
52.3,24.1,-0.994,0.466
52.3,24.6,1.186,0.474
52.3,25.1,0.289,0.482
52.3,25.6,-0.673,0.490
52.3,26.1,1.507,0.498
52.3,26.6,0.609,0.506
52.3,27.1,-0.353,0.513
52.3,27.6,-1.250,0.521
52.3,28.1,0.930,0.529
52.3,28.6,-0.032,0.537
52.3,29.1,-0.930,0.545
52.3,29.6,1.250,0.553
52.3,30.2,0.353,0.560
52.3,30.7,-0.609,0.568
52.3,31.2,-1.571,0.576
52.3,31.7,0.673,0.584
52.3,32.2,-0.289,0.592
52.3,32.7,-1.250,0.599
52.3,33.2,0.994,0.607
52.3,33.7,0.032,0.615
52.3,34.2,-0.930,0.623
52.3,34.7,1.314,0.630
52.3,35.2,0.353,0.638
52.3,35.7,-0.609,0.646
52.3,36.2,-1.507,0.653
52.3,36.7,0.673,0.661
52.3,37.2,-0.289,0.669
52.3,37.7,-1.250,0.676
52.3,38.2,0.994,0.684
52.3,38.7,0.032,0.692
52.3,39.2,-0.930,0.699
52.3,39.7,1.314,0.707
52.3,40.2,0.353,0.715
52.3,40.7,-0.609,0.722
52.3,41.2,-1.571,0.730
52.3,41.7,0.673,0.737
52.3,42.2,-0.289,0.745
52.3,42.7,-1.250,0.753
52.3,43.2,0.930,0.760
52.3,43.7,-0.032,0.767
52.3,44.2,-0.930,0.775
52.3,44.7,1.250,0.783
52.3,45.2,0.289,0.790
52.3,45.7,-0.673,0.797
52.3,46.2,1.507,0.805
52.3,46.7,0.609,0.812
52.3,47.2,-0.353,0.820
52.3,47.7,-1.314,0.827
52.3,48.2,0.866,0.835
52.3,48.7,-0.096,0.842
52.3,49.2,-1.058,0.849
52.3,49.7,1.186,0.857
52.3,50.3,0.224,0.864
52.3,50.8,-0.737,0.872
52.3,51.3,1.443,0.879
52.3,51.8,0.481,0.886
52.3,52.3,-0.481,0.893
52.3,52.8,-1.443,0.901
52.3,53.3,0.737,0.908
52.3,53.8,-0.160,0.915
52.3,54.3,-1.122,0.922
52.3,54.8,1.058,0.930
52.3,55.3,0.096,0.937
52.3,55.8,-0.866,0.944
52.3,56.3,1.314,0.951
52.3,56.8,0.353,0.958
52.3,57.3,-0.609,0.966
52.3,57.8,-1.571,0.973
52.3,58.3,0.609,0.980
52.3,58.8,-0.353,0.987
52.3,59.3,-1.314,0.994
52.3,59.8,0.866,1.001
52.3,60.3,-0.096,1.008
52.3,60.8,-1.058,1.015
52.3,61.3,1.122,1.022
52.3,61.8,0.160,1.029
52.3,62.3,-0.801,1.036
52.3,62.8,1.378,1.043
52.3,63.3,0.417,1.050
52.3,63.8,-0.545,1.057
52.3,64.3,-1.507,1.063
52.3,64.8,0.673,1.070
52.3,65.3,-0.289,1.077
52.3,65.8,-1.250,1.084
52.3,66.3,0.930,1.091
52.3,66.8,-0.032,1.098
52.3,67.3,-0.994,1.105
52.3,67.8,1.186,1.111
52.3,68.3,0.224,1.118
52.3,68.8,-0.737,1.125
52.3,69.3,1.443,1.131
52.3,69.8,0.481,1.138
52.3,70.4,-0.481,1.145
52.3,70.9,-1.507,1.151
52.3,71.4,0.673,1.158
52.3,71.9,-0.289,1.165
52.3,72.4,-1.250,1.172
52.3,72.9,0.930,1.178
52.3,73.4,-0.032,1.185
52.3,73.9,-0.994,1.191
52.3,74.4,1.186,1.197
52.3,74.9,0.160,1.204
52.3,75.4,-0.801,1.211
52.3,75.9,1.378,1.217
52.3,76.4,0.417,1.224
52.3,76.9,-0.545,1.230
52.3,77.4,-1.507,1.236
52.3,77.9,0.609,1.242
52.3,78.4,-0.353,1.249
52.3,78.9,-1.314,1.256
52.3,79.4,0.866,1.262
52.3,79.9,-0.096,1.268
52.3,80.4,-1.122,1.274
52.3,80.9,1.058,1.281
52.3,81.4,0.096,1.287
52.3,81.9,-0.866,1.293
52.3,82.4,1.314,1.299
52.3,82.9,0.289,1.305
52.3,83.4,-0.673,1.312
52.3,83.9,1.507,1.318
52.3,84.4,0.545,1.323
52.3,84.9,-0.481,1.330
52.3,85.4,-1.443,1.336
52.3,85.9,0.737,1.342
52.3,86.4,-0.289,1.348
52.3,86.9,-1.250,1.354
52.3,87.4,0.930,1.360
52.3,87.9,-0.032,1.365
52.3,88.4,-1.058,1.372
52.3,88.9,1.122,1.378
52.3,89.4,0.160,1.383
52.3,89.9,-0.866,1.389
52.3,90.5,1.314,1.395
52.3,91.0,0.353,1.401
52.3,91.5,-0.673,1.407
52.3,92.0,1.507,1.413
52.3,92.5,0.545,1.418
52.3,93.0,-0.481,1.424
52.3,93.5,-1.443,1.430
52.3,94.0,0.673,1.435
52.3,94.5,-0.289,1.441
52.3,95.0,-1.250,1.447
52.3,95.5,0.866,1.452
52.3,96.0,-0.096,1.458
52.3,96.5,-1.058,1.463
52.3,97.0,1.058,1.469
52.3,97.5,0.096,1.475
52.3,98.0,-0.930,1.480
52.3,98.5,1.250,1.486
52.3,99.0,0.224,1.491
52.3,99.5,-0.737,1.497
52.3,100.0,1.443,1.501
52.8,0.0,1.122,0.074
52.8,0.5,0.160,0.082
52.8,1.0,-0.737,0.090
52.8,1.5,1.507,0.098
52.8,2.0,0.545,0.107
52.8,2.5,-0.353,0.115
52.8,3.0,-1.250,0.123
52.8,3.5,0.930,0.131
52.8,4.0,0.032,0.139
52.8,4.5,-0.866,0.147
52.8,5.0,1.314,0.155
52.8,5.5,0.417,0.163
52.8,6.0,-0.481,0.172
52.8,6.5,-1.443,0.180
52.8,7.0,0.801,0.188
52.8,7.5,-0.096,0.196
52.8,8.0,-1.058,0.204
52.8,8.5,1.186,0.212
52.8,9.0,0.289,0.220
52.8,9.5,-0.673,0.228
52.8,10.1,1.571,0.236
52.8,10.6,0.609,0.244
52.8,11.1,-0.289,0.253
52.8,11.6,-1.186,0.261
52.8,12.1,0.994,0.269
52.8,12.6,0.096,0.277
52.8,13.1,-0.866,0.285
52.8,13.6,1.378,0.293
52.8,14.1,0.481,0.301
52.8,14.6,-0.481,0.309
52.8,15.1,-1.378,0.317
52.8,15.6,0.801,0.325
52.8,16.1,-0.096,0.333
52.8,16.6,-1.058,0.341
52.8,17.1,1.186,0.349
52.8,17.6,0.224,0.357
52.8,18.1,-0.673,0.365
52.8,18.6,1.507,0.373
52.8,19.1,0.609,0.381
52.8,19.6,-0.353,0.389
52.8,20.1,-1.250,0.397
52.8,20.6,0.930,0.405
52.8,21.1,0.032,0.413
52.8,21.6,-0.930,0.421
52.8,22.1,1.314,0.429
52.8,22.6,0.353,0.437
52.8,23.1,-0.545,0.445
52.8,23.6,-1.507,0.453
52.8,24.1,0.737,0.461
52.8,24.6,-0.224,0.469
52.8,25.1,-1.186,0.476
52.8,25.6,1.058,0.485
52.8,26.1,0.096,0.492
52.8,26.6,-0.801,0.500
52.8,27.1,1.378,0.508
52.8,27.6,0.481,0.516
52.8,28.1,-0.481,0.524
52.8,28.6,-1.443,0.532
52.8,29.1,0.801,0.540
52.8,29.6,-0.160,0.547
52.8,30.2,-1.058,0.555
52.8,30.7,1.122,0.563
52.8,31.2,0.160,0.571
52.8,31.7,-0.737,0.579
52.8,32.2,1.443,0.586
52.8,32.7,0.481,0.594
52.8,33.2,-0.417,0.602
52.8,33.7,-1.378,0.610
52.8,34.2,0.801,0.617
52.8,34.7,-0.096,0.625
52.8,35.2,-1.058,0.633
52.8,35.7,1.122,0.641
52.8,36.2,0.224,0.648
52.8,36.7,-0.737,0.656
52.8,37.2,1.443,0.664
52.8,37.7,0.481,0.671
52.8,38.2,-0.417,0.679
52.8,38.7,-1.378,0.687
52.8,39.2,0.801,0.694
52.8,39.7,-0.096,0.702
52.8,40.2,-1.058,0.710
52.8,40.7,1.122,0.717
52.8,41.2,0.160,0.725
52.8,41.7,-0.737,0.732
52.8,42.2,1.443,0.740
52.8,42.7,0.481,0.748
52.8,43.2,-0.481,0.755
52.8,43.7,-1.378,0.762
52.8,44.2,0.801,0.770
52.8,44.7,-0.160,0.778
52.8,45.2,-1.122,0.785
52.8,45.7,1.058,0.792
52.8,46.2,0.160,0.800
52.8,46.7,-0.801,0.807
52.8,47.2,1.378,0.815
52.8,47.7,0.417,0.822
52.8,48.2,-0.545,0.830
52.8,48.7,-1.507,0.837
52.8,49.2,0.737,0.844
52.8,49.7,-0.224,0.852
52.8,50.3,-1.186,0.859
52.8,50.8,0.994,0.867
52.8,51.3,0.032,0.874
52.8,51.8,-0.930,0.881
52.8,52.3,1.250,0.888
52.8,52.8,0.289,0.896
52.8,53.3,-0.609,0.903
52.8,53.8,1.571,0.910
52.8,54.3,0.609,0.918
52.8,54.8,-0.353,0.925
52.8,55.3,-1.314,0.932
52.8,55.8,0.866,0.939
52.8,56.3,-0.096,0.946
52.8,56.8,-1.058,0.954
52.8,57.3,1.122,0.961
52.8,57.8,0.160,0.968
52.8,58.3,-0.801,0.975
52.8,58.8,1.378,0.982
52.8,59.3,0.417,0.989
52.8,59.8,-0.545,0.996
52.8,60.3,-1.507,1.003
52.8,60.8,0.737,1.010
52.8,61.3,-0.224,1.017
52.8,61.8,-1.186,1.024
52.8,62.3,0.994,1.031
52.8,62.8,0.032,1.038
52.8,63.3,-0.930,1.045
52.8,63.8,1.250,1.052
52.8,64.3,0.224,1.059
52.8,64.8,-0.737,1.066
52.8,65.3,1.443,1.072
52.8,65.8,0.481,1.079
52.8,66.3,-0.481,1.086
52.8,66.8,-1.443,1.093
52.8,67.3,0.737,1.100
52.8,67.8,-0.224,1.107
52.8,68.3,-1.186,1.114
52.8,68.8,0.994,1.120
52.8,69.3,0.032,1.127
52.8,69.8,-0.930,1.134
52.8,70.4,1.250,1.141
52.8,70.9,0.289,1.147
52.8,71.4,-0.673,1.154
52.8,71.9,1.443,1.160
52.8,72.4,0.481,1.167
52.8,72.9,-0.481,1.174
52.8,73.4,-1.443,1.180
52.8,73.9,0.737,1.187
52.8,74.4,-0.224,1.193
52.8,74.9,-1.186,1.200
52.8,75.4,0.994,1.206
52.8,75.9,-0.032,1.213
52.8,76.4,-0.994,1.219
52.8,76.9,1.186,1.226
52.8,77.4,0.224,1.232
52.8,77.9,-0.737,1.238
52.8,78.4,1.443,1.245
52.8,78.9,0.417,1.251
52.8,79.4,-0.545,1.258
52.8,79.9,-1.507,1.264
52.8,80.4,0.673,1.270
52.8,80.9,-0.289,1.276
52.8,81.4,-1.314,1.283
52.8,81.9,0.866,1.289
52.8,82.4,-0.096,1.295
52.8,82.9,-1.058,1.301
52.8,83.4,1.058,1.307
52.8,83.9,0.096,1.314
52.8,84.4,-0.866,1.320
52.8,84.9,1.314,1.326
52.8,85.4,0.289,1.332
52.8,85.9,-0.673,1.338
52.8,86.4,1.507,1.344
52.8,86.9,0.545,1.350
52.8,87.4,-0.481,1.356
52.8,87.9,-1.443,1.362
52.8,88.4,0.737,1.368
52.8,88.9,-0.289,1.374
52.8,89.4,-1.250,1.380
52.8,89.9,0.930,1.386
52.8,90.5,-0.096,1.391
52.8,91.0,-1.058,1.397
52.8,91.5,1.122,1.403
52.8,92.0,0.096,1.409
52.8,92.5,-0.866,1.415
52.8,93.0,1.314,1.420
52.8,93.5,0.289,1.426
52.8,94.0,-0.673,1.432
52.8,94.5,1.507,1.437
52.8,95.0,0.481,1.443
52.8,95.5,-0.481,1.449
52.8,96.0,-1.507,1.454
52.8,96.5,0.673,1.460
52.8,97.0,-0.289,1.465
52.8,97.5,-1.314,1.471
52.8,98.0,0.866,1.476
52.8,98.5,-0.160,1.482
52.8,99.0,-1.122,1.488
52.8,99.5,0.994,1.492
52.8,100.0,0.032,1.498
53.3,0.0,-0.353,0.069
53.3,0.5,-1.250,0.077
53.3,1.0,0.994,0.085
53.3,1.5,0.032,0.093
53.3,2.0,-0.866,0.101
53.3,2.5,1.378,0.109
53.3,3.0,0.481,0.117
53.3,3.5,-0.481,0.126
53.3,4.0,-1.378,0.134
53.3,4.5,0.866,0.142
53.3,5.0,-0.096,0.150
53.3,5.5,-0.994,0.158
53.3,6.0,1.250,0.166
53.3,6.5,0.289,0.174
53.3,7.0,-0.609,0.182
53.3,7.5,-1.507,0.190
53.3,8.0,0.673,0.199
53.3,8.5,-0.224,0.207
53.3,9.0,-1.186,0.215
53.3,9.5,1.058,0.223
53.3,10.1,0.160,0.231
53.3,10.6,-0.801,0.239
53.3,11.1,1.443,0.247
53.3,11.6,0.481,0.255
53.3,12.1,-0.417,0.263
53.3,12.6,-1.314,0.271
53.3,13.1,0.866,0.279
53.3,13.6,-0.032,0.287
53.3,14.1,-0.994,0.296
53.3,14.6,1.250,0.304
53.3,15.1,0.289,0.312
53.3,15.6,-0.609,0.320
53.3,16.1,-1.507,0.328
53.3,16.6,0.673,0.336
53.3,17.1,-0.224,0.344
53.3,17.6,-1.186,0.352
53.3,18.1,1.058,0.360
53.3,18.6,0.096,0.368
53.3,19.1,-0.801,0.376
53.3,19.6,1.378,0.384
53.3,20.1,0.481,0.392
53.3,20.6,-0.481,0.400
53.3,21.1,-1.378,0.408
53.3,21.6,0.801,0.416
53.3,22.1,-0.096,0.424
53.3,22.6,-1.058,0.432
53.3,23.1,1.186,0.439
53.3,23.6,0.224,0.448
53.3,24.1,-0.737,0.455
53.3,24.6,1.507,0.463
53.3,25.1,0.545,0.471
53.3,25.6,-0.353,0.479
53.3,26.1,-1.314,0.487
53.3,26.6,0.930,0.495
53.3,27.1,-0.032,0.503
53.3,27.6,-0.994,0.511
53.3,28.1,1.250,0.519
53.3,28.6,0.289,0.526
53.3,29.1,-0.609,0.534
53.3,29.6,-1.571,0.542
53.3,30.2,0.609,0.550
53.3,30.7,-0.289,0.558
53.3,31.2,-1.250,0.566
53.3,31.7,0.994,0.573
53.3,32.2,0.032,0.581
53.3,32.7,-0.930,0.589
53.3,33.2,1.314,0.597
53.3,33.7,0.353,0.605
53.3,34.2,-0.609,0.612
53.3,34.7,-1.507,0.620
53.3,35.2,0.673,0.628
53.3,35.7,-0.289,0.635
53.3,36.2,-1.186,0.643
53.3,36.7,0.994,0.651
53.3,37.2,0.032,0.659
53.3,37.7,-0.930,0.666
53.3,38.2,1.314,0.674
53.3,38.7,0.353,0.682
53.3,39.2,-0.609,0.689
53.3,39.7,-1.507,0.697
53.3,40.2,0.673,0.705
53.3,40.7,-0.289,0.712
53.3,41.2,-1.250,0.720
53.3,41.7,0.994,0.727
53.3,42.2,0.032,0.735
53.3,42.7,-0.930,0.743
53.3,43.2,1.250,0.750
53.3,43.7,0.353,0.757
53.3,44.2,-0.609,0.765
53.3,44.7,1.571,0.773
53.3,45.2,0.609,0.780
53.3,45.7,-0.353,0.787
53.3,46.2,-1.250,0.795
53.3,46.7,0.930,0.803
53.3,47.2,-0.032,0.810
53.3,47.7,-0.994,0.817
53.3,48.2,1.186,0.825
53.3,48.7,0.224,0.832
53.3,49.2,-0.673,0.839
53.3,49.7,1.507,0.847
53.3,50.3,0.545,0.854
53.3,50.8,-0.417,0.862
53.3,51.3,-1.378,0.869
53.3,51.8,0.801,0.876
53.3,52.3,-0.160,0.883
53.3,52.8,-1.058,0.891
53.3,53.3,1.122,0.898
53.3,53.8,0.160,0.906
53.3,54.3,-0.801,0.913
53.3,54.8,1.378,0.920
53.3,55.3,0.417,0.927
53.3,55.8,-0.545,0.934
53.3,56.3,-1.507,0.942
53.3,56.8,0.673,0.949
53.3,57.3,-0.289,0.956
53.3,57.8,-1.250,0.963
53.3,58.3,0.994,0.970
53.3,58.8,0.032,0.977
53.3,59.3,-0.930,0.984
53.3,59.8,1.250,0.991
53.3,60.3,0.289,0.998
53.3,60.8,-0.673,1.005
53.3,61.3,1.507,1.013
53.3,61.8,0.545,1.020
53.3,62.3,-0.417,1.027
53.3,62.8,-1.378,1.034
53.3,63.3,0.801,1.040
53.3,63.8,-0.160,1.047
53.3,64.3,-1.122,1.054
53.3,64.8,1.058,1.061
53.3,65.3,0.096,1.068
53.3,65.8,-0.866,1.075
53.3,66.3,1.314,1.082
53.3,66.8,0.353,1.088
53.3,67.3,-0.673,1.095
53.3,67.8,1.507,1.102
53.3,68.3,0.545,1.109
53.3,68.8,-0.417,1.116
53.3,69.3,-1.378,1.123
53.3,69.8,0.801,1.129
53.3,70.4,-0.160,1.136
53.3,70.9,-1.122,1.143
53.3,71.4,1.058,1.149
53.3,71.9,0.096,1.156
53.3,72.4,-0.866,1.163
53.3,72.9,1.314,1.169
53.3,73.4,0.289,1.176
53.3,73.9,-0.673,1.182
53.3,74.4,1.507,1.189
53.3,74.9,0.545,1.196
53.3,75.4,-0.417,1.202
53.3,75.9,-1.378,1.208
53.3,76.4,0.801,1.215
53.3,76.9,-0.224,1.221
53.3,77.4,-1.186,1.228
53.3,77.9,0.994,1.234
53.3,78.4,0.032,1.241
53.3,78.9,-0.930,1.247
53.3,79.4,1.186,1.253
53.3,79.9,0.224,1.260
53.3,80.4,-0.737,1.266
53.3,80.9,1.443,1.272
53.3,81.4,0.481,1.278
53.3,81.9,-0.545,1.285
53.3,82.4,-1.507,1.291
53.3,82.9,0.673,1.297
53.3,83.4,-0.289,1.303
53.3,83.9,-1.314,1.309
53.3,84.4,0.866,1.316
53.3,84.9,-0.096,1.322
53.3,85.4,-1.058,1.328
53.3,85.9,1.058,1.334
53.3,86.4,0.096,1.340
53.3,86.9,-0.866,1.346
53.3,87.4,1.314,1.352
53.3,87.9,0.289,1.358
53.3,88.4,-0.673,1.364
53.3,88.9,1.507,1.370
53.3,89.4,0.481,1.376
53.3,89.9,-0.481,1.382
53.3,90.5,-1.443,1.388
53.3,91.0,0.673,1.393
53.3,91.5,-0.289,1.399
53.3,92.0,-1.250,1.405
53.3,92.5,0.866,1.411
53.3,93.0,-0.096,1.417
53.3,93.5,-1.058,1.422
53.3,94.0,1.058,1.428
53.3,94.5,0.096,1.434
53.3,95.0,-0.866,1.439
53.3,95.5,1.250,1.445
53.3,96.0,0.289,1.451
53.3,96.5,-0.737,1.456
53.3,97.0,1.443,1.462
53.3,97.5,0.481,1.467
53.3,98.0,-0.545,1.473
53.3,98.5,-1.507,1.478
53.3,99.0,0.609,1.484
53.3,99.5,-0.353,1.489
53.3,100.0,-1.314,1.494
53.8,0.0,1.378,0.063
53.8,0.5,0.481,0.071
53.8,1.0,-0.481,0.079
53.8,1.5,-1.378,0.088
53.8,2.0,0.866,0.096
53.8,2.5,-0.032,0.104
53.8,3.0,-0.994,0.112
53.8,3.5,1.250,0.120
53.8,4.0,0.353,0.128
53.8,4.5,-0.609,0.136
53.8,5.0,-1.507,0.144
53.8,5.5,0.737,0.153
53.8,6.0,-0.224,0.161
53.8,6.5,-1.122,0.169
53.8,7.0,1.122,0.177
53.8,7.5,0.160,0.185
53.8,8.0,-0.737,0.193
53.8,8.5,1.507,0.201
53.8,9.0,0.545,0.209
53.8,9.5,-0.353,0.217
53.8,10.1,-1.314,0.226
53.8,10.6,0.930,0.234
53.8,11.1,0.032,0.242
53.8,11.6,-0.930,0.250
53.8,12.1,1.314,0.258
53.8,12.6,0.353,0.266
53.8,13.1,-0.545,0.274
53.8,13.6,-1.443,0.282
53.8,14.1,0.737,0.290
53.8,14.6,-0.160,0.298
53.8,15.1,-1.122,0.306
53.8,15.6,1.122,0.314
53.8,16.1,0.160,0.322
53.8,16.6,-0.737,0.330
53.8,17.1,1.443,0.338
53.8,17.6,0.545,0.346
53.8,18.1,-0.353,0.354
53.8,18.6,-1.314,0.362
53.8,19.1,0.930,0.370
53.8,19.6,-0.032,0.379
53.8,20.1,-0.930,0.386
53.8,20.6,1.250,0.394
53.8,21.1,0.353,0.402
53.8,21.6,-0.609,0.410
53.8,22.1,-1.507,0.418
53.8,22.6,0.673,0.426
53.8,23.1,-0.289,0.434
53.8,23.6,-1.186,0.442
53.8,24.1,0.994,0.450
53.8,24.6,0.096,0.458
53.8,25.1,-0.866,0.466
53.8,25.6,1.378,0.474
53.8,26.1,0.417,0.482
53.8,26.6,-0.481,0.490
53.8,27.1,-1.443,0.498
53.8,27.6,0.737,0.505
53.8,28.1,-0.160,0.513
53.8,28.6,-1.122,0.521
53.8,29.1,1.122,0.529
53.8,29.6,0.160,0.537
53.8,30.2,-0.801,0.545
53.8,30.7,1.443,0.553
53.8,31.2,0.481,0.560
53.8,31.7,-0.417,0.568
53.8,32.2,-1.378,0.576
53.8,32.7,0.801,0.584
53.8,33.2,-0.096,0.591
53.8,33.7,-1.058,0.599
53.8,34.2,1.122,0.607
53.8,34.7,0.224,0.615
53.8,35.2,-0.737,0.623
53.8,35.7,1.443,0.630
53.8,36.2,0.545,0.638
53.8,36.7,-0.417,0.646
53.8,37.2,-1.378,0.654
53.8,37.7,0.801,0.661
53.8,38.2,-0.096,0.669
53.8,38.7,-1.058,0.677
53.8,39.2,1.122,0.684
53.8,39.7,0.224,0.692
53.8,40.2,-0.737,0.700
53.8,40.7,1.443,0.707
53.8,41.2,0.481,0.715
53.8,41.7,-0.417,0.722
53.8,42.2,-1.378,0.730
53.8,42.7,0.801,0.737
53.8,43.2,-0.160,0.745
53.8,43.7,-1.058,0.752
53.8,44.2,1.122,0.760
53.8,44.7,0.160,0.768
53.8,45.2,-0.801,0.775
53.8,45.7,1.378,0.782
53.8,46.2,0.481,0.790
53.8,46.7,-0.481,0.798
53.8,47.2,-1.443,0.805
53.8,47.7,0.737,0.812
53.8,48.2,-0.224,0.820
53.8,48.7,-1.122,0.827
53.8,49.2,1.058,0.835
53.8,49.7,0.096,0.842
53.8,50.3,-0.866,0.850
53.8,50.8,1.314,0.857
53.8,51.3,0.353,0.864
53.8,51.8,-0.609,0.871
53.8,52.3,-1.507,0.879
53.8,52.8,0.673,0.886
53.8,53.3,-0.289,0.893
53.8,53.8,-1.250,0.901
53.8,54.3,0.930,0.908
53.8,54.8,-0.032,0.915
53.8,55.3,-0.994,0.922
53.8,55.8,1.186,0.930
53.8,56.3,0.224,0.937
53.8,56.8,-0.737,0.944
53.8,57.3,1.507,0.951
53.8,57.8,0.545,0.958
53.8,58.3,-0.417,0.965
53.8,58.8,-1.378,0.973
53.8,59.3,0.801,0.980
53.8,59.8,-0.160,0.987
53.8,60.3,-1.122,0.994
53.8,60.8,1.058,1.001
53.8,61.3,0.096,1.008
53.8,61.8,-0.866,1.015
53.8,62.3,1.314,1.022
53.8,62.8,0.353,1.029
53.8,63.3,-0.609,1.036
53.8,63.8,1.571,1.043
53.8,64.3,0.609,1.050
53.8,64.8,-0.353,1.057
53.8,65.3,-1.314,1.064
53.8,65.8,0.866,1.071
53.8,66.3,-0.096,1.077
53.8,66.8,-1.058,1.084
53.8,67.3,1.122,1.091
53.8,67.8,0.160,1.098
53.8,68.3,-0.801,1.104
53.8,68.8,1.378,1.111
53.8,69.3,0.353,1.118
53.8,69.8,-0.609,1.125
53.8,70.4,-1.571,1.132
53.8,70.9,0.609,1.138
53.8,71.4,-0.353,1.145
53.8,71.9,-1.314,1.152
53.8,72.4,0.866,1.158
53.8,72.9,-0.096,1.165
53.8,73.4,-1.058,1.171
53.8,73.9,1.122,1.178
53.8,74.4,0.096,1.184
53.8,74.9,-0.866,1.191
53.8,75.4,1.314,1.198
53.8,75.9,0.353,1.204
53.8,76.4,-0.609,1.211
53.8,76.9,1.571,1.217
53.8,77.4,0.609,1.223
53.8,77.9,-0.417,1.230
53.8,78.4,-1.378,1.237
53.8,78.9,0.801,1.243
53.8,79.4,-0.160,1.249
53.8,79.9,-1.122,1.255
53.8,80.4,0.994,1.262
53.8,80.9,0.032,1.268
53.8,81.4,-0.930,1.275
53.8,81.9,1.250,1.281
53.8,82.4,0.289,1.287
53.8,82.9,-0.737,1.293
53.8,83.4,1.443,1.300
53.8,83.9,0.481,1.306
53.8,84.4,-0.481,1.311
53.8,84.9,-1.507,1.318
53.8,85.4,0.673,1.324
53.8,85.9,-0.289,1.330
53.8,86.4,-1.250,1.336
53.8,86.9,0.866,1.342
53.8,87.4,-0.096,1.348
53.8,87.9,-1.058,1.354
53.8,88.4,1.058,1.360
53.8,88.9,0.096,1.366
53.8,89.4,-0.866,1.372
53.8,89.9,1.250,1.377
53.8,90.5,0.289,1.384
53.8,91.0,-0.673,1.390
53.8,91.5,1.507,1.395
53.8,92.0,0.481,1.401
53.8,92.5,-0.481,1.407
53.8,93.0,-1.507,1.412
53.8,93.5,0.673,1.419
53.8,94.0,-0.289,1.424
53.8,94.5,-1.314,1.430
53.8,95.0,0.866,1.436
53.8,95.5,-0.096,1.441
53.8,96.0,-1.122,1.447
53.8,96.5,1.058,1.453
53.8,97.0,0.032,1.458
53.8,97.5,-0.930,1.464
53.8,98.0,1.250,1.469
53.8,98.5,0.224,1.475
53.8,99.0,-0.737,1.480
53.8,99.5,1.378,1.485
53.8,100.0,0.417,1.491
54.3,0.0,-0.032,0.058
54.3,0.5,-0.994,0.066
54.3,1.0,1.250,0.074
54.3,1.5,0.353,0.082
54.3,2.0,-0.545,0.090
54.3,2.5,-1.507,0.098
54.3,3.0,0.737,0.107
54.3,3.5,-0.160,0.115
54.3,4.0,-1.122,0.123
54.3,4.5,1.122,0.131
54.3,5.0,0.224,0.139
54.3,5.5,-0.737,0.147
54.3,6.0,1.507,0.155
54.3,6.5,0.609,0.163
54.3,7.0,-0.353,0.171
54.3,7.5,-1.250,0.180
54.3,8.0,0.994,0.188
54.3,8.5,0.032,0.196
54.3,9.0,-0.866,0.204
54.3,9.5,1.378,0.212
54.3,10.1,0.417,0.220
54.3,10.6,-0.481,0.228
54.3,11.1,-1.443,0.236
54.3,11.6,0.801,0.244
54.3,12.1,-0.096,0.252
54.3,12.6,-1.058,0.261
54.3,13.1,1.186,0.269
54.3,13.6,0.224,0.277
54.3,14.1,-0.673,0.285
54.3,14.6,1.571,0.293
54.3,15.1,0.609,0.301
54.3,15.6,-0.289,0.309
54.3,16.1,-1.250,0.317
54.3,16.6,0.994,0.325
54.3,17.1,0.032,0.333
54.3,17.6,-0.866,0.341
54.3,18.1,1.314,0.349
54.3,18.6,0.417,0.357
54.3,19.1,-0.545,0.365
54.3,19.6,-1.443,0.373
54.3,20.1,0.737,0.381
54.3,20.6,-0.160,0.389
54.3,21.1,-1.122,0.397
54.3,21.6,1.122,0.405
54.3,22.1,0.160,0.413
54.3,22.6,-0.737,0.421
54.3,23.1,1.443,0.429
54.3,23.6,0.545,0.437
54.3,24.1,-0.417,0.445
54.3,24.6,-1.314,0.453
54.3,25.1,0.866,0.461
54.3,25.6,-0.032,0.469
54.3,26.1,-0.994,0.477
54.3,26.6,1.186,0.484
54.3,27.1,0.289,0.492
54.3,27.6,-0.673,0.500
54.3,28.1,1.571,0.508
54.3,28.6,0.609,0.516
54.3,29.1,-0.289,0.524
54.3,29.6,-1.250,0.532
54.3,30.2,0.930,0.539
54.3,30.7,0.032,0.547
54.3,31.2,-0.930,0.555
54.3,31.7,1.250,0.563
54.3,32.2,0.353,0.571
54.3,32.7,-0.609,0.579
54.3,33.2,-1.507,0.586
54.3,33.7,0.673,0.594
54.3,34.2,-0.289,0.602
54.3,34.7,-1.186,0.610
54.3,35.2,0.994,0.618
54.3,35.7,0.032,0.625
54.3,36.2,-0.866,0.633
54.3,36.7,1.314,0.641
54.3,37.2,0.353,0.648
54.3,37.7,-0.609,0.656
54.3,38.2,-1.507,0.664
54.3,38.7,0.673,0.671
54.3,39.2,-0.289,0.679
54.3,39.7,-1.186,0.687
54.3,40.2,0.994,0.694
54.3,40.7,0.032,0.702
54.3,41.2,-0.930,0.709
54.3,41.7,1.314,0.717
54.3,42.2,0.353,0.725
54.3,42.7,-0.609,0.732
54.3,43.2,-1.571,0.740
54.3,43.7,0.673,0.747
54.3,44.2,-0.289,0.755
54.3,44.7,-1.250,0.763
54.3,45.2,0.930,0.770
54.3,45.7,-0.032,0.777
54.3,46.2,-0.930,0.785
54.3,46.7,1.250,0.793
54.3,47.2,0.289,0.800
54.3,47.7,-0.673,0.807
54.3,48.2,1.507,0.815
54.3,48.7,0.609,0.822
54.3,49.2,-0.353,0.830
54.3,49.7,-1.314,0.837
54.3,50.3,0.866,0.845
54.3,50.8,-0.096,0.852
54.3,51.3,-1.058,0.859
54.3,51.8,1.186,0.866
54.3,52.3,0.224,0.874
54.3,52.8,-0.737,0.881
54.3,53.3,1.443,0.889
54.3,53.8,0.481,0.896
54.3,54.3,-0.481,0.903
54.3,54.8,-1.443,0.910
54.3,55.3,0.737,0.918
54.3,55.8,-0.224,0.925
54.3,56.3,-1.122,0.932
54.3,56.8,1.058,0.939
54.3,57.3,0.096,0.946
54.3,57.8,-0.866,0.954
54.3,58.3,1.314,0.961
54.3,58.8,0.353,0.968
54.3,59.3,-0.609,0.975
54.3,59.8,1.571,0.982
54.3,60.3,0.609,0.989
54.3,60.8,-0.353,0.996
54.3,61.3,-1.314,1.003
54.3,61.8,0.866,1.010
54.3,62.3,-0.096,1.017
54.3,62.8,-1.058,1.024
54.3,63.3,1.122,1.031
54.3,63.8,0.160,1.038
54.3,64.3,-0.801,1.045
54.3,64.8,1.378,1.052
54.3,65.3,0.417,1.059
54.3,65.8,-0.545,1.066
54.3,66.3,-1.507,1.073
54.3,66.8,0.673,1.080
54.3,67.3,-0.289,1.087
54.3,67.8,-1.250,1.093
54.3,68.3,0.930,1.100
54.3,68.8,-0.032,1.107
54.3,69.3,-0.994,1.114
54.3,69.8,1.186,1.120
54.3,70.4,0.224,1.127
54.3,70.9,-0.801,1.134
54.3,71.4,1.378,1.140
54.3,71.9,0.417,1.147
54.3,72.4,-0.545,1.154
54.3,72.9,-1.507,1.161
54.3,73.4,0.673,1.167
54.3,73.9,-0.289,1.174
54.3,74.4,-1.250,1.180
54.3,74.9,0.930,1.187
54.3,75.4,-0.096,1.193
54.3,75.9,-1.058,1.200
54.3,76.4,1.122,1.207
54.3,76.9,0.160,1.213
54.3,77.4,-0.801,1.219
54.3,77.9,1.378,1.226
54.3,78.4,0.353,1.232
54.3,78.9,-0.609,1.239
54.3,79.4,-1.571,1.245
54.3,79.9,0.609,1.252
54.3,80.4,-0.353,1.258
54.3,80.9,-1.314,1.264
54.3,81.4,0.801,1.270
54.3,81.9,-0.160,1.277
54.3,82.4,-1.122,1.283
54.3,82.9,1.058,1.289
54.3,83.4,0.032,1.295
54.3,83.9,-0.930,1.302
54.3,84.4,1.250,1.308
54.3,84.9,0.289,1.314
54.3,85.4,-0.737,1.320
54.3,85.9,1.443,1.326
54.3,86.4,0.481,1.332
54.3,86.9,-0.481,1.338
54.3,87.4,-1.507,1.344
54.3,87.9,0.673,1.350
54.3,88.4,-0.289,1.356
54.3,88.9,-1.314,1.362
54.3,89.4,0.866,1.368
54.3,89.9,-0.096,1.374
54.3,90.5,-1.058,1.379
54.3,91.0,1.058,1.386
54.3,91.5,0.096,1.392
54.3,92.0,-0.866,1.397
54.3,92.5,1.250,1.403
54.3,93.0,0.289,1.409
54.3,93.5,-0.673,1.414
54.3,94.0,1.443,1.421
54.3,94.5,0.481,1.426
54.3,95.0,-0.545,1.431
54.3,95.5,-1.507,1.438
54.3,96.0,0.673,1.443
54.3,96.5,-0.353,1.449
54.3,97.0,-1.314,1.455
54.3,97.5,0.866,1.460
54.3,98.0,-0.160,1.466
54.3,98.5,-1.122,1.471
54.3,99.0,0.994,1.476
54.3,99.5,0.032,1.482
54.3,100.0,-0.994,1.487
54.8,0.0,-1.507,0.052
54.8,0.5,0.737,0.060
54.8,1.0,-0.160,0.068
54.8,1.5,-1.058,0.077
54.8,2.0,1.122,0.085
54.8,2.5,0.224,0.093
54.8,3.0,-0.673,0.101
54.8,3.5,1.507,0.109
54.8,4.0,0.609,0.117
54.8,4.5,-0.289,0.125
54.8,5.0,-1.250,0.134
54.8,5.5,0.994,0.142
54.8,6.0,0.096,0.150
54.8,6.5,-0.866,0.158
54.8,7.0,1.378,0.166
54.8,7.5,0.481,0.174
54.8,8.0,-0.481,0.182
54.8,8.5,-1.378,0.190
54.8,9.0,0.866,0.198
54.8,9.5,-0.096,0.207
54.8,10.1,-0.994,0.215
54.8,10.6,1.250,0.223
54.8,11.1,0.289,0.231
54.8,11.6,-0.609,0.239
54.8,12.1,-1.571,0.247
54.8,12.6,0.673,0.255
54.8,13.1,-0.224,0.263
54.8,13.6,-1.186,0.271
54.8,14.1,1.058,0.279
54.8,14.6,0.096,0.287
54.8,15.1,-0.801,0.296
54.8,15.6,1.378,0.303
54.8,16.1,0.481,0.312
54.8,16.6,-0.417,0.320
54.8,17.1,-1.378,0.328
54.8,17.6,0.866,0.336
54.8,18.1,-0.096,0.344
54.8,18.6,-0.994,0.352
54.8,19.1,1.186,0.360
54.8,19.6,0.289,0.368
54.8,20.1,-0.673,0.376
54.8,20.6,1.571,0.384
54.8,21.1,0.609,0.392
54.8,21.6,-0.289,0.400
54.8,22.1,-1.250,0.408
54.8,22.6,0.994,0.416
54.8,23.1,0.032,0.424
54.8,23.6,-0.866,0.432
54.8,24.1,1.314,0.440
54.8,24.6,0.417,0.447
54.8,25.1,-0.545,0.455
54.8,25.6,-1.507,0.463
54.8,26.1,0.737,0.471
54.8,26.6,-0.224,0.479
54.8,27.1,-1.122,0.487
54.8,27.6,1.058,0.495
54.8,28.1,0.160,0.503
54.8,28.6,-0.801,0.511
54.8,29.1,1.378,0.518
54.8,29.6,0.481,0.526
54.8,30.2,-0.481,0.534
54.8,30.7,-1.378,0.542
54.8,31.2,0.801,0.550
54.8,31.7,-0.160,0.558
54.8,32.2,-1.058,0.566
54.8,32.7,1.122,0.573
54.8,33.2,0.160,0.581
54.8,33.7,-0.737,0.589
54.8,34.2,1.443,0.597
54.8,34.7,0.545,0.604
54.8,35.2,-0.417,0.612
54.8,35.7,-1.378,0.620
54.8,36.2,0.866,0.628
54.8,36.7,-0.096,0.636
54.8,37.2,-1.058,0.643
54.8,37.7,1.122,0.651
54.8,38.2,0.224,0.659
54.8,38.7,-0.737,0.666
54.8,39.2,1.443,0.674
54.8,39.7,0.545,0.681
54.8,40.2,-0.417,0.689
54.8,40.7,-1.378,0.697
54.8,41.2,0.801,0.704
54.8,41.7,-0.096,0.712
54.8,42.2,-1.058,0.720
54.8,42.7,1.122,0.727
54.8,43.2,0.160,0.735
54.8,43.7,-0.737,0.742
54.8,44.2,1.443,0.750
54.8,44.7,0.481,0.758
54.8,45.2,-0.481,0.765
54.8,45.7,-1.378,0.772
54.8,46.2,0.801,0.780
54.8,46.7,-0.160,0.788
54.8,47.2,-1.122,0.795
54.8,47.7,1.058,0.802
54.8,48.2,0.160,0.810
54.8,48.7,-0.801,0.817
54.8,49.2,1.378,0.825
54.8,49.7,0.417,0.832
54.8,50.3,-0.545,0.840
54.8,50.8,-1.507,0.847
54.8,51.3,0.673,0.854
54.8,51.8,-0.224,0.862
54.8,52.3,-1.186,0.869
54.8,52.8,0.994,0.877
54.8,53.3,0.032,0.884
54.8,53.8,-0.930,0.891
54.8,54.3,1.250,0.898
54.8,54.8,0.289,0.905
54.8,55.3,-0.673,0.913
54.8,55.8,1.571,0.920
54.8,56.3,0.609,0.927
54.8,56.8,-0.353,0.934
54.8,57.3,-1.314,0.942
54.8,57.8,0.866,0.949
54.8,58.3,-0.096,0.956
54.8,58.8,-1.058,0.963
54.8,59.3,1.122,0.970
54.8,59.8,0.160,0.977
54.8,60.3,-0.801,0.985
54.8,60.8,1.378,0.992
54.8,61.3,0.417,0.999
54.8,61.8,-0.545,1.006
54.8,62.3,-1.507,1.013
54.8,62.8,0.673,1.020
54.8,63.3,-0.289,1.027
54.8,63.8,-1.250,1.034
54.8,64.3,0.930,1.041
54.8,64.8,-0.032,1.048
54.8,65.3,-0.994,1.054
54.8,65.8,1.186,1.061
54.8,66.3,0.224,1.068
54.8,66.8,-0.737,1.075
54.8,67.3,1.443,1.082
54.8,67.8,0.481,1.089
54.8,68.3,-0.481,1.096
54.8,68.8,-1.443,1.103
54.8,69.3,0.737,1.109
54.8,69.8,-0.224,1.116
54.8,70.4,-1.186,1.123
54.8,70.9,0.994,1.129
54.8,71.4,0.032,1.136
54.8,71.9,-0.930,1.142
54.8,72.4,1.186,1.149
54.8,72.9,0.224,1.156
54.8,73.4,-0.737,1.163
54.8,73.9,1.443,1.170
54.8,74.4,0.481,1.176
54.8,74.9,-0.481,1.183
54.8,75.4,-1.443,1.189
54.8,75.9,0.737,1.195
54.8,76.4,-0.289,1.202
54.8,76.9,-1.250,1.209
54.8,77.4,0.930,1.215
54.8,77.9,-0.032,1.222
54.8,78.4,-0.994,1.228
54.8,78.9,1.186,1.234
54.8,79.4,0.160,1.241
54.8,79.9,-0.801,1.247
54.8,80.4,1.378,1.254
54.8,80.9,0.417,1.260
54.8,81.4,-0.545,1.266
54.8,81.9,-1.571,1.272
54.8,82.4,0.609,1.279
54.8,82.9,-0.353,1.285
54.8,83.4,-1.314,1.291
54.8,83.9,0.866,1.297
54.8,84.4,-0.160,1.304
54.8,84.9,-1.122,1.310
54.8,85.4,1.058,1.316
54.8,85.9,0.096,1.322
54.8,86.4,-0.930,1.328
54.8,86.9,1.250,1.334
54.8,87.4,0.289,1.340
54.8,87.9,-0.737,1.346
54.8,88.4,1.443,1.352
54.8,88.9,0.481,1.358
54.8,89.4,-0.481,1.364
54.8,89.9,-1.507,1.370
54.8,90.5,0.673,1.376
54.8,91.0,-0.289,1.382
54.8,91.5,-1.314,1.388
54.8,92.0,0.866,1.394
54.8,92.5,-0.096,1.399
54.8,93.0,-1.122,1.405
54.8,93.5,1.058,1.411
54.8,94.0,0.096,1.416
54.8,94.5,-0.930,1.422
54.8,95.0,1.250,1.428
54.8,95.5,0.289,1.433
54.8,96.0,-0.737,1.440
54.8,96.5,1.443,1.445
54.8,97.0,0.417,1.451
54.8,97.5,-0.545,1.457
54.8,98.0,-1.507,1.462
54.8,98.5,0.609,1.468
54.8,99.0,-0.353,1.473
54.8,99.5,-1.378,1.478
54.8,100.0,0.801,1.484
55.3,0.0,0.224,0.047
55.3,0.5,-0.673,0.055
55.3,1.0,1.507,0.063
55.3,1.5,0.609,0.071
55.3,2.0,-0.289,0.079
55.3,2.5,-1.186,0.087
55.3,3.0,0.994,0.096
55.3,3.5,0.096,0.104
55.3,4.0,-0.801,0.112
55.3,4.5,1.378,0.120
55.3,5.0,0.481,0.128
55.3,5.5,-0.417,0.136
55.3,6.0,-1.314,0.144
55.3,6.5,0.866,0.152
55.3,7.0,-0.032,0.161
55.3,7.5,-0.930,0.169
55.3,8.0,1.250,0.177
55.3,8.5,0.353,0.185
55.3,9.0,-0.609,0.193
55.3,9.5,-1.507,0.201
55.3,10.1,0.737,0.209
55.3,10.6,-0.224,0.217
55.3,11.1,-1.122,0.225
55.3,11.6,1.122,0.234
55.3,12.1,0.160,0.242
55.3,12.6,-0.737,0.250
55.3,13.1,1.443,0.258
55.3,13.6,0.545,0.266
55.3,14.1,-0.353,0.274
55.3,14.6,-1.314,0.282
55.3,15.1,0.930,0.290
55.3,15.6,-0.032,0.298
55.3,16.1,-0.930,0.306
55.3,16.6,1.250,0.314
55.3,17.1,0.353,0.322
55.3,17.6,-0.609,0.330
55.3,18.1,-1.507,0.338
55.3,18.6,0.737,0.346
55.3,19.1,-0.224,0.354
55.3,19.6,-1.122,0.362
55.3,20.1,1.058,0.370
55.3,20.6,0.160,0.378
55.3,21.1,-0.801,0.386
55.3,21.6,1.443,0.394
55.3,22.1,0.481,0.402
55.3,22.6,-0.417,0.410
55.3,23.1,-1.378,0.418
55.3,23.6,0.866,0.426
55.3,24.1,-0.096,0.434
55.3,24.6,-1.058,0.442
55.3,25.1,1.186,0.450
55.3,25.6,0.224,0.458
55.3,26.1,-0.673,0.466
55.3,26.6,1.507,0.474
55.3,27.1,0.609,0.482
55.3,27.6,-0.353,0.490
55.3,28.1,-1.250,0.497
55.3,28.6,0.930,0.506
55.3,29.1,-0.032,0.513
55.3,29.6,-0.930,0.521
55.3,30.2,1.250,0.529
55.3,30.7,0.353,0.537
55.3,31.2,-0.609,0.545
55.3,31.7,-1.571,0.553
55.3,32.2,0.673,0.560
55.3,32.7,-0.289,0.568
55.3,33.2,-1.250,0.576
55.3,33.7,0.994,0.584
55.3,34.2,0.032,0.592
55.3,34.7,-0.930,0.599
55.3,35.2,1.314,0.607
55.3,35.7,0.353,0.615
55.3,36.2,-0.609,0.622
55.3,36.7,-1.507,0.630
55.3,37.2,0.673,0.638
55.3,37.7,-0.289,0.646
55.3,38.2,-1.186,0.653
55.3,38.7,0.994,0.661
55.3,39.2,0.032,0.669
55.3,39.7,-0.866,0.676
55.3,40.2,1.314,0.684
55.3,40.7,0.353,0.692
55.3,41.2,-0.609,0.699
55.3,41.7,-1.507,0.707
55.3,42.2,0.673,0.715
55.3,42.7,-0.289,0.722
55.3,43.2,-1.250,0.730
55.3,43.7,0.994,0.737
55.3,44.2,0.032,0.745
55.3,44.7,-0.930,0.753
55.3,45.2,1.250,0.760
55.3,45.7,0.353,0.767
55.3,46.2,-0.609,0.775
55.3,46.7,1.571,0.783
55.3,47.2,0.609,0.790
55.3,47.7,-0.353,0.797
55.3,48.2,-1.250,0.805
55.3,48.7,0.930,0.812
55.3,49.2,-0.032,0.820
55.3,49.7,-0.994,0.827
55.3,50.3,1.186,0.835
55.3,50.8,0.224,0.842
55.3,51.3,-0.673,0.849
55.3,51.8,1.507,0.857
55.3,52.3,0.545,0.864
55.3,52.8,-0.417,0.872
55.3,53.3,-1.378,0.879
55.3,53.8,0.801,0.886
55.3,54.3,-0.160,0.893
55.3,54.8,-1.122,0.900
55.3,55.3,1.122,0.908
55.3,55.8,0.160,0.915
55.3,56.3,-0.801,0.922
55.3,56.8,1.378,0.930
55.3,57.3,0.417,0.937
55.3,57.8,-0.545,0.944
55.3,58.3,-1.507,0.951
55.3,58.8,0.673,0.958
55.3,59.3,-0.289,0.966
55.3,59.8,-1.250,0.973
55.3,60.3,0.930,0.980
55.3,60.8,-0.032,0.987
55.3,61.3,-0.994,0.994
55.3,61.8,1.186,1.001
55.3,62.3,0.224,1.008
55.3,62.8,-0.737,1.015
55.3,63.3,1.443,1.022
55.3,63.8,0.481,1.029
55.3,64.3,-0.481,1.036
55.3,64.8,-1.443,1.043
55.3,65.3,0.737,1.050
55.3,65.8,-0.224,1.057
55.3,66.3,-1.186,1.063
55.3,66.8,0.994,1.070
55.3,67.3,0.032,1.077
55.3,67.8,-0.930,1.084
55.3,68.3,1.250,1.091
55.3,68.8,0.289,1.098
55.3,69.3,-0.673,1.105
55.3,69.8,1.507,1.112
55.3,70.4,0.545,1.118
55.3,70.9,-0.417,1.125
55.3,71.4,-1.378,1.132
55.3,71.9,0.801,1.138
55.3,72.4,-0.160,1.145
55.3,72.9,-1.122,1.151
55.3,73.4,0.994,1.158
55.3,73.9,0.032,1.165
55.3,74.4,-0.930,1.172
55.3,74.9,1.250,1.178
55.3,75.4,0.289,1.185
55.3,75.9,-0.673,1.191
55.3,76.4,1.507,1.198
55.3,76.9,0.545,1.204
55.3,77.4,-0.481,1.211
55.3,77.9,-1.443,1.217
55.3,78.4,0.737,1.224
55.3,78.9,-0.224,1.230
55.3,79.4,-1.186,1.237
55.3,79.9,0.994,1.243
55.3,80.4,-0.032,1.249
55.3,80.9,-0.994,1.256
55.3,81.4,1.186,1.262
55.3,81.9,0.224,1.268
55.3,82.4,-0.737,1.274
55.3,82.9,1.378,1.281
55.3,83.4,0.417,1.287
55.3,83.9,-0.545,1.293
55.3,84.4,-1.507,1.299
55.3,84.9,0.609,1.305
55.3,85.4,-0.353,1.312
55.3,85.9,-1.314,1.318
55.3,86.4,0.866,1.324
55.3,86.9,-0.160,1.330
55.3,87.4,-1.122,1.336
55.3,87.9,1.058,1.342
55.3,88.4,0.096,1.348
55.3,88.9,-0.930,1.354
55.3,89.4,1.250,1.360
55.3,89.9,0.289,1.366
55.3,90.5,-0.737,1.372
55.3,91.0,1.443,1.378
55.3,91.5,0.481,1.384
55.3,92.0,-0.545,1.390
55.3,92.5,-1.507,1.396
55.3,93.0,0.673,1.401
55.3,93.5,-0.353,1.407
55.3,94.0,-1.314,1.413
55.3,94.5,0.866,1.419
55.3,95.0,-0.160,1.424
55.3,95.5,-1.122,1.430
55.3,96.0,1.058,1.435
55.3,96.5,0.032,1.442
55.3,97.0,-0.930,1.447
55.3,97.5,1.186,1.452
55.3,98.0,0.224,1.458
55.3,98.5,-0.737,1.464
55.3,99.0,1.378,1.469
55.3,99.5,0.417,1.475
55.3,100.0,-0.609,1.480
55.8,0.0,-1.186,0.041
55.8,0.5,0.994,0.049
55.8,1.0,0.096,0.058
55.8,1.5,-0.801,0.066
55.8,2.0,1.443,0.074
55.8,2.5,0.481,0.082
55.8,3.0,-0.417,0.090
55.8,3.5,-1.314,0.098
55.8,4.0,0.930,0.106
55.8,4.5,-0.032,0.115
55.8,5.0,-0.930,0.123
55.8,5.5,1.314,0.131
55.8,6.0,0.353,0.139
55.8,6.5,-0.545,0.147
55.8,7.0,-1.443,0.155
55.8,7.5,0.737,0.163
55.8,8.0,-0.160,0.171
55.8,8.5,-1.058,0.179
55.8,9.0,1.122,0.188
55.8,9.5,0.224,0.196
55.8,10.1,-0.737,0.204
55.8,10.6,1.507,0.212
55.8,11.1,0.609,0.220
55.8,11.6,-0.353,0.228
55.8,12.1,-1.250,0.236
55.8,12.6,0.994,0.244
55.8,13.1,0.032,0.252
55.8,13.6,-0.866,0.260
55.8,14.1,1.314,0.269
55.8,14.6,0.417,0.277
55.8,15.1,-0.481,0.285
55.8,15.6,-1.443,0.293
55.8,16.1,0.801,0.301
55.8,16.6,-0.160,0.309
55.8,17.1,-1.058,0.317
55.8,17.6,1.122,0.325
55.8,18.1,0.224,0.333
55.8,18.6,-0.737,0.341
55.8,19.1,1.507,0.349
55.8,19.6,0.545,0.357
55.8,20.1,-0.353,0.365
55.8,20.6,-1.314,0.373
55.8,21.1,0.930,0.381
55.8,21.6,-0.032,0.389
55.8,22.1,-0.930,0.397
55.8,22.6,1.250,0.405
55.8,23.1,0.353,0.413
55.8,23.6,-0.609,0.421
55.8,24.1,-1.507,0.429
55.8,24.6,0.673,0.437
55.8,25.1,-0.224,0.445
55.8,25.6,-1.186,0.453
55.8,26.1,1.058,0.461
55.8,26.6,0.096,0.469
55.8,27.1,-0.801,0.476
55.8,27.6,1.378,0.484
55.8,28.1,0.417,0.492
55.8,28.6,-0.481,0.500
55.8,29.1,-1.443,0.508
55.8,29.6,0.801,0.516
55.8,30.2,-0.160,0.524
55.8,30.7,-1.122,0.531
55.8,31.2,1.122,0.540
55.8,31.7,0.160,0.547
55.8,32.2,-0.737,0.555
55.8,32.7,1.443,0.563
55.8,33.2,0.481,0.571
55.8,33.7,-0.417,0.579
55.8,34.2,-1.378,0.586
55.8,34.7,0.801,0.594
55.8,35.2,-0.096,0.602
55.8,35.7,-1.058,0.610
55.8,36.2,1.122,0.617
55.8,36.7,0.224,0.625
55.8,37.2,-0.737,0.633
55.8,37.7,1.443,0.641
55.8,38.2,0.545,0.648
55.8,38.7,-0.417,0.656
55.8,39.2,-1.378,0.664
55.8,39.7,0.866,0.671
55.8,40.2,-0.096,0.679
55.8,40.7,-1.058,0.687
55.8,41.2,1.122,0.694
55.8,41.7,0.224,0.702
55.8,42.2,-0.737,0.710
55.8,42.7,1.443,0.717
55.8,43.2,0.481,0.725
55.8,43.7,-0.417,0.732
55.8,44.2,-1.378,0.740
55.8,44.7,0.801,0.748
55.8,45.2,-0.160,0.755
55.8,45.7,-1.058,0.762
55.8,46.2,1.122,0.770
55.8,46.7,0.160,0.778
55.8,47.2,-0.801,0.785
55.8,47.7,1.378,0.792
55.8,48.2,0.481,0.800
55.8,48.7,-0.481,0.808
55.8,49.2,-1.443,0.815
55.8,49.7,0.737,0.822
55.8,50.3,-0.224,0.830
55.8,50.8,-1.122,0.837
55.8,51.3,1.058,0.845
55.8,51.8,0.096,0.852
55.8,52.3,-0.866,0.859
55.8,52.8,1.314,0.867
55.8,53.3,0.353,0.874
55.8,53.8,-0.609,0.881
55.8,54.3,-1.571,0.888
55.8,54.8,0.673,0.896
55.8,55.3,-0.289,0.903
55.8,55.8,-1.250,0.910
55.8,56.3,0.930,0.918
55.8,56.8,-0.032,0.925
55.8,57.3,-0.994,0.932
55.8,57.8,1.186,0.939
55.8,58.3,0.224,0.947
55.8,58.8,-0.737,0.954
55.8,59.3,1.443,0.961
55.8,59.8,0.481,0.968
55.8,60.3,-0.481,0.975
55.8,60.8,-1.378,0.982
55.8,61.3,0.801,0.989
55.8,61.8,-0.160,0.996
55.8,62.3,-1.122,1.003
55.8,62.8,1.058,1.010
55.8,63.3,0.096,1.017
55.8,63.8,-0.866,1.024
55.8,64.3,1.314,1.031
55.8,64.8,0.353,1.038
55.8,65.3,-0.609,1.045
55.8,65.8,1.571,1.052
55.8,66.3,0.609,1.059
55.8,66.8,-0.353,1.066
55.8,67.3,-1.314,1.073
55.8,67.8,0.866,1.079
55.8,68.3,-0.160,1.086
55.8,68.8,-1.122,1.093
55.8,69.3,1.058,1.100
55.8,69.8,0.096,1.107
55.8,70.4,-0.866,1.114
55.8,70.9,1.314,1.121
55.8,71.4,0.353,1.127
55.8,71.9,-0.609,1.134
55.8,72.4,1.571,1.141
55.8,72.9,0.609,1.147
55.8,73.4,-0.353,1.154
55.8,73.9,-1.314,1.160
55.8,74.4,0.801,1.167
55.8,74.9,-0.160,1.174
55.8,75.4,-1.122,1.180
55.8,75.9,1.058,1.187
55.8,76.4,0.096,1.194
55.8,76.9,-0.866,1.200
55.8,77.4,1.314,1.206
55.8,77.9,0.353,1.213
55.8,78.4,-0.673,1.219
55.8,78.9,1.507,1.226
55.8,79.4,0.545,1.232
55.8,79.9,-0.417,1.239
55.8,80.4,-1.378,1.245
55.8,80.9,0.737,1.251
55.8,81.4,-0.224,1.258
55.8,81.9,-1.186,1.264
55.8,82.4,0.994,1.271
55.8,82.9,0.032,1.277
55.8,83.4,-0.994,1.283
55.8,83.9,1.186,1.289
55.8,84.4,0.224,1.296
55.8,84.9,-0.737,1.302
55.8,85.4,1.378,1.307
55.8,85.9,0.417,1.314
55.8,86.4,-0.545,1.320
55.8,86.9,-1.507,1.326
55.8,87.4,0.609,1.332
55.8,87.9,-0.353,1.338
55.8,88.4,-1.314,1.344
55.8,88.9,0.866,1.350
55.8,89.4,-0.160,1.356
55.8,89.9,-1.122,1.362
55.8,90.5,1.058,1.368
55.8,91.0,0.032,1.374
55.8,91.5,-0.930,1.380
55.8,92.0,1.250,1.386
55.8,92.5,0.224,1.391
55.8,93.0,-0.737,1.398
55.8,93.5,1.443,1.403
55.8,94.0,0.417,1.409
55.8,94.5,-0.545,1.415
55.8,95.0,-1.507,1.421
55.8,95.5,0.609,1.426
55.8,96.0,-0.353,1.432
55.8,96.5,-1.314,1.438
55.8,97.0,0.801,1.443
55.8,97.5,-0.160,1.449
55.8,98.0,-1.186,1.454
55.8,98.5,0.994,1.460
55.8,99.0,0.032,1.466
55.8,99.5,-0.994,1.471
55.8,100.0,1.186,1.477
56.3,0.0,0.481,0.036
56.3,0.5,-0.417,0.044
56.3,1.0,-1.314,0.052
56.3,1.5,0.930,0.060
56.3,2.0,-0.032,0.068
56.3,2.5,-0.930,0.077
56.3,3.0,1.314,0.085
56.3,3.5,0.417,0.093
56.3,4.0,-0.545,0.101
56.3,4.5,-1.443,0.109
56.3,5.0,0.801,0.117
56.3,5.5,-0.160,0.125
56.3,6.0,-1.058,0.133
56.3,6.5,1.186,0.142
56.3,7.0,0.224,0.150
56.3,7.5,-0.673,0.158
56.3,8.0,1.571,0.166
56.3,8.5,0.609,0.174
56.3,9.0,-0.289,0.182
56.3,9.5,-1.186,0.190
56.3,10.1,0.994,0.198
56.3,10.6,0.096,0.207
56.3,11.1,-0.801,0.215
56.3,11.6,1.378,0.223
56.3,12.1,0.481,0.231
56.3,12.6,-0.481,0.239
56.3,13.1,-1.378,0.247
56.3,13.6,0.866,0.255
56.3,14.1,-0.096,0.263
56.3,14.6,-0.994,0.271
56.3,15.1,1.186,0.279
56.3,15.6,0.289,0.287
56.3,16.1,-0.673,0.295
56.3,16.6,-1.571,0.303
56.3,17.1,0.673,0.311
56.3,17.6,-0.289,0.320
56.3,18.1,-1.186,0.328
56.3,18.6,0.994,0.336
56.3,19.1,0.096,0.344
56.3,19.6,-0.866,0.352
56.3,20.1,1.378,0.360
56.3,20.6,0.417,0.368
56.3,21.1,-0.481,0.376
56.3,21.6,-1.443,0.384
56.3,22.1,0.801,0.392
56.3,22.6,-0.160,0.400
56.3,23.1,-1.058,0.408
56.3,23.6,1.122,0.416
56.3,24.1,0.224,0.424
56.3,24.6,-0.737,0.432
56.3,25.1,1.507,0.439
56.3,25.6,0.545,0.447
56.3,26.1,-0.353,0.455
56.3,26.6,-1.314,0.463
56.3,27.1,0.866,0.471
56.3,27.6,-0.032,0.479
56.3,28.1,-0.994,0.487
56.3,28.6,1.250,0.495
56.3,29.1,0.289,0.503
56.3,29.6,-0.609,0.511
56.3,30.2,-1.571,0.519
56.3,30.7,0.609,0.526
56.3,31.2,-0.289,0.534
56.3,31.7,-1.250,0.542
56.3,32.2,0.994,0.550
56.3,32.7,0.032,0.558
56.3,33.2,-0.930,0.566
56.3,33.7,1.314,0.573
56.3,34.2,0.353,0.581
56.3,34.7,-0.609,0.589
56.3,35.2,-1.507,0.597
56.3,35.7,0.673,0.605
56.3,36.2,-0.289,0.612
56.3,36.7,-1.186,0.620
56.3,37.2,0.994,0.628
56.3,37.7,0.032,0.635
56.3,38.2,-0.866,0.643
56.3,38.7,1.314,0.651
56.3,39.2,0.353,0.659
56.3,39.7,-0.545,0.666
56.3,40.2,-1.507,0.674
56.3,40.7,0.673,0.682
56.3,41.2,-0.289,0.689
56.3,41.7,-1.186,0.697
56.3,42.2,0.994,0.705
56.3,42.7,0.032,0.712
56.3,43.2,-0.930,0.720
56.3,43.7,1.314,0.727
56.3,44.2,0.353,0.735
56.3,44.7,-0.609,0.743
56.3,45.2,-1.571,0.750
56.3,45.7,0.673,0.758
56.3,46.2,-0.289,0.765
56.3,46.7,-1.250,0.773
56.3,47.2,0.930,0.780
56.3,47.7,0.032,0.787
56.3,48.2,-0.930,0.795
56.3,48.7,1.250,0.803
56.3,49.2,0.289,0.810
56.3,49.7,-0.673,0.817
56.3,50.3,1.507,0.825
56.3,50.8,0.609,0.832
56.3,51.3,-0.353,0.840
56.3,51.8,-1.314,0.847
56.3,52.3,0.866,0.855
56.3,52.8,-0.096,0.862
56.3,53.3,-1.058,0.869
56.3,53.8,1.122,0.876
56.3,54.3,0.224,0.884
56.3,54.8,-0.737,0.891
56.3,55.3,1.443,0.898
56.3,55.8,0.481,0.906
56.3,56.3,-0.481,0.913
56.3,56.8,-1.443,0.920
56.3,57.3,0.737,0.927
56.3,57.8,-0.224,0.934
56.3,58.3,-1.186,0.942
56.3,58.8,0.994,0.949
56.3,59.3,0.096,0.956
56.3,59.8,-0.866,0.963
56.3,60.3,1.314,0.970
56.3,60.8,0.353,0.977
56.3,61.3,-0.609,0.984
56.3,61.8,1.571,0.992
56.3,62.3,0.609,0.999
56.3,62.8,-0.353,1.006
56.3,63.3,-1.314,1.013
56.3,63.8,0.866,1.020
56.3,64.3,-0.096,1.027
56.3,64.8,-1.058,1.034
56.3,65.3,1.122,1.041
56.3,65.8,0.160,1.048
56.3,66.3,-0.801,1.055
56.3,66.8,1.378,1.061
56.3,67.3,0.417,1.068
56.3,67.8,-0.545,1.075
56.3,68.3,-1.507,1.082
56.3,68.8,0.673,1.089
56.3,69.3,-0.289,1.095
56.3,69.8,-1.250,1.102
56.3,70.4,0.866,1.109
56.3,70.9,-0.096,1.116
56.3,71.4,-1.058,1.123
56.3,71.9,1.122,1.130
56.3,72.4,0.160,1.136
56.3,72.9,-0.801,1.143
56.3,73.4,1.378,1.150
56.3,73.9,0.417,1.156
56.3,74.4,-0.545,1.163
56.3,74.9,-1.507,1.169
56.3,75.4,0.673,1.176
56.3,75.9,-0.353,1.182
56.3,76.4,-1.314,1.189
56.3,76.9,0.866,1.196
56.3,77.4,-0.096,1.202
56.3,77.9,-1.058,1.209
56.3,78.4,1.122,1.215
56.3,78.9,0.096,1.221
56.3,79.4,-0.866,1.228
56.3,79.9,1.314,1.235
56.3,80.4,0.353,1.241
56.3,80.9,-0.609,1.247
56.3,81.4,1.571,1.253
56.3,81.9,0.545,1.260
56.3,82.4,-0.417,1.266
56.3,82.9,-1.378,1.273
56.3,83.4,0.801,1.279
56.3,83.9,-0.160,1.285
56.3,84.4,-1.186,1.291
56.3,84.9,0.994,1.298
56.3,85.4,0.032,1.304
56.3,85.9,-0.930,1.310
56.3,86.4,1.186,1.316
56.3,86.9,0.224,1.322
56.3,87.4,-0.737,1.328
56.3,87.9,1.443,1.334
56.3,88.4,0.417,1.340
56.3,88.9,-0.545,1.346
56.3,89.4,-1.507,1.352
56.3,89.9,0.609,1.358
56.3,90.5,-0.353,1.364
56.3,91.0,-1.314,1.370
56.3,91.5,0.801,1.376
56.3,92.0,-0.160,1.382
56.3,92.5,-1.122,1.388
56.3,93.0,1.058,1.393
56.3,93.5,0.032,1.400
56.3,94.0,-0.930,1.405
56.3,94.5,1.250,1.411
56.3,95.0,0.224,1.417
56.3,95.5,-0.737,1.423
56.3,96.0,1.378,1.428
56.3,96.5,0.417,1.434
56.3,97.0,-0.545,1.440
56.3,97.5,-1.571,1.445
56.3,98.0,0.609,1.451
56.3,98.5,-0.353,1.456
56.3,99.0,-1.378,1.462
56.3,99.5,0.801,1.468
56.3,100.0,-0.224,1.473
56.8,0.0,-0.930,0.030
56.8,0.5,1.314,0.038
56.8,1.0,0.417,0.047
56.8,1.5,-0.545,0.055
56.8,2.0,-1.443,0.063
56.8,2.5,0.801,0.071
56.8,3.0,-0.096,0.079
56.8,3.5,-1.058,0.087
56.8,4.0,1.186,0.095
56.8,4.5,0.289,0.104
56.8,5.0,-0.673,0.112
56.8,5.5,-1.571,0.120
56.8,6.0,0.673,0.128
56.8,6.5,-0.289,0.136
56.8,7.0,-1.186,0.144
56.8,7.5,1.058,0.152
56.8,8.0,0.096,0.160
56.8,8.5,-0.801,0.169
56.8,9.0,1.443,0.177
56.8,9.5,0.481,0.185
56.8,10.1,-0.417,0.193
56.8,10.6,-1.314,0.201
56.8,11.1,0.866,0.209
56.8,11.6,-0.032,0.217
56.8,12.1,-0.930,0.225
56.8,12.6,1.250,0.233
56.8,13.1,0.353,0.242
56.8,13.6,-0.609,0.250
56.8,14.1,-1.507,0.258
56.8,14.6,0.737,0.266
56.8,15.1,-0.224,0.274
56.8,15.6,-1.122,0.282
56.8,16.1,1.058,0.290
56.8,16.6,0.160,0.298
56.8,17.1,-0.801,0.306
56.8,17.6,1.443,0.314
56.8,18.1,0.481,0.322
56.8,18.6,-0.417,0.330
56.8,19.1,-1.314,0.338
56.8,19.6,0.866,0.346
56.8,20.1,-0.032,0.354
56.8,20.6,-0.994,0.362
56.8,21.1,1.250,0.370
56.8,21.6,0.289,0.378
56.8,22.1,-0.609,0.386
56.8,22.6,-1.571,0.394
56.8,23.1,0.673,0.402
56.8,23.6,-0.289,0.410
56.8,24.1,-1.186,0.418
56.8,24.6,0.994,0.426
56.8,25.1,0.096,0.434
56.8,25.6,-0.866,0.442
56.8,26.1,1.314,0.450
56.8,26.6,0.417,0.458
56.8,27.1,-0.545,0.466
56.8,27.6,-1.443,0.474
56.8,28.1,0.737,0.482
56.8,28.6,-0.160,0.490
56.8,29.1,-1.122,0.498
56.8,29.6,1.122,0.505
56.8,30.2,0.160,0.513
56.8,30.7,-0.801,0.521
56.8,31.2,1.443,0.529
56.8,31.7,0.481,0.537
56.8,32.2,-0.481,0.545
56.8,32.7,-1.378,0.553
56.8,33.2,0.801,0.560
56.8,33.7,-0.096,0.568
56.8,34.2,-1.058,0.576
56.8,34.7,1.122,0.584
56.8,35.2,0.224,0.592
56.8,35.7,-0.737,0.599
56.8,36.2,1.443,0.607
56.8,36.7,0.545,0.615
56.8,37.2,-0.417,0.623
56.8,37.7,-1.378,0.630
56.8,38.2,0.866,0.638
56.8,38.7,-0.096,0.646
56.8,39.2,-1.058,0.653
56.8,39.7,1.186,0.661
56.8,40.2,0.224,0.669
56.8,40.7,-0.737,0.677
56.8,41.2,1.443,0.684
56.8,41.7,0.545,0.692
56.8,42.2,-0.417,0.700
56.8,42.7,-1.378,0.707
56.8,43.2,0.866,0.714
56.8,43.7,-0.096,0.722
56.8,44.2,-1.058,0.730
56.8,44.7,1.122,0.737
56.8,45.2,0.160,0.745
56.8,45.7,-0.737,0.753
56.8,46.2,1.443,0.760
56.8,46.7,0.481,0.768
56.8,47.2,-0.481,0.775
56.8,47.7,-1.378,0.782
56.8,48.2,0.801,0.790
56.8,48.7,-0.160,0.798
56.8,49.2,-1.122,0.805
56.8,49.7,1.058,0.812
56.8,50.3,0.096,0.820
56.8,50.8,-0.801,0.827
56.8,51.3,1.378,0.835
56.8,51.8,0.417,0.842
56.8,52.3,-0.545,0.850
56.8,52.8,-1.507,0.857
56.8,53.3,0.673,0.864
56.8,53.8,-0.224,0.871
56.8,54.3,-1.186,0.879
56.8,54.8,0.994,0.886
56.8,55.3,0.032,0.894
56.8,55.8,-0.930,0.901
56.8,56.3,1.250,0.908
56.8,56.8,0.289,0.915
56.8,57.3,-0.673,0.922
56.8,57.8,1.507,0.930
56.8,58.3,0.545,0.937
56.8,58.8,-0.353,0.944
56.8,59.3,-1.314,0.951
56.8,59.8,0.866,0.958
56.8,60.3,-0.096,0.966
56.8,60.8,-1.058,0.973
56.8,61.3,1.122,0.980
56.8,61.8,0.160,0.987
56.8,62.3,-0.801,0.994
56.8,62.8,1.378,1.001
56.8,63.3,0.417,1.008
56.8,63.8,-0.545,1.015
56.8,64.3,-1.507,1.022
56.8,64.8,0.673,1.029
56.8,65.3,-0.289,1.036
56.8,65.8,-1.250,1.043
56.8,66.3,0.930,1.050
56.8,66.8,-0.032,1.057
56.8,67.3,-0.994,1.064
56.8,67.8,1.186,1.071
56.8,68.3,0.224,1.078
56.8,68.8,-0.737,1.084
56.8,69.3,1.443,1.091
56.8,69.8,0.481,1.098
56.8,70.4,-0.481,1.105
56.8,70.9,-1.443,1.111
56.8,71.4,0.737,1.118
56.8,71.9,-0.289,1.125
56.8,72.4,-1.250,1.132
56.8,72.9,0.930,1.138
56.8,73.4,-0.032,1.145
56.8,73.9,-0.994,1.152
56.8,74.4,1.186,1.159
56.8,74.9,0.224,1.165
56.8,75.4,-0.737,1.172
56.8,75.9,1.443,1.178
56.8,76.4,0.481,1.184
56.8,76.9,-0.545,1.191
56.8,77.4,-1.507,1.198
56.8,77.9,0.673,1.205
56.8,78.4,-0.289,1.211
56.8,78.9,-1.250,1.217
56.8,79.4,0.930,1.224
56.8,79.9,-0.096,1.230
56.8,80.4,-1.058,1.237
56.8,80.9,1.122,1.243
56.8,81.4,0.160,1.250
56.8,81.9,-0.801,1.256
56.8,82.4,1.378,1.262
56.8,82.9,0.353,1.268
56.8,83.4,-0.609,1.275
56.8,83.9,1.571,1.281
56.8,84.4,0.609,1.287
56.8,84.9,-0.417,1.293
56.8,85.4,-1.378,1.300
56.8,85.9,0.801,1.306
56.8,86.4,-0.160,1.312
56.8,86.9,-1.186,1.318
56.8,87.4,0.994,1.324
56.8,87.9,0.032,1.330
56.8,88.4,-0.930,1.336
56.8,88.9,1.186,1.342
56.8,89.4,0.224,1.349
56.8,89.9,-0.737,1.354
56.8,90.5,1.378,1.360
56.8,91.0,0.417,1.366
56.8,91.5,-0.545,1.372
56.8,92.0,-1.507,1.378
56.8,92.5,0.609,1.384
56.8,93.0,-0.353,1.390
56.8,93.5,-1.314,1.395
56.8,94.0,0.801,1.402
56.8,94.5,-0.160,1.407
56.8,95.0,-1.122,1.413
56.8,95.5,0.994,1.419
56.8,96.0,0.032,1.425
56.8,96.5,-0.994,1.430
56.8,97.0,1.186,1.436
56.8,97.5,0.224,1.442
56.8,98.0,-0.801,1.447
56.8,98.5,1.378,1.453
56.8,99.0,0.417,1.458
56.8,99.5,-0.609,1.464
56.8,100.0,1.571,1.470
57.3,0.0,0.801,0.025
57.3,0.5,-0.096,0.033
57.3,1.0,-1.058,0.041
57.3,1.5,1.186,0.049
57.3,2.0,0.289,0.057
57.3,2.5,-0.673,0.066
57.3,3.0,-1.571,0.074
57.3,3.5,0.673,0.082
57.3,4.0,-0.224,0.090
57.3,4.5,-1.186,0.098
57.3,5.0,1.058,0.106
57.3,5.5,0.160,0.114
57.3,6.0,-0.801,0.123
57.3,6.5,1.443,0.131
57.3,7.0,0.545,0.139
57.3,7.5,-0.417,0.147
57.3,8.0,-1.314,0.155
57.3,8.5,0.930,0.163
57.3,9.0,-0.032,0.171
57.3,9.5,-0.930,0.179
57.3,10.1,1.314,0.188
57.3,10.6,0.353,0.196
57.3,11.1,-0.545,0.204
57.3,11.6,-1.443,0.212
57.3,12.1,0.737,0.220
57.3,12.6,-0.160,0.228
57.3,13.1,-1.058,0.236
57.3,13.6,1.122,0.244
57.3,14.1,0.224,0.252
57.3,14.6,-0.737,0.260
57.3,15.1,1.507,0.269
57.3,15.6,0.545,0.276
57.3,16.1,-0.353,0.285
57.3,16.6,-1.250,0.293
57.3,17.1,0.930,0.301
57.3,17.6,0.032,0.309
57.3,18.1,-0.930,0.317
57.3,18.6,1.314,0.325
57.3,19.1,0.353,0.333
57.3,19.6,-0.545,0.341
57.3,20.1,-1.507,0.349
57.3,20.6,0.737,0.357
57.3,21.1,-0.160,0.365
57.3,21.6,-1.122,0.373
57.3,22.1,1.122,0.381
57.3,22.6,0.160,0.389
57.3,23.1,-0.737,0.397
57.3,23.6,1.443,0.405
57.3,24.1,0.481,0.413
57.3,24.6,-0.417,0.421
57.3,25.1,-1.378,0.429
57.3,25.6,0.866,0.437
57.3,26.1,-0.096,0.445
57.3,26.6,-0.994,0.453
57.3,27.1,1.186,0.461
57.3,27.6,0.289,0.469
57.3,28.1,-0.673,0.477
57.3,28.6,1.571,0.484
57.3,29.1,0.609,0.492
57.3,29.6,-0.353,0.500
57.3,30.2,-1.250,0.508
57.3,30.7,0.930,0.516
57.3,31.2,0.032,0.524
57.3,31.7,-0.930,0.532
57.3,32.2,1.250,0.539
57.3,32.7,0.353,0.547
57.3,33.2,-0.609,0.555
57.3,33.7,-1.507,0.563
57.3,34.2,0.673,0.571
57.3,34.7,-0.289,0.579
57.3,35.2,-1.186,0.586
57.3,35.7,0.994,0.594
57.3,36.2,0.032,0.602
57.3,36.7,-0.866,0.610
57.3,37.2,1.314,0.618
57.3,37.7,0.353,0.625
57.3,38.2,-0.545,0.633
57.3,38.7,-1.507,0.641
57.3,39.2,0.673,0.648
57.3,39.7,-0.224,0.656
57.3,40.2,-1.186,0.664
57.3,40.7,0.994,0.671
57.3,41.2,0.032,0.679
57.3,41.7,-0.866,0.687
57.3,42.2,1.314,0.694
57.3,42.7,0.353,0.702
57.3,43.2,-0.545,0.709
57.3,43.7,-1.507,0.717
57.3,44.2,0.673,0.725
57.3,44.7,-0.289,0.732
57.3,45.2,-1.186,0.740
57.3,45.7,0.994,0.748
57.3,46.2,0.032,0.755
57.3,46.7,-0.930,0.763
57.3,47.2,1.250,0.770
57.3,47.7,0.353,0.778
57.3,48.2,-0.609,0.785
57.3,48.7,-1.571,0.793
57.3,49.2,0.609,0.800
57.3,49.7,-0.353,0.807
57.3,50.3,-1.250,0.815
57.3,50.8,0.930,0.822
57.3,51.3,-0.032,0.830
57.3,51.8,-0.994,0.837
57.3,52.3,1.186,0.845
57.3,52.8,0.224,0.852
57.3,53.3,-0.673,0.859
57.3,53.8,1.507,0.867
57.3,54.3,0.545,0.874
57.3,54.8,-0.417,0.881
57.3,55.3,-1.378,0.889
57.3,55.8,0.801,0.896
57.3,56.3,-0.160,0.903
57.3,56.8,-1.122,0.910
57.3,57.3,1.058,0.917
57.3,57.8,0.160,0.925
57.3,58.3,-0.801,0.932
57.3,58.8,1.378,0.939
57.3,59.3,0.417,0.947
57.3,59.8,-0.545,0.954
57.3,60.3,-1.507,0.961
57.3,60.8,0.673,0.968
57.3,61.3,-0.289,0.975
57.3,61.8,-1.250,0.982
57.3,62.3,0.930,0.989
57.3,62.8,-0.032,0.996
57.3,63.3,-0.994,1.003
57.3,63.8,1.186,1.011
57.3,64.3,0.224,1.018
57.3,64.8,-0.737,1.025
57.3,65.3,1.443,1.031
57.3,65.8,0.481,1.038
57.3,66.3,-0.481,1.045
57.3,66.8,-1.443,1.052
57.3,67.3,0.737,1.059
57.3,67.8,-0.224,1.066
57.3,68.3,-1.186,1.073
57.3,68.8,0.994,1.080
57.3,69.3,0.032,1.087
57.3,69.8,-0.930,1.094
57.3,70.4,1.250,1.100
57.3,70.9,0.289,1.107
57.3,71.4,-0.673,1.114
57.3,71.9,1.507,1.121
57.3,72.4,0.545,1.127
57.3,72.9,-0.417,1.134
57.3,73.4,-1.443,1.140
57.3,73.9,0.737,1.147
57.3,74.4,-0.224,1.154
57.3,74.9,-1.186,1.161
57.3,75.4,0.994,1.167
57.3,75.9,0.032,1.174
57.3,76.4,-0.930,1.181
57.3,76.9,1.250,1.187
57.3,77.4,0.289,1.193
57.3,77.9,-0.737,1.200
57.3,78.4,1.443,1.207
57.3,78.9,0.481,1.213
57.3,79.4,-0.481,1.220
57.3,79.9,-1.443,1.226
57.3,80.4,0.737,1.232
57.3,80.9,-0.289,1.239
57.3,81.4,-1.250,1.245
57.3,81.9,0.930,1.252
57.3,82.4,-0.032,1.258
57.3,82.9,-0.994,1.264
57.3,83.4,1.122,1.270
57.3,83.9,0.160,1.277
57.3,84.4,-0.801,1.283
57.3,84.9,1.378,1.289
57.3,85.4,0.417,1.295
57.3,85.9,-0.609,1.302
57.3,86.4,-1.571,1.308
57.3,86.9,0.609,1.314
57.3,87.4,-0.353,1.320
57.3,87.9,-1.378,1.326
57.3,88.4,0.801,1.332
57.3,88.9,-0.160,1.338
57.3,89.4,-1.186,1.344
57.3,89.9,0.994,1.351
57.3,90.5,0.032,1.357
57.3,91.0,-0.930,1.362
57.3,91.5,1.186,1.368
57.3,92.0,0.224,1.374
57.3,92.5,-0.737,1.380
57.3,93.0,1.378,1.386
57.3,93.5,0.417,1.392
57.3,94.0,-0.545,1.398
57.3,94.5,-1.571,1.403
57.3,95.0,0.609,1.409
57.3,95.5,-0.353,1.415
57.3,96.0,-1.378,1.421
57.3,96.5,0.801,1.427
57.3,97.0,-0.160,1.432
57.3,97.5,-1.186,1.438
57.3,98.0,0.994,1.444
57.3,98.5,-0.032,1.449
57.3,99.0,-0.994,1.455
57.3,99.5,1.186,1.460
57.3,100.0,0.160,1.466
57.8,0.0,-0.673,0.019
57.8,0.5,-1.571,0.028
57.8,1.0,0.673,0.036
57.8,1.5,-0.224,0.044
57.8,2.0,-1.186,0.052
57.8,2.5,1.058,0.060
57.8,3.0,0.160,0.068
57.8,3.5,-0.737,0.076
57.8,4.0,1.443,0.085
57.8,4.5,0.545,0.093
57.8,5.0,-0.353,0.101
57.8,5.5,-1.314,0.109
57.8,6.0,0.930,0.117
57.8,6.5,0.032,0.125
57.8,7.0,-0.866,0.133
57.8,7.5,1.314,0.141
57.8,8.0,0.417,0.150
57.8,8.5,-0.481,0.158
57.8,9.0,-1.443,0.166
57.8,9.5,0.801,0.174
57.8,10.1,-0.096,0.182
57.8,10.6,-1.058,0.190
57.8,11.1,1.186,0.198
57.8,11.6,0.224,0.206
57.8,12.1,-0.673,0.215
57.8,12.6,1.571,0.223
57.8,13.1,0.609,0.231
57.8,13.6,-0.289,0.239
57.8,14.1,-1.186,0.247
57.8,14.6,0.994,0.255
57.8,15.1,0.096,0.263
57.8,15.6,-0.866,0.271
57.8,16.1,1.378,0.279
57.8,16.6,0.417,0.287
57.8,17.1,-0.481,0.295
57.8,17.6,-1.378,0.303
57.8,18.1,0.801,0.311
57.8,18.6,-0.096,0.319
57.8,19.1,-1.058,0.328
57.8,19.6,1.186,0.336
57.8,20.1,0.224,0.344
57.8,20.6,-0.673,0.352
57.8,21.1,1.507,0.360
57.8,21.6,0.609,0.368
57.8,22.1,-0.353,0.376
57.8,22.6,-1.250,0.384
57.8,23.1,0.930,0.392
57.8,23.6,0.032,0.400
57.8,24.1,-0.930,0.408
57.8,24.6,1.314,0.416
57.8,25.1,0.353,0.424
57.8,25.6,-0.545,0.432
57.8,26.1,-1.507,0.439
57.8,26.6,0.737,0.447
57.8,27.1,-0.224,0.455
57.8,27.6,-1.122,0.463
57.8,28.1,1.058,0.471
57.8,28.6,0.096,0.479
57.8,29.1,-0.801,0.487
57.8,29.6,1.378,0.495
57.8,30.2,0.481,0.503
57.8,30.7,-0.481,0.511
57.8,31.2,-1.378,0.518
57.8,31.7,0.801,0.526
57.8,32.2,-0.160,0.534
57.8,32.7,-1.058,0.542
57.8,33.2,1.122,0.550
57.8,33.7,0.160,0.558
57.8,34.2,-0.737,0.566
57.8,34.7,1.443,0.573
57.8,35.2,0.545,0.581
57.8,35.7,-0.417,0.589
57.8,36.2,-1.378,0.597
57.8,36.7,0.866,0.604
57.8,37.2,-0.096,0.612
57.8,37.7,-1.058,0.620
57.8,38.2,1.186,0.628
57.8,38.7,0.224,0.636
57.8,39.2,-0.737,0.643
57.8,39.7,1.507,0.651
57.8,40.2,0.545,0.659
57.8,40.7,-0.417,0.666
57.8,41.2,-1.378,0.674
57.8,41.7,0.866,0.682
57.8,42.2,-0.096,0.689
57.8,42.7,-1.058,0.697
57.8,43.2,1.186,0.704
57.8,43.7,0.224,0.712
57.8,44.2,-0.737,0.720
57.8,44.7,1.443,0.727
57.8,45.2,0.545,0.735
57.8,45.7,-0.417,0.743
57.8,46.2,-1.378,0.750
57.8,46.7,0.801,0.758
57.8,47.2,-0.160,0.765
57.8,47.7,-1.058,0.773
57.8,48.2,1.122,0.780
57.8,48.7,0.160,0.788
57.8,49.2,-0.801,0.795
57.8,49.7,1.378,0.802
57.8,50.3,0.481,0.810
57.8,50.8,-0.481,0.818
57.8,51.3,-1.443,0.825
57.8,51.8,0.737,0.832
57.8,52.3,-0.224,0.840
57.8,52.8,-1.186,0.847
57.8,53.3,1.058,0.854
57.8,53.8,0.096,0.862
57.8,54.3,-0.866,0.869
57.8,54.8,1.314,0.877
57.8,55.3,0.353,0.884
57.8,55.8,-0.609,0.891
57.8,56.3,-1.571,0.898
57.8,56.8,0.609,0.905
57.8,57.3,-0.289,0.913
57.8,57.8,-1.250,0.920
57.8,58.3,0.930,0.927
57.8,58.8,-0.032,0.935
57.8,59.3,-0.994,0.942
57.8,59.8,1.186,0.949
57.8,60.3,0.224,0.956
57.8,60.8,-0.737,0.963
57.8,61.3,1.443,0.970
57.8,61.8,0.481,0.978
57.8,62.3,-0.481,0.985
57.8,62.8,-1.443,0.992
57.8,63.3,0.737,0.999
57.8,63.8,-0.224,1.006
57.8,64.3,-1.186,1.013
57.8,64.8,0.994,1.020
57.8,65.3,0.032,1.027
57.8,65.8,-0.930,1.034
57.8,66.3,1.250,1.041
57.8,66.8,0.289,1.048
57.8,67.3,-0.673,1.054
57.8,67.8,1.507,1.061
57.8,68.3,0.545,1.068
57.8,68.8,-0.417,1.075
57.8,69.3,-1.378,1.082
57.8,69.8,0.801,1.089
57.8,70.4,-0.160,1.096
57.8,70.9,-1.122,1.103
57.8,71.4,1.058,1.110
57.8,71.9,0.096,1.116
57.8,72.4,-0.866,1.123
57.8,72.9,1.314,1.130
57.8,73.4,0.353,1.136
57.8,73.9,-0.609,1.143
57.8,74.4,1.571,1.149
57.8,74.9,0.545,1.156
57.8,75.4,-0.417,1.163
57.8,75.9,-1.378,1.170
57.8,76.4,0.801,1.176
57.8,76.9,-0.160,1.183
57.8,77.4,-1.122,1.189
57.8,77.9,1.058,1.196
57.8,78.4,0.096,1.202
57.8,78.9,-0.930,1.209
57.8,79.4,1.250,1.215
57.8,79.9,0.289,1.222
57.8,80.4,-0.673,1.228
57.8,80.9,1.507,1.235
57.8,81.4,0.545,1.241
57.8,81.9,-0.481,1.247
57.8,82.4,-1.443,1.254
57.8,82.9,0.737,1.260
57.8,83.4,-0.224,1.266
57.8,83.9,-1.186,1.272
57.8,84.4,0.930,1.279
57.8,84.9,-0.032,1.285
57.8,85.4,-0.994,1.292
57.8,85.9,1.186,1.297
57.8,86.4,0.160,1.304
57.8,86.9,-0.801,1.310
57.8,87.4,1.378,1.316
57.8,87.9,0.417,1.322
57.8,88.4,-0.609,1.328
57.8,88.9,-1.571,1.335
57.8,89.4,0.609,1.341
57.8,89.9,-0.353,1.346
57.8,90.5,-1.378,1.352
57.8,91.0,0.801,1.359
57.8,91.5,-0.160,1.364
57.8,92.0,-1.186,1.370
57.8,92.5,0.994,1.376
57.8,93.0,0.032,1.382
57.8,93.5,-0.994,1.388
57.8,94.0,1.186,1.394
57.8,94.5,0.224,1.400
57.8,95.0,-0.801,1.405
57.8,95.5,1.378,1.411
57.8,96.0,0.417,1.417
57.8,96.5,-0.609,1.423
57.8,97.0,1.571,1.429
57.8,97.5,0.609,1.434
57.8,98.0,-0.417,1.440
57.8,98.5,-1.378,1.446
57.8,99.0,0.737,1.451
57.8,99.5,-0.224,1.457
57.8,100.0,-1.186,1.462
58.3,0.0,1.058,0.014
58.3,0.5,0.160,0.022
58.3,1.0,-0.737,0.030
58.3,1.5,1.443,0.038
58.3,2.0,0.545,0.046
58.3,2.5,-0.353,0.055
58.3,3.0,-1.250,0.063
58.3,3.5,0.930,0.071
58.3,4.0,0.032,0.079
58.3,4.5,-0.866,0.087
58.3,5.0,1.314,0.095
58.3,5.5,0.417,0.103
58.3,6.0,-0.481,0.112
58.3,6.5,-1.378,0.120
58.3,7.0,0.801,0.128
58.3,7.5,-0.096,0.136
58.3,8.0,-0.994,0.144
58.3,8.5,1.186,0.152
58.3,9.0,0.289,0.160
58.3,9.5,-0.609,0.169
58.3,10.1,-1.571,0.177
58.3,10.6,0.673,0.185
58.3,11.1,-0.224,0.193
58.3,11.6,-1.186,0.201
58.3,12.1,1.058,0.209
58.3,12.6,0.096,0.217
58.3,13.1,-0.801,0.225
58.3,13.6,1.443,0.233
58.3,14.1,0.481,0.241
58.3,14.6,-0.417,0.250
58.3,15.1,-1.378,0.258
58.3,15.6,0.866,0.266
58.3,16.1,-0.032,0.274
58.3,16.6,-0.994,0.282
58.3,17.1,1.250,0.290
58.3,17.6,0.289,0.298
58.3,18.1,-0.609,0.306
58.3,18.6,-1.507,0.314
58.3,19.1,0.673,0.322
58.3,19.6,-0.224,0.330
58.3,20.1,-1.186,0.338
58.3,20.6,1.058,0.346
58.3,21.1,0.096,0.354
58.3,21.6,-0.801,0.362
58.3,22.1,1.378,0.370
58.3,22.6,0.481,0.378
58.3,23.1,-0.481,0.386
58.3,23.6,-1.378,0.394
58.3,24.1,0.801,0.402
58.3,24.6,-0.096,0.410
58.3,25.1,-1.058,0.418
58.3,25.6,1.186,0.426
58.3,26.1,0.224,0.434
58.3,26.6,-0.673,0.442
58.3,27.1,1.507,0.450
58.3,27.6,0.545,0.458
58.3,28.1,-0.353,0.466
58.3,28.6,-1.314,0.474
58.3,29.1,0.930,0.482
58.3,29.6,-0.032,0.490
58.3,30.2,-0.930,0.497
58.3,30.7,1.250,0.505
58.3,31.2,0.289,0.513
58.3,31.7,-0.609,0.521
58.3,32.2,-1.571,0.529
58.3,32.7,0.673,0.537
58.3,33.2,-0.289,0.545
58.3,33.7,-1.250,0.552
58.3,34.2,0.994,0.560
58.3,34.7,0.032,0.568
58.3,35.2,-0.866,0.576
58.3,35.7,1.314,0.584
58.3,36.2,0.353,0.592
58.3,36.7,-0.545,0.599
58.3,37.2,-1.507,0.607
58.3,37.7,0.673,0.615
58.3,38.2,-0.224,0.622
58.3,38.7,-1.186,0.630
58.3,39.2,0.994,0.638
58.3,39.7,0.096,0.646
58.3,40.2,-0.866,0.654
58.3,40.7,1.314,0.661
58.3,41.2,0.353,0.669
58.3,41.7,-0.545,0.677
58.3,42.2,-1.507,0.684
58.3,42.7,0.673,0.692
58.3,43.2,-0.224,0.699
58.3,43.7,-1.186,0.707
58.3,44.2,0.994,0.715
58.3,44.7,0.032,0.722
58.3,45.2,-0.866,0.730
58.3,45.7,1.314,0.738
58.3,46.2,0.353,0.745
58.3,46.7,-0.609,0.753
58.3,47.2,-1.571,0.760
58.3,47.7,0.673,0.768
58.3,48.2,-0.289,0.775
58.3,48.7,-1.250,0.783
58.3,49.2,0.930,0.790
58.3,49.7,0.032,0.797
58.3,50.3,-0.930,0.805
58.3,50.8,1.250,0.813
58.3,51.3,0.289,0.820
58.3,51.8,-0.673,0.827
58.3,52.3,1.507,0.835
58.3,52.8,0.609,0.842
58.3,53.3,-0.353,0.850
58.3,53.8,-1.314,0.857
58.3,54.3,0.866,0.864
58.3,54.8,-0.096,0.872
58.3,55.3,-1.058,0.879
58.3,55.8,1.122,0.886
58.3,56.3,0.160,0.893
58.3,56.8,-0.737,0.901
58.3,57.3,1.443,0.908
58.3,57.8,0.481,0.915
58.3,58.3,-0.481,0.923
58.3,58.8,-1.443,0.930
58.3,59.3,0.737,0.937
58.3,59.8,-0.224,0.944
58.3,60.3,-1.186,0.951
58.3,60.8,0.994,0.959
58.3,61.3,0.032,0.966
58.3,61.8,-0.930,0.973
58.3,62.3,1.250,0.980
58.3,62.8,0.289,0.987
58.3,63.3,-0.673,0.994
58.3,63.8,1.571,1.001
58.3,64.3,0.609,1.008
58.3,64.8,-0.353,1.015
58.3,65.3,-1.314,1.022
58.3,65.8,0.866,1.029
58.3,66.3,-0.096,1.036
58.3,66.8,-1.058,1.043
58.3,67.3,1.122,1.050
58.3,67.8,0.160,1.057
58.3,68.3,-0.801,1.063
58.3,68.8,1.314,1.070
58.3,69.3,0.353,1.077
58.3,69.8,-0.609,1.084
58.3,70.4,-1.571,1.091
58.3,70.9,0.609,1.098
58.3,71.4,-0.353,1.105
58.3,71.9,-1.314,1.112
58.3,72.4,0.866,1.119
58.3,72.9,-0.096,1.125
58.3,73.4,-1.058,1.132
58.3,73.9,1.122,1.139
58.3,74.4,0.160,1.145
58.3,74.9,-0.801,1.152
58.3,75.4,1.378,1.158
58.3,75.9,0.353,1.165
58.3,76.4,-0.609,1.172
58.3,76.9,-1.571,1.178
58.3,77.4,0.609,1.185
58.3,77.9,-0.353,1.192
58.3,78.4,-1.314,1.198
58.3,78.9,0.866,1.204
58.3,79.4,-0.160,1.211
58.3,79.9,-1.122,1.217
58.3,80.4,1.058,1.224
58.3,80.9,0.096,1.231
58.3,81.4,-0.866,1.237
58.3,81.9,1.314,1.243
58.3,82.4,0.289,1.249
58.3,82.9,-0.673,1.256
58.3,83.4,1.507,1.262
58.3,83.9,0.545,1.269
58.3,84.4,-0.417,1.275
58.3,84.9,-1.443,1.281
58.3,85.4,0.737,1.287
58.3,85.9,-0.224,1.294
58.3,86.4,-1.186,1.300
58.3,86.9,0.930,1.305
58.3,87.4,-0.032,1.312
58.3,87.9,-0.994,1.318
58.3,88.4,1.186,1.324
58.3,88.9,0.160,1.330
58.3,89.4,-0.801,1.337
58.3,89.9,1.378,1.343
58.3,90.5,0.417,1.348
58.3,91.0,-0.609,1.354
58.3,91.5,-1.571,1.361
58.3,92.0,0.609,1.366
58.3,92.5,-0.417,1.372
58.3,93.0,-1.378,1.378
58.3,93.5,0.801,1.384
58.3,94.0,-0.224,1.390
58.3,94.5,-1.186,1.396
58.3,95.0,0.994,1.402
58.3,95.5,-0.032,1.407
58.3,96.0,-0.994,1.413
58.3,96.5,1.186,1.419
58.3,97.0,0.160,1.424
58.3,97.5,-0.801,1.431
58.3,98.0,1.378,1.436
58.3,98.5,0.353,1.442
58.3,99.0,-0.609,1.448
58.3,99.5,1.571,1.452
58.3,100.0,0.545,1.459
58.8,0.0,-0.353,0.008
58.8,0.5,-1.250,0.017
58.8,1.0,0.930,0.025
58.8,1.5,0.032,0.033
58.8,2.0,-0.866,0.041
58.8,2.5,1.378,0.049
58.8,3.0,0.417,0.057
58.8,3.5,-0.481,0.065
58.8,4.0,-1.378,0.074
58.8,4.5,0.801,0.082
58.8,5.0,-0.096,0.090
58.8,5.5,-0.994,0.098
58.8,6.0,1.250,0.106
58.8,6.5,0.289,0.114
58.8,7.0,-0.609,0.122
58.8,7.5,-1.507,0.131
58.8,8.0,0.673,0.139
58.8,8.5,-0.224,0.147
58.8,9.0,-1.122,0.155
58.8,9.5,1.058,0.163
58.8,10.1,0.160,0.171
58.8,10.6,-0.737,0.179
58.8,11.1,1.443,0.187
58.8,11.6,0.545,0.196
58.8,12.1,-0.353,0.204
58.8,12.6,-1.314,0.212
58.8,13.1,0.930,0.220
58.8,13.6,-0.032,0.228
58.8,14.1,-0.930,0.236
58.8,14.6,1.314,0.244
58.8,15.1,0.353,0.252
58.8,15.6,-0.545,0.260
58.8,16.1,-1.507,0.268
58.8,16.6,0.737,0.277
58.8,17.1,-0.160,0.284
58.8,17.6,-1.122,0.293
58.8,18.1,1.122,0.301
58.8,18.6,0.160,0.309
58.8,19.1,-0.737,0.317
58.8,19.6,1.443,0.325
58.8,20.1,0.545,0.333
58.8,20.6,-0.417,0.341
58.8,21.1,-1.314,0.349
58.8,21.6,0.930,0.357
58.8,22.1,-0.032,0.365
58.8,22.6,-0.930,0.373
58.8,23.1,1.250,0.381
58.8,23.6,0.353,0.389
58.8,24.1,-0.609,0.397
58.8,24.6,-1.507,0.405
58.8,25.1,0.673,0.413
58.8,25.6,-0.224,0.421
58.8,26.1,-1.186,0.429
58.8,26.6,0.994,0.437
58.8,27.1,0.096,0.445
58.8,27.6,-0.866,0.453
58.8,28.1,1.378,0.461
58.8,28.6,0.417,0.469
58.8,29.1,-0.481,0.476
58.8,29.6,-1.443,0.484
58.8,30.2,0.801,0.492
58.8,30.7,-0.160,0.500
58.8,31.2,-1.122,0.508
58.8,31.7,1.122,0.516
58.8,32.2,0.160,0.524
58.8,32.7,-0.737,0.532
58.8,33.2,1.443,0.540
58.8,33.7,0.481,0.547
58.8,34.2,-0.417,0.555
58.8,34.7,-1.378,0.563
58.8,35.2,0.801,0.571
58.8,35.7,-0.096,0.579
58.8,36.2,-1.058,0.586
58.8,36.7,1.186,0.594
58.8,37.2,0.224,0.602
58.8,37.7,-0.737,0.610
58.8,38.2,1.507,0.617
58.8,38.7,0.545,0.625
58.8,39.2,-0.417,0.633
58.8,39.7,-1.314,0.640
58.8,40.2,0.866,0.648
58.8,40.7,-0.096,0.656
58.8,41.2,-1.058,0.664
58.8,41.7,1.186,0.671
58.8,42.2,0.224,0.679
58.8,42.7,-0.737,0.687
58.8,43.2,1.507,0.694
58.8,43.7,0.545,0.702
58.8,44.2,-0.417,0.710
58.8,44.7,-1.378,0.717
58.8,45.2,0.866,0.725
58.8,45.7,-0.096,0.732
58.8,46.2,-1.058,0.740
58.8,46.7,1.122,0.748
58.8,47.2,0.224,0.755
58.8,47.7,-0.737,0.763
58.8,48.2,1.443,0.770
58.8,48.7,0.481,0.778
58.8,49.2,-0.481,0.785
58.8,49.7,-1.378,0.792
58.8,50.3,0.801,0.800
58.8,50.8,-0.160,0.808
58.8,51.3,-1.122,0.815
58.8,51.8,1.058,0.822
58.8,52.3,0.096,0.830
58.8,52.8,-0.801,0.837
58.8,53.3,1.378,0.845
58.8,53.8,0.417,0.852
58.8,54.3,-0.545,0.860
58.8,54.8,-1.507,0.867
58.8,55.3,0.673,0.874
58.8,55.8,-0.289,0.881
58.8,56.3,-1.186,0.889
58.8,56.8,0.994,0.896
58.8,57.3,0.032,0.903
58.8,57.8,-0.930,0.911
58.8,58.3,1.250,0.918
58.8,58.8,0.289,0.925
58.8,59.3,-0.673,0.932
58.8,59.8,1.507,0.939
58.8,60.3,0.545,0.947
58.8,60.8,-0.417,0.954
58.8,61.3,-1.378,0.961
58.8,61.8,0.866,0.968
58.8,62.3,-0.096,0.975
58.8,62.8,-1.058,0.982
58.8,63.3,1.122,0.989
58.8,63.8,0.160,0.996
58.8,64.3,-0.801,1.003
58.8,64.8,1.378,1.011
58.8,65.3,0.417,1.018
58.8,65.8,-0.545,1.025
58.8,66.3,-1.507,1.032
58.8,66.8,0.673,1.038
58.8,67.3,-0.289,1.045
58.8,67.8,-1.250,1.052
58.8,68.3,0.930,1.059
58.8,68.8,-0.032,1.066
58.8,69.3,-0.994,1.073
58.8,69.8,1.186,1.080
58.8,70.4,0.224,1.087
58.8,70.9,-0.737,1.093
58.8,71.4,1.378,1.100
58.8,71.9,0.417,1.107
58.8,72.4,-0.545,1.114
58.8,72.9,-1.507,1.121
58.8,73.4,0.673,1.128
58.8,73.9,-0.289,1.134
58.8,74.4,-1.250,1.141
58.8,74.9,0.930,1.148
58.8,75.4,-0.032,1.154
58.8,75.9,-0.994,1.161
58.8,76.4,1.186,1.167
58.8,76.9,0.160,1.174
58.8,77.4,-0.801,1.180
58.8,77.9,1.378,1.187
58.8,78.4,0.417,1.194
58.8,78.9,-0.545,1.200
58.8,79.4,-1.507,1.207
58.8,79.9,0.673,1.213
58.8,80.4,-0.353,1.219
58.8,80.9,-1.314,1.226
58.8,81.4,0.866,1.233
58.8,81.9,-0.096,1.239
58.8,82.4,-1.058,1.245
58.8,82.9,1.122,1.251
58.8,83.4,0.096,1.258
58.8,83.9,-0.866,1.264
58.8,84.4,1.314,1.271
58.8,84.9,0.353,1.277
58.8,85.4,-0.609,1.283
58.8,85.9,1.507,1.289
58.8,86.4,0.545,1.296
58.8,86.9,-0.417,1.302
58.8,87.4,-1.378,1.308
58.8,87.9,0.737,1.314
58.8,88.4,-0.224,1.320
58.8,88.9,-1.186,1.326
58.8,89.4,0.994,1.332
58.8,89.9,-0.032,1.338
58.8,90.5,-0.994,1.345
58.8,91.0,1.186,1.350
58.8,91.5,0.160,1.356
58.8,92.0,-0.801,1.363
58.8,92.5,1.378,1.369
58.8,93.0,0.417,1.374
58.8,93.5,-0.609,1.380
58.8,94.0,1.571,1.386
58.8,94.5,0.609,1.392
58.8,95.0,-0.417,1.398
58.8,95.5,-1.378,1.404
58.8,96.0,0.801,1.409
58.8,96.5,-0.224,1.415
58.8,97.0,-1.186,1.421
58.8,97.5,0.930,1.426
58.8,98.0,-0.032,1.432
58.8,98.5,-0.994,1.438
58.8,99.0,1.122,1.443
58.8,99.5,0.160,1.449
58.8,100.0,-0.801,1.454
59.3,0.0,1.314,0.003
59.3,0.5,0.417,0.011
59.3,1.0,-0.481,0.019
59.3,1.5,-1.378,0.027
59.3,2.0,0.866,0.036
59.3,2.5,-0.096,0.044
59.3,3.0,-0.994,0.052
59.3,3.5,1.250,0.060
59.3,4.0,0.289,0.068
59.3,4.5,-0.609,0.076
59.3,5.0,-1.507,0.084
59.3,5.5,0.737,0.093
59.3,6.0,-0.224,0.101
59.3,6.5,-1.122,0.109
59.3,7.0,1.122,0.117
59.3,7.5,0.160,0.125
59.3,8.0,-0.737,0.133
59.3,8.5,1.507,0.141
59.3,9.0,0.545,0.149
59.3,9.5,-0.353,0.158
59.3,10.1,-1.250,0.166
59.3,10.6,0.930,0.174
59.3,11.1,0.032,0.182
59.3,11.6,-0.866,0.190
59.3,12.1,1.314,0.198
59.3,12.6,0.417,0.206
59.3,13.1,-0.481,0.214
59.3,13.6,-1.443,0.223
59.3,14.1,0.801,0.231
59.3,14.6,-0.160,0.239
59.3,15.1,-1.058,0.247
59.3,15.6,1.186,0.255
59.3,16.1,0.224,0.263
59.3,16.6,-0.673,0.271
59.3,17.1,1.507,0.279
59.3,17.6,0.609,0.287
59.3,18.1,-0.289,0.295
59.3,18.6,-1.250,0.303
59.3,19.1,0.994,0.311
59.3,19.6,0.032,0.319
59.3,20.1,-0.866,0.327
59.3,20.6,1.314,0.335
59.3,21.1,0.417,0.344
59.3,21.6,-0.545,0.351
59.3,22.1,-1.443,0.360
59.3,22.6,0.737,0.368
59.3,23.1,-0.160,0.376
59.3,23.6,-1.122,0.383
59.3,24.1,1.122,0.392
59.3,24.6,0.160,0.399
59.3,25.1,-0.737,0.408
59.3,25.6,1.443,0.415
59.3,26.1,0.545,0.424
59.3,26.6,-0.417,0.431
59.3,27.1,-1.314,0.439
59.3,27.6,0.866,0.447
59.3,28.1,-0.032,0.455
59.3,28.6,-0.994,0.463
59.3,29.1,1.250,0.471
59.3,29.6,0.289,0.479
59.3,30.2,-0.673,0.487
59.3,30.7,1.571,0.495
59.3,31.2,0.609,0.503
59.3,31.7,-0.289,0.511
59.3,32.2,-1.250,0.519
59.3,32.7,0.994,0.526
59.3,33.2,0.032,0.534
59.3,33.7,-0.930,0.542
59.3,34.2,1.314,0.550
59.3,34.7,0.353,0.558
59.3,35.2,-0.609,0.565
59.3,35.7,-1.507,0.573
59.3,36.2,0.673,0.581
59.3,36.7,-0.224,0.589
59.3,37.2,-1.186,0.597
59.3,37.7,0.994,0.605
59.3,38.2,0.096,0.612
59.3,38.7,-0.866,0.620
59.3,39.2,1.314,0.628
59.3,39.7,0.353,0.635
59.3,40.2,-0.545,0.643
59.3,40.7,-1.507,0.651
59.3,41.2,0.673,0.658
59.3,41.7,-0.224,0.666
59.3,42.2,-1.186,0.674
59.3,42.7,0.994,0.682
59.3,43.2,0.096,0.689
59.3,43.7,-0.866,0.697
59.3,44.2,1.314,0.705
59.3,44.7,0.353,0.712
59.3,45.2,-0.545,0.720
59.3,45.7,-1.507,0.727
59.3,46.2,0.673,0.735
59.3,46.7,-0.289,0.742
59.3,47.2,-1.186,0.750
59.3,47.7,0.994,0.758
59.3,48.2,0.032,0.765
59.3,48.7,-0.930,0.773
59.3,49.2,1.250,0.780
59.3,49.7,0.353,0.788
59.3,50.3,-0.609,0.795
59.3,50.8,-1.571,0.803
59.3,51.3,0.609,0.810
59.3,51.8,-0.353,0.817
59.3,52.3,-1.250,0.825
59.3,52.8,0.930,0.832
59.3,53.3,-0.032,0.840
59.3,53.8,-0.994,0.847
59.3,54.3,1.186,0.855
59.3,54.8,0.224,0.862
59.3,55.3,-0.737,0.869
59.3,55.8,1.507,0.876
59.3,56.3,0.545,0.884
59.3,56.8,-0.417,0.891
59.3,57.3,-1.378,0.899
59.3,57.8,0.801,0.906
59.3,58.3,-0.160,0.913
59.3,58.8,-1.122,0.920
59.3,59.3,1.058,0.927
59.3,59.8,0.096,0.934
59.3,60.3,-0.866,0.942
59.3,60.8,1.378,0.949
59.3,61.3,0.417,0.956
59.3,61.8,-0.545,0.963
59.3,62.3,-1.507,0.970
59.3,62.8,0.673,0.978
59.3,63.3,-0.289,0.985
59.3,63.8,-1.250,0.992
59.3,64.3,0.930,0.999
59.3,64.8,-0.032,1.006
59.3,65.3,-0.994,1.013
59.3,65.8,1.186,1.020
59.3,66.3,0.224,1.027
59.3,66.8,-0.737,1.034
59.3,67.3,1.443,1.041
59.3,67.8,0.481,1.048
59.3,68.3,-0.481,1.055
59.3,68.8,-1.443,1.062
59.3,69.3,0.737,1.069
59.3,69.8,-0.224,1.075
59.3,70.4,-1.186,1.082
59.3,70.9,0.994,1.089
59.3,71.4,0.032,1.096
59.3,71.9,-0.930,1.103
59.3,72.4,1.250,1.109
59.3,72.9,0.289,1.116
59.3,73.4,-0.737,1.123
59.3,73.9,1.443,1.130
59.3,74.4,0.481,1.136
59.3,74.9,-0.481,1.143
59.3,75.4,-1.443,1.150
59.3,75.9,0.737,1.157
59.3,76.4,-0.224,1.163
59.3,76.9,-1.186,1.170
59.3,77.4,0.994,1.176
59.3,77.9,-0.032,1.182
59.3,78.4,-0.994,1.189
59.3,78.9,1.186,1.196
59.3,79.4,0.224,1.203
59.3,79.9,-0.737,1.209
59.3,80.4,1.443,1.215
59.3,80.9,0.481,1.222
59.3,81.4,-0.545,1.228
59.3,81.9,-1.507,1.235
59.3,82.4,0.673,1.241
59.3,82.9,-0.289,1.248
59.3,83.4,-1.250,1.254
59.3,83.9,0.866,1.260
59.3,84.4,-0.096,1.266
59.3,84.9,-1.058,1.273
59.3,85.4,1.122,1.279
59.3,85.9,0.160,1.285
59.3,86.4,-0.866,1.291
59.3,86.9,1.314,1.298
59.3,87.4,0.353,1.304
59.3,87.9,-0.609,1.310
59.3,88.4,1.507,1.316
59.3,88.9,0.545,1.322
59.3,89.4,-0.417,1.329
59.3,89.9,-1.378,1.334
59.3,90.5,0.737,1.340
59.3,91.0,-0.224,1.347
59.3,91.5,-1.186,1.353
59.3,92.0,0.994,1.358
59.3,92.5,-0.032,1.365
59.3,93.0,-0.994,1.371
59.3,93.5,1.186,1.376
59.3,94.0,0.160,1.382
59.3,94.5,-0.801,1.388
59.3,95.0,1.378,1.394
59.3,95.5,0.353,1.400
59.3,96.0,-0.609,1.406
59.3,96.5,1.571,1.411
59.3,97.0,0.545,1.417
59.3,97.5,-0.417,1.423
59.3,98.0,-1.378,1.428
59.3,98.5,0.737,1.434
59.3,99.0,-0.224,1.440
59.3,99.5,-1.250,1.445
59.3,100.0,0.930,1.451
59.8,0.0,-0.096,0.003
59.8,0.5,-0.994,0.006
59.8,1.0,1.250,0.014
59.8,1.5,0.289,0.022
59.8,2.0,-0.609,0.030
59.8,2.5,-1.507,0.038
59.8,3.0,0.737,0.046
59.8,3.5,-0.224,0.055
59.8,4.0,-1.122,0.063
59.8,4.5,1.122,0.071
59.8,5.0,0.224,0.079
59.8,5.5,-0.737,0.087
59.8,6.0,1.507,0.095
59.8,6.5,0.609,0.103
59.8,7.0,-0.353,0.111
59.8,7.5,-1.250,0.120
59.8,8.0,0.994,0.128
59.8,8.5,0.096,0.136
59.8,9.0,-0.866,0.144
59.8,9.5,1.378,0.152
59.8,10.1,0.481,0.160
59.8,10.6,-0.481,0.168
59.8,11.1,-1.378,0.177
59.8,11.6,0.801,0.185
59.8,12.1,-0.096,0.193
59.8,12.6,-0.994,0.201
59.8,13.1,1.186,0.209
59.8,13.6,0.289,0.217
59.8,14.1,-0.609,0.225
59.8,14.6,-1.571,0.233
59.8,15.1,0.673,0.241
59.8,15.6,-0.289,0.249
59.8,16.1,-1.186,0.258
59.8,16.6,1.058,0.266
59.8,17.1,0.096,0.274
59.8,17.6,-0.801,0.282
59.8,18.1,1.378,0.290
59.8,18.6,0.481,0.298
59.8,19.1,-0.417,0.306
59.8,19.6,-1.378,0.314
59.8,20.1,0.866,0.322
59.8,20.6,-0.096,0.330
59.8,21.1,-0.994,0.338
59.8,21.6,1.186,0.346
59.8,22.1,0.289,0.354
59.8,22.6,-0.673,0.362
59.8,23.1,1.571,0.370
59.8,23.6,0.609,0.378
59.8,24.1,-0.289,0.386
59.8,24.6,-1.250,0.394
59.8,25.1,0.994,0.402
59.8,25.6,0.032,0.410
59.8,26.1,-0.866,0.418
59.8,26.6,1.314,0.426
59.8,27.1,0.417,0.434
59.8,27.6,-0.545,0.442
59.8,28.1,-1.443,0.450
59.8,28.6,0.737,0.458
59.8,29.1,-0.224,0.466
59.8,29.6,-1.122,0.474
59.8,30.2,1.058,0.482
59.8,30.7,0.160,0.490
59.8,31.2,-0.801,0.498
59.8,31.7,1.443,0.505
59.8,32.2,0.481,0.513
59.8,32.7,-0.481,0.521
59.8,33.2,-1.378,0.529
59.8,33.7,0.801,0.537
59.8,34.2,-0.096,0.545
59.8,34.7,-1.058,0.553
59.8,35.2,1.122,0.560
59.8,35.7,0.224,0.568
59.8,36.2,-0.737,0.576
59.8,36.7,1.443,0.584
59.8,37.2,0.545,0.592
59.8,37.7,-0.417,0.599
59.8,38.2,-1.378,0.607
59.8,38.7,0.866,0.615
59.8,39.2,-0.096,0.623
59.8,39.7,-1.058,0.630
59.8,40.2,1.186,0.638
59.8,40.7,0.224,0.646
59.8,41.2,-0.737,0.653
59.8,41.7,1.507,0.661
59.8,42.2,0.545,0.669
59.8,42.7,-0.417,0.677
59.8,43.2,-1.314,0.684
59.8,43.7,0.866,0.692
59.8,44.2,-0.096,0.700
59.8,44.7,-1.058,0.707
59.8,45.2,1.186,0.715
59.8,45.7,0.224,0.722
59.8,46.2,-0.737,0.730
59.8,46.7,1.443,0.737
59.8,47.2,0.545,0.745
59.8,47.7,-0.417,0.753
59.8,48.2,-1.378,0.760
59.8,48.7,0.801,0.768
59.8,49.2,-0.160,0.775
59.8,49.7,-1.058,0.783
59.8,50.3,1.122,0.790
59.8,50.8,0.160,0.798
59.8,51.3,-0.801,0.805
59.8,51.8,1.378,0.812
59.8,52.3,0.481,0.820
59.8,52.8,-0.481,0.827
59.8,53.3,-1.443,0.835
59.8,53.8,0.737,0.842
59.8,54.3,-0.224,0.850
59.8,54.8,-1.186,0.857
59.8,55.3,1.058,0.864
59.8,55.8,0.096,0.872
59.8,56.3,-0.866,0.879
59.8,56.8,1.314,0.886
59.8,57.3,0.353,0.894
59.8,57.8,-0.609,0.901
59.8,58.3,-1.571,0.908
59.8,58.8,0.609,0.915
59.8,59.3,-0.353,0.922
59.8,59.8,-1.250,0.930
59.8,60.3,0.930,0.937
59.8,60.8,-0.032,0.944
59.8,61.3,-0.994,0.951
59.8,61.8,1.186,0.959
59.8,62.3,0.224,0.966
59.8,62.8,-0.737,0.973
59.8,63.3,1.443,0.980
59.8,63.8,0.481,0.987
59.8,64.3,-0.481,0.994
59.8,64.8,-1.443,1.001
59.8,65.3,0.737,1.008
59.8,65.8,-0.224,1.015
59.8,66.3,-1.186,1.022
59.8,66.8,0.994,1.029
59.8,67.3,0.032,1.036
59.8,67.8,-0.930,1.043
59.8,68.3,1.250,1.050
59.8,68.8,0.289,1.057
59.8,69.3,-0.673,1.064
59.8,69.8,1.507,1.071
59.8,70.4,0.545,1.078
59.8,70.9,-0.417,1.085
59.8,71.4,-1.378,1.091
59.8,71.9,0.801,1.098
59.8,72.4,-0.160,1.105
59.8,72.9,-1.122,1.112
59.8,73.4,1.058,1.118
59.8,73.9,0.096,1.125
59.8,74.4,-0.866,1.132
59.8,74.9,1.250,1.138
59.8,75.4,0.289,1.145
59.8,75.9,-0.673,1.152
59.8,76.4,1.507,1.159
59.8,76.9,0.545,1.165
59.8,77.4,-0.417,1.172
59.8,77.9,-1.378,1.179
59.8,78.4,0.801,1.185
59.8,78.9,-0.224,1.191
59.8,79.4,-1.186,1.198
59.8,79.9,0.994,1.205
59.8,80.4,0.032,1.211
59.8,80.9,-0.930,1.218
59.8,81.4,1.250,1.224
59.8,81.9,0.289,1.230
59.8,82.4,-0.737,1.237
59.8,82.9,1.443,1.243
59.8,83.4,0.481,1.250
59.8,83.9,-0.481,1.256
59.8,84.4,-1.443,1.262
59.8,84.9,0.673,1.268
59.8,85.4,-0.289,1.275
59.8,85.9,-1.250,1.281
59.8,86.4,0.930,1.287
59.8,86.9,-0.032,1.293
59.8,87.4,-1.058,1.300
59.8,87.9,1.122,1.306
59.8,88.4,0.160,1.312
59.8,88.9,-0.801,1.318
59.8,89.4,1.314,1.324
59.8,89.9,0.353,1.331
59.8,90.5,-0.609,1.337
59.8,91.0,1.507,1.342
59.8,91.5,0.545,1.349
59.8,92.0,-0.417,1.355
59.8,92.5,-1.378,1.360
59.8,93.0,0.737,1.366
59.8,93.5,-0.224,1.373
59.8,94.0,-1.186,1.378
59.8,94.5,0.930,1.384
59.8,95.0,-0.032,1.390
59.8,95.5,-0.994,1.396
59.8,96.0,1.122,1.402
59.8,96.5,0.160,1.408
59.8,97.0,-0.801,1.413
59.8,97.5,1.314,1.419
59.8,98.0,0.353,1.425
59.8,98.5,-0.609,1.430
59.8,99.0,1.507,1.436
59.8,99.5,0.545,1.442
59.8,100.0,-0.481,1.447
60.3,0.0,-1.507,0.008
60.3,0.5,0.737,0.000
60.3,1.0,-0.224,0.008
60.3,1.5,-1.122,0.016
60.3,2.0,1.122,0.025
60.3,2.5,0.224,0.033
60.3,3.0,-0.737,0.041
60.3,3.5,1.507,0.049
60.3,4.0,0.609,0.057
60.3,4.5,-0.289,0.065
60.3,5.0,-1.250,0.073
60.3,5.5,0.994,0.082
60.3,6.0,0.096,0.090
60.3,6.5,-0.866,0.098
60.3,7.0,1.378,0.106
60.3,7.5,0.481,0.114
60.3,8.0,-0.417,0.122
60.3,8.5,-1.378,0.130
60.3,9.0,0.866,0.139
60.3,9.5,-0.032,0.147
60.3,10.1,-0.994,0.155
60.3,10.6,1.250,0.163
60.3,11.1,0.353,0.171
60.3,11.6,-0.609,0.179
60.3,12.1,-1.507,0.187
60.3,12.6,0.737,0.195
60.3,13.1,-0.224,0.204
60.3,13.6,-1.122,0.212
60.3,14.1,1.058,0.220
60.3,14.6,0.160,0.228
60.3,15.1,-0.737,0.236
60.3,15.6,1.443,0.244
60.3,16.1,0.545,0.252
60.3,16.6,-0.417,0.260
60.3,17.1,-1.314,0.268
60.3,17.6,0.930,0.276
60.3,18.1,-0.032,0.284
60.3,18.6,-0.930,0.293
60.3,19.1,1.250,0.301
60.3,19.6,0.353,0.309
60.3,20.1,-0.609,0.317
60.3,20.6,-1.507,0.325
60.3,21.1,0.737,0.333
60.3,21.6,-0.224,0.341
60.3,22.1,-1.122,0.349
60.3,22.6,1.058,0.357
60.3,23.1,0.160,0.365
60.3,23.6,-0.801,0.373
60.3,24.1,1.443,0.381
60.3,24.6,0.481,0.389
60.3,25.1,-0.417,0.397
60.3,25.6,-1.378,0.405
60.3,26.1,0.866,0.413
60.3,26.6,-0.096,0.421
60.3,27.1,-0.994,0.429
60.3,27.6,1.186,0.437
60.3,28.1,0.224,0.445
60.3,28.6,-0.673,0.453
60.3,29.1,1.507,0.460
60.3,29.6,0.609,0.469
60.3,30.2,-0.353,0.476
60.3,30.7,-1.250,0.484
60.3,31.2,0.930,0.492
60.3,31.7,0.032,0.500
60.3,32.2,-0.930,0.508
60.3,32.7,1.250,0.516
60.3,33.2,0.353,0.524
60.3,33.7,-0.609,0.532
60.3,34.2,-1.507,0.539
60.3,34.7,0.673,0.547
60.3,35.2,-0.289,0.555
60.3,35.7,-1.186,0.563
60.3,36.2,0.994,0.571
60.3,36.7,0.032,0.578
60.3,37.2,-0.866,0.586
60.3,37.7,1.314,0.594
60.3,38.2,0.353,0.602
60.3,38.7,-0.545,0.610
60.3,39.2,-1.507,0.618
60.3,39.7,0.673,0.625
60.3,40.2,-0.224,0.633
60.3,40.7,-1.186,0.641
60.3,41.2,0.994,0.648
60.3,41.7,0.096,0.656
60.3,42.2,-0.866,0.664
60.3,42.7,1.314,0.671
60.3,43.2,0.417,0.679
60.3,43.7,-0.545,0.687
60.3,44.2,-1.507,0.694
60.3,44.7,0.673,0.702
60.3,45.2,-0.224,0.710
60.3,45.7,-1.186,0.717
60.3,46.2,0.994,0.725
60.3,46.7,0.032,0.732
60.3,47.2,-0.866,0.740
60.3,47.7,1.314,0.748
60.3,48.2,0.353,0.755
60.3,48.7,-0.609,0.763
60.3,49.2,-1.507,0.770
60.3,49.7,0.673,0.778
60.3,50.3,-0.289,0.785
60.3,50.8,-1.250,0.793
60.3,51.3,0.930,0.800
60.3,51.8,-0.032,0.807
60.3,52.3,-0.930,0.815
60.3,52.8,1.250,0.823
60.3,53.3,0.289,0.830
60.3,53.8,-0.673,0.837
60.3,54.3,1.507,0.845
60.3,54.8,0.545,0.852
60.3,55.3,-0.353,0.859
60.3,55.8,-1.314,0.867
60.3,56.3,0.866,0.874
60.3,56.8,-0.096,0.882
60.3,57.3,-1.058,0.889
60.3,57.8,1.122,0.896
60.3,58.3,0.160,0.903
60.3,58.8,-0.801,0.910
60.3,59.3,1.443,0.918
60.3,59.8,0.481,0.925
60.3,60.3,-0.481,0.932
60.3,60.8,-1.443,0.940
60.3,61.3,0.737,0.947
60.3,61.8,-0.224,0.954
60.3,62.3,-1.186,0.961
60.3,62.8,0.994,0.968
60.3,63.3,0.032,0.975
60.3,63.8,-0.930,0.982
60.3,64.3,1.250,0.989
60.3,64.8,0.289,0.997
60.3,65.3,-0.673,1.004
60.3,65.8,1.507,1.011
60.3,66.3,0.545,1.018
60.3,66.8,-0.417,1.025
60.3,67.3,-1.378,1.032
60.3,67.8,0.801,1.038
60.3,68.3,-0.160,1.045
60.3,68.8,-1.122,1.052
60.3,69.3,1.058,1.059
60.3,69.8,0.096,1.066
60.3,70.4,-0.866,1.073
60.3,70.9,1.314,1.080
60.3,71.4,0.353,1.087
60.3,71.9,-0.609,1.094
60.3,72.4,-1.571,1.101
60.3,72.9,0.609,1.107
60.3,73.4,-0.353,1.114
60.3,73.9,-1.314,1.121
60.3,74.4,0.866,1.128
60.3,74.9,-0.096,1.134
60.3,75.4,-1.058,1.141
60.3,75.9,1.058,1.147
60.3,76.4,0.096,1.154
60.3,76.9,-0.866,1.161
60.3,77.4,1.314,1.168
60.3,77.9,0.353,1.174
60.3,78.4,-0.609,1.181
60.3,78.9,1.571,1.187
60.3,79.4,0.609,1.194
60.3,79.9,-0.417,1.200
60.3,80.4,-1.378,1.207
60.3,80.9,0.801,1.213
60.3,81.4,-0.160,1.220
60.3,81.9,-1.122,1.226
60.3,82.4,1.058,1.233
60.3,82.9,0.096,1.239
60.3,83.4,-0.930,1.245
60.3,83.9,1.250,1.252
60.3,84.4,0.289,1.258
60.3,84.9,-0.673,1.264
60.3,85.4,1.507,1.270
60.3,85.9,0.481,1.277
60.3,86.4,-0.481,1.283
60.3,86.9,-1.443,1.290
60.3,87.4,0.737,1.296
60.3,87.9,-0.289,1.302
60.3,88.4,-1.250,1.308
60.3,88.9,0.930,1.314
60.3,89.4,-0.032,1.320
60.3,89.9,-1.058,1.326
60.3,90.5,1.122,1.333
60.3,91.0,0.160,1.339
60.3,91.5,-0.801,1.344
60.3,92.0,1.314,1.351
60.3,92.5,0.353,1.357
60.3,93.0,-0.609,1.363
60.3,93.5,1.507,1.368
60.3,94.0,0.545,1.375
60.3,94.5,-0.417,1.380
60.3,95.0,-1.443,1.386
60.3,95.5,0.737,1.392
60.3,96.0,-0.224,1.398
60.3,96.5,-1.250,1.403
60.3,97.0,0.930,1.410
60.3,97.5,-0.032,1.415
60.3,98.0,-1.058,1.421
60.3,98.5,1.122,1.427
60.3,99.0,0.160,1.432
60.3,99.5,-0.866,1.438
60.3,100.0,1.314,1.444
60.8,0.0,0.160,0.013
60.8,0.5,-0.737,0.005
60.8,1.0,1.507,0.003
60.8,1.5,0.609,0.011
60.8,2.0,-0.289,0.019
60.8,2.5,-1.250,0.027
60.8,3.0,0.994,0.035
60.8,3.5,0.096,0.044
60.8,4.0,-0.801,0.052
60.8,4.5,1.378,0.060
60.8,5.0,0.481,0.068
60.8,5.5,-0.417,0.076
60.8,6.0,-1.378,0.084
60.8,6.5,0.866,0.092
60.8,7.0,-0.032,0.101
60.8,7.5,-0.930,0.109
60.8,8.0,1.250,0.117
60.8,8.5,0.353,0.125
60.8,9.0,-0.545,0.133
60.8,9.5,-1.507,0.141
60.8,10.1,0.737,0.149
60.8,10.6,-0.160,0.158
60.8,11.1,-1.122,0.166
60.8,11.6,1.122,0.174
60.8,12.1,0.224,0.182
60.8,12.6,-0.737,0.190
60.8,13.1,1.507,0.198
60.8,13.6,0.609,0.206
60.8,14.1,-0.353,0.214
60.8,14.6,-1.250,0.222
60.8,15.1,0.930,0.231
60.8,15.6,0.032,0.239
60.8,16.1,-0.866,0.247
60.8,16.6,1.314,0.255
60.8,17.1,0.417,0.263
60.8,17.6,-0.545,0.271
60.8,18.1,-1.443,0.279
60.8,18.6,0.801,0.287
60.8,19.1,-0.160,0.295
60.8,19.6,-1.058,0.303
60.8,20.1,1.122,0.311
60.8,20.6,0.224,0.319
60.8,21.1,-0.737,0.327
60.8,21.6,1.507,0.335
60.8,22.1,0.545,0.343
60.8,22.6,-0.353,0.352
60.8,23.1,-1.314,0.359
60.8,23.6,0.930,0.368
60.8,24.1,-0.032,0.375
60.8,24.6,-0.930,0.384
60.8,25.1,1.250,0.391
60.8,25.6,0.353,0.400
60.8,26.1,-0.609,0.407
60.8,26.6,-1.507,0.416
60.8,27.1,0.673,0.423
60.8,27.6,-0.224,0.431
60.8,28.1,-1.186,0.439
60.8,28.6,1.058,0.447
60.8,29.1,0.096,0.455
60.8,29.6,-0.801,0.463
60.8,30.2,1.378,0.471
60.8,30.7,0.481,0.479
60.8,31.2,-0.481,0.487
60.8,31.7,-1.443,0.495
60.8,32.2,0.801,0.503
60.8,32.7,-0.160,0.511
60.8,33.2,-1.058,0.518
60.8,33.7,1.122,0.526
60.8,34.2,0.160,0.534
60.8,34.7,-0.737,0.542
60.8,35.2,1.443,0.550
60.8,35.7,0.545,0.558
60.8,36.2,-0.417,0.566
60.8,36.7,-1.378,0.573
60.8,37.2,0.866,0.581
60.8,37.7,-0.096,0.589
60.8,38.2,-1.058,0.597
60.8,38.7,1.186,0.605
60.8,39.2,0.224,0.612
60.8,39.7,-0.737,0.620
60.8,40.2,1.507,0.628
60.8,40.7,0.545,0.636
60.8,41.2,-0.417,0.643
60.8,41.7,-1.314,0.651
60.8,42.2,0.866,0.659
60.8,42.7,-0.096,0.666
60.8,43.2,-0.994,0.674
60.8,43.7,1.186,0.682
60.8,44.2,0.224,0.689
60.8,44.7,-0.737,0.697
60.8,45.2,1.507,0.705
60.8,45.7,0.545,0.712
60.8,46.2,-0.417,0.720
60.8,46.7,-1.378,0.727
60.8,47.2,0.866,0.735
60.8,47.7,-0.096,0.743
60.8,48.2,-1.058,0.750
60.8,48.7,1.122,0.758
60.8,49.2,0.224,0.765
60.8,49.7,-0.737,0.773
60.8,50.3,1.443,0.780
60.8,50.8,0.481,0.788
60.8,51.3,-0.481,0.795
60.8,51.8,-1.378,0.802
60.8,52.3,0.801,0.810
60.8,52.8,-0.160,0.818
60.8,53.3,-1.122,0.825
60.8,53.8,1.058,0.832
60.8,54.3,0.096,0.840
60.8,54.8,-0.801,0.847
60.8,55.3,1.378,0.855
60.8,55.8,0.417,0.862
60.8,56.3,-0.545,0.869
60.8,56.8,-1.507,0.877
60.8,57.3,0.673,0.884
60.8,57.8,-0.289,0.891
60.8,58.3,-1.250,0.898
60.8,58.8,0.994,0.906
60.8,59.3,0.032,0.913
60.8,59.8,-0.930,0.920
60.8,60.3,1.250,0.928
60.8,60.8,0.289,0.935
60.8,61.3,-0.673,0.942
60.8,61.8,1.507,0.949
60.8,62.3,0.545,0.956
60.8,62.8,-0.417,0.963
60.8,63.3,-1.378,0.970
60.8,63.8,0.801,0.978
60.8,64.3,-0.160,0.985
60.8,64.8,-1.122,0.992
60.8,65.3,1.058,0.999
60.8,65.8,0.096,1.006
60.8,66.3,-0.866,1.013
60.8,66.8,1.314,1.020
60.8,67.3,0.417,1.027
60.8,67.8,-0.545,1.034
60.8,68.3,-1.507,1.041
60.8,68.8,0.609,1.047
60.8,69.3,-0.353,1.054
60.8,69.8,-1.314,1.061
60.8,70.4,0.866,1.068
60.8,70.9,-0.096,1.075
60.8,71.4,-1.058,1.082
60.8,71.9,1.122,1.089
60.8,72.4,0.160,1.096
60.8,72.9,-0.801,1.103
60.8,73.4,1.378,1.110
60.8,73.9,0.417,1.116
60.8,74.4,-0.545,1.123
60.8,74.9,-1.507,1.130
60.8,75.4,0.673,1.137
60.8,75.9,-0.289,1.143
60.8,76.4,-1.250,1.150
60.8,76.9,0.930,1.156
60.8,77.4,-0.096,1.163
60.8,77.9,-1.058,1.170
60.8,78.4,1.122,1.176
60.8,78.9,0.160,1.183
60.8,79.4,-0.801,1.190
60.8,79.9,1.378,1.196
60.8,80.4,0.417,1.202
60.8,80.9,-0.609,1.209
60.8,81.4,-1.571,1.215
60.8,81.9,0.609,1.222
60.8,82.4,-0.353,1.229
60.8,82.9,-1.314,1.235
60.8,83.4,0.866,1.241
60.8,83.9,-0.160,1.247
60.8,84.4,-1.122,1.254
60.8,84.9,1.058,1.260
60.8,85.4,0.096,1.267
60.8,85.9,-0.866,1.273
60.8,86.4,1.250,1.279
60.8,86.9,0.289,1.285
60.8,87.4,-0.673,1.292
60.8,87.9,1.507,1.298
60.8,88.4,0.481,1.304
60.8,88.9,-0.481,1.310
60.8,89.4,-1.443,1.316
60.8,89.9,0.737,1.322
60.8,90.5,-0.289,1.328
60.8,91.0,-1.250,1.335
60.8,91.5,0.930,1.341
60.8,92.0,-0.032,1.347
60.8,92.5,-1.058,1.353
60.8,93.0,1.122,1.359
60.8,93.5,0.160,1.365
60.8,94.0,-0.866,1.370
60.8,94.5,1.314,1.377
60.8,95.0,0.353,1.382
60.8,95.5,-0.609,1.388
60.8,96.0,1.507,1.394
60.8,96.5,0.545,1.400
60.8,97.0,-0.417,1.405
60.8,97.5,-1.443,1.412
60.8,98.0,0.737,1.417
60.8,98.5,-0.289,1.423
60.8,99.0,-1.250,1.429
60.8,99.5,0.930,1.434
60.8,100.0,-0.096,1.440
61.3,0.0,-1.250,0.019
61.3,0.5,0.994,0.011
61.3,1.0,0.096,0.003
61.3,1.5,-0.866,0.005
61.3,2.0,1.378,0.014
61.3,2.5,0.481,0.022
61.3,3.0,-0.417,0.030
61.3,3.5,-1.378,0.038
61.3,4.0,0.866,0.046
61.3,4.5,-0.032,0.054
61.3,5.0,-0.930,0.063
61.3,5.5,1.250,0.071
61.3,6.0,0.353,0.079
61.3,6.5,-0.545,0.087
61.3,7.0,-1.443,0.095
61.3,7.5,0.737,0.103
61.3,8.0,-0.160,0.111
61.3,8.5,-1.058,0.120
61.3,9.0,1.122,0.128
61.3,9.5,0.224,0.136
61.3,10.1,-0.673,0.144
61.3,10.6,1.507,0.152
61.3,11.1,0.609,0.160
61.3,11.6,-0.289,0.168
61.3,12.1,-1.250,0.176
61.3,12.6,0.994,0.185
61.3,13.1,0.096,0.193
61.3,13.6,-0.866,0.201
61.3,14.1,1.378,0.209
61.3,14.6,0.481,0.217
61.3,15.1,-0.481,0.225
61.3,15.6,-1.378,0.233
61.3,16.1,0.801,0.241
61.3,16.6,-0.096,0.249
61.3,17.1,-0.994,0.257
61.3,17.6,1.186,0.266
61.3,18.1,0.289,0.274
61.3,18.6,-0.673,0.282
61.3,19.1,1.571,0.290
61.3,19.6,0.673,0.298
61.3,20.1,-0.289,0.306
61.3,20.6,-1.186,0.314
61.3,21.1,0.994,0.322
61.3,21.6,0.096,0.330
61.3,22.1,-0.866,0.338
61.3,22.6,1.378,0.346
61.3,23.1,0.417,0.354
61.3,23.6,-0.481,0.362
61.3,24.1,-1.443,0.370
61.3,24.6,0.801,0.378
61.3,25.1,-0.160,0.386
61.3,25.6,-1.058,0.394
61.3,26.1,1.122,0.402
61.3,26.6,0.224,0.410
61.3,27.1,-0.737,0.418
61.3,27.6,1.507,0.426
61.3,28.1,0.545,0.434
61.3,28.6,-0.353,0.442
61.3,29.1,-1.314,0.450
61.3,29.6,0.930,0.458
61.3,30.2,-0.032,0.466
61.3,30.7,-0.994,0.474
61.3,31.2,1.250,0.482
61.3,31.7,0.289,0.490
61.3,32.2,-0.609,0.497
61.3,32.7,-1.571,0.505
61.3,33.2,0.673,0.513
61.3,33.7,-0.289,0.521
61.3,34.2,-1.250,0.529
61.3,34.7,0.994,0.537
61.3,35.2,0.032,0.545
61.3,35.7,-0.866,0.552
61.3,36.2,1.314,0.560
61.3,36.7,0.353,0.568
61.3,37.2,-0.545,0.576
61.3,37.7,-1.507,0.584
61.3,38.2,0.673,0.591
61.3,38.7,-0.224,0.599
61.3,39.2,-1.186,0.607
61.3,39.7,0.994,0.615
61.3,40.2,0.096,0.623
61.3,40.7,-0.866,0.630
61.3,41.2,1.314,0.638
61.3,41.7,0.417,0.646
61.3,42.2,-0.545,0.654
61.3,42.7,-1.507,0.661
61.3,43.2,0.737,0.669
61.3,43.7,-0.224,0.677
61.3,44.2,-1.186,0.684
61.3,44.7,0.994,0.692
61.3,45.2,0.096,0.699
61.3,45.7,-0.866,0.707
61.3,46.2,1.314,0.715
61.3,46.7,0.353,0.722
61.3,47.2,-0.545,0.730
61.3,47.7,-1.507,0.738
61.3,48.2,0.673,0.745
61.3,48.7,-0.289,0.753
61.3,49.2,-1.186,0.760
61.3,49.7,0.994,0.768
61.3,50.3,0.032,0.775
61.3,50.8,-0.930,0.783
61.3,51.3,1.250,0.790
61.3,51.8,0.353,0.798
61.3,52.3,-0.609,0.805
61.3,52.8,1.571,0.813
61.3,53.3,0.609,0.820
61.3,53.8,-0.353,0.827
61.3,54.3,-1.314,0.835
61.3,54.8,0.930,0.842
61.3,55.3,-0.032,0.850
61.3,55.8,-0.994,0.857
61.3,56.3,1.186,0.864
61.3,56.8,0.224,0.872
61.3,57.3,-0.737,0.879
61.3,57.8,1.443,0.886
61.3,58.3,0.545,0.893
61.3,58.8,-0.417,0.901
61.3,59.3,-1.378,0.908
61.3,59.8,0.801,0.916
61.3,60.3,-0.160,0.923
61.3,60.8,-1.122,0.930
61.3,61.3,1.058,0.937
61.3,61.8,0.096,0.944
61.3,62.3,-0.866,0.951
61.3,62.8,1.314,0.958
61.3,63.3,0.353,0.966
61.3,63.8,-0.609,0.973
61.3,64.3,-1.507,0.980
61.3,64.8,0.673,0.987
61.3,65.3,-0.289,0.994
61.3,65.8,-1.250,1.001
61.3,66.3,0.930,1.008
61.3,66.8,-0.032,1.015
61.3,67.3,-0.994,1.022
61.3,67.8,1.186,1.029
61.3,68.3,0.224,1.036
61.3,68.8,-0.737,1.043
61.3,69.3,1.443,1.050
61.3,69.8,0.481,1.057
61.3,70.4,-0.481,1.064
61.3,70.9,-1.443,1.071
61.3,71.4,0.737,1.077
61.3,71.9,-0.224,1.084
61.3,72.4,-1.250,1.091
61.3,72.9,0.930,1.098
61.3,73.4,-0.032,1.105
61.3,73.9,-0.994,1.112
61.3,74.4,1.186,1.119
61.3,74.9,0.224,1.125
61.3,75.4,-0.737,1.132
61.3,75.9,1.443,1.139
61.3,76.4,0.481,1.146
61.3,76.9,-0.481,1.152
61.3,77.4,-1.443,1.159
61.3,77.9,0.737,1.165
61.3,78.4,-0.289,1.172
61.3,78.9,-1.250,1.179
61.3,79.4,0.930,1.185
61.3,79.9,-0.032,1.192
61.3,80.4,-0.994,1.198
61.3,80.9,1.186,1.205
61.3,81.4,0.224,1.211
61.3,81.9,-0.801,1.217
61.3,82.4,1.378,1.224
61.3,82.9,0.417,1.231
61.3,83.4,-0.545,1.237
61.3,83.9,-1.507,1.243
61.3,84.4,0.673,1.249
61.3,84.9,-0.353,1.256
61.3,85.4,-1.314,1.263
61.3,85.9,0.866,1.269
61.3,86.4,-0.096,1.275
61.3,86.9,-1.058,1.281
61.3,87.4,1.058,1.287
61.3,87.9,0.096,1.294
61.3,88.4,-0.866,1.300
61.3,88.9,1.314,1.306
61.3,89.4,0.289,1.312
61.3,89.9,-0.673,1.319
61.3,90.5,1.507,1.325
61.3,91.0,0.545,1.330
61.3,91.5,-0.481,1.337
61.3,92.0,-1.443,1.343
61.3,92.5,0.737,1.349
61.3,93.0,-0.289,1.354
61.3,93.5,-1.250,1.361
61.3,94.0,0.930,1.367
61.3,94.5,-0.032,1.372
61.3,95.0,-1.058,1.379
61.3,95.5,1.122,1.385
61.3,96.0,0.160,1.390
61.3,96.5,-0.866,1.396
61.3,97.0,1.314,1.402
61.3,97.5,0.353,1.407
61.3,98.0,-0.673,1.414
61.3,98.5,1.507,1.419
61.3,99.0,0.545,1.424
61.3,99.5,-0.481,1.431
61.3,100.0,-1.443,1.436
61.8,0.0,0.481,0.024
61.8,0.5,-0.417,0.016
61.8,1.0,-1.378,0.008
61.8,1.5,0.866,0.000
61.8,2.0,-0.032,0.008
61.8,2.5,-0.930,0.016
61.8,3.0,1.250,0.024
61.8,3.5,0.353,0.033
61.8,4.0,-0.545,0.041
61.8,4.5,-1.443,0.049
61.8,5.0,0.737,0.057
61.8,5.5,-0.160,0.065
61.8,6.0,-1.058,0.073
61.8,6.5,1.186,0.082
61.8,7.0,0.224,0.090
61.8,7.5,-0.673,0.098
61.8,8.0,1.571,0.106
61.8,8.5,0.609,0.114
61.8,9.0,-0.289,0.122
61.8,9.5,-1.186,0.130
61.8,10.1,0.994,0.138
61.8,10.6,0.096,0.147
61.8,11.1,-0.801,0.155
61.8,11.6,1.378,0.163
61.8,12.1,0.481,0.171
61.8,12.6,-0.417,0.179
61.8,13.1,-1.378,0.187
61.8,13.6,0.866,0.195
61.8,14.1,-0.032,0.203
61.8,14.6,-0.994,0.212
61.8,15.1,1.250,0.220
61.8,15.6,0.353,0.228
61.8,16.1,-0.609,0.236
61.8,16.6,-1.507,0.244
61.8,17.1,0.673,0.252
61.8,17.6,-0.224,0.260
61.8,18.1,-1.122,0.268
61.8,18.6,1.058,0.276
61.8,19.1,0.160,0.284
61.8,19.6,-0.801,0.292
61.8,20.1,1.443,0.301
61.8,20.6,0.481,0.309
61.8,21.1,-0.417,0.317
61.8,21.6,-1.314,0.325
61.8,22.1,0.866,0.333
61.8,22.6,-0.032,0.341
61.8,23.1,-0.994,0.349
61.8,23.6,1.250,0.357
61.8,24.1,0.289,0.365
61.8,24.6,-0.609,0.373
61.8,25.1,-1.571,0.381
61.8,25.6,0.673,0.389
61.8,26.1,-0.289,0.397
61.8,26.6,-1.186,0.405
61.8,27.1,0.994,0.413
61.8,27.6,0.096,0.421
61.8,28.1,-0.866,0.429
61.8,28.6,1.378,0.437
61.8,29.1,0.417,0.445
61.8,29.6,-0.545,0.452
61.8,30.2,-1.443,0.461
61.8,30.7,0.737,0.468
61.8,31.2,-0.160,0.476
61.8,31.7,-1.122,0.484
61.8,32.2,1.122,0.492
61.8,32.7,0.160,0.500
61.8,33.2,-0.737,0.508
61.8,33.7,1.443,0.516
61.8,34.2,0.481,0.524
61.8,34.7,-0.417,0.532
61.8,35.2,-1.378,0.539
61.8,35.7,0.801,0.547
61.8,36.2,-0.096,0.555
61.8,36.7,-1.058,0.563
61.8,37.2,1.186,0.571
61.8,37.7,0.224,0.579
61.8,38.2,-0.737,0.586
61.8,38.7,1.507,0.594
61.8,39.2,0.545,0.602
61.8,39.7,-0.417,0.610
61.8,40.2,-1.314,0.617
61.8,40.7,0.866,0.625
61.8,41.2,-0.096,0.633
61.8,41.7,-0.994,0.641
61.8,42.2,1.186,0.648
61.8,42.7,0.224,0.656
61.8,43.2,-0.673,0.664
61.8,43.7,1.507,0.671
61.8,44.2,0.545,0.679
61.8,44.7,-0.417,0.687
61.8,45.2,-1.314,0.694
61.8,45.7,0.866,0.702
61.8,46.2,-0.096,0.710
61.8,46.7,-1.058,0.717
61.8,47.2,1.186,0.725
61.8,47.7,0.224,0.733
61.8,48.2,-0.737,0.740
61.8,48.7,1.443,0.747
61.8,49.2,0.545,0.755
61.8,49.7,-0.417,0.763
61.8,50.3,-1.378,0.770
61.8,50.8,0.801,0.778
61.8,51.3,-0.160,0.785
61.8,51.8,-1.058,0.793
61.8,52.3,1.122,0.800
61.8,52.8,0.160,0.808
61.8,53.3,-0.801,0.815
61.8,53.8,1.378,0.822
61.8,54.3,0.481,0.830
61.8,54.8,-0.481,0.837
61.8,55.3,-1.443,0.845
61.8,55.8,0.737,0.852
61.8,56.3,-0.224,0.860
61.8,56.8,-1.186,0.867
61.8,57.3,0.994,0.874
61.8,57.8,0.096,0.881
61.8,58.3,-0.866,0.889
61.8,58.8,1.314,0.896
61.8,59.3,0.353,0.903
61.8,59.8,-0.609,0.911
61.8,60.3,-1.571,0.918
61.8,60.8,0.609,0.925
61.8,61.3,-0.353,0.932
61.8,61.8,-1.314,0.939
61.8,62.3,0.866,0.946
61.8,62.8,-0.032,0.954
61.8,63.3,-0.994,0.961
61.8,63.8,1.186,0.968
61.8,64.3,0.224,0.975
61.8,64.8,-0.737,0.982
61.8,65.3,1.443,0.990
61.8,65.8,0.481,0.997
61.8,66.3,-0.481,1.004
61.8,66.8,-1.443,1.011
61.8,67.3,0.737,1.018
61.8,67.8,-0.224,1.025
61.8,68.3,-1.186,1.032
61.8,68.8,0.994,1.039
61.8,69.3,0.032,1.046
61.8,69.8,-0.930,1.053
61.8,70.4,1.250,1.060
61.8,70.9,0.289,1.066
61.8,71.4,-0.673,1.073
61.8,71.9,1.507,1.080
61.8,72.4,0.545,1.087
61.8,72.9,-0.417,1.094
61.8,73.4,-1.378,1.100
61.8,73.9,0.801,1.107
61.8,74.4,-0.224,1.114
61.8,74.9,-1.186,1.121
61.8,75.4,0.994,1.128
61.8,75.9,0.032,1.134
61.8,76.4,-0.930,1.141
61.8,76.9,1.250,1.148
61.8,77.4,0.289,1.155
61.8,77.9,-0.673,1.161
61.8,78.4,1.507,1.168
61.8,78.9,0.545,1.174
61.8,79.4,-0.481,1.180
61.8,79.9,-1.443,1.187
61.8,80.4,0.737,1.194
61.8,80.9,-0.224,1.201
61.8,81.4,-1.186,1.207
61.8,81.9,0.994,1.213
61.8,82.4,0.032,1.220
61.8,82.9,-0.994,1.226
61.8,83.4,1.186,1.233
61.8,83.9,0.224,1.239
61.8,84.4,-0.737,1.246
61.8,84.9,1.443,1.252
61.8,85.4,0.417,1.258
61.8,85.9,-0.545,1.265
61.8,86.4,-1.507,1.271
61.8,86.9,0.673,1.277
61.8,87.4,-0.289,1.283
61.8,87.9,-1.314,1.289
61.8,88.4,0.866,1.296
61.8,88.9,-0.096,1.302
61.8,89.4,-1.058,1.308
61.8,89.9,1.058,1.314
61.8,90.5,0.096,1.321
61.8,91.0,-0.866,1.327
61.8,91.5,1.314,1.333
61.8,92.0,0.289,1.339
61.8,92.5,-0.673,1.345
61.8,93.0,1.507,1.351
61.8,93.5,0.545,1.356
61.8,94.0,-0.481,1.363
61.8,94.5,-1.443,1.369
61.8,95.0,0.737,1.374
61.8,95.5,-0.289,1.380
61.8,96.0,-1.250,1.387
61.8,96.5,0.930,1.392
61.8,97.0,-0.096,1.398
61.8,97.5,-1.058,1.404
61.8,98.0,1.122,1.409
61.8,98.5,0.096,1.415
61.8,99.0,-0.866,1.421
61.8,99.5,1.314,1.427
61.8,100.0,0.289,1.433
62.3,0.0,-0.994,0.030
62.3,0.5,1.250,0.022
62.3,1.0,0.353,0.014
62.3,1.5,-0.545,0.005
62.3,2.0,-1.443,0.003
62.3,2.5,0.737,0.011
62.3,3.0,-0.160,0.019
62.3,3.5,-1.058,0.027
62.3,4.0,1.186,0.035
62.3,4.5,0.224,0.043
62.3,5.0,-0.673,0.052
62.3,5.5,1.571,0.060
62.3,6.0,0.673,0.068
62.3,6.5,-0.289,0.076
62.3,7.0,-1.186,0.084
62.3,7.5,1.058,0.092
62.3,8.0,0.096,0.100
62.3,8.5,-0.801,0.109
62.3,9.0,1.443,0.117
62.3,9.5,0.545,0.125
62.3,10.1,-0.417,0.133
62.3,10.6,-1.314,0.141
62.3,11.1,0.930,0.149
62.3,11.6,-0.032,0.157
62.3,12.1,-0.930,0.166
62.3,12.6,1.314,0.174
62.3,13.1,0.353,0.182
62.3,13.6,-0.545,0.190
62.3,14.1,-1.507,0.198
62.3,14.6,0.737,0.206
62.3,15.1,-0.160,0.214
62.3,15.6,-1.122,0.222
62.3,16.1,1.122,0.231
62.3,16.6,0.224,0.239
62.3,17.1,-0.737,0.247
62.3,17.6,1.507,0.255
62.3,18.1,0.545,0.263
62.3,18.6,-0.353,0.271
62.3,19.1,-1.250,0.279
62.3,19.6,0.930,0.287
62.3,20.1,0.032,0.295
62.3,20.6,-0.930,0.303
62.3,21.1,1.314,0.311
62.3,21.6,0.353,0.319
62.3,22.1,-0.545,0.327
62.3,22.6,-1.507,0.335
62.3,23.1,0.737,0.343
62.3,23.6,-0.224,0.351
62.3,24.1,-1.122,0.360
62.3,24.6,1.122,0.367
62.3,25.1,0.160,0.376
62.3,25.6,-0.737,0.383
62.3,26.1,1.443,0.392
62.3,26.6,0.545,0.399
62.3,27.1,-0.417,0.408
62.3,27.6,-1.314,0.415
62.3,28.1,0.866,0.423
62.3,28.6,-0.096,0.431
62.3,29.1,-0.994,0.439
62.3,29.6,1.186,0.447
62.3,30.2,0.289,0.455
62.3,30.7,-0.673,0.463
62.3,31.2,1.571,0.471
62.3,31.7,0.609,0.479
62.3,32.2,-0.289,0.487
62.3,32.7,-1.250,0.495
62.3,33.2,0.930,0.503
62.3,33.7,0.032,0.511
62.3,34.2,-0.930,0.518
62.3,34.7,1.314,0.526
62.3,35.2,0.353,0.534
62.3,35.7,-0.609,0.542
62.3,36.2,-1.507,0.550
62.3,36.7,0.673,0.558
62.3,37.2,-0.224,0.565
62.3,37.7,-1.186,0.573
62.3,38.2,0.994,0.581
62.3,38.7,0.096,0.589
62.3,39.2,-0.866,0.597
62.3,39.7,1.314,0.604
62.3,40.2,0.417,0.612
62.3,40.7,-0.545,0.620
62.3,41.2,-1.507,0.628
62.3,41.7,0.737,0.635
62.3,42.2,-0.224,0.643
62.3,42.7,-1.186,0.651
62.3,43.2,1.058,0.658
62.3,43.7,0.096,0.666
62.3,44.2,-0.866,0.674
62.3,44.7,1.314,0.682
62.3,45.2,0.417,0.689
62.3,45.7,-0.545,0.697
62.3,46.2,-1.507,0.705
62.3,46.7,0.673,0.712
62.3,47.2,-0.224,0.720
62.3,47.7,-1.186,0.728
62.3,48.2,0.994,0.735
62.3,48.7,0.032,0.742
62.3,49.2,-0.866,0.750
62.3,49.7,1.314,0.758
62.3,50.3,0.353,0.765
62.3,50.8,-0.609,0.773
62.3,51.3,-1.507,0.780
62.3,51.8,0.673,0.788
62.3,52.3,-0.289,0.795
62.3,52.8,-1.250,0.803
62.3,53.3,0.930,0.810
62.3,53.8,-0.032,0.817
62.3,54.3,-0.930,0.825
62.3,54.8,1.250,0.833
62.3,55.3,0.289,0.840
62.3,55.8,-0.673,0.847
62.3,56.3,1.507,0.855
62.3,56.8,0.545,0.862
62.3,57.3,-0.353,0.869
62.3,57.8,-1.314,0.877
62.3,58.3,0.866,0.884
62.3,58.8,-0.096,0.891
62.3,59.3,-1.058,0.899
62.3,59.8,1.122,0.906
62.3,60.3,0.160,0.913
62.3,60.8,-0.801,0.920
62.3,61.3,1.378,0.927
62.3,61.8,0.481,0.934
62.3,62.3,-0.481,0.942
62.3,62.8,-1.443,0.949
62.3,63.3,0.737,0.956
62.3,63.8,-0.224,0.963
62.3,64.3,-1.186,0.971
62.3,64.8,0.994,0.978
62.3,65.3,0.032,0.985
62.3,65.8,-0.930,0.992
62.3,66.3,1.250,0.999
62.3,66.8,0.289,1.006
62.3,67.3,-0.673,1.013
62.3,67.8,1.507,1.020
62.3,68.3,0.545,1.027
62.3,68.8,-0.417,1.034
62.3,69.3,-1.378,1.041
62.3,69.8,0.801,1.048
62.3,70.4,-0.160,1.055
62.3,70.9,-1.122,1.062
62.3,71.4,1.058,1.069
62.3,71.9,0.096,1.076
62.3,72.4,-0.866,1.083
62.3,72.9,1.314,1.089
62.3,73.4,0.353,1.096
62.3,73.9,-0.609,1.103
62.3,74.4,1.571,1.110
62.3,74.9,0.609,1.116
62.3,75.4,-0.353,1.123
62.3,75.9,-1.378,1.130
62.3,76.4,0.801,1.136
62.3,76.9,-0.160,1.143
62.3,77.4,-1.122,1.150
62.3,77.9,1.058,1.157
62.3,78.4,0.096,1.163
62.3,78.9,-0.866,1.170
62.3,79.4,1.314,1.176
62.3,79.9,0.353,1.183
62.3,80.4,-0.673,1.189
62.3,80.9,1.507,1.196
62.3,81.4,0.545,1.203
62.3,81.9,-0.417,1.209
62.3,82.4,-1.378,1.216
62.3,82.9,0.801,1.222
62.3,83.4,-0.160,1.228
62.3,83.9,-1.186,1.235
62.3,84.4,0.994,1.241
62.3,84.9,0.032,1.248
62.3,85.4,-0.930,1.254
62.3,85.9,1.250,1.260
62.3,86.4,0.224,1.266
62.3,86.9,-0.737,1.273
62.3,87.4,1.443,1.279
62.3,87.9,0.481,1.286
62.3,88.4,-0.481,1.291
62.3,88.9,-1.507,1.298
62.3,89.4,0.673,1.304
62.3,89.9,-0.289,1.310
62.3,90.5,-1.250,1.316
62.3,91.0,0.866,1.323
62.3,91.5,-0.096,1.329
62.3,92.0,-1.058,1.335
62.3,92.5,1.058,1.340
62.3,93.0,0.096,1.347
62.3,93.5,-0.866,1.353
62.3,94.0,1.314,1.359
62.3,94.5,0.289,1.365
62.3,95.0,-0.673,1.371
62.3,95.5,1.507,1.377
62.3,96.0,0.481,1.382
62.3,96.5,-0.481,1.389
62.3,97.0,-1.443,1.394
62.3,97.5,0.673,1.400
62.3,98.0,-0.289,1.406
62.3,98.5,-1.250,1.412
62.3,99.0,0.866,1.417
62.3,99.5,-0.096,1.423
62.3,100.0,-1.058,1.429
62.8,0.0,0.737,0.035
62.8,0.5,-0.160,0.027
62.8,1.0,-1.058,0.019
62.8,1.5,1.122,0.011
62.8,2.0,0.224,0.003
62.8,2.5,-0.673,0.005
62.8,3.0,1.571,0.014
62.8,3.5,0.673,0.022
62.8,4.0,-0.289,0.030
62.8,4.5,-1.186,0.038
62.8,5.0,1.058,0.046
62.8,5.5,0.160,0.054
62.8,6.0,-0.801,0.062
62.8,6.5,1.443,0.071
62.8,7.0,0.545,0.079
62.8,7.5,-0.417,0.087
62.8,8.0,-1.314,0.095
62.8,8.5,0.930,0.103
62.8,9.0,0.032,0.111
62.8,9.5,-0.930,0.119
62.8,10.1,1.314,0.128
62.8,10.6,0.417,0.136
62.8,11.1,-0.545,0.144
62.8,11.6,-1.443,0.152
62.8,12.1,0.801,0.160
62.8,12.6,-0.160,0.168
62.8,13.1,-1.058,0.176
62.8,13.6,1.186,0.184
62.8,14.1,0.224,0.193
62.8,14.6,-0.673,0.201
62.8,15.1,1.571,0.209
62.8,15.6,0.609,0.217
62.8,16.1,-0.289,0.225
62.8,16.6,-1.250,0.233
62.8,17.1,0.994,0.241
62.8,17.6,0.096,0.249
62.8,18.1,-0.866,0.257
62.8,18.6,1.378,0.266
62.8,19.1,0.417,0.274
62.8,19.6,-0.481,0.282
62.8,20.1,-1.443,0.290
62.8,20.6,0.801,0.298
62.8,21.1,-0.096,0.306
62.8,21.6,-1.058,0.314
62.8,22.1,1.186,0.322
62.8,22.6,0.224,0.330
62.8,23.1,-0.673,0.338
62.8,23.6,1.507,0.346
62.8,24.1,0.609,0.354
62.8,24.6,-0.353,0.362
62.8,25.1,-1.250,0.370
62.8,25.6,0.930,0.378
62.8,26.1,0.032,0.386
62.8,26.6,-0.930,0.394
62.8,27.1,1.314,0.402
62.8,27.6,0.353,0.410
62.8,28.1,-0.545,0.418
62.8,28.6,-1.507,0.426
62.8,29.1,0.737,0.434
62.8,29.6,-0.224,0.442
62.8,30.2,-1.122,0.450
62.8,30.7,1.058,0.458
62.8,31.2,0.160,0.466
62.8,31.7,-0.801,0.474
62.8,32.2,1.378,0.481
62.8,32.7,0.481,0.490
62.8,33.2,-0.481,0.497
62.8,33.7,-1.378,0.505
62.8,34.2,0.801,0.513
62.8,34.7,-0.096,0.521
62.8,35.2,-1.058,0.529
62.8,35.7,1.122,0.537
62.8,36.2,0.224,0.545
62.8,36.7,-0.737,0.553
62.8,37.2,1.443,0.560
62.8,37.7,0.545,0.568
62.8,38.2,-0.417,0.576
62.8,38.7,-1.314,0.584
62.8,39.2,0.866,0.592
62.8,39.7,-0.096,0.599
62.8,40.2,-0.994,0.607
62.8,40.7,1.186,0.615
62.8,41.2,0.224,0.623
62.8,41.7,-0.673,0.630
62.8,42.2,1.507,0.638
62.8,42.7,0.545,0.646
62.8,43.2,-0.353,0.653
62.8,43.7,-1.314,0.661
62.8,44.2,0.866,0.669
62.8,44.7,-0.096,0.676
62.8,45.2,-0.994,0.684
62.8,45.7,1.186,0.692
62.8,46.2,0.224,0.700
62.8,46.7,-0.737,0.707
62.8,47.2,1.507,0.715
62.8,47.7,0.545,0.722
62.8,48.2,-0.417,0.730
62.8,48.7,-1.378,0.737
62.8,49.2,0.866,0.745
62.8,49.7,-0.096,0.753
62.8,50.3,-1.058,0.760
62.8,50.8,1.122,0.768
62.8,51.3,0.224,0.775
62.8,51.8,-0.737,0.783
62.8,52.3,1.443,0.790
62.8,52.8,0.481,0.798
62.8,53.3,-0.481,0.805
62.8,53.8,-1.378,0.812
62.8,54.3,0.801,0.820
62.8,54.8,-0.160,0.828
62.8,55.3,-1.122,0.835
62.8,55.8,1.058,0.842
62.8,56.3,0.096,0.850
62.8,56.8,-0.801,0.857
62.8,57.3,1.378,0.864
62.8,57.8,0.417,0.872
62.8,58.3,-0.545,0.879
62.8,58.8,-1.507,0.887
62.8,59.3,0.673,0.894
62.8,59.8,-0.289,0.901
62.8,60.3,-1.250,0.908
62.8,60.8,0.930,0.915
62.8,61.3,0.032,0.923
62.8,61.8,-0.930,0.930
62.8,62.3,1.250,0.937
62.8,62.8,0.289,0.944
62.8,63.3,-0.673,0.952
62.8,63.8,1.507,0.959
62.8,64.3,0.545,0.966
62.8,64.8,-0.417,0.973
62.8,65.3,-1.378,0.980
62.8,65.8,0.801,0.987
62.8,66.3,-0.160,0.994
62.8,66.8,-1.122,1.001
62.8,67.3,1.058,1.008
62.8,67.8,0.096,1.015
62.8,68.3,-0.866,1.022
62.8,68.8,1.314,1.029
62.8,69.3,0.353,1.036
62.8,69.8,-0.609,1.043
62.8,70.4,-1.571,1.050
62.8,70.9,0.609,1.057
62.8,71.4,-0.353,1.064
62.8,71.9,-1.314,1.071
62.8,72.4,0.866,1.078
62.8,72.9,-0.096,1.085
62.8,73.4,-1.058,1.092
62.8,73.9,1.122,1.099
62.8,74.4,0.160,1.105
62.8,74.9,-0.801,1.112
62.8,75.4,1.378,1.119
62.8,75.9,0.417,1.125
62.8,76.4,-0.545,1.132
62.8,76.9,-1.507,1.138
62.8,77.4,0.609,1.145
62.8,77.9,-0.353,1.152
62.8,78.4,-1.314,1.159
62.8,78.9,0.866,1.166
62.8,79.4,-0.096,1.172
62.8,79.9,-1.058,1.179
62.8,80.4,1.122,1.185
62.8,80.9,0.160,1.192
62.8,81.4,-0.866,1.198
62.8,81.9,1.314,1.205
62.8,82.4,0.353,1.211
62.8,82.9,-0.609,1.218
62.8,83.4,1.571,1.224
62.8,83.9,0.609,1.231
62.8,84.4,-0.417,1.237
62.8,84.9,-1.378,1.243
62.8,85.4,0.801,1.250
62.8,85.9,-0.160,1.256
62.8,86.4,-1.122,1.263
62.8,86.9,1.058,1.268
62.8,87.4,0.032,1.275
62.8,87.9,-0.930,1.282
62.8,88.4,1.250,1.288
62.8,88.9,0.289,1.294
62.8,89.4,-0.737,1.300
62.8,89.9,1.443,1.306
62.8,90.5,0.481,1.313
62.8,91.0,-0.481,1.318
62.8,91.5,-1.507,1.324
62.8,92.0,0.673,1.331
62.8,92.5,-0.289,1.337
62.8,93.0,-1.250,1.342
62.8,93.5,0.866,1.349
62.8,94.0,-0.096,1.355
62.8,94.5,-1.058,1.361
62.8,95.0,1.058,1.367
62.8,95.5,0.096,1.373
62.8,96.0,-0.866,1.379
62.8,96.5,1.250,1.384
62.8,97.0,0.289,1.391
62.8,97.5,-0.673,1.396
62.8,98.0,1.443,1.402
62.8,98.5,0.481,1.408
62.8,99.0,-0.481,1.414
62.8,99.5,-1.507,1.419
62.8,100.0,0.673,1.425
63.3,0.0,-0.673,0.041
63.3,0.5,1.571,0.033
63.3,1.0,0.609,0.025
63.3,1.5,-0.289,0.016
63.3,2.0,-1.186,0.008
63.3,2.5,1.058,0.000
63.3,3.0,0.096,0.008
63.3,3.5,-0.801,0.016
63.3,4.0,1.443,0.024
63.3,4.5,0.545,0.032
63.3,5.0,-0.417,0.041
63.3,5.5,-1.314,0.049
63.3,6.0,0.930,0.057
63.3,6.5,0.032,0.065
63.3,7.0,-0.930,0.073
63.3,7.5,1.314,0.081
63.3,8.0,0.417,0.090
63.3,8.5,-0.481,0.098
63.3,9.0,-1.443,0.106
63.3,9.5,0.801,0.114
63.3,10.1,-0.096,0.122
63.3,10.6,-1.058,0.130
63.3,11.1,1.186,0.138
63.3,11.6,0.289,0.147
63.3,12.1,-0.673,0.155
63.3,12.6,-1.571,0.163
63.3,13.1,0.673,0.171
63.3,13.6,-0.289,0.179
63.3,14.1,-1.186,0.187
63.3,14.6,1.058,0.195
63.3,15.1,0.096,0.203
63.3,15.6,-0.801,0.212
63.3,16.1,1.443,0.220
63.3,16.6,0.481,0.228
63.3,17.1,-0.417,0.236
63.3,17.6,-1.378,0.244
63.3,18.1,0.866,0.252
63.3,18.6,-0.032,0.260
63.3,19.1,-0.994,0.268
63.3,19.6,1.250,0.276
63.3,20.1,0.289,0.284
63.3,20.6,-0.609,0.292
63.3,21.1,-1.571,0.300
63.3,21.6,0.673,0.309
63.3,22.1,-0.224,0.316
63.3,22.6,-1.186,0.325
63.3,23.1,1.058,0.333
63.3,23.6,0.096,0.341
63.3,24.1,-0.801,0.349
63.3,24.6,1.378,0.357
63.3,25.1,0.481,0.365
63.3,25.6,-0.481,0.373
63.3,26.1,-1.378,0.381
63.3,26.6,0.801,0.389
63.3,27.1,-0.096,0.397
63.3,27.6,-1.058,0.405
63.3,28.1,1.186,0.413
63.3,28.6,0.224,0.421
63.3,29.1,-0.673,0.429
63.3,29.6,1.507,0.437
63.3,30.2,0.609,0.445
63.3,30.7,-0.353,0.453
63.3,31.2,-1.314,0.460
63.3,31.7,0.930,0.468
63.3,32.2,-0.032,0.476
63.3,32.7,-0.930,0.484
63.3,33.2,1.250,0.492
63.3,33.7,0.353,0.500
63.3,34.2,-0.609,0.508
63.3,34.7,-1.571,0.516
63.3,35.2,0.673,0.524
63.3,35.7,-0.289,0.532
63.3,36.2,-1.186,0.539
63.3,36.7,0.994,0.547
63.3,37.2,0.032,0.555
63.3,37.7,-0.866,0.563
63.3,38.2,1.314,0.571
63.3,38.7,0.417,0.578
63.3,39.2,-0.545,0.586
63.3,39.7,-1.507,0.594
63.3,40.2,0.737,0.602
63.3,40.7,-0.224,0.610
63.3,41.2,-1.186,0.617
63.3,41.7,1.058,0.625
63.3,42.2,0.096,0.633
63.3,42.7,-0.866,0.641
63.3,43.2,1.314,0.648
63.3,43.7,0.417,0.656
63.3,44.2,-0.545,0.664
63.3,44.7,-1.507,0.671
63.3,45.2,0.737,0.679
63.3,45.7,-0.224,0.687
63.3,46.2,-1.186,0.694
63.3,46.7,0.994,0.702
63.3,47.2,0.096,0.710
63.3,47.7,-0.866,0.717
63.3,48.2,1.314,0.725
63.3,48.7,0.353,0.732
63.3,49.2,-0.545,0.740
63.3,49.7,-1.507,0.748
63.3,50.3,0.673,0.755
63.3,50.8,-0.289,0.763
63.3,51.3,-1.186,0.770
63.3,51.8,0.994,0.778
63.3,52.3,0.032,0.785
63.3,52.8,-0.930,0.793
63.3,53.3,1.250,0.800
63.3,53.8,0.353,0.808
63.3,54.3,-0.609,0.815
63.3,54.8,1.571,0.823
63.3,55.3,0.609,0.830
63.3,55.8,-0.353,0.837
63.3,56.3,-1.314,0.845
63.3,56.8,0.930,0.852
63.3,57.3,-0.032,0.860
63.3,57.8,-0.994,0.867
63.3,58.3,1.186,0.874
63.3,58.8,0.224,0.882
63.3,59.3,-0.737,0.889
63.3,59.8,1.443,0.896
63.3,60.3,0.481,0.903
63.3,60.8,-0.417,0.910
63.3,61.3,-1.378,0.918
63.3,61.8,0.801,0.925
63.3,62.3,-0.160,0.932
63.3,62.8,-1.122,0.940
63.3,63.3,1.058,0.947
63.3,63.8,0.096,0.954
63.3,64.3,-0.866,0.961
63.3,64.8,1.314,0.968
63.3,65.3,0.353,0.975
63.3,65.8,-0.609,0.982
63.3,66.3,-1.571,0.989
63.3,66.8,0.609,0.997
63.3,67.3,-0.353,1.004
63.3,67.8,-1.314,1.011
63.3,68.3,0.866,1.018
63.3,68.8,-0.096,1.025
63.3,69.3,-1.058,1.031
63.3,69.8,1.122,1.038
63.3,70.4,0.160,1.045
63.3,70.9,-0.801,1.052
63.3,71.4,1.378,1.059
63.3,71.9,0.417,1.066
63.3,72.4,-0.545,1.073
63.3,72.9,-1.507,1.080
63.3,73.4,0.673,1.087
63.3,73.9,-0.289,1.094
63.3,74.4,-1.250,1.101
63.3,74.9,0.930,1.108
63.3,75.4,-0.032,1.114
63.3,75.9,-0.994,1.121
63.3,76.4,1.186,1.128
63.3,76.9,0.224,1.134
63.3,77.4,-0.737,1.141
63.3,77.9,1.443,1.148
63.3,78.4,0.417,1.154
63.3,78.9,-0.545,1.161
63.3,79.4,-1.507,1.168
63.3,79.9,0.673,1.174
63.3,80.4,-0.289,1.181
63.3,80.9,-1.250,1.188
63.3,81.4,0.930,1.194
63.3,81.9,-0.032,1.200
63.3,82.4,-1.058,1.207
63.3,82.9,1.122,1.214
63.3,83.4,0.160,1.220
63.3,83.9,-0.801,1.227
63.3,84.4,1.378,1.233
63.3,84.9,0.417,1.239
63.3,85.4,-0.609,1.245
63.3,85.9,-1.571,1.252
63.3,86.4,0.609,1.259
63.3,86.9,-0.353,1.265
63.3,87.4,-1.314,1.271
63.3,87.9,0.801,1.277
63.3,88.4,-0.160,1.284
63.3,88.9,-1.122,1.290
63.3,89.4,1.058,1.296
63.3,89.9,0.032,1.302
63.3,90.5,-0.930,1.308
63.3,91.0,1.250,1.315
63.3,91.5,0.289,1.321
63.3,92.0,-0.737,1.326
63.3,92.5,1.443,1.333
63.3,93.0,0.481,1.339
63.3,93.5,-0.481,1.345
63.3,94.0,-1.507,1.351
63.3,94.5,0.673,1.357
63.3,95.0,-0.289,1.363
63.3,95.5,-1.314,1.368
63.3,96.0,0.866,1.375
63.3,96.5,-0.096,1.381
63.3,97.0,-1.058,1.386
63.3,97.5,1.058,1.392
63.3,98.0,0.096,1.398
63.3,98.5,-0.866,1.404
63.3,99.0,1.250,1.410
63.3,99.5,0.289,1.416
63.3,100.0,-0.737,1.421
63.8,0.0,0.994,0.046
63.8,0.5,0.096,0.038
63.8,1.0,-0.801,0.030
63.8,1.5,1.443,0.022
63.8,2.0,0.545,0.014
63.8,2.5,-0.417,0.006
63.8,3.0,-1.314,0.003
63.8,3.5,0.930,0.011
63.8,4.0,0.032,0.019
63.8,4.5,-0.930,0.027
63.8,5.0,1.314,0.035
63.8,5.5,0.417,0.043
63.8,6.0,-0.481,0.051
63.8,6.5,-1.443,0.060
63.8,7.0,0.801,0.068
63.8,7.5,-0.096,0.076
63.8,8.0,-0.994,0.084
63.8,8.5,1.186,0.092
63.8,9.0,0.289,0.100
63.8,9.5,-0.609,0.109
63.8,10.1,-1.571,0.117
63.8,10.6,0.673,0.125
63.8,11.1,-0.224,0.133
63.8,11.6,-1.186,0.141
63.8,12.1,1.058,0.149
63.8,12.6,0.160,0.157
63.8,13.1,-0.801,0.165
63.8,13.6,1.443,0.174
63.8,14.1,0.545,0.182
63.8,14.6,-0.417,0.190
63.8,15.1,-1.314,0.198
63.8,15.6,0.930,0.206
63.8,16.1,-0.032,0.214
63.8,16.6,-0.930,0.222
63.8,17.1,1.314,0.230
63.8,17.6,0.353,0.239
63.8,18.1,-0.545,0.247
63.8,18.6,-1.507,0.255
63.8,19.1,0.737,0.263
63.8,19.6,-0.160,0.271
63.8,20.1,-1.122,0.279
63.8,20.6,1.122,0.287
63.8,21.1,0.160,0.295
63.8,21.6,-0.737,0.303
63.8,22.1,1.443,0.311
63.8,22.6,0.545,0.319
63.8,23.1,-0.417,0.327
63.8,23.6,-1.314,0.335
63.8,24.1,0.930,0.343
63.8,24.6,-0.032,0.351
63.8,25.1,-0.930,0.359
63.8,25.6,1.250,0.367
63.8,26.1,0.353,0.375
63.8,26.6,-0.609,0.383
63.8,27.1,-1.507,0.391
63.8,27.6,0.673,0.399
63.8,28.1,-0.224,0.407
63.8,28.6,-1.186,0.415
63.8,29.1,1.058,0.423
63.8,29.6,0.096,0.431
63.8,30.2,-0.866,0.439
63.8,30.7,1.378,0.447
63.8,31.2,0.417,0.455
63.8,31.7,-0.481,0.463
63.8,32.2,-1.443,0.471
63.8,32.7,0.801,0.479
63.8,33.2,-0.160,0.487
63.8,33.7,-1.058,0.495
63.8,34.2,1.122,0.503
63.8,34.7,0.160,0.510
63.8,35.2,-0.737,0.518
63.8,35.7,1.443,0.526
63.8,36.2,0.545,0.534
63.8,36.7,-0.417,0.542
63.8,37.2,-1.378,0.550
63.8,37.7,0.866,0.558
63.8,38.2,-0.096,0.566
63.8,38.7,-1.058,0.573
63.8,39.2,1.186,0.581
63.8,39.7,0.224,0.589
63.8,40.2,-0.673,0.597
63.8,40.7,1.507,0.605
63.8,41.2,0.545,0.612
63.8,41.7,-0.353,0.620
63.8,42.2,-1.314,0.628
63.8,42.7,0.866,0.636
63.8,43.2,-0.096,0.643
63.8,43.7,-0.994,0.651
63.8,44.2,1.186,0.659
63.8,44.7,0.224,0.666
63.8,45.2,-0.673,0.674
63.8,45.7,1.507,0.682
63.8,46.2,0.545,0.689
63.8,46.7,-0.417,0.697
63.8,47.2,-1.314,0.705
63.8,47.7,0.866,0.712
63.8,48.2,-0.096,0.720
63.8,48.7,-0.994,0.727
63.8,49.2,1.186,0.735
63.8,49.7,0.224,0.743
63.8,50.3,-0.737,0.750
63.8,50.8,1.443,0.758
63.8,51.3,0.545,0.765
63.8,51.8,-0.417,0.773
63.8,52.3,-1.378,0.780
63.8,52.8,0.801,0.788
63.8,53.3,-0.160,0.795
63.8,53.8,-1.058,0.803
63.8,54.3,1.122,0.810
63.8,54.8,0.160,0.818
63.8,55.3,-0.801,0.825
63.8,55.8,1.378,0.832
63.8,56.3,0.481,0.840
63.8,56.8,-0.481,0.847
63.8,57.3,-1.443,0.855
63.8,57.8,0.737,0.862
63.8,58.3,-0.224,0.869
63.8,58.8,-1.186,0.877
63.8,59.3,0.994,0.884
63.8,59.8,0.032,0.891
63.8,60.3,-0.866,0.898
63.8,60.8,1.314,0.906
63.8,61.3,0.353,0.913
63.8,61.8,-0.609,0.920
63.8,62.3,1.571,0.928
63.8,62.8,0.609,0.935
63.8,63.3,-0.353,0.942
63.8,63.8,-1.314,0.949
63.8,64.3,0.866,0.956
63.8,64.8,-0.096,0.963
63.8,65.3,-1.058,0.970
63.8,65.8,1.122,0.977
63.8,66.3,0.160,0.985
63.8,66.8,-0.737,0.992
63.8,67.3,1.443,0.999
63.8,67.8,0.481,1.006
63.8,68.3,-0.481,1.013
63.8,68.8,-1.443,1.020
63.8,69.3,0.737,1.027
63.8,69.8,-0.224,1.034
63.8,70.4,-1.186,1.041
63.8,70.9,0.994,1.048
63.8,71.4,0.032,1.055
63.8,71.9,-0.930,1.062
63.8,72.4,1.250,1.068
63.8,72.9,0.224,1.075
63.8,73.4,-0.737,1.082
63.8,73.9,1.443,1.089
63.8,74.4,0.481,1.096
63.8,74.9,-0.481,1.103
63.8,75.4,-1.443,1.110
63.8,75.9,0.737,1.117
63.8,76.4,-0.224,1.123
63.8,76.9,-1.186,1.130
63.8,77.4,0.994,1.137
63.8,77.9,0.032,1.143
63.8,78.4,-0.930,1.150
63.8,78.9,1.250,1.157
63.8,79.4,0.289,1.163
63.8,79.9,-0.737,1.170
63.8,80.4,1.443,1.177
63.8,80.9,0.481,1.183
63.8,81.4,-0.481,1.190
63.8,81.9,-1.443,1.196
63.8,82.4,0.737,1.203
63.8,82.9,-0.224,1.209
63.8,83.4,-1.250,1.215
63.8,83.9,0.930,1.222
63.8,84.4,-0.032,1.229
63.8,84.9,-0.994,1.235
63.8,85.4,1.186,1.241
63.8,85.9,0.224,1.247
63.8,86.4,-0.801,1.254
63.8,86.9,1.378,1.261
63.8,87.4,0.417,1.267
63.8,87.9,-0.545,1.273
63.8,88.4,-1.507,1.279
63.8,88.9,0.609,1.286
63.8,89.4,-0.353,1.292
63.8,89.9,-1.314,1.298
63.8,90.5,0.866,1.304
63.8,91.0,-0.160,1.310
63.8,91.5,-1.122,1.317
63.8,92.0,1.058,1.323
63.8,92.5,0.096,1.328
63.8,93.0,-0.930,1.335
63.8,93.5,1.250,1.341
63.8,94.0,0.289,1.347
63.8,94.5,-0.737,1.353
63.8,95.0,1.443,1.359
63.8,95.5,0.481,1.365
63.8,96.0,-0.481,1.370
63.8,96.5,-1.507,1.377
63.8,97.0,0.673,1.383
63.8,97.5,-0.289,1.388
63.8,98.0,-1.314,1.394
63.8,98.5,0.866,1.400
63.8,99.0,-0.096,1.406
63.8,99.5,-1.122,1.412
63.8,100.0,1.058,1.418
64.3,0.0,-0.417,0.052
64.3,0.5,-1.314,0.044
64.3,1.0,0.930,0.036
64.3,1.5,-0.032,0.027
64.3,2.0,-0.930,0.019
64.3,2.5,1.314,0.011
64.3,3.0,0.417,0.003
64.3,3.5,-0.481,0.005
64.3,4.0,-1.443,0.013
64.3,4.5,0.801,0.022
64.3,5.0,-0.096,0.030
64.3,5.5,-0.994,0.038
64.3,6.0,1.186,0.046
64.3,6.5,0.289,0.054
64.3,7.0,-0.609,0.062
64.3,7.5,-1.507,0.070
64.3,8.0,0.673,0.079
64.3,8.5,-0.224,0.087
64.3,9.0,-1.122,0.095
64.3,9.5,1.058,0.103
64.3,10.1,0.160,0.111
64.3,10.6,-0.737,0.119
64.3,11.1,1.443,0.127
64.3,11.6,0.545,0.136
64.3,12.1,-0.353,0.144
64.3,12.6,-1.250,0.152
64.3,13.1,0.930,0.160
64.3,13.6,0.032,0.168
64.3,14.1,-0.866,0.176
64.3,14.6,1.314,0.184
64.3,15.1,0.417,0.193
64.3,15.6,-0.545,0.201
64.3,16.1,-1.443,0.209
64.3,16.6,0.801,0.217
64.3,17.1,-0.160,0.225
64.3,17.6,-1.058,0.233
64.3,18.1,1.186,0.241
64.3,18.6,0.224,0.249
64.3,19.1,-0.673,0.257
64.3,19.6,1.507,0.265
64.3,20.1,0.609,0.274
64.3,20.6,-0.353,0.281
64.3,21.1,-1.250,0.290
64.3,21.6,0.994,0.298
64.3,22.1,0.032,0.306
64.3,22.6,-0.866,0.314
64.3,23.1,1.314,0.322
64.3,23.6,0.417,0.330
64.3,24.1,-0.545,0.338
64.3,24.6,-1.443,0.346
64.3,25.1,0.737,0.354
64.3,25.6,-0.160,0.362
64.3,26.1,-1.122,0.370
64.3,26.6,1.122,0.378
64.3,27.1,0.160,0.386
64.3,27.6,-0.737,0.394
64.3,28.1,1.443,0.402
64.3,28.6,0.545,0.410
64.3,29.1,-0.417,0.418
64.3,29.6,-1.314,0.426
64.3,30.2,0.866,0.434
64.3,30.7,-0.032,0.442
64.3,31.2,-0.994,0.450
64.3,31.7,1.250,0.458
64.3,32.2,0.289,0.466
64.3,32.7,-0.609,0.474
64.3,33.2,-1.571,0.482
64.3,33.7,0.609,0.489
64.3,34.2,-0.289,0.497
64.3,34.7,-1.250,0.505
64.3,35.2,0.994,0.513
64.3,35.7,0.032,0.521
64.3,36.2,-0.866,0.529
64.3,36.7,1.314,0.537
64.3,37.2,0.353,0.545
64.3,37.7,-0.545,0.552
64.3,38.2,-1.507,0.560
64.3,38.7,0.673,0.568
64.3,39.2,-0.224,0.576
64.3,39.7,-1.186,0.584
64.3,40.2,0.994,0.591
64.3,40.7,0.096,0.599
64.3,41.2,-0.866,0.607
64.3,41.7,1.314,0.615
64.3,42.2,0.417,0.623
64.3,42.7,-0.545,0.630
64.3,43.2,-1.507,0.638
64.3,43.7,0.737,0.646
64.3,44.2,-0.224,0.654
64.3,44.7,-1.186,0.661
64.3,45.2,1.058,0.669
64.3,45.7,0.096,0.677
64.3,46.2,-0.866,0.684
64.3,46.7,1.378,0.692
64.3,47.2,0.417,0.700
64.3,47.7,-0.545,0.707
64.3,48.2,-1.507,0.715
64.3,48.7,0.737,0.722
64.3,49.2,-0.224,0.730
64.3,49.7,-1.186,0.738
64.3,50.3,0.994,0.745
64.3,50.8,0.032,0.752
64.3,51.3,-0.866,0.760
64.3,51.8,1.314,0.768
64.3,52.3,0.353,0.775
64.3,52.8,-0.609,0.783
64.3,53.3,-1.507,0.790
64.3,53.8,0.673,0.798
64.3,54.3,-0.289,0.805
64.3,54.8,-1.250,0.813
64.3,55.3,0.930,0.820
64.3,55.8,-0.032,0.827
64.3,56.3,-0.930,0.835
64.3,56.8,1.250,0.842
64.3,57.3,0.289,0.850
64.3,57.8,-0.673,0.857
64.3,58.3,1.507,0.865
64.3,58.8,0.545,0.872
64.3,59.3,-0.417,0.879
64.3,59.8,-1.314,0.886
64.3,60.3,0.866,0.894
64.3,60.8,-0.096,0.901
64.3,61.3,-1.058,0.908
64.3,61.8,1.122,0.916
64.3,62.3,0.160,0.923
64.3,62.8,-0.801,0.930
64.3,63.3,1.378,0.937
64.3,63.8,0.417,0.944
64.3,64.3,-0.545,0.951
64.3,64.8,-1.507,0.958
64.3,65.3,0.737,0.966
64.3,65.8,-0.224,0.973
64.3,66.3,-1.186,0.980
64.3,66.8,0.994,0.987
64.3,67.3,0.032,0.994
64.3,67.8,-0.930,1.001
64.3,68.3,1.250,1.008
64.3,68.8,0.289,1.015
64.3,69.3,-0.673,1.023
64.3,69.8,1.507,1.030
64.3,70.4,0.545,1.036
64.3,70.9,-0.417,1.043
64.3,71.4,-1.378,1.050
64.3,71.9,0.801,1.057
64.3,72.4,-0.160,1.064
64.3,72.9,-1.122,1.071
64.3,73.4,1.058,1.078
64.3,73.9,0.096,1.085
64.3,74.4,-0.866,1.091
64.3,74.9,1.314,1.098
64.3,75.4,0.289,1.105
64.3,75.9,-0.673,1.112
64.3,76.4,1.507,1.119
64.3,76.9,0.545,1.126
64.3,77.4,-0.417,1.132
64.3,77.9,-1.378,1.139
64.3,78.4,0.801,1.146
64.3,78.9,-0.160,1.152
64.3,79.4,-1.122,1.159
64.3,79.9,1.058,1.165
64.3,80.4,0.096,1.172
64.3,80.9,-0.930,1.179
64.3,81.4,1.250,1.185
64.3,81.9,0.289,1.192
64.3,82.4,-0.673,1.199
64.3,82.9,1.507,1.205
64.3,83.4,0.545,1.211
64.3,83.9,-0.417,1.218
64.3,84.4,-1.443,1.224
64.3,84.9,0.737,1.231
64.3,85.4,-0.224,1.237
64.3,85.9,-1.186,1.244
64.3,86.4,0.994,1.250
64.3,86.9,-0.032,1.256
64.3,87.4,-0.994,1.263
64.3,87.9,1.186,1.269
64.3,88.4,0.224,1.275
64.3,88.9,-0.737,1.281
64.3,89.4,1.378,1.287
64.3,89.9,0.417,1.294
64.3,90.5,-0.545,1.300
64.3,91.0,-1.507,1.306
64.3,91.5,0.609,1.312
64.3,92.0,-0.353,1.319
64.3,92.5,-1.314,1.325
64.3,93.0,0.866,1.331
64.3,93.5,-0.160,1.337
64.3,94.0,-1.122,1.343
64.3,94.5,1.058,1.349
64.3,95.0,0.096,1.355
64.3,95.5,-0.930,1.361
64.3,96.0,1.250,1.367
64.3,96.5,0.289,1.373
64.3,97.0,-0.737,1.379
64.3,97.5,1.443,1.385
64.3,98.0,0.481,1.390
64.3,98.5,-0.545,1.396
64.3,99.0,-1.507,1.402
64.3,99.5,0.673,1.408
64.3,100.0,-0.353,1.414
64.8,0.0,1.314,0.057
64.8,0.5,0.353,0.049
64.8,1.0,-0.545,0.041
64.8,1.5,-1.443,0.033
64.8,2.0,0.801,0.025
64.8,2.5,-0.096,0.017
64.8,3.0,-1.058,0.008
64.8,3.5,1.186,0.000
64.8,4.0,0.289,0.008
64.8,4.5,-0.609,0.016
64.8,5.0,-1.507,0.024
64.8,5.5,0.673,0.032
64.8,6.0,-0.224,0.041
64.8,6.5,-1.122,0.049
64.8,7.0,1.122,0.057
64.8,7.5,0.160,0.065
64.8,8.0,-0.737,0.073
64.8,8.5,1.507,0.081
64.8,9.0,0.545,0.089
64.8,9.5,-0.353,0.098
64.8,10.1,-1.250,0.106
64.8,10.6,0.994,0.114
64.8,11.1,0.032,0.122
64.8,11.6,-0.866,0.130
64.8,12.1,1.378,0.138
64.8,12.6,0.417,0.146
64.8,13.1,-0.481,0.155
64.8,13.6,-1.378,0.163
64.8,14.1,0.801,0.171
64.8,14.6,-0.096,0.179
64.8,15.1,-0.994,0.187
64.8,15.6,1.186,0.195
64.8,16.1,0.289,0.203
64.8,16.6,-0.673,0.211
64.8,17.1,-1.571,0.220
64.8,17.6,0.673,0.228
64.8,18.1,-0.289,0.236
64.8,18.6,-1.186,0.244
64.8,19.1,1.058,0.252
64.8,19.6,0.096,0.260
64.8,20.1,-0.801,0.268
64.8,20.6,1.378,0.276
64.8,21.1,0.481,0.284
64.8,21.6,-0.481,0.292
64.8,22.1,-1.378,0.300
64.8,22.6,0.866,0.308
64.8,23.1,-0.096,0.317
64.8,23.6,-0.994,0.325
64.8,24.1,1.186,0.333
64.8,24.6,0.289,0.341
64.8,25.1,-0.673,0.349
64.8,25.6,1.571,0.357
64.8,26.1,0.609,0.365
64.8,26.6,-0.289,0.373
64.8,27.1,-1.250,0.381
64.8,27.6,0.994,0.389
64.8,28.1,0.032,0.397
64.8,28.6,-0.866,0.405
64.8,29.1,1.314,0.413
64.8,29.6,0.417,0.421
64.8,30.2,-0.545,0.429
64.8,30.7,-1.443,0.437
64.8,31.2,0.737,0.445
64.8,31.7,-0.160,0.452
64.8,32.2,-1.122,0.461
64.8,32.7,1.058,0.468
64.8,33.2,0.160,0.476
64.8,33.7,-0.801,0.484
64.8,34.2,1.443,0.492
64.8,34.7,0.481,0.500
64.8,35.2,-0.417,0.508
64.8,35.7,-1.378,0.516
64.8,36.2,0.801,0.524
64.8,36.7,-0.096,0.532
64.8,37.2,-1.058,0.539
64.8,37.7,1.186,0.547
64.8,38.2,0.224,0.555
64.8,38.7,-0.737,0.563
64.8,39.2,1.507,0.571
64.8,39.7,0.545,0.579
64.8,40.2,-0.417,0.586
64.8,40.7,-1.314,0.594
64.8,41.2,0.866,0.602
64.8,41.7,-0.096,0.609
64.8,42.2,-0.994,0.617
64.8,42.7,1.186,0.625
64.8,43.2,0.224,0.633
64.8,43.7,-0.673,0.641
64.8,44.2,1.507,0.648
64.8,44.7,0.545,0.656
64.8,45.2,-0.353,0.664
64.8,45.7,-1.314,0.672
64.8,46.2,0.866,0.679
64.8,46.7,-0.032,0.687
64.8,47.2,-0.994,0.694
64.8,47.7,1.186,0.702
64.8,48.2,0.224,0.710
64.8,48.7,-0.673,0.717
64.8,49.2,1.507,0.725
64.8,49.7,0.545,0.733
64.8,50.3,-0.417,0.740
64.8,50.8,-1.314,0.747
64.8,51.3,0.866,0.755
64.8,51.8,-0.096,0.763
64.8,52.3,-1.058,0.770
64.8,52.8,1.122,0.778
64.8,53.3,0.224,0.785
64.8,53.8,-0.737,0.793
64.8,54.3,1.443,0.800
64.8,54.8,0.481,0.808
64.8,55.3,-0.481,0.815
64.8,55.8,-1.378,0.822
64.8,56.3,0.801,0.830
64.8,56.8,-0.160,0.838
64.8,57.3,-1.122,0.845
64.8,57.8,1.058,0.852
64.8,58.3,0.096,0.860
64.8,58.8,-0.866,0.867
64.8,59.3,1.378,0.874
64.8,59.8,0.417,0.882
64.8,60.3,-0.545,0.889
64.8,60.8,-1.507,0.896
64.8,61.3,0.673,0.904
64.8,61.8,-0.289,0.911
64.8,62.3,-1.250,0.918
64.8,62.8,0.930,0.925
64.8,63.3,-0.032,0.932
64.8,63.8,-0.994,0.939
64.8,64.3,1.250,0.947
64.8,64.8,0.289,0.954
64.8,65.3,-0.673,0.961
64.8,65.8,1.507,0.968
64.8,66.3,0.545,0.975
64.8,66.8,-0.417,0.983
64.8,67.3,-1.378,0.990
64.8,67.8,0.801,0.997
64.8,68.3,-0.160,1.004
64.8,68.8,-1.122,1.011
64.8,69.3,1.058,1.018
64.8,69.8,0.096,1.025
64.8,70.4,-0.866,1.032
64.8,70.9,1.314,1.039
64.8,71.4,0.353,1.046
64.8,71.9,-0.609,1.053
64.8,72.4,1.571,1.060
64.8,72.9,0.609,1.067
64.8,73.4,-0.353,1.074
64.8,73.9,-1.314,1.080
64.8,74.4,0.866,1.087
64.8,74.9,-0.096,1.094
64.8,75.4,-1.058,1.101
64.8,75.9,1.122,1.107
64.8,76.4,0.160,1.114
64.8,76.9,-0.866,1.121
64.8,77.4,1.314,1.128
64.8,77.9,0.353,1.134
64.8,78.4,-0.609,1.141
64.8,78.9,-1.571,1.148
64.8,79.4,0.609,1.155
64.8,79.9,-0.353,1.161
64.8,80.4,-1.314,1.168
64.8,80.9,0.866,1.174
64.8,81.4,-0.096,1.181
64.8,81.9,-1.122,1.187
64.8,82.4,1.058,1.194
64.8,82.9,0.096,1.201
64.8,83.4,-0.866,1.207
64.8,83.9,1.314,1.214
64.8,84.4,0.353,1.220
64.8,84.9,-0.609,1.226
64.8,85.4,1.507,1.233
64.8,85.9,0.545,1.239
64.8,86.4,-0.417,1.246
64.8,86.9,-1.378,1.252
64.8,87.4,0.801,1.258
64.8,87.9,-0.224,1.265
64.8,88.4,-1.186,1.271
64.8,88.9,0.994,1.278
64.8,89.4,0.032,1.284
64.8,89.9,-0.930,1.289
64.8,90.5,1.186,1.296
64.8,91.0,0.224,1.302
64.8,91.5,-0.737,1.309
64.8,92.0,1.443,1.314
64.8,92.5,0.417,1.321
64.8,93.0,-0.545,1.327
64.8,93.5,-1.507,1.333
64.8,94.0,0.609,1.339
64.8,94.5,-0.353,1.345
64.8,95.0,-1.314,1.351
64.8,95.5,0.866,1.357
64.8,96.0,-0.160,1.363
64.8,96.5,-1.122,1.369
64.8,97.0,1.058,1.375
64.8,97.5,0.032,1.380
64.8,98.0,-0.930,1.387
64.8,98.5,1.250,1.393
64.8,99.0,0.224,1.398
64.8,99.5,-0.737,1.404
64.8,100.0,1.443,1.410
65.3,0.0,-0.160,0.063
65.3,0.5,-1.058,0.055
65.3,1.0,1.186,0.047
65.3,1.5,0.289,0.038
65.3,2.0,-0.609,0.030
65.3,2.5,-1.571,0.022
65.3,3.0,0.673,0.014
65.3,3.5,-0.224,0.006
65.3,4.0,-1.122,0.002
65.3,4.5,1.058,0.011
65.3,5.0,0.160,0.019
65.3,5.5,-0.737,0.027
65.3,6.0,1.507,0.035
65.3,6.5,0.545,0.043
65.3,7.0,-0.353,0.051
65.3,7.5,-1.250,0.060
65.3,8.0,0.994,0.068
65.3,8.5,0.032,0.076
65.3,9.0,-0.866,0.084
65.3,9.5,1.378,0.092
65.3,10.1,0.481,0.100
65.3,10.6,-0.481,0.108
65.3,11.1,-1.378,0.117
65.3,11.6,0.866,0.125
65.3,12.1,-0.096,0.133
65.3,12.6,-0.994,0.141
65.3,13.1,1.250,0.149
65.3,13.6,0.289,0.157
65.3,14.1,-0.609,0.165
65.3,14.6,-1.507,0.173
65.3,15.1,0.673,0.182
65.3,15.6,-0.224,0.190
65.3,16.1,-1.122,0.198
65.3,16.6,1.058,0.206
65.3,17.1,0.160,0.214
65.3,17.6,-0.801,0.222
65.3,18.1,1.443,0.230
65.3,18.6,0.545,0.238
65.3,19.1,-0.417,0.246
65.3,19.6,-1.314,0.255
65.3,20.1,0.866,0.263
65.3,20.6,-0.032,0.271
65.3,21.1,-0.930,0.279
65.3,21.6,1.250,0.287
65.3,22.1,0.353,0.295
65.3,22.6,-0.609,0.303
65.3,23.1,-1.507,0.311
65.3,23.6,0.673,0.319
65.3,24.1,-0.224,0.327
65.3,24.6,-1.122,0.335
65.3,25.1,1.058,0.343
65.3,25.6,0.160,0.351
65.3,26.1,-0.801,0.359
65.3,26.6,1.443,0.367
65.3,27.1,0.481,0.375
65.3,27.6,-0.417,0.383
65.3,28.1,-1.378,0.391
65.3,28.6,0.866,0.399
65.3,29.1,-0.096,0.407
65.3,29.6,-0.994,0.415
65.3,30.2,1.186,0.423
65.3,30.7,0.289,0.431
65.3,31.2,-0.673,0.439
65.3,31.7,1.507,0.447
65.3,32.2,0.609,0.455
65.3,32.7,-0.353,0.463
65.3,33.2,-1.250,0.471
65.3,33.7,0.930,0.479
65.3,34.2,0.032,0.487
65.3,34.7,-0.930,0.495
65.3,35.2,1.314,0.502
65.3,35.7,0.353,0.511
65.3,36.2,-0.609,0.518
65.3,36.7,-1.507,0.526
65.3,37.2,0.673,0.534
65.3,37.7,-0.224,0.542
65.3,38.2,-1.186,0.550
65.3,38.7,0.994,0.558
65.3,39.2,0.096,0.565
65.3,39.7,-0.866,0.573
65.3,40.2,1.314,0.581
65.3,40.7,0.417,0.589
65.3,41.2,-0.545,0.597
65.3,41.7,-1.507,0.604
65.3,42.2,0.737,0.612
65.3,42.7,-0.224,0.620
65.3,43.2,-1.186,0.628
65.3,43.7,1.058,0.635
65.3,44.2,0.096,0.643
65.3,44.7,-0.866,0.651
65.3,45.2,1.378,0.659
65.3,45.7,0.417,0.666
65.3,46.2,-0.545,0.674
65.3,46.7,-1.443,0.681
65.3,47.2,0.737,0.689
65.3,47.7,-0.224,0.697
65.3,48.2,-1.186,0.705
65.3,48.7,1.058,0.712
65.3,49.2,0.096,0.720
65.3,49.7,-0.866,0.728
65.3,50.3,1.314,0.735
65.3,50.8,0.417,0.742
65.3,51.3,-0.545,0.750
65.3,51.8,-1.507,0.758
65.3,52.3,0.673,0.765
65.3,52.8,-0.289,0.773
65.3,53.3,-1.186,0.780
65.3,53.8,0.994,0.788
65.3,54.3,0.032,0.795
65.3,54.8,-0.930,0.803
65.3,55.3,1.250,0.810
65.3,55.8,0.353,0.818
65.3,56.3,-0.609,0.825
65.3,56.8,1.571,0.833
65.3,57.3,0.609,0.840
65.3,57.8,-0.353,0.847
65.3,58.3,-1.314,0.855
65.3,58.8,0.930,0.862
65.3,59.3,-0.032,0.869
65.3,59.8,-0.994,0.877
65.3,60.3,1.186,0.884
65.3,60.8,0.224,0.891
65.3,61.3,-0.737,0.899
65.3,61.8,1.443,0.906
65.3,62.3,0.481,0.913
65.3,62.8,-0.481,0.920
65.3,63.3,-1.378,0.927
65.3,63.8,0.801,0.935
65.3,64.3,-0.160,0.942
65.3,64.8,-1.122,0.949
65.3,65.3,1.058,0.957
65.3,65.8,0.096,0.964
65.3,66.3,-0.866,0.971
65.3,66.8,1.314,0.978
65.3,67.3,0.353,0.985
65.3,67.8,-0.609,0.992
65.3,68.3,-1.571,0.999
65.3,68.8,0.609,1.006
65.3,69.3,-0.353,1.013
65.3,69.8,-1.314,1.020
65.3,70.4,0.866,1.027
65.3,70.9,-0.096,1.034
65.3,71.4,-1.058,1.041
65.3,71.9,1.122,1.048
65.3,72.4,0.160,1.055
65.3,72.9,-0.801,1.062
65.3,73.4,1.378,1.069
65.3,73.9,0.417,1.076
65.3,74.4,-0.545,1.083
65.3,74.9,-1.507,1.090
65.3,75.4,0.673,1.096
65.3,75.9,-0.289,1.103
65.3,76.4,-1.250,1.110
65.3,76.9,0.930,1.117
65.3,77.4,-0.032,1.123
65.3,77.9,-0.994,1.130
65.3,78.4,1.122,1.136
65.3,78.9,0.160,1.143
65.3,79.4,-0.801,1.150
65.3,79.9,1.378,1.157
65.3,80.4,0.417,1.164
65.3,80.9,-0.545,1.170
65.3,81.4,-1.507,1.177
65.3,81.9,0.673,1.183
65.3,82.4,-0.289,1.190
65.3,82.9,-1.314,1.196
65.3,83.4,0.866,1.203
65.3,83.9,-0.096,1.209
65.3,84.4,-1.058,1.216
65.3,84.9,1.122,1.222
65.3,85.4,0.160,1.229
65.3,85.9,-0.866,1.235
65.3,86.4,1.314,1.242
65.3,86.9,0.353,1.248
65.3,87.4,-0.609,1.254
65.3,87.9,1.571,1.261
65.3,88.4,0.545,1.266
65.3,88.9,-0.417,1.273
65.3,89.4,-1.378,1.280
65.3,89.9,0.801,1.286
65.3,90.5,-0.160,1.292
65.3,91.0,-1.186,1.298
65.3,91.5,0.994,1.304
65.3,92.0,0.032,1.311
65.3,92.5,-0.930,1.317
65.3,93.0,1.186,1.323
65.3,93.5,0.224,1.329
65.3,94.0,-0.737,1.335
65.3,94.5,1.443,1.341
65.3,95.0,0.417,1.347
65.3,95.5,-0.545,1.353
65.3,96.0,-1.507,1.359
65.3,96.5,0.609,1.365
65.3,97.0,-0.353,1.371
65.3,97.5,-1.314,1.377
65.3,98.0,0.801,1.382
65.3,98.5,-0.160,1.389
65.3,99.0,-1.122,1.395
65.3,99.5,0.994,1.400
65.3,100.0,0.032,1.406
65.8,0.0,1.571,0.068
65.8,0.5,0.673,0.060
65.8,1.0,-0.224,0.052
65.8,1.5,-1.186,0.044
65.8,2.0,1.058,0.036
65.8,2.5,0.160,0.028
65.8,3.0,-0.737,0.019
65.8,3.5,1.507,0.011
65.8,4.0,0.545,0.003
65.8,4.5,-0.353,0.005
65.8,5.0,-1.250,0.013
65.8,5.5,0.994,0.021
65.8,6.0,0.032,0.030
65.8,6.5,-0.866,0.038
65.8,7.0,1.378,0.046
65.8,7.5,0.481,0.054
65.8,8.0,-0.481,0.062
65.8,8.5,-1.378,0.070
65.8,9.0,0.866,0.079
65.8,9.5,-0.032,0.087
65.8,10.1,-0.994,0.095
65.8,10.6,1.250,0.103
65.8,11.1,0.353,0.111
65.8,11.6,-0.609,0.119
65.8,12.1,-1.507,0.127
65.8,12.6,0.737,0.136
65.8,13.1,-0.224,0.144
65.8,13.6,-1.122,0.152
65.8,14.1,1.122,0.160
65.8,14.6,0.160,0.168
65.8,15.1,-0.737,0.176
65.8,15.6,1.507,0.184
65.8,16.1,0.545,0.192
65.8,16.6,-0.353,0.201
65.8,17.1,-1.250,0.209
65.8,17.6,0.930,0.217
65.8,18.1,0.032,0.225
65.8,18.6,-0.930,0.233
65.8,19.1,1.314,0.241
65.8,19.6,0.417,0.249
65.8,20.1,-0.545,0.257
65.8,20.6,-1.443,0.265
65.8,21.1,0.737,0.273
65.8,21.6,-0.160,0.282
65.8,22.1,-1.058,0.290
65.8,22.6,1.122,0.298
65.8,23.1,0.224,0.306
65.8,23.6,-0.737,0.314
65.8,24.1,1.507,0.322
65.8,24.6,0.545,0.330
65.8,25.1,-0.353,0.338
65.8,25.6,-1.314,0.346
65.8,26.1,0.930,0.354
65.8,26.6,-0.032,0.362
65.8,27.1,-0.930,0.370
65.8,27.6,1.314,0.378
65.8,28.1,0.353,0.386
65.8,28.6,-0.545,0.394
65.8,29.1,-1.507,0.402
65.8,29.6,0.673,0.410
65.8,30.2,-0.224,0.418
65.8,30.7,-1.186,0.426
65.8,31.2,1.058,0.434
65.8,31.7,0.096,0.442
65.8,32.2,-0.801,0.450
65.8,32.7,1.378,0.458
65.8,33.2,0.481,0.466
65.8,33.7,-0.481,0.474
65.8,34.2,-1.378,0.481
65.8,34.7,0.801,0.490
65.8,35.2,-0.160,0.497
65.8,35.7,-1.058,0.505
65.8,36.2,1.122,0.513
65.8,36.7,0.224,0.521
65.8,37.2,-0.737,0.529
65.8,37.7,1.443,0.537
65.8,38.2,0.545,0.545
65.8,38.7,-0.417,0.552
65.8,39.2,-1.314,0.560
65.8,39.7,0.866,0.568
65.8,40.2,-0.096,0.576
65.8,40.7,-0.994,0.584
65.8,41.2,1.186,0.592
65.8,41.7,0.224,0.599
65.8,42.2,-0.673,0.607
65.8,42.7,1.507,0.615
65.8,43.2,0.545,0.623
65.8,43.7,-0.353,0.630
65.8,44.2,-1.314,0.638
65.8,44.7,0.866,0.646
65.8,45.2,-0.032,0.653
65.8,45.7,-0.994,0.661
65.8,46.2,1.186,0.669
65.8,46.7,0.289,0.676
65.8,47.2,-0.673,0.684
65.8,47.7,1.507,0.692
65.8,48.2,0.545,0.699
65.8,48.7,-0.353,0.707
65.8,49.2,-1.314,0.715
65.8,49.7,0.866,0.722
65.8,50.3,-0.096,0.730
65.8,50.8,-0.994,0.737
65.8,51.3,1.186,0.745
65.8,51.8,0.224,0.753
65.8,52.3,-0.737,0.760
65.8,52.8,1.443,0.768
65.8,53.3,0.545,0.775
65.8,53.8,-0.417,0.783
65.8,54.3,-1.378,0.790
65.8,54.8,0.801,0.798
65.8,55.3,-0.160,0.805
65.8,55.8,-1.058,0.813
65.8,56.3,1.122,0.820
65.8,56.8,0.160,0.828
65.8,57.3,-0.801,0.835
65.8,57.8,1.378,0.842
65.8,58.3,0.417,0.850
65.8,58.8,-0.481,0.857
65.8,59.3,-1.443,0.865
65.8,59.8,0.737,0.872
65.8,60.3,-0.224,0.879
65.8,60.8,-1.186,0.887
65.8,61.3,0.994,0.894
65.8,61.8,0.032,0.901
65.8,62.3,-0.930,0.908
65.8,62.8,1.314,0.915
65.8,63.3,0.353,0.923
65.8,63.8,-0.609,0.930
65.8,64.3,1.571,0.937
65.8,64.8,0.609,0.945
65.8,65.3,-0.353,0.952
65.8,65.8,-1.314,0.959
65.8,66.3,0.866,0.966
65.8,66.8,-0.096,0.973
65.8,67.3,-1.058,0.980
65.8,67.8,1.122,0.987
65.8,68.3,0.160,0.994
65.8,68.8,-0.801,1.001
65.8,69.3,1.378,1.008
65.8,69.8,0.417,1.015
65.8,70.4,-0.545,1.022
65.8,70.9,-1.507,1.029
65.8,71.4,0.673,1.036
65.8,71.9,-0.289,1.043
65.8,72.4,-1.250,1.050
65.8,72.9,0.930,1.057
65.8,73.4,-0.032,1.064
65.8,73.9,-0.994,1.071
65.8,74.4,1.186,1.078
65.8,74.9,0.224,1.085
65.8,75.4,-0.737,1.092
65.8,75.9,1.443,1.099
65.8,76.4,0.481,1.105
65.8,76.9,-0.481,1.112
65.8,77.4,-1.443,1.119
65.8,77.9,0.737,1.126
65.8,78.4,-0.224,1.132
65.8,78.9,-1.186,1.139
65.8,79.4,0.994,1.145
65.8,79.9,-0.032,1.152
65.8,80.4,-0.994,1.159
65.8,80.9,1.186,1.166
65.8,81.4,0.224,1.172
65.8,81.9,-0.737,1.179
65.8,82.4,1.443,1.186
65.8,82.9,0.481,1.192
65.8,83.4,-0.481,1.198
65.8,83.9,-1.507,1.205
65.8,84.4,0.673,1.212
65.8,84.9,-0.289,1.218
65.8,85.4,-1.250,1.225
65.8,85.9,0.930,1.231
65.8,86.4,-0.032,1.237
65.8,86.9,-1.058,1.243
65.8,87.4,1.122,1.250
65.8,87.9,0.160,1.257
65.8,88.4,-0.801,1.263
65.8,88.9,1.378,1.269
65.8,89.4,0.353,1.275
65.8,89.9,-0.609,1.282
65.8,90.5,1.571,1.288
65.8,91.0,0.609,1.294
65.8,91.5,-0.417,1.300
65.8,92.0,-1.378,1.306
65.8,92.5,0.801,1.313
65.8,93.0,-0.160,1.319
65.8,93.5,-1.186,1.324
65.8,94.0,0.994,1.331
65.8,94.5,0.032,1.337
65.8,95.0,-0.930,1.343
65.8,95.5,1.186,1.349
65.8,96.0,0.224,1.355
65.8,96.5,-0.737,1.361
65.8,97.0,1.378,1.367
65.8,97.5,0.417,1.373
65.8,98.0,-0.545,1.379
65.8,98.5,-1.507,1.384
65.8,99.0,0.609,1.391
65.8,99.5,-0.353,1.397
65.8,100.0,-1.314,1.402
66.3,0.0,0.160,0.074
66.3,0.5,-0.801,0.066
66.3,1.0,1.443,0.057
66.3,1.5,0.545,0.049
66.3,2.0,-0.353,0.041
66.3,2.5,-1.250,0.033
66.3,3.0,0.930,0.025
66.3,3.5,0.032,0.017
66.3,4.0,-0.866,0.009
66.3,4.5,1.378,0.000
66.3,5.0,0.481,0.008
66.3,5.5,-0.481,0.016
66.3,6.0,-1.378,0.024
66.3,6.5,0.866,0.032
66.3,7.0,-0.032,0.040
66.3,7.5,-0.994,0.049
66.3,8.0,1.250,0.057
66.3,8.5,0.353,0.065
66.3,9.0,-0.545,0.073
66.3,9.5,-1.507,0.081
66.3,10.1,0.737,0.089
66.3,10.6,-0.160,0.097
66.3,11.1,-1.122,0.106
66.3,11.6,1.122,0.114
66.3,12.1,0.224,0.122
66.3,12.6,-0.737,0.130
66.3,13.1,1.507,0.138
66.3,13.6,0.609,0.146
66.3,14.1,-0.353,0.154
66.3,14.6,-1.250,0.163
66.3,15.1,0.994,0.171
66.3,15.6,0.032,0.179
66.3,16.1,-0.866,0.187
66.3,16.6,1.378,0.195
66.3,17.1,0.417,0.203
66.3,17.6,-0.481,0.211
66.3,18.1,-1.378,0.219
66.3,18.6,0.801,0.228
66.3,19.1,-0.096,0.236
66.3,19.6,-1.058,0.244
66.3,20.1,1.186,0.252
66.3,20.6,0.289,0.260
66.3,21.1,-0.673,0.268
66.3,21.6,1.571,0.276
66.3,22.1,0.609,0.284
66.3,22.6,-0.289,0.292
66.3,23.1,-1.186,0.300
66.3,23.6,0.994,0.308
66.3,24.1,0.096,0.316
66.3,24.6,-0.866,0.325
66.3,25.1,1.378,0.333
66.3,25.6,0.417,0.341
66.3,26.1,-0.481,0.349
66.3,26.6,-1.443,0.357
66.3,27.1,0.801,0.365
66.3,27.6,-0.160,0.373
66.3,28.1,-1.058,0.381
66.3,28.6,1.122,0.389
66.3,29.1,0.224,0.397
66.3,29.6,-0.737,0.405
66.3,30.2,1.507,0.413
66.3,30.7,0.545,0.421
66.3,31.2,-0.353,0.429
66.3,31.7,-1.314,0.437
66.3,32.2,0.930,0.445
66.3,32.7,-0.032,0.453
66.3,33.2,-0.930,0.460
66.3,33.7,1.250,0.468
66.3,34.2,0.289,0.476
66.3,34.7,-0.609,0.484
66.3,35.2,-1.571,0.492
66.3,35.7,0.673,0.500
66.3,36.2,-0.289,0.508
66.3,36.7,-1.186,0.516
66.3,37.2,0.994,0.524
66.3,37.7,0.032,0.531
66.3,38.2,-0.866,0.539
66.3,38.7,1.314,0.547
66.3,39.2,0.417,0.555
66.3,39.7,-0.545,0.563
66.3,40.2,-1.507,0.571
66.3,40.7,0.737,0.578
66.3,41.2,-0.224,0.586
66.3,41.7,-1.186,0.594
66.3,42.2,1.058,0.602
66.3,42.7,0.096,0.610
66.3,43.2,-0.866,0.617
66.3,43.7,1.378,0.625
66.3,44.2,0.417,0.633
66.3,44.7,-0.545,0.641
66.3,45.2,-1.443,0.648
66.3,45.7,0.737,0.656
66.3,46.2,-0.224,0.664
66.3,46.7,-1.122,0.671
66.3,47.2,1.058,0.679
66.3,47.7,0.096,0.687
66.3,48.2,-0.866,0.694
66.3,48.7,1.378,0.702
66.3,49.2,0.417,0.710
66.3,49.7,-0.545,0.717
66.3,50.3,-1.507,0.725
66.3,50.8,0.737,0.732
66.3,51.3,-0.224,0.740
66.3,51.8,-1.186,0.748
66.3,52.3,0.994,0.755
66.3,52.8,0.096,0.763
66.3,53.3,-0.866,0.770
66.3,53.8,1.314,0.778
66.3,54.3,0.353,0.785
66.3,54.8,-0.609,0.793
66.3,55.3,-1.507,0.800
66.3,55.8,0.673,0.808
66.3,56.3,-0.289,0.815
66.3,56.8,-1.250,0.823
66.3,57.3,0.930,0.830
66.3,57.8,-0.032,0.837
66.3,58.3,-0.930,0.845
66.3,58.8,1.250,0.852
66.3,59.3,0.289,0.860
66.3,59.8,-0.673,0.867
66.3,60.3,1.507,0.874
66.3,60.8,0.545,0.882
66.3,61.3,-0.417,0.889
66.3,61.8,-1.378,0.896
66.3,62.3,0.866,0.903
66.3,62.8,-0.096,0.911
66.3,63.3,-1.058,0.918
66.3,63.8,1.122,0.925
66.3,64.3,0.160,0.933
66.3,64.8,-0.801,0.940
66.3,65.3,1.378,0.947
66.3,65.8,0.417,0.954
66.3,66.3,-0.545,0.961
66.3,66.8,-1.507,0.968
66.3,67.3,0.673,0.975
66.3,67.8,-0.289,0.982
66.3,68.3,-1.250,0.989
66.3,68.8,0.930,0.996
66.3,69.3,-0.032,1.003
66.3,69.8,-0.930,1.011
66.3,70.4,1.250,1.018
66.3,70.9,0.289,1.025
66.3,71.4,-0.673,1.032
66.3,71.9,1.507,1.039
66.3,72.4,0.545,1.045
66.3,72.9,-0.417,1.052
66.3,73.4,-1.443,1.059
66.3,73.9,0.737,1.066
66.3,74.4,-0.224,1.073
66.3,74.9,-1.186,1.080
66.3,75.4,0.994,1.087
66.3,75.9,0.032,1.094
66.3,76.4,-0.930,1.101
66.3,76.9,1.250,1.108
66.3,77.4,0.289,1.115
66.3,77.9,-0.673,1.121
66.3,78.4,1.507,1.128
66.3,78.9,0.545,1.135
66.3,79.4,-0.417,1.141
66.3,79.9,-1.378,1.148
66.3,80.4,0.801,1.154
66.3,80.9,-0.224,1.161
66.3,81.4,-1.186,1.168
66.3,81.9,0.994,1.175
66.3,82.4,0.032,1.181
66.3,82.9,-0.930,1.188
66.3,83.4,1.250,1.194
66.3,83.9,0.289,1.201
66.3,84.4,-0.673,1.207
66.3,84.9,1.443,1.214
66.3,85.4,0.481,1.220
66.3,85.9,-0.481,1.227
66.3,86.4,-1.443,1.233
66.3,86.9,0.737,1.239
66.3,87.4,-0.224,1.245
66.3,87.9,-1.250,1.252
66.3,88.4,0.930,1.259
66.3,88.9,-0.032,1.265
66.3,89.4,-0.994,1.271
66.3,89.9,1.186,1.277
66.3,90.5,0.160,1.284
66.3,91.0,-0.801,1.290
66.3,91.5,1.378,1.296
66.3,92.0,0.417,1.302
66.3,92.5,-0.609,1.308
66.3,93.0,-1.571,1.315
66.3,93.5,0.609,1.321
66.3,94.0,-0.353,1.327
66.3,94.5,-1.378,1.333
66.3,95.0,0.801,1.339
66.3,95.5,-0.160,1.345
66.3,96.0,-1.186,1.351
66.3,96.5,0.994,1.357
66.3,97.0,0.032,1.363
66.3,97.5,-0.930,1.369
66.3,98.0,1.186,1.375
66.3,98.5,0.224,1.381
66.3,99.0,-0.737,1.387
66.3,99.5,1.378,1.393
66.3,100.0,0.417,1.399
66.8,0.0,-1.314,0.079
66.8,0.5,0.930,0.071
66.8,1.0,0.032,0.063
66.8,1.5,-0.866,0.055
66.8,2.0,1.314,0.047
66.8,2.5,0.417,0.039
66.8,3.0,-0.481,0.030
66.8,3.5,-1.378,0.022
66.8,4.0,0.866,0.014
66.8,4.5,-0.096,0.006
66.8,5.0,-0.994,0.002
66.8,5.5,1.250,0.010
66.8,6.0,0.353,0.019
66.8,6.5,-0.545,0.027
66.8,7.0,-1.507,0.035
66.8,7.5,0.737,0.043
66.8,8.0,-0.160,0.051
66.8,8.5,-1.058,0.059
66.8,9.0,1.122,0.068
66.8,9.5,0.224,0.076
66.8,10.1,-0.673,0.084
66.8,10.6,1.507,0.092
66.8,11.1,0.609,0.100
66.8,11.6,-0.289,0.108
66.8,12.1,-1.250,0.116
66.8,12.6,0.994,0.125
66.8,13.1,0.096,0.133
66.8,13.6,-0.801,0.141
66.8,14.1,1.378,0.149
66.8,14.6,0.481,0.157
66.8,15.1,-0.417,0.165
66.8,15.6,-1.378,0.173
66.8,16.1,0.866,0.182
66.8,16.6,-0.032,0.190
66.8,17.1,-0.994,0.198
66.8,17.6,1.250,0.206
66.8,18.1,0.289,0.214
66.8,18.6,-0.609,0.222
66.8,19.1,-1.507,0.230
66.8,19.6,0.673,0.238
66.8,20.1,-0.224,0.246
66.8,20.6,-1.186,0.254
66.8,21.1,1.058,0.263
66.8,21.6,0.160,0.271
66.8,22.1,-0.801,0.279
66.8,22.6,1.443,0.287
66.8,23.1,0.481,0.295
66.8,23.6,-0.417,0.303
66.8,24.1,-1.378,0.311
66.8,24.6,0.866,0.319
66.8,25.1,-0.032,0.327
66.8,25.6,-0.994,0.335
66.8,26.1,1.250,0.343
66.8,26.6,0.289,0.351
66.8,27.1,-0.609,0.359
66.8,27.6,-1.571,0.367
66.8,28.1,0.673,0.375
66.8,28.6,-0.289,0.383
66.8,29.1,-1.186,0.391
66.8,29.6,0.994,0.399
66.8,30.2,0.096,0.407
66.8,30.7,-0.866,0.415
66.8,31.2,1.378,0.423
66.8,31.7,0.417,0.431
66.8,32.2,-0.481,0.439
66.8,32.7,-1.443,0.447
66.8,33.2,0.737,0.455
66.8,33.7,-0.160,0.463
66.8,34.2,-1.122,0.471
66.8,34.7,1.122,0.479
66.8,35.2,0.160,0.487
66.8,35.7,-0.737,0.495
66.8,36.2,1.443,0.503
66.8,36.7,0.481,0.510
66.8,37.2,-0.417,0.518
66.8,37.7,-1.378,0.526
66.8,38.2,0.866,0.534
66.8,38.7,-0.096,0.542
66.8,39.2,-1.058,0.550
66.8,39.7,1.186,0.558
66.8,40.2,0.224,0.566
66.8,40.7,-0.673,0.573
66.8,41.2,1.507,0.581
66.8,41.7,0.545,0.589
66.8,42.2,-0.353,0.597
66.8,42.7,-1.314,0.605
66.8,43.2,0.866,0.612
66.8,43.7,-0.032,0.620
66.8,44.2,-0.994,0.628
66.8,44.7,1.186,0.635
66.8,45.2,0.289,0.643
66.8,45.7,-0.673,0.651
66.8,46.2,1.507,0.659
66.8,46.7,0.545,0.666
66.8,47.2,-0.353,0.674
66.8,47.7,-1.314,0.682
66.8,48.2,0.866,0.689
66.8,48.7,-0.032,0.697
66.8,49.2,-0.994,0.705
66.8,49.7,1.186,0.712
66.8,50.3,0.224,0.720
66.8,50.8,-0.673,0.727
66.8,51.3,1.507,0.735
66.8,51.8,0.545,0.743
66.8,52.3,-0.417,0.750
66.8,52.8,-1.314,0.758
66.8,53.3,0.866,0.765
66.8,53.8,-0.096,0.773
66.8,54.3,-1.058,0.780
66.8,54.8,1.122,0.788
66.8,55.3,0.224,0.795
66.8,55.8,-0.737,0.803
66.8,56.3,1.443,0.810
66.8,56.8,0.481,0.818
66.8,57.3,-0.481,0.825
66.8,57.8,-1.443,0.832
66.8,58.3,0.801,0.840
66.8,58.8,-0.160,0.847
66.8,59.3,-1.122,0.855
66.8,59.8,1.058,0.862
66.8,60.3,0.096,0.869
66.8,60.8,-0.866,0.877
66.8,61.3,1.314,0.884
66.8,61.8,0.417,0.891
66.8,62.3,-0.545,0.899
66.8,62.8,-1.507,0.906
66.8,63.3,0.673,0.913
66.8,63.8,-0.289,0.921
66.8,64.3,-1.250,0.928
66.8,64.8,0.930,0.935
66.8,65.3,-0.032,0.942
66.8,65.8,-0.994,0.949
66.8,66.3,1.186,0.956
66.8,66.8,0.224,0.963
66.8,67.3,-0.673,0.970
66.8,67.8,1.507,0.978
66.8,68.3,0.545,0.985
66.8,68.8,-0.417,0.992
66.8,69.3,-1.378,0.999
66.8,69.8,0.801,1.006
66.8,70.4,-0.160,1.013
66.8,70.9,-1.122,1.020
66.8,71.4,1.058,1.027
66.8,71.9,0.096,1.034
66.8,72.4,-0.866,1.041
66.8,72.9,1.314,1.048
66.8,73.4,0.353,1.055
66.8,73.9,-0.609,1.062
66.8,74.4,1.571,1.069
66.8,74.9,0.609,1.076
66.8,75.4,-0.353,1.082
66.8,75.9,-1.314,1.089
66.8,76.4,0.801,1.096
66.8,76.9,-0.160,1.103
66.8,77.4,-1.122,1.110
66.8,77.9,1.058,1.117
66.8,78.4,0.096,1.123
66.8,78.9,-0.866,1.130
66.8,79.4,1.314,1.137
66.8,79.9,0.353,1.144
66.8,80.4,-0.609,1.150
66.8,80.9,1.571,1.157
66.8,81.4,0.609,1.163
66.8,81.9,-0.353,1.170
66.8,82.4,-1.378,1.177
66.8,82.9,0.801,1.183
66.8,83.4,-0.160,1.190
66.8,83.9,-1.122,1.197
66.8,84.4,1.058,1.203
66.8,84.9,0.096,1.209
66.8,85.4,-0.866,1.216
66.8,85.9,1.250,1.222
66.8,86.4,0.289,1.229
66.8,86.9,-0.673,1.235
66.8,87.4,1.507,1.242
66.8,87.9,0.545,1.248
66.8,88.4,-0.481,1.254
66.8,88.9,-1.443,1.261
66.8,89.4,0.737,1.267
66.8,89.9,-0.224,1.273
66.8,90.5,-1.186,1.279
66.8,91.0,0.930,1.286
66.8,91.5,-0.032,1.292
66.8,92.0,-0.994,1.298
66.8,92.5,1.186,1.304
66.8,93.0,0.160,1.310
66.8,93.5,-0.801,1.317
66.8,94.0,1.378,1.323
66.8,94.5,0.417,1.329
66.8,95.0,-0.609,1.335
66.8,95.5,-1.571,1.341
66.8,96.0,0.609,1.347
66.8,96.5,-0.353,1.353
66.8,97.0,-1.378,1.359
66.8,97.5,0.801,1.365
66.8,98.0,-0.160,1.371
66.8,98.5,-1.186,1.377
66.8,99.0,0.994,1.383
66.8,99.5,0.032,1.389
66.8,100.0,-0.994,1.394
67.3,0.0,0.417,0.085
67.3,0.5,-0.481,0.077
67.3,1.0,-1.443,0.068
67.3,1.5,0.801,0.060
67.3,2.0,-0.096,0.052
67.3,2.5,-0.994,0.044
67.3,3.0,1.250,0.036
67.3,3.5,0.353,0.028
67.3,4.0,-0.609,0.020
67.3,4.5,-1.507,0.011
67.3,5.0,0.737,0.003
67.3,5.5,-0.160,0.005
67.3,6.0,-1.122,0.013
67.3,6.5,1.122,0.021
67.3,7.0,0.224,0.029
67.3,7.5,-0.673,0.038
67.3,8.0,1.507,0.046
67.3,8.5,0.609,0.054
67.3,9.0,-0.289,0.062
67.3,9.5,-1.186,0.070
67.3,10.1,0.994,0.078
67.3,10.6,0.096,0.087
67.3,11.1,-0.801,0.095
67.3,11.6,1.443,0.103
67.3,12.1,0.481,0.111
67.3,12.6,-0.417,0.119
67.3,13.1,-1.314,0.127
67.3,13.6,0.866,0.135
67.3,14.1,-0.032,0.144
67.3,14.6,-0.930,0.152
67.3,15.1,1.250,0.160
67.3,15.6,0.353,0.168
67.3,16.1,-0.545,0.176
67.3,16.6,-1.507,0.184
67.3,17.1,0.737,0.192
67.3,17.6,-0.160,0.200
67.3,18.1,-1.122,0.209
67.3,18.6,1.122,0.217
67.3,19.1,0.160,0.225
67.3,19.6,-0.737,0.233
67.3,20.1,1.507,0.241
67.3,20.6,0.545,0.249
67.3,21.1,-0.353,0.257
67.3,21.6,-1.314,0.265
67.3,22.1,0.930,0.273
67.3,22.6,0.032,0.281
67.3,23.1,-0.930,0.290
67.3,23.6,1.314,0.298
67.3,24.1,0.353,0.306
67.3,24.6,-0.545,0.314
67.3,25.1,-1.507,0.322
67.3,25.6,0.737,0.330
67.3,26.1,-0.224,0.338
67.3,26.6,-1.122,0.346
67.3,27.1,1.122,0.354
67.3,27.6,0.160,0.362
67.3,28.1,-0.737,0.370
67.3,28.6,1.443,0.378
67.3,29.1,0.545,0.386
67.3,29.6,-0.417,0.394
67.3,30.2,-1.314,0.402
67.3,30.7,0.866,0.410
67.3,31.2,-0.032,0.418
67.3,31.7,-0.994,0.426
67.3,32.2,1.186,0.434
67.3,32.7,0.289,0.442
67.3,33.2,-0.673,0.450
67.3,33.7,1.571,0.458
67.3,34.2,0.609,0.466
67.3,34.7,-0.289,0.474
67.3,35.2,-1.250,0.482
67.3,35.7,0.994,0.489
67.3,36.2,0.032,0.497
67.3,36.7,-0.930,0.505
67.3,37.2,1.314,0.513
67.3,37.7,0.353,0.521
67.3,38.2,-0.545,0.529
67.3,38.7,-1.507,0.537
67.3,39.2,0.673,0.544
67.3,39.7,-0.224,0.552
67.3,40.2,-1.186,0.560
67.3,40.7,1.058,0.568
67.3,41.2,0.096,0.576
67.3,41.7,-0.866,0.584
67.3,42.2,1.378,0.591
67.3,42.7,0.417,0.599
67.3,43.2,-0.545,0.607
67.3,43.7,-1.443,0.615
67.3,44.2,0.737,0.623
67.3,44.7,-0.224,0.630
67.3,45.2,-1.122,0.638
67.3,45.7,1.058,0.646
67.3,46.2,0.096,0.654
67.3,46.7,-0.866,0.661
67.3,47.2,1.378,0.669
67.3,47.7,0.417,0.677
67.3,48.2,-0.545,0.684
67.3,48.7,-1.443,0.692
67.3,49.2,0.737,0.700
67.3,49.7,-0.224,0.707
67.3,50.3,-1.186,0.715
67.3,50.8,1.058,0.722
67.3,51.3,0.096,0.730
67.3,51.8,-0.866,0.738
67.3,52.3,1.314,0.745
67.3,52.8,0.417,0.753
67.3,53.3,-0.545,0.760
67.3,53.8,-1.507,0.768
67.3,54.3,0.673,0.775
67.3,54.8,-0.289,0.783
67.3,55.3,-1.186,0.790
67.3,55.8,0.994,0.798
67.3,56.3,0.032,0.805
67.3,56.8,-0.930,0.813
67.3,57.3,1.250,0.820
67.3,57.8,0.353,0.827
67.3,58.3,-0.609,0.835
67.3,58.8,1.571,0.843
67.3,59.3,0.609,0.850
67.3,59.8,-0.353,0.857
67.3,60.3,-1.314,0.865
67.3,60.8,0.866,0.872
67.3,61.3,-0.032,0.879
67.3,61.8,-0.994,0.887
67.3,62.3,1.186,0.894
67.3,62.8,0.224,0.901
67.3,63.3,-0.737,0.909
67.3,63.8,1.443,0.916
67.3,64.3,0.481,0.923
67.3,64.8,-0.481,0.930
67.3,65.3,-1.443,0.937
67.3,65.8,0.737,0.944
67.3,66.3,-0.160,0.951
67.3,66.8,-1.122,0.959
67.3,67.3,1.058,0.966
67.3,67.8,0.096,0.973
67.3,68.3,-0.866,0.980
67.3,68.8,1.314,0.987
67.3,69.3,0.353,0.995
67.3,69.8,-0.609,1.002
67.3,70.4,1.571,1.009
67.3,70.9,0.609,1.016
67.3,71.4,-0.353,1.023
67.3,71.9,-1.314,1.030
67.3,72.4,0.866,1.037
67.3,72.9,-0.096,1.044
67.3,73.4,-1.058,1.051
67.3,73.9,1.122,1.058
67.3,74.4,0.160,1.064
67.3,74.9,-0.801,1.071
67.3,75.4,1.378,1.078
67.3,75.9,0.417,1.085
67.3,76.4,-0.545,1.092
67.3,76.9,-1.507,1.098
67.3,77.4,0.673,1.105
67.3,77.9,-0.289,1.112
67.3,78.4,-1.314,1.119
67.3,78.9,0.866,1.126
67.3,79.4,-0.096,1.132
67.3,79.9,-1.058,1.139
67.3,80.4,1.122,1.146
67.3,80.9,0.160,1.153
67.3,81.4,-0.801,1.159
67.3,81.9,1.378,1.166
67.3,82.4,0.417,1.172
67.3,82.9,-0.545,1.179
67.3,83.4,-1.571,1.185
67.3,83.9,0.609,1.192
67.3,84.4,-0.353,1.199
67.3,84.9,-1.314,1.205
67.3,85.4,0.866,1.212
67.3,85.9,-0.096,1.218
67.3,86.4,-1.122,1.224
67.3,86.9,1.058,1.231
67.3,87.4,0.096,1.238
67.3,87.9,-0.866,1.244
67.3,88.4,1.314,1.250
67.3,88.9,0.353,1.256
67.3,89.4,-0.673,1.263
67.3,89.9,1.507,1.269
67.3,90.5,0.545,1.276
67.3,91.0,-0.417,1.282
67.3,91.5,-1.378,1.288
67.3,92.0,0.737,1.294
67.3,92.5,-0.224,1.301
67.3,93.0,-1.186,1.307
67.3,93.5,0.994,1.312
67.3,94.0,-0.032,1.319
67.3,94.5,-0.994,1.325
67.3,95.0,1.186,1.331
67.3,95.5,0.160,1.337
67.3,96.0,-0.801,1.343
67.3,96.5,1.378,1.349
67.3,97.0,0.417,1.355
67.3,97.5,-0.609,1.361
67.3,98.0,-1.571,1.367
67.3,98.5,0.609,1.373
67.3,99.0,-0.417,1.379
67.3,99.5,-1.378,1.385
67.3,100.0,0.801,1.391
67.8,0.0,-1.058,0.090
67.8,0.5,1.186,0.082
67.8,1.0,0.289,0.074
67.8,1.5,-0.609,0.066
67.8,2.0,-1.507,0.058
67.8,2.5,0.737,0.049
67.8,3.0,-0.224,0.041
67.8,3.5,-1.122,0.033
67.8,4.0,1.122,0.025
67.8,4.5,0.224,0.017
67.8,5.0,-0.673,0.009
67.8,5.5,1.507,0.001
67.8,6.0,0.609,0.008
67.8,6.5,-0.289,0.016
67.8,7.0,-1.186,0.024
67.8,7.5,0.994,0.032
67.8,8.0,0.096,0.040
67.8,8.5,-0.801,0.048
67.8,9.0,1.443,0.057
67.8,9.5,0.481,0.065
67.8,10.1,-0.417,0.073
67.8,10.6,-1.314,0.081
67.8,11.1,0.930,0.089
67.8,11.6,-0.032,0.097
67.8,12.1,-0.930,0.106
67.8,12.6,1.314,0.114
67.8,13.1,0.353,0.122
67.8,13.6,-0.545,0.130
67.8,14.1,-1.443,0.138
67.8,14.6,0.737,0.146
67.8,15.1,-0.160,0.154
67.8,15.6,-1.058,0.162
67.8,16.1,1.122,0.171
67.8,16.6,0.224,0.179
67.8,17.1,-0.673,0.187
67.8,17.6,1.507,0.195
67.8,18.1,0.609,0.203
67.8,18.6,-0.289,0.211
67.8,19.1,-1.250,0.219
67.8,19.6,0.994,0.227
67.8,20.1,0.032,0.236
67.8,20.6,-0.866,0.244
67.8,21.1,1.378,0.252
67.8,21.6,0.417,0.260
67.8,22.1,-0.481,0.268
67.8,22.6,-1.443,0.276
67.8,23.1,0.801,0.284
67.8,23.6,-0.096,0.292
67.8,24.1,-1.058,0.300
67.8,24.6,1.186,0.308
67.8,25.1,0.224,0.316
67.8,25.6,-0.673,0.324
67.8,26.1,1.507,0.332
67.8,26.6,0.609,0.341
67.8,27.1,-0.353,0.349
67.8,27.6,-1.250,0.357
67.8,28.1,0.930,0.365
67.8,28.6,0.032,0.373
67.8,29.1,-0.930,0.381
67.8,29.6,1.314,0.389
67.8,30.2,0.353,0.397
67.8,30.7,-0.545,0.405
67.8,31.2,-1.507,0.413
67.8,31.7,0.737,0.421
67.8,32.2,-0.224,0.429
67.8,32.7,-1.122,0.437
67.8,33.2,1.058,0.444
67.8,33.7,0.160,0.452
67.8,34.2,-0.801,0.460
67.8,34.7,1.443,0.468
67.8,35.2,0.481,0.476
67.8,35.7,-0.481,0.484
67.8,36.2,-1.378,0.492
67.8,36.7,0.801,0.500
67.8,37.2,-0.096,0.508
67.8,37.7,-1.058,0.516
67.8,38.2,1.186,0.523
67.8,38.7,0.224,0.532
67.8,39.2,-0.737,0.539
67.8,39.7,1.507,0.547
67.8,40.2,0.545,0.555
67.8,40.7,-0.417,0.563
67.8,41.2,-1.314,0.571
67.8,41.7,0.866,0.579
67.8,42.2,-0.032,0.586
67.8,42.7,-0.994,0.594
67.8,43.2,1.186,0.602
67.8,43.7,0.289,0.610
67.8,44.2,-0.673,0.618
67.8,44.7,1.507,0.625
67.8,45.2,0.609,0.633
67.8,45.7,-0.353,0.641
67.8,46.2,-1.314,0.648
67.8,46.7,0.866,0.656
67.8,47.2,-0.032,0.664
67.8,47.7,-0.994,0.672
67.8,48.2,1.186,0.679
67.8,48.7,0.289,0.687
67.8,49.2,-0.673,0.695
67.8,49.7,1.507,0.702
67.8,50.3,0.545,0.710
67.8,50.8,-0.353,0.717
67.8,51.3,-1.314,0.725
67.8,51.8,0.866,0.733
67.8,52.3,-0.096,0.740
67.8,52.8,-0.994,0.748
67.8,53.3,1.186,0.755
67.8,53.8,0.224,0.763
67.8,54.3,-0.737,0.770
67.8,54.8,1.507,0.778
67.8,55.3,0.545,0.785
67.8,55.8,-0.417,0.793
67.8,56.3,-1.378,0.800
67.8,56.8,0.801,0.808
67.8,57.3,-0.160,0.815
67.8,57.8,-1.058,0.823
67.8,58.3,1.122,0.830
67.8,58.8,0.160,0.838
67.8,59.3,-0.801,0.845
67.8,59.8,1.378,0.852
67.8,60.3,0.417,0.860
67.8,60.8,-0.481,0.867
67.8,61.3,-1.443,0.874
67.8,61.8,0.737,0.882
67.8,62.3,-0.224,0.889
67.8,62.8,-1.186,0.896
67.8,63.3,0.994,0.904
67.8,63.8,0.032,0.911
67.8,64.3,-0.930,0.918
67.8,64.8,1.250,0.925
67.8,65.3,0.353,0.932
67.8,65.8,-0.609,0.940
67.8,66.3,1.571,0.947
67.8,66.8,0.609,0.954
67.8,67.3,-0.353,0.961
67.8,67.8,-1.314,0.969
67.8,68.3,0.866,0.976
67.8,68.8,-0.096,0.983
67.8,69.3,-1.058,0.990
67.8,69.8,1.122,0.997
67.8,70.4,0.160,1.004
67.8,70.9,-0.801,1.011
67.8,71.4,1.378,1.018
67.8,71.9,0.417,1.025
67.8,72.4,-0.545,1.032
67.8,72.9,-1.507,1.039
67.8,73.4,0.673,1.046
67.8,73.9,-0.289,1.053
67.8,74.4,-1.250,1.060
67.8,74.9,0.930,1.067
67.8,75.4,-0.032,1.074
67.8,75.9,-0.994,1.081
67.8,76.4,1.186,1.087
67.8,76.9,0.224,1.094
67.8,77.4,-0.737,1.101
67.8,77.9,1.443,1.108
67.8,78.4,0.481,1.114
67.8,78.9,-0.481,1.121
67.8,79.4,-1.443,1.128
67.8,79.9,0.673,1.134
67.8,80.4,-0.289,1.141
67.8,80.9,-1.250,1.148
67.8,81.4,0.930,1.155
67.8,81.9,-0.032,1.162
67.8,82.4,-0.994,1.168
67.8,82.9,1.186,1.175
67.8,83.4,0.224,1.181
67.8,83.9,-0.737,1.187
67.8,84.4,1.378,1.194
67.8,84.9,0.417,1.201
67.8,85.4,-0.545,1.208
67.8,85.9,-1.507,1.214
67.8,86.4,0.673,1.220
67.8,86.9,-0.289,1.227
67.8,87.4,-1.314,1.233
67.8,87.9,0.866,1.240
67.8,88.4,-0.096,1.246
67.8,88.9,-1.058,1.252
67.8,89.4,1.122,1.259
67.8,89.9,0.096,1.265
67.8,90.5,-0.866,1.271
67.8,91.0,1.314,1.278
67.8,91.5,0.353,1.284
67.8,92.0,-0.609,1.290
67.8,92.5,1.507,1.296
67.8,93.0,0.545,1.303
67.8,93.5,-0.417,1.309
67.8,94.0,-1.378,1.315
67.8,94.5,0.737,1.321
67.8,95.0,-0.224,1.327
67.8,95.5,-1.186,1.333
67.8,96.0,0.994,1.339
67.8,96.5,-0.032,1.345
67.8,97.0,-0.994,1.351
67.8,97.5,1.186,1.357
67.8,98.0,0.160,1.363
67.8,98.5,-0.801,1.369
67.8,99.0,1.378,1.375
67.8,99.5,0.417,1.381
67.8,100.0,-0.609,1.387
68.3,0.0,0.673,0.096
68.3,0.5,-0.224,0.088
68.3,1.0,-1.122,0.079
68.3,1.5,1.122,0.071
68.3,2.0,0.160,0.063
68.3,2.5,-0.737,0.055
68.3,3.0,1.507,0.047
68.3,3.5,0.609,0.039
68.3,4.0,-0.289,0.030
68.3,4.5,-1.250,0.022
68.3,5.0,0.994,0.014
68.3,5.5,0.096,0.006
68.3,6.0,-0.801,0.002
68.3,6.5,1.443,0.010
68.3,7.0,0.481,0.018
68.3,7.5,-0.417,0.027
68.3,8.0,-1.314,0.035
68.3,8.5,0.930,0.043
68.3,9.0,-0.032,0.051
68.3,9.5,-0.930,0.059
68.3,10.1,1.314,0.067
68.3,10.6,0.417,0.076
68.3,11.1,-0.545,0.084
68.3,11.6,-1.443,0.092
68.3,12.1,0.801,0.100
68.3,12.6,-0.160,0.108
68.3,13.1,-1.058,0.116
68.3,13.6,1.186,0.124
68.3,14.1,0.224,0.133
68.3,14.6,-0.673,0.141
68.3,15.1,1.571,0.149
68.3,15.6,0.609,0.157
68.3,16.1,-0.289,0.165
68.3,16.6,-1.186,0.173
68.3,17.1,0.994,0.181
68.3,17.6,0.096,0.190
68.3,18.1,-0.801,0.198
68.3,18.6,1.378,0.206
68.3,19.1,0.481,0.214
68.3,19.6,-0.417,0.222
68.3,20.1,-1.378,0.230
68.3,20.6,0.866,0.238
68.3,21.1,-0.096,0.246
68.3,21.6,-0.994,0.254
68.3,22.1,1.250,0.262
68.3,22.6,0.289,0.271
68.3,23.1,-0.609,0.279
68.3,23.6,-1.571,0.287
68.3,24.1,0.673,0.295
68.3,24.6,-0.289,0.303
68.3,25.1,-1.186,0.311
68.3,25.6,1.058,0.319
68.3,26.1,0.096,0.327
68.3,26.6,-0.801,0.335
68.3,27.1,1.378,0.343
68.3,27.6,0.481,0.351
68.3,28.1,-0.481,0.359
68.3,28.6,-1.378,0.367
68.3,29.1,0.801,0.375
68.3,29.6,-0.096,0.383
68.3,30.2,-1.058,0.391
68.3,30.7,1.186,0.399
68.3,31.2,0.224,0.407
68.3,31.7,-0.673,0.415
68.3,32.2,1.507,0.423
68.3,32.7,0.609,0.431
68.3,33.2,-0.353,0.439
68.3,33.7,-1.250,0.447
68.3,34.2,0.930,0.455
68.3,34.7,0.032,0.463
68.3,35.2,-0.930,0.471
68.3,35.7,1.250,0.479
68.3,36.2,0.353,0.487
68.3,36.7,-0.609,0.495
68.3,37.2,-1.507,0.503
68.3,37.7,0.673,0.511
68.3,38.2,-0.289,0.518
68.3,38.7,-1.186,0.526
68.3,39.2,0.994,0.534
68.3,39.7,0.096,0.542
68.3,40.2,-0.866,0.550
68.3,40.7,1.314,0.558
68.3,41.2,0.417,0.565
68.3,41.7,-0.545,0.573
68.3,42.2,-1.507,0.581
68.3,42.7,0.737,0.589
68.3,43.2,-0.224,0.597
68.3,43.7,-1.122,0.604
68.3,44.2,1.058,0.612
68.3,44.7,0.096,0.620
68.3,45.2,-0.801,0.628
68.3,45.7,1.378,0.636
68.3,46.2,0.417,0.643
68.3,46.7,-0.545,0.651
68.3,47.2,-1.443,0.659
68.3,47.7,0.737,0.666
68.3,48.2,-0.224,0.674
68.3,48.7,-1.122,0.682
68.3,49.2,1.058,0.689
68.3,49.7,0.096,0.697
68.3,50.3,-0.866,0.704
68.3,50.8,1.378,0.712
68.3,51.3,0.417,0.720
68.3,51.8,-0.545,0.728
68.3,52.3,-1.507,0.735
68.3,52.8,0.737,0.743
68.3,53.3,-0.224,0.750
68.3,53.8,-1.186,0.758
68.3,54.3,0.994,0.765
68.3,54.8,0.096,0.773
68.3,55.3,-0.866,0.780
68.3,55.8,1.314,0.788
68.3,56.3,0.353,0.795
68.3,56.8,-0.609,0.803
68.3,57.3,-1.507,0.810
68.3,57.8,0.673,0.818
68.3,58.3,-0.289,0.825
68.3,58.8,-1.250,0.833
68.3,59.3,0.930,0.840
68.3,59.8,-0.032,0.847
68.3,60.3,-0.930,0.854
68.3,60.8,1.250,0.862
68.3,61.3,0.289,0.870
68.3,61.8,-0.673,0.877
68.3,62.3,1.507,0.884
68.3,62.8,0.545,0.892
68.3,63.3,-0.417,0.899
68.3,63.8,-1.378,0.906
68.3,64.3,0.801,0.913
68.3,64.8,-0.096,0.920
68.3,65.3,-1.058,0.928
68.3,65.8,1.122,0.935
68.3,66.3,0.160,0.942
68.3,66.8,-0.801,0.949
68.3,67.3,1.378,0.957
68.3,67.8,0.417,0.964
68.3,68.3,-0.545,0.971
68.3,68.8,-1.507,0.978
68.3,69.3,0.673,0.985
68.3,69.8,-0.289,0.992
68.3,70.4,-1.250,0.999
68.3,70.9,0.930,1.006
68.3,71.4,-0.032,1.013
68.3,71.9,-0.994,1.020
68.3,72.4,1.186,1.027
68.3,72.9,0.224,1.034
68.3,73.4,-0.737,1.041
68.3,73.9,1.443,1.048
68.3,74.4,0.481,1.055
68.3,74.9,-0.481,1.062
68.3,75.4,-1.443,1.069
68.3,75.9,0.737,1.076
68.3,76.4,-0.224,1.083
68.3,76.9,-1.186,1.090
68.3,77.4,0.994,1.097
68.3,77.9,0.032,1.103
68.3,78.4,-0.930,1.110
68.3,78.9,1.250,1.117
68.3,79.4,0.289,1.124
68.3,79.9,-0.673,1.130
68.3,80.4,1.507,1.137
68.3,80.9,0.481,1.143
68.3,81.4,-0.481,1.150
68.3,81.9,-1.443,1.157
68.3,82.4,0.737,1.164
68.3,82.9,-0.224,1.170
68.3,83.4,-1.186,1.177
68.3,83.9,0.994,1.184
68.3,84.4,0.032,1.190
68.3,84.9,-0.930,1.196
68.3,85.4,1.186,1.203
68.3,85.9,0.224,1.210
68.3,86.4,-0.737,1.216
68.3,86.9,1.443,1.223
68.3,87.4,0.481,1.229
68.3,87.9,-0.481,1.235
68.3,88.4,-1.507,1.242
68.3,88.9,0.673,1.248
68.3,89.4,-0.289,1.255
68.3,89.9,-1.250,1.261
68.3,90.5,0.930,1.267
68.3,91.0,-0.096,1.273
68.3,91.5,-1.058,1.280
68.3,92.0,1.122,1.286
68.3,92.5,0.160,1.292
68.3,93.0,-0.866,1.298
68.3,93.5,1.314,1.305
68.3,94.0,0.353,1.311
68.3,94.5,-0.609,1.317
68.3,95.0,1.507,1.323
68.3,95.5,0.545,1.329
68.3,96.0,-0.417,1.335
68.3,96.5,-1.378,1.341
68.3,97.0,0.737,1.347
68.3,97.5,-0.224,1.353
68.3,98.0,-1.186,1.359
68.3,98.5,0.994,1.365
68.3,99.0,-0.032,1.371
68.3,99.5,-0.994,1.377
68.3,100.0,1.186,1.383
68.8,0.0,-0.737,0.101
68.8,0.5,1.507,0.093
68.8,1.0,0.545,0.085
68.8,1.5,-0.353,0.077
68.8,2.0,-1.250,0.069
68.8,2.5,0.994,0.060
68.8,3.0,0.096,0.052
68.8,3.5,-0.866,0.044
68.8,4.0,1.378,0.036
68.8,4.5,0.481,0.028
68.8,5.0,-0.417,0.020
68.8,5.5,-1.314,0.011
68.8,6.0,0.866,0.003
68.8,6.5,-0.032,0.005
68.8,7.0,-0.930,0.013
68.8,7.5,1.314,0.021
68.8,8.0,0.417,0.029
68.8,8.5,-0.545,0.037
68.8,9.0,-1.443,0.046
68.8,9.5,0.801,0.054
68.8,10.1,-0.160,0.062
68.8,10.6,-1.058,0.070
68.8,11.1,1.186,0.078
68.8,11.6,0.289,0.086
68.8,12.1,-0.673,0.095
68.8,12.6,-1.571,0.103
68.8,13.1,0.673,0.111
68.8,13.6,-0.289,0.119
68.8,14.1,-1.186,0.127
68.8,14.6,1.058,0.135
68.8,15.1,0.160,0.143
68.8,15.6,-0.801,0.152
68.8,16.1,1.443,0.160
68.8,16.6,0.545,0.168
68.8,17.1,-0.417,0.176
68.8,17.6,-1.314,0.184
68.8,18.1,0.866,0.192
68.8,18.6,-0.032,0.200
68.8,19.1,-0.930,0.208
68.8,19.6,1.250,0.217
68.8,20.1,0.353,0.225
68.8,20.6,-0.545,0.233
68.8,21.1,-1.507,0.241
68.8,21.6,0.737,0.249
68.8,22.1,-0.224,0.257
68.8,22.6,-1.122,0.265
68.8,23.1,1.122,0.273
68.8,23.6,0.160,0.281
68.8,24.1,-0.737,0.289
68.8,24.6,1.443,0.298
68.8,25.1,0.545,0.306
68.8,25.6,-0.417,0.314
68.8,26.1,-1.314,0.322
68.8,26.6,0.866,0.330
68.8,27.1,-0.032,0.338
68.8,27.6,-0.930,0.346
68.8,28.1,1.250,0.354
68.8,28.6,0.353,0.362
68.8,29.1,-0.609,0.370
68.8,29.6,-1.507,0.378
68.8,30.2,0.673,0.386
68.8,30.7,-0.224,0.394
68.8,31.2,-1.186,0.402
68.8,31.7,1.058,0.410
68.8,32.2,0.096,0.418
68.8,32.7,-0.801,0.426
68.8,33.2,1.378,0.434
68.8,33.7,0.417,0.442
68.8,34.2,-0.481,0.450
68.8,34.7,-1.443,0.458
68.8,35.2,0.801,0.466
68.8,35.7,-0.160,0.474
68.8,36.2,-1.058,0.481
68.8,36.7,1.122,0.489
68.8,37.2,0.224,0.497
68.8,37.7,-0.737,0.505
68.8,38.2,1.443,0.513
68.8,38.7,0.545,0.521
68.8,39.2,-0.417,0.529
68.8,39.7,-1.314,0.537
68.8,40.2,0.866,0.545
68.8,40.7,-0.096,0.552
68.8,41.2,-0.994,0.560
68.8,41.7,1.186,0.568
68.8,42.2,0.224,0.576
68.8,42.7,-0.673,0.584
68.8,43.2,1.507,0.592
68.8,43.7,0.545,0.599
68.8,44.2,-0.353,0.607
68.8,44.7,-1.314,0.615
68.8,45.2,0.866,0.622
68.8,45.7,-0.032,0.630
68.8,46.2,-0.994,0.638
68.8,46.7,1.186,0.646
68.8,47.2,0.289,0.654
68.8,47.7,-0.673,0.661
68.8,48.2,1.507,0.669
68.8,48.7,0.609,0.676
68.8,49.2,-0.353,0.684
68.8,49.7,-1.314,0.692
68.8,50.3,0.866,0.699
68.8,50.8,-0.032,0.707
68.8,51.3,-0.994,0.715
68.8,51.8,1.186,0.722
68.8,52.3,0.224,0.730
68.8,52.8,-0.673,0.738
68.8,53.3,1.507,0.745
68.8,53.8,0.545,0.753
68.8,54.3,-0.417,0.760
68.8,54.8,-1.314,0.768
68.8,55.3,0.866,0.775
68.8,55.8,-0.096,0.783
68.8,56.3,-1.058,0.790
68.8,56.8,1.122,0.798
68.8,57.3,0.224,0.805
68.8,57.8,-0.737,0.813
68.8,58.3,1.443,0.820
68.8,58.8,0.481,0.828
68.8,59.3,-0.481,0.835
68.8,59.8,-1.443,0.842
68.8,60.3,0.801,0.850
68.8,60.8,-0.160,0.857
68.8,61.3,-1.122,0.865
68.8,61.8,1.058,0.872
68.8,62.3,0.096,0.879
68.8,62.8,-0.866,0.887
68.8,63.3,1.314,0.894
68.8,63.8,0.353,0.901
68.8,64.3,-0.545,0.908
68.8,64.8,-1.507,0.916
68.8,65.3,0.673,0.923
68.8,65.8,-0.289,0.930
68.8,66.3,-1.250,0.938
68.8,66.8,0.930,0.945
68.8,67.3,-0.032,0.952
68.8,67.8,-0.994,0.959
68.8,68.3,1.186,0.966
68.8,68.8,0.224,0.973
68.8,69.3,-0.737,0.980
68.8,69.8,1.443,0.987
68.8,70.4,0.481,0.994
68.8,70.9,-0.481,1.001
68.8,71.4,-1.443,1.008
68.8,71.9,0.737,1.015
68.8,72.4,-0.224,1.022
68.8,72.9,-1.186,1.029
68.8,73.4,0.994,1.036
68.8,73.9,0.032,1.043
68.8,74.4,-0.930,1.050
68.8,74.9,1.250,1.057
68.8,75.4,0.289,1.064
68.8,75.9,-0.673,1.071
68.8,76.4,1.507,1.078
68.8,76.9,0.545,1.085
68.8,77.4,-0.417,1.092
68.8,77.9,-1.378,1.099
68.8,78.4,0.801,1.106
68.8,78.9,-0.160,1.112
68.8,79.4,-1.122,1.119
68.8,79.9,1.058,1.126
68.8,80.4,0.096,1.133
68.8,80.9,-0.866,1.139
68.8,81.4,1.314,1.146
68.8,81.9,0.353,1.152
68.8,82.4,-0.673,1.159
68.8,82.9,1.507,1.166
68.8,83.4,0.545,1.173
68.8,83.9,-0.417,1.179
68.8,84.4,-1.378,1.186
68.8,84.9,0.801,1.192
68.8,85.4,-0.160,1.199
68.8,85.9,-1.122,1.205
68.8,86.4,0.994,1.212
68.8,86.9,0.032,1.218
68.8,87.4,-0.930,1.225
68.8,87.9,1.250,1.231
68.8,88.4,0.289,1.237
68.8,88.9,-0.673,1.244
68.8,89.4,1.443,1.250
68.8,89.9,0.481,1.257
68.8,90.5,-0.481,1.263
68.8,91.0,-1.443,1.269
68.8,91.5,0.737,1.275
68.8,92.0,-0.289,1.282
68.8,92.5,-1.250,1.288
68.8,93.0,0.930,1.294
68.8,93.5,-0.032,1.300
68.8,94.0,-1.058,1.307
68.8,94.5,1.122,1.313
68.8,95.0,0.160,1.319
68.8,95.5,-0.801,1.325
68.8,96.0,1.314,1.331
68.8,96.5,0.353,1.337
68.8,97.0,-0.609,1.343
68.8,97.5,1.507,1.349
68.8,98.0,0.545,1.355
68.8,98.5,-0.417,1.362
68.8,99.0,-1.378,1.367
68.8,99.5,0.737,1.373
68.8,100.0,-0.224,1.379
69.3,0.0,0.930,0.107
69.3,0.5,0.032,0.099
69.3,1.0,-0.866,0.090
69.3,1.5,1.378,0.082
69.3,2.0,0.481,0.074
69.3,2.5,-0.481,0.066
69.3,3.0,-1.378,0.058
69.3,3.5,0.866,0.050
69.3,4.0,-0.032,0.041
69.3,4.5,-0.930,0.033
69.3,5.0,1.314,0.025
69.3,5.5,0.353,0.017
69.3,6.0,-0.545,0.009
69.3,6.5,-1.443,0.001
69.3,7.0,0.801,0.008
69.3,7.5,-0.160,0.016
69.3,8.0,-1.058,0.024
69.3,8.5,1.186,0.032
69.3,9.0,0.289,0.040
69.3,9.5,-0.673,0.048
69.3,10.1,-1.571,0.056
69.3,10.6,0.673,0.065
69.3,11.1,-0.224,0.073
69.3,11.6,-1.186,0.081
69.3,12.1,1.058,0.089
69.3,12.6,0.160,0.097
69.3,13.1,-0.801,0.105
69.3,13.6,1.443,0.114
69.3,14.1,0.545,0.122
69.3,14.6,-0.353,0.130
69.3,15.1,-1.314,0.138
69.3,15.6,0.930,0.146
69.3,16.1,0.032,0.154
69.3,16.6,-0.930,0.162
69.3,17.1,1.314,0.171
69.3,17.6,0.417,0.179
69.3,18.1,-0.545,0.187
69.3,18.6,-1.443,0.195
69.3,19.1,0.737,0.203
69.3,19.6,-0.160,0.211
69.3,20.1,-1.058,0.219
69.3,20.6,1.122,0.227
69.3,21.1,0.224,0.236
69.3,21.6,-0.673,0.244
69.3,22.1,1.507,0.252
69.3,22.6,0.609,0.260
69.3,23.1,-0.353,0.268
69.3,23.6,-1.250,0.276
69.3,24.1,0.994,0.284
69.3,24.6,0.032,0.292
69.3,25.1,-0.866,0.300
69.3,25.6,1.314,0.308
69.3,26.1,0.417,0.316
69.3,26.6,-0.545,0.324
69.3,27.1,-1.443,0.332
69.3,27.6,0.737,0.340
69.3,28.1,-0.160,0.349
69.3,28.6,-1.122,0.356
69.3,29.1,1.122,0.365
69.3,29.6,0.160,0.372
69.3,30.2,-0.737,0.381
69.3,30.7,1.443,0.388
69.3,31.2,0.545,0.397
69.3,31.7,-0.417,0.404
69.3,32.2,-1.314,0.413
69.3,32.7,0.866,0.420
69.3,33.2,-0.032,0.429
69.3,33.7,-0.994,0.436
69.3,34.2,1.250,0.444
69.3,34.7,0.289,0.452
69.3,35.2,-0.609,0.460
69.3,35.7,-1.571,0.468
69.3,36.2,0.673,0.476
69.3,36.7,-0.289,0.484
69.3,37.2,-1.250,0.492
69.3,37.7,0.994,0.500
69.3,38.2,0.032,0.508
69.3,38.7,-0.866,0.516
69.3,39.2,1.314,0.524
69.3,39.7,0.353,0.531
69.3,40.2,-0.545,0.539
69.3,40.7,-1.507,0.547
69.3,41.2,0.737,0.555
69.3,41.7,-0.224,0.563
69.3,42.2,-1.186,0.571
69.3,42.7,1.058,0.579
69.3,43.2,0.096,0.586
69.3,43.7,-0.866,0.594
69.3,44.2,1.378,0.602
69.3,44.7,0.417,0.610
69.3,45.2,-0.545,0.617
69.3,45.7,-1.443,0.625
69.3,46.2,0.737,0.633
69.3,46.7,-0.224,0.641
69.3,47.2,-1.122,0.648
69.3,47.7,1.058,0.656
69.3,48.2,0.096,0.664
69.3,48.7,-0.801,0.671
69.3,49.2,1.378,0.679
69.3,49.7,0.417,0.687
69.3,50.3,-0.545,0.694
69.3,50.8,-1.443,0.702
69.3,51.3,0.737,0.710
69.3,51.8,-0.224,0.717
69.3,52.3,-1.186,0.725
69.3,52.8,1.058,0.733
69.3,53.3,0.096,0.740
69.3,53.8,-0.866,0.748
69.3,54.3,1.314,0.755
69.3,54.8,0.417,0.763
69.3,55.3,-0.545,0.770
69.3,55.8,-1.507,0.778
69.3,56.3,0.673,0.785
69.3,56.8,-0.289,0.793
69.3,57.3,-1.186,0.800
69.3,57.8,0.994,0.808
69.3,58.3,0.032,0.815
69.3,58.8,-0.930,0.823
69.3,59.3,1.250,0.830
69.3,59.8,0.353,0.837
69.3,60.3,-0.609,0.845
69.3,60.8,1.571,0.852
69.3,61.3,0.609,0.860
69.3,61.8,-0.353,0.867
69.3,62.3,-1.314,0.874
69.3,62.8,0.866,0.882
69.3,63.3,-0.096,0.889
69.3,63.8,-0.994,0.896
69.3,64.3,1.186,0.904
69.3,64.8,0.224,0.911
69.3,65.3,-0.737,0.918
69.3,65.8,1.443,0.926
69.3,66.3,0.481,0.933
69.3,66.8,-0.481,0.940
69.3,67.3,-1.443,0.947
69.3,67.8,0.737,0.954
69.3,68.3,-0.224,0.961
69.3,68.8,-1.186,0.968
69.3,69.3,0.994,0.975
69.3,69.8,0.096,0.982
69.3,70.4,-0.866,0.990
69.3,70.9,1.314,0.997
69.3,71.4,0.353,1.004
69.3,71.9,-0.609,1.011
69.3,72.4,1.571,1.018
69.3,72.9,0.609,1.025
69.3,73.4,-0.353,1.032
69.3,73.9,-1.314,1.039
69.3,74.4,0.866,1.046
69.3,74.9,-0.096,1.053
69.3,75.4,-1.058,1.060
69.3,75.9,1.122,1.067
69.3,76.4,0.160,1.073
69.3,76.9,-0.801,1.080
69.3,77.4,1.314,1.087
69.3,77.9,0.353,1.094
69.3,78.4,-0.609,1.101
69.3,78.9,-1.571,1.108
69.3,79.4,0.609,1.115
69.3,79.9,-0.353,1.121
69.3,80.4,-1.314,1.128
69.3,80.9,0.866,1.135
69.3,81.4,-0.096,1.142
69.3,81.9,-1.058,1.148
69.3,82.4,1.122,1.155
69.3,82.9,0.160,1.161
69.3,83.4,-0.866,1.168
69.3,83.9,1.314,1.175
69.3,84.4,0.353,1.181
69.3,84.9,-0.609,1.188
69.3,85.4,1.571,1.195
69.3,85.9,0.609,1.201
69.3,86.4,-0.353,1.207
69.3,86.9,-1.314,1.214
69.3,87.4,0.801,1.220
69.3,87.9,-0.160,1.227
69.3,88.4,-1.122,1.233
69.3,88.9,1.058,1.240
69.3,89.4,0.096,1.246
69.3,89.9,-0.930,1.252
69.3,90.5,1.250,1.259
69.3,91.0,0.289,1.265
69.3,91.5,-0.673,1.272
69.3,92.0,1.507,1.278
69.3,92.5,0.481,1.284
69.3,93.0,-0.481,1.290
69.3,93.5,-1.443,1.297
69.3,94.0,0.737,1.303
69.3,94.5,-0.289,1.308
69.3,95.0,-1.250,1.315
69.3,95.5,0.930,1.321
69.3,96.0,-0.032,1.327
69.3,96.5,-1.058,1.333
69.3,97.0,1.122,1.339
69.3,97.5,0.160,1.346
69.3,98.0,-0.801,1.351
69.3,98.5,1.314,1.357
69.3,99.0,0.353,1.364
69.3,99.5,-0.609,1.369
69.3,100.0,1.507,1.375
69.8,0.0,-0.481,0.112
69.8,0.5,-1.378,0.104
69.8,1.0,0.866,0.096
69.8,1.5,-0.096,0.088
69.8,2.0,-0.994,0.080
69.8,2.5,1.250,0.071
69.8,3.0,0.353,0.063
69.8,3.5,-0.545,0.055
69.8,4.0,-1.443,0.047
69.8,4.5,0.737,0.039
69.8,5.0,-0.160,0.031
69.8,5.5,-1.058,0.022
69.8,6.0,1.186,0.014
69.8,6.5,0.289,0.006
69.8,7.0,-0.673,0.002
69.8,7.5,-1.571,0.010
69.8,8.0,0.673,0.018
69.8,8.5,-0.224,0.027
69.8,9.0,-1.186,0.035
69.8,9.5,1.058,0.043
69.8,10.1,0.160,0.051
69.8,10.6,-0.737,0.059
69.8,11.1,1.443,0.067
69.8,11.6,0.545,0.075
69.8,12.1,-0.353,0.084
69.8,12.6,-1.250,0.092
69.8,13.1,0.930,0.100
69.8,13.6,0.032,0.108
69.8,14.1,-0.866,0.116
69.8,14.6,1.314,0.124
69.8,15.1,0.417,0.133
69.8,15.6,-0.481,0.141
69.8,16.1,-1.443,0.149
69.8,16.6,0.801,0.157
69.8,17.1,-0.096,0.165
69.8,17.6,-1.058,0.173
69.8,18.1,1.186,0.181
69.8,18.6,0.289,0.189
69.8,19.1,-0.673,0.198
69.8,19.6,1.571,0.206
69.8,20.1,0.673,0.214
69.8,20.6,-0.289,0.222
69.8,21.1,-1.186,0.230
69.8,21.6,0.994,0.238
69.8,22.1,0.096,0.246
69.8,22.6,-0.801,0.254
69.8,23.1,1.378,0.262
69.8,23.6,0.481,0.271
69.8,24.1,-0.481,0.279
69.8,24.6,-1.378,0.287
69.8,25.1,0.801,0.295
69.8,25.6,-0.096,0.303
69.8,26.1,-0.994,0.311
69.8,26.6,1.186,0.319
69.8,27.1,0.289,0.327
69.8,27.6,-0.673,0.335
69.8,28.1,1.571,0.343
69.8,28.6,0.609,0.351
69.8,29.1,-0.289,0.359
69.8,29.6,-1.250,0.367
69.8,30.2,0.994,0.375
69.8,30.7,0.032,0.383
69.8,31.2,-0.866,0.391
69.8,31.7,1.314,0.399
69.8,32.2,0.417,0.407
69.8,32.7,-0.545,0.415
69.8,33.2,-1.443,0.423
69.8,33.7,0.737,0.431
69.8,34.2,-0.160,0.439
69.8,34.7,-1.122,0.447
69.8,35.2,1.122,0.455
69.8,35.7,0.160,0.463
69.8,36.2,-0.801,0.471
69.8,36.7,1.443,0.479
69.8,37.2,0.481,0.487
69.8,37.7,-0.417,0.495
69.8,38.2,-1.378,0.503
69.8,38.7,0.866,0.510
69.8,39.2,-0.096,0.518
69.8,39.7,-1.058,0.526
69.8,40.2,1.186,0.534
69.8,40.7,0.224,0.542
69.8,41.2,-0.673,0.550
69.8,41.7,1.507,0.558
69.8,42.2,0.545,0.565
69.8,42.7,-0.353,0.573
69.8,43.2,-1.314,0.581
69.8,43.7,0.866,0.589
69.8,44.2,-0.032,0.597
69.8,44.7,-0.994,0.605
69.8,45.2,1.186,0.612
69.8,45.7,0.289,0.620
69.8,46.2,-0.673,0.628
69.8,46.7,1.507,0.635
69.8,47.2,0.609,0.643
69.8,47.7,-0.353,0.651
69.8,48.2,-1.314,0.659
69.8,48.7,0.930,0.666
69.8,49.2,-0.032,0.674
69.8,49.7,-0.994,0.682
69.8,50.3,1.186,0.689
69.8,50.8,0.289,0.697
69.8,51.3,-0.673,0.705
69.8,51.8,1.507,0.712
69.8,52.3,0.609,0.720
69.8,52.8,-0.353,0.728
69.8,53.3,-1.314,0.735
69.8,53.8,0.866,0.743
69.8,54.3,-0.096,0.750
69.8,54.8,-0.994,0.758
69.8,55.3,1.186,0.765
69.8,55.8,0.224,0.773
69.8,56.3,-0.737,0.780
69.8,56.8,1.507,0.788
69.8,57.3,0.545,0.795
69.8,57.8,-0.417,0.803
69.8,58.3,-1.378,0.810
69.8,58.8,0.801,0.818
69.8,59.3,-0.160,0.825
69.8,59.8,-1.058,0.832
69.8,60.3,1.122,0.840
69.8,60.8,0.160,0.848
69.8,61.3,-0.801,0.855
69.8,61.8,1.378,0.862
69.8,62.3,0.417,0.869
69.8,62.8,-0.545,0.877
69.8,63.3,-1.443,0.884
69.8,63.8,0.737,0.891
69.8,64.3,-0.224,0.899
69.8,64.8,-1.186,0.906
69.8,65.3,0.994,0.913
69.8,65.8,0.032,0.921
69.8,66.3,-0.930,0.928
69.8,66.8,1.250,0.935
69.8,67.3,0.289,0.942
69.8,67.8,-0.673,0.949
69.8,68.3,1.571,0.956
69.8,68.8,0.609,0.964
69.8,69.3,-0.353,0.971
69.8,69.8,-1.314,0.978
69.8,70.4,0.866,0.985
69.8,70.9,-0.096,0.992
69.8,71.4,-1.058,0.999
69.8,71.9,1.122,1.006
69.8,72.4,0.160,1.013
69.8,72.9,-0.801,1.020
69.8,73.4,1.378,1.027
69.8,73.9,0.417,1.034
69.8,74.4,-0.545,1.041
69.8,74.9,-1.507,1.048
69.8,75.4,0.673,1.055
69.8,75.9,-0.289,1.062
69.8,76.4,-1.250,1.069
69.8,76.9,0.930,1.076
69.8,77.4,-0.032,1.083
69.8,77.9,-0.994,1.090
69.8,78.4,1.186,1.096
69.8,78.9,0.224,1.103
69.8,79.4,-0.801,1.110
69.8,79.9,1.378,1.117
69.8,80.4,0.417,1.124
69.8,80.9,-0.545,1.130
69.8,81.4,-1.507,1.137
69.8,81.9,0.673,1.144
69.8,82.4,-0.289,1.151
69.8,82.9,-1.250,1.157
69.8,83.4,0.930,1.164
69.8,83.9,-0.032,1.170
69.8,84.4,-1.058,1.177
69.8,84.9,1.122,1.183
69.8,85.4,0.160,1.190
69.8,85.9,-0.801,1.197
69.8,86.4,1.378,1.203
69.8,86.9,0.417,1.210
69.8,87.4,-0.545,1.216
69.8,87.9,-1.571,1.222
69.8,88.4,0.609,1.229
69.8,88.9,-0.353,1.236
69.8,89.4,-1.314,1.242
69.8,89.9,0.866,1.248
69.8,90.5,-0.096,1.254
69.8,91.0,-1.122,1.261
69.8,91.5,1.058,1.267
69.8,92.0,0.096,1.274
69.8,92.5,-0.866,1.280
69.8,93.0,1.314,1.286
69.8,93.5,0.289,1.292
69.8,94.0,-0.673,1.299
69.8,94.5,1.507,1.305
69.8,95.0,0.545,1.311
69.8,95.5,-0.481,1.317
69.8,96.0,-1.443,1.323
69.8,96.5,0.737,1.329
69.8,97.0,-0.224,1.335
69.8,97.5,-1.250,1.341
69.8,98.0,0.930,1.348
69.8,98.5,-0.032,1.353
69.8,99.0,-1.058,1.359
69.8,99.5,1.122,1.366
69.8,100.0,0.160,1.371
70.4,0.0,1.250,0.118
70.4,0.5,0.289,0.110
70.4,1.0,-0.609,0.101
70.4,1.5,-1.507,0.093
70.4,2.0,0.737,0.085
70.4,2.5,-0.160,0.077
70.4,3.0,-1.058,0.069
70.4,3.5,1.122,0.061
70.4,4.0,0.224,0.052
70.4,4.5,-0.673,0.044
70.4,5.0,1.571,0.036
70.4,5.5,0.673,0.028
70.4,6.0,-0.289,0.020
70.4,6.5,-1.186,0.012
70.4,7.0,1.058,0.003
70.4,7.5,0.160,0.005
70.4,8.0,-0.737,0.013
70.4,8.5,1.443,0.021
70.4,9.0,0.545,0.029
70.4,9.5,-0.353,0.037
70.4,10.1,-1.250,0.046
70.4,10.6,0.930,0.054
70.4,11.1,0.032,0.062
70.4,11.6,-0.866,0.070
70.4,12.1,1.314,0.078
70.4,12.6,0.417,0.086
70.4,13.1,-0.481,0.094
70.4,13.6,-1.378,0.103
70.4,14.1,0.801,0.111
70.4,14.6,-0.096,0.119
70.4,15.1,-0.994,0.127
70.4,15.6,1.186,0.135
70.4,16.1,0.289,0.143
70.4,16.6,-0.609,0.151
70.4,17.1,-1.571,0.160
70.4,17.6,0.673,0.168
70.4,18.1,-0.224,0.176
70.4,18.6,-1.186,0.184
70.4,19.1,1.058,0.192
70.4,19.6,0.160,0.200
70.4,20.1,-0.801,0.208
70.4,20.6,1.443,0.217
70.4,21.1,0.545,0.225
70.4,21.6,-0.417,0.233
70.4,22.1,-1.314,0.241
70.4,22.6,0.866,0.249
70.4,23.1,-0.032,0.257
70.4,23.6,-0.930,0.265
70.4,24.1,1.250,0.273
70.4,24.6,0.353,0.281
70.4,25.1,-0.609,0.289
70.4,25.6,-1.507,0.297
70.4,26.1,0.673,0.305
70.4,26.6,-0.224,0.314
70.4,27.1,-1.122,0.322
70.4,27.6,1.058,0.330
70.4,28.1,0.160,0.338
70.4,28.6,-0.801,0.346
70.4,29.1,1.443,0.354
70.4,29.6,0.481,0.362
70.4,30.2,-0.417,0.370
70.4,30.7,-1.378,0.378
70.4,31.2,0.866,0.386
70.4,31.7,-0.096,0.394
70.4,32.2,-0.994,0.402
70.4,32.7,1.186,0.410
70.4,33.2,0.289,0.418
70.4,33.7,-0.673,0.426
70.4,34.2,1.571,0.434
70.4,34.7,0.609,0.442
70.4,35.2,-0.353,0.450
70.4,35.7,-1.250,0.458
70.4,36.2,0.930,0.466
70.4,36.7,0.032,0.474
70.4,37.2,-0.930,0.481
70.4,37.7,1.314,0.489
70.4,38.2,0.353,0.497
70.4,38.7,-0.545,0.505
70.4,39.2,-1.507,0.513
70.4,39.7,0.673,0.521
70.4,40.2,-0.224,0.529
70.4,40.7,-1.186,0.537
70.4,41.2,1.058,0.544
70.4,41.7,0.096,0.552
70.4,42.2,-0.866,0.560
70.4,42.7,1.378,0.568
70.4,43.2,0.417,0.576
70.4,43.7,-0.545,0.584
70.4,44.2,-1.443,0.591
70.4,44.7,0.737,0.599
70.4,45.2,-0.224,0.607
70.4,45.7,-1.122,0.615
70.4,46.2,1.058,0.623
70.4,46.7,0.096,0.630
70.4,47.2,-0.801,0.638
70.4,47.7,1.378,0.646
70.4,48.2,0.417,0.653
70.4,48.7,-0.481,0.661
70.4,49.2,-1.443,0.669
70.4,49.7,0.737,0.677
70.4,50.3,-0.224,0.684
70.4,50.8,-1.122,0.692
70.4,51.3,1.058,0.700
70.4,51.8,0.096,0.707
70.4,52.3,-0.801,0.715
70.4,52.8,1.378,0.722
70.4,53.3,0.417,0.730
70.4,53.8,-0.545,0.738
70.4,54.3,-1.507,0.745
70.4,54.8,0.737,0.753
70.4,55.3,-0.224,0.760
70.4,55.8,-1.186,0.768
70.4,56.3,0.994,0.775
70.4,56.8,0.096,0.783
70.4,57.3,-0.866,0.790
70.4,57.8,1.314,0.798
70.4,58.3,0.353,0.805
70.4,58.8,-0.609,0.813
70.4,59.3,-1.507,0.820
70.4,59.8,0.673,0.828
70.4,60.3,-0.289,0.835
70.4,60.8,-1.250,0.843
70.4,61.3,0.930,0.850
70.4,61.8,-0.032,0.857
70.4,62.3,-0.994,0.864
70.4,62.8,1.250,0.872
70.4,63.3,0.289,0.879
70.4,63.8,-0.673,0.887
70.4,64.3,1.507,0.894
70.4,64.8,0.545,0.901
70.4,65.3,-0.417,0.909
70.4,65.8,-1.378,0.916
70.4,66.3,0.801,0.923
70.4,66.8,-0.160,0.930
70.4,67.3,-1.058,0.937
70.4,67.8,1.122,0.944
70.4,68.3,0.160,0.952
70.4,68.8,-0.801,0.959
70.4,69.3,1.378,0.966
70.4,69.8,0.417,0.973
70.4,70.4,-0.545,0.981
70.4,70.9,-1.507,0.988
70.4,71.4,0.673,0.995
70.4,71.9,-0.289,1.002
70.4,72.4,-1.250,1.009
70.4,72.9,0.930,1.016
70.4,73.4,-0.032,1.023
70.4,73.9,-0.994,1.030
70.4,74.4,1.186,1.037
70.4,74.9,0.224,1.044
70.4,75.4,-0.737,1.051
70.4,75.9,1.443,1.058
70.4,76.4,0.481,1.065
70.4,76.9,-0.481,1.072
70.4,77.4,-1.443,1.078
70.4,77.9,0.737,1.085
70.4,78.4,-0.224,1.092
70.4,78.9,-1.186,1.099
70.4,79.4,0.994,1.106
70.4,79.9,0.032,1.112
70.4,80.4,-0.930,1.119
70.4,80.9,1.186,1.126
70.4,81.4,0.224,1.132
70.4,81.9,-0.737,1.139
70.4,82.4,1.443,1.146
70.4,82.9,0.481,1.153
70.4,83.4,-0.481,1.160
70.4,83.9,-1.443,1.166
70.4,84.4,0.737,1.173
70.4,84.9,-0.224,1.179
70.4,85.4,-1.186,1.185
70.4,85.9,0.930,1.192
70.4,86.4,-0.032,1.199
70.4,86.9,-0.994,1.206
70.4,87.4,1.186,1.212
70.4,87.9,0.224,1.218
70.4,88.4,-0.737,1.225
70.4,88.9,1.378,1.231
70.4,89.4,0.417,1.238
70.4,89.9,-0.545,1.244
70.4,90.5,-1.507,1.251
70.4,91.0,0.673,1.257
70.4,91.5,-0.353,1.263
70.4,92.0,-1.314,1.269
70.4,92.5,0.866,1.276
70.4,93.0,-0.096,1.282
70.4,93.5,-1.058,1.288
70.4,94.0,1.058,1.294
70.4,94.5,0.096,1.301
70.4,95.0,-0.866,1.307
70.4,95.5,1.314,1.313
70.4,96.0,0.289,1.319
70.4,96.5,-0.673,1.325
70.4,97.0,1.507,1.331
70.4,97.5,0.545,1.337
70.4,98.0,-0.481,1.343
70.4,98.5,-1.443,1.350
70.4,99.0,0.737,1.355
70.4,99.5,-0.289,1.361
70.4,100.0,-1.250,1.368
70.9,0.0,-0.224,0.123
70.9,0.5,-1.122,0.115
70.9,1.0,1.122,0.107
70.9,1.5,0.224,0.099
70.9,2.0,-0.673,0.091
70.9,2.5,1.507,0.082
70.9,3.0,0.609,0.074
70.9,3.5,-0.289,0.066
70.9,4.0,-1.186,0.058
70.9,4.5,1.058,0.050
70.9,5.0,0.096,0.042
70.9,5.5,-0.801,0.033
70.9,6.0,1.443,0.025
70.9,6.5,0.545,0.017
70.9,7.0,-0.353,0.009
70.9,7.5,-1.314,0.001
70.9,8.0,0.930,0.007
70.9,8.5,0.032,0.016
70.9,9.0,-0.866,0.024
70.9,9.5,1.314,0.032
70.9,10.1,0.417,0.040
70.9,10.6,-0.481,0.048
70.9,11.1,-1.378,0.056
70.9,11.6,0.801,0.064
70.9,12.1,-0.096,0.073
70.9,12.6,-0.994,0.081
70.9,13.1,1.250,0.089
70.9,13.6,0.289,0.097
70.9,14.1,-0.609,0.105
70.9,14.6,-1.507,0.113
70.9,15.1,0.673,0.122
70.9,15.6,-0.224,0.130
70.9,16.1,-1.122,0.138
70.9,16.6,1.058,0.146
70.9,17.1,0.160,0.154
70.9,17.6,-0.737,0.162
70.9,18.1,1.443,0.170
70.9,18.6,0.545,0.179
70.9,19.1,-0.353,0.187
70.9,19.6,-1.314,0.195
70.9,20.1,0.930,0.203
70.9,20.6,0.032,0.211
70.9,21.1,-0.930,0.219
70.9,21.6,1.314,0.227
70.9,22.1,0.417,0.235
70.9,22.6,-0.545,0.244
70.9,23.1,-1.443,0.252
70.9,23.6,0.737,0.260
70.9,24.1,-0.160,0.268
70.9,24.6,-1.122,0.276
70.9,25.1,1.122,0.284
70.9,25.6,0.224,0.292
70.9,26.1,-0.737,0.300
70.9,26.6,1.507,0.308
70.9,27.1,0.545,0.316
70.9,27.6,-0.353,0.324
70.9,28.1,-1.314,0.332
70.9,28.6,0.930,0.340
70.9,29.1,-0.032,0.348
70.9,29.6,-0.930,0.357
70.9,30.2,1.314,0.364
70.9,30.7,0.353,0.373
70.9,31.2,-0.545,0.380
70.9,31.7,-1.507,0.389
70.9,32.2,0.737,0.396
70.9,32.7,-0.224,0.405
70.9,33.2,-1.122,0.412
70.9,33.7,1.058,0.421
70.9,34.2,0.096,0.428
70.9,34.7,-0.801,0.437
70.9,35.2,1.378,0.444
70.9,35.7,0.481,0.452
70.9,36.2,-0.481,0.460
70.9,36.7,-1.378,0.468
70.9,37.2,0.801,0.476
70.9,37.7,-0.096,0.484
70.9,38.2,-1.058,0.492
70.9,38.7,1.122,0.500
70.9,39.2,0.224,0.508
70.9,39.7,-0.737,0.516
70.9,40.2,1.507,0.524
70.9,40.7,0.545,0.532
70.9,41.2,-0.417,0.539
70.9,41.7,-1.314,0.547
70.9,42.2,0.866,0.555
70.9,42.7,-0.032,0.563
70.9,43.2,-0.994,0.571
70.9,43.7,1.186,0.578
70.9,44.2,0.289,0.586
70.9,44.7,-0.673,0.594
70.9,45.2,1.507,0.602
70.9,45.7,0.609,0.610
70.9,46.2,-0.353,0.618
70.9,46.7,-1.314,0.625
70.9,47.2,0.930,0.633
70.9,47.7,-0.032,0.641
70.9,48.2,-0.994,0.648
70.9,48.7,1.250,0.656
70.9,49.2,0.289,0.664
70.9,49.7,-0.673,0.672
70.9,50.3,1.507,0.679
70.9,50.8,0.609,0.687
70.9,51.3,-0.353,0.695
70.9,51.8,-1.314,0.702
70.9,52.3,0.930,0.710
70.9,52.8,-0.032,0.717
70.9,53.3,-0.994,0.725
70.9,53.8,1.186,0.733
70.9,54.3,0.289,0.740
70.9,54.8,-0.673,0.748
70.9,55.3,1.507,0.755
70.9,55.8,0.545,0.763
70.9,56.3,-0.417,0.770
70.9,56.8,-1.314,0.778
70.9,57.3,0.866,0.785
70.9,57.8,-0.096,0.793
70.9,58.3,-1.058,0.800
70.9,58.8,1.122,0.808
70.9,59.3,0.224,0.815
70.9,59.8,-0.737,0.823
70.9,60.3,1.443,0.830
70.9,60.8,0.481,0.838
70.9,61.3,-0.481,0.845
70.9,61.8,-1.443,0.852
70.9,62.3,0.801,0.859
70.9,62.8,-0.160,0.867
70.9,63.3,-1.122,0.875
70.9,63.8,1.058,0.882
70.9,64.3,0.096,0.889
70.9,64.8,-0.866,0.896
70.9,65.3,1.314,0.904
70.9,65.8,0.353,0.911
70.9,66.3,-0.609,0.918
70.9,66.8,-1.507,0.925
70.9,67.3,0.673,0.933
70.9,67.8,-0.289,0.940
70.9,68.3,-1.250,0.947
70.9,68.8,0.930,0.954
70.9,69.3,-0.032,0.962
70.9,69.8,-0.994,0.969
70.9,70.4,1.186,0.976
70.9,70.9,0.224,0.983
70.9,71.4,-0.737,0.990
70.9,71.9,1.443,0.997
70.9,72.4,0.481,1.004
70.9,72.9,-0.481,1.011
70.9,73.4,-1.443,1.018
70.9,73.9,0.737,1.025
70.9,74.4,-0.224,1.032
70.9,74.9,-1.186,1.039
70.9,75.4,0.994,1.046
70.9,75.9,0.032,1.053
70.9,76.4,-0.930,1.060
70.9,76.9,1.250,1.067
70.9,77.4,0.289,1.074
70.9,77.9,-0.673,1.081
70.9,78.4,1.507,1.088
70.9,78.9,0.545,1.094
70.9,79.4,-0.417,1.101
70.9,79.9,-1.378,1.108
70.9,80.4,0.801,1.115
70.9,80.9,-0.160,1.121
70.9,81.4,-1.122,1.128
70.9,81.9,1.058,1.135
70.9,82.4,0.032,1.141
70.9,82.9,-0.930,1.148
70.9,83.4,1.250,1.155
70.9,83.9,0.289,1.162
70.9,84.4,-0.673,1.168
70.9,84.9,1.507,1.175
70.9,85.4,0.545,1.181
70.9,85.9,-0.417,1.188
70.9,86.4,-1.378,1.194
70.9,86.9,0.737,1.201
70.9,87.4,-0.224,1.208
70.9,87.9,-1.186,1.214
70.9,88.4,0.994,1.221
70.9,88.9,0.032,1.227
70.9,89.4,-0.930,1.233
70.9,89.9,1.186,1.240
70.9,90.5,0.224,1.246
70.9,91.0,-0.737,1.253
70.9,91.5,1.443,1.259
70.9,92.0,0.481,1.265
70.9,92.5,-0.545,1.271
70.9,93.0,-1.507,1.278
70.9,93.5,0.673,1.284
70.9,94.0,-0.289,1.290
70.9,94.5,-1.314,1.296
70.9,95.0,0.866,1.303
70.9,95.5,-0.096,1.309
70.9,96.0,-1.058,1.315
70.9,96.5,1.058,1.321
70.9,97.0,0.096,1.327
70.9,97.5,-0.866,1.334
70.9,98.0,1.314,1.339
70.9,98.5,0.289,1.345
70.9,99.0,-0.673,1.352
70.9,99.5,1.507,1.358
70.9,100.0,0.545,1.363
71.4,0.0,1.507,0.129
71.4,0.5,0.609,0.120
71.4,1.0,-0.353,0.112
71.4,1.5,-1.250,0.104
71.4,2.0,0.994,0.096
71.4,2.5,0.096,0.088
71.4,3.0,-0.801,0.080
71.4,3.5,1.443,0.072
71.4,4.0,0.481,0.063
71.4,4.5,-0.417,0.055
71.4,5.0,-1.314,0.047
71.4,5.5,0.930,0.039
71.4,6.0,0.032,0.031
71.4,6.5,-0.866,0.023
71.4,7.0,1.314,0.014
71.4,7.5,0.417,0.006
71.4,8.0,-0.481,0.002
71.4,8.5,-1.378,0.010
71.4,9.0,0.801,0.018
71.4,9.5,-0.096,0.026
71.4,10.1,-0.994,0.035
71.4,10.6,1.250,0.043
71.4,11.1,0.289,0.051
71.4,11.6,-0.609,0.059
71.4,12.1,-1.507,0.067
71.4,12.6,0.737,0.075
71.4,13.1,-0.224,0.084
71.4,13.6,-1.122,0.092
71.4,14.1,1.122,0.100
71.4,14.6,0.160,0.108
71.4,15.1,-0.737,0.116
71.4,15.6,1.507,0.124
71.4,16.1,0.609,0.132
71.4,16.6,-0.353,0.141
71.4,17.1,-1.250,0.149
71.4,17.6,0.994,0.157
71.4,18.1,0.032,0.165
71.4,18.6,-0.866,0.173
71.4,19.1,1.378,0.181
71.4,19.6,0.417,0.189
71.4,20.1,-0.481,0.198
71.4,20.6,-1.443,0.206
71.4,21.1,0.801,0.214
71.4,21.6,-0.096,0.222
71.4,22.1,-1.058,0.230
71.4,22.6,1.186,0.238
71.4,23.1,0.289,0.246
71.4,23.6,-0.673,0.254
71.4,24.1,1.571,0.262
71.4,24.6,0.609,0.270
71.4,25.1,-0.289,0.279
71.4,25.6,-1.250,0.287
71.4,26.1,0.994,0.295
71.4,26.6,0.096,0.303
71.4,27.1,-0.866,0.311
71.4,27.6,1.378,0.319
71.4,28.1,0.417,0.327
71.4,28.6,-0.481,0.335
71.4,29.1,-1.443,0.343
71.4,29.6,0.801,0.351
71.4,30.2,-0.160,0.359
71.4,30.7,-1.058,0.367
71.4,31.2,1.122,0.375
71.4,31.7,0.224,0.383
71.4,32.2,-0.737,0.391
71.4,32.7,1.507,0.399
71.4,33.2,0.545,0.407
71.4,33.7,-0.353,0.415
71.4,34.2,-1.314,0.423
71.4,34.7,0.930,0.431
71.4,35.2,-0.032,0.439
71.4,35.7,-0.930,0.447
71.4,36.2,1.250,0.455
71.4,36.7,0.353,0.463
71.4,37.2,-0.609,0.471
71.4,37.7,-1.571,0.479
71.4,38.2,0.673,0.487
71.4,38.7,-0.289,0.495
71.4,39.2,-1.186,0.503
71.4,39.7,0.994,0.510
71.4,40.2,0.096,0.518
71.4,40.7,-0.866,0.526
71.4,41.2,1.314,0.534
71.4,41.7,0.417,0.542
71.4,42.2,-0.545,0.550
71.4,42.7,-1.443,0.557
71.4,43.2,0.737,0.566
71.4,43.7,-0.224,0.573
71.4,44.2,-1.122,0.581
71.4,44.7,1.058,0.589
71.4,45.2,0.096,0.597
71.4,45.7,-0.801,0.604
71.4,46.2,1.378,0.612
71.4,46.7,0.417,0.620
71.4,47.2,-0.481,0.628
71.4,47.7,-1.443,0.636
71.4,48.2,0.737,0.643
71.4,48.7,-0.160,0.651
71.4,49.2,-1.122,0.659
71.4,49.7,1.058,0.666
71.4,50.3,0.096,0.674
71.4,50.8,-0.801,0.682
71.4,51.3,1.378,0.689
71.4,51.8,0.417,0.697
71.4,52.3,-0.481,0.704
71.4,52.8,-1.443,0.712
71.4,53.3,0.737,0.720
71.4,53.8,-0.224,0.728
71.4,54.3,-1.122,0.735
71.4,54.8,1.058,0.743
71.4,55.3,0.096,0.750
71.4,55.8,-0.866,0.758
71.4,56.3,1.314,0.765
71.4,56.8,0.417,0.773
71.4,57.3,-0.545,0.781
71.4,57.8,-1.507,0.788
71.4,58.3,0.673,0.795
71.4,58.8,-0.289,0.803
71.4,59.3,-1.186,0.810
71.4,59.8,0.994,0.818
71.4,60.3,0.032,0.825
71.4,60.8,-0.930,0.833
71.4,61.3,1.250,0.840
71.4,61.8,0.289,0.847
71.4,62.3,-0.609,0.855
71.4,62.8,1.571,0.862
71.4,63.3,0.609,0.870
71.4,63.8,-0.353,0.877
71.4,64.3,-1.314,0.884
71.4,64.8,0.866,0.892
71.4,65.3,-0.096,0.899
71.4,65.8,-1.058,0.906
71.4,66.3,1.186,0.913
71.4,66.8,0.224,0.921
71.4,67.3,-0.737,0.928
71.4,67.8,1.443,0.935
71.4,68.3,0.481,0.942
71.4,68.8,-0.481,0.950
71.4,69.3,-1.443,0.957
71.4,69.8,0.737,0.964
71.4,70.4,-0.224,0.971
71.4,70.9,-1.186,0.978
71.4,71.4,0.994,0.985
71.4,71.9,0.032,0.992
71.4,72.4,-0.930,0.999
71.4,72.9,1.250,1.006
71.4,73.4,0.289,1.013
71.4,73.9,-0.673,1.020
71.4,74.4,1.507,1.027
71.4,74.9,0.545,1.034
71.4,75.4,-0.417,1.041
71.4,75.9,-1.378,1.048
71.4,76.4,0.801,1.055
71.4,76.9,-0.160,1.062
71.4,77.4,-1.122,1.069
71.4,77.9,1.058,1.076
71.4,78.4,0.096,1.083
71.4,78.9,-0.866,1.090
71.4,79.4,1.314,1.097
71.4,79.9,0.353,1.104
71.4,80.4,-0.609,1.110
71.4,80.9,1.571,1.117
71.4,81.4,0.609,1.124
71.4,81.9,-0.353,1.130
71.4,82.4,-1.314,1.137
71.4,82.9,0.866,1.144
71.4,83.4,-0.096,1.150
71.4,83.9,-1.122,1.157
71.4,84.4,1.058,1.164
71.4,84.9,0.096,1.171
71.4,85.4,-0.866,1.177
71.4,85.9,1.314,1.184
71.4,86.4,0.353,1.190
71.4,86.9,-0.609,1.197
71.4,87.4,1.507,1.203
71.4,87.9,0.545,1.210
71.4,88.4,-0.417,1.216
71.4,88.9,-1.378,1.223
71.4,89.4,0.801,1.229
71.4,89.9,-0.160,1.236
71.4,90.5,-1.186,1.242
71.4,91.0,0.994,1.248
71.4,91.5,0.032,1.255
71.4,92.0,-0.930,1.261
71.4,92.5,1.250,1.267
71.4,93.0,0.224,1.273
71.4,93.5,-0.737,1.280
71.4,94.0,1.443,1.286
71.4,94.5,0.481,1.293
71.4,95.0,-0.481,1.298
71.4,95.5,-1.507,1.305
71.4,96.0,0.673,1.311
71.4,96.5,-0.289,1.317
71.4,97.0,-1.250,1.323
71.4,97.5,0.866,1.329
71.4,98.0,-0.096,1.336
71.4,98.5,-1.058,1.342
71.4,99.0,1.122,1.347
71.4,99.5,0.096,1.354
71.4,100.0,-0.866,1.360
71.9,0.0,0.032,0.134
71.9,0.5,-0.866,0.126
71.9,1.0,1.378,0.118
71.9,1.5,0.481,0.110
71.9,2.0,-0.417,0.102
71.9,2.5,-1.314,0.093
71.9,3.0,0.866,0.085
71.9,3.5,-0.032,0.077
71.9,4.0,-0.930,0.069
71.9,4.5,1.314,0.061
71.9,5.0,0.417,0.053
71.9,5.5,-0.481,0.044
71.9,6.0,-1.443,0.036
71.9,6.5,0.801,0.028
71.9,7.0,-0.096,0.020
71.9,7.5,-0.994,0.012
71.9,8.0,1.250,0.004
71.9,8.5,0.289,0.005
71.9,9.0,-0.609,0.013
71.9,9.5,-1.507,0.021
71.9,10.1,0.737,0.029
71.9,10.6,-0.224,0.037
71.9,11.1,-1.122,0.045
71.9,11.6,1.122,0.054
71.9,12.1,0.224,0.062
71.9,12.6,-0.737,0.070
71.9,13.1,1.507,0.078
71.9,13.6,0.609,0.086
71.9,14.1,-0.353,0.094
71.9,14.6,-1.250,0.103
71.9,15.1,0.994,0.111
71.9,15.6,0.096,0.119
71.9,16.1,-0.866,0.127
71.9,16.6,1.378,0.135
71.9,17.1,0.481,0.143
71.9,17.6,-0.481,0.151
71.9,18.1,-1.378,0.160
71.9,18.6,0.866,0.168
71.9,19.1,-0.096,0.176
71.9,19.6,-0.994,0.184
71.9,20.1,1.250,0.192
71.9,20.6,0.289,0.200
71.9,21.1,-0.609,0.208
71.9,21.6,-1.571,0.216
71.9,22.1,0.673,0.225
71.9,22.6,-0.224,0.233
71.9,23.1,-1.186,0.241
71.9,23.6,1.058,0.249
71.9,24.1,0.160,0.257
71.9,24.6,-0.801,0.265
71.9,25.1,1.443,0.273
71.9,25.6,0.481,0.281
71.9,26.1,-0.417,0.289
71.9,26.6,-1.378,0.297
71.9,27.1,0.866,0.305
71.9,27.6,-0.032,0.313
71.9,28.1,-0.994,0.322
71.9,28.6,1.250,0.330
71.9,29.1,0.289,0.338
71.9,29.6,-0.609,0.346
71.9,30.2,-1.571,0.354
71.9,30.7,0.673,0.362
71.9,31.2,-0.289,0.370
71.9,31.7,-1.186,0.378
71.9,32.2,0.994,0.386
71.9,32.7,0.096,0.394
71.9,33.2,-0.866,0.402
71.9,33.7,1.378,0.410
71.9,34.2,0.417,0.418
71.9,34.7,-0.481,0.426
71.9,35.2,-1.443,0.434
71.9,35.7,0.801,0.442
71.9,36.2,-0.160,0.450
71.9,36.7,-1.058,0.457
71.9,37.2,1.122,0.466
71.9,37.7,0.160,0.473
71.9,38.2,-0.737,0.481
71.9,38.7,1.443,0.489
71.9,39.2,0.545,0.497
71.9,39.7,-0.417,0.505
71.9,40.2,-1.378,0.513
71.9,40.7,0.866,0.521
71.9,41.2,-0.096,0.529
71.9,41.7,-0.994,0.537
71.9,42.2,1.186,0.545
71.9,42.7,0.224,0.552
71.9,43.2,-0.673,0.560
71.9,43.7,1.507,0.568
71.9,44.2,0.609,0.576
71.9,44.7,-0.353,0.584
71.9,45.2,-1.314,0.591
71.9,45.7,0.930,0.599
71.9,46.2,-0.032,0.607
71.9,46.7,-0.994,0.615
71.9,47.2,1.250,0.622
71.9,47.7,0.289,0.630
71.9,48.2,-0.673,0.638
71.9,48.7,1.571,0.646
71.9,49.2,0.609,0.654
71.9,49.7,-0.353,0.661
71.9,50.3,-1.314,0.669
71.9,50.8,0.930,0.677
71.9,51.3,-0.032,0.684
71.9,51.8,-0.994,0.692
71.9,52.3,1.250,0.699
71.9,52.8,0.289,0.707
71.9,53.3,-0.673,0.715
71.9,53.8,1.507,0.722
71.9,54.3,0.609,0.730
71.9,54.8,-0.353,0.738
71.9,55.3,-1.314,0.745
71.9,55.8,0.866,0.753
71.9,56.3,-0.096,0.760
71.9,56.8,-0.994,0.768
71.9,57.3,1.186,0.776
71.9,57.8,0.224,0.783
71.9,58.3,-0.737,0.790
71.9,58.8,1.507,0.798
71.9,59.3,0.545,0.805
71.9,59.8,-0.417,0.813
71.9,60.3,-1.378,0.820
71.9,60.8,0.801,0.828
71.9,61.3,-0.160,0.835
71.9,61.8,-1.058,0.842
71.9,62.3,1.122,0.850
71.9,62.8,0.160,0.857
71.9,63.3,-0.801,0.865
71.9,63.8,1.378,0.872
71.9,64.3,0.417,0.879
71.9,64.8,-0.545,0.887
71.9,65.3,-1.507,0.894
71.9,65.8,0.737,0.901
71.9,66.3,-0.224,0.909
71.9,66.8,-1.186,0.916
71.9,67.3,0.994,0.923
71.9,67.8,0.032,0.930
71.9,68.3,-0.930,0.938
71.9,68.8,1.250,0.945
71.9,69.3,0.289,0.952
71.9,69.8,-0.673,0.959
71.9,70.4,1.507,0.966
71.9,70.9,0.545,0.973
71.9,71.4,-0.417,0.980
71.9,71.9,-1.378,0.987
71.9,72.4,0.801,0.994
71.9,72.9,-0.096,1.001
71.9,73.4,-1.058,1.009
71.9,73.9,1.122,1.016
71.9,74.4,0.160,1.023
71.9,74.9,-0.801,1.030
71.9,75.4,1.378,1.037
71.9,75.9,0.417,1.044
71.9,76.4,-0.545,1.050
71.9,76.9,-1.507,1.057
71.9,77.4,0.673,1.064
71.9,77.9,-0.353,1.071
71.9,78.4,-1.314,1.078
71.9,78.9,0.866,1.085
71.9,79.4,-0.096,1.092
71.9,79.9,-1.058,1.099
71.9,80.4,1.122,1.106
71.9,80.9,0.160,1.113
71.9,81.4,-0.801,1.119
71.9,81.9,1.378,1.126
71.9,82.4,0.417,1.133
71.9,82.9,-0.545,1.140
71.9,83.4,-1.507,1.146
71.9,83.9,0.673,1.153
71.9,84.4,-0.289,1.159
71.9,84.9,-1.314,1.166
71.9,85.4,0.866,1.173
71.9,85.9,-0.096,1.179
71.9,86.4,-1.058,1.186
71.9,86.9,1.122,1.193
71.9,87.4,0.160,1.199
71.9,87.9,-0.801,1.205
71.9,88.4,1.314,1.212
71.9,88.9,0.353,1.218
71.9,89.4,-0.609,1.225
71.9,89.9,1.571,1.232
71.9,90.5,0.609,1.238
71.9,91.0,-0.353,1.244
71.9,91.5,-1.378,1.250
71.9,92.0,0.801,1.257
71.9,92.5,-0.160,1.263
71.9,93.0,-1.122,1.270
71.9,93.5,1.058,1.276
71.9,94.0,0.032,1.282
71.9,94.5,-0.930,1.288
71.9,95.0,1.250,1.295
71.9,95.5,0.289,1.301
71.9,96.0,-0.737,1.307
71.9,96.5,1.443,1.313
71.9,97.0,0.481,1.319
71.9,97.5,-0.481,1.325
71.9,98.0,-1.507,1.331
71.9,98.5,0.673,1.338
71.9,99.0,-0.289,1.344
71.9,99.5,-1.250,1.349
71.9,100.0,0.866,1.356
72.4,0.0,-1.378,0.140
72.4,0.5,0.866,0.131
72.4,1.0,-0.032,0.123
72.4,1.5,-0.930,0.115
72.4,2.0,1.250,0.107
72.4,2.5,0.353,0.099
72.4,3.0,-0.545,0.091
72.4,3.5,-1.443,0.083
72.4,4.0,0.801,0.074
72.4,4.5,-0.096,0.066
72.4,5.0,-1.058,0.058
72.4,5.5,1.186,0.050
72.4,6.0,0.289,0.042
72.4,6.5,-0.609,0.034
72.4,7.0,-1.507,0.025
72.4,7.5,0.673,0.017
72.4,8.0,-0.224,0.009
72.4,8.5,-1.122,0.001
72.4,9.0,1.122,0.007
72.4,9.5,0.224,0.015
72.4,10.1,-0.737,0.024
72.4,10.6,1.507,0.032
72.4,11.1,0.609,0.040
72.4,11.6,-0.289,0.048
72.4,12.1,-1.250,0.056
72.4,12.6,0.994,0.064
72.4,13.1,0.096,0.073
72.4,13.6,-0.866,0.081
72.4,14.1,1.378,0.089
72.4,14.6,0.481,0.097
72.4,15.1,-0.417,0.105
72.4,15.6,-1.378,0.113
72.4,16.1,0.866,0.122
72.4,16.6,-0.032,0.130
72.4,17.1,-0.994,0.138
72.4,17.6,1.250,0.146
72.4,18.1,0.353,0.154
72.4,18.6,-0.609,0.162
72.4,19.1,-1.507,0.170
72.4,19.6,0.737,0.178
72.4,20.1,-0.224,0.187
72.4,20.6,-1.122,0.195
72.4,21.1,1.122,0.203
72.4,21.6,0.160,0.211
72.4,22.1,-0.737,0.219
72.4,22.6,1.443,0.227
72.4,23.1,0.545,0.235
72.4,23.6,-0.353,0.243
72.4,24.1,-1.314,0.252
72.4,24.6,0.930,0.260
72.4,25.1,-0.032,0.268
72.4,25.6,-0.930,0.276
72.4,26.1,1.314,0.284
72.4,26.6,0.353,0.292
72.4,27.1,-0.545,0.300
72.4,27.6,-1.507,0.308
72.4,28.1,0.737,0.316
72.4,28.6,-0.224,0.324
72.4,29.1,-1.122,0.332
72.4,29.6,1.122,0.340
72.4,30.2,0.160,0.348
72.4,30.7,-0.737,0.356
72.4,31.2,1.443,0.364
72.4,31.7,0.545,0.372
72.4,32.2,-0.417,0.381
72.4,32.7,-1.314,0.388
72.4,33.2,0.866,0.397
72.4,33.7,-0.032,0.404
72.4,34.2,-0.994,0.413
72.4,34.7,1.250,0.420
72.4,35.2,0.289,0.429
72.4,35.7,-0.673,0.436
72.4,36.2,1.571,0.444
72.4,36.7,0.609,0.452
72.4,37.2,-0.289,0.460
72.4,37.7,-1.250,0.468
72.4,38.2,0.994,0.476
72.4,38.7,0.032,0.484
72.4,39.2,-0.866,0.492
72.4,39.7,1.314,0.500
72.4,40.2,0.353,0.508
72.4,40.7,-0.545,0.516
72.4,41.2,-1.507,0.524
72.4,41.7,0.737,0.531
72.4,42.2,-0.224,0.539
72.4,42.7,-1.186,0.547
72.4,43.2,1.058,0.555
72.4,43.7,0.096,0.563
72.4,44.2,-0.866,0.570
72.4,44.7,1.378,0.579
72.4,45.2,0.417,0.586
72.4,45.7,-0.481,0.594
72.4,46.2,-1.443,0.602
72.4,46.7,0.737,0.610
72.4,47.2,-0.160,0.617
72.4,47.7,-1.122,0.625
72.4,48.2,1.058,0.633
72.4,48.7,0.160,0.640
72.4,49.2,-0.801,0.648
72.4,49.7,1.378,0.656
72.4,50.3,0.417,0.664
72.4,50.8,-0.481,0.671
72.4,51.3,-1.443,0.679
72.4,51.8,0.737,0.687
72.4,52.3,-0.160,0.694
72.4,52.8,-1.122,0.702
72.4,53.3,1.058,0.710
72.4,53.8,0.096,0.717
72.4,54.3,-0.801,0.725
72.4,54.8,1.378,0.733
72.4,55.3,0.417,0.740
72.4,55.8,-0.545,0.748
72.4,56.3,-1.443,0.755
72.4,56.8,0.737,0.763
72.4,57.3,-0.224,0.771
72.4,57.8,-1.186,0.778
72.4,58.3,0.994,0.785
72.4,58.8,0.096,0.793
72.4,59.3,-0.866,0.800
72.4,59.8,1.314,0.808
72.4,60.3,0.353,0.815
72.4,60.8,-0.609,0.823
72.4,61.3,-1.571,0.830
72.4,61.8,0.673,0.838
72.4,62.3,-0.289,0.845
72.4,62.8,-1.250,0.853
72.4,63.3,0.930,0.860
72.4,63.8,-0.032,0.867
72.4,64.3,-0.994,0.874
72.4,64.8,1.186,0.882
72.4,65.3,0.289,0.889
72.4,65.8,-0.673,0.896
72.4,66.3,1.507,0.904
72.4,66.8,0.545,0.911
72.4,67.3,-0.417,0.918
72.4,67.8,-1.378,0.926
72.4,68.3,0.801,0.933
72.4,68.8,-0.160,0.940
72.4,69.3,-1.122,0.947
72.4,69.8,1.058,0.954
72.4,70.4,0.096,0.961
72.4,70.9,-0.801,0.968
72.4,71.4,1.378,0.976
72.4,71.9,0.417,0.983
72.4,72.4,-0.545,0.990
72.4,72.9,-1.507,0.997
72.4,73.4,0.673,1.004
72.4,73.9,-0.289,1.011
72.4,74.4,-1.250,1.018
72.4,74.9,0.930,1.025
72.4,75.4,-0.032,1.032
72.4,75.9,-0.994,1.039
72.4,76.4,1.186,1.046
72.4,76.9,0.224,1.053
72.4,77.4,-0.737,1.060
72.4,77.9,1.443,1.067
72.4,78.4,0.481,1.074
72.4,78.9,-0.481,1.081
72.4,79.4,-1.443,1.087
72.4,79.9,0.737,1.094
72.4,80.4,-0.289,1.101
72.4,80.9,-1.250,1.108
72.4,81.4,0.930,1.115
72.4,81.9,-0.032,1.122
72.4,82.4,-0.994,1.128
72.4,82.9,1.186,1.135
72.4,83.4,0.224,1.142
72.4,83.9,-0.737,1.149
72.4,84.4,1.443,1.155
72.4,84.9,0.481,1.162
72.4,85.4,-0.481,1.168
72.4,85.9,-1.507,1.175
72.4,86.4,0.673,1.181
72.4,86.9,-0.289,1.188
72.4,87.4,-1.250,1.195
72.4,87.9,0.930,1.201
72.4,88.4,-0.032,1.208
72.4,88.9,-0.994,1.214
72.4,89.4,1.122,1.220
72.4,89.9,0.160,1.227
72.4,90.5,-0.801,1.234
72.4,91.0,1.378,1.240
72.4,91.5,0.417,1.246
72.4,92.0,-0.545,1.252
72.4,92.5,-1.571,1.259
72.4,93.0,0.609,1.265
72.4,93.5,-0.353,1.272
72.4,94.0,-1.314,1.278
72.4,94.5,0.866,1.284
72.4,95.0,-0.160,1.290
72.4,95.5,-1.122,1.297
72.4,96.0,1.058,1.303
72.4,96.5,0.096,1.309
72.4,97.0,-0.930,1.315
72.4,97.5,1.250,1.322
72.4,98.0,0.289,1.327
72.4,98.5,-0.673,1.333
72.4,99.0,1.443,1.340
72.4,99.5,0.481,1.346
72.4,100.0,-0.481,1.352
72.9,0.0,0.353,0.145
72.9,0.5,-0.609,0.137
72.9,1.0,-1.507,0.129
72.9,1.5,0.737,0.121
72.9,2.0,-0.160,0.113
72.9,2.5,-1.058,0.104
72.9,3.0,1.186,0.096
72.9,3.5,0.289,0.088
72.9,4.0,-0.673,0.080
72.9,4.5,-1.571,0.072
72.9,5.0,0.673,0.064
72.9,5.5,-0.224,0.055
72.9,6.0,-1.122,0.047
72.9,6.5,1.058,0.039
72.9,7.0,0.160,0.031
72.9,7.5,-0.737,0.023
72.9,8.0,1.507,0.015
72.9,8.5,0.609,0.006
72.9,9.0,-0.353,0.002
72.9,9.5,-1.250,0.010
72.9,10.1,0.994,0.018
72.9,10.6,0.096,0.026
72.9,11.1,-0.866,0.034
72.9,11.6,1.378,0.043
72.9,12.1,0.481,0.051
72.9,12.6,-0.417,0.059
72.9,13.1,-1.378,0.067
72.9,13.6,0.866,0.075
72.9,14.1,-0.032,0.083
72.9,14.6,-0.930,0.092
72.9,15.1,1.250,0.100
72.9,15.6,0.353,0.108
72.9,16.1,-0.545,0.116
72.9,16.6,-1.507,0.124
72.9,17.1,0.737,0.132
72.9,17.6,-0.160,0.140
72.9,18.1,-1.122,0.149
72.9,18.6,1.122,0.157
72.9,19.1,0.224,0.165
72.9,19.6,-0.737,0.173
72.9,20.1,1.507,0.181
72.9,20.6,0.609,0.189
72.9,21.1,-0.353,0.197
72.9,21.6,-1.250,0.206
72.9,22.1,0.994,0.214
72.9,22.6,0.032,0.222
72.9,23.1,-0.866,0.230
72.9,23.6,1.314,0.238
72.9,24.1,0.417,0.246
72.9,24.6,-0.481,0.254
72.9,25.1,-1.443,0.262
72.9,25.6,0.801,0.270
72.9,26.1,-0.160,0.278
72.9,26.6,-1.058,0.287
72.9,27.1,1.186,0.295
72.9,27.6,0.224,0.303
72.9,28.1,-0.673,0.311
72.9,28.6,1.507,0.319
72.9,29.1,0.609,0.327
72.9,29.6,-0.353,0.335
72.9,30.2,-1.250,0.343
72.9,30.7,0.930,0.351
72.9,31.2,0.032,0.359
72.9,31.7,-0.930,0.367
72.9,32.2,1.314,0.375
72.9,32.7,0.353,0.383
72.9,33.2,-0.545,0.391
72.9,33.7,-1.507,0.399
72.9,34.2,0.737,0.407
72.9,34.7,-0.224,0.415
72.9,35.2,-1.122,0.423
72.9,35.7,1.058,0.431
72.9,36.2,0.160,0.439
72.9,36.7,-0.801,0.447
72.9,37.2,1.443,0.455
72.9,37.7,0.481,0.463
72.9,38.2,-0.417,0.471
72.9,38.7,-1.378,0.479
72.9,39.2,0.801,0.487
72.9,39.7,-0.096,0.495
72.9,40.2,-1.058,0.502
72.9,40.7,1.186,0.510
72.9,41.2,0.224,0.518
72.9,41.7,-0.673,0.526
72.9,42.2,1.507,0.534
72.9,42.7,0.545,0.542
72.9,43.2,-0.353,0.550
72.9,43.7,-1.314,0.558
72.9,44.2,0.866,0.565
72.9,44.7,-0.032,0.573
72.9,45.2,-0.994,0.581
72.9,45.7,1.250,0.589
72.9,46.2,0.289,0.597
72.9,46.7,-0.673,0.604
72.9,47.2,1.571,0.612
72.9,47.7,0.609,0.620
72.9,48.2,-0.353,0.628
72.9,48.7,-1.250,0.635
72.9,49.2,0.930,0.643
72.9,49.7,-0.032,0.651
72.9,50.3,-0.994,0.659
72.9,50.8,1.250,0.666
72.9,51.3,0.289,0.674
72.9,51.8,-0.673,0.682
72.9,52.3,1.571,0.689
72.9,52.8,0.609,0.697
72.9,53.3,-0.353,0.705
72.9,53.8,-1.314,0.712
72.9,54.3,0.930,0.720
72.9,54.8,-0.032,0.728
72.9,55.3,-0.994,0.735
72.9,55.8,1.186,0.743
72.9,56.3,0.289,0.750
72.9,56.8,-0.673,0.758
72.9,57.3,1.507,0.766
72.9,57.8,0.545,0.773
72.9,58.3,-0.417,0.780
72.9,58.8,-1.314,0.788
72.9,59.3,0.866,0.796
72.9,59.8,-0.096,0.803
72.9,60.3,-1.058,0.810
72.9,60.8,1.122,0.818
72.9,61.3,0.224,0.825
72.9,61.8,-0.737,0.833
72.9,62.3,1.443,0.840
72.9,62.8,0.481,0.848
72.9,63.3,-0.481,0.855
72.9,63.8,-1.443,0.862
72.9,64.3,0.737,0.869
72.9,64.8,-0.160,0.877
72.9,65.3,-1.122,0.884
72.9,65.8,1.058,0.892
72.9,66.3,0.096,0.899
72.9,66.8,-0.866,0.906
72.9,67.3,1.314,0.914
72.9,67.8,0.353,0.921
72.9,68.3,-0.609,0.928
72.9,68.8,-1.571,0.935
72.9,69.3,0.609,0.942
72.9,69.8,-0.289,0.949
72.9,70.4,-1.250,0.957
72.9,70.9,0.930,0.964
72.9,71.4,-0.032,0.971
72.9,71.9,-0.994,0.978
72.9,72.4,1.186,0.985
72.9,72.9,0.224,0.992
72.9,73.4,-0.737,1.000
72.9,73.9,1.443,1.007
72.9,74.4,0.481,1.014
72.9,74.9,-0.481,1.021
72.9,75.4,-1.443,1.028
72.9,75.9,0.737,1.035
72.9,76.4,-0.224,1.042
72.9,76.9,-1.186,1.049
72.9,77.4,0.994,1.056
72.9,77.9,0.032,1.062
72.9,78.4,-0.930,1.069
72.9,78.9,1.250,1.076
72.9,79.4,0.289,1.083
72.9,79.9,-0.673,1.090
72.9,80.4,1.507,1.097
72.9,80.9,0.545,1.103
72.9,81.4,-0.417,1.110
72.9,81.9,-1.443,1.117
72.9,82.4,0.737,1.124
72.9,82.9,-0.224,1.130
72.9,83.4,-1.186,1.137
72.9,83.9,0.994,1.144
72.9,84.4,0.032,1.151
72.9,84.9,-0.930,1.157
72.9,85.4,1.250,1.164
72.9,85.9,0.289,1.171
72.9,86.4,-0.673,1.177
72.9,86.9,1.443,1.183
72.9,87.4,0.481,1.190
72.9,87.9,-0.481,1.197
72.9,88.4,-1.443,1.204
72.9,88.9,0.737,1.210
72.9,89.4,-0.224,1.216
72.9,89.9,-1.186,1.223
72.9,90.5,0.930,1.229
72.9,91.0,-0.032,1.236
72.9,91.5,-0.994,1.242
72.9,92.0,1.186,1.249
72.9,92.5,0.224,1.255
72.9,93.0,-0.801,1.261
72.9,93.5,1.378,1.268
72.9,94.0,0.417,1.274
72.9,94.5,-0.545,1.280
72.9,95.0,-1.507,1.286
72.9,95.5,0.609,1.292
72.9,96.0,-0.353,1.299
72.9,96.5,-1.314,1.305
72.9,97.0,0.866,1.311
72.9,97.5,-0.160,1.317
72.9,98.0,-1.122,1.324
72.9,98.5,1.058,1.330
72.9,99.0,0.096,1.335
72.9,99.5,-0.930,1.342
72.9,100.0,1.250,1.348
73.4,0.0,-1.122,0.151
73.4,0.5,1.122,0.142
73.4,1.0,0.224,0.134
73.4,1.5,-0.673,0.126
73.4,2.0,1.571,0.118
73.4,2.5,0.609,0.110
73.4,3.0,-0.289,0.102
73.4,3.5,-1.186,0.094
73.4,4.0,1.058,0.085
73.4,4.5,0.160,0.077
73.4,5.0,-0.737,0.069
73.4,5.5,1.507,0.061
73.4,6.0,0.545,0.053
73.4,6.5,-0.353,0.045
73.4,7.0,-1.250,0.036
73.4,7.5,0.994,0.028
73.4,8.0,0.096,0.020
73.4,8.5,-0.866,0.012
73.4,9.0,1.378,0.004
73.4,9.5,0.481,0.004
73.4,10.1,-0.417,0.013
73.4,10.6,-1.378,0.021
73.4,11.1,0.866,0.029
73.4,11.6,-0.032,0.037
73.4,12.1,-0.930,0.045
73.4,12.6,1.250,0.053
73.4,13.1,0.353,0.062
73.4,13.6,-0.545,0.070
73.4,14.1,-1.443,0.078
73.4,14.6,0.737,0.086
73.4,15.1,-0.160,0.094
73.4,15.6,-1.058,0.102
73.4,16.1,1.122,0.111
73.4,16.6,0.224,0.119
73.4,17.1,-0.673,0.127
73.4,17.6,1.571,0.135
73.4,18.1,0.609,0.143
73.4,18.6,-0.289,0.151
73.4,19.1,-1.186,0.159
73.4,19.6,0.994,0.168
73.4,20.1,0.096,0.176
73.4,20.6,-0.866,0.184
73.4,21.1,1.378,0.192
73.4,21.6,0.481,0.200
73.4,22.1,-0.481,0.208
73.4,22.6,-1.378,0.216
73.4,23.1,0.866,0.224
73.4,23.6,-0.096,0.233
73.4,24.1,-0.994,0.241
73.4,24.6,1.186,0.249
73.4,25.1,0.289,0.257
73.4,25.6,-0.609,0.265
73.4,26.1,-1.571,0.273
73.4,26.6,0.673,0.281
73.4,27.1,-0.289,0.289
73.4,27.6,-1.186,0.297
73.4,28.1,1.058,0.305
73.4,28.6,0.096,0.313
73.4,29.1,-0.801,0.321
73.4,29.6,1.378,0.330
73.4,30.2,0.481,0.338
73.4,30.7,-0.481,0.346
73.4,31.2,-1.378,0.354
73.4,31.7,0.801,0.362
73.4,32.2,-0.096,0.370
73.4,32.7,-1.058,0.378
73.4,33.2,1.186,0.386
73.4,33.7,0.224,0.394
73.4,34.2,-0.673,0.402
73.4,34.7,1.507,0.410
73.4,35.2,0.609,0.418
73.4,35.7,-0.353,0.426
73.4,36.2,-1.250,0.434
73.4,36.7,0.930,0.442
73.4,37.2,0.032,0.450
73.4,37.7,-0.930,0.458
73.4,38.2,1.314,0.465
73.4,38.7,0.353,0.474
73.4,39.2,-0.609,0.481
73.4,39.7,-1.507,0.489
73.4,40.2,0.673,0.497
73.4,40.7,-0.224,0.505
73.4,41.2,-1.186,0.513
73.4,41.7,0.994,0.521
73.4,42.2,0.096,0.529
73.4,42.7,-0.866,0.537
73.4,43.2,1.378,0.544
73.4,43.7,0.417,0.552
73.4,44.2,-0.545,0.560
73.4,44.7,-1.443,0.568
73.4,45.2,0.737,0.576
73.4,45.7,-0.224,0.583
73.4,46.2,-1.122,0.592
73.4,46.7,1.058,0.599
73.4,47.2,0.160,0.607
73.4,47.7,-0.801,0.615
73.4,48.2,1.378,0.623
73.4,48.7,0.417,0.630
73.4,49.2,-0.481,0.638
73.4,49.7,-1.443,0.646
73.4,50.3,0.737,0.653
73.4,50.8,-0.160,0.661
73.4,51.3,-1.122,0.669
73.4,51.8,1.058,0.677
73.4,52.3,0.160,0.684
73.4,52.8,-0.801,0.692
73.4,53.3,1.378,0.700
73.4,53.8,0.417,0.707
73.4,54.3,-0.481,0.715
73.4,54.8,-1.443,0.723
73.4,55.3,0.737,0.730
73.4,55.8,-0.224,0.738
73.4,56.3,-1.122,0.745
73.4,56.8,1.058,0.753
73.4,57.3,0.096,0.760
73.4,57.8,-0.866,0.768
73.4,58.3,1.314,0.775
73.4,58.8,0.417,0.783
73.4,59.3,-0.545,0.791
73.4,59.8,-1.507,0.798
73.4,60.3,0.673,0.805
73.4,60.8,-0.289,0.813
73.4,61.3,-1.186,0.820
73.4,61.8,0.994,0.828
73.4,62.3,0.032,0.835
73.4,62.8,-0.930,0.843
73.4,63.3,1.250,0.850
73.4,63.8,0.289,0.857
73.4,64.3,-0.609,0.865
73.4,64.8,1.571,0.872
73.4,65.3,0.609,0.879
73.4,65.8,-0.353,0.887
73.4,66.3,-1.314,0.894
73.4,66.8,0.866,0.901
73.4,67.3,-0.096,0.909
73.4,67.8,-1.058,0.916
73.4,68.3,1.122,0.923
73.4,68.8,0.224,0.930
73.4,69.3,-0.737,0.937
73.4,69.8,1.443,0.945
73.4,70.4,0.481,0.952
73.4,70.9,-0.481,0.959
73.4,71.4,-1.443,0.966
73.4,71.9,0.737,0.974
73.4,72.4,-0.224,0.981
73.4,72.9,-1.186,0.988
73.4,73.4,0.994,0.995
73.4,73.9,0.032,1.002
73.4,74.4,-0.930,1.009
73.4,74.9,1.250,1.016
73.4,75.4,0.289,1.023
73.4,75.9,-0.673,1.030
73.4,76.4,1.507,1.037
73.4,76.9,0.545,1.044
73.4,77.4,-0.417,1.051
73.4,77.9,-1.378,1.058
73.4,78.4,0.801,1.065
73.4,78.9,-0.160,1.072
73.4,79.4,-1.122,1.079
73.4,79.9,1.058,1.085
73.4,80.4,0.096,1.092
73.4,80.9,-0.866,1.099
73.4,81.4,1.314,1.106
73.4,81.9,0.353,1.113
73.4,82.4,-0.609,1.119
73.4,82.9,1.571,1.126
73.4,83.4,0.545,1.132
73.4,83.9,-0.417,1.139
73.4,84.4,-1.378,1.146
73.4,84.9,0.801,1.153
73.4,85.4,-0.160,1.160
73.4,85.9,-1.122,1.166
73.4,86.4,1.058,1.173
73.4,86.9,0.096,1.179
73.4,87.4,-0.866,1.186
73.4,87.9,1.250,1.192
73.4,88.4,0.289,1.199
73.4,88.9,-0.673,1.206
73.4,89.4,1.507,1.212
73.4,89.9,0.545,1.219
73.4,90.5,-0.417,1.225
73.4,91.0,-1.378,1.231
73.4,91.5,0.737,1.238
73.4,92.0,-0.224,1.244
73.4,92.5,-1.186,1.251
73.4,93.0,0.994,1.257
73.4,93.5,0.032,1.263
73.4,94.0,-0.994,1.269
73.4,94.5,1.186,1.276
73.4,95.0,0.224,1.282
73.4,95.5,-0.737,1.288
73.4,96.0,1.378,1.294
73.4,96.5,0.417,1.301
73.4,97.0,-0.545,1.307
73.4,97.5,-1.507,1.313
73.4,98.0,0.673,1.319
73.4,98.5,-0.353,1.326
73.4,99.0,-1.314,1.332
73.4,99.5,0.866,1.338
73.4,100.0,-0.160,1.343
73.9,0.0,0.609,0.156
73.9,0.5,-0.289,0.148
73.9,1.0,-1.250,0.140
73.9,1.5,0.994,0.132
73.9,2.0,0.096,0.123
73.9,2.5,-0.801,0.115
73.9,3.0,1.443,0.107
73.9,3.5,0.545,0.099
73.9,4.0,-0.353,0.091
73.9,4.5,-1.314,0.083
73.9,5.0,0.930,0.075
73.9,5.5,0.032,0.066
73.9,6.0,-0.866,0.058
73.9,6.5,1.378,0.050
73.9,7.0,0.481,0.042
73.9,7.5,-0.481,0.034
73.9,8.0,-1.378,0.026
73.9,8.5,0.866,0.017
73.9,9.0,-0.032,0.009
73.9,9.5,-0.930,0.001
73.9,10.1,1.250,0.007
73.9,10.6,0.353,0.015
73.9,11.1,-0.545,0.023
73.9,11.6,-1.443,0.032
73.9,12.1,0.737,0.040
73.9,12.6,-0.160,0.048
73.9,13.1,-1.058,0.056
73.9,13.6,1.186,0.064
73.9,14.1,0.224,0.072
73.9,14.6,-0.673,0.081
73.9,15.1,1.571,0.089
73.9,15.6,0.609,0.097
73.9,16.1,-0.289,0.105
73.9,16.6,-1.186,0.113
73.9,17.1,1.058,0.121
73.9,17.6,0.096,0.130
73.9,18.1,-0.801,0.138
73.9,18.6,1.443,0.146
73.9,19.1,0.481,0.154
73.9,19.6,-0.417,0.162
73.9,20.1,-1.314,0.170
73.9,20.6,0.866,0.178
73.9,21.1,-0.032,0.187
73.9,21.6,-0.930,0.195
73.9,22.1,1.250,0.203
73.9,22.6,0.353,0.211
73.9,23.1,-0.609,0.219
73.9,23.6,-1.507,0.227
73.9,24.1,0.737,0.235
73.9,24.6,-0.224,0.243
73.9,25.1,-1.122,0.251
73.9,25.6,1.058,0.259
73.9,26.1,0.160,0.268
73.9,26.6,-0.737,0.276
73.9,27.1,1.443,0.284
73.9,27.6,0.545,0.292
73.9,28.1,-0.417,0.300
73.9,28.6,-1.314,0.308
73.9,29.1,0.866,0.316
73.9,29.6,-0.032,0.324
73.9,30.2,-0.930,0.332
73.9,30.7,1.250,0.340
73.9,31.2,0.353,0.348
73.9,31.7,-0.609,0.356
73.9,32.2,-1.507,0.364
73.9,32.7,0.673,0.372
73.9,33.2,-0.224,0.380
73.9,33.7,-1.186,0.388
73.9,34.2,1.058,0.396
73.9,34.7,0.096,0.404
73.9,35.2,-0.801,0.412
73.9,35.7,1.378,0.420
73.9,36.2,0.481,0.428
73.9,36.7,-0.481,0.436
73.9,37.2,-1.443,0.444
73.9,37.7,0.801,0.452
73.9,38.2,-0.160,0.460
73.9,38.7,-1.058,0.468
73.9,39.2,1.122,0.476
73.9,39.7,0.224,0.484
73.9,40.2,-0.737,0.492
73.9,40.7,1.507,0.500
73.9,41.2,0.545,0.508
73.9,41.7,-0.417,0.516
73.9,42.2,-1.314,0.524
73.9,42.7,0.866,0.531
73.9,43.2,-0.032,0.539
73.9,43.7,-0.994,0.547
73.9,44.2,1.186,0.555
73.9,44.7,0.289,0.563
73.9,45.2,-0.673,0.571
73.9,45.7,1.507,0.578
73.9,46.2,0.609,0.586
73.9,46.7,-0.353,0.594
73.9,47.2,-1.314,0.602
73.9,47.7,0.930,0.610
73.9,48.2,-0.032,0.617
73.9,48.7,-0.994,0.625
73.9,49.2,1.250,0.633
73.9,49.7,0.289,0.641
73.9,50.3,-0.673,0.648
73.9,50.8,1.571,0.656
73.9,51.3,0.609,0.664
73.9,51.8,-0.353,0.671
73.9,52.3,-1.250,0.679
73.9,52.8,0.930,0.687
73.9,53.3,-0.032,0.695
73.9,53.8,-0.994,0.702
73.9,54.3,1.250,0.710
73.9,54.8,0.289,0.718
73.9,55.3,-0.673,0.725
73.9,55.8,1.507,0.733
73.9,56.3,0.609,0.740
73.9,56.8,-0.353,0.748
73.9,57.3,-1.314,0.755
73.9,57.8,0.866,0.763
73.9,58.3,-0.032,0.770
73.9,58.8,-0.994,0.778
73.9,59.3,1.186,0.786
73.9,59.8,0.224,0.793
73.9,60.3,-0.737,0.800
73.9,60.8,1.507,0.808
73.9,61.3,0.545,0.815
73.9,61.8,-0.417,0.823
73.9,62.3,-1.378,0.830
73.9,62.8,0.801,0.838
73.9,63.3,-0.160,0.845
73.9,63.8,-1.122,0.852
73.9,64.3,1.122,0.860
73.9,64.8,0.160,0.867
73.9,65.3,-0.801,0.875
73.9,65.8,1.378,0.882
73.9,66.3,0.417,0.889
73.9,66.8,-0.545,0.897
73.9,67.3,-1.507,0.904
73.9,67.8,0.673,0.911
73.9,68.3,-0.224,0.918
73.9,68.8,-1.186,0.925
73.9,69.3,0.994,0.933
73.9,69.8,0.032,0.940
73.9,70.4,-0.930,0.947
73.9,70.9,1.250,0.955
73.9,71.4,0.289,0.962
73.9,71.9,-0.673,0.969
73.9,72.4,1.507,0.976
73.9,72.9,0.545,0.983
73.9,73.4,-0.417,0.990
73.9,73.9,-1.378,0.997
73.9,74.4,0.801,1.004
73.9,74.9,-0.160,1.011
73.9,75.4,-1.122,1.018
73.9,75.9,1.058,1.025
73.9,76.4,0.096,1.032
73.9,76.9,-0.866,1.039
73.9,77.4,1.314,1.046
73.9,77.9,0.353,1.053
73.9,78.4,-0.609,1.060
73.9,78.9,-1.571,1.067
73.9,79.4,0.609,1.074
73.9,79.9,-0.353,1.081
73.9,80.4,-1.314,1.088
73.9,80.9,0.866,1.095
73.9,81.4,-0.096,1.101
73.9,81.9,-1.058,1.108
73.9,82.4,1.122,1.115
73.9,82.9,0.160,1.122
73.9,83.4,-0.801,1.128
73.9,83.9,1.378,1.135
73.9,84.4,0.417,1.141
73.9,84.9,-0.609,1.148
73.9,85.4,-1.571,1.155
73.9,85.9,0.609,1.162
73.9,86.4,-0.353,1.169
73.9,86.9,-1.314,1.175
73.9,87.4,0.866,1.182
73.9,87.9,-0.096,1.188
73.9,88.4,-1.058,1.195
73.9,88.9,1.058,1.201
73.9,89.4,0.096,1.208
73.9,89.9,-0.866,1.214
73.9,90.5,1.314,1.221
73.9,91.0,0.353,1.227
73.9,91.5,-0.609,1.234
73.9,92.0,1.507,1.240
73.9,92.5,0.545,1.246
73.9,93.0,-0.417,1.253
73.9,93.5,-1.378,1.259
73.9,94.0,0.801,1.265
73.9,94.5,-0.224,1.271
73.9,95.0,-1.186,1.278
73.9,95.5,0.994,1.284
73.9,96.0,0.032,1.291
73.9,96.5,-0.930,1.297
73.9,97.0,1.186,1.303
73.9,97.5,0.224,1.309
73.9,98.0,-0.737,1.315
73.9,98.5,1.443,1.321
73.9,99.0,0.417,1.327
73.9,99.5,-0.545,1.334
73.9,100.0,-1.507,1.340
74.4,0.0,-0.866,0.162
74.4,0.5,1.378,0.153
74.4,1.0,0.481,0.145
74.4,1.5,-0.417,0.137
74.4,2.0,-1.314,0.129
74.4,2.5,0.930,0.121
74.4,3.0,0.032,0.113
74.4,3.5,-0.930,0.104
74.4,4.0,1.314,0.096
74.4,4.5,0.417,0.088
74.4,5.0,-0.481,0.080
74.4,5.5,-1.378,0.072
74.4,6.0,0.866,0.064
74.4,6.5,-0.096,0.056
74.4,7.0,-0.994,0.047
74.4,7.5,1.250,0.039
74.4,8.0,0.353,0.031
74.4,8.5,-0.545,0.023
74.4,9.0,-1.507,0.015
74.4,9.5,0.737,0.007
74.4,10.1,-0.160,0.002
74.4,10.6,-1.058,0.010
74.4,11.1,1.186,0.018
74.4,11.6,0.224,0.026
74.4,12.1,-0.673,0.034
74.4,12.6,1.571,0.042
74.4,13.1,0.673,0.051
74.4,13.6,-0.289,0.059
74.4,14.1,-1.186,0.067
74.4,14.6,1.058,0.075
74.4,15.1,0.096,0.083
74.4,15.6,-0.801,0.091
74.4,16.1,1.443,0.100
74.4,16.6,0.545,0.108
74.4,17.1,-0.417,0.116
74.4,17.6,-1.314,0.124
74.4,18.1,0.930,0.132
74.4,18.6,-0.032,0.140
74.4,19.1,-0.930,0.149
74.4,19.6,1.314,0.157
74.4,20.1,0.353,0.165
74.4,20.6,-0.545,0.173
74.4,21.1,-1.443,0.181
74.4,21.6,0.737,0.189
74.4,22.1,-0.160,0.197
74.4,22.6,-1.058,0.205
74.4,23.1,1.122,0.214
74.4,23.6,0.224,0.222
74.4,24.1,-0.737,0.230
74.4,24.6,1.507,0.238
74.4,25.1,0.609,0.246
74.4,25.6,-0.353,0.254
74.4,26.1,-1.250,0.262
74.4,26.6,0.930,0.270
74.4,27.1,0.032,0.278
74.4,27.6,-0.866,0.286
74.4,28.1,1.314,0.295
74.4,28.6,0.417,0.303
74.4,29.1,-0.545,0.311
74.4,29.6,-1.443,0.319
74.4,30.2,0.737,0.327
74.4,30.7,-0.160,0.335
74.4,31.2,-1.122,0.343
74.4,31.7,1.122,0.351
74.4,32.2,0.160,0.359
74.4,32.7,-0.737,0.367
74.4,33.2,1.507,0.375
74.4,33.7,0.545,0.383
74.4,34.2,-0.353,0.391
74.4,34.7,-1.314,0.399
74.4,35.2,0.866,0.407
74.4,35.7,-0.032,0.415
74.4,36.2,-0.994,0.423
74.4,36.7,1.250,0.431
74.4,37.2,0.289,0.439
74.4,37.7,-0.609,0.447
74.4,38.2,-1.571,0.455
74.4,38.7,0.673,0.463
74.4,39.2,-0.289,0.471
74.4,39.7,-1.186,0.479
74.4,40.2,0.994,0.487
74.4,40.7,0.032,0.494
74.4,41.2,-0.866,0.503
74.4,41.7,1.314,0.510
74.4,42.2,0.417,0.518
74.4,42.7,-0.545,0.526
74.4,43.2,-1.507,0.534
74.4,43.7,0.737,0.542
74.4,44.2,-0.224,0.550
74.4,44.7,-1.122,0.558
74.4,45.2,1.058,0.566
74.4,45.7,0.096,0.573
74.4,46.2,-0.801,0.581
74.4,46.7,1.378,0.589
74.4,47.2,0.417,0.597
74.4,47.7,-0.481,0.604
74.4,48.2,-1.443,0.612
74.4,48.7,0.737,0.620
74.4,49.2,-0.160,0.628
74.4,49.7,-1.122,0.636
74.4,50.3,1.058,0.643
74.4,50.8,0.160,0.651
74.4,51.3,-0.801,0.659
74.4,51.8,1.378,0.666
74.4,52.3,0.481,0.674
74.4,52.8,-0.481,0.682
74.4,53.3,-1.443,0.689
74.4,53.8,0.737,0.697
74.4,54.3,-0.160,0.705
74.4,54.8,-1.122,0.712
74.4,55.3,1.058,0.720
74.4,55.8,0.096,0.727
74.4,56.3,-0.801,0.735
74.4,56.8,1.378,0.743
74.4,57.3,0.417,0.750
74.4,57.8,-0.545,0.758
74.4,58.3,-1.443,0.765
74.4,58.8,0.737,0.773
74.4,59.3,-0.224,0.781
74.4,59.8,-1.186,0.788
74.4,60.3,0.994,0.795
74.4,60.8,0.096,0.803
74.4,61.3,-0.866,0.810
74.4,61.8,1.314,0.818
74.4,62.3,0.353,0.825
74.4,62.8,-0.609,0.833
74.4,63.3,-1.571,0.840
74.4,63.8,0.673,0.847
74.4,64.3,-0.289,0.855
74.4,64.8,-1.250,0.862
74.4,65.3,0.930,0.870
74.4,65.8,-0.032,0.877
74.4,66.3,-0.994,0.884
74.4,66.8,1.186,0.892
74.4,67.3,0.224,0.899
74.4,67.8,-0.673,0.906
74.4,68.3,1.507,0.913
74.4,68.8,0.545,0.921
74.4,69.3,-0.417,0.928
74.4,69.8,-1.378,0.935
74.4,70.4,0.801,0.943
74.4,70.9,-0.160,0.950
74.4,71.4,-1.122,0.957
74.4,71.9,1.058,0.964
74.4,72.4,0.096,0.971
74.4,72.9,-0.866,0.978
74.4,73.4,1.314,0.985
74.4,73.9,0.353,0.992
74.4,74.4,-0.609,0.999
74.4,74.9,-1.571,1.006
74.4,75.4,0.609,1.013
74.4,75.9,-0.353,1.020
74.4,76.4,-1.250,1.027
74.4,76.9,0.930,1.034
74.4,77.4,-0.032,1.041
74.4,77.9,-1.058,1.048
74.4,78.4,1.122,1.055
74.4,78.9,0.160,1.062
74.4,79.4,-0.801,1.069
74.4,79.9,1.378,1.076
74.4,80.4,0.417,1.083
74.4,80.9,-0.545,1.090
74.4,81.4,-1.507,1.097
74.4,81.9,0.673,1.104
74.4,82.4,-0.289,1.110
74.4,82.9,-1.250,1.117
74.4,83.4,0.930,1.124
74.4,83.9,-0.032,1.131
74.4,84.4,-0.994,1.137
74.4,84.9,1.186,1.144
74.4,85.4,0.224,1.151
74.4,85.9,-0.737,1.157
74.4,86.4,1.378,1.164
74.4,86.9,0.417,1.171
74.4,87.4,-0.545,1.177
74.4,87.9,-1.507,1.184
74.4,88.4,0.673,1.191
74.4,88.9,-0.289,1.197
74.4,89.4,-1.250,1.203
74.4,89.9,0.866,1.210
74.4,90.5,-0.096,1.216
74.4,91.0,-1.058,1.223
74.4,91.5,1.122,1.230
74.4,92.0,0.160,1.236
74.4,92.5,-0.801,1.242
74.4,93.0,1.314,1.248
74.4,93.5,0.353,1.255
74.4,94.0,-0.609,1.261
74.4,94.5,1.571,1.268
74.4,95.0,0.609,1.274
74.4,95.5,-0.417,1.280
74.4,96.0,-1.378,1.287
74.4,96.5,0.801,1.293
74.4,97.0,-0.160,1.299
74.4,97.5,-1.186,1.305
74.4,98.0,0.994,1.311
74.4,98.5,0.032,1.318
74.4,99.0,-0.930,1.323
74.4,99.5,1.186,1.329
74.4,100.0,0.224,1.336
74.9,0.0,0.866,0.167
74.9,0.5,-0.032,0.159
74.9,1.0,-0.930,0.151
74.9,1.5,1.314,0.143
74.9,2.0,0.353,0.134
74.9,2.5,-0.545,0.126
74.9,3.0,-1.443,0.118
74.9,3.5,0.801,0.110
74.9,4.0,-0.096,0.102
74.9,4.5,-0.994,0.094
74.9,5.0,1.250,0.085
74.9,5.5,0.289,0.077
74.9,6.0,-0.609,0.069
74.9,6.5,-1.507,0.061
74.9,7.0,0.737,0.053
74.9,7.5,-0.160,0.045
74.9,8.0,-1.122,0.037
74.9,8.5,1.122,0.028
74.9,9.0,0.224,0.020
74.9,9.5,-0.673,0.012
74.9,10.1,1.571,0.004
74.9,10.6,0.609,0.004
74.9,11.1,-0.289,0.012
74.9,11.6,-1.186,0.021
74.9,12.1,1.058,0.029
74.9,12.6,0.096,0.037
74.9,13.1,-0.801,0.045
74.9,13.6,1.443,0.053
74.9,14.1,0.545,0.061
74.9,14.6,-0.417,0.070
74.9,15.1,-1.314,0.078
74.9,15.6,0.930,0.086
74.9,16.1,0.032,0.094
74.9,16.6,-0.930,0.102
74.9,17.1,1.314,0.110
74.9,17.6,0.417,0.119
74.9,18.1,-0.545,0.127
74.9,18.6,-1.443,0.135
74.9,19.1,0.801,0.143
74.9,19.6,-0.160,0.151
74.9,20.1,-1.058,0.159
74.9,20.6,1.186,0.167
74.9,21.1,0.224,0.176
74.9,21.6,-0.673,0.184
74.9,22.1,1.571,0.192
74.9,22.6,0.609,0.200
74.9,23.1,-0.289,0.208
74.9,23.6,-1.186,0.216
74.9,24.1,0.994,0.224
74.9,24.6,0.096,0.232
74.9,25.1,-0.866,0.241
74.9,25.6,1.378,0.249
74.9,26.1,0.481,0.257
74.9,26.6,-0.481,0.265
74.9,27.1,-1.378,0.273
74.9,27.6,0.801,0.281
74.9,28.1,-0.096,0.289
74.9,28.6,-0.994,0.297
74.9,29.1,1.186,0.305
74.9,29.6,0.289,0.313
74.9,30.2,-0.673,0.321
74.9,30.7,1.571,0.329
74.9,31.2,0.609,0.338
74.9,31.7,-0.289,0.346
74.9,32.2,-1.250,0.354
74.9,32.7,0.994,0.362
74.9,33.2,0.032,0.370
74.9,33.7,-0.866,0.378
74.9,34.2,1.314,0.386
74.9,34.7,0.417,0.394
74.9,35.2,-0.545,0.402
74.9,35.7,-1.443,0.410
74.9,36.2,0.737,0.418
74.9,36.7,-0.160,0.426
74.9,37.2,-1.122,0.434
74.9,37.7,1.122,0.442
74.9,38.2,0.160,0.450
74.9,38.7,-0.737,0.457
74.9,39.2,1.443,0.466
74.9,39.7,0.545,0.473
74.9,40.2,-0.417,0.481
74.9,40.7,-1.378,0.489
74.9,41.2,0.866,0.497
74.9,41.7,-0.096,0.505
74.9,42.2,-0.994,0.513
74.9,42.7,1.186,0.521
74.9,43.2,0.224,0.529
74.9,43.7,-0.673,0.537
74.9,44.2,1.507,0.545
74.9,44.7,0.609,0.552
74.9,45.2,-0.353,0.560
74.9,45.7,-1.314,0.568
74.9,46.2,0.930,0.576
74.9,46.7,-0.032,0.584
74.9,47.2,-0.994,0.591
74.9,47.7,1.250,0.599
74.9,48.2,0.289,0.607
74.9,48.7,-0.673,0.615
74.9,49.2,1.571,0.623
74.9,49.7,0.609,0.630
74.9,50.3,-0.353,0.638
74.9,50.8,-1.250,0.646
74.9,51.3,0.930,0.654
74.9,51.8,-0.032,0.661
74.9,52.3,-0.930,0.669
74.9,52.8,1.250,0.677
74.9,53.3,0.289,0.684
74.9,53.8,-0.673,0.692
74.9,54.3,1.571,0.700
74.9,54.8,0.609,0.707
74.9,55.3,-0.353,0.715
74.9,55.8,-1.314,0.722
74.9,56.3,0.930,0.730
74.9,56.8,-0.032,0.738
74.9,57.3,-0.994,0.745
74.9,57.8,1.186,0.753
74.9,58.3,0.289,0.760
74.9,58.8,-0.673,0.768
74.9,59.3,1.507,0.776
74.9,59.8,0.545,0.783
74.9,60.3,-0.417,0.790
74.9,60.8,-1.314,0.798
74.9,61.3,0.866,0.806
74.9,61.8,-0.096,0.813
74.9,62.3,-1.058,0.820
74.9,62.8,1.122,0.828
74.9,63.3,0.224,0.835
74.9,63.8,-0.737,0.843
74.9,64.3,1.443,0.850
74.9,64.8,0.481,0.858
74.9,65.3,-0.481,0.865
74.9,65.8,-1.443,0.872
74.9,66.3,0.737,0.879
74.9,66.8,-0.224,0.887
74.9,67.3,-1.122,0.894
74.9,67.8,1.058,0.901
74.9,68.3,0.096,0.909
74.9,68.8,-0.866,0.916
74.9,69.3,1.314,0.923
74.9,69.8,0.353,0.931
74.9,70.4,-0.609,0.938
74.9,70.9,-1.571,0.945
74.9,71.4,0.609,0.952
74.9,71.9,-0.353,0.959
74.9,72.4,-1.314,0.966
74.9,72.9,0.866,0.973
74.9,73.4,-0.032,0.980
74.9,73.9,-0.994,0.987
74.9,74.4,1.186,0.995
74.9,74.9,0.224,1.002
74.9,75.4,-0.737,1.009
74.9,75.9,1.443,1.016
74.9,76.4,0.481,1.023
74.9,76.9,-0.481,1.030
74.9,77.4,-1.443,1.037
74.9,77.9,0.737,1.044
74.9,78.4,-0.224,1.051
74.9,78.9,-1.186,1.058
74.9,79.4,0.994,1.065
74.9,79.9,0.032,1.071
74.9,80.4,-0.930,1.078
74.9,80.9,1.250,1.085
74.9,81.4,0.224,1.092
74.9,81.9,-0.737,1.099
74.9,82.4,1.443,1.106
74.9,82.9,0.481,1.113
74.9,83.4,-0.481,1.119
74.9,83.9,-1.443,1.126
74.9,84.4,0.737,1.133
74.9,84.9,-0.224,1.140
74.9,85.4,-1.186,1.146
74.9,85.9,0.994,1.153
74.9,86.4,0.032,1.160
74.9,86.9,-0.930,1.166
74.9,87.4,1.186,1.173
74.9,87.9,0.224,1.179
74.9,88.4,-0.737,1.186
74.9,88.9,1.443,1.193
74.9,89.4,0.481,1.199
74.9,89.9,-0.481,1.206
74.9,90.5,-1.443,1.212
74.9,91.0,0.673,1.218
74.9,91.5,-0.289,1.225
74.9,92.0,-1.250,1.232
74.9,92.5,0.930,1.238
74.9,93.0,-0.032,1.244
74.9,93.5,-0.994,1.250
74.9,94.0,1.122,1.257
74.9,94.5,0.160,1.264
74.9,95.0,-0.801,1.270
74.9,95.5,1.378,1.276
74.9,96.0,0.353,1.282
74.9,96.5,-0.609,1.289
74.9,97.0,-1.571,1.295
74.9,97.5,0.609,1.301
74.9,98.0,-0.353,1.307
74.9,98.5,-1.378,1.313
74.9,99.0,0.801,1.320
74.9,99.5,-0.160,1.326
74.9,100.0,-1.122,1.331
75.4,0.0,-0.609,0.172
75.4,0.5,-1.507,0.164
75.4,1.0,0.737,0.156
75.4,1.5,-0.160,0.148
75.4,2.0,-1.058,0.140
75.4,2.5,1.186,0.132
75.4,3.0,0.289,0.124
75.4,3.5,-0.609,0.115
75.4,4.0,-1.571,0.107
75.4,4.5,0.673,0.099
75.4,5.0,-0.224,0.091
75.4,5.5,-1.122,0.083
75.4,6.0,1.122,0.075
75.4,6.5,0.224,0.067
75.4,7.0,-0.673,0.058
75.4,7.5,1.507,0.050
75.4,8.0,0.609,0.042
75.4,8.5,-0.289,0.034
75.4,9.0,-1.186,0.026
75.4,9.5,1.058,0.018
75.4,10.1,0.096,0.009
75.4,10.6,-0.801,0.001
75.4,11.1,1.443,0.007
75.4,11.6,0.545,0.015
75.4,12.1,-0.417,0.023
75.4,12.6,-1.314,0.032
75.4,13.1,0.930,0.040
75.4,13.6,0.032,0.048
75.4,14.1,-0.930,0.056
75.4,14.6,1.314,0.064
75.4,15.1,0.417,0.072
75.4,15.6,-0.481,0.080
75.4,16.1,-1.443,0.089
75.4,16.6,0.801,0.097
75.4,17.1,-0.096,0.105
75.4,17.6,-1.058,0.113
75.4,18.1,1.186,0.121
75.4,18.6,0.289,0.129
75.4,19.1,-0.673,0.138
75.4,19.6,-1.571,0.146
75.4,20.1,0.673,0.154
75.4,20.6,-0.289,0.162
75.4,21.1,-1.186,0.170
75.4,21.6,1.058,0.178
75.4,22.1,0.096,0.186
75.4,22.6,-0.801,0.195
75.4,23.1,1.443,0.203
75.4,23.6,0.481,0.211
75.4,24.1,-0.417,0.219
75.4,24.6,-1.314,0.227
75.4,25.1,0.866,0.235
75.4,25.6,-0.032,0.243
75.4,26.1,-0.994,0.251
75.4,26.6,1.250,0.260
75.4,27.1,0.353,0.268
75.4,27.6,-0.609,0.276
75.4,28.1,-1.507,0.284
75.4,28.6,0.673,0.292
75.4,29.1,-0.224,0.300
75.4,29.6,-1.186,0.308
75.4,30.2,1.058,0.316
75.4,30.7,0.160,0.324
75.4,31.2,-0.801,0.332
75.4,31.7,1.443,0.340
75.4,32.2,0.481,0.348
75.4,32.7,-0.417,0.356
75.4,33.2,-1.378,0.364
75.4,33.7,0.866,0.372
75.4,34.2,-0.096,0.380
75.4,34.7,-0.994,0.388
75.4,35.2,1.186,0.396
75.4,35.7,0.289,0.404
75.4,36.2,-0.673,0.412
75.4,36.7,1.571,0.420
75.4,37.2,0.609,0.428
75.4,37.7,-0.289,0.436
75.4,38.2,-1.250,0.444
75.4,38.7,0.994,0.452
75.4,39.2,0.032,0.460
75.4,39.7,-0.930,0.468
75.4,40.2,1.314,0.476
75.4,40.7,0.353,0.484
75.4,41.2,-0.545,0.492
75.4,41.7,-1.507,0.500
75.4,42.2,0.737,0.508
75.4,42.7,-0.224,0.516
75.4,43.2,-1.186,0.523
75.4,43.7,1.058,0.531
75.4,44.2,0.096,0.539
75.4,44.7,-0.866,0.547
75.4,45.2,1.378,0.555
75.4,45.7,0.417,0.563
75.4,46.2,-0.481,0.571
75.4,46.7,-1.443,0.579
75.4,47.2,0.737,0.586
75.4,47.7,-0.160,0.594
75.4,48.2,-1.122,0.602
75.4,48.7,1.058,0.610
75.4,49.2,0.160,0.617
75.4,49.7,-0.801,0.625
75.4,50.3,1.378,0.633
75.4,50.8,0.481,0.641
75.4,51.3,-0.481,0.648
75.4,51.8,-1.443,0.656
75.4,52.3,0.801,0.664
75.4,52.8,-0.160,0.672
75.4,53.3,-1.122,0.679
75.4,53.8,1.058,0.687
75.4,54.3,0.160,0.694
75.4,54.8,-0.801,0.702
75.4,55.3,1.378,0.710
75.4,55.8,0.417,0.717
75.4,56.3,-0.481,0.725
75.4,56.8,-1.443,0.733
75.4,57.3,0.737,0.740
75.4,57.8,-0.224,0.748
75.4,58.3,-1.122,0.755
75.4,58.8,1.058,0.763
75.4,59.3,0.096,0.771
75.4,59.8,-0.866,0.778
75.4,60.3,1.314,0.785
75.4,60.8,0.417,0.793
75.4,61.3,-0.545,0.801
75.4,61.8,-1.507,0.808
75.4,62.3,0.673,0.815
75.4,62.8,-0.289,0.823
75.4,63.3,-1.186,0.830
75.4,63.8,0.994,0.838
75.4,64.3,0.032,0.845
75.4,64.8,-0.930,0.853
75.4,65.3,1.250,0.860
75.4,65.8,0.289,0.867
75.4,66.3,-0.673,0.874
75.4,66.8,1.571,0.882
75.4,67.3,0.609,0.889
75.4,67.8,-0.353,0.897
75.4,68.3,-1.314,0.904
75.4,68.8,0.866,0.911
75.4,69.3,-0.096,0.918
75.4,69.8,-1.058,0.926
75.4,70.4,1.122,0.933
75.4,70.9,0.160,0.940
75.4,71.4,-0.801,0.947
75.4,71.9,1.443,0.954
75.4,72.4,0.481,0.961
75.4,72.9,-0.481,0.969
75.4,73.4,-1.443,0.976
75.4,73.9,0.737,0.983
75.4,74.4,-0.224,0.990
75.4,74.9,-1.186,0.997
75.4,75.4,0.994,1.004
75.4,75.9,0.032,1.011
75.4,76.4,-0.930,1.018
75.4,76.9,1.250,1.025
75.4,77.4,0.289,1.032
75.4,77.9,-0.673,1.039
75.4,78.4,1.507,1.046
75.4,78.9,0.545,1.053
75.4,79.4,-0.417,1.060
75.4,79.9,-1.378,1.067
75.4,80.4,0.801,1.074
75.4,80.9,-0.160,1.081
75.4,81.4,-1.122,1.088
75.4,81.9,1.058,1.094
75.4,82.4,0.096,1.101
75.4,82.9,-0.866,1.108
75.4,83.4,1.250,1.115
75.4,83.9,0.289,1.122
75.4,84.4,-0.673,1.128
75.4,84.9,1.507,1.135
75.4,85.4,0.545,1.142
75.4,85.9,-0.417,1.149
75.4,86.4,-1.378,1.155
75.4,86.9,0.801,1.162
75.4,87.4,-0.160,1.168
75.4,87.9,-1.122,1.175
75.4,88.4,0.994,1.181
75.4,88.9,0.032,1.188
75.4,89.4,-0.930,1.195
75.4,89.9,1.250,1.202
75.4,90.5,0.289,1.208
75.4,91.0,-0.673,1.214
75.4,91.5,1.507,1.221
75.4,92.0,0.481,1.227
75.4,92.5,-0.481,1.234
75.4,93.0,-1.443,1.240
75.4,93.5,0.737,1.247
75.4,94.0,-0.224,1.253
75.4,94.5,-1.250,1.259
75.4,95.0,0.930,1.266
75.4,95.5,-0.032,1.272
75.4,96.0,-0.994,1.278
75.4,96.5,1.186,1.284
75.4,97.0,0.160,1.290
75.4,97.5,-0.801,1.297
75.4,98.0,1.378,1.303
75.4,98.5,0.417,1.309
75.4,99.0,-0.609,1.315
75.4,99.5,-1.571,1.322
75.4,100.0,0.609,1.328
75.9,0.0,1.122,0.178
75.9,0.5,0.224,0.170
75.9,1.0,-0.673,0.162
75.9,1.5,1.571,0.154
75.9,2.0,0.673,0.145
75.9,2.5,-0.224,0.137
75.9,3.0,-1.186,0.129
75.9,3.5,1.058,0.121
75.9,4.0,0.160,0.113
75.9,4.5,-0.737,0.105
75.9,5.0,1.507,0.097
75.9,5.5,0.609,0.088
75.9,6.0,-0.353,0.080
75.9,6.5,-1.250,0.072
75.9,7.0,0.994,0.064
75.9,7.5,0.096,0.056
75.9,8.0,-0.801,0.048
75.9,8.5,1.443,0.039
75.9,9.0,0.481,0.031
75.9,9.5,-0.417,0.023
75.9,10.1,-1.314,0.015
75.9,10.6,0.930,0.007
75.9,11.1,0.032,0.002
75.9,11.6,-0.930,0.010
75.9,12.1,1.314,0.018
75.9,12.6,0.417,0.026
75.9,13.1,-0.481,0.034
75.9,13.6,-1.443,0.042
75.9,14.1,0.801,0.051
75.9,14.6,-0.096,0.059
75.9,15.1,-0.994,0.067
75.9,15.6,1.186,0.075
75.9,16.1,0.289,0.083
75.9,16.6,-0.609,0.091
75.9,17.1,-1.571,0.099
75.9,17.6,0.673,0.108
75.9,18.1,-0.224,0.116
75.9,18.6,-1.122,0.124
75.9,19.1,1.058,0.132
75.9,19.6,0.160,0.140
75.9,20.1,-0.737,0.148
75.9,20.6,1.443,0.157
75.9,21.1,0.545,0.165
75.9,21.6,-0.353,0.173
75.9,22.1,-1.314,0.181
75.9,22.6,0.930,0.189
75.9,23.1,-0.032,0.197
75.9,23.6,-0.930,0.205
75.9,24.1,1.314,0.213
75.9,24.6,0.353,0.222
75.9,25.1,-0.545,0.230
75.9,25.6,-1.443,0.238
75.9,26.1,0.737,0.246
75.9,26.6,-0.160,0.254
75.9,27.1,-1.122,0.262
75.9,27.6,1.122,0.270
75.9,28.1,0.224,0.278
75.9,28.6,-0.737,0.286
75.9,29.1,1.507,0.294
75.9,29.6,0.545,0.303
75.9,30.2,-0.353,0.311
75.9,30.7,-1.314,0.319
75.9,31.2,0.930,0.327
75.9,31.7,-0.032,0.335
75.9,32.2,-0.930,0.343
75.9,32.7,1.314,0.351
75.9,33.2,0.353,0.359
75.9,33.7,-0.545,0.367
75.9,34.2,-1.507,0.375
75.9,34.7,0.737,0.383
75.9,35.2,-0.224,0.391
75.9,35.7,-1.122,0.399
75.9,36.2,1.058,0.407
75.9,36.7,0.160,0.415
75.9,37.2,-0.801,0.423
75.9,37.7,1.378,0.431
75.9,38.2,0.481,0.439
75.9,38.7,-0.481,0.447
75.9,39.2,-1.378,0.455
75.9,39.7,0.801,0.463
75.9,40.2,-0.096,0.471
75.9,40.7,-1.058,0.479
75.9,41.2,1.186,0.487
75.9,41.7,0.224,0.495
75.9,42.2,-0.737,0.502
75.9,42.7,1.507,0.510
75.9,43.2,0.545,0.518
75.9,43.7,-0.353,0.526
75.9,44.2,-1.314,0.534
75.9,44.7,0.866,0.542
75.9,45.2,-0.032,0.550
75.9,45.7,-0.994,0.558
75.9,46.2,1.250,0.565
75.9,46.7,0.289,0.573
75.9,47.2,-0.673,0.581
75.9,47.7,1.571,0.589
75.9,48.2,0.609,0.597
75.9,48.7,-0.353,0.604
75.9,49.2,-1.250,0.612
75.9,49.7,0.930,0.620
75.9,50.3,-0.032,0.628
75.9,50.8,-0.930,0.635
75.9,51.3,1.250,0.643
75.9,51.8,0.289,0.651
75.9,52.3,-0.609,0.658
75.9,52.8,1.571,0.666
75.9,53.3,0.609,0.674
75.9,53.8,-0.353,0.682
75.9,54.3,-1.250,0.689
75.9,54.8,0.930,0.697
75.9,55.3,-0.032,0.705
75.9,55.8,-0.994,0.712
75.9,56.3,1.250,0.720
75.9,56.8,0.289,0.728
75.9,57.3,-0.673,0.735
75.9,57.8,1.507,0.743
75.9,58.3,0.609,0.750
75.9,58.8,-0.353,0.758
75.9,59.3,-1.314,0.766
75.9,59.8,0.866,0.773
75.9,60.3,-0.032,0.780
75.9,60.8,-0.994,0.788
75.9,61.3,1.186,0.796
75.9,61.8,0.224,0.803
75.9,62.3,-0.737,0.810
75.9,62.8,1.443,0.818
75.9,63.3,0.545,0.825
75.9,63.8,-0.417,0.833
75.9,64.3,-1.378,0.840
75.9,64.8,0.801,0.848
75.9,65.3,-0.160,0.855
75.9,65.8,-1.122,0.862
75.9,66.3,1.122,0.870
75.9,66.8,0.160,0.877
75.9,67.3,-0.801,0.884
75.9,67.8,1.378,0.892
75.9,68.3,0.417,0.899
75.9,68.8,-0.545,0.906
75.9,69.3,-1.507,0.914
75.9,69.8,0.673,0.921
75.9,70.4,-0.289,0.928
75.9,70.9,-1.186,0.935
75.9,71.4,0.994,0.942
75.9,71.9,0.032,0.950
75.9,72.4,-0.930,0.957
75.9,72.9,1.250,0.964
75.9,73.4,0.289,0.971
75.9,73.9,-0.673,0.978
75.9,74.4,1.507,0.986
75.9,74.9,0.545,0.993
75.9,75.4,-0.417,1.000
75.9,75.9,-1.378,1.007
75.9,76.4,0.801,1.014
75.9,76.9,-0.160,1.021
75.9,77.4,-1.122,1.028
75.9,77.9,1.058,1.035
75.9,78.4,0.096,1.042
75.9,78.9,-0.866,1.049
75.9,79.4,1.314,1.056
75.9,79.9,0.353,1.063
75.9,80.4,-0.609,1.070
75.9,80.9,1.571,1.076
75.9,81.4,0.609,1.083
75.9,81.9,-0.353,1.090
75.9,82.4,-1.314,1.097
75.9,82.9,0.866,1.104
75.9,83.4,-0.096,1.110
75.9,83.9,-1.058,1.117
75.9,84.4,1.122,1.124
75.9,84.9,0.096,1.130
75.9,85.4,-0.866,1.137
75.9,85.9,1.314,1.144
75.9,86.4,0.353,1.151
75.9,86.9,-0.609,1.158
75.9,87.4,1.571,1.164
75.9,87.9,0.609,1.171
75.9,88.4,-0.353,1.177
75.9,88.9,-1.314,1.184
75.9,89.4,0.801,1.190
75.9,89.9,-0.160,1.197
75.9,90.5,-1.122,1.204
75.9,91.0,1.058,1.210
75.9,91.5,0.096,1.217
75.9,92.0,-0.866,1.223
75.9,92.5,1.314,1.229
75.9,93.0,0.289,1.236
75.9,93.5,-0.673,1.242
75.9,94.0,1.507,1.249
75.9,94.5,0.545,1.255
75.9,95.0,-0.417,1.261
75.9,95.5,-1.443,1.268
75.9,96.0,0.737,1.274
75.9,96.5,-0.224,1.280
75.9,97.0,-1.186,1.287
75.9,97.5,0.930,1.292
75.9,98.0,-0.032,1.299
75.9,98.5,-0.994,1.305
75.9,99.0,1.186,1.311
75.9,99.5,0.224,1.317
75.9,100.0,-0.801,1.324
76.4,0.0,-0.289,0.183
76.4,0.5,-1.186,0.175
76.4,1.0,0.994,0.167
76.4,1.5,0.096,0.159
76.4,2.0,-0.801,0.151
76.4,2.5,1.443,0.143
76.4,3.0,0.545,0.135
76.4,3.5,-0.353,0.126
76.4,4.0,-1.250,0.118
76.4,4.5,0.994,0.110
76.4,5.0,0.032,0.102
76.4,5.5,-0.866,0.094
76.4,6.0,1.378,0.086
76.4,6.5,0.481,0.078
76.4,7.0,-0.417,0.069
76.4,7.5,-1.314,0.061
76.4,8.0,0.866,0.053
76.4,8.5,-0.032,0.045
76.4,9.0,-0.930,0.037
76.4,9.5,1.314,0.028
76.4,10.1,0.417,0.020
76.4,10.6,-0.545,0.012
76.4,11.1,-1.443,0.004
76.4,11.6,0.801,0.004
76.4,12.1,-0.096,0.012
76.4,12.6,-0.994,0.021
76.4,13.1,1.186,0.029
76.4,13.6,0.289,0.037
76.4,14.1,-0.609,0.045
76.4,14.6,-1.507,0.053
76.4,15.1,0.673,0.061
76.4,15.6,-0.224,0.070
76.4,16.1,-1.122,0.078
76.4,16.6,1.058,0.086
76.4,17.1,0.160,0.094
76.4,17.6,-0.737,0.102
76.4,18.1,1.507,0.110
76.4,18.6,0.545,0.118
76.4,19.1,-0.353,0.127
76.4,19.6,-1.250,0.135
76.4,20.1,0.930,0.143
76.4,20.6,0.032,0.151
76.4,21.1,-0.866,0.159
76.4,21.6,1.314,0.167
76.4,22.1,0.417,0.176
76.4,22.6,-0.481,0.184
76.4,23.1,-1.443,0.192
76.4,23.6,0.801,0.200
76.4,24.1,-0.096,0.208
76.4,24.6,-1.058,0.216
76.4,25.1,1.186,0.224
76.4,25.6,0.224,0.232
76.4,26.1,-0.673,0.241
76.4,26.6,1.571,0.249
76.4,27.1,0.609,0.257
76.4,27.6,-0.289,0.265
76.4,28.1,-1.250,0.273
76.4,28.6,0.994,0.281
76.4,29.1,0.032,0.289
76.4,29.6,-0.866,0.297
76.4,30.2,1.378,0.305
76.4,30.7,0.417,0.313
76.4,31.2,-0.481,0.321
76.4,31.7,-1.443,0.329
76.4,32.2,0.801,0.338
76.4,32.7,-0.160,0.345
76.4,33.2,-1.058,0.354
76.4,33.7,1.122,0.362
76.4,34.2,0.224,0.370
76.4,34.7,-0.737,0.378
76.4,35.2,1.507,0.386
76.4,35.7,0.545,0.394
76.4,36.2,-0.353,0.402
76.4,36.7,-1.314,0.410
76.4,37.2,0.930,0.418
76.4,37.7,-0.032,0.426
76.4,38.2,-0.930,0.434
76.4,38.7,1.250,0.442
76.4,39.2,0.353,0.450
76.4,39.7,-0.609,0.458
76.4,40.2,-1.507,0.465
76.4,40.7,0.673,0.473
76.4,41.2,-0.289,0.481
76.4,41.7,-1.186,0.489
76.4,42.2,0.994,0.497
76.4,42.7,0.096,0.505
76.4,43.2,-0.866,0.513
76.4,43.7,1.378,0.521
76.4,44.2,0.417,0.529
76.4,44.7,-0.545,0.537
76.4,45.2,-1.443,0.544
76.4,45.7,0.737,0.552
76.4,46.2,-0.224,0.560
76.4,46.7,-1.122,0.568
76.4,47.2,1.058,0.576
76.4,47.7,0.160,0.584
76.4,48.2,-0.801,0.592
76.4,48.7,1.378,0.599
76.4,49.2,0.481,0.607
76.4,49.7,-0.481,0.615
76.4,50.3,-1.443,0.623
76.4,50.8,0.801,0.630
76.4,51.3,-0.160,0.638
76.4,51.8,-1.122,0.646
76.4,52.3,1.122,0.653
76.4,52.8,0.160,0.661
76.4,53.3,-0.801,0.669
76.4,53.8,1.378,0.677
76.4,54.3,0.481,0.684
76.4,54.8,-0.481,0.692
76.4,55.3,-1.443,0.700
76.4,55.8,0.737,0.707
76.4,56.3,-0.160,0.715
76.4,56.8,-1.122,0.723
76.4,57.3,1.058,0.730
76.4,57.8,0.096,0.737
76.4,58.3,-0.801,0.745
76.4,58.8,1.378,0.753
76.4,59.3,0.417,0.761
76.4,59.8,-0.545,0.768
76.4,60.3,-1.443,0.775
76.4,60.8,0.737,0.783
76.4,61.3,-0.224,0.791
76.4,61.8,-1.186,0.798
76.4,62.3,0.994,0.805
76.4,62.8,0.096,0.813
76.4,63.3,-0.866,0.820
76.4,63.8,1.314,0.828
76.4,64.3,0.353,0.835
76.4,64.8,-0.609,0.843
76.4,65.3,-1.571,0.850
76.4,65.8,0.673,0.857
76.4,66.3,-0.289,0.865
76.4,66.8,-1.250,0.872
76.4,67.3,0.930,0.880
76.4,67.8,-0.032,0.887
76.4,68.3,-0.994,0.894
76.4,68.8,1.186,0.901
76.4,69.3,0.224,0.909
76.4,69.8,-0.737,0.916
76.4,70.4,1.507,0.923
76.4,70.9,0.545,0.930
76.4,71.4,-0.417,0.938
76.4,71.9,-1.378,0.945
76.4,72.4,0.801,0.952
76.4,72.9,-0.160,0.959
76.4,73.4,-1.122,0.967
76.4,73.9,1.058,0.974
76.4,74.4,0.096,0.981
76.4,74.9,-0.866,0.988
76.4,75.4,1.314,0.995
76.4,75.9,0.353,1.002
76.4,76.4,-0.609,1.009
76.4,76.9,-1.571,1.016
76.4,77.4,0.609,1.023
76.4,77.9,-0.353,1.030
76.4,78.4,-1.314,1.037
76.4,78.9,0.866,1.044
76.4,79.4,-0.096,1.051
76.4,79.9,-1.058,1.058
76.4,80.4,1.122,1.065
76.4,80.9,0.160,1.072
76.4,81.4,-0.801,1.079
76.4,81.9,1.378,1.086
76.4,82.4,0.417,1.092
76.4,82.9,-0.545,1.099
76.4,83.4,-1.507,1.106
76.4,83.9,0.673,1.113
76.4,84.4,-0.289,1.120
76.4,84.9,-1.250,1.126
76.4,85.4,0.930,1.133
76.4,85.9,-0.032,1.139
76.4,86.4,-1.058,1.146
76.4,86.9,1.122,1.153
76.4,87.4,0.160,1.160
76.4,87.9,-0.801,1.167
76.4,88.4,1.378,1.173
76.4,88.9,0.417,1.180
76.4,89.4,-0.545,1.186
76.4,89.9,-1.507,1.192
76.4,90.5,0.609,1.199
76.4,91.0,-0.353,1.206
76.4,91.5,-1.314,1.212
76.4,92.0,0.866,1.219
76.4,92.5,-0.096,1.225
76.4,93.0,-1.058,1.232
76.4,93.5,1.058,1.238
76.4,94.0,0.096,1.244
76.4,94.5,-0.866,1.251
76.4,95.0,1.314,1.257
76.4,95.5,0.353,1.263
76.4,96.0,-0.673,1.269
76.4,96.5,1.507,1.276
76.4,97.0,0.545,1.283
76.4,97.5,-0.417,1.289
76.4,98.0,-1.378,1.295
76.4,98.5,0.737,1.301
76.4,99.0,-0.224,1.307
76.4,99.5,-1.186,1.314
76.4,100.0,0.994,1.319
76.9,0.0,1.378,0.189
76.9,0.5,0.481,0.181
76.9,1.0,-0.417,0.173
76.9,1.5,-1.314,0.165
76.9,2.0,0.930,0.156
76.9,2.5,0.032,0.148
76.9,3.0,-0.866,0.140
76.9,3.5,1.314,0.132
76.9,4.0,0.417,0.124
76.9,4.5,-0.481,0.116
76.9,5.0,-1.378,0.107
76.9,5.5,0.866,0.099
76.9,6.0,-0.032,0.091
76.9,6.5,-0.930,0.083
76.9,7.0,1.250,0.075
76.9,7.5,0.353,0.067
76.9,8.0,-0.545,0.059
76.9,8.5,-1.443,0.050
76.9,9.0,0.801,0.042
76.9,9.5,-0.160,0.034
76.9,10.1,-1.058,0.026
76.9,10.6,1.186,0.018
76.9,11.1,0.289,0.009
76.9,11.6,-0.609,0.001
76.9,12.1,-1.571,0.007
76.9,12.6,0.673,0.015
76.9,13.1,-0.224,0.023
76.9,13.6,-1.122,0.031
76.9,14.1,1.058,0.040
76.9,14.6,0.160,0.048
76.9,15.1,-0.737,0.056
76.9,15.6,1.507,0.064
76.9,16.1,0.545,0.072
76.9,16.6,-0.353,0.080
76.9,17.1,-1.250,0.089
76.9,17.6,0.994,0.097
76.9,18.1,0.032,0.105
76.9,18.6,-0.866,0.113
76.9,19.1,1.378,0.121
76.9,19.6,0.417,0.129
76.9,20.1,-0.481,0.137
76.9,20.6,-1.378,0.146
76.9,21.1,0.801,0.154
76.9,21.6,-0.096,0.162
76.9,22.1,-0.994,0.170
76.9,22.6,1.186,0.178
76.9,23.1,0.289,0.186
76.9,23.6,-0.609,0.194
76.9,24.1,-1.571,0.203
76.9,24.6,0.673,0.211
76.9,25.1,-0.224,0.219
76.9,25.6,-1.186,0.227
76.9,26.1,1.058,0.235
76.9,26.6,0.096,0.243
76.9,27.1,-0.801,0.251
76.9,27.6,1.443,0.259
76.9,28.1,0.481,0.268
76.9,28.6,-0.417,0.276
76.9,29.1,-1.378,0.284
76.9,29.6,0.866,0.292
76.9,30.2,-0.096,0.300
76.9,30.7,-0.994,0.308
76.9,31.2,1.250,0.316
76.9,31.7,0.289,0.324
76.9,32.2,-0.609,0.332
76.9,32.7,-1.571,0.340
76.9,33.2,0.673,0.348
76.9,33.7,-0.289,0.356
76.9,34.2,-1.186,0.364
76.9,34.7,0.994,0.372
76.9,35.2,0.096,0.380
76.9,35.7,-0.866,0.388
76.9,36.2,1.378,0.396
76.9,36.7,0.417,0.404
76.9,37.2,-0.481,0.412
76.9,37.7,-1.443,0.420
76.9,38.2,0.801,0.428
76.9,38.7,-0.160,0.436
76.9,39.2,-1.058,0.444
76.9,39.7,1.122,0.452
76.9,40.2,0.224,0.460
76.9,40.7,-0.737,0.468
76.9,41.2,1.443,0.476
76.9,41.7,0.545,0.484
76.9,42.2,-0.417,0.492
76.9,42.7,-1.314,0.500
76.9,43.2,0.866,0.508
76.9,43.7,-0.096,0.515
76.9,44.2,-0.994,0.524
76.9,44.7,1.186,0.531
76.9,45.2,0.289,0.539
76.9,45.7,-0.673,0.547
76.9,46.2,1.507,0.555
76.9,46.7,0.609,0.563
76.9,47.2,-0.353,0.571
76.9,47.7,-1.250,0.578
76.9,48.2,0.930,0.586
76.9,48.7,-0.032,0.594
76.9,49.2,-0.930,0.602
76.9,49.7,1.250,0.610
76.9,50.3,0.289,0.617
76.9,50.8,-0.609,0.625
76.9,51.3,1.571,0.633
76.9,51.8,0.609,0.641
76.9,52.3,-0.289,0.648
76.9,52.8,-1.250,0.656
76.9,53.3,0.930,0.664
76.9,53.8,-0.032,0.671
76.9,54.3,-0.930,0.679
76.9,54.8,1.250,0.687
76.9,55.3,0.289,0.695
76.9,55.8,-0.609,0.702
76.9,56.3,1.571,0.710
76.9,56.8,0.609,0.718
76.9,57.3,-0.353,0.725
76.9,57.8,-1.250,0.732
76.9,58.3,0.930,0.740
76.9,58.8,-0.032,0.748
76.9,59.3,-0.994,0.755
76.9,59.8,1.186,0.763
76.9,60.3,0.289,0.770
76.9,60.8,-0.673,0.778
76.9,61.3,1.507,0.786
76.9,61.8,0.545,0.793
76.9,62.3,-0.417,0.800
76.9,62.8,-1.314,0.808
76.9,63.3,0.866,0.816
76.9,63.8,-0.096,0.823
76.9,64.3,-1.058,0.830
76.9,64.8,1.122,0.838
76.9,65.3,0.160,0.845
76.9,65.8,-0.737,0.852
76.9,66.3,1.443,0.860
76.9,66.8,0.481,0.867
76.9,67.3,-0.481,0.875
76.9,67.8,-1.443,0.882
76.9,68.3,0.737,0.889
76.9,68.8,-0.224,0.896
76.9,69.3,-1.186,0.904
76.9,69.8,1.058,0.911
76.9,70.4,0.096,0.918
76.9,70.9,-0.866,0.926
76.9,71.4,1.314,0.933
76.9,71.9,0.353,0.940
76.9,72.4,-0.609,0.947
76.9,72.9,-1.571,0.955
76.9,73.4,0.609,0.962
76.9,73.9,-0.353,0.969
76.9,74.4,-1.314,0.976
76.9,74.9,0.866,0.983
76.9,75.4,-0.096,0.990
76.9,75.9,-1.058,0.997
76.9,76.4,1.122,1.004
76.9,76.9,0.160,1.011
76.9,77.4,-0.801,1.018
76.9,77.9,1.378,1.025
76.9,78.4,0.417,1.032
76.9,78.9,-0.545,1.039
76.9,79.4,-1.507,1.046
76.9,79.9,0.673,1.053
76.9,80.4,-0.289,1.060
76.9,80.9,-1.250,1.067
76.9,81.4,0.930,1.074
76.9,81.9,-0.032,1.081
76.9,82.4,-0.994,1.088
76.9,82.9,1.186,1.095
76.9,83.4,0.224,1.102
76.9,83.9,-0.737,1.108
76.9,84.4,1.443,1.115
76.9,84.9,0.481,1.122
76.9,85.4,-0.481,1.129
76.9,85.9,-1.443,1.135
76.9,86.4,0.737,1.142
76.9,86.9,-0.224,1.148
76.9,87.4,-1.250,1.155
76.9,87.9,0.930,1.162
76.9,88.4,-0.032,1.169
76.9,88.9,-0.994,1.175
76.9,89.4,1.186,1.182
76.9,89.9,0.224,1.189
76.9,90.5,-0.737,1.195
76.9,91.0,1.443,1.201
76.9,91.5,0.417,1.208
76.9,92.0,-0.545,1.214
76.9,92.5,-1.507,1.221
76.9,93.0,0.673,1.228
76.9,93.5,-0.289,1.234
76.9,94.0,-1.250,1.240
76.9,94.5,0.866,1.246
76.9,95.0,-0.096,1.253
76.9,95.5,-1.058,1.260
76.9,96.0,1.122,1.266
76.9,96.5,0.160,1.272
76.9,97.0,-0.866,1.278
76.9,97.5,1.314,1.285
76.9,98.0,0.353,1.291
76.9,98.5,-0.609,1.297
76.9,99.0,1.507,1.303
76.9,99.5,0.545,1.309
76.9,100.0,-0.417,1.316
77.4,0.0,-0.032,0.194
77.4,0.5,-0.930,0.186
77.4,1.0,1.314,0.178
77.4,1.5,0.417,0.170
77.4,2.0,-0.545,0.162
77.4,2.5,-1.443,0.154
77.4,3.0,0.801,0.146
77.4,3.5,-0.096,0.137
77.4,4.0,-0.994,0.129
77.4,4.5,1.250,0.121
77.4,5.0,0.353,0.113
77.4,5.5,-0.545,0.105
77.4,6.0,-1.507,0.097
77.4,6.5,0.737,0.088
77.4,7.0,-0.160,0.080
77.4,7.5,-1.058,0.072
77.4,8.0,1.186,0.064
77.4,8.5,0.289,0.056
77.4,9.0,-0.673,0.048
77.4,9.5,-1.571,0.039
77.4,10.1,0.673,0.031
77.4,10.6,-0.224,0.023
77.4,11.1,-1.122,0.015
77.4,11.6,1.058,0.007
77.4,12.1,0.160,0.001
77.4,12.6,-0.737,0.010
77.4,13.1,1.507,0.018
77.4,13.6,0.545,0.026
77.4,14.1,-0.353,0.034
77.4,14.6,-1.250,0.042
77.4,15.1,0.994,0.050
77.4,15.6,0.032,0.059
77.4,16.1,-0.866,0.067
77.4,16.6,1.378,0.075
77.4,17.1,0.481,0.083
77.4,17.6,-0.481,0.091
77.4,18.1,-1.378,0.099
77.4,18.6,0.866,0.108
77.4,19.1,-0.096,0.116
77.4,19.6,-0.994,0.124
77.4,20.1,1.250,0.132
77.4,20.6,0.289,0.140
77.4,21.1,-0.609,0.148
77.4,21.6,-1.507,0.156
77.4,22.1,0.673,0.165
77.4,22.6,-0.224,0.173
77.4,23.1,-1.122,0.181
77.4,23.6,1.058,0.189
77.4,24.1,0.160,0.197
77.4,24.6,-0.737,0.205
77.4,25.1,1.443,0.213
77.4,25.6,0.545,0.222
77.4,26.1,-0.353,0.230
77.4,26.6,-1.314,0.238
77.4,27.1,0.930,0.246
77.4,27.6,-0.032,0.254
77.4,28.1,-0.930,0.262
77.4,28.6,1.314,0.270
77.4,29.1,0.353,0.278
77.4,29.6,-0.545,0.286
77.4,30.2,-1.507,0.294
77.4,30.7,0.737,0.303
77.4,31.2,-0.224,0.311
77.4,31.7,-1.122,0.319
77.4,32.2,1.058,0.327
77.4,32.7,0.160,0.335
77.4,33.2,-0.737,0.343
77.4,33.7,1.443,0.351
77.4,34.2,0.545,0.359
77.4,34.7,-0.417,0.367
77.4,35.2,-1.314,0.375
77.4,35.7,0.866,0.383
77.4,36.2,-0.032,0.391
77.4,36.7,-0.994,0.399
77.4,37.2,1.250,0.407
77.4,37.7,0.289,0.415
77.4,38.2,-0.609,0.423
77.4,38.7,-1.571,0.431
77.4,39.2,0.609,0.439
77.4,39.7,-0.289,0.447
77.4,40.2,-1.250,0.455
77.4,40.7,0.994,0.463
77.4,41.2,0.032,0.471
77.4,41.7,-0.866,0.479
77.4,42.2,1.314,0.487
77.4,42.7,0.417,0.494
77.4,43.2,-0.545,0.503
77.4,43.7,-1.507,0.510
77.4,44.2,0.737,0.518
77.4,44.7,-0.224,0.526
77.4,45.2,-1.122,0.534
77.4,45.7,1.058,0.542
77.4,46.2,0.096,0.550
77.4,46.7,-0.801,0.558
77.4,47.2,1.378,0.565
77.4,47.7,0.417,0.573
77.4,48.2,-0.481,0.581
77.4,48.7,-1.443,0.589
77.4,49.2,0.801,0.596
77.4,49.7,-0.160,0.605
77.4,50.3,-1.122,0.612
77.4,50.8,1.122,0.620
77.4,51.3,0.160,0.628
77.4,51.8,-0.801,0.636
77.4,52.3,1.378,0.643
77.4,52.8,0.481,0.651
77.4,53.3,-0.481,0.659
77.4,53.8,-1.443,0.666
77.4,54.3,0.801,0.674
77.4,54.8,-0.160,0.682
77.4,55.3,-1.122,0.689
77.4,55.8,1.122,0.697
77.4,56.3,0.160,0.705
77.4,56.8,-0.801,0.712
77.4,57.3,1.378,0.720
77.4,57.8,0.481,0.727
77.4,58.3,-0.481,0.735
77.4,58.8,-1.443,0.743
77.4,59.3,0.737,0.750
77.4,59.8,-0.224,0.758
77.4,60.3,-1.122,0.765
77.4,60.8,1.058,0.773
77.4,61.3,0.096,0.781
77.4,61.8,-0.866,0.788
77.4,62.3,1.314,0.795
77.4,62.8,0.417,0.803
77.4,63.3,-0.545,0.811
77.4,63.8,-1.507,0.818
77.4,64.3,0.673,0.825
77.4,64.8,-0.289,0.833
77.4,65.3,-1.186,0.840
77.4,65.8,0.994,0.848
77.4,66.3,0.032,0.855
77.4,66.8,-0.930,0.863
77.4,67.3,1.250,0.870
77.4,67.8,0.289,0.877
77.4,68.3,-0.673,0.884
77.4,68.8,1.507,0.891
77.4,69.3,0.609,0.899
77.4,69.8,-0.353,0.906
77.4,70.4,-1.314,0.914
77.4,70.9,0.866,0.921
77.4,71.4,-0.096,0.928
77.4,71.9,-1.058,0.935
77.4,72.4,1.122,0.943
77.4,72.9,0.160,0.950
77.4,73.4,-0.801,0.957
77.4,73.9,1.378,0.964
77.4,74.4,0.417,0.971
77.4,74.9,-0.545,0.978
77.4,75.4,-1.507,0.985
77.4,75.9,0.737,0.992
77.4,76.4,-0.224,0.999
77.4,76.9,-1.186,1.006
77.4,77.4,0.994,1.014
77.4,77.9,0.032,1.021
77.4,78.4,-0.930,1.028
77.4,78.9,1.250,1.035
77.4,79.4,0.289,1.042
77.4,79.9,-0.673,1.049
77.4,80.4,1.507,1.055
77.4,80.9,0.545,1.062
77.4,81.4,-0.417,1.069
77.4,81.9,-1.443,1.076
77.4,82.4,0.737,1.083
77.4,82.9,-0.224,1.090
77.4,83.4,-1.186,1.097
77.4,83.9,0.994,1.104
77.4,84.4,0.032,1.111
77.4,84.9,-0.930,1.117
77.4,85.4,1.250,1.124
77.4,85.9,0.289,1.131
77.4,86.4,-0.673,1.138
77.4,86.9,1.507,1.144
77.4,87.4,0.545,1.151
77.4,87.9,-0.417,1.157
77.4,88.4,-1.378,1.164
77.4,88.9,0.737,1.171
77.4,89.4,-0.224,1.177
77.4,89.9,-1.186,1.184
77.4,90.5,0.994,1.191
77.4,91.0,0.032,1.197
77.4,91.5,-0.930,1.204
77.4,92.0,1.250,1.210
77.4,92.5,0.224,1.216
77.4,93.0,-0.737,1.223
77.4,93.5,1.443,1.230
77.4,94.0,0.481,1.236
77.4,94.5,-0.481,1.242
77.4,95.0,-1.443,1.248
77.4,95.5,0.673,1.255
77.4,96.0,-0.289,1.262
77.4,96.5,-1.250,1.268
77.4,97.0,0.930,1.274
77.4,97.5,-0.096,1.280
77.4,98.0,-1.058,1.287
77.4,98.5,1.122,1.293
77.4,99.0,0.160,1.299
77.4,99.5,-0.801,1.305
77.4,100.0,1.314,1.311
77.9,0.0,-1.507,0.200
77.9,0.5,0.737,0.192
77.9,1.0,-0.160,0.184
77.9,1.5,-1.058,0.176
77.9,2.0,1.186,0.167
77.9,2.5,0.289,0.159
77.9,3.0,-0.609,0.151
77.9,3.5,-1.507,0.143
77.9,4.0,0.737,0.135
77.9,4.5,-0.224,0.127
77.9,5.0,-1.122,0.118
77.9,5.5,1.122,0.110
77.9,6.0,0.224,0.102
77.9,6.5,-0.673,0.094
77.9,7.0,1.571,0.086
77.9,7.5,0.673,0.078
77.9,8.0,-0.289,0.069
77.9,8.5,-1.186,0.061
77.9,9.0,1.058,0.053
77.9,9.5,0.160,0.045
77.9,10.1,-0.737,0.037
77.9,10.6,1.443,0.029
77.9,11.1,0.545,0.020
77.9,11.6,-0.353,0.012
77.9,12.1,-1.250,0.004
77.9,12.6,0.994,0.004
77.9,13.1,0.032,0.012
77.9,13.6,-0.866,0.020
77.9,14.1,1.378,0.029
77.9,14.6,0.481,0.037
77.9,15.1,-0.481,0.045
77.9,15.6,-1.378,0.053
77.9,16.1,0.866,0.061
77.9,16.6,-0.032,0.069
77.9,17.1,-0.994,0.078
77.9,17.6,1.250,0.086
77.9,18.1,0.353,0.094
77.9,18.6,-0.609,0.102
77.9,19.1,-1.507,0.110
77.9,19.6,0.737,0.118
77.9,20.1,-0.224,0.126
77.9,20.6,-1.122,0.135
77.9,21.1,1.122,0.143
77.9,21.6,0.224,0.151
77.9,22.1,-0.737,0.159
77.9,22.6,1.507,0.167
77.9,23.1,0.609,0.175
77.9,23.6,-0.353,0.184
77.9,24.1,-1.250,0.192
77.9,24.6,0.930,0.200
77.9,25.1,0.032,0.208
77.9,25.6,-0.866,0.216
77.9,26.1,1.314,0.224
77.9,26.6,0.417,0.232
77.9,27.1,-0.481,0.240
77.9,27.6,-1.443,0.249
77.9,28.1,0.801,0.257
77.9,28.6,-0.160,0.265
77.9,29.1,-1.058,0.273
77.9,29.6,1.122,0.281
77.9,30.2,0.224,0.289
77.9,30.7,-0.673,0.297
77.9,31.2,1.507,0.305
77.9,31.7,0.609,0.313
77.9,32.2,-0.353,0.321
77.9,32.7,-1.250,0.329
77.9,33.2,0.930,0.337
77.9,33.7,0.032,0.346
77.9,34.2,-0.930,0.353
77.9,34.7,1.314,0.362
77.9,35.2,0.353,0.369
77.9,35.7,-0.545,0.378
77.9,36.2,-1.507,0.386
77.9,36.7,0.737,0.394
77.9,37.2,-0.224,0.402
77.9,37.7,-1.122,0.410
77.9,38.2,1.058,0.418
77.9,38.7,0.160,0.426
77.9,39.2,-0.801,0.434
77.9,39.7,1.443,0.442
77.9,40.2,0.481,0.450
77.9,40.7,-0.417,0.457
77.9,41.2,-1.378,0.465
77.9,41.7,0.866,0.473
77.9,42.2,-0.096,0.481
77.9,42.7,-1.058,0.489
77.9,43.2,1.186,0.497
77.9,43.7,0.224,0.505
77.9,44.2,-0.673,0.513
77.9,44.7,1.507,0.521
77.9,45.2,0.609,0.529
77.9,45.7,-0.353,0.537
77.9,46.2,-1.314,0.544
77.9,46.7,0.930,0.552
77.9,47.2,-0.032,0.560
77.9,47.7,-0.994,0.568
77.9,48.2,1.250,0.576
77.9,48.7,0.289,0.584
77.9,49.2,-0.673,0.591
77.9,49.7,1.571,0.599
77.9,50.3,0.609,0.607
77.9,50.8,-0.289,0.615
77.9,51.3,-1.250,0.623
77.9,51.8,0.930,0.630
77.9,52.3,-0.032,0.638
77.9,52.8,-0.930,0.646
77.9,53.3,1.250,0.654
77.9,53.8,0.289,0.661
77.9,54.3,-0.609,0.669
77.9,54.8,1.571,0.677
77.9,55.3,0.609,0.684
77.9,55.8,-0.289,0.692
77.9,56.3,-1.250,0.700
77.9,56.8,0.930,0.707
77.9,57.3,-0.032,0.715
77.9,57.8,-0.930,0.722
77.9,58.3,1.250,0.730
77.9,58.8,0.289,0.738
77.9,59.3,-0.673,0.745
77.9,59.8,1.571,0.753
77.9,60.3,0.609,0.760
77.9,60.8,-0.353,0.768
77.9,61.3,-1.314,0.776
77.9,61.8,0.866,0.783
77.9,62.3,-0.032,0.790
77.9,62.8,-0.994,0.798
77.9,63.3,1.186,0.806
77.9,63.8,0.224,0.813
77.9,64.3,-0.737,0.820
77.9,64.8,1.443,0.828
77.9,65.3,0.545,0.835
77.9,65.8,-0.417,0.843
77.9,66.3,-1.378,0.850
77.9,66.8,0.801,0.858
77.9,67.3,-0.160,0.865
77.9,67.8,-1.122,0.872
77.9,68.3,1.058,0.879
77.9,68.8,0.160,0.887
77.9,69.3,-0.801,0.894
77.9,69.8,1.378,0.902
77.9,70.4,0.417,0.909
77.9,70.9,-0.545,0.916
77.9,71.4,-1.507,0.923
77.9,71.9,0.673,0.931
77.9,72.4,-0.289,0.938
77.9,72.9,-1.250,0.945
77.9,73.4,0.930,0.952
77.9,73.9,-0.032,0.959
77.9,74.4,-0.930,0.966
77.9,74.9,1.250,0.973
77.9,75.4,0.289,0.981
77.9,75.9,-0.673,0.988
77.9,76.4,1.507,0.995
77.9,76.9,0.545,1.002
77.9,77.4,-0.417,1.009
77.9,77.9,-1.378,1.016
77.9,78.4,0.801,1.023
77.9,78.9,-0.160,1.030
77.9,79.4,-1.122,1.037
77.9,79.9,1.058,1.044
77.9,80.4,0.096,1.051
77.9,80.9,-0.866,1.058
77.9,81.4,1.314,1.065
77.9,81.9,0.353,1.072
77.9,82.4,-0.609,1.079
77.9,82.9,1.571,1.085
77.9,83.4,0.609,1.092
77.9,83.9,-0.353,1.099
77.9,84.4,-1.378,1.106
77.9,84.9,0.801,1.113
77.9,85.4,-0.160,1.120
77.9,85.9,-1.122,1.126
77.9,86.4,1.058,1.133
77.9,86.9,0.096,1.140
77.9,87.4,-0.866,1.147
77.9,87.9,1.314,1.153
77.9,88.4,0.353,1.160
77.9,88.9,-0.609,1.166
77.9,89.4,1.571,1.173
77.9,89.9,0.545,1.179
77.9,90.5,-0.417,1.186
77.9,91.0,-1.378,1.193
77.9,91.5,0.801,1.200
77.9,92.0,-0.160,1.206
77.9,92.5,-1.122,1.212
77.9,93.0,1.058,1.219
77.9,93.5,0.032,1.225
77.9,94.0,-0.930,1.232
77.9,94.5,1.250,1.238
77.9,95.0,0.289,1.245
77.9,95.5,-0.673,1.251
77.9,96.0,1.443,1.257
77.9,96.5,0.481,1.264
77.9,97.0,-0.481,1.270
77.9,97.5,-1.443,1.276
77.9,98.0,0.737,1.282
77.9,98.5,-0.289,1.289
77.9,99.0,-1.250,1.295
77.9,99.5,0.930,1.301
77.9,100.0,-0.032,1.307
78.4,0.0,0.224,0.205
78.4,0.5,-0.673,0.197
78.4,1.0,1.571,0.189
78.4,1.5,0.673,0.181
78.4,2.0,-0.224,0.173
78.4,2.5,-1.186,0.165
78.4,3.0,1.058,0.157
78.4,3.5,0.160,0.148
78.4,4.0,-0.737,0.140
78.4,4.5,1.507,0.132
78.4,5.0,0.609,0.124
78.4,5.5,-0.289,0.116
78.4,6.0,-1.186,0.108
78.4,6.5,0.994,0.099
78.4,7.0,0.096,0.091
78.4,7.5,-0.801,0.083
78.4,8.0,1.443,0.075
78.4,8.5,0.545,0.067
78.4,9.0,-0.353,0.059
78.4,9.5,-1.314,0.050
78.4,10.1,0.930,0.042
78.4,10.6,0.032,0.034
78.4,11.1,-0.866,0.026
78.4,11.6,1.378,0.018
78.4,12.1,0.417,0.010
78.4,12.6,-0.481,0.001
78.4,13.1,-1.378,0.007
78.4,13.6,0.866,0.015
78.4,14.1,-0.032,0.023
78.4,14.6,-0.994,0.031
78.4,15.1,1.250,0.039
78.4,15.6,0.353,0.048
78.4,16.1,-0.545,0.056
78.4,16.6,-1.507,0.064
78.4,17.1,0.737,0.072
78.4,17.6,-0.160,0.080
78.4,18.1,-1.122,0.088
78.4,18.6,1.122,0.097
78.4,19.1,0.224,0.105
78.4,19.6,-0.673,0.113
78.4,20.1,1.507,0.121
78.4,20.6,0.609,0.129
78.4,21.1,-0.289,0.137
78.4,21.6,-1.250,0.146
78.4,22.1,0.994,0.154
78.4,22.6,0.096,0.162
78.4,23.1,-0.866,0.170
78.4,23.6,1.378,0.178
78.4,24.1,0.481,0.186
78.4,24.6,-0.481,0.194
78.4,25.1,-1.378,0.203
78.4,25.6,0.801,0.211
78.4,26.1,-0.096,0.219
78.4,26.6,-0.994,0.227
78.4,27.1,1.186,0.235
78.4,27.6,0.289,0.243
78.4,28.1,-0.609,0.251
78.4,28.6,-1.571,0.259
78.4,29.1,0.673,0.267
78.4,29.6,-0.289,0.276
78.4,30.2,-1.186,0.284
78.4,30.7,0.994,0.292
78.4,31.2,0.096,0.300
78.4,31.7,-0.801,0.308
78.4,32.2,1.378,0.316
78.4,32.7,0.481,0.324
78.4,33.2,-0.481,0.332
78.4,33.7,-1.378,0.340
78.4,34.2,0.801,0.348
78.4,34.7,-0.096,0.356
78.4,35.2,-1.058,0.364
78.4,35.7,1.186,0.372
78.4,36.2,0.224,0.380
78.4,36.7,-0.673,0.388
78.4,37.2,1.507,0.396
78.4,37.7,0.609,0.404
78.4,38.2,-0.353,0.412
78.4,38.7,-1.250,0.420
78.4,39.2,0.930,0.428
78.4,39.7,0.032,0.436
78.4,40.2,-0.930,0.444
78.4,40.7,1.314,0.452
78.4,41.2,0.353,0.460
78.4,41.7,-0.545,0.468
78.4,42.2,-1.507,0.476
78.4,42.7,0.673,0.484
78.4,43.2,-0.224,0.492
78.4,43.7,-1.186,0.500
78.4,44.2,1.058,0.508
78.4,44.7,0.096,0.516
78.4,45.2,-0.866,0.523
78.4,45.7,1.378,0.531
78.4,46.2,0.417,0.539
78.4,46.7,-0.481,0.547
78.4,47.2,-1.443,0.555
78.4,47.7,0.737,0.563
78.4,48.2,-0.160,0.571
78.4,48.7,-1.122,0.579
78.4,49.2,1.058,0.586
78.4,49.7,0.160,0.594
78.4,50.3,-0.801,0.602
78.4,50.8,1.378,0.609
78.4,51.3,0.481,0.617
78.4,51.8,-0.481,0.625
78.4,52.3,-1.443,0.633
78.4,52.8,0.801,0.641
78.4,53.3,-0.160,0.648
78.4,53.8,-1.122,0.656
78.4,54.3,1.122,0.664
78.4,54.8,0.160,0.672
78.4,55.3,-0.801,0.679
78.4,55.8,1.443,0.687
78.4,56.3,0.481,0.695
78.4,56.8,-0.481,0.702
78.4,57.3,-1.443,0.710
78.4,57.8,0.801,0.717
78.4,58.3,-0.160,0.725
78.4,58.8,-1.122,0.733
78.4,59.3,1.058,0.740
78.4,59.8,0.160,0.748
78.4,60.3,-0.801,0.755
78.4,60.8,1.378,0.763
78.4,61.3,0.417,0.771
78.4,61.8,-0.545,0.778
78.4,62.3,-1.443,0.785
78.4,62.8,0.737,0.793
78.4,63.3,-0.224,0.801
78.4,63.8,-1.186,0.808
78.4,64.3,0.994,0.815
78.4,64.8,0.096,0.823
78.4,65.3,-0.866,0.830
78.4,65.8,1.314,0.838
78.4,66.3,0.353,0.845
78.4,66.8,-0.609,0.853
78.4,67.3,-1.571,0.860
78.4,67.8,0.609,0.867
78.4,68.3,-0.289,0.875
78.4,68.8,-1.250,0.882
78.4,69.3,0.930,0.889
78.4,69.8,-0.032,0.897
78.4,70.4,-0.994,0.904
78.4,70.9,1.186,0.911
78.4,71.4,0.224,0.919
78.4,71.9,-0.737,0.926
78.4,72.4,1.443,0.933
78.4,72.9,0.481,0.940
78.4,73.4,-0.417,0.947
78.4,73.9,-1.378,0.954
78.4,74.4,0.801,0.962
78.4,74.9,-0.160,0.969
78.4,75.4,-1.122,0.976
78.4,75.9,1.058,0.983
78.4,76.4,0.096,0.990
78.4,76.9,-0.866,0.997
78.4,77.4,1.314,1.005
78.4,77.9,0.353,1.012
78.4,78.4,-0.609,1.019
78.4,78.9,1.571,1.026
78.4,79.4,0.609,1.033
78.4,79.9,-0.353,1.040
78.4,80.4,-1.314,1.047
78.4,80.9,0.866,1.054
78.4,81.4,-0.096,1.060
78.4,81.9,-1.058,1.067
78.4,82.4,1.122,1.074
78.4,82.9,0.160,1.081
78.4,83.4,-0.801,1.088
78.4,83.9,1.378,1.095
78.4,84.4,0.417,1.101
78.4,84.9,-0.545,1.108
78.4,85.4,-1.507,1.115
78.4,85.9,0.609,1.122
78.4,86.4,-0.353,1.128
78.4,86.9,-1.314,1.135
78.4,87.4,0.866,1.142
78.4,87.9,-0.096,1.149
78.4,88.4,-1.058,1.156
78.4,88.9,1.122,1.162
78.4,89.4,0.160,1.169
78.4,89.9,-0.801,1.175
78.4,90.5,1.378,1.182
78.4,91.0,0.353,1.188
78.4,91.5,-0.609,1.195
78.4,92.0,-1.571,1.202
78.4,92.5,0.609,1.208
78.4,93.0,-0.353,1.215
78.4,93.5,-1.314,1.221
78.4,94.0,0.801,1.227
78.4,94.5,-0.160,1.234
78.4,95.0,-1.122,1.241
78.4,95.5,1.058,1.247
78.4,96.0,0.096,1.253
78.4,96.5,-0.866,1.259
78.4,97.0,1.250,1.266
78.4,97.5,0.289,1.272
78.4,98.0,-0.673,1.279
78.4,98.5,1.507,1.285
78.4,99.0,0.481,1.290
78.4,99.5,-0.481,1.297
78.4,100.0,-1.443,1.304
78.9,0.0,-1.186,0.211
78.9,0.5,0.994,0.203
78.9,1.0,0.096,0.195
78.9,1.5,-0.801,0.186
78.9,2.0,1.443,0.178
78.9,2.5,0.545,0.170
78.9,3.0,-0.353,0.162
78.9,3.5,-1.250,0.154
78.9,4.0,0.994,0.146
78.9,4.5,0.096,0.138
78.9,5.0,-0.866,0.129
78.9,5.5,1.378,0.121
78.9,6.0,0.481,0.113
78.9,6.5,-0.417,0.105
78.9,7.0,-1.314,0.097
78.9,7.5,0.930,0.089
78.9,8.0,0.032,0.080
78.9,8.5,-0.930,0.072
78.9,9.0,1.314,0.064
78.9,9.5,0.417,0.056
78.9,10.1,-0.481,0.048
78.9,10.6,-1.378,0.040
78.9,11.1,0.801,0.031
78.9,11.6,-0.096,0.023
78.9,12.1,-0.994,0.015
78.9,12.6,1.250,0.007
78.9,13.1,0.353,0.001
78.9,13.6,-0.609,0.009
78.9,14.1,-1.507,0.018
78.9,14.6,0.737,0.026
78.9,15.1,-0.160,0.034
78.9,15.6,-1.122,0.042
78.9,16.1,1.122,0.050
78.9,16.6,0.224,0.058
78.9,17.1,-0.673,0.067
78.9,17.6,1.507,0.075
78.9,18.1,0.609,0.083
78.9,18.6,-0.289,0.091
78.9,19.1,-1.186,0.099
78.9,19.6,0.994,0.107
78.9,20.1,0.096,0.116
78.9,20.6,-0.801,0.124
78.9,21.1,1.378,0.132
78.9,21.6,0.481,0.140
78.9,22.1,-0.417,0.148
78.9,22.6,-1.378,0.156
78.9,23.1,0.866,0.165
78.9,23.6,-0.032,0.173
78.9,24.1,-0.994,0.181
78.9,24.6,1.250,0.189
78.9,25.1,0.353,0.197
78.9,25.6,-0.609,0.205
78.9,26.1,-1.507,0.213
78.9,26.6,0.673,0.221
78.9,27.1,-0.224,0.230
78.9,27.6,-1.122,0.238
78.9,28.1,1.058,0.246
78.9,28.6,0.160,0.254
78.9,29.1,-0.801,0.262
78.9,29.6,1.443,0.270
78.9,30.2,0.545,0.278
78.9,30.7,-0.417,0.286
78.9,31.2,-1.314,0.294
78.9,31.7,0.866,0.302
78.9,32.2,-0.032,0.311
78.9,32.7,-0.994,0.318
78.9,33.2,1.250,0.327
78.9,33.7,0.353,0.335
78.9,34.2,-0.609,0.343
78.9,34.7,-1.507,0.351
78.9,35.2,0.673,0.359
78.9,35.7,-0.224,0.367
78.9,36.2,-1.186,0.375
78.9,36.7,1.058,0.383
78.9,37.2,0.096,0.391
78.9,37.7,-0.801,0.399
78.9,38.2,1.378,0.407
78.9,38.7,0.481,0.415
78.9,39.2,-0.481,0.423
78.9,39.7,-1.378,0.431
78.9,40.2,0.801,0.439
78.9,40.7,-0.096,0.447
78.9,41.2,-1.058,0.455
78.9,41.7,1.122,0.463
78.9,42.2,0.224,0.471
78.9,42.7,-0.737,0.479
78.9,43.2,1.507,0.487
78.9,43.7,0.545,0.495
78.9,44.2,-0.353,0.502
78.9,44.7,-1.314,0.510
78.9,45.2,0.866,0.518
78.9,45.7,-0.032,0.526
78.9,46.2,-0.994,0.534
78.9,46.7,1.250,0.542
78.9,47.2,0.289,0.550
78.9,47.7,-0.673,0.558
78.9,48.2,1.571,0.565
78.9,48.7,0.609,0.573
78.9,49.2,-0.353,0.581
78.9,49.7,-1.250,0.589
78.9,50.3,0.930,0.597
78.9,50.8,-0.032,0.604
78.9,51.3,-0.930,0.612
78.9,51.8,1.250,0.620
78.9,52.3,0.289,0.628
78.9,52.8,-0.609,0.636
78.9,53.3,-1.571,0.643
78.9,53.8,0.609,0.651
78.9,54.3,-0.289,0.659
78.9,54.8,-1.250,0.666
78.9,55.3,0.930,0.674
78.9,55.8,0.032,0.682
78.9,56.3,-0.930,0.689
78.9,56.8,1.250,0.697
78.9,57.3,0.289,0.705
78.9,57.8,-0.609,0.712
78.9,58.3,1.571,0.720
78.9,58.8,0.609,0.728
78.9,59.3,-0.353,0.735
78.9,59.8,-1.250,0.743
78.9,60.3,0.930,0.750
78.9,60.8,-0.032,0.758
78.9,61.3,-0.994,0.766
78.9,61.8,1.186,0.773
78.9,62.3,0.289,0.781
78.9,62.8,-0.673,0.788
78.9,63.3,1.507,0.796
78.9,63.8,0.545,0.803
78.9,64.3,-0.417,0.810
78.9,64.8,-1.314,0.818
78.9,65.3,0.866,0.825
78.9,65.8,-0.096,0.833
78.9,66.3,-1.058,0.840
78.9,66.8,1.122,0.848
78.9,67.3,0.160,0.855
78.9,67.8,-0.737,0.862
78.9,68.3,1.443,0.870
78.9,68.8,0.481,0.877
78.9,69.3,-0.481,0.885
78.9,69.8,-1.443,0.892
78.9,70.4,0.737,0.899
78.9,70.9,-0.224,0.906
78.9,71.4,-1.186,0.914
78.9,71.9,0.994,0.921
78.9,72.4,0.096,0.928
78.9,72.9,-0.866,0.935
78.9,73.4,1.314,0.943
78.9,73.9,0.353,0.950
78.9,74.4,-0.609,0.957
78.9,74.9,1.571,0.964
78.9,75.4,0.609,0.971
78.9,75.9,-0.353,0.979
78.9,76.4,-1.314,0.986
78.9,76.9,0.866,0.993
78.9,77.4,-0.096,1.000
78.9,77.9,-1.058,1.007
78.9,78.4,1.122,1.014
78.9,78.9,0.160,1.021
78.9,79.4,-0.801,1.028
78.9,79.9,1.378,1.035
78.9,80.4,0.417,1.042
78.9,80.9,-0.545,1.049
78.9,81.4,-1.507,1.056
78.9,81.9,0.673,1.063
78.9,82.4,-0.289,1.070
78.9,82.9,-1.250,1.077
78.9,83.4,0.930,1.083
78.9,83.9,-0.032,1.090
78.9,84.4,-0.994,1.097
78.9,84.9,1.186,1.104
78.9,85.4,0.224,1.111
78.9,85.9,-0.737,1.117
78.9,86.4,1.443,1.124
78.9,86.9,0.481,1.131
78.9,87.4,-0.545,1.137
78.9,87.9,-1.507,1.144
78.9,88.4,0.673,1.151
78.9,88.9,-0.289,1.158
78.9,89.4,-1.250,1.164
78.9,89.9,0.930,1.171
78.9,90.5,-0.032,1.178
78.9,91.0,-0.994,1.184
78.9,91.5,1.186,1.190
78.9,92.0,0.160,1.197
78.9,92.5,-0.801,1.204
78.9,93.0,1.378,1.210
78.9,93.5,0.417,1.217
78.9,94.0,-0.545,1.223
78.9,94.5,-1.507,1.230
78.9,95.0,0.609,1.236
78.9,95.5,-0.353,1.243
78.9,96.0,-1.314,1.249
78.9,96.5,0.866,1.255
78.9,97.0,-0.096,1.262
78.9,97.5,-1.122,1.268
78.9,98.0,1.058,1.274
78.9,98.5,0.096,1.281
78.9,99.0,-0.866,1.287
78.9,99.5,1.314,1.293
78.9,100.0,0.289,1.299
79.4,0.0,0.481,0.216
79.4,0.5,-0.417,0.208
79.4,1.0,-1.314,0.200
79.4,1.5,0.930,0.192
79.4,2.0,0.032,0.184
79.4,2.5,-0.866,0.176
79.4,3.0,1.378,0.167
79.4,3.5,0.417,0.159
79.4,4.0,-0.481,0.151
79.4,4.5,-1.378,0.143
79.4,5.0,0.866,0.135
79.4,5.5,-0.032,0.127
79.4,6.0,-0.930,0.119
79.4,6.5,1.314,0.110
79.4,7.0,0.417,0.102
79.4,7.5,-0.545,0.094
79.4,8.0,-1.443,0.086
79.4,8.5,0.801,0.078
79.4,9.0,-0.096,0.070
79.4,9.5,-0.994,0.061
79.4,10.1,1.250,0.053
79.4,10.6,0.289,0.045
79.4,11.1,-0.609,0.037
79.4,11.6,-1.507,0.029
79.4,12.1,0.737,0.021
79.4,12.6,-0.160,0.012
79.4,13.1,-1.122,0.004
79.4,13.6,1.122,0.004
79.4,14.1,0.224,0.012
79.4,14.6,-0.673,0.020
79.4,15.1,1.507,0.028
79.4,15.6,0.609,0.037
79.4,16.1,-0.289,0.045
79.4,16.6,-1.186,0.053
79.4,17.1,0.994,0.061
79.4,17.6,0.096,0.069
79.4,18.1,-0.801,0.077
79.4,18.6,1.443,0.086
79.4,19.1,0.481,0.094
79.4,19.6,-0.417,0.102
79.4,20.1,-1.314,0.110
79.4,20.6,0.866,0.118
79.4,21.1,-0.032,0.126
79.4,21.6,-0.930,0.135
79.4,22.1,1.250,0.143
79.4,22.6,0.353,0.151
79.4,23.1,-0.545,0.159
79.4,23.6,-1.507,0.167
79.4,24.1,0.737,0.175
79.4,24.6,-0.160,0.183
79.4,25.1,-1.122,0.192
79.4,25.6,1.122,0.200
79.4,26.1,0.224,0.208
79.4,26.6,-0.737,0.216
79.4,27.1,1.507,0.224
79.4,27.6,0.545,0.232
79.4,28.1,-0.353,0.240
79.4,28.6,-1.250,0.248
79.4,29.1,0.930,0.257
79.4,29.6,0.032,0.265
79.4,30.2,-0.930,0.273
79.4,30.7,1.314,0.281
79.4,31.2,0.417,0.289
79.4,31.7,-0.545,0.297
79.4,32.2,-1.443,0.305
79.4,32.7,0.737,0.313
79.4,33.2,-0.160,0.321
79.4,33.7,-1.122,0.329
79.4,34.2,1.122,0.337
79.4,34.7,0.160,0.345
79.4,35.2,-0.737,0.354
79.4,35.7,1.507,0.361
79.4,36.2,0.545,0.370
79.4,36.7,-0.353,0.377
79.4,37.2,-1.314,0.386
79.4,37.7,0.930,0.393
79.4,38.2,-0.032,0.402
79.4,38.7,-0.930,0.409
79.4,39.2,1.250,0.418
79.4,39.7,0.289,0.425
79.4,40.2,-0.609,0.434
79.4,40.7,-1.571,0.441
79.4,41.2,0.673,0.450
79.4,41.7,-0.289,0.457
79.4,42.2,-1.186,0.465
79.4,42.7,0.994,0.473
79.4,43.2,0.096,0.481
79.4,43.7,-0.866,0.489
79.4,44.2,1.314,0.497
79.4,44.7,0.417,0.505
79.4,45.2,-0.545,0.513
79.4,45.7,-1.443,0.521
79.4,46.2,0.737,0.529
79.4,46.7,-0.224,0.536
79.4,47.2,-1.122,0.545
79.4,47.7,1.058,0.552
79.4,48.2,0.160,0.560
79.4,48.7,-0.801,0.568
79.4,49.2,1.378,0.576
79.4,49.7,0.481,0.584
79.4,50.3,-0.481,0.592
79.4,50.8,-1.443,0.599
79.4,51.3,0.801,0.607
79.4,51.8,-0.160,0.615
79.4,52.3,-1.122,0.622
79.4,52.8,1.122,0.630
79.4,53.3,0.160,0.638
79.4,53.8,-0.801,0.646
79.4,54.3,1.443,0.653
79.4,54.8,0.481,0.661
79.4,55.3,-0.481,0.669
79.4,55.8,-1.378,0.676
79.4,56.3,0.801,0.684
79.4,56.8,-0.160,0.692
79.4,57.3,-1.122,0.700
79.4,57.8,1.122,0.707
79.4,58.3,0.160,0.715
79.4,58.8,-0.801,0.723
79.4,59.3,1.378,0.730
79.4,59.8,0.481,0.738
79.4,60.3,-0.481,0.745
79.4,60.8,-1.443,0.753
79.4,61.3,0.737,0.760
79.4,61.8,-0.224,0.768
79.4,62.3,-1.122,0.776
79.4,62.8,1.058,0.783
79.4,63.3,0.096,0.791
79.4,63.8,-0.866,0.798
79.4,64.3,1.314,0.805
79.4,64.8,0.417,0.813
79.4,65.3,-0.545,0.821
79.4,65.8,-1.507,0.828
79.4,66.3,0.673,0.835
79.4,66.8,-0.289,0.843
79.4,67.3,-1.250,0.850
79.4,67.8,0.994,0.857
79.4,68.3,0.032,0.865
79.4,68.8,-0.930,0.872
79.4,69.3,1.250,0.880
79.4,69.8,0.289,0.887
79.4,70.4,-0.673,0.894
79.4,70.9,1.507,0.901
79.4,71.4,0.545,0.909
79.4,71.9,-0.353,0.916
79.4,72.4,-1.314,0.923
79.4,72.9,0.866,0.931
79.4,73.4,-0.096,0.938
79.4,73.9,-1.058,0.945
79.4,74.4,1.122,0.952
79.4,74.9,0.160,0.960
79.4,75.4,-0.801,0.967
79.4,75.9,1.378,0.974
79.4,76.4,0.417,0.981
79.4,76.9,-0.545,0.988
79.4,77.4,-1.507,0.995
79.4,77.9,0.673,1.002
79.4,78.4,-0.289,1.009
79.4,78.9,-1.250,1.016
79.4,79.4,0.930,1.023
79.4,79.9,-0.032,1.030
79.4,80.4,-0.994,1.037
79.4,80.9,1.186,1.044
79.4,81.4,0.224,1.051
79.4,81.9,-0.737,1.058
79.4,82.4,1.443,1.065
79.4,82.9,0.481,1.072
79.4,83.4,-0.481,1.079
79.4,83.9,-1.443,1.086
79.4,84.4,0.737,1.093
79.4,84.9,-0.224,1.099
79.4,85.4,-1.186,1.106
79.4,85.9,0.994,1.113
79.4,86.4,0.032,1.120
79.4,86.9,-0.930,1.127
79.4,87.4,1.250,1.133
79.4,87.9,0.289,1.140
79.4,88.4,-0.673,1.146
79.4,88.9,1.443,1.153
79.4,89.4,0.481,1.160
79.4,89.9,-0.481,1.167
79.4,90.5,-1.443,1.173
79.4,91.0,0.737,1.180
79.4,91.5,-0.224,1.186
79.4,92.0,-1.186,1.193
79.4,92.5,0.994,1.199
79.4,93.0,-0.032,1.206
79.4,93.5,-0.994,1.213
79.4,94.0,1.186,1.219
79.4,94.5,0.224,1.226
79.4,95.0,-0.737,1.232
79.4,95.5,1.443,1.238
79.4,96.0,0.417,1.245
79.4,96.5,-0.545,1.251
79.4,97.0,-1.507,1.258
79.4,97.5,0.673,1.264
79.4,98.0,-0.289,1.270
79.4,98.5,-1.314,1.276
79.4,99.0,0.866,1.283
79.4,99.5,-0.096,1.289
79.4,100.0,-1.058,1.295
79.9,0.0,-0.930,0.222
79.9,0.5,1.314,0.214
79.9,1.0,0.353,0.205
79.9,1.5,-0.545,0.197
79.9,2.0,-1.443,0.189
79.9,2.5,0.801,0.181
79.9,3.0,-0.096,0.173
79.9,3.5,-0.994,0.165
79.9,4.0,1.250,0.157
79.9,4.5,0.353,0.149
79.9,5.0,-0.545,0.140
79.9,5.5,-1.443,0.132
79.9,6.0,0.737,0.124
79.9,6.5,-0.160,0.116
79.9,7.0,-1.058,0.108
79.9,7.5,1.186,0.100
79.9,8.0,0.289,0.091
79.9,8.5,-0.609,0.083
79.9,9.0,-1.507,0.075
79.9,9.5,0.673,0.067
79.9,10.1,-0.224,0.059
79.9,10.6,-1.122,0.051
79.9,11.1,1.122,0.042
79.9,11.6,0.224,0.034
79.9,12.1,-0.737,0.026
79.9,12.6,1.507,0.018
79.9,13.1,0.609,0.010
79.9,13.6,-0.289,0.002
79.9,14.1,-1.186,0.007
79.9,14.6,0.994,0.015
79.9,15.1,0.096,0.023
79.9,15.6,-0.801,0.031
79.9,16.1,1.443,0.039
79.9,16.6,0.481,0.047
79.9,17.1,-0.417,0.056
79.9,17.6,-1.314,0.064
79.9,18.1,0.930,0.072
79.9,18.6,-0.032,0.080
79.9,19.1,-0.930,0.088
79.9,19.6,1.314,0.096
79.9,20.1,0.353,0.105
79.9,20.6,-0.545,0.113
79.9,21.1,-1.443,0.121
79.9,21.6,0.737,0.129
79.9,22.1,-0.160,0.137
79.9,22.6,-1.058,0.145
79.9,23.1,1.122,0.154
79.9,23.6,0.224,0.162
79.9,24.1,-0.673,0.170
79.9,24.6,1.507,0.178
79.9,25.1,0.609,0.186
79.9,25.6,-0.289,0.194
79.9,26.1,-1.250,0.202
79.9,26.6,0.994,0.211
79.9,27.1,0.096,0.219
79.9,27.6,-0.866,0.227
79.9,28.1,1.378,0.235
79.9,28.6,0.417,0.243
79.9,29.1,-0.481,0.251
79.9,29.6,-1.378,0.259
79.9,30.2,0.801,0.267
79.9,30.7,-0.096,0.275
79.9,31.2,-1.058,0.283
79.9,31.7,1.186,0.292
79.9,32.2,0.289,0.300
79.9,32.7,-0.673,0.308
79.9,33.2,1.571,0.316
79.9,33.7,0.609,0.324
79.9,34.2,-0.289,0.332
79.9,34.7,-1.250,0.340
79.9,35.2,0.994,0.348
79.9,35.7,0.032,0.356
79.9,36.2,-0.866,0.364
79.9,36.7,1.314,0.372
79.9,37.2,0.417,0.380
79.9,37.7,-0.545,0.388
79.9,38.2,-1.443,0.396
79.9,38.7,0.737,0.404
79.9,39.2,-0.160,0.412
79.9,39.7,-1.122,0.420
79.9,40.2,1.122,0.428
79.9,40.7,0.160,0.436
79.9,41.2,-0.737,0.444
79.9,41.7,1.443,0.452
79.9,42.2,0.545,0.460
79.9,42.7,-0.417,0.468
79.9,43.2,-1.314,0.476
79.9,43.7,0.866,0.484
79.9,44.2,-0.096,0.492
79.9,44.7,-0.994,0.500
79.9,45.2,1.186,0.508
79.9,45.7,0.289,0.515
79.9,46.2,-0.673,0.524
79.9,46.7,1.507,0.531
79.9,47.2,0.609,0.539
79.9,47.7,-0.353,0.547
79.9,48.2,-1.250,0.555
79.9,48.7,0.930,0.563
79.9,49.2,-0.032,0.571
79.9,49.7,-0.930,0.578
79.9,50.3,1.250,0.586
79.9,50.8,0.289,0.594
79.9,51.3,-0.609,0.602
79.9,51.8,-1.571,0.610
79.9,52.3,0.609,0.617
79.9,52.8,-0.289,0.625
79.9,53.3,-1.250,0.633
79.9,53.8,0.930,0.641
79.9,54.3,0.032,0.648
79.9,54.8,-0.930,0.656
79.9,55.3,1.250,0.664
79.9,55.8,0.353,0.671
79.9,56.3,-0.609,0.679
79.9,56.8,-1.571,0.687
79.9,57.3,0.609,0.694
79.9,57.8,-0.289,0.702
79.9,58.3,-1.250,0.710
79.9,58.8,0.930,0.718
79.9,59.3,-0.032,0.725
79.9,59.8,-0.930,0.733
79.9,60.3,1.250,0.740
79.9,60.8,0.289,0.748
79.9,61.3,-0.673,0.755
79.9,61.8,1.571,0.763
79.9,62.3,0.609,0.771
79.9,62.8,-0.353,0.778
79.9,63.3,-1.314,0.786
79.9,63.8,0.866,0.793
79.9,64.3,-0.032,0.800
79.9,64.8,-0.994,0.808
79.9,65.3,1.186,0.816
79.9,65.8,0.224,0.823
79.9,66.3,-0.737,0.830
79.9,66.8,1.443,0.838
79.9,67.3,0.545,0.845
79.9,67.8,-0.417,0.853
79.9,68.3,-1.378,0.860
79.9,68.8,0.801,0.868
79.9,69.3,-0.160,0.875
79.9,69.8,-1.122,0.882
79.9,70.4,1.058,0.889
79.9,70.9,0.096,0.896
79.9,71.4,-0.801,0.904
79.9,71.9,1.378,0.911
79.9,72.4,0.417,0.919
79.9,72.9,-0.545,0.926
79.9,73.4,-1.507,0.933
79.9,73.9,0.673,0.940
79.9,74.4,-0.289,0.948
79.9,74.9,-1.250,0.955
79.9,75.4,0.930,0.962
79.9,75.9,-0.032,0.969
79.9,76.4,-0.994,0.976
79.9,76.9,1.186,0.983
79.9,77.4,0.224,0.990
79.9,77.9,-0.737,0.997
79.9,78.4,1.443,1.004
79.9,78.9,0.545,1.011
79.9,79.4,-0.417,1.018
79.9,79.9,-1.378,1.025
79.9,80.4,0.801,1.032
79.9,80.9,-0.160,1.039
79.9,81.4,-1.122,1.046
79.9,81.9,1.058,1.053
79.9,82.4,0.032,1.060
79.9,82.9,-0.930,1.067
79.9,83.4,1.250,1.074
79.9,83.9,0.289,1.081
79.9,84.4,-0.673,1.088
79.9,84.9,1.507,1.095
79.9,85.4,0.545,1.102
79.9,85.9,-0.417,1.109
79.9,86.4,-1.378,1.115
79.9,86.9,0.801,1.122
79.9,87.4,-0.160,1.129
79.9,87.9,-1.122,1.136
79.9,88.4,1.058,1.142
79.9,88.9,0.096,1.149
79.9,89.4,-0.866,1.155
79.9,89.9,1.250,1.162
79.9,90.5,0.289,1.169
79.9,91.0,-0.673,1.175
79.9,91.5,1.507,1.182
79.9,92.0,0.545,1.189
79.9,92.5,-0.417,1.195
79.9,93.0,-1.378,1.202
79.9,93.5,0.801,1.208
79.9,94.0,-0.224,1.215
79.9,94.5,-1.186,1.221
79.9,95.0,0.994,1.228
79.9,95.5,0.032,1.234
79.9,96.0,-0.930,1.240
79.9,96.5,1.250,1.246
79.9,97.0,0.224,1.253
79.9,97.5,-0.737,1.260
79.9,98.0,1.443,1.266
79.9,98.5,0.481,1.272
79.9,99.0,-0.545,1.278
79.9,99.5,-1.507,1.285
79.9,100.0,0.673,1.291
80.4,0.0,0.737,0.227
80.4,0.5,-0.160,0.219
80.4,1.0,-1.058,0.211
80.4,1.5,1.186,0.203
80.4,2.0,0.289,0.195
80.4,2.5,-0.609,0.187
80.4,3.0,-1.507,0.178
80.4,3.5,0.737,0.170
80.4,4.0,-0.160,0.162
80.4,4.5,-1.122,0.154
80.4,5.0,1.122,0.146
80.4,5.5,0.224,0.138
80.4,6.0,-0.673,0.130
80.4,6.5,1.571,0.121
80.4,7.0,0.673,0.113
80.4,7.5,-0.224,0.105
80.4,8.0,-1.186,0.097
80.4,8.5,1.058,0.089
80.4,9.0,0.160,0.081
80.4,9.5,-0.737,0.072
80.4,10.1,1.507,0.064
80.4,10.6,0.609,0.056
80.4,11.1,-0.353,0.048
80.4,11.6,-1.250,0.040
80.4,12.1,0.994,0.032
80.4,12.6,0.096,0.023
80.4,13.1,-0.801,0.015
80.4,13.6,1.378,0.007
80.4,14.1,0.481,0.001
80.4,14.6,-0.417,0.009
80.4,15.1,-1.314,0.017
80.4,15.6,0.930,0.026
80.4,16.1,-0.032,0.034
80.4,16.6,-0.930,0.042
80.4,17.1,1.314,0.050
80.4,17.6,0.353,0.058
80.4,18.1,-0.545,0.066
80.4,18.6,-1.443,0.075
80.4,19.1,0.801,0.083
80.4,19.6,-0.160,0.091
80.4,20.1,-1.058,0.099
80.4,20.6,1.186,0.107
80.4,21.1,0.224,0.115
80.4,21.6,-0.673,0.124
80.4,22.1,1.571,0.132
80.4,22.6,0.673,0.140
80.4,23.1,-0.289,0.148
80.4,23.6,-1.186,0.156
80.4,24.1,1.058,0.164
80.4,24.6,0.096,0.173
80.4,25.1,-0.801,0.181
80.4,25.6,1.443,0.189
80.4,26.1,0.481,0.197
80.4,26.6,-0.417,0.205
80.4,27.1,-1.378,0.213
80.4,27.6,0.866,0.221
80.4,28.1,-0.032,0.229
80.4,28.6,-0.994,0.238
80.4,29.1,1.250,0.246
80.4,29.6,0.289,0.254
80.4,30.2,-0.609,0.262
80.4,30.7,-1.507,0.270
80.4,31.2,0.673,0.278
80.4,31.7,-0.224,0.286
80.4,32.2,-1.186,0.294
80.4,32.7,1.058,0.302
80.4,33.2,0.096,0.310
80.4,33.7,-0.801,0.319
80.4,34.2,1.443,0.327
80.4,34.7,0.481,0.335
80.4,35.2,-0.417,0.343
80.4,35.7,-1.378,0.351
80.4,36.2,0.866,0.359
80.4,36.7,-0.096,0.367
80.4,37.2,-0.994,0.375
80.4,37.7,1.186,0.383
80.4,38.2,0.289,0.391
80.4,38.7,-0.673,0.399
80.4,39.2,1.571,0.407
80.4,39.7,0.609,0.415
80.4,40.2,-0.289,0.423
80.4,40.7,-1.250,0.431
80.4,41.2,0.994,0.439
80.4,41.7,0.032,0.447
80.4,42.2,-0.866,0.455
80.4,42.7,1.314,0.463
80.4,43.2,0.353,0.471
80.4,43.7,-0.545,0.479
80.4,44.2,-1.507,0.487
80.4,44.7,0.737,0.494
80.4,45.2,-0.224,0.502
80.4,45.7,-1.122,0.510
80.4,46.2,1.058,0.518
80.4,46.7,0.096,0.526
80.4,47.2,-0.801,0.534
80.4,47.7,1.378,0.542
80.4,48.2,0.417,0.549
80.4,48.7,-0.481,0.558
80.4,49.2,-1.443,0.565
80.4,49.7,0.801,0.573
80.4,50.3,-0.160,0.581
80.4,50.8,-1.122,0.589
80.4,51.3,1.122,0.597
80.4,51.8,0.160,0.605
80.4,52.3,-0.801,0.612
80.4,52.8,1.443,0.620
80.4,53.3,0.481,0.628
80.4,53.8,-0.481,0.635
80.4,54.3,-1.378,0.643
80.4,54.8,0.801,0.651
80.4,55.3,-0.160,0.659
80.4,55.8,-1.058,0.666
80.4,56.3,1.122,0.674
80.4,56.8,0.160,0.682
80.4,57.3,-0.801,0.689
80.4,57.8,1.443,0.697
80.4,58.3,0.481,0.705
80.4,58.8,-0.481,0.712
80.4,59.3,-1.443,0.720
80.4,59.8,0.801,0.728
80.4,60.3,-0.160,0.735
80.4,60.8,-1.122,0.743
80.4,61.3,1.058,0.750
80.4,61.8,0.160,0.758
80.4,62.3,-0.801,0.766
80.4,62.8,1.378,0.773
80.4,63.3,0.417,0.781
80.4,63.8,-0.545,0.788
80.4,64.3,-1.443,0.795
80.4,64.8,0.737,0.803
80.4,65.3,-0.224,0.811
80.4,65.8,-1.186,0.818
80.4,66.3,0.994,0.825
80.4,66.8,0.032,0.833
80.4,67.3,-0.866,0.840
80.4,67.8,1.314,0.848
80.4,68.3,0.353,0.855
80.4,68.8,-0.609,0.863
80.4,69.3,-1.571,0.870
80.4,69.8,0.609,0.877
80.4,70.4,-0.353,0.884
80.4,70.9,-1.250,0.892
80.4,71.4,0.930,0.899
80.4,71.9,-0.032,0.907
80.4,72.4,-0.994,0.914
80.4,72.9,1.186,0.921
80.4,73.4,0.224,0.928
80.4,73.9,-0.737,0.936
80.4,74.4,1.443,0.943
80.4,74.9,0.481,0.950
80.4,75.4,-0.481,0.957
80.4,75.9,-1.443,0.964
80.4,76.4,0.801,0.971
80.4,76.9,-0.160,0.978
80.4,77.4,-1.122,0.985
80.4,77.9,1.058,0.993
80.4,78.4,0.096,1.000
80.4,78.9,-0.866,1.007
80.4,79.4,1.314,1.014
80.4,79.9,0.353,1.021
80.4,80.4,-0.609,1.028
80.4,80.9,1.571,1.035
80.4,81.4,0.609,1.042
80.4,81.9,-0.353,1.049
80.4,82.4,-1.314,1.056
80.4,82.9,0.866,1.063
80.4,83.4,-0.096,1.070
80.4,83.9,-1.058,1.076
80.4,84.4,1.122,1.083
80.4,84.9,0.160,1.090
80.4,85.4,-0.866,1.097
80.4,85.9,1.314,1.104
80.4,86.4,0.353,1.111
80.4,86.9,-0.609,1.117
80.4,87.4,-1.571,1.124
80.4,87.9,0.609,1.131
80.4,88.4,-0.353,1.138
80.4,88.9,-1.314,1.145
80.4,89.4,0.866,1.151
80.4,89.9,-0.096,1.158
80.4,90.5,-1.058,1.164
80.4,91.0,1.058,1.171
80.4,91.5,0.096,1.178
80.4,92.0,-0.866,1.184
80.4,92.5,1.314,1.191
80.4,93.0,0.353,1.198
80.4,93.5,-0.609,1.204
80.4,94.0,1.571,1.210
80.4,94.5,0.609,1.216
80.4,95.0,-0.417,1.223
80.4,95.5,-1.378,1.230
80.4,96.0,0.801,1.236
80.4,96.5,-0.160,1.243
80.4,97.0,-1.122,1.249
80.4,97.5,0.994,1.255
80.4,98.0,0.032,1.262
80.4,98.5,-0.930,1.268
80.4,99.0,1.250,1.274
80.4,99.5,0.289,1.280
80.4,100.0,-0.737,1.287
80.9,0.0,-0.673,0.233
80.9,0.5,1.571,0.225
80.9,1.0,0.673,0.216
80.9,1.5,-0.224,0.208
80.9,2.0,-1.186,0.200
80.9,2.5,1.058,0.192
80.9,3.0,0.160,0.184
80.9,3.5,-0.737,0.176
80.9,4.0,1.507,0.168
80.9,4.5,0.609,0.160
80.9,5.0,-0.289,0.151
80.9,5.5,-1.186,0.143
80.9,6.0,1.058,0.135
80.9,6.5,0.160,0.127
80.9,7.0,-0.801,0.119
80.9,7.5,1.443,0.111
80.9,8.0,0.545,0.102
80.9,8.5,-0.353,0.094
80.9,9.0,-1.250,0.086
80.9,9.5,0.994,0.078
80.9,10.1,0.032,0.070
80.9,10.6,-0.866,0.062
80.9,11.1,1.378,0.053
80.9,11.6,0.481,0.045
80.9,12.1,-0.417,0.037
80.9,12.6,-1.314,0.029
80.9,13.1,0.866,0.021
80.9,13.6,-0.032,0.013
80.9,14.1,-0.930,0.004
80.9,14.6,1.314,0.004
80.9,15.1,0.353,0.012
80.9,15.6,-0.545,0.020
80.9,16.1,-1.443,0.028
80.9,16.6,0.801,0.036
80.9,17.1,-0.160,0.045
80.9,17.6,-1.058,0.053
80.9,18.1,1.186,0.061
80.9,18.6,0.289,0.069
80.9,19.1,-0.673,0.077
80.9,19.6,-1.571,0.086
80.9,20.1,0.673,0.094
80.9,20.6,-0.224,0.102
80.9,21.1,-1.186,0.110
80.9,21.6,1.058,0.118
80.9,22.1,0.160,0.126
80.9,22.6,-0.801,0.134
80.9,23.1,1.443,0.143
80.9,23.6,0.545,0.151
80.9,24.1,-0.417,0.159
80.9,24.6,-1.314,0.167
80.9,25.1,0.930,0.175
80.9,25.6,-0.032,0.183
80.9,26.1,-0.930,0.192
80.9,26.6,1.314,0.200
80.9,27.1,0.353,0.208
80.9,27.6,-0.545,0.216
80.9,28.1,-1.507,0.224
80.9,28.6,0.737,0.232
80.9,29.1,-0.160,0.240
80.9,29.6,-1.122,0.248
80.9,30.2,1.122,0.257
80.9,30.7,0.160,0.265
80.9,31.2,-0.737,0.273
80.9,31.7,1.507,0.281
80.9,32.2,0.545,0.289
80.9,32.7,-0.353,0.297
80.9,33.2,-1.314,0.305
80.9,33.7,0.930,0.313
80.9,34.2,-0.032,0.321
80.9,34.7,-0.930,0.329
80.9,35.2,1.250,0.337
80.9,35.7,0.353,0.345
80.9,36.2,-0.545,0.353
80.9,36.7,-1.507,0.361
80.9,37.2,0.737,0.369
80.9,37.7,-0.224,0.378
80.9,38.2,-1.122,0.385
80.9,38.7,1.058,0.394
80.9,39.2,0.160,0.401
80.9,39.7,-0.801,0.410
80.9,40.2,1.443,0.417
80.9,40.7,0.481,0.426
80.9,41.2,-0.481,0.433
80.9,41.7,-1.378,0.442
80.9,42.2,0.801,0.449
80.9,42.7,-0.096,0.457
80.9,43.2,-1.058,0.465
80.9,43.7,1.186,0.473
80.9,44.2,0.224,0.481
80.9,44.7,-0.673,0.489
80.9,45.2,1.507,0.497
80.9,45.7,0.545,0.505
80.9,46.2,-0.353,0.513
80.9,46.7,-1.314,0.521
80.9,47.2,0.930,0.529
80.9,47.7,-0.032,0.537
80.9,48.2,-0.994,0.544
80.9,48.7,1.250,0.552
80.9,49.2,0.289,0.560
80.9,49.7,-0.609,0.568
80.9,50.3,1.571,0.576
80.9,50.8,0.609,0.584
80.9,51.3,-0.289,0.591
80.9,51.8,-1.250,0.599
80.9,52.3,0.930,0.607
80.9,52.8,0.032,0.615
80.9,53.3,-0.930,0.623
80.9,53.8,1.250,0.630
80.9,54.3,0.353,0.638
80.9,54.8,-0.609,0.646
80.9,55.3,-1.571,0.654
80.9,55.8,0.609,0.661
80.9,56.3,-0.289,0.669
80.9,56.8,-1.250,0.677
80.9,57.3,0.930,0.684
80.9,57.8,0.032,0.692
80.9,58.3,-0.930,0.700
80.9,58.8,1.250,0.707
80.9,59.3,0.289,0.715
80.9,59.8,-0.609,0.723
80.9,60.3,1.571,0.730
80.9,60.8,0.609,0.738
80.9,61.3,-0.353,0.745
80.9,61.8,-1.250,0.753
80.9,62.3,0.930,0.761
80.9,62.8,-0.032,0.768
80.9,63.3,-0.994,0.776
80.9,63.8,1.186,0.783
80.9,64.3,0.289,0.791
80.9,64.8,-0.673,0.798
80.9,65.3,1.507,0.806
80.9,65.8,0.545,0.813
80.9,66.3,-0.417,0.820
80.9,66.8,-1.314,0.828
80.9,67.3,0.866,0.835
80.9,67.8,-0.096,0.843
80.9,68.3,-1.058,0.850
80.9,68.8,1.122,0.858
80.9,69.3,0.160,0.865
80.9,69.8,-0.801,0.872
80.9,70.4,1.443,0.880
80.9,70.9,0.481,0.887
80.9,71.4,-0.481,0.894
80.9,71.9,-1.443,0.902
80.9,72.4,0.737,0.909
80.9,72.9,-0.224,0.916
80.9,73.4,-1.186,0.923
80.9,73.9,0.994,0.931
80.9,74.4,0.032,0.938
80.9,74.9,-0.930,0.945
80.9,75.4,1.314,0.952
80.9,75.9,0.353,0.959
80.9,76.4,-0.609,0.967
80.9,76.9,1.571,0.974
80.9,77.4,0.609,0.981
80.9,77.9,-0.353,0.988
80.9,78.4,-1.314,0.995
80.9,78.9,0.866,1.002
80.9,79.4,-0.096,1.009
80.9,79.9,-1.058,1.016
80.9,80.4,1.122,1.023
80.9,80.9,0.160,1.030
80.9,81.4,-0.801,1.037
80.9,81.9,1.378,1.044
80.9,82.4,0.417,1.051
80.9,82.9,-0.545,1.058
80.9,83.4,-1.507,1.065
80.9,83.9,0.673,1.072
80.9,84.4,-0.289,1.079
80.9,84.9,-1.250,1.086
80.9,85.4,0.930,1.093
80.9,85.9,-0.032,1.099
80.9,86.4,-0.994,1.106
80.9,86.9,1.186,1.113
80.9,87.4,0.160,1.120
80.9,87.9,-0.801,1.126
80.9,88.4,1.378,1.133
80.9,88.9,0.417,1.140
80.9,89.4,-0.545,1.147
80.9,89.9,-1.507,1.154
80.9,90.5,0.673,1.160
80.9,91.0,-0.289,1.167
80.9,91.5,-1.250,1.173
80.9,92.0,0.930,1.180
80.9,92.5,-0.096,1.186
80.9,93.0,-1.058,1.193
80.9,93.5,1.122,1.200
80.9,94.0,0.160,1.206
80.9,94.5,-0.801,1.213
80.9,95.0,1.378,1.219
80.9,95.5,0.353,1.225
80.9,96.0,-0.609,1.232
80.9,96.5,-1.571,1.239
80.9,97.0,0.609,1.245
80.9,97.5,-0.353,1.251
80.9,98.0,-1.314,1.257
80.9,98.5,0.801,1.264
80.9,99.0,-0.160,1.270
80.9,99.5,-1.122,1.277
80.9,100.0,1.058,1.283
81.4,0.0,0.994,0.238
81.4,0.5,0.096,0.230
81.4,1.0,-0.801,0.222
81.4,1.5,1.443,0.214
81.4,2.0,0.545,0.206
81.4,2.5,-0.353,0.198
81.4,3.0,-1.250,0.189
81.4,3.5,0.994,0.181
81.4,4.0,0.096,0.173
81.4,4.5,-0.801,0.165
81.4,5.0,1.378,0.157
81.4,5.5,0.481,0.149
81.4,6.0,-0.417,0.141
81.4,6.5,-1.314,0.132
81.4,7.0,0.930,0.124
81.4,7.5,0.032,0.116
81.4,8.0,-0.866,0.108
81.4,8.5,1.378,0.100
81.4,9.0,0.417,0.092
81.4,9.5,-0.481,0.083
81.4,10.1,-1.378,0.075
81.4,10.6,0.866,0.067
81.4,11.1,-0.032,0.059
81.4,11.6,-0.930,0.051
81.4,12.1,1.250,0.043
81.4,12.6,0.353,0.034
81.4,13.1,-0.545,0.026
81.4,13.6,-1.443,0.018
81.4,14.1,0.801,0.010
81.4,14.6,-0.160,0.002
81.4,15.1,-1.058,0.006
81.4,15.6,1.186,0.015
81.4,16.1,0.289,0.023
81.4,16.6,-0.673,0.031
81.4,17.1,-1.571,0.039
81.4,17.6,0.673,0.047
81.4,18.1,-0.224,0.056
81.4,18.6,-1.186,0.064
81.4,19.1,1.058,0.072
81.4,19.6,0.160,0.080
81.4,20.1,-0.737,0.088
81.4,20.6,1.443,0.096
81.4,21.1,0.545,0.105
81.4,21.6,-0.353,0.113
81.4,22.1,-1.314,0.121
81.4,22.6,0.930,0.129
81.4,23.1,0.032,0.137
81.4,23.6,-0.930,0.145
81.4,24.1,1.314,0.153
81.4,24.6,0.417,0.162
81.4,25.1,-0.545,0.170
81.4,25.6,-1.443,0.178
81.4,26.1,0.801,0.186
81.4,26.6,-0.160,0.194
81.4,27.1,-1.058,0.202
81.4,27.6,1.186,0.210
81.4,28.1,0.224,0.219
81.4,28.6,-0.673,0.227
81.4,29.1,1.507,0.235
81.4,29.6,0.609,0.243
81.4,30.2,-0.289,0.251
81.4,30.7,-1.250,0.259
81.4,31.2,0.994,0.267
81.4,31.7,0.032,0.275
81.4,32.2,-0.866,0.283
81.4,32.7,1.378,0.291
81.4,33.2,0.417,0.300
81.4,33.7,-0.481,0.308
81.4,34.2,-1.443,0.316
81.4,34.7,0.801,0.324
81.4,35.2,-0.160,0.332
81.4,35.7,-1.058,0.340
81.4,36.2,1.122,0.348
81.4,36.7,0.224,0.356
81.4,37.2,-0.737,0.364
81.4,37.7,1.507,0.372
81.4,38.2,0.545,0.380
81.4,38.7,-0.353,0.388
81.4,39.2,-1.314,0.396
81.4,39.7,0.930,0.404
81.4,40.2,-0.032,0.412
81.4,40.7,-0.930,0.420
81.4,41.2,1.250,0.428
81.4,41.7,0.353,0.436
81.4,42.2,-0.609,0.444
81.4,42.7,-1.507,0.452
81.4,43.2,0.673,0.460
81.4,43.7,-0.224,0.468
81.4,44.2,-1.186,0.476
81.4,44.7,0.994,0.484
81.4,45.2,0.096,0.492
81.4,45.7,-0.866,0.500
81.4,46.2,1.378,0.508
81.4,46.7,0.417,0.516
81.4,47.2,-0.481,0.523
81.4,47.7,-1.443,0.531
81.4,48.2,0.737,0.539
81.4,48.7,-0.160,0.547
81.4,49.2,-1.122,0.555
81.4,49.7,1.058,0.563
81.4,50.3,0.160,0.571
81.4,50.8,-0.801,0.578
81.4,51.3,1.443,0.586
81.4,51.8,0.481,0.594
81.4,52.3,-0.481,0.602
81.4,52.8,-1.378,0.609
81.4,53.3,0.801,0.617
81.4,53.8,-0.160,0.625
81.4,54.3,-1.058,0.633
81.4,54.8,1.122,0.641
81.4,55.3,0.160,0.648
81.4,55.8,-0.801,0.656
81.4,56.3,1.443,0.664
81.4,56.8,0.481,0.672
81.4,57.3,-0.481,0.679
81.4,57.8,-1.378,0.687
81.4,58.3,0.801,0.695
81.4,58.8,-0.160,0.702
81.4,59.3,-1.122,0.710
81.4,59.8,1.122,0.717
81.4,60.3,0.160,0.725
81.4,60.8,-0.801,0.733
81.4,61.3,1.378,0.740
81.4,61.8,0.481,0.748
81.4,62.3,-0.481,0.756
81.4,62.8,-1.443,0.763
81.4,63.3,0.737,0.771
81.4,63.8,-0.160,0.778
81.4,64.3,-1.122,0.786
81.4,64.8,1.058,0.793
81.4,65.3,0.096,0.801
81.4,65.8,-0.866,0.808
81.4,66.3,1.314,0.815
81.4,66.8,0.417,0.823
81.4,67.3,-0.545,0.831
81.4,67.8,-1.507,0.838
81.4,68.3,0.673,0.845
81.4,68.8,-0.289,0.853
81.4,69.3,-1.250,0.860
81.4,69.8,0.994,0.867
81.4,70.4,0.032,0.875
81.4,70.9,-0.930,0.882
81.4,71.4,1.250,0.890
81.4,71.9,0.289,0.897
81.4,72.4,-0.673,0.904
81.4,72.9,1.507,0.911
81.4,73.4,0.545,0.919
81.4,73.9,-0.417,0.926
81.4,74.4,-1.314,0.933
81.4,74.9,0.866,0.940
81.4,75.4,-0.096,0.947
81.4,75.9,-1.058,0.955
81.4,76.4,1.122,0.962
81.4,76.9,0.160,0.969
81.4,77.4,-0.801,0.976
81.4,77.9,1.378,0.983
81.4,78.4,0.417,0.991
81.4,78.9,-0.545,0.998
81.4,79.4,-1.507,1.005
81.4,79.9,0.673,1.012
81.4,80.4,-0.289,1.019
81.4,80.9,-1.250,1.026
81.4,81.4,0.930,1.033
81.4,81.9,-0.032,1.040
81.4,82.4,-0.994,1.047
81.4,82.9,1.186,1.054
81.4,83.4,0.224,1.061
81.4,83.9,-0.737,1.068
81.4,84.4,1.443,1.074
81.4,84.9,0.481,1.081
81.4,85.4,-0.481,1.088
81.4,85.9,-1.443,1.095
81.4,86.4,0.737,1.102
81.4,86.9,-0.224,1.109
81.4,87.4,-1.186,1.115
81.4,87.9,0.994,1.122
81.4,88.4,0.032,1.128
81.4,88.9,-0.994,1.135
81.4,89.4,1.186,1.142
81.4,89.9,0.224,1.149
81.4,90.5,-0.737,1.156
81.4,91.0,1.443,1.162
81.4,91.5,0.481,1.169
81.4,92.0,-0.481,1.176
81.4,92.5,-1.443,1.182
81.4,93.0,0.737,1.188
81.4,93.5,-0.289,1.195
81.4,94.0,-1.250,1.202
81.4,94.5,0.930,1.208
81.4,95.0,-0.032,1.215
81.4,95.5,-0.994,1.221
81.4,96.0,1.186,1.228
81.4,96.5,0.160,1.234
81.4,97.0,-0.801,1.241
81.4,97.5,1.378,1.247
81.4,98.0,0.417,1.253
81.4,98.5,-0.545,1.260
81.4,99.0,-1.571,1.266
81.4,99.5,0.609,1.272
81.4,100.0,-0.353,1.279
81.9,0.0,-0.417,0.244
81.9,0.5,-1.314,0.236
81.9,1.0,0.930,0.227
81.9,1.5,0.032,0.219
81.9,2.0,-0.866,0.211
81.9,2.5,1.378,0.203
81.9,3.0,0.417,0.195
81.9,3.5,-0.481,0.187
81.9,4.0,-1.378,0.179
81.9,4.5,0.866,0.171
81.9,5.0,-0.032,0.162
81.9,5.5,-0.930,0.154
81.9,6.0,1.314,0.146
81.9,6.5,0.417,0.138
81.9,7.0,-0.481,0.130
81.9,7.5,-1.443,0.122
81.9,8.0,0.801,0.113
81.9,8.5,-0.096,0.105
81.9,9.0,-0.994,0.097
81.9,9.5,1.250,0.089
81.9,10.1,0.353,0.081
81.9,10.6,-0.545,0.073
81.9,11.1,-1.507,0.064
81.9,11.6,0.737,0.056
81.9,12.1,-0.160,0.048
81.9,12.6,-1.058,0.040
81.9,13.1,1.186,0.032
81.9,13.6,0.224,0.024
81.9,14.1,-0.673,0.015
81.9,14.6,1.571,0.007
81.9,15.1,0.673,0.001
81.9,15.6,-0.224,0.009
81.9,16.1,-1.186,0.017
81.9,16.6,1.058,0.026
81.9,17.1,0.160,0.034
81.9,17.6,-0.737,0.042
81.9,18.1,1.443,0.050
81.9,18.6,0.545,0.058
81.9,19.1,-0.353,0.066
81.9,19.6,-1.250,0.075
81.9,20.1,0.930,0.083
81.9,20.6,0.032,0.091
81.9,21.1,-0.866,0.099
81.9,21.6,1.314,0.107
81.9,22.1,0.417,0.115
81.9,22.6,-0.481,0.124
81.9,23.1,-1.443,0.132
81.9,23.6,0.801,0.140
81.9,24.1,-0.096,0.148
81.9,24.6,-1.058,0.156
81.9,25.1,1.186,0.164
81.9,25.6,0.289,0.172
81.9,26.1,-0.673,0.181
81.9,26.6,-1.571,0.189
81.9,27.1,0.673,0.197
81.9,27.6,-0.289,0.205
81.9,28.1,-1.186,0.213
81.9,28.6,1.058,0.221
81.9,29.1,0.096,0.229
81.9,29.6,-0.801,0.238
81.9,30.2,1.378,0.246
81.9,30.7,0.481,0.254
81.9,31.2,-0.417,0.262
81.9,31.7,-1.378,0.270
81.9,32.2,0.866,0.278
81.9,32.7,-0.096,0.286
81.9,33.2,-0.994,0.294
81.9,33.7,1.186,0.302
81.9,34.2,0.289,0.310
81.9,34.7,-0.609,0.318
81.9,35.2,-1.571,0.327
81.9,35.7,0.673,0.335
81.9,36.2,-0.289,0.343
81.9,36.7,-1.186,0.351
81.9,37.2,0.994,0.359
81.9,37.7,0.096,0.367
81.9,38.2,-0.866,0.375
81.9,38.7,1.378,0.383
81.9,39.2,0.417,0.391
81.9,39.7,-0.481,0.399
81.9,40.2,-1.443,0.407
81.9,40.7,0.801,0.415
81.9,41.2,-0.160,0.423
81.9,41.7,-1.058,0.431
81.9,42.2,1.122,0.439
81.9,42.7,0.224,0.447
81.9,43.2,-0.737,0.455
81.9,43.7,1.507,0.463
81.9,44.2,0.545,0.471
81.9,44.7,-0.417,0.479
81.9,45.2,-1.314,0.487
81.9,45.7,0.866,0.494
81.9,46.2,-0.032,0.502
81.9,46.7,-0.994,0.510
81.9,47.2,1.186,0.518
81.9,47.7,0.289,0.526
81.9,48.2,-0.673,0.534
81.9,48.7,1.571,0.542
81.9,49.2,0.609,0.550
81.9,49.7,-0.353,0.557
81.9,50.3,-1.250,0.565
81.9,50.8,0.930,0.573
81.9,51.3,0.032,0.581
81.9,51.8,-0.930,0.589
81.9,52.3,1.250,0.597
81.9,52.8,0.353,0.604
81.9,53.3,-0.609,0.612
81.9,53.8,-1.571,0.620
81.9,54.3,0.673,0.628
81.9,54.8,-0.289,0.636
81.9,55.3,-1.250,0.643
81.9,55.8,0.930,0.651
81.9,56.3,0.032,0.659
81.9,56.8,-0.930,0.666
81.9,57.3,1.250,0.674
81.9,57.8,0.353,0.682
81.9,58.3,-0.609,0.690
81.9,58.8,-1.571,0.697
81.9,59.3,0.609,0.705
81.9,59.8,-0.289,0.712
81.9,60.3,-1.250,0.720
81.9,60.8,0.930,0.728
81.9,61.3,-0.032,0.735
81.9,61.8,-0.930,0.743
81.9,62.3,1.250,0.751
81.9,62.8,0.289,0.758
81.9,63.3,-0.673,0.765
81.9,63.8,1.571,0.773
81.9,64.3,0.609,0.781
81.9,64.8,-0.353,0.788
81.9,65.3,-1.314,0.796
81.9,65.8,0.866,0.803
81.9,66.3,-0.032,0.810
81.9,66.8,-0.994,0.818
81.9,67.3,1.186,0.826
81.9,67.8,0.224,0.833
81.9,68.3,-0.737,0.840
81.9,68.8,1.443,0.848
81.9,69.3,0.545,0.855
81.9,69.8,-0.417,0.862
81.9,70.4,-1.378,0.870
81.9,70.9,0.801,0.877
81.9,71.4,-0.160,0.885
81.9,71.9,-1.122,0.892
81.9,72.4,1.058,0.899
81.9,72.9,0.096,0.906
81.9,73.4,-0.866,0.913
81.9,73.9,1.378,0.921
81.9,74.4,0.417,0.928
81.9,74.9,-0.545,0.936
81.9,75.4,-1.507,0.943
81.9,75.9,0.673,0.950
81.9,76.4,-0.289,0.957
81.9,76.9,-1.250,0.964
81.9,77.4,0.930,0.972
81.9,77.9,-0.032,0.979
81.9,78.4,-0.994,0.986
81.9,78.9,1.186,0.993
81.9,79.4,0.224,1.000
81.9,79.9,-0.737,1.007
81.9,80.4,1.443,1.014
81.9,80.9,0.481,1.021
81.9,81.4,-0.481,1.028
81.9,81.9,-1.443,1.035
81.9,82.4,0.737,1.042
81.9,82.9,-0.224,1.049
81.9,83.4,-1.186,1.056
81.9,83.9,0.994,1.063
81.9,84.4,0.032,1.070
81.9,84.9,-0.930,1.077
81.9,85.4,1.250,1.084
81.9,85.9,0.289,1.090
81.9,86.4,-0.673,1.097
81.9,86.9,1.507,1.104
81.9,87.4,0.545,1.111
81.9,87.9,-0.417,1.118
81.9,88.4,-1.378,1.124
81.9,88.9,0.801,1.131
81.9,89.4,-0.160,1.138
81.9,89.9,-1.186,1.144
81.9,90.5,0.994,1.151
81.9,91.0,0.032,1.158
81.9,91.5,-0.930,1.165
81.9,92.0,1.250,1.171
81.9,92.5,0.289,1.178
81.9,93.0,-0.673,1.184
81.9,93.5,1.507,1.191
81.9,94.0,0.545,1.197
81.9,94.5,-0.481,1.204
81.9,95.0,-1.443,1.211
81.9,95.5,0.737,1.217
81.9,96.0,-0.224,1.224
81.9,96.5,-1.186,1.230
81.9,97.0,0.994,1.236
81.9,97.5,-0.032,1.243
81.9,98.0,-0.994,1.249
81.9,98.5,1.186,1.256
81.9,99.0,0.224,1.262
81.9,99.5,-0.737,1.268
81.9,100.0,1.378,1.274
82.4,0.0,1.250,0.249
82.4,0.5,0.353,0.241
82.4,1.0,-0.545,0.233
82.4,1.5,-1.443,0.225
82.4,2.0,0.801,0.217
82.4,2.5,-0.096,0.209
82.4,3.0,-0.994,0.200
82.4,3.5,1.250,0.192
82.4,4.0,0.353,0.184
82.4,4.5,-0.545,0.176
82.4,5.0,-1.443,0.168
82.4,5.5,0.801,0.160
82.4,6.0,-0.160,0.152
82.4,6.5,-1.058,0.143
82.4,7.0,1.186,0.135
82.4,7.5,0.289,0.127
82.4,8.0,-0.609,0.119
82.4,8.5,-1.507,0.111
82.4,9.0,0.737,0.103
82.4,9.5,-0.224,0.094
82.4,10.1,-1.122,0.086
82.4,10.6,1.122,0.078
82.4,11.1,0.224,0.070
82.4,11.6,-0.673,0.062
82.4,12.1,1.571,0.054
82.4,12.6,0.609,0.045
82.4,13.1,-0.289,0.037
82.4,13.6,-1.186,0.029
82.4,14.1,1.058,0.021
82.4,14.6,0.160,0.013
82.4,15.1,-0.801,0.005
82.4,15.6,1.443,0.004
82.4,16.1,0.545,0.012
82.4,16.6,-0.353,0.020
82.4,17.1,-1.314,0.028
82.4,17.6,0.930,0.036
82.4,18.1,0.032,0.045
82.4,18.6,-0.866,0.053
82.4,19.1,1.314,0.061
82.4,19.6,0.417,0.069
82.4,20.1,-0.481,0.077
82.4,20.6,-1.378,0.085
82.4,21.1,0.801,0.094
82.4,21.6,-0.096,0.102
82.4,22.1,-0.994,0.110
82.4,22.6,1.186,0.118
82.4,23.1,0.289,0.126
82.4,23.6,-0.609,0.134
82.4,24.1,-1.507,0.142
82.4,24.6,0.673,0.151
82.4,25.1,-0.224,0.159
82.4,25.6,-1.122,0.167
82.4,26.1,1.058,0.175
82.4,26.6,0.160,0.183
82.4,27.1,-0.801,0.191
82.4,27.6,1.443,0.200
82.4,28.1,0.545,0.208
82.4,28.6,-0.417,0.216
82.4,29.1,-1.314,0.224
82.4,29.6,0.930,0.232
82.4,30.2,-0.032,0.240
82.4,30.7,-0.930,0.248
82.4,31.2,1.250,0.256
82.4,31.7,0.353,0.265
82.4,32.2,-0.545,0.273
82.4,32.7,-1.507,0.281
82.4,33.2,0.737,0.289
82.4,33.7,-0.224,0.297
82.4,34.2,-1.122,0.305
82.4,34.7,1.058,0.313
82.4,35.2,0.160,0.321
82.4,35.7,-0.801,0.329
82.4,36.2,1.443,0.337
82.4,36.7,0.545,0.345
82.4,37.2,-0.417,0.353
82.4,37.7,-1.314,0.361
82.4,38.2,0.866,0.369
82.4,38.7,-0.032,0.377
82.4,39.2,-0.994,0.386
82.4,39.7,1.250,0.393
82.4,40.2,0.289,0.402
82.4,40.7,-0.609,0.409
82.4,41.2,-1.571,0.418
82.4,41.7,0.673,0.425
82.4,42.2,-0.289,0.434
82.4,42.7,-1.250,0.441
82.4,43.2,0.994,0.449
82.4,43.7,0.032,0.457
82.4,44.2,-0.866,0.465
82.4,44.7,1.314,0.473
82.4,45.2,0.417,0.481
82.4,45.7,-0.545,0.489
82.4,46.2,-1.443,0.497
82.4,46.7,0.737,0.505
82.4,47.2,-0.224,0.513
82.4,47.7,-1.122,0.521
82.4,48.2,1.058,0.529
82.4,48.7,0.160,0.536
82.4,49.2,-0.801,0.544
82.4,49.7,1.378,0.552
82.4,50.3,0.481,0.560
82.4,50.8,-0.481,0.568
82.4,51.3,-1.443,0.576
82.4,51.8,0.801,0.584
82.4,52.3,-0.160,0.591
82.4,52.8,-1.058,0.599
82.4,53.3,1.122,0.607
82.4,53.8,0.160,0.615
82.4,54.3,-0.737,0.622
82.4,54.8,1.443,0.630
82.4,55.3,0.481,0.638
82.4,55.8,-0.481,0.646
82.4,56.3,-1.378,0.654
82.4,56.8,0.801,0.661
82.4,57.3,-0.160,0.669
82.4,57.8,-1.058,0.677
82.4,58.3,1.122,0.684
82.4,58.8,0.160,0.692
82.4,59.3,-0.801,0.699
82.4,59.8,1.443,0.707
82.4,60.3,0.481,0.715
82.4,60.8,-0.481,0.723
82.4,61.3,-1.443,0.730
82.4,61.8,0.801,0.738
82.4,62.3,-0.160,0.746
82.4,62.8,-1.122,0.753
82.4,63.3,1.058,0.760
82.4,63.8,0.160,0.768
82.4,64.3,-0.801,0.776
82.4,64.8,1.378,0.783
82.4,65.3,0.417,0.791
82.4,65.8,-0.545,0.798
82.4,66.3,-1.443,0.806
82.4,66.8,0.737,0.813
82.4,67.3,-0.224,0.821
82.4,67.8,-1.186,0.828
82.4,68.3,0.994,0.835
82.4,68.8,0.032,0.843
82.4,69.3,-0.866,0.850
82.4,69.8,1.314,0.858
82.4,70.4,0.353,0.865
82.4,70.9,-0.609,0.873
82.4,71.4,-1.571,0.880
82.4,71.9,0.609,0.887
82.4,72.4,-0.353,0.894
82.4,72.9,-1.314,0.901
82.4,73.4,0.930,0.909
82.4,73.9,-0.032,0.916
82.4,74.4,-0.994,0.924
82.4,74.9,1.186,0.931
82.4,75.4,0.224,0.938
82.4,75.9,-0.737,0.945
82.4,76.4,1.443,0.952
82.4,76.9,0.481,0.960
82.4,77.4,-0.481,0.967
82.4,77.9,-1.443,0.974
82.4,78.4,0.737,0.981
82.4,78.9,-0.224,0.988
82.4,79.4,-1.186,0.995
82.4,79.9,0.994,1.002
82.4,80.4,0.032,1.009
82.4,80.9,-0.930,1.016
82.4,81.4,1.250,1.023
82.4,81.9,0.289,1.030
82.4,82.4,-0.673,1.037
82.4,82.9,1.507,1.044
82.4,83.4,0.545,1.051
82.4,83.9,-0.417,1.058
82.4,84.4,-1.378,1.065
82.4,84.9,0.801,1.072
82.4,85.4,-0.160,1.079
82.4,85.9,-1.122,1.086
82.4,86.4,1.058,1.093
82.4,86.9,0.096,1.100
82.4,87.4,-0.866,1.106
82.4,87.9,1.314,1.113
82.4,88.4,0.353,1.120
82.4,88.9,-0.609,1.127
82.4,89.4,1.571,1.133
82.4,89.9,0.609,1.140
82.4,90.5,-0.353,1.147
82.4,91.0,-1.314,1.153
82.4,91.5,0.801,1.160
82.4,92.0,-0.160,1.167
82.4,92.5,-1.122,1.173
82.4,93.0,1.058,1.180
82.4,93.5,0.096,1.187
82.4,94.0,-0.866,1.193
82.4,94.5,1.314,1.200
82.4,95.0,0.353,1.206
82.4,95.5,-0.673,1.213
82.4,96.0,1.507,1.219
82.4,96.5,0.545,1.226
82.4,97.0,-0.417,1.232
82.4,97.5,-1.378,1.238
82.4,98.0,0.737,1.244
82.4,98.5,-0.224,1.251
82.4,99.0,-1.186,1.258
82.4,99.5,0.994,1.264
82.4,100.0,0.032,1.270
82.9,0.0,-0.160,0.255
82.9,0.5,-1.058,0.247
82.9,1.0,1.186,0.238
82.9,1.5,0.289,0.230
82.9,2.0,-0.609,0.222
82.9,2.5,-1.507,0.214
82.9,3.0,0.737,0.206
82.9,3.5,-0.160,0.198
82.9,4.0,-1.122,0.190
82.9,4.5,1.122,0.181
82.9,5.0,0.224,0.173
82.9,5.5,-0.673,0.165
82.9,6.0,-1.571,0.157
82.9,6.5,0.673,0.149
82.9,7.0,-0.224,0.141
82.9,7.5,-1.122,0.133
82.9,8.0,1.122,0.124
82.9,8.5,0.160,0.116
82.9,9.0,-0.737,0.108
82.9,9.5,1.507,0.100
82.9,10.1,0.609,0.092
82.9,10.6,-0.289,0.084
82.9,11.1,-1.186,0.075
82.9,11.6,0.994,0.067
82.9,12.1,0.096,0.059
82.9,12.6,-0.801,0.051
82.9,13.1,1.443,0.043
82.9,13.6,0.545,0.035
82.9,14.1,-0.353,0.026
82.9,14.6,-1.314,0.018
82.9,15.1,0.930,0.010
82.9,15.6,0.032,0.002
82.9,16.1,-0.866,0.006
82.9,16.6,1.314,0.015
82.9,17.1,0.417,0.023
82.9,17.6,-0.481,0.031
82.9,18.1,-1.378,0.039
82.9,18.6,0.801,0.047
82.9,19.1,-0.096,0.055
82.9,19.6,-0.994,0.064
82.9,20.1,1.250,0.072
82.9,20.6,0.289,0.080
82.9,21.1,-0.609,0.088
82.9,21.6,-1.507,0.096
82.9,22.1,0.673,0.104
82.9,22.6,-0.224,0.113
82.9,23.1,-1.122,0.121
82.9,23.6,1.122,0.129
82.9,24.1,0.160,0.137
82.9,24.6,-0.737,0.145
82.9,25.1,1.507,0.153
82.9,25.6,0.545,0.162
82.9,26.1,-0.353,0.170
82.9,26.6,-1.250,0.178
82.9,27.1,0.930,0.186
82.9,27.6,0.032,0.194
82.9,28.1,-0.930,0.202
82.9,28.6,1.314,0.210
82.9,29.1,0.417,0.219
82.9,29.6,-0.545,0.227
82.9,30.2,-1.443,0.235
82.9,30.7,0.801,0.243
82.9,31.2,-0.160,0.251
82.9,31.7,-1.058,0.259
82.9,32.2,1.122,0.267
82.9,32.7,0.224,0.275
82.9,33.2,-0.673,0.283
82.9,33.7,1.507,0.292
82.9,34.2,0.609,0.300
82.9,34.7,-0.353,0.308
82.9,35.2,-1.250,0.316
82.9,35.7,0.930,0.324
82.9,36.2,0.032,0.332
82.9,36.7,-0.930,0.340
82.9,37.2,1.314,0.348
82.9,37.7,0.353,0.356
82.9,38.2,-0.545,0.364
82.9,38.7,-1.507,0.372
82.9,39.2,0.737,0.380
82.9,39.7,-0.224,0.388
82.9,40.2,-1.122,0.396
82.9,40.7,1.058,0.404
82.9,41.2,0.160,0.412
82.9,41.7,-0.801,0.420
82.9,42.2,1.443,0.428
82.9,42.7,0.481,0.436
82.9,43.2,-0.417,0.444
82.9,43.7,-1.378,0.452
82.9,44.2,0.866,0.460
82.9,44.7,-0.096,0.468
82.9,45.2,-0.994,0.476
82.9,45.7,1.186,0.484
82.9,46.2,0.224,0.492
82.9,46.7,-0.673,0.500
82.9,47.2,1.507,0.508
82.9,47.7,0.609,0.515
82.9,48.2,-0.353,0.523
82.9,48.7,-1.250,0.531
82.9,49.2,0.930,0.539
82.9,49.7,-0.032,0.547
82.9,50.3,-0.930,0.555
82.9,50.8,1.250,0.563
82.9,51.3,0.289,0.570
82.9,51.8,-0.609,0.578
82.9,52.3,-1.571,0.586
82.9,52.8,0.609,0.594
82.9,53.3,-0.289,0.602
82.9,53.8,-1.250,0.610
82.9,54.3,0.930,0.617
82.9,54.8,0.032,0.625
82.9,55.3,-0.930,0.633
82.9,55.8,1.250,0.641
82.9,56.3,0.353,0.648
82.9,56.8,-0.609,0.656
82.9,57.3,-1.571,0.664
82.9,57.8,0.673,0.671
82.9,58.3,-0.289,0.679
82.9,58.8,-1.250,0.687
82.9,59.3,0.930,0.694
82.9,59.8,0.032,0.702
82.9,60.3,-0.930,0.710
82.9,60.8,1.250,0.718
82.9,61.3,0.289,0.725
82.9,61.8,-0.609,0.733
82.9,62.3,1.571,0.740
82.9,62.8,0.609,0.748
82.9,63.3,-0.353,0.755
82.9,63.8,-1.250,0.763
82.9,64.3,0.930,0.771
82.9,64.8,-0.032,0.778
82.9,65.3,-0.994,0.786
82.9,65.8,1.186,0.793
82.9,66.3,0.289,0.801
82.9,66.8,-0.673,0.808
82.9,67.3,1.507,0.816
82.9,67.8,0.545,0.823
82.9,68.3,-0.417,0.830
82.9,68.8,-1.314,0.838
82.9,69.3,0.866,0.845
82.9,69.8,-0.096,0.853
82.9,70.4,-1.058,0.860
82.9,70.9,1.122,0.868
82.9,71.4,0.160,0.875
82.9,71.9,-0.801,0.882
82.9,72.4,1.378,0.889
82.9,72.9,0.481,0.897
82.9,73.4,-0.481,0.904
82.9,73.9,-1.443,0.911
82.9,74.4,0.737,0.919
82.9,74.9,-0.224,0.926
82.9,75.4,-1.186,0.933
82.9,75.9,0.994,0.940
82.9,76.4,0.032,0.948
82.9,76.9,-0.930,0.955
82.9,77.4,1.250,0.962
82.9,77.9,0.289,0.969
82.9,78.4,-0.673,0.976
82.9,78.9,1.571,0.983
82.9,79.4,0.609,0.990
82.9,79.9,-0.353,0.997
82.9,80.4,-1.314,1.004
82.9,80.9,0.866,1.012
82.9,81.4,-0.096,1.019
82.9,81.9,-1.058,1.026
82.9,82.4,1.122,1.033
82.9,82.9,0.160,1.040
82.9,83.4,-0.801,1.047
82.9,83.9,1.378,1.053
82.9,84.4,0.417,1.060
82.9,84.9,-0.545,1.067
82.9,85.4,-1.507,1.074
82.9,85.9,0.673,1.081
82.9,86.4,-0.353,1.088
82.9,86.9,-1.314,1.095
82.9,87.4,0.866,1.102
82.9,87.9,-0.096,1.109
82.9,88.4,-1.058,1.115
82.9,88.9,1.122,1.122
82.9,89.4,0.160,1.129
82.9,89.9,-0.801,1.136
82.9,90.5,1.378,1.142
82.9,91.0,0.417,1.149
82.9,91.5,-0.545,1.156
82.9,92.0,-1.507,1.162
82.9,92.5,0.609,1.169
82.9,93.0,-0.353,1.176
82.9,93.5,-1.314,1.182
82.9,94.0,0.866,1.189
82.9,94.5,-0.096,1.196
82.9,95.0,-1.058,1.202
82.9,95.5,1.122,1.208
82.9,96.0,0.096,1.215
82.9,96.5,-0.866,1.221
82.9,97.0,1.314,1.228
82.9,97.5,0.353,1.234
82.9,98.0,-0.609,1.241
82.9,98.5,1.571,1.247
82.9,99.0,0.545,1.253
82.9,99.5,-0.417,1.260
82.9,100.0,-1.378,1.266
83.4,0.0,1.571,0.260
83.4,0.5,0.609,0.252
83.4,1.0,-0.289,0.244
83.4,1.5,-1.186,0.236
83.4,2.0,1.058,0.228
83.4,2.5,0.160,0.220
83.4,3.0,-0.737,0.211
83.4,3.5,1.507,0.203
83.4,4.0,0.609,0.195
83.4,4.5,-0.289,0.187
83.4,5.0,-1.186,0.179
83.4,5.5,1.058,0.171
83.4,6.0,0.160,0.163
83.4,6.5,-0.737,0.154
83.4,7.0,1.443,0.146
83.4,7.5,0.545,0.138
83.4,8.0,-0.353,0.130
83.4,8.5,-1.250,0.122
83.4,9.0,0.994,0.114
83.4,9.5,0.096,0.105
83.4,10.1,-0.801,0.097
83.4,10.6,1.378,0.089
83.4,11.1,0.481,0.081
83.4,11.6,-0.417,0.073
83.4,12.1,-1.314,0.065
83.4,12.6,0.930,0.056
83.4,13.1,0.032,0.048
83.4,13.6,-0.930,0.040
83.4,14.1,1.314,0.032
83.4,14.6,0.417,0.024
83.4,15.1,-0.481,0.016
83.4,15.6,-1.378,0.007
83.4,16.1,0.801,0.001
83.4,16.6,-0.096,0.009
83.4,17.1,-0.994,0.017
83.4,17.6,1.250,0.025
83.4,18.1,0.289,0.034
83.4,18.6,-0.609,0.042
83.4,19.1,-1.507,0.050
83.4,19.6,0.737,0.058
83.4,20.1,-0.224,0.066
83.4,20.6,-1.122,0.074
83.4,21.1,1.122,0.083
83.4,21.6,0.160,0.091
83.4,22.1,-0.737,0.099
83.4,22.6,1.507,0.107
83.4,23.1,0.609,0.115
83.4,23.6,-0.353,0.123
83.4,24.1,-1.250,0.132
83.4,24.6,0.994,0.140
83.4,25.1,0.032,0.148
83.4,25.6,-0.866,0.156
83.4,26.1,1.378,0.164
83.4,26.6,0.417,0.172
83.4,27.1,-0.481,0.181
83.4,27.6,-1.378,0.189
83.4,28.1,0.801,0.197
83.4,28.6,-0.096,0.205
83.4,29.1,-0.994,0.213
83.4,29.6,1.186,0.221
83.4,30.2,0.289,0.229
83.4,30.7,-0.673,0.237
83.4,31.2,1.571,0.246
83.4,31.7,0.673,0.254
83.4,32.2,-0.289,0.262
83.4,32.7,-1.186,0.270
83.4,33.2,0.994,0.278
83.4,33.7,0.096,0.286
83.4,34.2,-0.866,0.294
83.4,34.7,1.378,0.302
83.4,35.2,0.481,0.310
83.4,35.7,-0.481,0.318
83.4,36.2,-1.378,0.326
83.4,36.7,0.801,0.335
83.4,37.2,-0.096,0.343
83.4,37.7,-1.058,0.351
83.4,38.2,1.186,0.359
83.4,38.7,0.224,0.367
83.4,39.2,-0.673,0.375
83.4,39.7,1.507,0.383
83.4,40.2,0.609,0.391
83.4,40.7,-0.353,0.399
83.4,41.2,-1.250,0.407
83.4,41.7,0.930,0.415
83.4,42.2,0.032,0.423
83.4,42.7,-0.930,0.431
83.4,43.2,1.314,0.439
83.4,43.7,0.353,0.447
83.4,44.2,-0.545,0.455
83.4,44.7,-1.507,0.463
83.4,45.2,0.737,0.470
83.4,45.7,-0.224,0.479
83.4,46.2,-1.186,0.486
83.4,46.7,1.058,0.494
83.4,47.2,0.096,0.502
83.4,47.7,-0.801,0.510
83.4,48.2,1.378,0.518
83.4,48.7,0.417,0.526
83.4,49.2,-0.481,0.534
83.4,49.7,-1.443,0.542
83.4,50.3,0.801,0.550
83.4,50.8,-0.160,0.558
83.4,51.3,-1.122,0.565
83.4,51.8,1.122,0.573
83.4,52.3,0.160,0.581
83.4,52.8,-0.801,0.589
83.4,53.3,1.443,0.597
83.4,53.8,0.481,0.604
83.4,54.3,-0.481,0.612
83.4,54.8,-1.378,0.620
83.4,55.3,0.801,0.628
83.4,55.8,-0.160,0.635
83.4,56.3,-1.058,0.643
83.4,56.8,1.122,0.651
83.4,57.3,0.160,0.659
83.4,57.8,-0.737,0.666
83.4,58.3,1.443,0.674
83.4,58.8,0.481,0.682
83.4,59.3,-0.481,0.689
83.4,59.8,-1.378,0.697
83.4,60.3,0.801,0.705
83.4,60.8,-0.160,0.712
83.4,61.3,-1.058,0.720
83.4,61.8,1.122,0.728
83.4,62.3,0.160,0.735
83.4,62.8,-0.801,0.743
83.4,63.3,1.378,0.750
83.4,63.8,0.481,0.758
83.4,64.3,-0.481,0.766
83.4,64.8,-1.443,0.773
83.4,65.3,0.737,0.781
83.4,65.8,-0.160,0.788
83.4,66.3,-1.122,0.796
83.4,66.8,1.058,0.803
83.4,67.3,0.096,0.811
83.4,67.8,-0.866,0.818
83.4,68.3,1.314,0.825
83.4,68.8,0.417,0.833
83.4,69.3,-0.545,0.840
83.4,69.8,-1.507,0.848
83.4,70.4,0.673,0.855
83.4,70.9,-0.289,0.863
83.4,71.4,-1.250,0.870
83.4,71.9,0.930,0.877
83.4,72.4,0.032,0.884
83.4,72.9,-0.930,0.892
83.4,73.4,1.250,0.899
83.4,73.9,0.289,0.907
83.4,74.4,-0.673,0.914
83.4,74.9,1.507,0.921
83.4,75.4,0.545,0.928
83.4,75.9,-0.417,0.936
83.4,76.4,-1.378,0.943
83.4,76.9,0.801,0.950
83.4,77.4,-0.096,0.957
83.4,77.9,-1.058,0.964
83.4,78.4,1.122,0.971
83.4,78.9,0.160,0.979
83.4,79.4,-0.801,0.986
83.4,79.9,1.378,0.993
83.4,80.4,0.417,1.000
83.4,80.9,-0.545,1.007
83.4,81.4,-1.507,1.014
83.4,81.9,0.673,1.021
83.4,82.4,-0.289,1.028
83.4,82.9,-1.250,1.035
83.4,83.4,0.930,1.042
83.4,83.9,-0.032,1.049
83.4,84.4,-0.994,1.056
83.4,84.9,1.186,1.063
83.4,85.4,0.224,1.070
83.4,85.9,-0.737,1.077
83.4,86.4,1.443,1.084
83.4,86.9,0.481,1.090
83.4,87.4,-0.481,1.097
83.4,87.9,-1.443,1.104
83.4,88.4,0.673,1.111
83.4,88.9,-0.289,1.118
83.4,89.4,-1.250,1.124
83.4,89.9,0.930,1.131
83.4,90.5,-0.032,1.138
83.4,91.0,-0.994,1.145
83.4,91.5,1.186,1.151
83.4,92.0,0.224,1.158
83.4,92.5,-0.737,1.165
83.4,93.0,1.443,1.171
83.4,93.5,0.417,1.177
83.4,94.0,-0.545,1.184
83.4,94.5,-1.507,1.191
83.4,95.0,0.673,1.198
83.4,95.5,-0.289,1.204
83.4,96.0,-1.250,1.211
83.4,96.5,0.930,1.217
83.4,97.0,-0.096,1.223
83.4,97.5,-1.058,1.230
83.4,98.0,1.122,1.237
83.4,98.5,0.160,1.243
83.4,99.0,-0.801,1.249
83.4,99.5,1.378,1.255
83.4,100.0,0.353,1.262
83.9,0.0,0.096,0.266
83.9,0.5,-0.801,0.258
83.9,1.0,1.443,0.249
83.9,1.5,0.545,0.241
83.9,2.0,-0.353,0.233
83.9,2.5,-1.250,0.225
83.9,3.0,0.994,0.217
83.9,3.5,0.096,0.209
83.9,4.0,-0.801,0.201
83.9,4.5,1.378,0.192
83.9,5.0,0.481,0.184
83.9,5.5,-0.417,0.176
83.9,6.0,-1.314,0.168
83.9,6.5,0.930,0.160
83.9,7.0,0.032,0.152
83.9,7.5,-0.866,0.144
83.9,8.0,1.378,0.135
83.9,8.5,0.481,0.127
83.9,9.0,-0.481,0.119
83.9,9.5,-1.378,0.111
83.9,10.1,0.866,0.103
83.9,10.6,-0.032,0.095
83.9,11.1,-0.930,0.086
83.9,11.6,1.314,0.078
83.9,12.1,0.417,0.070
83.9,12.6,-0.545,0.062
83.9,13.1,-1.443,0.054
83.9,13.6,0.801,0.046
83.9,14.1,-0.096,0.037
83.9,14.6,-0.994,0.029
83.9,15.1,1.186,0.021
83.9,15.6,0.289,0.013
83.9,16.1,-0.609,0.005
83.9,16.6,-1.507,0.004
83.9,17.1,0.737,0.012
83.9,17.6,-0.224,0.020
83.9,18.1,-1.122,0.028
83.9,18.6,1.122,0.036
83.9,19.1,0.224,0.044
83.9,19.6,-0.737,0.053
83.9,20.1,1.507,0.061
83.9,20.6,0.609,0.069
83.9,21.1,-0.353,0.077
83.9,21.6,-1.250,0.085
83.9,22.1,0.994,0.093
83.9,22.6,0.096,0.102
83.9,23.1,-0.866,0.110
83.9,23.6,1.378,0.118
83.9,24.1,0.481,0.126
83.9,24.6,-0.481,0.134
83.9,25.1,-1.378,0.142
83.9,25.6,0.866,0.151
83.9,26.1,-0.096,0.159
83.9,26.6,-0.994,0.167
83.9,27.1,1.250,0.175
83.9,27.6,0.289,0.183
83.9,28.1,-0.609,0.191
83.9,28.6,-1.507,0.199
83.9,29.1,0.673,0.208
83.9,29.6,-0.224,0.216
83.9,30.2,-1.122,0.224
83.9,30.7,1.058,0.232
83.9,31.2,0.160,0.240
83.9,31.7,-0.801,0.248
83.9,32.2,1.443,0.256
83.9,32.7,0.545,0.264
83.9,33.2,-0.417,0.273
83.9,33.7,-1.314,0.281
83.9,34.2,0.866,0.289
83.9,34.7,-0.032,0.297
83.9,35.2,-0.994,0.305
83.9,35.7,1.250,0.313
83.9,36.2,0.353,0.321
83.9,36.7,-0.609,0.329
83.9,37.2,-1.507,0.337
83.9,37.7,0.673,0.345
83.9,38.2,-0.224,0.353
83.9,38.7,-1.186,0.361
83.9,39.2,1.058,0.369
83.9,39.7,0.096,0.377
83.9,40.2,-0.801,0.385
83.9,40.7,1.378,0.393
83.9,41.2,0.481,0.401
83.9,41.7,-0.481,0.409
83.9,42.2,-1.378,0.417
83.9,42.7,0.801,0.426
83.9,43.2,-0.096,0.433
83.9,43.7,-1.058,0.441
83.9,44.2,1.186,0.449
83.9,44.7,0.224,0.457
83.9,45.2,-0.737,0.465
83.9,45.7,1.507,0.473
83.9,46.2,0.545,0.481
83.9,46.7,-0.353,0.489
83.9,47.2,-1.314,0.497
83.9,47.7,0.930,0.505
83.9,48.2,-0.032,0.513
83.9,48.7,-0.994,0.521
83.9,49.2,1.250,0.529
83.9,49.7,0.289,0.537
83.9,50.3,-0.609,0.544
83.9,50.8,1.571,0.552
83.9,51.3,0.609,0.560
83.9,51.8,-0.289,0.568
83.9,52.3,-1.250,0.576
83.9,52.8,0.930,0.584
83.9,53.3,0.032,0.591
83.9,53.8,-0.930,0.599
83.9,54.3,1.250,0.607
83.9,54.8,0.353,0.615
83.9,55.3,-0.609,0.623
83.9,55.8,-1.571,0.630
83.9,56.3,0.673,0.638
83.9,56.8,-0.289,0.646
83.9,57.3,-1.250,0.654
83.9,57.8,0.994,0.661
83.9,58.3,0.032,0.669
83.9,58.8,-0.930,0.677
83.9,59.3,1.250,0.684
83.9,59.8,0.353,0.692
83.9,60.3,-0.609,0.700
83.9,60.8,-1.571,0.707
83.9,61.3,0.673,0.715
83.9,61.8,-0.289,0.723
83.9,62.3,-1.250,0.730
83.9,62.8,0.930,0.738
83.9,63.3,0.032,0.745
83.9,63.8,-0.930,0.753
83.9,64.3,1.250,0.761
83.9,64.8,0.289,0.768
83.9,65.3,-0.673,0.776
83.9,65.8,1.571,0.783
83.9,66.3,0.609,0.791
83.9,66.8,-0.353,0.798
83.9,67.3,-1.314,0.806
83.9,67.8,0.866,0.813
83.9,68.3,-0.032,0.820
83.9,68.8,-0.994,0.828
83.9,69.3,1.186,0.836
83.9,69.8,0.224,0.843
83.9,70.4,-0.737,0.850
83.9,70.9,1.443,0.858
83.9,71.4,0.481,0.865
83.9,71.9,-0.417,0.872
83.9,72.4,-1.378,0.880
83.9,72.9,0.801,0.887
83.9,73.4,-0.160,0.895
83.9,73.9,-1.122,0.902
83.9,74.4,1.058,0.909
83.9,74.9,0.096,0.916
83.9,75.4,-0.866,0.923
83.9,75.9,1.314,0.931
83.9,76.4,0.417,0.938
83.9,76.9,-0.545,0.945
83.9,77.4,-1.507,0.952
83.9,77.9,0.673,0.960
83.9,78.4,-0.289,0.967
83.9,78.9,-1.250,0.974
83.9,79.4,0.930,0.981
83.9,79.9,-0.032,0.988
83.9,80.4,-0.994,0.995
83.9,80.9,1.186,1.002
83.9,81.4,0.224,1.010
83.9,81.9,-0.737,1.017
83.9,82.4,1.443,1.024
83.9,82.9,0.481,1.031
83.9,83.4,-0.481,1.038
83.9,83.9,-1.443,1.045
83.9,84.4,0.737,1.052
83.9,84.9,-0.224,1.058
83.9,85.4,-1.186,1.065
83.9,85.9,0.994,1.072
83.9,86.4,0.032,1.079
83.9,86.9,-0.930,1.086
83.9,87.4,1.250,1.093
83.9,87.9,0.289,1.100
83.9,88.4,-0.673,1.106
83.9,88.9,1.507,1.113
83.9,89.4,0.545,1.120
83.9,89.9,-0.481,1.126
83.9,90.5,-1.443,1.133
83.9,91.0,0.737,1.140
83.9,91.5,-0.224,1.147
83.9,92.0,-1.186,1.154
83.9,92.5,0.994,1.160
83.9,93.0,0.032,1.167
83.9,93.5,-0.930,1.174
83.9,94.0,1.250,1.180
83.9,94.5,0.224,1.186
83.9,95.0,-0.737,1.193
83.9,95.5,1.443,1.200
83.9,96.0,0.481,1.206
83.9,96.5,-0.481,1.213
83.9,97.0,-1.443,1.219
83.9,97.5,0.737,1.226
83.9,98.0,-0.289,1.232
83.9,98.5,-1.250,1.239
83.9,99.0,0.930,1.245
83.9,99.5,-0.032,1.252
83.9,100.0,-0.994,1.258
84.4,0.0,-1.314,0.271
84.4,0.5,0.930,0.263
84.4,1.0,0.032,0.255
84.4,1.5,-0.930,0.247
84.4,2.0,1.314,0.239
84.4,2.5,0.417,0.230
84.4,3.0,-0.481,0.222
84.4,3.5,-1.378,0.214
84.4,4.0,0.866,0.206
84.4,4.5,-0.032,0.198
84.4,5.0,-0.930,0.190
84.4,5.5,1.314,0.182
84.4,6.0,0.417,0.174
84.4,6.5,-0.481,0.165
84.4,7.0,-1.378,0.157
84.4,7.5,0.801,0.149
84.4,8.0,-0.096,0.141
84.4,8.5,-0.994,0.133
84.4,9.0,1.250,0.125
84.4,9.5,0.353,0.116
84.4,10.1,-0.545,0.108
84.4,10.6,-1.443,0.100
84.4,11.1,0.801,0.092
84.4,11.6,-0.160,0.084
84.4,12.1,-1.058,0.076
84.4,12.6,1.186,0.067
84.4,13.1,0.289,0.059
84.4,13.6,-0.609,0.051
84.4,14.1,-1.571,0.043
84.4,14.6,0.673,0.035
84.4,15.1,-0.224,0.027
84.4,15.6,-1.122,0.018
84.4,16.1,1.122,0.010
84.4,16.6,0.160,0.002
84.4,17.1,-0.737,0.006
84.4,17.6,1.507,0.014
84.4,18.1,0.609,0.023
84.4,18.6,-0.353,0.031
84.4,19.1,-1.250,0.039
84.4,19.6,0.994,0.047
84.4,20.1,0.096,0.055
84.4,20.6,-0.866,0.063
84.4,21.1,1.378,0.072
84.4,21.6,0.481,0.080
84.4,22.1,-0.417,0.088
84.4,22.6,-1.378,0.096
84.4,23.1,0.866,0.104
84.4,23.6,-0.032,0.112
84.4,24.1,-0.994,0.121
84.4,24.6,1.250,0.129
84.4,25.1,0.353,0.137
84.4,25.6,-0.609,0.145
84.4,26.1,-1.507,0.153
84.4,26.6,0.737,0.161
84.4,27.1,-0.224,0.170
84.4,27.6,-1.122,0.178
84.4,28.1,1.122,0.186
84.4,28.6,0.160,0.194
84.4,29.1,-0.737,0.202
84.4,29.6,1.507,0.210
84.4,30.2,0.545,0.218
84.4,30.7,-0.353,0.227
84.4,31.2,-1.250,0.235
84.4,31.7,0.930,0.243
84.4,32.2,0.032,0.251
84.4,32.7,-0.930,0.259
84.4,33.2,1.314,0.267
84.4,33.7,0.417,0.275
84.4,34.2,-0.545,0.283
84.4,34.7,-1.443,0.291
84.4,35.2,0.737,0.300
84.4,35.7,-0.160,0.308
84.4,36.2,-1.122,0.316
84.4,36.7,1.122,0.324
84.4,37.2,0.160,0.332
84.4,37.7,-0.737,0.340
84.4,38.2,1.443,0.348
84.4,38.7,0.545,0.356
84.4,39.2,-0.353,0.364
84.4,39.7,-1.314,0.372
84.4,40.2,0.930,0.380
84.4,40.7,-0.032,0.388
84.4,41.2,-0.930,0.396
84.4,41.7,1.250,0.404
84.4,42.2,0.353,0.412
84.4,42.7,-0.609,0.420
84.4,43.2,-1.571,0.428
84.4,43.7,0.673,0.436
84.4,44.2,-0.289,0.444
84.4,44.7,-1.186,0.452
84.4,45.2,0.994,0.460
84.4,45.7,0.096,0.468
84.4,46.2,-0.866,0.476
84.4,46.7,1.378,0.484
84.4,47.2,0.417,0.492
84.4,47.7,-0.545,0.500
84.4,48.2,-1.443,0.508
84.4,48.7,0.737,0.515
84.4,49.2,-0.160,0.523
84.4,49.7,-1.122,0.531
84.4,50.3,1.058,0.539
84.4,50.8,0.160,0.547
84.4,51.3,-0.801,0.555
84.4,51.8,1.443,0.563
84.4,52.3,0.481,0.571
84.4,52.8,-0.481,0.578
84.4,53.3,-1.378,0.586
84.4,53.8,0.801,0.594
84.4,54.3,-0.160,0.602
84.4,54.8,-1.058,0.610
84.4,55.3,1.122,0.617
84.4,55.8,0.160,0.625
84.4,56.3,-0.737,0.633
84.4,56.8,1.443,0.641
84.4,57.3,0.481,0.648
84.4,57.8,-0.417,0.656
84.4,58.3,-1.378,0.664
84.4,58.8,0.801,0.672
84.4,59.3,-0.160,0.679
84.4,59.8,-1.058,0.687
84.4,60.3,1.122,0.695
84.4,60.8,0.160,0.702
84.4,61.3,-0.737,0.710
84.4,61.8,1.443,0.718
84.4,62.3,0.481,0.725
84.4,62.8,-0.481,0.733
84.4,63.3,-1.378,0.740
84.4,63.8,0.801,0.748
84.4,64.3,-0.160,0.756
84.4,64.8,-1.122,0.763
84.4,65.3,1.058,0.770
84.4,65.8,0.160,0.778
84.4,66.3,-0.801,0.786
84.4,66.8,1.378,0.793
84.4,67.3,0.417,0.801
84.4,67.8,-0.545,0.808
84.4,68.3,-1.443,0.815
84.4,68.8,0.737,0.823
84.4,69.3,-0.224,0.831
84.4,69.8,-1.186,0.838
84.4,70.4,0.994,0.845
84.4,70.9,0.032,0.853
84.4,71.4,-0.866,0.860
84.4,71.9,1.314,0.867
84.4,72.4,0.353,0.875
84.4,72.9,-0.609,0.882
84.4,73.4,-1.571,0.890
84.4,73.9,0.609,0.897
84.4,74.4,-0.353,0.904
84.4,74.9,-1.314,0.911
84.4,75.4,0.866,0.918
84.4,75.9,-0.032,0.926
84.4,76.4,-0.994,0.933
84.4,76.9,1.186,0.940
84.4,77.4,0.224,0.948
84.4,77.9,-0.737,0.955
84.4,78.4,1.443,0.962
84.4,78.9,0.481,0.969
84.4,79.4,-0.481,0.976
84.4,79.9,-1.443,0.984
84.4,80.4,0.737,0.991
84.4,80.9,-0.224,0.998
84.4,81.4,-1.186,1.005
84.4,81.9,0.994,1.012
84.4,82.4,0.032,1.019
84.4,82.9,-0.930,1.026
84.4,83.4,1.250,1.033
84.4,83.9,0.289,1.040
84.4,84.4,-0.673,1.047
84.4,84.9,1.507,1.054
84.4,85.4,0.545,1.061
84.4,85.9,-0.417,1.068
84.4,86.4,-1.378,1.075
84.4,86.9,0.801,1.081
84.4,87.4,-0.160,1.088
84.4,87.9,-1.122,1.095
84.4,88.4,1.058,1.102
84.4,88.9,0.096,1.109
84.4,89.4,-0.866,1.116
84.4,89.9,1.314,1.122
84.4,90.5,0.353,1.129
84.4,91.0,-0.609,1.135
84.4,91.5,1.507,1.142
84.4,92.0,0.545,1.149
84.4,92.5,-0.417,1.156
84.4,93.0,-1.378,1.163
84.4,93.5,0.801,1.169
84.4,94.0,-0.160,1.176
84.4,94.5,-1.122,1.182
84.4,95.0,1.058,1.189
84.4,95.5,0.032,1.195
84.4,96.0,-0.930,1.202
84.4,96.5,1.250,1.209
84.4,97.0,0.289,1.215
84.4,97.5,-0.673,1.222
84.4,98.0,1.507,1.228
84.4,98.5,0.545,1.234
84.4,99.0,-0.481,1.241
84.4,99.5,-1.443,1.247
84.4,100.0,0.737,1.254
84.9,0.0,0.353,0.277
84.9,0.5,-0.545,0.268
84.9,1.0,-1.443,0.260
84.9,1.5,0.801,0.252
84.9,2.0,-0.096,0.244
84.9,2.5,-0.994,0.236
84.9,3.0,1.250,0.228
84.9,3.5,0.353,0.220
84.9,4.0,-0.545,0.212
84.9,4.5,-1.443,0.203
84.9,5.0,0.801,0.195
84.9,5.5,-0.160,0.187
84.9,6.0,-1.058,0.179
84.9,6.5,1.186,0.171
84.9,7.0,0.289,0.163
84.9,7.5,-0.609,0.155
84.9,8.0,-1.507,0.146
84.9,8.5,0.737,0.138
84.9,9.0,-0.160,0.130
84.9,9.5,-1.058,0.122
84.9,10.1,1.122,0.114
84.9,10.6,0.224,0.106
84.9,11.1,-0.673,0.097
84.9,11.6,1.571,0.089
84.9,12.1,0.673,0.081
84.9,12.6,-0.224,0.073
84.9,13.1,-1.186,0.065
84.9,13.6,1.058,0.057
84.9,14.1,0.160,0.048
84.9,14.6,-0.737,0.040
84.9,15.1,1.507,0.032
84.9,15.6,0.609,0.024
84.9,16.1,-0.353,0.016
84.9,16.6,-1.250,0.007
84.9,17.1,0.994,0.001
84.9,17.6,0.096,0.009
84.9,18.1,-0.866,0.017
84.9,18.6,1.378,0.025
84.9,19.1,0.481,0.033
84.9,19.6,-0.417,0.042
84.9,20.1,-1.378,0.050
84.9,20.6,0.866,0.058
84.9,21.1,-0.032,0.066
84.9,21.6,-0.930,0.074
84.9,22.1,1.250,0.082
84.9,22.6,0.353,0.091
84.9,23.1,-0.545,0.099
84.9,23.6,-1.507,0.107
84.9,24.1,0.737,0.115
84.9,24.6,-0.160,0.123
84.9,25.1,-1.058,0.131
84.9,25.6,1.122,0.140
84.9,26.1,0.224,0.148
84.9,26.6,-0.673,0.156
84.9,27.1,1.507,0.164
84.9,27.6,0.609,0.172
84.9,28.1,-0.289,0.180
84.9,28.6,-1.250,0.189
84.9,29.1,0.994,0.197
84.9,29.6,0.032,0.205
84.9,30.2,-0.866,0.213
84.9,30.7,1.378,0.221
84.9,31.2,0.417,0.229
84.9,31.7,-0.481,0.237
84.9,32.2,-1.378,0.245
84.9,32.7,0.801,0.254
84.9,33.2,-0.096,0.262
84.9,33.7,-1.058,0.270
84.9,34.2,1.186,0.278
84.9,34.7,0.224,0.286
84.9,35.2,-0.673,0.294
84.9,35.7,1.571,0.302
84.9,36.2,0.609,0.310
84.9,36.7,-0.289,0.318
84.9,37.2,-1.250,0.326
84.9,37.7,0.994,0.334
84.9,38.2,0.032,0.342
84.9,38.7,-0.866,0.351
84.9,39.2,1.314,0.359
84.9,39.7,0.417,0.367
84.9,40.2,-0.545,0.375
84.9,40.7,-1.443,0.383
84.9,41.2,0.737,0.391
84.9,41.7,-0.160,0.399
84.9,42.2,-1.122,0.407
84.9,42.7,1.122,0.415
84.9,43.2,0.160,0.423
84.9,43.7,-0.737,0.431
84.9,44.2,1.443,0.439
84.9,44.7,0.545,0.447
84.9,45.2,-0.417,0.455
84.9,45.7,-1.314,0.463
84.9,46.2,0.866,0.471
84.9,46.7,-0.032,0.478
84.9,47.2,-0.994,0.487
84.9,47.7,1.186,0.494
84.9,48.2,0.289,0.502
84.9,48.7,-0.673,0.510
84.9,49.2,1.571,0.518
84.9,49.7,0.609,0.526
84.9,50.3,-0.353,0.534
84.9,50.8,-1.250,0.542
84.9,51.3,0.930,0.550
84.9,51.8,0.032,0.557
84.9,52.3,-0.930,0.565
84.9,52.8,1.250,0.573
84.9,53.3,0.353,0.581
84.9,53.8,-0.609,0.589
84.9,54.3,-1.571,0.597
84.9,54.8,0.673,0.604
84.9,55.3,-0.289,0.612
84.9,55.8,-1.250,0.620
84.9,56.3,0.994,0.628
84.9,56.8,0.032,0.636
84.9,57.3,-0.930,0.643
84.9,57.8,1.314,0.651
84.9,58.3,0.353,0.659
84.9,58.8,-0.609,0.666
84.9,59.3,-1.571,0.674
84.9,59.8,0.673,0.682
84.9,60.3,-0.289,0.690
84.9,60.8,-1.250,0.697
84.9,61.3,0.994,0.705
84.9,61.8,0.032,0.713
84.9,62.3,-0.930,0.720
84.9,62.8,1.250,0.728
84.9,63.3,0.353,0.735
84.9,63.8,-0.609,0.743
84.9,64.3,-1.571,0.751
84.9,64.8,0.609,0.758
84.9,65.3,-0.353,0.765
84.9,65.8,-1.250,0.773
84.9,66.3,0.930,0.781
84.9,66.8,-0.032,0.788
84.9,67.3,-0.994,0.796
84.9,67.8,1.186,0.803
84.9,68.3,0.289,0.811
84.9,68.8,-0.673,0.818
84.9,69.3,1.507,0.826
84.9,69.8,0.545,0.833
84.9,70.4,-0.417,0.840
84.9,70.9,-1.378,0.848
84.9,71.4,0.866,0.855
84.9,71.9,-0.096,0.863
84.9,72.4,-1.058,0.870
84.9,72.9,1.122,0.877
84.9,73.4,0.160,0.885
84.9,73.9,-0.801,0.892
84.9,74.4,1.378,0.899
84.9,74.9,0.417,0.906
84.9,75.4,-0.481,0.914
84.9,75.9,-1.443,0.921
84.9,76.4,0.737,0.928
84.9,76.9,-0.224,0.936
84.9,77.4,-1.186,0.943
84.9,77.9,0.994,0.950
84.9,78.4,0.032,0.957
84.9,78.9,-0.930,0.965
84.9,79.4,1.250,0.972
84.9,79.9,0.289,0.979
84.9,80.4,-0.673,0.986
84.9,80.9,1.507,0.993
84.9,81.4,0.545,1.000
84.9,81.9,-0.417,1.007
84.9,82.4,-1.378,1.014
84.9,82.9,0.801,1.021
84.9,83.4,-0.160,1.028
84.9,83.9,-1.122,1.035
84.9,84.4,1.058,1.042
84.9,84.9,0.096,1.049
84.9,85.4,-0.866,1.056
84.9,85.9,1.314,1.063
84.9,86.4,0.353,1.070
84.9,86.9,-0.609,1.077
84.9,87.4,-1.571,1.084
84.9,87.9,0.609,1.091
84.9,88.4,-0.353,1.097
84.9,88.9,-1.314,1.104
84.9,89.4,0.866,1.111
84.9,89.9,-0.096,1.118
84.9,90.5,-1.058,1.125
84.9,91.0,1.122,1.131
84.9,91.5,0.160,1.138
84.9,92.0,-0.801,1.144
84.9,92.5,1.314,1.151
84.9,93.0,0.353,1.158
84.9,93.5,-0.609,1.165
84.9,94.0,-1.571,1.171
84.9,94.5,0.609,1.178
84.9,95.0,-0.353,1.185
84.9,95.5,-1.314,1.191
84.9,96.0,0.866,1.198
84.9,96.5,-0.160,1.204
84.9,97.0,-1.122,1.211
84.9,97.5,1.058,1.217
84.9,98.0,0.096,1.224
84.9,98.5,-0.866,1.230
84.9,99.0,1.314,1.236
84.9,99.5,0.289,1.243
84.9,100.0,-0.673,1.249
85.4,0.0,-1.058,0.282
85.4,0.5,1.186,0.274
85.4,1.0,0.289,0.266
85.4,1.5,-0.609,0.258
85.4,2.0,-1.507,0.249
85.4,2.5,0.673,0.241
85.4,3.0,-0.224,0.233
85.4,3.5,-1.122,0.225
85.4,4.0,1.122,0.217
85.4,4.5,0.224,0.209
85.4,5.0,-0.673,0.201
85.4,5.5,-1.571,0.193
85.4,6.0,0.673,0.185
85.4,6.5,-0.224,0.176
85.4,7.0,-1.122,0.168
85.4,7.5,1.122,0.160
85.4,8.0,0.224,0.152
85.4,8.5,-0.737,0.144
85.4,9.0,1.507,0.136
85.4,9.5,0.609,0.127
85.4,10.1,-0.289,0.119
85.4,10.6,-1.186,0.111
85.4,11.1,1.058,0.103
85.4,11.6,0.160,0.095
85.4,12.1,-0.801,0.087
85.4,12.6,1.443,0.078
85.4,13.1,0.545,0.070
85.4,13.6,-0.353,0.062
85.4,14.1,-1.250,0.054
85.4,14.6,0.994,0.046
85.4,15.1,0.032,0.037
85.4,15.6,-0.866,0.029
85.4,16.1,1.378,0.021
85.4,16.6,0.481,0.013
85.4,17.1,-0.417,0.005
85.4,17.6,-1.378,0.003
85.4,18.1,0.866,0.012
85.4,18.6,-0.032,0.020
85.4,19.1,-0.930,0.028
85.4,19.6,1.250,0.036
85.4,20.1,0.353,0.044
85.4,20.6,-0.545,0.052
85.4,21.1,-1.443,0.061
85.4,21.6,0.737,0.069
85.4,22.1,-0.160,0.077
85.4,22.6,-1.058,0.085
85.4,23.1,1.122,0.093
85.4,23.6,0.224,0.102
85.4,24.1,-0.673,0.110
85.4,24.6,1.571,0.118
85.4,25.1,0.609,0.126
85.4,25.6,-0.289,0.134
85.4,26.1,-1.186,0.142
85.4,26.6,0.994,0.150
85.4,27.1,0.096,0.159
85.4,27.6,-0.801,0.167
85.4,28.1,1.378,0.175
85.4,28.6,0.481,0.183
85.4,29.1,-0.417,0.191
85.4,29.6,-1.378,0.199
85.4,30.2,0.866,0.208
85.4,30.7,-0.096,0.216
85.4,31.2,-0.994,0.224
85.4,31.7,1.250,0.232
85.4,32.2,0.289,0.240
85.4,32.7,-0.609,0.248
85.4,33.2,-1.507,0.256
85.4,33.7,0.673,0.264
85.4,34.2,-0.224,0.272
85.4,34.7,-1.186,0.281
85.4,35.2,1.058,0.289
85.4,35.7,0.096,0.297
85.4,36.2,-0.801,0.305
85.4,36.7,1.443,0.313
85.4,37.2,0.481,0.321
85.4,37.7,-0.417,0.329
85.4,38.2,-1.378,0.337
85.4,38.7,0.866,0.345
85.4,39.2,-0.096,0.353
85.4,39.7,-0.994,0.361
85.4,40.2,1.186,0.369
85.4,40.7,0.289,0.377
85.4,41.2,-0.673,0.385
85.4,41.7,1.571,0.393
85.4,42.2,0.609,0.401
85.4,42.7,-0.289,0.409
85.4,43.2,-1.250,0.417
85.4,43.7,0.994,0.425
85.4,44.2,0.032,0.433
85.4,44.7,-0.866,0.441
85.4,45.2,1.314,0.449
85.4,45.7,0.417,0.457
85.4,46.2,-0.545,0.465
85.4,46.7,-1.507,0.473
85.4,47.2,0.737,0.481
85.4,47.7,-0.224,0.489
85.4,48.2,-1.122,0.497
85.4,48.7,1.058,0.505
85.4,49.2,0.160,0.513
85.4,49.7,-0.801,0.521
85.4,50.3,1.378,0.529
85.4,50.8,0.481,0.536
85.4,51.3,-0.481,0.544
85.4,51.8,-1.443,0.552
85.4,52.3,0.801,0.560
85.4,52.8,-0.160,0.568
85.4,53.3,-1.058,0.576
85.4,53.8,1.122,0.584
85.4,54.3,0.160,0.591
85.4,54.8,-0.737,0.599
85.4,55.3,1.443,0.607
85.4,55.8,0.481,0.615
85.4,56.3,-0.417,0.622
85.4,56.8,-1.378,0.630
85.4,57.3,0.801,0.638
85.4,57.8,-0.096,0.646
85.4,58.3,-1.058,0.654
85.4,58.8,1.122,0.661
85.4,59.3,0.160,0.669
85.4,59.8,-0.737,0.677
85.4,60.3,1.443,0.684
85.4,60.8,0.481,0.692
85.4,61.3,-0.417,0.700
85.4,61.8,-1.378,0.707
85.4,62.3,0.801,0.715
85.4,62.8,-0.160,0.723
85.4,63.3,-1.058,0.730
85.4,63.8,1.122,0.738
85.4,64.3,0.160,0.746
85.4,64.8,-0.801,0.753
85.4,65.3,1.443,0.760
85.4,65.8,0.481,0.768
85.4,66.3,-0.481,0.776
85.4,66.8,-1.443,0.783
85.4,67.3,0.737,0.791
85.4,67.8,-0.160,0.798
85.4,68.3,-1.122,0.806
85.4,68.8,1.058,0.813
85.4,69.3,0.096,0.821
85.4,69.8,-0.866,0.828
85.4,70.4,1.314,0.835
85.4,70.9,0.417,0.843
85.4,71.4,-0.545,0.850
85.4,71.9,-1.507,0.858
85.4,72.4,0.673,0.865
85.4,72.9,-0.289,0.873
85.4,73.4,-1.250,0.880
85.4,73.9,0.930,0.887
85.4,74.4,-0.032,0.894
85.4,74.9,-0.930,0.902
85.4,75.4,1.250,0.909
85.4,75.9,0.289,0.916
85.4,76.4,-0.673,0.924
85.4,76.9,1.507,0.931
85.4,77.4,0.545,0.938
85.4,77.9,-0.417,0.945
85.4,78.4,-1.378,0.953
85.4,78.9,0.801,0.960
85.4,79.4,-0.160,0.967
85.4,79.9,-1.122,0.974
85.4,80.4,1.058,0.981
85.4,80.9,0.096,0.988
85.4,81.4,-0.801,0.995
85.4,81.9,1.378,1.002
85.4,82.4,0.417,1.009
85.4,82.9,-0.545,1.016
85.4,83.4,-1.507,1.023
85.4,83.9,0.673,1.030
85.4,84.4,-0.289,1.037
85.4,84.9,-1.250,1.044
85.4,85.4,0.930,1.051
85.4,85.9,-0.032,1.058
85.4,86.4,-0.994,1.065
85.4,86.9,1.122,1.072
85.4,87.4,0.160,1.079
85.4,87.9,-0.801,1.086
85.4,88.4,1.378,1.093
85.4,88.9,0.417,1.100
85.4,89.4,-0.545,1.107
85.4,89.9,-1.507,1.113
85.4,90.5,0.673,1.120
85.4,91.0,-0.289,1.127
85.4,91.5,-1.250,1.134
85.4,92.0,0.930,1.140
85.4,92.5,-0.032,1.147
85.4,93.0,-0.994,1.154
85.4,93.5,1.186,1.160
85.4,94.0,0.160,1.167
85.4,94.5,-0.801,1.174
85.4,95.0,1.378,1.180
85.4,95.5,0.417,1.187
85.4,96.0,-0.545,1.194
85.4,96.5,-1.507,1.200
85.4,97.0,0.673,1.206
85.4,97.5,-0.353,1.213
85.4,98.0,-1.314,1.219
85.4,98.5,0.866,1.226
85.4,99.0,-0.096,1.233
85.4,99.5,-1.058,1.239
85.4,100.0,1.122,1.245
85.9,0.0,0.609,0.287
85.9,0.5,-0.289,0.279
85.9,1.0,-1.186,0.271
85.9,1.5,1.058,0.263
85.9,2.0,0.160,0.255
85.9,2.5,-0.737,0.247
85.9,3.0,1.507,0.239
85.9,3.5,0.609,0.231
85.9,4.0,-0.289,0.223
85.9,4.5,-1.186,0.214
85.9,5.0,1.058,0.206
85.9,5.5,0.160,0.198
85.9,6.0,-0.737,0.190
85.9,6.5,1.443,0.182
85.9,7.0,0.545,0.174
85.9,7.5,-0.353,0.166
85.9,8.0,-1.250,0.157
85.9,8.5,0.994,0.149
85.9,9.0,0.096,0.141
85.9,9.5,-0.801,0.133
85.9,10.1,1.443,0.125
85.9,10.6,0.545,0.117
85.9,11.1,-0.417,0.108
85.9,11.6,-1.314,0.100
85.9,12.1,0.930,0.092
85.9,12.6,0.032,0.084
85.9,13.1,-0.866,0.076
85.9,13.6,1.378,0.068
85.9,14.1,0.417,0.059
85.9,14.6,-0.481,0.051
85.9,15.1,-1.378,0.043
85.9,15.6,0.866,0.035
85.9,16.1,-0.032,0.027
85.9,16.6,-0.994,0.018
85.9,17.1,1.250,0.010
85.9,17.6,0.353,0.002
85.9,18.1,-0.545,0.006
85.9,18.6,-1.443,0.014
85.9,19.1,0.737,0.022
85.9,19.6,-0.160,0.031
85.9,20.1,-1.058,0.039
85.9,20.6,1.186,0.047
85.9,21.1,0.224,0.055
85.9,21.6,-0.673,0.063
85.9,22.1,1.571,0.072
85.9,22.6,0.609,0.080
85.9,23.1,-0.289,0.088
85.9,23.6,-1.186,0.096
85.9,24.1,1.058,0.104
85.9,24.6,0.096,0.112
85.9,25.1,-0.801,0.121
85.9,25.6,1.443,0.129
85.9,26.1,0.481,0.137
85.9,26.6,-0.417,0.145
85.9,27.1,-1.314,0.153
85.9,27.6,0.866,0.161
85.9,28.1,-0.032,0.170
85.9,28.6,-0.930,0.178
85.9,29.1,1.250,0.186
85.9,29.6,0.353,0.194
85.9,30.2,-0.545,0.202
85.9,30.7,-1.507,0.210
85.9,31.2,0.737,0.218
85.9,31.7,-0.224,0.226
85.9,32.2,-1.122,0.235
85.9,32.7,1.122,0.243
85.9,33.2,0.160,0.251
85.9,33.7,-0.737,0.259
85.9,34.2,1.443,0.267
85.9,34.7,0.545,0.275
85.9,35.2,-0.353,0.283
85.9,35.7,-1.314,0.291
85.9,36.2,0.930,0.299
85.9,36.7,-0.032,0.307
85.9,37.2,-0.930,0.316
85.9,37.7,1.250,0.324
85.9,38.2,0.353,0.332
85.9,38.7,-0.545,0.340
85.9,39.2,-1.507,0.348
85.9,39.7,0.737,0.356
85.9,40.2,-0.224,0.364
85.9,40.7,-1.122,0.372
85.9,41.2,1.058,0.380
85.9,41.7,0.160,0.388
85.9,42.2,-0.801,0.396
85.9,42.7,1.443,0.404
85.9,43.2,0.481,0.412
85.9,43.7,-0.417,0.420
85.9,44.2,-1.378,0.428
85.9,44.7,0.801,0.436
85.9,45.2,-0.096,0.444
85.9,45.7,-1.058,0.452
85.9,46.2,1.186,0.460
85.9,46.7,0.224,0.468
85.9,47.2,-0.673,0.476
85.9,47.7,1.507,0.484
85.9,48.2,0.609,0.492
85.9,48.7,-0.353,0.500
85.9,49.2,-1.314,0.507
85.9,49.7,0.930,0.516
85.9,50.3,-0.032,0.523
85.9,50.8,-0.930,0.531
85.9,51.3,1.250,0.539
85.9,51.8,0.289,0.547
85.9,52.3,-0.609,0.555
85.9,52.8,-1.571,0.563
85.9,53.3,0.673,0.570
85.9,53.8,-0.289,0.578
85.9,54.3,-1.250,0.586
85.9,54.8,0.994,0.594
85.9,55.3,0.032,0.602
85.9,55.8,-0.930,0.610
85.9,56.3,1.314,0.617
85.9,56.8,0.353,0.625
85.9,57.3,-0.609,0.633
85.9,57.8,-1.507,0.640
85.9,58.3,0.673,0.648
85.9,58.8,-0.289,0.656
85.9,59.3,-1.250,0.664
85.9,59.8,0.994,0.672
85.9,60.3,0.032,0.679
85.9,60.8,-0.930,0.687
85.9,61.3,1.314,0.694
85.9,61.8,0.353,0.702
85.9,62.3,-0.609,0.710
85.9,62.8,-1.571,0.717
85.9,63.3,0.673,0.725
85.9,63.8,-0.289,0.733
85.9,64.3,-1.250,0.740
85.9,64.8,0.930,0.748
85.9,65.3,0.032,0.755
85.9,65.8,-0.930,0.763
85.9,66.3,1.250,0.771
85.9,66.8,0.289,0.778
85.9,67.3,-0.673,0.786
85.9,67.8,1.571,0.793
85.9,68.3,0.609,0.801
85.9,68.8,-0.353,0.808
85.9,69.3,-1.314,0.816
85.9,69.8,0.866,0.823
85.9,70.4,-0.096,0.830
85.9,70.9,-0.994,0.838
85.9,71.4,1.186,0.845
85.9,71.9,0.224,0.853
85.9,72.4,-0.737,0.860
85.9,72.9,1.443,0.868
85.9,73.4,0.481,0.875
85.9,73.9,-0.481,0.882
85.9,74.4,-1.378,0.889
85.9,74.9,0.801,0.897
85.9,75.4,-0.160,0.904
85.9,75.9,-1.122,0.912
85.9,76.4,1.058,0.919
85.9,76.9,0.096,0.926
85.9,77.4,-0.866,0.933
85.9,77.9,1.314,0.940
85.9,78.4,0.353,0.948
85.9,78.9,-0.609,0.955
85.9,79.4,-1.571,0.962
85.9,79.9,0.673,0.969
85.9,80.4,-0.289,0.976
85.9,80.9,-1.250,0.983
85.9,81.4,0.930,0.991
85.9,81.9,-0.032,0.998
85.9,82.4,-0.994,1.005
85.9,82.9,1.186,1.012
85.9,83.4,0.224,1.019
85.9,83.9,-0.737,1.026
85.9,84.4,1.443,1.033
85.9,84.9,0.481,1.040
85.9,85.4,-0.481,1.047
85.9,85.9,-1.443,1.054
85.9,86.4,0.737,1.061
85.9,86.9,-0.224,1.068
85.9,87.4,-1.186,1.074
85.9,87.9,0.994,1.081
85.9,88.4,0.032,1.088
85.9,88.9,-0.930,1.095
85.9,89.4,1.186,1.102
85.9,89.9,0.224,1.109
85.9,90.5,-0.737,1.115
85.9,91.0,1.443,1.122
85.9,91.5,0.481,1.129
85.9,92.0,-0.481,1.136
85.9,92.5,-1.443,1.143
85.9,93.0,0.737,1.149
85.9,93.5,-0.224,1.156
85.9,94.0,-1.186,1.163
85.9,94.5,0.994,1.169
85.9,95.0,-0.032,1.176
85.9,95.5,-0.994,1.182
85.9,96.0,1.186,1.189
85.9,96.5,0.224,1.196
85.9,97.0,-0.737,1.202
85.9,97.5,1.443,1.209
85.9,98.0,0.481,1.215
85.9,98.5,-0.545,1.221
85.9,99.0,-1.507,1.228
85.9,99.5,0.673,1.235
85.9,100.0,-0.289,1.241
86.4,0.0,-0.801,0.293
86.4,0.5,1.443,0.285
86.4,1.0,0.545,0.277
86.4,1.5,-0.353,0.269
86.4,2.0,-1.250,0.260
86.4,2.5,0.994,0.252
86.4,3.0,0.096,0.244
86.4,3.5,-0.866,0.236
86.4,4.0,1.378,0.228
86.4,4.5,0.481,0.220
86.4,5.0,-0.417,0.212
86.4,5.5,-1.314,0.204
86.4,6.0,0.930,0.195
86.4,6.5,0.032,0.187
86.4,7.0,-0.866,0.179
86.4,7.5,1.378,0.171
86.4,8.0,0.481,0.163
86.4,8.5,-0.417,0.155
86.4,9.0,-1.314,0.146
86.4,9.5,0.866,0.138
86.4,10.1,-0.032,0.130
86.4,10.6,-0.930,0.122
86.4,11.1,1.314,0.114
86.4,11.6,0.417,0.106
86.4,12.1,-0.481,0.098
86.4,12.6,-1.378,0.089
86.4,13.1,0.801,0.081
86.4,13.6,-0.096,0.073
86.4,14.1,-0.994,0.065
86.4,14.6,1.250,0.057
86.4,15.1,0.353,0.048
86.4,15.6,-0.609,0.040
86.4,16.1,-1.507,0.032
86.4,16.6,0.737,0.024
86.4,17.1,-0.160,0.016
86.4,17.6,-1.058,0.008
86.4,18.1,1.122,0.001
86.4,18.6,0.224,0.009
86.4,19.1,-0.673,0.017
86.4,19.6,1.571,0.025
86.4,20.1,0.609,0.033
86.4,20.6,-0.289,0.041
86.4,21.1,-1.186,0.050
86.4,21.6,1.058,0.058
86.4,22.1,0.096,0.066
86.4,22.6,-0.801,0.074
86.4,23.1,1.443,0.082
86.4,23.6,0.545,0.091
86.4,24.1,-0.417,0.099
86.4,24.6,-1.314,0.107
86.4,25.1,0.930,0.115
86.4,25.6,-0.032,0.123
86.4,26.1,-0.930,0.131
86.4,26.6,1.314,0.140
86.4,27.1,0.353,0.148
86.4,27.6,-0.545,0.156
86.4,28.1,-1.443,0.164
86.4,28.6,0.737,0.172
86.4,29.1,-0.160,0.180
86.4,29.6,-1.058,0.188
86.4,30.2,1.122,0.197
86.4,30.7,0.224,0.205
86.4,31.2,-0.673,0.213
86.4,31.7,1.507,0.221
86.4,32.2,0.609,0.229
86.4,32.7,-0.353,0.237
86.4,33.2,-1.250,0.245
86.4,33.7,0.994,0.253
86.4,34.2,0.032,0.262
86.4,34.7,-0.866,0.270
86.4,35.2,1.314,0.278
86.4,35.7,0.417,0.286
86.4,36.2,-0.481,0.294
86.4,36.7,-1.443,0.302
86.4,37.2,0.801,0.310
86.4,37.7,-0.160,0.318
86.4,38.2,-1.058,0.326
86.4,38.7,1.122,0.334
86.4,39.2,0.224,0.342
86.4,39.7,-0.737,0.350
86.4,40.2,1.507,0.359
86.4,40.7,0.545,0.367
86.4,41.2,-0.353,0.375
86.4,41.7,-1.314,0.383
86.4,42.2,0.930,0.391
86.4,42.7,-0.032,0.399
86.4,43.2,-0.930,0.407
86.4,43.7,1.250,0.415
86.4,44.2,0.353,0.423
86.4,44.7,-0.609,0.431
86.4,45.2,-1.507,0.439
86.4,45.7,0.673,0.447
86.4,46.2,-0.224,0.455
86.4,46.7,-1.186,0.463
86.4,47.2,1.058,0.470
86.4,47.7,0.096,0.479
86.4,48.2,-0.866,0.486
86.4,48.7,1.378,0.494
86.4,49.2,0.417,0.502
86.4,49.7,-0.481,0.510
86.4,50.3,-1.443,0.518
86.4,50.8,0.801,0.526
86.4,51.3,-0.160,0.534
86.4,51.8,-1.122,0.542
86.4,52.3,1.122,0.550
86.4,52.8,0.160,0.558
86.4,53.3,-0.801,0.565
86.4,53.8,1.443,0.573
86.4,54.3,0.481,0.581
86.4,54.8,-0.417,0.589
86.4,55.3,-1.378,0.597
86.4,55.8,0.801,0.604
86.4,56.3,-0.096,0.612
86.4,56.8,-1.058,0.620
86.4,57.3,1.122,0.628
86.4,57.8,0.224,0.635
86.4,58.3,-0.737,0.643
86.4,58.8,1.443,0.651
86.4,59.3,0.481,0.659
86.4,59.8,-0.417,0.666
86.4,60.3,-1.378,0.674
86.4,60.8,0.801,0.682
86.4,61.3,-0.096,0.689
86.4,61.8,-1.058,0.697
86.4,62.3,1.122,0.705
86.4,62.8,0.160,0.712
86.4,63.3,-0.737,0.720
86.4,63.8,1.443,0.728
86.4,64.3,0.481,0.735
86.4,64.8,-0.481,0.743
86.4,65.3,-1.378,0.750
86.4,65.8,0.801,0.758
86.4,66.3,-0.160,0.766
86.4,66.8,-1.122,0.773
86.4,67.3,1.058,0.781
86.4,67.8,0.160,0.788
86.4,68.3,-0.801,0.796
86.4,68.8,1.378,0.803
86.4,69.3,0.417,0.811
86.4,69.8,-0.545,0.818
86.4,70.4,-1.443,0.825
86.4,70.9,0.737,0.833
86.4,71.4,-0.224,0.841
86.4,71.9,-1.186,0.848
86.4,72.4,0.994,0.855
86.4,72.9,0.032,0.863
86.4,73.4,-0.930,0.870
86.4,73.9,1.314,0.877
86.4,74.4,0.353,0.885
86.4,74.9,-0.609,0.892
86.4,75.4,1.571,0.900
86.4,75.9,0.609,0.907
86.4,76.4,-0.353,0.914
86.4,76.9,-1.314,0.921
86.4,77.4,0.866,0.928
86.4,77.9,-0.096,0.936
86.4,78.4,-1.058,0.943
86.4,78.9,1.186,0.950
86.4,79.4,0.224,0.957
86.4,79.9,-0.737,0.964
86.4,80.4,1.443,0.972
86.4,80.9,0.481,0.979
86.4,81.4,-0.481,0.986
86.4,81.9,-1.443,0.993
86.4,82.4,0.737,1.000
86.4,82.9,-0.224,1.007
86.4,83.4,-1.186,1.014
86.4,83.9,0.994,1.021
86.4,84.4,0.032,1.028
86.4,84.9,-0.930,1.035
86.4,85.4,1.250,1.042
86.4,85.9,0.289,1.049
86.4,86.4,-0.673,1.056
86.4,86.9,1.507,1.063
86.4,87.4,0.545,1.070
86.4,87.9,-0.417,1.077
86.4,88.4,-1.378,1.084
86.4,88.9,0.801,1.091
86.4,89.4,-0.160,1.097
86.4,89.9,-1.122,1.104
86.4,90.5,1.058,1.111
86.4,91.0,0.032,1.117
86.4,91.5,-0.930,1.124
86.4,92.0,1.250,1.131
86.4,92.5,0.289,1.138
86.4,93.0,-0.673,1.145
86.4,93.5,1.507,1.152
86.4,94.0,0.545,1.158
86.4,94.5,-0.417,1.165
86.4,95.0,-1.378,1.171
86.4,95.5,0.801,1.178
86.4,96.0,-0.224,1.184
86.4,96.5,-1.186,1.191
86.4,97.0,0.994,1.198
86.4,97.5,0.032,1.204
86.4,98.0,-0.930,1.211
86.4,98.5,1.250,1.217
86.4,99.0,0.289,1.223
86.4,99.5,-0.737,1.230
86.4,100.0,1.443,1.237
86.9,0.0,0.866,0.298
86.9,0.5,-0.032,0.290
86.9,1.0,-0.930,0.282
86.9,1.5,1.314,0.274
86.9,2.0,0.417,0.266
86.9,2.5,-0.481,0.258
86.9,3.0,-1.378,0.250
86.9,3.5,0.866,0.242
86.9,4.0,-0.032,0.234
86.9,4.5,-0.930,0.225
86.9,5.0,1.314,0.217
86.9,5.5,0.417,0.209
86.9,6.0,-0.481,0.201
86.9,6.5,-1.378,0.193
86.9,7.0,0.866,0.185
86.9,7.5,-0.096,0.176
86.9,8.0,-0.994,0.168
86.9,8.5,1.250,0.160
86.9,9.0,0.353,0.152
86.9,9.5,-0.545,0.144
86.9,10.1,-1.443,0.136
86.9,10.6,0.801,0.128
86.9,11.1,-0.096,0.119
86.9,11.6,-1.058,0.111
86.9,12.1,1.186,0.103
86.9,12.6,0.289,0.095
86.9,13.1,-0.609,0.087
86.9,13.6,-1.507,0.079
86.9,14.1,0.737,0.070
86.9,14.6,-0.224,0.062
86.9,15.1,-1.122,0.054
86.9,15.6,1.122,0.046
86.9,16.1,0.224,0.038
86.9,16.6,-0.673,0.029
86.9,17.1,1.571,0.021
86.9,17.6,0.609,0.013
86.9,18.1,-0.289,0.005
86.9,18.6,-1.186,0.003
86.9,19.1,1.058,0.011
86.9,19.6,0.096,0.020
86.9,20.1,-0.801,0.028
86.9,20.6,1.443,0.036
86.9,21.1,0.545,0.044
86.9,21.6,-0.417,0.052
86.9,22.1,-1.314,0.061
86.9,22.6,0.930,0.069
86.9,23.1,0.032,0.077
86.9,23.6,-0.930,0.085
86.9,24.1,1.314,0.093
86.9,24.6,0.417,0.101
86.9,25.1,-0.545,0.110
86.9,25.6,-1.443,0.118
86.9,26.1,0.801,0.126
86.9,26.6,-0.096,0.134
86.9,27.1,-1.058,0.142
86.9,27.6,1.186,0.150
86.9,28.1,0.289,0.158
86.9,28.6,-0.673,0.167
86.9,29.1,1.571,0.175
86.9,29.6,0.609,0.183
86.9,30.2,-0.289,0.191
86.9,30.7,-1.186,0.199
86.9,31.2,0.994,0.207
86.9,31.7,0.096,0.216
86.9,32.2,-0.801,0.224
86.9,32.7,1.378,0.232
86.9,33.2,0.481,0.240
86.9,33.7,-0.481,0.248
86.9,34.2,-1.378,0.256
86.9,34.7,0.866,0.264
86.9,35.2,-0.096,0.272
86.9,35.7,-0.994,0.281
86.9,36.2,1.186,0.289
86.9,36.7,0.289,0.297
86.9,37.2,-0.609,0.305
86.9,37.7,-1.571,0.313
86.9,38.2,0.673,0.321
86.9,38.7,-0.289,0.329
86.9,39.2,-1.186,0.337
86.9,39.7,0.994,0.345
86.9,40.2,0.096,0.353
86.9,40.7,-0.866,0.361
86.9,41.2,1.378,0.369
86.9,41.7,0.417,0.377
86.9,42.2,-0.481,0.385
86.9,42.7,-1.443,0.393
86.9,43.2,0.801,0.401
86.9,43.7,-0.160,0.409
86.9,44.2,-1.058,0.417
86.9,44.7,1.122,0.425
86.9,45.2,0.224,0.433
86.9,45.7,-0.737,0.441
86.9,46.2,1.507,0.449
86.9,46.7,0.545,0.457
86.9,47.2,-0.353,0.465
86.9,47.7,-1.314,0.473
86.9,48.2,0.866,0.481
86.9,48.7,-0.032,0.489
86.9,49.2,-0.994,0.497
86.9,49.7,1.250,0.505
86.9,50.3,0.289,0.513
86.9,50.8,-0.673,0.521
86.9,51.3,1.571,0.529
86.9,51.8,0.609,0.536
86.9,52.3,-0.289,0.544
86.9,52.8,-1.250,0.552
86.9,53.3,0.930,0.560
86.9,53.8,0.032,0.568
86.9,54.3,-0.930,0.576
86.9,54.8,1.250,0.583
86.9,55.3,0.353,0.591
86.9,55.8,-0.609,0.599
86.9,56.3,-1.507,0.607
86.9,56.8,0.673,0.615
86.9,57.3,-0.289,0.623
86.9,57.8,-1.186,0.630
86.9,58.3,0.994,0.638
86.9,58.8,0.032,0.646
86.9,59.3,-0.930,0.653
86.9,59.8,1.314,0.661
86.9,60.3,0.353,0.669
86.9,60.8,-0.609,0.677
86.9,61.3,-1.507,0.684
86.9,61.8,0.673,0.692
86.9,62.3,-0.289,0.700
86.9,62.8,-1.250,0.707
86.9,63.3,0.994,0.715
86.9,63.8,0.032,0.723
86.9,64.3,-0.930,0.730
86.9,64.8,1.250,0.738
86.9,65.3,0.353,0.745
86.9,65.8,-0.609,0.753
86.9,66.3,-1.571,0.761
86.9,66.8,0.609,0.768
86.9,67.3,-0.353,0.775
86.9,67.8,-1.250,0.783
86.9,68.3,0.930,0.791
86.9,68.8,-0.032,0.798
86.9,69.3,-0.994,0.806
86.9,69.8,1.186,0.813
86.9,70.4,0.289,0.821
86.9,70.9,-0.673,0.828
86.9,71.4,1.507,0.836
86.9,71.9,0.545,0.843
86.9,72.4,-0.417,0.850
86.9,72.9,-1.378,0.858
86.9,73.4,0.866,0.865
86.9,73.9,-0.096,0.872
86.9,74.4,-1.058,0.880
86.9,74.9,1.122,0.887
86.9,75.4,0.160,0.895
86.9,75.9,-0.801,0.902
86.9,76.4,1.378,0.909
86.9,76.9,0.417,0.916
86.9,77.4,-0.545,0.923
86.9,77.9,-1.443,0.931
86.9,78.4,0.737,0.938
86.9,78.9,-0.224,0.945
86.9,79.4,-1.186,0.953
86.9,79.9,0.994,0.960
86.9,80.4,0.032,0.967
86.9,80.9,-0.930,0.974
86.9,81.4,1.250,0.981
86.9,81.9,0.289,0.988
86.9,82.4,-0.673,0.995
86.9,82.9,1.507,1.003
86.9,83.4,0.545,1.010
86.9,83.9,-0.417,1.017
86.9,84.4,-1.378,1.024
86.9,84.9,0.801,1.031
86.9,85.4,-0.160,1.038
86.9,85.9,-1.122,1.045
86.9,86.4,1.058,1.052
86.9,86.9,0.096,1.059
86.9,87.4,-0.866,1.066
86.9,87.9,1.314,1.072
86.9,88.4,0.353,1.079
86.9,88.9,-0.609,1.086
86.9,89.4,1.571,1.093
86.9,89.9,0.609,1.100
86.9,90.5,-0.353,1.107
86.9,91.0,-1.314,1.113
86.9,91.5,0.866,1.120
86.9,92.0,-0.096,1.127
86.9,92.5,-1.122,1.133
86.9,93.0,1.058,1.140
86.9,93.5,0.096,1.147
86.9,94.0,-0.866,1.154
86.9,94.5,1.314,1.161
86.9,95.0,0.353,1.167
86.9,95.5,-0.609,1.174
86.9,96.0,1.571,1.180
86.9,96.5,0.609,1.187
86.9,97.0,-0.417,1.193
86.9,97.5,-1.378,1.200
86.9,98.0,0.801,1.207
86.9,98.5,-0.160,1.213
86.9,99.0,-1.122,1.220
86.9,99.5,1.058,1.226
86.9,100.0,0.096,1.232
87.4,0.0,-0.545,0.304
87.4,0.5,-1.443,0.296
87.4,1.0,0.801,0.288
87.4,1.5,-0.096,0.280
87.4,2.0,-0.994,0.271
87.4,2.5,1.250,0.263
87.4,3.0,0.353,0.255
87.4,3.5,-0.545,0.247
87.4,4.0,-1.443,0.239
87.4,4.5,0.737,0.231
87.4,5.0,-0.160,0.223
87.4,5.5,-1.058,0.215
87.4,6.0,1.186,0.206
87.4,6.5,0.289,0.198
87.4,7.0,-0.609,0.190
87.4,7.5,-1.507,0.182
87.4,8.0,0.737,0.174
87.4,8.5,-0.160,0.166
87.4,9.0,-1.058,0.158
87.4,9.5,1.186,0.149
87.4,10.1,0.224,0.141
87.4,10.6,-0.673,0.133
87.4,11.1,-1.571,0.125
87.4,11.6,0.673,0.117
87.4,12.1,-0.224,0.109
87.4,12.6,-1.122,0.100
87.4,13.1,1.122,0.092
87.4,13.6,0.160,0.084
87.4,14.1,-0.737,0.076
87.4,14.6,1.507,0.068
87.4,15.1,0.609,0.060
87.4,15.6,-0.289,0.051
87.4,16.1,-1.186,0.043
87.4,16.6,0.994,0.035
87.4,17.1,0.096,0.027
87.4,17.6,-0.801,0.019
87.4,18.1,1.443,0.010
87.4,18.6,0.545,0.002
87.4,19.1,-0.417,0.006
87.4,19.6,-1.314,0.014
87.4,20.1,0.930,0.022
87.4,20.6,0.032,0.030
87.4,21.1,-0.930,0.039
87.4,21.6,1.314,0.047
87.4,22.1,0.417,0.055
87.4,22.6,-0.481,0.063
87.4,23.1,-1.443,0.071
87.4,23.6,0.801,0.080
87.4,24.1,-0.096,0.088
87.4,24.6,-1.058,0.096
87.4,25.1,1.186,0.104
87.4,25.6,0.289,0.112
87.4,26.1,-0.609,0.120
87.4,26.6,-1.571,0.129
87.4,27.1,0.673,0.137
87.4,27.6,-0.224,0.145
87.4,28.1,-1.186,0.153
87.4,28.6,1.058,0.161
87.4,29.1,0.160,0.169
87.4,29.6,-0.801,0.178
87.4,30.2,1.443,0.186
87.4,30.7,0.545,0.194
87.4,31.2,-0.417,0.202
87.4,31.7,-1.314,0.210
87.4,32.2,0.866,0.218
87.4,32.7,-0.032,0.226
87.4,33.2,-0.930,0.234
87.4,33.7,1.250,0.243
87.4,34.2,0.353,0.251
87.4,34.7,-0.609,0.259
87.4,35.2,-1.507,0.267
87.4,35.7,0.737,0.275
87.4,36.2,-0.224,0.283
87.4,36.7,-1.122,0.291
87.4,37.2,1.058,0.299
87.4,37.7,0.160,0.307
87.4,38.2,-0.801,0.315
87.4,38.7,1.443,0.324
87.4,39.2,0.545,0.332
87.4,39.7,-0.417,0.340
87.4,40.2,-1.314,0.348
87.4,40.7,0.866,0.356
87.4,41.2,-0.032,0.364
87.4,41.7,-0.994,0.372
87.4,42.2,1.250,0.380
87.4,42.7,0.289,0.388
87.4,43.2,-0.609,0.396
87.4,43.7,-1.571,0.404
87.4,44.2,0.673,0.412
87.4,44.7,-0.289,0.420
87.4,45.2,-1.186,0.428
87.4,45.7,0.994,0.436
87.4,46.2,0.096,0.444
87.4,46.7,-0.866,0.452
87.4,47.2,1.314,0.460
87.4,47.7,0.417,0.468
87.4,48.2,-0.545,0.476
87.4,48.7,-1.443,0.484
87.4,49.2,0.737,0.492
87.4,49.7,-0.160,0.499
87.4,50.3,-1.122,0.508
87.4,50.8,1.058,0.515
87.4,51.3,0.160,0.523
87.4,51.8,-0.801,0.531
87.4,52.3,1.443,0.539
87.4,52.8,0.481,0.547
87.4,53.3,-0.481,0.555
87.4,53.8,-1.378,0.563
87.4,54.3,0.801,0.571
87.4,54.8,-0.160,0.578
87.4,55.3,-1.058,0.586
87.4,55.8,1.122,0.594
87.4,56.3,0.160,0.602
87.4,56.8,-0.737,0.610
87.4,57.3,1.443,0.617
87.4,57.8,0.481,0.625
87.4,58.3,-0.417,0.633
87.4,58.8,-1.378,0.641
87.4,59.3,0.801,0.648
87.4,59.8,-0.096,0.656
87.4,60.3,-1.058,0.664
87.4,60.8,1.122,0.672
87.4,61.3,0.224,0.679
87.4,61.8,-0.737,0.687
87.4,62.3,1.443,0.695
87.4,62.8,0.481,0.702
87.4,63.3,-0.417,0.710
87.4,63.8,-1.378,0.718
87.4,64.3,0.801,0.725
87.4,64.8,-0.160,0.733
87.4,65.3,-1.058,0.740
87.4,65.8,1.122,0.748
87.4,66.3,0.160,0.756
87.4,66.8,-0.801,0.763
87.4,67.3,1.443,0.770
87.4,67.8,0.481,0.778
87.4,68.3,-0.481,0.786
87.4,68.8,-1.443,0.793
87.4,69.3,0.737,0.801
87.4,69.8,-0.160,0.808
87.4,70.4,-1.122,0.816
87.4,70.9,1.058,0.823
87.4,71.4,0.096,0.831
87.4,71.9,-0.866,0.838
87.4,72.4,1.314,0.845
87.4,72.9,0.417,0.853
87.4,73.4,-0.545,0.860
87.4,73.9,-1.507,0.868
87.4,74.4,0.673,0.875
87.4,74.9,-0.289,0.882
87.4,75.4,-1.250,0.890
87.4,75.9,0.930,0.897
87.4,76.4,-0.032,0.904
87.4,76.9,-0.994,0.911
87.4,77.4,1.250,0.919
87.4,77.9,0.289,0.926
87.4,78.4,-0.673,0.933
87.4,78.9,1.507,0.941
87.4,79.4,0.545,0.948
87.4,79.9,-0.417,0.955
87.4,80.4,-1.378,0.962
87.4,80.9,0.801,0.969
87.4,81.4,-0.160,0.977
87.4,81.9,-1.122,0.984
87.4,82.4,1.058,0.991
87.4,82.9,0.096,0.998
87.4,83.4,-0.866,1.005
87.4,83.9,1.314,1.012
87.4,84.4,0.353,1.019
87.4,84.9,-0.609,1.026
87.4,85.4,-1.571,1.033
87.4,85.9,0.609,1.040
87.4,86.4,-0.353,1.047
87.4,86.9,-1.314,1.054
87.4,87.4,0.866,1.061
87.4,87.9,-0.096,1.068
87.4,88.4,-1.058,1.075
87.4,88.9,1.122,1.082
87.4,89.4,0.160,1.089
87.4,89.9,-0.801,1.095
87.4,90.5,1.378,1.102
87.4,91.0,0.417,1.109
87.4,91.5,-0.545,1.116
87.4,92.0,-1.507,1.123
87.4,92.5,0.673,1.129
87.4,93.0,-0.289,1.136
87.4,93.5,-1.250,1.142
87.4,94.0,0.866,1.149
87.4,94.5,-0.096,1.156
87.4,95.0,-1.058,1.163
87.4,95.5,1.122,1.169
87.4,96.0,0.160,1.176
87.4,96.5,-0.801,1.183
87.4,97.0,1.378,1.189
87.4,97.5,0.417,1.195
87.4,98.0,-0.609,1.202
87.4,98.5,-1.571,1.209
87.4,99.0,0.609,1.215
87.4,99.5,-0.353,1.222
87.4,100.0,-1.314,1.228
87.9,0.0,1.122,0.309
87.9,0.5,0.224,0.301
87.9,1.0,-0.673,0.293
87.9,1.5,-1.571,0.285
87.9,2.0,0.673,0.277
87.9,2.5,-0.224,0.269
87.9,3.0,-1.122,0.261
87.9,3.5,1.122,0.253
87.9,4.0,0.224,0.244
87.9,4.5,-0.673,0.236
87.9,5.0,1.571,0.228
87.9,5.5,0.673,0.220
87.9,6.0,-0.224,0.212
87.9,6.5,-1.122,0.204
87.9,7.0,1.122,0.196
87.9,7.5,0.224,0.187
87.9,8.0,-0.737,0.179
87.9,8.5,1.507,0.171
87.9,9.0,0.609,0.163
87.9,9.5,-0.289,0.155
87.9,10.1,-1.186,0.147
87.9,10.6,1.058,0.139
87.9,11.1,0.160,0.130
87.9,11.6,-0.737,0.122
87.9,12.1,1.507,0.114
87.9,12.6,0.545,0.106
87.9,13.1,-0.353,0.098
87.9,13.6,-1.250,0.090
87.9,14.1,0.994,0.081
87.9,14.6,0.096,0.073
87.9,15.1,-0.801,0.065
87.9,15.6,1.378,0.057
87.9,16.1,0.481,0.049
87.9,16.6,-0.417,0.040
87.9,17.1,-1.314,0.032
87.9,17.6,0.930,0.024
87.9,18.1,-0.032,0.016
87.9,18.6,-0.930,0.008
87.9,19.1,1.314,0.000
87.9,19.6,0.417,0.009
87.9,20.1,-0.481,0.017
87.9,20.6,-1.443,0.025
87.9,21.1,0.801,0.033
87.9,21.6,-0.096,0.041
87.9,22.1,-0.994,0.050
87.9,22.6,1.186,0.058
87.9,23.1,0.289,0.066
87.9,23.6,-0.609,0.074
87.9,24.1,-1.571,0.082
87.9,24.6,0.673,0.090
87.9,25.1,-0.224,0.099
87.9,25.6,-1.122,0.107
87.9,26.1,1.058,0.115
87.9,26.6,0.160,0.123
87.9,27.1,-0.737,0.131
87.9,27.6,1.443,0.139
87.9,28.1,0.545,0.148
87.9,28.6,-0.353,0.156
87.9,29.1,-1.314,0.164
87.9,29.6,0.930,0.172
87.9,30.2,0.032,0.180
87.9,30.7,-0.930,0.188
87.9,31.2,1.314,0.197
87.9,31.7,0.417,0.205
87.9,32.2,-0.545,0.213
87.9,32.7,-1.443,0.221
87.9,33.2,0.737,0.229
87.9,33.7,-0.160,0.237
87.9,34.2,-1.058,0.245
87.9,34.7,1.122,0.253
87.9,35.2,0.224,0.262
87.9,35.7,-0.737,0.270
87.9,36.2,1.507,0.278
87.9,36.7,0.609,0.286
87.9,37.2,-0.353,0.294
87.9,37.7,-1.250,0.302
87.9,38.2,0.930,0.310
87.9,38.7,0.032,0.318
87.9,39.2,-0.930,0.326
87.9,39.7,1.314,0.334
87.9,40.2,0.353,0.342
87.9,40.7,-0.545,0.350
87.9,41.2,-1.507,0.358
87.9,41.7,0.737,0.367
87.9,42.2,-0.160,0.374
87.9,42.7,-1.122,0.383
87.9,43.2,1.122,0.391
87.9,43.7,0.160,0.399
87.9,44.2,-0.801,0.407
87.9,44.7,1.443,0.415
87.9,45.2,0.481,0.423
87.9,45.7,-0.417,0.431
87.9,46.2,-1.378,0.439
87.9,46.7,0.866,0.447
87.9,47.2,-0.096,0.455
87.9,47.7,-0.994,0.463
87.9,48.2,1.186,0.471
87.9,48.7,0.289,0.478
87.9,49.2,-0.673,0.486
87.9,49.7,1.507,0.494
87.9,50.3,0.609,0.502
87.9,50.8,-0.353,0.510
87.9,51.3,-1.250,0.518
87.9,51.8,0.930,0.526
87.9,52.3,-0.032,0.534
87.9,52.8,-0.930,0.542
87.9,53.3,1.250,0.550
87.9,53.8,0.353,0.557
87.9,54.3,-0.609,0.565
87.9,54.8,-1.571,0.573
87.9,55.3,0.673,0.581
87.9,55.8,-0.289,0.589
87.9,56.3,-1.250,0.596
87.9,56.8,0.994,0.604
87.9,57.3,0.032,0.612
87.9,57.8,-0.930,0.620
87.9,58.3,1.314,0.628
87.9,58.8,0.353,0.636
87.9,59.3,-0.609,0.643
87.9,59.8,-1.507,0.651
87.9,60.3,0.673,0.659
87.9,60.8,-0.289,0.666
87.9,61.3,-1.186,0.674
87.9,61.8,0.994,0.682
87.9,62.3,0.032,0.690
87.9,62.8,-0.930,0.697
87.9,63.3,1.314,0.705
87.9,63.8,0.353,0.713
87.9,64.3,-0.609,0.720
87.9,64.8,-1.571,0.728
87.9,65.3,0.673,0.735
87.9,65.8,-0.289,0.743
87.9,66.3,-1.250,0.751
87.9,66.8,0.930,0.758
87.9,67.3,0.032,0.766
87.9,67.8,-0.930,0.773
87.9,68.3,1.250,0.781
87.9,68.8,0.289,0.788
87.9,69.3,-0.673,0.796
87.9,69.8,1.571,0.803
87.9,70.4,0.609,0.811
87.9,70.9,-0.353,0.818
87.9,71.4,-1.314,0.826
87.9,71.9,0.866,0.833
87.9,72.4,-0.096,0.840
87.9,72.9,-0.994,0.848
87.9,73.4,1.186,0.855
87.9,73.9,0.224,0.863
87.9,74.4,-0.737,0.870
87.9,74.9,1.443,0.878
87.9,75.4,0.481,0.885
87.9,75.9,-0.481,0.892
87.9,76.4,-1.443,0.899
87.9,76.9,0.801,0.907
87.9,77.4,-0.160,0.914
87.9,77.9,-1.122,0.921
87.9,78.4,1.058,0.929
87.9,78.9,0.096,0.936
87.9,79.4,-0.866,0.943
87.9,79.9,1.314,0.950
87.9,80.4,0.353,0.957
87.9,80.9,-0.609,0.965
87.9,81.4,-1.571,0.972
87.9,81.9,0.609,0.979
87.9,82.4,-0.353,0.986
87.9,82.9,-1.314,0.993
87.9,83.4,0.866,1.000
87.9,83.9,-0.096,1.007
87.9,84.4,-1.058,1.014
87.9,84.9,1.186,1.021
87.9,85.4,0.224,1.028
87.9,85.9,-0.737,1.035
87.9,86.4,1.443,1.042
87.9,86.9,0.417,1.049
87.9,87.4,-0.545,1.056
87.9,87.9,-1.507,1.063
87.9,88.4,0.673,1.070
87.9,88.9,-0.289,1.077
87.9,89.4,-1.250,1.084
87.9,89.9,0.930,1.091
87.9,90.5,-0.032,1.098
87.9,91.0,-0.994,1.104
87.9,91.5,1.186,1.111
87.9,92.0,0.224,1.118
87.9,92.5,-0.737,1.125
87.9,93.0,1.443,1.132
87.9,93.5,0.481,1.138
87.9,94.0,-0.481,1.145
87.9,94.5,-1.443,1.151
87.9,95.0,0.673,1.158
87.9,95.5,-0.289,1.165
87.9,96.0,-1.250,1.172
87.9,96.5,0.930,1.178
87.9,97.0,-0.032,1.185
87.9,97.5,-0.994,1.191
87.9,98.0,1.186,1.198
87.9,98.5,0.224,1.204
87.9,99.0,-0.801,1.211
87.9,99.5,1.378,1.217
87.9,100.0,0.417,1.224
88.4,0.0,-0.289,0.315
88.4,0.5,-1.186,0.307
88.4,1.0,1.058,0.299
88.4,1.5,0.160,0.290
88.4,2.0,-0.737,0.282
88.4,2.5,1.507,0.274
88.4,3.0,0.609,0.266
88.4,3.5,-0.289,0.258
88.4,4.0,-1.186,0.250
88.4,4.5,1.058,0.242
88.4,5.0,0.160,0.234
88.4,5.5,-0.801,0.225
88.4,6.0,1.443,0.217
88.4,6.5,0.545,0.209
88.4,7.0,-0.353,0.201
88.4,7.5,-1.250,0.193
88.4,8.0,0.994,0.185
88.4,8.5,0.096,0.177
88.4,9.0,-0.801,0.169
88.4,9.5,1.443,0.160
88.4,10.1,0.545,0.152
88.4,10.6,-0.353,0.144
88.4,11.1,-1.314,0.136
88.4,11.6,0.930,0.128
88.4,12.1,0.032,0.120
88.4,12.6,-0.866,0.111
88.4,13.1,1.378,0.103
88.4,13.6,0.481,0.095
88.4,14.1,-0.417,0.087
88.4,14.6,-1.378,0.079
88.4,15.1,0.866,0.070
88.4,15.6,-0.032,0.062
88.4,16.1,-0.930,0.054
88.4,16.6,1.314,0.046
88.4,17.1,0.353,0.038
88.4,17.6,-0.545,0.030
88.4,18.1,-1.443,0.021
88.4,18.6,0.801,0.013
88.4,19.1,-0.096,0.005
88.4,19.6,-1.058,0.003
88.4,20.1,1.186,0.011
88.4,20.6,0.289,0.020
88.4,21.1,-0.609,0.028
88.4,21.6,-1.571,0.036
88.4,22.1,0.673,0.044
88.4,22.6,-0.224,0.052
88.4,23.1,-1.122,0.060
88.4,23.6,1.058,0.069
88.4,24.1,0.160,0.077
88.4,24.6,-0.737,0.085
88.4,25.1,1.507,0.093
88.4,25.6,0.545,0.101
88.4,26.1,-0.353,0.109
88.4,26.6,-1.250,0.118
88.4,27.1,0.930,0.126
88.4,27.6,0.032,0.134
88.4,28.1,-0.866,0.142
88.4,28.6,1.314,0.150
88.4,29.1,0.417,0.158
88.4,29.6,-0.481,0.167
88.4,30.2,-1.443,0.175
88.4,30.7,0.801,0.183
88.4,31.2,-0.096,0.191
88.4,31.7,-1.058,0.199
88.4,32.2,1.186,0.207
88.4,32.7,0.289,0.215
88.4,33.2,-0.673,0.224
88.4,33.7,1.571,0.232
88.4,34.2,0.609,0.240
88.4,34.7,-0.289,0.248
88.4,35.2,-1.186,0.256
88.4,35.7,0.994,0.264
88.4,36.2,0.096,0.272
88.4,36.7,-0.866,0.280
88.4,37.2,1.378,0.289
88.4,37.7,0.481,0.297
88.4,38.2,-0.481,0.305
88.4,38.7,-1.378,0.313
88.4,39.2,0.801,0.321
88.4,39.7,-0.096,0.329
88.4,40.2,-1.058,0.337
88.4,40.7,1.186,0.345
88.4,41.2,0.224,0.353
88.4,41.7,-0.673,0.361
88.4,42.2,1.507,0.369
88.4,42.7,0.609,0.377
88.4,43.2,-0.353,0.385
88.4,43.7,-1.250,0.393
88.4,44.2,0.930,0.401
88.4,44.7,0.032,0.409
88.4,45.2,-0.930,0.417
88.4,45.7,1.314,0.425
88.4,46.2,0.353,0.433
88.4,46.7,-0.545,0.441
88.4,47.2,-1.507,0.449
88.4,47.7,0.737,0.457
88.4,48.2,-0.224,0.465
88.4,48.7,-1.122,0.473
88.4,49.2,1.058,0.481
88.4,49.7,0.096,0.489
88.4,50.3,-0.801,0.497
88.4,50.8,1.378,0.505
88.4,51.3,0.481,0.513
88.4,51.8,-0.481,0.521
88.4,52.3,-1.443,0.528
88.4,52.8,0.801,0.537
88.4,53.3,-0.160,0.544
88.4,53.8,-1.058,0.552
88.4,54.3,1.122,0.560
88.4,54.8,0.160,0.568
88.4,55.3,-0.737,0.576
88.4,55.8,1.443,0.584
88.4,56.3,0.481,0.591
88.4,56.8,-0.417,0.599
88.4,57.3,-1.378,0.607
88.4,57.8,0.801,0.615
88.4,58.3,-0.096,0.623
88.4,58.8,-1.058,0.630
88.4,59.3,1.122,0.638
88.4,59.8,0.224,0.646
88.4,60.3,-0.737,0.654
88.4,60.8,1.443,0.661
88.4,61.3,0.545,0.669
88.4,61.8,-0.417,0.677
88.4,62.3,-1.378,0.684
88.4,62.8,0.801,0.692
88.4,63.3,-0.096,0.700
88.4,63.8,-1.058,0.707
88.4,64.3,1.122,0.715
88.4,64.8,0.160,0.722
88.4,65.3,-0.737,0.730
88.4,65.8,1.443,0.738
88.4,66.3,0.481,0.746
88.4,66.8,-0.481,0.753
88.4,67.3,-1.378,0.761
88.4,67.8,0.801,0.768
88.4,68.3,-0.160,0.776
88.4,68.8,-1.122,0.783
88.4,69.3,1.058,0.791
88.4,69.8,0.160,0.798
88.4,70.4,-0.801,0.806
88.4,70.9,1.378,0.813
88.4,71.4,0.417,0.821
88.4,71.9,-0.545,0.828
88.4,72.4,-1.443,0.835
88.4,72.9,0.737,0.843
88.4,73.4,-0.224,0.851
88.4,73.9,-1.186,0.858
88.4,74.4,0.994,0.865
88.4,74.9,0.032,0.873
88.4,75.4,-0.930,0.880
88.4,75.9,1.250,0.887
88.4,76.4,0.353,0.894
88.4,76.9,-0.609,0.902
88.4,77.4,1.571,0.909
88.4,77.9,0.609,0.917
88.4,78.4,-0.353,0.924
88.4,78.9,-1.314,0.931
88.4,79.4,0.866,0.938
88.4,79.9,-0.096,0.945
88.4,80.4,-1.058,0.953
88.4,80.9,1.122,0.960
88.4,81.4,0.160,0.967
88.4,81.9,-0.801,0.974
88.4,82.4,1.443,0.981
88.4,82.9,0.481,0.988
88.4,83.4,-0.481,0.995
88.4,83.9,-1.443,1.002
88.4,84.4,0.737,1.009
88.4,84.9,-0.224,1.017
88.4,85.4,-1.186,1.024
88.4,85.9,0.994,1.031
88.4,86.4,0.032,1.038
88.4,86.9,-0.930,1.045
88.4,87.4,1.250,1.052
88.4,87.9,0.289,1.058
88.4,88.4,-0.673,1.065
88.4,88.9,1.507,1.072
88.4,89.4,0.545,1.079
88.4,89.9,-0.417,1.086
88.4,90.5,-1.443,1.093
88.4,91.0,0.737,1.100
88.4,91.5,-0.224,1.107
88.4,92.0,-1.186,1.113
88.4,92.5,0.994,1.120
88.4,93.0,0.032,1.127
88.4,93.5,-0.930,1.134
88.4,94.0,1.250,1.141
88.4,94.5,0.289,1.147
88.4,95.0,-0.673,1.154
88.4,95.5,1.507,1.160
88.4,96.0,0.545,1.167
88.4,96.5,-0.481,1.174
88.4,97.0,-1.443,1.180
88.4,97.5,0.737,1.187
88.4,98.0,-0.224,1.194
88.4,98.5,-1.186,1.200
88.4,99.0,0.994,1.207
88.4,99.5,0.032,1.213
88.4,100.0,-0.994,1.219
88.9,0.0,1.378,0.320
88.9,0.5,0.481,0.312
88.9,1.0,-0.417,0.304
88.9,1.5,-1.314,0.296
88.9,2.0,0.930,0.288
88.9,2.5,0.032,0.280
88.9,3.0,-0.866,0.272
88.9,3.5,1.378,0.264
88.9,4.0,0.481,0.255
88.9,4.5,-0.417,0.247
88.9,5.0,-1.314,0.239
88.9,5.5,0.930,0.231
88.9,6.0,0.032,0.223
88.9,6.5,-0.866,0.215
88.9,7.0,1.378,0.207
88.9,7.5,0.481,0.198
88.9,8.0,-0.417,0.190
88.9,8.5,-1.314,0.182
88.9,9.0,0.866,0.174
88.9,9.5,-0.032,0.166
88.9,10.1,-0.930,0.158
88.9,10.6,1.314,0.150
88.9,11.1,0.417,0.141
88.9,11.6,-0.481,0.133
88.9,12.1,-1.378,0.125
88.9,12.6,0.866,0.117
88.9,13.1,-0.096,0.109
88.9,13.6,-0.994,0.101
88.9,14.1,1.250,0.092
88.9,14.6,0.353,0.084
88.9,15.1,-0.545,0.076
88.9,15.6,-1.443,0.068
88.9,16.1,0.737,0.060
88.9,16.6,-0.160,0.051
88.9,17.1,-1.058,0.043
88.9,17.6,1.186,0.035
88.9,18.1,0.289,0.027
88.9,18.6,-0.609,0.019
88.9,19.1,-1.571,0.011
88.9,19.6,0.673,0.002
88.9,20.1,-0.224,0.006
88.9,20.6,-1.122,0.014
88.9,21.1,1.058,0.022
88.9,21.6,0.160,0.030
88.9,22.1,-0.737,0.039
88.9,22.6,1.507,0.047
88.9,23.1,0.545,0.055
88.9,23.6,-0.353,0.063
88.9,24.1,-1.250,0.071
88.9,24.6,0.994,0.079
88.9,25.1,0.032,0.088
88.9,25.6,-0.866,0.096
88.9,26.1,1.378,0.104
88.9,26.6,0.417,0.112
88.9,27.1,-0.481,0.120
88.9,27.6,-1.378,0.128
88.9,28.1,0.801,0.137
88.9,28.6,-0.096,0.145
88.9,29.1,-0.994,0.153
88.9,29.6,1.186,0.161
88.9,30.2,0.289,0.169
88.9,30.7,-0.609,0.177
88.9,31.2,-1.571,0.186
88.9,31.7,0.673,0.194
88.9,32.2,-0.224,0.202
88.9,32.7,-1.186,0.210
88.9,33.2,1.058,0.218
88.9,33.7,0.160,0.226
88.9,34.2,-0.801,0.234
88.9,34.7,1.443,0.243
88.9,35.2,0.481,0.251
88.9,35.7,-0.417,0.259
88.9,36.2,-1.314,0.267
88.9,36.7,0.866,0.275
88.9,37.2,-0.032,0.283
88.9,37.7,-0.994,0.291
88.9,38.2,1.250,0.299
88.9,38.7,0.289,0.307
88.9,39.2,-0.609,0.315
88.9,39.7,-1.507,0.323
88.9,40.2,0.673,0.332
88.9,40.7,-0.224,0.340
88.9,41.2,-1.186,0.348
88.9,41.7,1.058,0.356
88.9,42.2,0.096,0.364
88.9,42.7,-0.801,0.372
88.9,43.2,1.378,0.380
88.9,43.7,0.481,0.388
88.9,44.2,-0.481,0.396
88.9,44.7,-1.378,0.404
88.9,45.2,0.801,0.412
88.9,45.7,-0.096,0.420
88.9,46.2,-1.058,0.428
88.9,46.7,1.186,0.436
88.9,47.2,0.224,0.444
88.9,47.7,-0.673,0.452
88.9,48.2,1.507,0.460
88.9,48.7,0.545,0.468
88.9,49.2,-0.353,0.476
88.9,49.7,-1.314,0.484
88.9,50.3,0.930,0.492
88.9,50.8,-0.032,0.500
88.9,51.3,-0.930,0.507
88.9,51.8,1.250,0.515
88.9,52.3,0.289,0.523
88.9,52.8,-0.609,0.531
88.9,53.3,-1.571,0.539
88.9,53.8,0.673,0.547
88.9,54.3,-0.289,0.555
88.9,54.8,-1.250,0.563
88.9,55.3,0.994,0.570
88.9,55.8,0.032,0.578
88.9,56.3,-0.930,0.586
88.9,56.8,1.314,0.594
88.9,57.3,0.353,0.602
88.9,57.8,-0.609,0.610
88.9,58.3,-1.507,0.617
88.9,58.8,0.673,0.625
88.9,59.3,-0.289,0.633
88.9,59.8,-1.186,0.641
88.9,60.3,0.994,0.649
88.9,60.8,0.032,0.656
88.9,61.3,-0.866,0.664
88.9,61.8,1.314,0.672
88.9,62.3,0.353,0.679
88.9,62.8,-0.609,0.687
88.9,63.3,-1.507,0.695
88.9,63.8,0.673,0.702
88.9,64.3,-0.289,0.710
88.9,64.8,-1.250,0.717
88.9,65.3,0.994,0.725
88.9,65.8,0.032,0.733
88.9,66.3,-0.930,0.740
88.9,66.8,1.250,0.748
88.9,67.3,0.353,0.756
88.9,67.8,-0.609,0.763
88.9,68.3,-1.571,0.771
88.9,68.8,0.609,0.778
88.9,69.3,-0.289,0.786
88.9,69.8,-1.250,0.793
88.9,70.4,0.930,0.801
88.9,70.9,-0.032,0.808
88.9,71.4,-0.994,0.816
88.9,71.9,1.186,0.823
88.9,72.4,0.289,0.831
88.9,72.9,-0.673,0.838
88.9,73.4,1.507,0.846
88.9,73.9,0.545,0.853
88.9,74.4,-0.417,0.860
88.9,74.9,-1.378,0.868
88.9,75.4,0.801,0.875
88.9,75.9,-0.096,0.882
88.9,76.4,-1.058,0.890
88.9,76.9,1.122,0.897
88.9,77.4,0.160,0.904
88.9,77.9,-0.801,0.912
88.9,78.4,1.378,0.919
88.9,78.9,0.417,0.926
88.9,79.4,-0.545,0.933
88.9,79.9,-1.507,0.940
88.9,80.4,0.673,0.948
88.9,80.9,-0.224,0.955
88.9,81.4,-1.186,0.962
88.9,81.9,0.994,0.969
88.9,82.4,0.032,0.976
88.9,82.9,-0.930,0.984
88.9,83.4,1.250,0.991
88.9,83.9,0.289,0.998
88.9,84.4,-0.673,1.005
88.9,84.9,1.507,1.012
88.9,85.4,0.545,1.019
88.9,85.9,-0.417,1.026
88.9,86.4,-1.378,1.033
88.9,86.9,0.801,1.040
88.9,87.4,-0.160,1.047
88.9,87.9,-1.122,1.054
88.9,88.4,1.058,1.061
88.9,88.9,0.096,1.068
88.9,89.4,-0.866,1.075
88.9,89.9,1.314,1.082
88.9,90.5,0.353,1.088
88.9,91.0,-0.609,1.095
88.9,91.5,1.571,1.102
88.9,92.0,0.609,1.109
88.9,92.5,-0.417,1.115
88.9,93.0,-1.378,1.122
88.9,93.5,0.801,1.129
88.9,94.0,-0.160,1.136
88.9,94.5,-1.122,1.143
88.9,95.0,1.058,1.150
88.9,95.5,0.096,1.156
88.9,96.0,-0.866,1.163
88.9,96.5,1.314,1.169
88.9,97.0,0.353,1.176
88.9,97.5,-0.673,1.182
88.9,98.0,1.507,1.189
88.9,98.5,0.545,1.196
88.9,99.0,-0.417,1.202
88.9,99.5,-1.378,1.209
88.9,100.0,0.801,1.215
89.4,0.0,-0.032,0.326
89.4,0.5,-0.930,0.318
89.4,1.0,1.314,0.309
89.4,1.5,0.417,0.301
89.4,2.0,-0.481,0.293
89.4,2.5,-1.378,0.285
89.4,3.0,0.866,0.277
89.4,3.5,-0.032,0.269
89.4,4.0,-0.930,0.261
89.4,4.5,1.314,0.253
89.4,5.0,0.417,0.245
89.4,5.5,-0.481,0.236
89.4,6.0,-1.378,0.228
89.4,6.5,0.801,0.220
89.4,7.0,-0.096,0.212
89.4,7.5,-0.994,0.204
89.4,8.0,1.250,0.196
89.4,8.5,0.353,0.188
89.4,9.0,-0.545,0.180
89.4,9.5,-1.443,0.171
89.4,10.1,0.801,0.163
89.4,10.6,-0.096,0.155
89.4,11.1,-0.994,0.147
89.4,11.6,1.186,0.139
89.4,12.1,0.289,0.131
89.4,12.6,-0.609,0.122
89.4,13.1,-1.507,0.114
89.4,13.6,0.737,0.106
89.4,14.1,-0.160,0.098
89.4,14.6,-1.058,0.090
89.4,15.1,1.122,0.081
89.4,15.6,0.224,0.073
89.4,16.1,-0.673,0.065
89.4,16.6,1.571,0.057
89.4,17.1,0.673,0.049
89.4,17.6,-0.224,0.041
89.4,18.1,-1.186,0.032
89.4,18.6,1.058,0.024
89.4,19.1,0.160,0.016
89.4,19.6,-0.737,0.008
89.4,20.1,1.507,0.000
89.4,20.6,0.545,0.009
89.4,21.1,-0.353,0.017
89.4,21.6,-1.250,0.025
89.4,22.1,0.994,0.033
89.4,22.6,0.032,0.041
89.4,23.1,-0.866,0.049
89.4,23.6,1.378,0.058
89.4,24.1,0.481,0.066
89.4,24.6,-0.481,0.074
89.4,25.1,-1.378,0.082
89.4,25.6,0.866,0.090
89.4,26.1,-0.096,0.098
89.4,26.6,-0.994,0.107
89.4,27.1,1.250,0.115
89.4,27.6,0.353,0.123
89.4,28.1,-0.609,0.131
89.4,28.6,-1.507,0.139
89.4,29.1,0.737,0.147
89.4,29.6,-0.224,0.156
89.4,30.2,-1.122,0.164
89.4,30.7,1.122,0.172
89.4,31.2,0.160,0.180
89.4,31.7,-0.737,0.188
89.4,32.2,1.443,0.196
89.4,32.7,0.545,0.205
89.4,33.2,-0.353,0.213
89.4,33.7,-1.314,0.221
89.4,34.2,0.930,0.229
89.4,34.7,0.032,0.237
89.4,35.2,-0.930,0.245
89.4,35.7,1.314,0.253
89.4,36.2,0.353,0.261
89.4,36.7,-0.545,0.270
89.4,37.2,-1.443,0.278
89.4,37.7,0.737,0.286
89.4,38.2,-0.160,0.294
89.4,38.7,-1.122,0.302
89.4,39.2,1.122,0.310
89.4,39.7,0.160,0.318
89.4,40.2,-0.737,0.326
89.4,40.7,1.443,0.334
89.4,41.2,0.545,0.342
89.4,41.7,-0.353,0.350
89.4,42.2,-1.314,0.358
89.4,42.7,0.930,0.366
89.4,43.2,-0.032,0.375
89.4,43.7,-0.930,0.382
89.4,44.2,1.250,0.391
89.4,44.7,0.353,0.399
89.4,45.2,-0.609,0.407
89.4,45.7,-1.507,0.415
89.4,46.2,0.673,0.423
89.4,46.7,-0.289,0.430
89.4,47.2,-1.186,0.439
89.4,47.7,0.994,0.447
89.4,48.2,0.096,0.455
89.4,48.7,-0.866,0.463
89.4,49.2,1.378,0.470
89.4,49.7,0.417,0.478
89.4,50.3,-0.481,0.486
89.4,50.8,-1.443,0.494
89.4,51.3,0.737,0.502
89.4,51.8,-0.160,0.510
89.4,52.3,-1.122,0.518
89.4,52.8,1.122,0.526
89.4,53.3,0.160,0.534
89.4,53.8,-0.801,0.542
89.4,54.3,1.443,0.550
89.4,54.8,0.481,0.557
89.4,55.3,-0.417,0.565
89.4,55.8,-1.378,0.573
89.4,56.3,0.801,0.581
89.4,56.8,-0.096,0.589
89.4,57.3,-1.058,0.597
89.4,57.8,1.122,0.604
89.4,58.3,0.224,0.612
89.4,58.8,-0.737,0.620
89.4,59.3,1.443,0.628
89.4,59.8,0.545,0.635
89.4,60.3,-0.417,0.643
89.4,60.8,-1.378,0.651
89.4,61.3,0.866,0.659
89.4,61.8,-0.096,0.667
89.4,62.3,-1.058,0.674
89.4,62.8,1.122,0.682
89.4,63.3,0.224,0.689
89.4,63.8,-0.737,0.697
89.4,64.3,1.443,0.705
89.4,64.8,0.481,0.712
89.4,65.3,-0.417,0.720
89.4,65.8,-1.378,0.728
89.4,66.3,0.801,0.735
89.4,66.8,-0.160,0.743
89.4,67.3,-1.058,0.751
89.4,67.8,1.122,0.758
89.4,68.3,0.160,0.766
89.4,68.8,-0.801,0.773
89.4,69.3,1.443,0.781
89.4,69.8,0.481,0.788
89.4,70.4,-0.481,0.796
89.4,70.9,-1.443,0.803
89.4,71.4,0.737,0.811
89.4,71.9,-0.160,0.818
89.4,72.4,-1.122,0.826
89.4,72.9,1.058,0.833
89.4,73.4,0.096,0.841
89.4,73.9,-0.866,0.848
89.4,74.4,1.314,0.855
89.4,74.9,0.353,0.863
89.4,75.4,-0.545,0.870
89.4,75.9,-1.507,0.877
89.4,76.4,0.673,0.885
89.4,76.9,-0.289,0.892
89.4,77.4,-1.250,0.900
89.4,77.9,0.930,0.907
89.4,78.4,-0.032,0.914
89.4,78.9,-0.994,0.921
89.4,79.4,1.186,0.928
89.4,79.9,0.289,0.936
89.4,80.4,-0.673,0.943
89.4,80.9,1.507,0.950
89.4,81.4,0.545,0.957
89.4,81.9,-0.417,0.965
89.4,82.4,-1.378,0.972
89.4,82.9,0.801,0.979
89.4,83.4,-0.160,0.986
89.4,83.9,-1.122,0.993
89.4,84.4,1.058,1.000
89.4,84.9,0.096,1.007
89.4,85.4,-0.866,1.014
89.4,85.9,1.314,1.022
89.4,86.4,0.353,1.029
89.4,86.9,-0.609,1.036
89.4,87.4,-1.571,1.043
89.4,87.9,0.609,1.049
89.4,88.4,-0.353,1.056
89.4,88.9,-1.314,1.063
89.4,89.4,0.866,1.070
89.4,89.9,-0.096,1.077
89.4,90.5,-1.058,1.084
89.4,91.0,1.122,1.091
89.4,91.5,0.160,1.098
89.4,92.0,-0.801,1.104
89.4,92.5,1.378,1.111
89.4,93.0,0.417,1.118
89.4,93.5,-0.545,1.124
89.4,94.0,-1.571,1.131
89.4,94.5,0.609,1.138
89.4,95.0,-0.353,1.145
89.4,95.5,-1.314,1.152
89.4,96.0,0.866,1.159
89.4,96.5,-0.096,1.165
89.4,97.0,-1.058,1.172
89.4,97.5,1.122,1.178
89.4,98.0,0.160,1.185
89.4,98.5,-0.866,1.191
89.4,99.0,1.314,1.198
89.4,99.5,0.353,1.205
89.4,100.0,-0.609,1.211
89.9,0.0,-1.507,0.331
89.9,0.5,0.737,0.323
89.9,1.0,-0.160,0.315
89.9,1.5,-1.058,0.307
89.9,2.0,1.186,0.299
89.9,2.5,0.289,0.291
89.9,3.0,-0.609,0.283
89.9,3.5,-1.507,0.274
89.9,4.0,0.737,0.266
89.9,4.5,-0.160,0.258
89.9,5.0,-1.058,0.250
89.9,5.5,1.186,0.242
89.9,6.0,0.289,0.234
89.9,6.5,-0.609,0.226
89.9,7.0,-1.507,0.218
89.9,7.5,0.737,0.209
89.9,8.0,-0.160,0.201
89.9,8.5,-1.058,0.193
89.9,9.0,1.186,0.185
89.9,9.5,0.289,0.177
89.9,10.1,-0.673,0.169
89.9,10.6,-1.571,0.161
89.9,11.1,0.673,0.152
89.9,11.6,-0.224,0.144
89.9,12.1,-1.122,0.136
89.9,12.6,1.122,0.128
89.9,13.1,0.224,0.120
89.9,13.6,-0.673,0.111
89.9,14.1,1.507,0.103
89.9,14.6,0.609,0.095
89.9,15.1,-0.289,0.087
89.9,15.6,-1.186,0.079
89.9,16.1,1.058,0.071
89.9,16.6,0.160,0.062
89.9,17.1,-0.801,0.054
89.9,17.6,1.443,0.046
89.9,18.1,0.545,0.038
89.9,18.6,-0.353,0.030
89.9,19.1,-1.250,0.022
89.9,19.6,0.930,0.013
89.9,20.1,0.032,0.005
89.9,20.6,-0.866,0.003
89.9,21.1,1.378,0.011
89.9,21.6,0.481,0.019
89.9,22.1,-0.481,0.028
89.9,22.6,-1.378,0.036
89.9,23.1,0.866,0.044
89.9,23.6,-0.032,0.052
89.9,24.1,-0.994,0.060
89.9,24.6,1.250,0.068
89.9,25.1,0.353,0.077
89.9,25.6,-0.609,0.085
89.9,26.1,-1.507,0.093
89.9,26.6,0.737,0.101
89.9,27.1,-0.160,0.109
89.9,27.6,-1.122,0.118
89.9,28.1,1.122,0.126
89.9,28.6,0.224,0.134
89.9,29.1,-0.737,0.142
89.9,29.6,1.507,0.150
89.9,30.2,0.609,0.158
89.9,30.7,-0.353,0.167
89.9,31.2,-1.250,0.175
89.9,31.7,0.994,0.183
89.9,32.2,0.032,0.191
89.9,32.7,-0.866,0.199
89.9,33.2,1.378,0.207
89.9,33.7,0.417,0.215
89.9,34.2,-0.481,0.224
89.9,34.7,-1.443,0.232
89.9,35.2,0.801,0.240
89.9,35.7,-0.096,0.248
89.9,36.2,-1.058,0.256
89.9,36.7,1.186,0.264
89.9,37.2,0.224,0.272
89.9,37.7,-0.673,0.280
89.9,38.2,1.571,0.288
89.9,38.7,0.609,0.297
89.9,39.2,-0.289,0.305
89.9,39.7,-1.250,0.313
89.9,40.2,0.994,0.321
89.9,40.7,0.032,0.329
89.9,41.2,-0.866,0.337
89.9,41.7,1.314,0.345
89.9,42.2,0.417,0.353
89.9,42.7,-0.545,0.361
89.9,43.2,-1.443,0.369
89.9,43.7,0.737,0.377
89.9,44.2,-0.160,0.385
89.9,44.7,-1.122,0.393
89.9,45.2,1.122,0.401
89.9,45.7,0.160,0.409
89.9,46.2,-0.737,0.417
89.9,46.7,1.443,0.425
89.9,47.2,0.545,0.433
89.9,47.7,-0.417,0.441
89.9,48.2,-1.314,0.449
89.9,48.7,0.866,0.457
89.9,49.2,-0.032,0.465
89.9,49.7,-0.994,0.473
89.9,50.3,1.250,0.481
89.9,50.8,0.289,0.489
89.9,51.3,-0.673,0.497
89.9,51.8,1.571,0.505
89.9,52.3,0.609,0.513
89.9,52.8,-0.289,0.521
89.9,53.3,-1.250,0.529
89.9,53.8,0.930,0.536
89.9,54.3,0.032,0.544
89.9,54.8,-0.930,0.552
89.9,55.3,1.314,0.560
89.9,55.8,0.353,0.568
89.9,56.3,-0.609,0.576
89.9,56.8,-1.507,0.583
89.9,57.3,0.673,0.591
89.9,57.8,-0.289,0.599
89.9,58.3,-1.186,0.607
89.9,58.8,0.994,0.615
89.9,59.3,0.032,0.623
89.9,59.8,-0.866,0.630
89.9,60.3,1.314,0.638
89.9,60.8,0.353,0.646
89.9,61.3,-0.545,0.653
89.9,61.8,-1.507,0.661
89.9,62.3,0.673,0.669
89.9,62.8,-0.289,0.677
89.9,63.3,-1.186,0.684
89.9,63.8,0.994,0.692
89.9,64.3,0.032,0.700
89.9,64.8,-0.866,0.707
89.9,65.3,1.314,0.715
89.9,65.8,0.353,0.723
89.9,66.3,-0.609,0.730
89.9,66.8,-1.507,0.738
89.9,67.3,0.673,0.746
89.9,67.8,-0.289,0.753
89.9,68.3,-1.250,0.761
89.9,68.8,0.930,0.768
89.9,69.3,0.032,0.776
89.9,69.8,-0.930,0.783
89.9,70.4,1.250,0.791
89.9,70.9,0.289,0.798
89.9,71.4,-0.673,0.806
89.9,71.9,1.571,0.813
89.9,72.4,0.609,0.821
89.9,72.9,-0.353,0.828
89.9,73.4,-1.314,0.836
89.9,73.9,0.866,0.843
89.9,74.4,-0.096,0.850
89.9,74.9,-0.994,0.858
89.9,75.4,1.186,0.865
89.9,75.9,0.224,0.873
89.9,76.4,-0.737,0.880
89.9,76.9,1.443,0.887
89.9,77.4,0.481,0.895
89.9,77.9,-0.481,0.902
89.9,78.4,-1.443,0.909
89.9,78.9,0.737,0.916
89.9,79.4,-0.160,0.924
89.9,79.9,-1.122,0.931
89.9,80.4,1.058,0.938
89.9,80.9,0.096,0.946
89.9,81.4,-0.866,0.953
89.9,81.9,1.314,0.960
89.9,82.4,0.353,0.967
89.9,82.9,-0.609,0.974
89.9,83.4,-1.571,0.981
89.9,83.9,0.609,0.989
89.9,84.4,-0.353,0.996
89.9,84.9,-1.314,1.003
89.9,85.4,0.866,1.010
89.9,85.9,-0.096,1.017
89.9,86.4,-1.058,1.024
89.9,86.9,1.122,1.031
89.9,87.4,0.160,1.038
89.9,87.9,-0.801,1.045
89.9,88.4,1.378,1.052
89.9,88.9,0.417,1.059
89.9,89.4,-0.545,1.066
89.9,89.9,-1.507,1.073
89.9,90.5,0.673,1.079
89.9,91.0,-0.289,1.086
89.9,91.5,-1.250,1.093
89.9,92.0,0.930,1.100
89.9,92.5,-0.032,1.107
89.9,93.0,-0.994,1.114
89.9,93.5,1.186,1.120
89.9,94.0,0.224,1.127
89.9,94.5,-0.737,1.134
89.9,95.0,1.443,1.140
89.9,95.5,0.417,1.147
89.9,96.0,-0.545,1.154
89.9,96.5,-1.507,1.161
89.9,97.0,0.673,1.167
89.9,97.5,-0.289,1.174
89.9,98.0,-1.250,1.181
89.9,98.5,0.930,1.187
89.9,99.0,-0.032,1.193
89.9,99.5,-1.058,1.200
89.9,100.0,1.122,1.207
90.5,0.0,0.224,0.337
90.5,0.5,-0.673,0.328
90.5,1.0,1.571,0.320
90.5,1.5,0.673,0.312
90.5,2.0,-0.224,0.304
90.5,2.5,-1.122,0.296
90.5,3.0,1.122,0.288
90.5,3.5,0.224,0.280
90.5,4.0,-0.673,0.272
90.5,4.5,1.571,0.264
90.5,5.0,0.673,0.256
90.5,5.5,-0.224,0.247
90.5,6.0,-1.122,0.239
90.5,6.5,1.122,0.231
90.5,7.0,0.160,0.223
90.5,7.5,-0.737,0.215
90.5,8.0,1.507,0.207
90.5,8.5,0.609,0.199
90.5,9.0,-0.289,0.190
90.5,9.5,-1.186,0.182
90.5,10.1,1.058,0.174
90.5,10.6,0.160,0.166
90.5,11.1,-0.737,0.158
90.5,11.6,1.507,0.150
90.5,12.1,0.609,0.141
90.5,12.6,-0.353,0.133
90.5,13.1,-1.250,0.125
90.5,13.6,0.994,0.117
90.5,14.1,0.096,0.109
90.5,14.6,-0.801,0.101
90.5,15.1,1.443,0.092
90.5,15.6,0.545,0.084
90.5,16.1,-0.417,0.076
90.5,16.6,-1.314,0.068
90.5,17.1,0.930,0.060
90.5,17.6,0.032,0.052
90.5,18.1,-0.866,0.043
90.5,18.6,1.314,0.035
90.5,19.1,0.417,0.027
90.5,19.6,-0.481,0.019
90.5,20.1,-1.378,0.011
90.5,20.6,0.866,0.002
90.5,21.1,-0.096,0.006
90.5,21.6,-0.994,0.014
90.5,22.1,1.250,0.022
90.5,22.6,0.353,0.030
90.5,23.1,-0.609,0.038
90.5,23.6,-1.507,0.047
90.5,24.1,0.737,0.055
90.5,24.6,-0.160,0.063
90.5,25.1,-1.122,0.071
90.5,25.6,1.122,0.079
90.5,26.1,0.224,0.088
90.5,26.6,-0.673,0.096
90.5,27.1,1.507,0.104
90.5,27.6,0.609,0.112
90.5,28.1,-0.289,0.120
90.5,28.6,-1.250,0.128
90.5,29.1,0.994,0.137
90.5,29.6,0.096,0.145
90.5,30.2,-0.866,0.153
90.5,30.7,1.378,0.161
90.5,31.2,0.481,0.169
90.5,31.7,-0.481,0.177
90.5,32.2,-1.378,0.186
90.5,32.7,0.866,0.194
90.5,33.2,-0.096,0.202
90.5,33.7,-0.994,0.210
90.5,34.2,1.250,0.218
90.5,34.7,0.289,0.226
90.5,35.2,-0.609,0.234
90.5,35.7,-1.571,0.242
90.5,36.2,0.673,0.251
90.5,36.7,-0.224,0.259
90.5,37.2,-1.186,0.267
90.5,37.7,1.058,0.275
90.5,38.2,0.096,0.283
90.5,38.7,-0.801,0.291
90.5,39.2,1.378,0.299
90.5,39.7,0.481,0.307
90.5,40.2,-0.417,0.315
90.5,40.7,-1.378,0.324
90.5,41.2,0.866,0.331
90.5,41.7,-0.096,0.340
90.5,42.2,-0.994,0.348
90.5,42.7,1.186,0.356
90.5,43.2,0.289,0.364
90.5,43.7,-0.673,0.372
90.5,44.2,1.571,0.380
90.5,44.7,0.609,0.388
90.5,45.2,-0.289,0.396
90.5,45.7,-1.250,0.404
90.5,46.2,0.994,0.412
90.5,46.7,0.032,0.420
90.5,47.2,-0.866,0.428
90.5,47.7,1.314,0.436
90.5,48.2,0.417,0.444
90.5,48.7,-0.545,0.452
90.5,49.2,-1.443,0.460
90.5,49.7,0.737,0.468
90.5,50.3,-0.224,0.476
90.5,50.8,-1.122,0.484
90.5,51.3,1.058,0.492
90.5,51.8,0.160,0.500
90.5,52.3,-0.801,0.508
90.5,52.8,1.378,0.515
90.5,53.3,0.481,0.523
90.5,53.8,-0.481,0.531
90.5,54.3,-1.378,0.539
90.5,54.8,0.801,0.547
90.5,55.3,-0.160,0.555
90.5,55.8,-1.058,0.563
90.5,56.3,1.122,0.571
90.5,56.8,0.224,0.578
90.5,57.3,-0.737,0.586
90.5,57.8,1.443,0.594
90.5,58.3,0.545,0.602
90.5,58.8,-0.417,0.610
90.5,59.3,-1.378,0.617
90.5,59.8,0.866,0.625
90.5,60.3,-0.096,0.633
90.5,60.8,-1.058,0.641
90.5,61.3,1.186,0.648
90.5,61.8,0.224,0.656
90.5,62.3,-0.737,0.664
90.5,62.8,1.443,0.671
90.5,63.3,0.545,0.679
90.5,63.8,-0.417,0.687
90.5,64.3,-1.378,0.695
90.5,64.8,0.866,0.702
90.5,65.3,-0.096,0.710
90.5,65.8,-1.058,0.718
90.5,66.3,1.122,0.725
90.5,66.8,0.224,0.733
90.5,67.3,-0.737,0.740
90.5,67.8,1.443,0.748
90.5,68.3,0.481,0.756
90.5,68.8,-0.481,0.763
90.5,69.3,-1.378,0.771
90.5,69.8,0.801,0.778
90.5,70.4,-0.160,0.786
90.5,70.9,-1.122,0.793
90.5,71.4,1.058,0.801
90.5,71.9,0.160,0.808
90.5,72.4,-0.801,0.816
90.5,72.9,1.378,0.823
90.5,73.4,0.417,0.831
90.5,73.9,-0.545,0.838
90.5,74.4,-1.507,0.845
90.5,74.9,0.737,0.853
90.5,75.4,-0.224,0.860
90.5,75.9,-1.186,0.868
90.5,76.4,0.994,0.875
90.5,76.9,0.032,0.883
90.5,77.4,-0.930,0.890
90.5,77.9,1.250,0.897
90.5,78.4,0.289,0.904
90.5,78.9,-0.609,0.912
90.5,79.4,1.571,0.919
90.5,79.9,0.609,0.926
90.5,80.4,-0.353,0.934
90.5,80.9,-1.314,0.941
90.5,81.4,0.866,0.948
90.5,81.9,-0.096,0.955
90.5,82.4,-1.058,0.962
90.5,82.9,1.122,0.969
90.5,83.4,0.160,0.977
90.5,83.9,-0.801,0.984
90.5,84.4,1.378,0.991
90.5,84.9,0.417,0.998
90.5,85.4,-0.545,1.005
90.5,85.9,-1.507,1.012
90.5,86.4,0.673,1.019
90.5,86.9,-0.289,1.026
90.5,87.4,-1.250,1.033
90.5,87.9,0.930,1.040
90.5,88.4,-0.032,1.047
90.5,88.9,-0.994,1.054
90.5,89.4,1.186,1.061
90.5,89.9,0.224,1.068
90.5,90.5,-0.737,1.075
90.5,91.0,1.443,1.082
90.5,91.5,0.481,1.089
90.5,92.0,-0.481,1.095
90.5,92.5,-1.443,1.102
90.5,93.0,0.737,1.109
90.5,93.5,-0.224,1.116
90.5,94.0,-1.186,1.123
90.5,94.5,0.994,1.129
90.5,95.0,0.032,1.136
90.5,95.5,-0.930,1.143
90.5,96.0,1.250,1.149
90.5,96.5,0.224,1.156
90.5,97.0,-0.737,1.163
90.5,97.5,1.443,1.170
90.5,98.0,0.481,1.176
90.5,98.5,-0.481,1.183
90.5,99.0,-1.443,1.189
90.5,99.5,0.737,1.196
90.5,100.0,-0.224,1.202
91.0,0.0,-1.250,0.342
91.0,0.5,0.994,0.334
91.0,1.0,0.096,0.326
91.0,1.5,-0.801,0.318
91.0,2.0,1.443,0.310
91.0,2.5,0.545,0.302
91.0,3.0,-0.353,0.293
91.0,3.5,-1.250,0.285
91.0,4.0,0.994,0.277
91.0,4.5,0.096,0.269
91.0,5.0,-0.801,0.261
91.0,5.5,1.443,0.253
91.0,6.0,0.545,0.245
91.0,6.5,-0.353,0.237
91.0,7.0,-1.250,0.229
91.0,7.5,0.994,0.220
91.0,8.0,0.096,0.212
91.0,8.5,-0.801,0.204
91.0,9.0,1.443,0.196
91.0,9.5,0.545,0.188
91.0,10.1,-0.353,0.180
91.0,10.6,-1.314,0.171
91.0,11.1,0.930,0.163
91.0,11.6,0.032,0.155
91.0,12.1,-0.866,0.147
91.0,12.6,1.378,0.139
91.0,13.1,0.481,0.131
91.0,13.6,-0.417,0.123
91.0,14.1,-1.314,0.114
91.0,14.6,0.866,0.106
91.0,15.1,-0.032,0.098
91.0,15.6,-0.930,0.090
91.0,16.1,1.314,0.082
91.0,16.6,0.417,0.073
91.0,17.1,-0.481,0.065
91.0,17.6,-1.443,0.057
91.0,18.1,0.801,0.049
91.0,18.6,-0.096,0.041
91.0,19.1,-0.994,0.033
91.0,19.6,1.250,0.024
91.0,20.1,0.353,0.016
91.0,20.6,-0.609,0.008
91.0,21.1,-1.507,0.000
91.0,21.6,0.737,0.008
91.0,22.1,-0.160,0.017
91.0,22.6,-1.122,0.025
91.0,23.1,1.122,0.033
91.0,23.6,0.224,0.041
91.0,24.1,-0.673,0.049
91.0,24.6,1.507,0.057
91.0,25.1,0.609,0.066
91.0,25.6,-0.289,0.074
91.0,26.1,-1.186,0.082
91.0,26.6,0.994,0.090
91.0,27.1,0.096,0.098
91.0,27.6,-0.801,0.107
91.0,28.1,1.378,0.115
91.0,28.6,0.481,0.123
91.0,29.1,-0.417,0.131
91.0,29.6,-1.378,0.139
91.0,30.2,0.866,0.147
91.0,30.7,-0.032,0.156
91.0,31.2,-0.994,0.164
91.0,31.7,1.250,0.172
91.0,32.2,0.353,0.180
91.0,32.7,-0.609,0.188
91.0,33.2,-1.507,0.196
91.0,33.7,0.737,0.204
91.0,34.2,-0.224,0.213
91.0,34.7,-1.122,0.221
91.0,35.2,1.122,0.229
91.0,35.7,0.160,0.237
91.0,36.2,-0.737,0.245
91.0,36.7,1.443,0.253
91.0,37.2,0.545,0.261
91.0,37.7,-0.353,0.269
91.0,38.2,-1.314,0.278
91.0,38.7,0.930,0.286
91.0,39.2,-0.032,0.294
91.0,39.7,-0.930,0.302
91.0,40.2,1.250,0.310
91.0,40.7,0.353,0.318
91.0,41.2,-0.609,0.326
91.0,41.7,-1.507,0.334
91.0,42.2,0.737,0.342
91.0,42.7,-0.224,0.350
91.0,43.2,-1.122,0.358
91.0,43.7,1.058,0.366
91.0,44.2,0.160,0.374
91.0,44.7,-0.801,0.383
91.0,45.2,1.443,0.390
91.0,45.7,0.481,0.399
91.0,46.2,-0.417,0.407
91.0,46.7,-1.378,0.415
91.0,47.2,0.866,0.422
91.0,47.7,-0.096,0.431
91.0,48.2,-0.994,0.438
91.0,48.7,1.186,0.447
91.0,49.2,0.224,0.454
91.0,49.7,-0.673,0.463
91.0,50.3,1.507,0.470
91.0,50.8,0.609,0.478
91.0,51.3,-0.353,0.486
91.0,51.8,-1.250,0.494
91.0,52.3,0.930,0.502
91.0,52.8,-0.032,0.510
91.0,53.3,-0.930,0.518
91.0,53.8,1.250,0.526
91.0,54.3,0.353,0.534
91.0,54.8,-0.609,0.542
91.0,55.3,-1.571,0.549
91.0,55.8,0.673,0.557
91.0,56.3,-0.289,0.565
91.0,56.8,-1.250,0.573
91.0,57.3,0.994,0.581
91.0,57.8,0.032,0.589
91.0,58.3,-0.866,0.596
91.0,58.8,1.314,0.604
91.0,59.3,0.353,0.612
91.0,59.8,-0.545,0.620
91.0,60.3,-1.507,0.628
91.0,60.8,0.673,0.636
91.0,61.3,-0.224,0.643
91.0,61.8,-1.186,0.651
91.0,62.3,0.994,0.659
91.0,62.8,0.032,0.666
91.0,63.3,-0.866,0.674
91.0,63.8,1.314,0.682
91.0,64.3,0.353,0.690
91.0,64.8,-0.545,0.697
91.0,65.3,-1.507,0.705
91.0,65.8,0.673,0.713
91.0,66.3,-0.289,0.720
91.0,66.8,-1.186,0.728
91.0,67.3,0.994,0.735
91.0,67.8,0.032,0.743
91.0,68.3,-0.930,0.751
91.0,68.8,1.250,0.758
91.0,69.3,0.353,0.766
91.0,69.8,-0.609,0.773
91.0,70.4,-1.571,0.781
91.0,70.9,0.609,0.788
91.0,71.4,-0.289,0.796
91.0,71.9,-1.250,0.803
91.0,72.4,0.930,0.811
91.0,72.9,-0.032,0.818
91.0,73.4,-0.994,0.826
91.0,73.9,1.186,0.833
91.0,74.4,0.289,0.840
91.0,74.9,-0.673,0.848
91.0,75.4,1.507,0.856
91.0,75.9,0.545,0.863
91.0,76.4,-0.417,0.870
91.0,76.9,-1.378,0.878
91.0,77.4,0.801,0.885
91.0,77.9,-0.096,0.892
91.0,78.4,-1.058,0.899
91.0,78.9,1.122,0.907
91.0,79.4,0.160,0.914
91.0,79.9,-0.801,0.922
91.0,80.4,1.378,0.929
91.0,80.9,0.417,0.936
91.0,81.4,-0.545,0.943
91.0,81.9,-1.507,0.950
91.0,82.4,0.673,0.957
91.0,82.9,-0.289,0.965
91.0,83.4,-1.250,0.972
91.0,83.9,0.930,0.979
91.0,84.4,-0.032,0.986
91.0,84.9,-0.930,0.993
91.0,85.4,1.250,1.000
91.0,85.9,0.289,1.007
91.0,86.4,-0.673,1.014
91.0,86.9,1.507,1.021
91.0,87.4,0.545,1.028
91.0,87.9,-0.417,1.035
91.0,88.4,-1.378,1.042
91.0,88.9,0.801,1.049
91.0,89.4,-0.160,1.056
91.0,89.9,-1.122,1.063
91.0,90.5,1.058,1.070
91.0,91.0,0.032,1.077
91.0,91.5,-0.930,1.084
91.0,92.0,1.250,1.091
91.0,92.5,0.289,1.098
91.0,93.0,-0.673,1.105
91.0,93.5,1.507,1.111
91.0,94.0,0.545,1.118
91.0,94.5,-0.417,1.125
91.0,95.0,-1.378,1.132
91.0,95.5,0.801,1.139
91.0,96.0,-0.160,1.145
91.0,96.5,-1.122,1.152
91.0,97.0,1.058,1.158
91.0,97.5,0.032,1.165
91.0,98.0,-0.930,1.172
91.0,98.5,1.250,1.178
91.0,99.0,0.289,1.185
91.0,99.5,-0.673,1.192
91.0,100.0,1.507,1.198
91.5,0.0,0.481,0.347
91.5,0.5,-0.417,0.339
91.5,1.0,-1.314,0.331
91.5,1.5,0.930,0.323
91.5,2.0,0.032,0.315
91.5,2.5,-0.866,0.307
91.5,3.0,1.378,0.299
91.5,3.5,0.481,0.291
91.5,4.0,-0.417,0.283
91.5,4.5,-1.314,0.275
91.5,5.0,0.930,0.267
91.5,5.5,0.032,0.258
91.5,6.0,-0.866,0.250
91.5,6.5,1.378,0.242
91.5,7.0,0.481,0.234
91.5,7.5,-0.417,0.226
91.5,8.0,-1.378,0.218
91.5,8.5,0.866,0.210
91.5,9.0,-0.032,0.201
91.5,9.5,-0.930,0.193
91.5,10.1,1.314,0.185
91.5,10.6,0.417,0.177
91.5,11.1,-0.481,0.169
91.5,11.6,-1.378,0.161
91.5,12.1,0.866,0.153
91.5,12.6,-0.032,0.144
91.5,13.1,-0.930,0.136
91.5,13.6,1.250,0.128
91.5,14.1,0.353,0.120
91.5,14.6,-0.545,0.112
91.5,15.1,-1.443,0.104
91.5,15.6,0.801,0.095
91.5,16.1,-0.096,0.087
91.5,16.6,-1.058,0.079
91.5,17.1,1.186,0.071
91.5,17.6,0.289,0.063
91.5,18.1,-0.609,0.054
91.5,18.6,-1.507,0.046
91.5,19.1,0.737,0.038
91.5,19.6,-0.224,0.030
91.5,20.1,-1.122,0.022
91.5,20.6,1.122,0.013
91.5,21.1,0.224,0.005
91.5,21.6,-0.673,0.003
91.5,22.1,1.507,0.011
91.5,22.6,0.609,0.019
91.5,23.1,-0.289,0.027
91.5,23.6,-1.186,0.036
91.5,24.1,0.994,0.044
91.5,24.6,0.096,0.052
91.5,25.1,-0.801,0.060
91.5,25.6,1.443,0.068
91.5,26.1,0.481,0.077
91.5,26.6,-0.417,0.085
91.5,27.1,-1.314,0.093
91.5,27.6,0.866,0.101
91.5,28.1,-0.032,0.109
91.5,28.6,-0.930,0.117
91.5,29.1,1.250,0.126
91.5,29.6,0.353,0.134
91.5,30.2,-0.545,0.142
91.5,30.7,-1.443,0.150
91.5,31.2,0.737,0.158
91.5,31.7,-0.160,0.166
91.5,32.2,-1.058,0.175
91.5,32.7,1.122,0.183
91.5,33.2,0.224,0.191
91.5,33.7,-0.737,0.199
91.5,34.2,1.507,0.207
91.5,34.7,0.609,0.215
91.5,35.2,-0.353,0.223
91.5,35.7,-1.250,0.232
91.5,36.2,0.994,0.240
91.5,36.7,0.032,0.248
91.5,37.2,-0.866,0.256
91.5,37.7,1.314,0.264
91.5,38.2,0.417,0.272
91.5,38.7,-0.545,0.280
91.5,39.2,-1.443,0.288
91.5,39.7,0.801,0.296
91.5,40.2,-0.160,0.305
91.5,40.7,-1.058,0.313
91.5,41.2,1.122,0.321
91.5,41.7,0.224,0.329
91.5,42.2,-0.737,0.337
91.5,42.7,1.507,0.345
91.5,43.2,0.545,0.353
91.5,43.7,-0.353,0.361
91.5,44.2,-1.314,0.369
91.5,44.7,0.930,0.377
91.5,45.2,-0.032,0.385
91.5,45.7,-0.930,0.393
91.5,46.2,1.250,0.401
91.5,46.7,0.353,0.409
91.5,47.2,-0.609,0.417
91.5,47.7,-1.507,0.425
91.5,48.2,0.673,0.433
91.5,48.7,-0.224,0.441
91.5,49.2,-1.186,0.449
91.5,49.7,1.058,0.457
91.5,50.3,0.096,0.465
91.5,50.8,-0.801,0.473
91.5,51.3,1.378,0.481
91.5,51.8,0.417,0.489
91.5,52.3,-0.481,0.497
91.5,52.8,-1.443,0.505
91.5,53.3,0.801,0.513
91.5,53.8,-0.160,0.521
91.5,54.3,-1.058,0.528
91.5,54.8,1.122,0.536
91.5,55.3,0.160,0.544
91.5,55.8,-0.737,0.552
91.5,56.3,1.443,0.560
91.5,56.8,0.481,0.568
91.5,57.3,-0.417,0.576
91.5,57.8,-1.378,0.584
91.5,58.3,0.866,0.591
91.5,58.8,-0.096,0.599
91.5,59.3,-1.058,0.607
91.5,59.8,1.186,0.615
91.5,60.3,0.224,0.623
91.5,60.8,-0.737,0.630
91.5,61.3,1.443,0.638
91.5,61.8,0.545,0.646
91.5,62.3,-0.417,0.654
91.5,62.8,-1.378,0.661
91.5,63.3,0.866,0.669
91.5,63.8,-0.096,0.677
91.5,64.3,-1.058,0.684
91.5,64.8,1.186,0.692
91.5,65.3,0.224,0.700
91.5,65.8,-0.737,0.708
91.5,66.3,1.443,0.715
91.5,66.8,0.545,0.723
91.5,67.3,-0.417,0.730
91.5,67.8,-1.378,0.738
91.5,68.3,0.801,0.746
91.5,68.8,-0.096,0.753
91.5,69.3,-1.058,0.761
91.5,69.8,1.122,0.768
91.5,70.4,0.160,0.776
91.5,70.9,-0.801,0.783
91.5,71.4,1.443,0.791
91.5,71.9,0.481,0.798
91.5,72.4,-0.481,0.806
91.5,72.9,-1.443,0.813
91.5,73.4,0.737,0.821
91.5,73.9,-0.224,0.828
91.5,74.4,-1.122,0.836
91.5,74.9,1.058,0.843
91.5,75.4,0.096,0.851
91.5,75.9,-0.866,0.858
91.5,76.4,1.314,0.865
91.5,76.9,0.353,0.873
91.5,77.4,-0.609,0.880
91.5,77.9,-1.507,0.887
91.5,78.4,0.673,0.895
91.5,78.9,-0.289,0.902
91.5,79.4,-1.250,0.909
91.5,79.9,0.930,0.917
91.5,80.4,-0.032,0.924
91.5,80.9,-0.994,0.931
91.5,81.4,1.186,0.938
91.5,81.9,0.224,0.945
91.5,82.4,-0.737,0.952
91.5,82.9,1.507,0.960
91.5,83.4,0.545,0.967
91.5,83.9,-0.417,0.974
91.5,84.4,-1.378,0.981
91.5,84.9,0.801,0.988
91.5,85.4,-0.160,0.996
91.5,85.9,-1.122,1.003
91.5,86.4,1.058,1.010
91.5,86.9,0.096,1.017
91.5,87.4,-0.866,1.024
91.5,87.9,1.314,1.031
91.5,88.4,0.353,1.038
91.5,88.9,-0.609,1.045
91.5,89.4,1.571,1.052
91.5,89.9,0.609,1.059
91.5,90.5,-0.353,1.066
91.5,91.0,-1.314,1.073
91.5,91.5,0.866,1.079
91.5,92.0,-0.096,1.086
91.5,92.5,-1.058,1.093
91.5,93.0,1.122,1.100
91.5,93.5,0.096,1.107
91.5,94.0,-0.866,1.113
91.5,94.5,1.314,1.120
91.5,95.0,0.353,1.127
91.5,95.5,-0.609,1.134
91.5,96.0,-1.571,1.141
91.5,96.5,0.609,1.148
91.5,97.0,-0.353,1.154
91.5,97.5,-1.314,1.161
91.5,98.0,0.866,1.167
91.5,98.5,-0.096,1.174
91.5,99.0,-1.122,1.180
91.5,99.5,1.058,1.187
91.5,100.0,0.096,1.194
92.0,0.0,-0.994,0.353
92.0,0.5,1.250,0.345
92.0,1.0,0.353,0.337
92.0,1.5,-0.545,0.329
92.0,2.0,-1.443,0.321
92.0,2.5,0.801,0.312
92.0,3.0,-0.096,0.304
92.0,3.5,-0.994,0.296
92.0,4.0,1.250,0.288
92.0,4.5,0.353,0.280
92.0,5.0,-0.545,0.272
92.0,5.5,-1.443,0.264
92.0,6.0,0.801,0.256
92.0,6.5,-0.096,0.248
92.0,7.0,-0.994,0.240
92.0,7.5,1.250,0.231
92.0,8.0,0.353,0.223
92.0,8.5,-0.545,0.215
92.0,9.0,-1.443,0.207
92.0,9.5,0.801,0.199
92.0,10.1,-0.096,0.191
92.0,10.6,-0.994,0.182
92.0,11.1,1.250,0.174
92.0,11.6,0.289,0.166
92.0,12.1,-0.609,0.158
92.0,12.6,-1.507,0.150
92.0,13.1,0.737,0.142
92.0,13.6,-0.160,0.134
92.0,14.1,-1.058,0.125
92.0,14.6,1.186,0.117
92.0,15.1,0.289,0.109
92.0,15.6,-0.673,0.101
92.0,16.1,-1.571,0.093
92.0,16.6,0.673,0.084
92.0,17.1,-0.224,0.076
92.0,17.6,-1.122,0.068
92.0,18.1,1.122,0.060
92.0,18.6,0.160,0.052
92.0,19.1,-0.737,0.044
92.0,19.6,1.507,0.035
92.0,20.1,0.609,0.027
92.0,20.6,-0.289,0.019
92.0,21.1,-1.250,0.011
92.0,21.6,0.994,0.003
92.0,22.1,0.096,0.006
92.0,22.6,-0.801,0.014
92.0,23.1,1.378,0.022
92.0,23.6,0.481,0.030
92.0,24.1,-0.417,0.038
92.0,24.6,-1.314,0.046
92.0,25.1,0.866,0.055
92.0,25.6,-0.032,0.063
92.0,26.1,-0.930,0.071
92.0,26.6,1.314,0.079
92.0,27.1,0.353,0.087
92.0,27.6,-0.545,0.096
92.0,28.1,-1.443,0.104
92.0,28.6,0.801,0.112
92.0,29.1,-0.160,0.120
92.0,29.6,-1.058,0.128
92.0,30.2,1.186,0.136
92.0,30.7,0.224,0.145
92.0,31.2,-0.673,0.153
92.0,31.7,1.571,0.161
92.0,32.2,0.609,0.169
92.0,32.7,-0.289,0.177
92.0,33.2,-1.186,0.185
92.0,33.7,0.994,0.194
92.0,34.2,0.096,0.202
92.0,34.7,-0.866,0.210
92.0,35.2,1.378,0.218
92.0,35.7,0.481,0.226
92.0,36.2,-0.481,0.234
92.0,36.7,-1.378,0.242
92.0,37.2,0.866,0.250
92.0,37.7,-0.096,0.259
92.0,38.2,-0.994,0.267
92.0,38.7,1.186,0.275
92.0,39.2,0.289,0.283
92.0,39.7,-0.673,0.291
92.0,40.2,-1.571,0.299
92.0,40.7,0.673,0.307
92.0,41.2,-0.289,0.315
92.0,41.7,-1.186,0.323
92.0,42.2,0.994,0.331
92.0,42.7,0.096,0.340
92.0,43.2,-0.866,0.348
92.0,43.7,1.378,0.356
92.0,44.2,0.417,0.364
92.0,44.7,-0.481,0.372
92.0,45.2,-1.443,0.380
92.0,45.7,0.801,0.388
92.0,46.2,-0.160,0.396
92.0,46.7,-1.058,0.404
92.0,47.2,1.122,0.412
92.0,47.7,0.224,0.420
92.0,48.2,-0.737,0.428
92.0,48.7,1.507,0.436
92.0,49.2,0.545,0.444
92.0,49.7,-0.353,0.452
92.0,50.3,-1.314,0.460
92.0,50.8,0.930,0.468
92.0,51.3,-0.032,0.476
92.0,51.8,-0.994,0.484
92.0,52.3,1.250,0.492
92.0,52.8,0.289,0.500
92.0,53.3,-0.609,0.507
92.0,53.8,-1.571,0.515
92.0,54.3,0.609,0.523
92.0,54.8,-0.289,0.531
92.0,55.3,-1.250,0.539
92.0,55.8,0.994,0.547
92.0,56.3,0.032,0.555
92.0,56.8,-0.930,0.563
92.0,57.3,1.314,0.570
92.0,57.8,0.353,0.578
92.0,58.3,-0.609,0.586
92.0,58.8,-1.507,0.594
92.0,59.3,0.673,0.602
92.0,59.8,-0.289,0.609
92.0,60.3,-1.186,0.617
92.0,60.8,0.994,0.625
92.0,61.3,0.032,0.633
92.0,61.8,-0.866,0.641
92.0,62.3,1.314,0.649
92.0,62.8,0.353,0.656
92.0,63.3,-0.545,0.664
92.0,63.8,-1.507,0.672
92.0,64.3,0.673,0.679
92.0,64.8,-0.224,0.687
92.0,65.3,-1.186,0.695
92.0,65.8,0.994,0.702
92.0,66.3,0.032,0.710
92.0,66.8,-0.866,0.717
92.0,67.3,1.314,0.725
92.0,67.8,0.353,0.733
92.0,68.3,-0.609,0.740
92.0,68.8,-1.507,0.748
92.0,69.3,0.673,0.756
92.0,69.8,-0.289,0.763
92.0,70.4,-1.250,0.771
92.0,70.9,0.930,0.778
92.0,71.4,0.032,0.786
92.0,71.9,-0.930,0.793
92.0,72.4,1.250,0.801
92.0,72.9,0.289,0.808
92.0,73.4,-0.673,0.816
92.0,73.9,1.571,0.823
92.0,74.4,0.609,0.831
92.0,74.9,-0.353,0.838
92.0,75.4,-1.314,0.846
92.0,75.9,0.866,0.853
92.0,76.4,-0.096,0.860
92.0,76.9,-1.058,0.868
92.0,77.4,1.186,0.875
92.0,77.9,0.224,0.882
92.0,78.4,-0.737,0.890
92.0,78.9,1.443,0.897
92.0,79.4,0.481,0.905
92.0,79.9,-0.481,0.912
92.0,80.4,-1.443,0.919
92.0,80.9,0.737,0.926
92.0,81.4,-0.224,0.933
92.0,81.9,-1.122,0.940
92.0,82.4,1.058,0.948
92.0,82.9,0.096,0.955
92.0,83.4,-0.866,0.962
92.0,83.9,1.314,0.970
92.0,84.4,0.353,0.977
92.0,84.9,-0.609,0.984
92.0,85.4,1.571,0.991
92.0,85.9,0.609,0.998
92.0,86.4,-0.353,1.005
92.0,86.9,-1.314,1.012
92.0,87.4,0.866,1.019
92.0,87.9,-0.096,1.026
92.0,88.4,-1.058,1.033
92.0,88.9,1.122,1.040
92.0,89.4,0.160,1.047
92.0,89.9,-0.801,1.054
92.0,90.5,1.378,1.061
92.0,91.0,0.417,1.068
92.0,91.5,-0.545,1.075
92.0,92.0,-1.507,1.082
92.0,92.5,0.673,1.089
92.0,93.0,-0.289,1.095
92.0,93.5,-1.250,1.102
92.0,94.0,0.930,1.109
92.0,94.5,-0.032,1.116
92.0,95.0,-1.058,1.122
92.0,95.5,1.122,1.129
92.0,96.0,0.160,1.136
92.0,96.5,-0.801,1.143
92.0,97.0,1.378,1.150
92.0,97.5,0.417,1.156
92.0,98.0,-0.545,1.163
92.0,98.5,-1.507,1.170
92.0,99.0,0.673,1.176
92.0,99.5,-0.289,1.182
92.0,100.0,-1.314,1.189
92.5,0.0,0.737,0.358
92.5,0.5,-0.160,0.350
92.5,1.0,-1.058,0.342
92.5,1.5,1.186,0.334
92.5,2.0,0.289,0.326
92.5,2.5,-0.609,0.318
92.5,3.0,-1.507,0.310
92.5,3.5,0.737,0.302
92.5,4.0,-0.160,0.294
92.5,4.5,-1.058,0.286
92.5,5.0,1.186,0.277
92.5,5.5,0.289,0.269
92.5,6.0,-0.609,0.261
92.5,6.5,-1.507,0.253
92.5,7.0,0.737,0.245
92.5,7.5,-0.160,0.237
92.5,8.0,-1.058,0.229
92.5,8.5,1.186,0.221
92.5,9.0,0.224,0.212
92.5,9.5,-0.673,0.204
92.5,10.1,-1.571,0.196
92.5,10.6,0.673,0.188
92.5,11.1,-0.224,0.180
92.5,11.6,-1.122,0.172
92.5,12.1,1.122,0.164
92.5,12.6,0.224,0.155
92.5,13.1,-0.673,0.147
92.5,13.6,1.571,0.139
92.5,14.1,0.609,0.131
92.5,14.6,-0.289,0.123
92.5,15.1,-1.186,0.115
92.5,15.6,1.058,0.106
92.5,16.1,0.160,0.098
92.5,16.6,-0.737,0.090
92.5,17.1,1.507,0.082
92.5,17.6,0.545,0.074
92.5,18.1,-0.353,0.065
92.5,18.6,-1.250,0.057
92.5,19.1,0.994,0.049
92.5,19.6,0.096,0.041
92.5,20.1,-0.866,0.033
92.5,20.6,1.378,0.024
92.5,21.1,0.481,0.016
92.5,21.6,-0.417,0.008
92.5,22.1,-1.314,0.000
92.5,22.6,0.866,0.008
92.5,23.1,-0.032,0.016
92.5,23.6,-0.930,0.025
92.5,24.1,1.314,0.033
92.5,24.6,0.353,0.041
92.5,25.1,-0.545,0.049
92.5,25.6,-1.443,0.057
92.5,26.1,0.801,0.066
92.5,26.6,-0.160,0.074
92.5,27.1,-1.058,0.082
92.5,27.6,1.186,0.090
92.5,28.1,0.289,0.098
92.5,28.6,-0.673,0.106
92.5,29.1,1.571,0.115
92.5,29.6,0.673,0.123
92.5,30.2,-0.289,0.131
92.5,30.7,-1.186,0.139
92.5,31.2,1.058,0.147
92.5,31.7,0.096,0.155
92.5,32.2,-0.801,0.164
92.5,32.7,1.443,0.172
92.5,33.2,0.481,0.180
92.5,33.7,-0.417,0.188
92.5,34.2,-1.314,0.196
92.5,34.7,0.866,0.204
92.5,35.2,-0.032,0.213
92.5,35.7,-0.994,0.221
92.5,36.2,1.250,0.229
92.5,36.7,0.353,0.237
92.5,37.2,-0.609,0.245
92.5,37.7,-1.507,0.253
92.5,38.2,0.673,0.261
92.5,38.7,-0.224,0.269
92.5,39.2,-1.122,0.277
92.5,39.7,1.058,0.286
92.5,40.2,0.160,0.294
92.5,40.7,-0.801,0.302
92.5,41.2,1.443,0.310
92.5,41.7,0.481,0.318
92.5,42.2,-0.417,0.326
92.5,42.7,-1.314,0.334
92.5,43.2,0.866,0.342
92.5,43.7,-0.032,0.350
92.5,44.2,-0.994,0.358
92.5,44.7,1.250,0.366
92.5,45.2,0.289,0.374
92.5,45.7,-0.609,0.382
92.5,46.2,-1.571,0.391
92.5,46.7,0.673,0.398
92.5,47.2,-0.289,0.407
92.5,47.7,-1.186,0.414
92.5,48.2,0.994,0.423
92.5,48.7,0.096,0.430
92.5,49.2,-0.866,0.439
92.5,49.7,1.378,0.446
92.5,50.3,0.417,0.455
92.5,50.8,-0.545,0.462
92.5,51.3,-1.443,0.470
92.5,51.8,0.737,0.478
92.5,52.3,-0.160,0.486
92.5,52.8,-1.122,0.494
92.5,53.3,1.122,0.502
92.5,53.8,0.160,0.510
92.5,54.3,-0.801,0.518
92.5,54.8,1.443,0.526
92.5,55.3,0.481,0.534
92.5,55.8,-0.417,0.542
92.5,56.3,-1.378,0.550
92.5,56.8,0.801,0.557
92.5,57.3,-0.096,0.565
92.5,57.8,-1.058,0.573
92.5,58.3,1.122,0.581
92.5,58.8,0.224,0.589
92.5,59.3,-0.737,0.597
92.5,59.8,1.443,0.604
92.5,60.3,0.545,0.612
92.5,60.8,-0.417,0.620
92.5,61.3,-1.378,0.628
92.5,61.8,0.866,0.636
92.5,62.3,-0.096,0.643
92.5,62.8,-1.058,0.651
92.5,63.3,1.186,0.659
92.5,63.8,0.224,0.667
92.5,64.3,-0.737,0.674
92.5,64.8,1.507,0.682
92.5,65.3,0.545,0.690
92.5,65.8,-0.417,0.697
92.5,66.3,-1.378,0.705
92.5,66.8,0.866,0.712
92.5,67.3,-0.096,0.720
92.5,67.8,-1.058,0.728
92.5,68.3,1.122,0.735
92.5,68.8,0.224,0.743
92.5,69.3,-0.737,0.751
92.5,69.8,1.443,0.758
92.5,70.4,0.481,0.766
92.5,70.9,-0.481,0.773
92.5,71.4,-1.378,0.781
92.5,71.9,0.801,0.788
92.5,72.4,-0.160,0.796
92.5,72.9,-1.122,0.803
92.5,73.4,1.058,0.811
92.5,73.9,0.160,0.818
92.5,74.4,-0.801,0.826
92.5,74.9,1.378,0.833
92.5,75.4,0.417,0.841
92.5,75.9,-0.545,0.848
92.5,76.4,-1.507,0.855
92.5,76.9,0.737,0.863
92.5,77.4,-0.224,0.870
92.5,77.9,-1.186,0.878
92.5,78.4,0.994,0.885
92.5,78.9,0.032,0.892
92.5,79.4,-0.930,0.900
92.5,79.9,1.250,0.907
92.5,80.4,0.289,0.914
92.5,80.9,-0.673,0.921
92.5,81.4,1.571,0.928
92.5,81.9,0.609,0.936
92.5,82.4,-0.353,0.943
92.5,82.9,-1.314,0.950
92.5,83.4,0.866,0.958
92.5,83.9,-0.096,0.965
92.5,84.4,-1.058,0.972
92.5,84.9,1.122,0.979
92.5,85.4,0.160,0.986
92.5,85.9,-0.801,0.993
92.5,86.4,1.378,1.000
92.5,86.9,0.417,1.008
92.5,87.4,-0.545,1.015
92.5,87.9,-1.507,1.022
92.5,88.4,0.673,1.029
92.5,88.9,-0.289,1.036
92.5,89.4,-1.250,1.043
92.5,89.9,0.930,1.050
92.5,90.5,-0.032,1.057
92.5,91.0,-0.994,1.064
92.5,91.5,1.186,1.070
92.5,92.0,0.224,1.077
92.5,92.5,-0.737,1.084
92.5,93.0,1.443,1.091
92.5,93.5,0.481,1.098
92.5,94.0,-0.481,1.105
92.5,94.5,-1.443,1.111
92.5,95.0,0.737,1.118
92.5,95.5,-0.224,1.125
92.5,96.0,-1.186,1.131
92.5,96.5,0.930,1.138
92.5,97.0,-0.032,1.145
92.5,97.5,-0.994,1.152
92.5,98.0,1.186,1.159
92.5,98.5,0.224,1.165
92.5,99.0,-0.737,1.172
92.5,99.5,1.443,1.179
92.5,100.0,0.481,1.185
93.0,0.0,-0.737,0.364
93.0,0.5,1.507,0.356
93.0,1.0,0.609,0.348
93.0,1.5,-0.289,0.339
93.0,2.0,-1.186,0.331
93.0,2.5,1.058,0.323
93.0,3.0,0.160,0.315
93.0,3.5,-0.737,0.307
93.0,4.0,1.507,0.299
93.0,4.5,0.609,0.291
93.0,5.0,-0.289,0.283
93.0,5.5,-1.186,0.275
93.0,6.0,1.058,0.267
93.0,6.5,0.160,0.259
93.0,7.0,-0.737,0.250
93.0,7.5,1.507,0.242
93.0,8.0,0.609,0.234
93.0,8.5,-0.289,0.226
93.0,9.0,-1.186,0.218
93.0,9.5,1.058,0.210
93.0,10.1,0.160,0.202
93.0,10.6,-0.737,0.193
93.0,11.1,1.507,0.185
93.0,11.6,0.609,0.177
93.0,12.1,-0.289,0.169
93.0,12.6,-1.250,0.161
93.0,13.1,0.994,0.153
93.0,13.6,0.096,0.145
93.0,14.1,-0.801,0.136
93.0,14.6,1.443,0.128
93.0,15.1,0.545,0.120
93.0,15.6,-0.353,0.112
93.0,16.1,-1.250,0.104
93.0,16.6,0.930,0.095
93.0,17.1,0.032,0.087
93.0,17.6,-0.866,0.079
93.0,18.1,1.378,0.071
93.0,18.6,0.481,0.063
93.0,19.1,-0.417,0.055
93.0,19.6,-1.378,0.046
93.0,20.1,0.866,0.038
93.0,20.6,-0.032,0.030
93.0,21.1,-0.930,0.022
93.0,21.6,1.314,0.014
93.0,22.1,0.353,0.005
93.0,22.6,-0.545,0.003
93.0,23.1,-1.443,0.011
93.0,23.6,0.801,0.019
93.0,24.1,-0.160,0.027
93.0,24.6,-1.058,0.036
93.0,25.1,1.186,0.044
93.0,25.6,0.289,0.052
93.0,26.1,-0.673,0.060
93.0,26.6,-1.571,0.068
93.0,27.1,0.673,0.076
93.0,27.6,-0.224,0.085
93.0,28.1,-1.186,0.093
93.0,28.6,1.058,0.101
93.0,29.1,0.160,0.109
93.0,29.6,-0.801,0.117
93.0,30.2,1.443,0.126
93.0,30.7,0.545,0.134
93.0,31.2,-0.417,0.142
93.0,31.7,-1.314,0.150
93.0,32.2,0.930,0.158
93.0,32.7,-0.032,0.166
93.0,33.2,-0.930,0.174
93.0,33.7,1.314,0.183
93.0,34.2,0.353,0.191
93.0,34.7,-0.545,0.199
93.0,35.2,-1.443,0.207
93.0,35.7,0.737,0.215
93.0,36.2,-0.160,0.223
93.0,36.7,-1.122,0.231
93.0,37.2,1.122,0.240
93.0,37.7,0.224,0.248
93.0,38.2,-0.737,0.256
93.0,38.7,1.507,0.264
93.0,39.2,0.545,0.272
93.0,39.7,-0.353,0.280
93.0,40.2,-1.250,0.288
93.0,40.7,0.930,0.296
93.0,41.2,0.032,0.304
93.0,41.7,-0.930,0.313
93.0,42.2,1.314,0.321
93.0,42.7,0.353,0.329
93.0,43.2,-0.545,0.337
93.0,43.7,-1.507,0.345
93.0,44.2,0.737,0.353
93.0,44.7,-0.160,0.361
93.0,45.2,-1.122,0.369
93.0,45.7,1.122,0.377
93.0,46.2,0.160,0.385
93.0,46.7,-0.737,0.393
93.0,47.2,1.443,0.401
93.0,47.7,0.545,0.409
93.0,48.2,-0.417,0.417
93.0,48.7,-1.378,0.425
93.0,49.2,0.866,0.433
93.0,49.7,-0.096,0.441
93.0,50.3,-0.994,0.449
93.0,50.8,1.186,0.457
93.0,51.3,0.289,0.465
93.0,51.8,-0.673,0.473
93.0,52.3,1.571,0.481
93.0,52.8,0.609,0.489
93.0,53.3,-0.353,0.497
93.0,53.8,-1.250,0.505
93.0,54.3,0.930,0.513
93.0,54.8,0.032,0.521
93.0,55.3,-0.930,0.529
93.0,55.8,1.250,0.536
93.0,56.3,0.353,0.544
93.0,56.8,-0.609,0.552
93.0,57.3,-1.507,0.560
93.0,57.8,0.673,0.568
93.0,58.3,-0.289,0.576
93.0,58.8,-1.186,0.584
93.0,59.3,0.994,0.591
93.0,59.8,0.032,0.599
93.0,60.3,-0.866,0.607
93.0,60.8,1.314,0.615
93.0,61.3,0.353,0.622
93.0,61.8,-0.545,0.630
93.0,62.3,-1.507,0.638
93.0,62.8,0.673,0.646
93.0,63.3,-0.224,0.654
93.0,63.8,-1.186,0.661
93.0,64.3,0.994,0.669
93.0,64.8,0.096,0.677
93.0,65.3,-0.866,0.684
93.0,65.8,1.314,0.692
93.0,66.3,0.353,0.700
93.0,66.8,-0.545,0.707
93.0,67.3,-1.507,0.715
93.0,67.8,0.673,0.723
93.0,68.3,-0.289,0.730
93.0,68.8,-1.186,0.738
93.0,69.3,0.994,0.746
93.0,69.8,0.032,0.753
93.0,70.4,-0.930,0.761
93.0,70.9,1.314,0.768
93.0,71.4,0.353,0.776
93.0,71.9,-0.609,0.783
93.0,72.4,-1.571,0.791
93.0,72.9,0.609,0.798
93.0,73.4,-0.289,0.806
93.0,73.9,-1.250,0.813
93.0,74.4,0.930,0.821
93.0,74.9,-0.032,0.828
93.0,75.4,-0.994,0.836
93.0,75.9,1.186,0.843
93.0,76.4,0.224,0.850
93.0,76.9,-0.673,0.858
93.0,77.4,1.507,0.865
93.0,77.9,0.545,0.873
93.0,78.4,-0.417,0.880
93.0,78.9,-1.378,0.887
93.0,79.4,0.801,0.895
93.0,79.9,-0.160,0.902
93.0,80.4,-1.122,0.909
93.0,80.9,1.122,0.916
93.0,81.4,0.160,0.924
93.0,81.9,-0.801,0.931
93.0,82.4,1.378,0.938
93.0,82.9,0.417,0.946
93.0,83.4,-0.545,0.953
93.0,83.9,-1.507,0.960
93.0,84.4,0.673,0.967
93.0,84.9,-0.289,0.974
93.0,85.4,-1.250,0.981
93.0,85.9,0.930,0.989
93.0,86.4,-0.032,0.996
93.0,86.9,-0.994,1.003
93.0,87.4,1.186,1.010
93.0,87.9,0.224,1.017
93.0,88.4,-0.737,1.024
93.0,88.9,1.443,1.031
93.0,89.4,0.481,1.038
93.0,89.9,-0.481,1.045
93.0,90.5,-1.443,1.052
93.0,91.0,0.737,1.059
93.0,91.5,-0.224,1.066
93.0,92.0,-1.186,1.073
93.0,92.5,0.994,1.080
93.0,93.0,0.032,1.087
93.0,93.5,-0.930,1.093
93.0,94.0,1.250,1.100
93.0,94.5,0.289,1.107
93.0,95.0,-0.673,1.114
93.0,95.5,1.507,1.121
93.0,96.0,0.545,1.127
93.0,96.5,-0.417,1.134
93.0,97.0,-1.378,1.141
93.0,97.5,0.801,1.147
93.0,98.0,-0.224,1.154
93.0,98.5,-1.186,1.161
93.0,99.0,0.994,1.168
93.0,99.5,0.032,1.174
93.0,100.0,-0.930,1.181
93.5,0.0,0.994,0.369
93.5,0.5,0.096,0.361
93.5,1.0,-0.801,0.353
93.5,1.5,1.443,0.345
93.5,2.0,0.545,0.337
93.5,2.5,-0.353,0.329
93.5,3.0,-1.250,0.321
93.5,3.5,0.994,0.313
93.5,4.0,0.096,0.305
93.5,4.5,-0.801,0.297
93.5,5.0,1.443,0.288
93.5,5.5,0.545,0.280
93.5,6.0,-0.353,0.272
93.5,6.5,-1.250,0.264
93.5,7.0,0.994,0.256
93.5,7.5,0.096,0.248
93.5,8.0,-0.801,0.240
93.5,8.5,1.443,0.232
93.5,9.0,0.545,0.223
93.5,9.5,-0.353,0.215
93.5,10.1,-1.314,0.207
93.5,10.6,0.930,0.199
93.5,11.1,0.032,0.191
93.5,11.6,-0.866,0.183
93.5,12.1,1.378,0.175
93.5,12.6,0.481,0.166
93.5,13.1,-0.417,0.158
93.5,13.6,-1.314,0.150
93.5,14.1,0.930,0.142
93.5,14.6,0.032,0.134
93.5,15.1,-0.930,0.125
93.5,15.6,1.314,0.117
93.5,16.1,0.417,0.109
93.5,16.6,-0.481,0.101
93.5,17.1,-1.378,0.093
93.5,17.6,0.866,0.085
93.5,18.1,-0.096,0.076
93.5,18.6,-0.994,0.068
93.5,19.1,1.250,0.060
93.5,19.6,0.353,0.052
93.5,20.1,-0.545,0.044
93.5,20.6,-1.443,0.035
93.5,21.1,0.737,0.027
93.5,21.6,-0.160,0.019
93.5,22.1,-1.058,0.011
93.5,22.6,1.186,0.003
93.5,23.1,0.289,0.005
93.5,23.6,-0.673,0.014
93.5,24.1,-1.571,0.022
93.5,24.6,0.673,0.030
93.5,25.1,-0.224,0.038
93.5,25.6,-1.186,0.046
93.5,26.1,1.058,0.055
93.5,26.6,0.160,0.063
93.5,27.1,-0.737,0.071
93.5,27.6,1.443,0.079
93.5,28.1,0.545,0.087
93.5,28.6,-0.353,0.095
93.5,29.1,-1.314,0.104
93.5,29.6,0.930,0.112
93.5,30.2,0.032,0.120
93.5,30.7,-0.930,0.128
93.5,31.2,1.314,0.136
93.5,31.7,0.417,0.145
93.5,32.2,-0.545,0.153
93.5,32.7,-1.443,0.161
93.5,33.2,0.801,0.169
93.5,33.7,-0.160,0.177
93.5,34.2,-1.058,0.185
93.5,34.7,1.186,0.193
93.5,35.2,0.224,0.202
93.5,35.7,-0.673,0.210
93.5,36.2,1.571,0.218
93.5,36.7,0.609,0.226
93.5,37.2,-0.289,0.234
93.5,37.7,-1.250,0.242
93.5,38.2,0.994,0.250
93.5,38.7,0.096,0.259
93.5,39.2,-0.866,0.267
93.5,39.7,1.378,0.275
93.5,40.2,0.417,0.283
93.5,40.7,-0.481,0.291
93.5,41.2,-1.378,0.299
93.5,41.7,0.801,0.307
93.5,42.2,-0.096,0.315
93.5,42.7,-1.058,0.323
93.5,43.2,1.186,0.331
93.5,43.7,0.224,0.339
93.5,44.2,-0.673,0.348
93.5,44.7,1.507,0.356
93.5,45.2,0.609,0.364
93.5,45.7,-0.353,0.372
93.5,46.2,-1.250,0.380
93.5,46.7,0.930,0.388
93.5,47.2,0.032,0.396
93.5,47.7,-0.930,0.404
93.5,48.2,1.314,0.412
93.5,48.7,0.353,0.420
93.5,49.2,-0.545,0.428
93.5,49.7,-1.507,0.436
93.5,50.3,0.737,0.444
93.5,50.8,-0.224,0.452
93.5,51.3,-1.122,0.460
93.5,51.8,1.058,0.468
93.5,52.3,0.160,0.476
93.5,52.8,-0.801,0.484
93.5,53.3,1.378,0.492
93.5,53.8,0.481,0.500
93.5,54.3,-0.481,0.507
93.5,54.8,-1.378,0.515
93.5,55.3,0.801,0.523
93.5,55.8,-0.160,0.531
93.5,56.3,-1.058,0.539
93.5,56.8,1.122,0.547
93.5,57.3,0.224,0.555
93.5,57.8,-0.737,0.563
93.5,58.3,1.443,0.570
93.5,58.8,0.545,0.578
93.5,59.3,-0.417,0.586
93.5,59.8,-1.378,0.594
93.5,60.3,0.866,0.602
93.5,60.8,-0.096,0.610
93.5,61.3,-1.058,0.617
93.5,61.8,1.186,0.625
93.5,62.3,0.224,0.633
93.5,62.8,-0.737,0.641
93.5,63.3,1.507,0.648
93.5,63.8,0.545,0.656
93.5,64.3,-0.417,0.664
93.5,64.8,-1.314,0.671
93.5,65.3,0.866,0.679
93.5,65.8,-0.096,0.687
93.5,66.3,-1.058,0.695
93.5,66.8,1.186,0.702
93.5,67.3,0.224,0.710
93.5,67.8,-0.737,0.718
93.5,68.3,1.443,0.725
93.5,68.8,0.545,0.733
93.5,69.3,-0.417,0.741
93.5,69.8,-1.378,0.748
93.5,70.4,0.801,0.756
93.5,70.9,-0.096,0.763
93.5,71.4,-1.058,0.771
93.5,71.9,1.122,0.778
93.5,72.4,0.160,0.786
93.5,72.9,-0.801,0.793
93.5,73.4,1.443,0.801
93.5,73.9,0.481,0.808
93.5,74.4,-0.481,0.816
93.5,74.9,-1.443,0.823
93.5,75.4,0.737,0.831
93.5,75.9,-0.224,0.838
93.5,76.4,-1.122,0.845
93.5,76.9,1.058,0.853
93.5,77.4,0.096,0.861
93.5,77.9,-0.866,0.868
93.5,78.4,1.314,0.875
93.5,78.9,0.353,0.883
93.5,79.4,-0.609,0.890
93.5,79.9,-1.507,0.897
93.5,80.4,0.673,0.904
93.5,80.9,-0.289,0.912
93.5,81.4,-1.250,0.919
93.5,81.9,0.930,0.926
93.5,82.4,-0.032,0.934
93.5,82.9,-0.994,0.941
93.5,83.4,1.186,0.948
93.5,83.9,0.224,0.955
93.5,84.4,-0.737,0.962
93.5,84.9,1.443,0.969
93.5,85.4,0.481,0.977
93.5,85.9,-0.481,0.984
93.5,86.4,-1.443,0.991
93.5,86.9,0.737,0.998
93.5,87.4,-0.160,1.005
93.5,87.9,-1.122,1.012
93.5,88.4,1.058,1.019
93.5,88.9,0.096,1.026
93.5,89.4,-0.866,1.033
93.5,89.9,1.314,1.040
93.5,90.5,0.353,1.047
93.5,91.0,-0.609,1.054
93.5,91.5,1.507,1.061
93.5,92.0,0.545,1.068
93.5,92.5,-0.417,1.075
93.5,93.0,-1.378,1.082
93.5,93.5,0.801,1.089
93.5,94.0,-0.160,1.096
93.5,94.5,-1.122,1.102
93.5,95.0,1.058,1.109
93.5,95.5,0.096,1.116
93.5,96.0,-0.866,1.123
93.5,96.5,1.314,1.130
93.5,97.0,0.353,1.136
93.5,97.5,-0.609,1.143
93.5,98.0,1.571,1.150
93.5,98.5,0.609,1.156
93.5,99.0,-0.417,1.163
93.5,99.5,-1.378,1.170
93.5,100.0,0.801,1.176
94.0,0.0,-0.481,0.375
94.0,0.5,-1.378,0.367
94.0,1.0,0.866,0.358
94.0,1.5,-0.032,0.350
94.0,2.0,-0.930,0.342
94.0,2.5,1.314,0.334
94.0,3.0,0.417,0.326
94.0,3.5,-0.481,0.318
94.0,4.0,-1.378,0.310
94.0,4.5,0.866,0.302
94.0,5.0,-0.032,0.294
94.0,5.5,-0.930,0.286
94.0,6.0,1.314,0.278
94.0,6.5,0.417,0.269
94.0,7.0,-0.481,0.261
94.0,7.5,-1.378,0.253
94.0,8.0,0.866,0.245
94.0,8.5,-0.032,0.237
94.0,9.0,-0.930,0.229
94.0,9.5,1.314,0.221
94.0,10.1,0.417,0.213
94.0,10.6,-0.481,0.204
94.0,11.1,-1.378,0.196
94.0,11.6,0.866,0.188
94.0,12.1,-0.032,0.180
94.0,12.6,-0.930,0.172
94.0,13.1,1.250,0.164
94.0,13.6,0.353,0.155
94.0,14.1,-0.545,0.147
94.0,14.6,-1.443,0.139
94.0,15.1,0.801,0.131
94.0,15.6,-0.096,0.123
94.0,16.1,-0.994,0.115
94.0,16.6,1.250,0.106
94.0,17.1,0.289,0.098
94.0,17.6,-0.609,0.090
94.0,18.1,-1.507,0.082
94.0,18.6,0.737,0.074
94.0,19.1,-0.160,0.066
94.0,19.6,-1.058,0.057
94.0,20.1,1.122,0.049
94.0,20.6,0.224,0.041
94.0,21.1,-0.673,0.033
94.0,21.6,1.571,0.025
94.0,22.1,0.673,0.016
94.0,22.6,-0.289,0.008
94.0,23.1,-1.186,0.000
94.0,23.6,1.058,0.008
94.0,24.1,0.160,0.016
94.0,24.6,-0.801,0.024
94.0,25.1,1.443,0.033
94.0,25.6,0.545,0.041
94.0,26.1,-0.353,0.049
94.0,26.6,-1.314,0.057
94.0,27.1,0.930,0.065
94.0,27.6,0.032,0.074
94.0,28.1,-0.866,0.082
94.0,28.6,1.314,0.090
94.0,29.1,0.417,0.098
94.0,29.6,-0.481,0.106
94.0,30.2,-1.443,0.114
94.0,30.7,0.801,0.123
94.0,31.2,-0.096,0.131
94.0,31.7,-0.994,0.139
94.0,32.2,1.186,0.147
94.0,32.7,0.289,0.155
94.0,33.2,-0.609,0.163
94.0,33.7,-1.571,0.172
94.0,34.2,0.673,0.180
94.0,34.7,-0.224,0.188
94.0,35.2,-1.186,0.196
94.0,35.7,1.058,0.204
94.0,36.2,0.096,0.212
94.0,36.7,-0.801,0.221
94.0,37.2,1.443,0.229
94.0,37.7,0.481,0.237
94.0,38.2,-0.417,0.245
94.0,38.7,-1.378,0.253
94.0,39.2,0.866,0.261
94.0,39.7,-0.032,0.269
94.0,40.2,-0.994,0.277
94.0,40.7,1.250,0.286
94.0,41.2,0.289,0.294
94.0,41.7,-0.609,0.302
94.0,42.2,-1.571,0.310
94.0,42.7,0.673,0.318
94.0,43.2,-0.224,0.326
94.0,43.7,-1.186,0.334
94.0,44.2,1.058,0.342
94.0,44.7,0.096,0.350
94.0,45.2,-0.801,0.358
94.0,45.7,1.378,0.366
94.0,46.2,0.481,0.374
94.0,46.7,-0.481,0.382
94.0,47.2,-1.378,0.390
94.0,47.7,0.801,0.398
94.0,48.2,-0.096,0.406
94.0,48.7,-1.058,0.415
94.0,49.2,1.186,0.422
94.0,49.7,0.224,0.431
94.0,50.3,-0.673,0.438
94.0,50.8,1.507,0.447
94.0,51.3,0.609,0.454
94.0,51.8,-0.353,0.462
94.0,52.3,-1.314,0.470
94.0,52.8,0.930,0.478
94.0,53.3,-0.032,0.486
94.0,53.8,-0.930,0.494
94.0,54.3,1.250,0.502
94.0,54.8,0.353,0.510
94.0,55.3,-0.609,0.518
94.0,55.8,-1.571,0.526
94.0,56.3,0.673,0.534
94.0,56.8,-0.289,0.542
94.0,57.3,-1.250,0.549
94.0,57.8,0.994,0.557
94.0,58.3,0.032,0.565
94.0,58.8,-0.866,0.573
94.0,59.3,1.314,0.581
94.0,59.8,0.353,0.589
94.0,60.3,-0.545,0.597
94.0,60.8,-1.507,0.604
94.0,61.3,0.673,0.612
94.0,61.8,-0.224,0.620
94.0,62.3,-1.186,0.628
94.0,62.8,0.994,0.635
94.0,63.3,0.096,0.643
94.0,63.8,-0.866,0.651
94.0,64.3,1.314,0.659
94.0,64.8,0.417,0.666
94.0,65.3,-0.545,0.674
94.0,65.8,-1.507,0.682
94.0,66.3,0.673,0.689
94.0,66.8,-0.224,0.697
94.0,67.3,-1.186,0.705
94.0,67.8,0.994,0.713
94.0,68.3,0.032,0.720
94.0,68.8,-0.866,0.728
94.0,69.3,1.314,0.736
94.0,69.8,0.353,0.743
94.0,70.4,-0.609,0.751
94.0,70.9,-1.507,0.758
94.0,71.4,0.673,0.766
94.0,71.9,-0.289,0.773
94.0,72.4,-1.250,0.781
94.0,72.9,0.930,0.788
94.0,73.4,0.032,0.796
94.0,73.9,-0.930,0.803
94.0,74.4,1.250,0.811
94.0,74.9,0.289,0.818
94.0,75.4,-0.673,0.826
94.0,75.9,1.571,0.833
94.0,76.4,0.609,0.841
94.0,76.9,-0.353,0.848
94.0,77.4,-1.314,0.856
94.0,77.9,0.866,0.863
94.0,78.4,-0.096,0.870
94.0,78.9,-1.058,0.878
94.0,79.4,1.122,0.885
94.0,79.9,0.224,0.892
94.0,80.4,-0.737,0.900
94.0,80.9,1.443,0.907
94.0,81.4,0.481,0.914
94.0,81.9,-0.481,0.922
94.0,82.4,-1.443,0.929
94.0,82.9,0.737,0.936
94.0,83.4,-0.224,0.943
94.0,83.9,-1.186,0.950
94.0,84.4,0.994,0.957
94.0,84.9,0.032,0.964
94.0,85.4,-0.866,0.972
94.0,85.9,1.314,0.979
94.0,86.4,0.353,0.986
94.0,86.9,-0.609,0.993
94.0,87.4,1.571,1.000
94.0,87.9,0.609,1.007
94.0,88.4,-0.353,1.015
94.0,88.9,-1.314,1.022
94.0,89.4,0.866,1.029
94.0,89.9,-0.096,1.036
94.0,90.5,-1.058,1.043
94.0,91.0,1.122,1.050
94.0,91.5,0.160,1.056
94.0,92.0,-0.801,1.063
94.0,92.5,1.378,1.070
94.0,93.0,0.417,1.077
94.0,93.5,-0.545,1.084
94.0,94.0,-1.507,1.091
94.0,94.5,0.609,1.098
94.0,95.0,-0.353,1.105
94.0,95.5,-1.314,1.111
94.0,96.0,0.866,1.118
94.0,96.5,-0.096,1.125
94.0,97.0,-1.058,1.132
94.0,97.5,1.122,1.139
94.0,98.0,0.160,1.145
94.0,98.5,-0.801,1.152
94.0,99.0,1.378,1.159
94.0,99.5,0.417,1.165
94.0,100.0,-0.609,1.172
94.5,0.0,1.250,0.380
94.5,0.5,0.353,0.372
94.5,1.0,-0.545,0.364
94.5,1.5,-1.443,0.356
94.5,2.0,0.801,0.348
94.5,2.5,-0.096,0.340
94.5,3.0,-0.994,0.332
94.5,3.5,1.250,0.324
94.5,4.0,0.353,0.316
94.5,4.5,-0.545,0.307
94.5,5.0,-1.443,0.299
94.5,5.5,0.801,0.291
94.5,6.0,-0.096,0.283
94.5,6.5,-0.994,0.275
94.5,7.0,1.250,0.267
94.5,7.5,0.353,0.259
94.5,8.0,-0.545,0.251
94.5,8.5,-1.443,0.243
94.5,9.0,0.801,0.234
94.5,9.5,-0.096,0.226
94.5,10.1,-0.994,0.218
94.5,10.6,1.250,0.210
94.5,11.1,0.289,0.202
94.5,11.6,-0.609,0.194
94.5,12.1,-1.507,0.185
94.5,12.6,0.737,0.177
94.5,13.1,-0.160,0.169
94.5,13.6,-1.058,0.161
94.5,14.1,1.186,0.153
94.5,14.6,0.289,0.145
94.5,15.1,-0.609,0.136
94.5,15.6,-1.571,0.128
94.5,16.1,0.673,0.120
94.5,16.6,-0.224,0.112
94.5,17.1,-1.122,0.104
94.5,17.6,1.122,0.096
94.5,18.1,0.224,0.087
94.5,18.6,-0.673,0.079
94.5,19.1,1.507,0.071
94.5,19.6,0.609,0.063
94.5,20.1,-0.289,0.055
94.5,20.6,-1.186,0.047
94.5,21.1,1.058,0.038
94.5,21.6,0.096,0.030
94.5,22.1,-0.801,0.022
94.5,22.6,1.443,0.014
94.5,23.1,0.545,0.006
94.5,23.6,-0.353,0.003
94.5,24.1,-1.314,0.011
94.5,24.6,0.930,0.019
94.5,25.1,0.032,0.027
94.5,25.6,-0.866,0.035
94.5,26.1,1.314,0.044
94.5,26.6,0.417,0.052
94.5,27.1,-0.481,0.060
94.5,27.6,-1.378,0.068
94.5,28.1,0.801,0.076
94.5,28.6,-0.096,0.085
94.5,29.1,-0.994,0.093
94.5,29.6,1.250,0.101
94.5,30.2,0.289,0.109
94.5,30.7,-0.609,0.117
94.5,31.2,-1.507,0.125
94.5,31.7,0.673,0.134
94.5,32.2,-0.224,0.142
94.5,32.7,-1.122,0.150
94.5,33.2,1.058,0.158
94.5,33.7,0.160,0.166
94.5,34.2,-0.737,0.174
94.5,34.7,1.443,0.183
94.5,35.2,0.545,0.191
94.5,35.7,-0.353,0.199
94.5,36.2,-1.314,0.207
94.5,36.7,0.930,0.215
94.5,37.2,-0.032,0.223
94.5,37.7,-0.930,0.231
94.5,38.2,1.314,0.240
94.5,38.7,0.353,0.248
94.5,39.2,-0.545,0.256
94.5,39.7,-1.507,0.264
94.5,40.2,0.737,0.272
94.5,40.7,-0.160,0.280
94.5,41.2,-1.122,0.288
94.5,41.7,1.122,0.296
94.5,42.2,0.160,0.304
94.5,42.7,-0.737,0.313
94.5,43.2,1.443,0.321
94.5,43.7,0.545,0.329
94.5,44.2,-0.417,0.337
94.5,44.7,-1.314,0.345
94.5,45.2,0.930,0.353
94.5,45.7,-0.032,0.361
94.5,46.2,-0.930,0.369
94.5,46.7,1.250,0.377
94.5,47.2,0.353,0.385
94.5,47.7,-0.609,0.393
94.5,48.2,-1.507,0.401
94.5,48.7,0.673,0.409
94.5,49.2,-0.224,0.417
94.5,49.7,-1.186,0.425
94.5,50.3,0.994,0.433
94.5,50.8,0.096,0.441
94.5,51.3,-0.866,0.449
94.5,51.8,1.378,0.457
94.5,52.3,0.417,0.465
94.5,52.8,-0.481,0.473
94.5,53.3,-1.443,0.481
94.5,53.8,0.801,0.489
94.5,54.3,-0.160,0.497
94.5,54.8,-1.122,0.505
94.5,55.3,1.122,0.513
94.5,55.8,0.160,0.521
94.5,56.3,-0.737,0.528
94.5,56.8,1.443,0.536
94.5,57.3,0.481,0.544
94.5,57.8,-0.417,0.552
94.5,58.3,-1.378,0.560
94.5,58.8,0.866,0.568
94.5,59.3,-0.096,0.576
94.5,59.8,-1.058,0.584
94.5,60.3,1.186,0.591
94.5,60.8,0.224,0.599
94.5,61.3,-0.737,0.607
94.5,61.8,1.507,0.615
94.5,62.3,0.545,0.623
94.5,62.8,-0.417,0.630
94.5,63.3,-1.314,0.638
94.5,63.8,0.866,0.646
94.5,64.3,-0.096,0.654
94.5,64.8,-0.994,0.661
94.5,65.3,1.186,0.669
94.5,65.8,0.224,0.677
94.5,66.3,-0.737,0.684
94.5,66.8,1.507,0.692
94.5,67.3,0.545,0.700
94.5,67.8,-0.417,0.708
94.5,68.3,-1.378,0.715
94.5,68.8,0.866,0.723
94.5,69.3,-0.096,0.730
94.5,69.8,-1.058,0.738
94.5,70.4,1.122,0.745
94.5,70.9,0.224,0.753
94.5,71.4,-0.737,0.761
94.5,71.9,1.443,0.768
94.5,72.4,0.481,0.776
94.5,72.9,-0.481,0.783
94.5,73.4,-1.378,0.791
94.5,73.9,0.801,0.799
94.5,74.4,-0.160,0.806
94.5,74.9,-1.122,0.813
94.5,75.4,1.058,0.821
94.5,75.9,0.160,0.828
94.5,76.4,-0.801,0.836
94.5,76.9,1.378,0.843
94.5,77.4,0.417,0.851
94.5,77.9,-0.545,0.858
94.5,78.4,-1.507,0.865
94.5,78.9,0.673,0.872
94.5,79.4,-0.224,0.880
94.5,79.9,-1.186,0.887
94.5,80.4,0.994,0.895
94.5,80.9,0.032,0.902
94.5,81.4,-0.930,0.910
94.5,81.9,1.250,0.917
94.5,82.4,0.289,0.924
94.5,82.9,-0.673,0.931
94.5,83.4,1.507,0.938
94.5,83.9,0.545,0.945
94.5,84.4,-0.353,0.953
94.5,84.9,-1.314,0.960
94.5,85.4,0.866,0.967
94.5,85.9,-0.096,0.974
94.5,86.4,-1.058,0.982
94.5,86.9,1.122,0.989
94.5,87.4,0.160,0.996
94.5,87.9,-0.801,1.003
94.5,88.4,1.378,1.010
94.5,88.9,0.417,1.017
94.5,89.4,-0.545,1.024
94.5,89.9,-1.507,1.031
94.5,90.5,0.673,1.038
94.5,91.0,-0.289,1.045
94.5,91.5,-1.250,1.052
94.5,92.0,0.930,1.059
94.5,92.5,-0.032,1.066
94.5,93.0,-0.994,1.073
94.5,93.5,1.186,1.080
94.5,94.0,0.224,1.086
94.5,94.5,-0.737,1.093
94.5,95.0,1.443,1.100
94.5,95.5,0.481,1.107
94.5,96.0,-0.545,1.113
94.5,96.5,-1.507,1.120
94.5,97.0,0.673,1.127
94.5,97.5,-0.289,1.134
94.5,98.0,-1.250,1.141
94.5,98.5,0.930,1.148
94.5,99.0,-0.032,1.154
94.5,99.5,-0.994,1.161
94.5,100.0,1.186,1.168
95.0,0.0,-0.224,0.385
95.0,0.5,-1.122,0.377
95.0,1.0,1.122,0.369
95.0,1.5,0.224,0.361
95.0,2.0,-0.673,0.353
95.0,2.5,-1.571,0.345
95.0,3.0,0.673,0.337
95.0,3.5,-0.224,0.329
95.0,4.0,-1.122,0.321
95.0,4.5,1.186,0.313
95.0,5.0,0.224,0.305
95.0,5.5,-0.673,0.297
95.0,6.0,-1.571,0.288
95.0,6.5,0.673,0.280
95.0,7.0,-0.224,0.272
95.0,7.5,-1.122,0.264
95.0,8.0,1.122,0.256
95.0,8.5,0.224,0.248
95.0,9.0,-0.673,0.240
95.0,9.5,-1.571,0.232
95.0,10.1,0.673,0.224
95.0,10.6,-0.224,0.215
95.0,11.1,-1.122,0.207
95.0,11.6,1.122,0.199
95.0,12.1,0.224,0.191
95.0,12.6,-0.673,0.183
95.0,13.1,1.571,0.175
95.0,13.6,0.673,0.166
95.0,14.1,-0.289,0.158
95.0,14.6,-1.186,0.150
95.0,15.1,1.058,0.142
95.0,15.6,0.160,0.134
95.0,16.1,-0.737,0.126
95.0,16.6,1.507,0.117
95.0,17.1,0.609,0.109
95.0,17.6,-0.289,0.101
95.0,18.1,-1.250,0.093
95.0,18.6,0.994,0.085
95.0,19.1,0.096,0.077
95.0,19.6,-0.801,0.068
95.0,20.1,1.443,0.060
95.0,20.6,0.545,0.052
95.0,21.1,-0.417,0.044
95.0,21.6,-1.314,0.036
95.0,22.1,0.930,0.027
95.0,22.6,0.032,0.019
95.0,23.1,-0.866,0.011
95.0,23.6,1.314,0.003
95.0,24.1,0.417,0.005
95.0,24.6,-0.481,0.013
95.0,25.1,-1.378,0.022
95.0,25.6,0.801,0.030
95.0,26.1,-0.096,0.038
95.0,26.6,-0.994,0.046
95.0,27.1,1.250,0.054
95.0,27.6,0.289,0.063
95.0,28.1,-0.609,0.071
95.0,28.6,-1.507,0.079
95.0,29.1,0.737,0.087
95.0,29.6,-0.224,0.095
95.0,30.2,-1.122,0.104
95.0,30.7,1.122,0.112
95.0,31.2,0.160,0.120
95.0,31.7,-0.737,0.128
95.0,32.2,1.507,0.136
95.0,32.7,0.545,0.144
95.0,33.2,-0.353,0.153
95.0,33.7,-1.250,0.161
95.0,34.2,0.930,0.169
95.0,34.7,0.032,0.177
95.0,35.2,-0.866,0.185
95.0,35.7,1.314,0.193
95.0,36.2,0.417,0.202
95.0,36.7,-0.481,0.210
95.0,37.2,-1.443,0.218
95.0,37.7,0.801,0.226
95.0,38.2,-0.160,0.234
95.0,38.7,-1.058,0.242
95.0,39.2,1.186,0.250
95.0,39.7,0.224,0.258
95.0,40.2,-0.673,0.267
95.0,40.7,1.507,0.275
95.0,41.2,0.609,0.283
95.0,41.7,-0.289,0.291
95.0,42.2,-1.250,0.299
95.0,42.7,0.994,0.307
95.0,43.2,0.032,0.315
95.0,43.7,-0.866,0.323
95.0,44.2,1.314,0.331
95.0,44.7,0.417,0.339
95.0,45.2,-0.545,0.347
95.0,45.7,-1.443,0.356
95.0,46.2,0.737,0.364
95.0,46.7,-0.160,0.372
95.0,47.2,-1.122,0.380
95.0,47.7,1.122,0.388
95.0,48.2,0.160,0.396
95.0,48.7,-0.737,0.404
95.0,49.2,1.443,0.412
95.0,49.7,0.545,0.420
95.0,50.3,-0.417,0.428
95.0,50.8,-1.314,0.436
95.0,51.3,0.866,0.444
95.0,51.8,-0.032,0.452
95.0,52.3,-0.994,0.460
95.0,52.8,1.250,0.468
95.0,53.3,0.289,0.476
95.0,53.8,-0.609,0.483
95.0,54.3,1.571,0.492
95.0,54.8,0.609,0.499
95.0,55.3,-0.289,0.507
95.0,55.8,-1.250,0.515
95.0,56.3,0.994,0.523
95.0,56.8,0.032,0.531
95.0,57.3,-0.930,0.539
95.0,57.8,1.314,0.547
95.0,58.3,0.353,0.555
95.0,58.8,-0.609,0.562
95.0,59.3,-1.507,0.571
95.0,59.8,0.673,0.578
95.0,60.3,-0.224,0.586
95.0,60.8,-1.186,0.594
95.0,61.3,0.994,0.602
95.0,61.8,0.096,0.609
95.0,62.3,-0.866,0.617
95.0,62.8,1.314,0.625
95.0,63.3,0.417,0.633
95.0,63.8,-0.545,0.641
95.0,64.3,-1.507,0.648
95.0,64.8,0.737,0.656
95.0,65.3,-0.224,0.664
95.0,65.8,-1.186,0.672
95.0,66.3,0.994,0.679
95.0,66.8,0.096,0.687
95.0,67.3,-0.866,0.695
95.0,67.8,1.314,0.702
95.0,68.3,0.353,0.710
95.0,68.8,-0.545,0.718
95.0,69.3,-1.507,0.725
95.0,69.8,0.673,0.733
95.0,70.4,-0.289,0.740
95.0,70.9,-1.186,0.748
95.0,71.4,0.994,0.756
95.0,71.9,0.032,0.763
95.0,72.4,-0.930,0.771
95.0,72.9,1.314,0.778
95.0,73.4,0.353,0.786
95.0,73.9,-0.609,0.794
95.0,74.4,-1.571,0.801
95.0,74.9,0.609,0.808
95.0,75.4,-0.353,0.816
95.0,75.9,-1.250,0.823
95.0,76.4,0.930,0.831
95.0,76.9,-0.032,0.838
95.0,77.4,-0.994,0.846
95.0,77.9,1.186,0.853
95.0,78.4,0.224,0.860
95.0,78.9,-0.673,0.868
95.0,79.4,1.507,0.875
95.0,79.9,0.545,0.883
95.0,80.4,-0.417,0.890
95.0,80.9,-1.378,0.897
95.0,81.4,0.801,0.905
95.0,81.9,-0.160,0.912
95.0,82.4,-1.122,0.919
95.0,82.9,1.058,0.926
95.0,83.4,0.160,0.933
95.0,83.9,-0.801,0.941
95.0,84.4,1.378,0.948
95.0,84.9,0.417,0.955
95.0,85.4,-0.545,0.963
95.0,85.9,-1.507,0.970
95.0,86.4,0.673,0.977
95.0,86.9,-0.289,0.984
95.0,87.4,-1.250,0.991
95.0,87.9,0.930,0.998
95.0,88.4,-0.032,1.005
95.0,88.9,-0.994,1.012
95.0,89.4,1.186,1.019
95.0,89.9,0.224,1.026
95.0,90.5,-0.737,1.033
95.0,91.0,1.443,1.040
95.0,91.5,0.481,1.047
95.0,92.0,-0.481,1.054
95.0,92.5,-1.443,1.061
95.0,93.0,0.737,1.068
95.0,93.5,-0.224,1.075
95.0,94.0,-1.186,1.082
95.0,94.5,0.994,1.089
95.0,95.0,0.032,1.096
95.0,95.5,-0.930,1.103
95.0,96.0,1.250,1.109
95.0,96.5,0.289,1.116
95.0,97.0,-0.673,1.123
95.0,97.5,1.507,1.129
95.0,98.0,0.481,1.136
95.0,98.5,-0.481,1.143
95.0,99.0,-1.443,1.150
95.0,99.5,0.737,1.157
95.0,100.0,-0.224,1.163
95.5,0.0,1.507,0.391
95.5,0.5,0.609,0.383
95.5,1.0,-0.289,0.375
95.5,1.5,-1.186,0.367
95.5,2.0,1.058,0.359
95.5,2.5,0.160,0.351
95.5,3.0,-0.737,0.343
95.5,3.5,1.507,0.335
95.5,4.0,0.609,0.326
95.5,4.5,-0.289,0.318
95.5,5.0,-1.186,0.310
95.5,5.5,1.058,0.302
95.5,6.0,0.160,0.294
95.5,6.5,-0.737,0.286
95.5,7.0,1.507,0.278
95.5,7.5,0.609,0.270
95.5,8.0,-0.289,0.262
95.5,8.5,-1.186,0.253
95.5,9.0,1.058,0.245
95.5,9.5,0.160,0.237
95.5,10.1,-0.737,0.229
95.5,10.6,1.507,0.221
95.5,11.1,0.609,0.213
95.5,11.6,-0.353,0.205
95.5,12.1,-1.250,0.196
95.5,12.6,0.994,0.188
95.5,13.1,0.096,0.180
95.5,13.6,-0.801,0.172
95.5,14.1,1.443,0.164
95.5,14.6,0.545,0.156
95.5,15.1,-0.353,0.148
95.5,15.6,-1.250,0.139
95.5,16.1,0.994,0.131
95.5,16.6,0.032,0.123
95.5,17.1,-0.866,0.115
95.5,17.6,1.378,0.107
95.5,18.1,0.481,0.098
95.5,18.6,-0.417,0.090
95.5,19.1,-1.314,0.082
95.5,19.6,0.930,0.074
95.5,20.1,-0.032,0.066
95.5,20.6,-0.930,0.058
95.5,21.1,1.314,0.049
95.5,21.6,0.417,0.041
95.5,22.1,-0.481,0.033
95.5,22.6,-1.443,0.025
95.5,23.1,0.801,0.017
95.5,23.6,-0.096,0.008
95.5,24.1,-0.994,0.000
95.5,24.6,1.250,0.008
95.5,25.1,0.289,0.016
95.5,25.6,-0.609,0.024
95.5,26.1,-1.507,0.033
95.5,26.6,0.737,0.041
95.5,27.1,-0.224,0.049
95.5,27.6,-1.122,0.057
95.5,28.1,1.122,0.065
95.5,28.6,0.160,0.073
95.5,29.1,-0.737,0.082
95.5,29.6,1.507,0.090
95.5,30.2,0.609,0.098
95.5,30.7,-0.353,0.106
95.5,31.2,-1.250,0.114
95.5,31.7,0.994,0.123
95.5,32.2,0.032,0.131
95.5,32.7,-0.866,0.139
95.5,33.2,1.378,0.147
95.5,33.7,0.417,0.155
95.5,34.2,-0.481,0.163
95.5,34.7,-1.378,0.172
95.5,35.2,0.801,0.180
95.5,35.7,-0.096,0.188
95.5,36.2,-0.994,0.196
95.5,36.7,1.186,0.204
95.5,37.2,0.289,0.212
95.5,37.7,-0.609,0.220
95.5,38.2,-1.571,0.229
95.5,38.7,0.673,0.237
95.5,39.2,-0.289,0.245
95.5,39.7,-1.186,0.253
95.5,40.2,1.058,0.261
95.5,40.7,0.096,0.269
95.5,41.2,-0.801,0.277
95.5,41.7,1.378,0.285
95.5,42.2,0.481,0.294
95.5,42.7,-0.481,0.302
95.5,43.2,-1.378,0.310
95.5,43.7,0.866,0.318
95.5,44.2,-0.096,0.326
95.5,44.7,-0.994,0.334
95.5,45.2,1.186,0.342
95.5,45.7,0.289,0.350
95.5,46.2,-0.673,0.358
95.5,46.7,1.571,0.366
95.5,47.2,0.609,0.374
95.5,47.7,-0.289,0.382
95.5,48.2,-1.250,0.390
95.5,48.7,0.994,0.398
95.5,49.2,0.032,0.406
95.5,49.7,-0.866,0.414
95.5,50.3,1.314,0.422
95.5,50.8,0.417,0.430
95.5,51.3,-0.545,0.438
95.5,51.8,-1.443,0.446
95.5,52.3,0.737,0.454
95.5,52.8,-0.160,0.462
95.5,53.3,-1.122,0.470
95.5,53.8,1.058,0.478
95.5,54.3,0.160,0.486
95.5,54.8,-0.801,0.494
95.5,55.3,1.443,0.502
95.5,55.8,0.481,0.510
95.5,56.3,-0.481,0.518
95.5,56.8,-1.378,0.526
95.5,57.3,0.801,0.534
95.5,57.8,-0.096,0.542
95.5,58.3,-1.058,0.550
95.5,58.8,1.122,0.557
95.5,59.3,0.224,0.565
95.5,59.8,-0.737,0.573
95.5,60.3,1.507,0.581
95.5,60.8,0.545,0.589
95.5,61.3,-0.417,0.597
95.5,61.8,-1.314,0.604
95.5,62.3,0.866,0.612
95.5,62.8,-0.096,0.620
95.5,63.3,-0.994,0.628
95.5,63.8,1.186,0.636
95.5,64.3,0.224,0.643
95.5,64.8,-0.737,0.651
95.5,65.3,1.507,0.659
95.5,65.8,0.545,0.667
95.5,66.3,-0.417,0.674
95.5,66.8,-1.314,0.682
95.5,67.3,0.866,0.690
95.5,67.8,-0.096,0.697
95.5,68.3,-1.058,0.705
95.5,68.8,1.186,0.713
95.5,69.3,0.224,0.720
95.5,69.8,-0.737,0.728
95.5,70.4,1.443,0.735
95.5,70.9,0.545,0.743
95.5,71.4,-0.417,0.751
95.5,71.9,-1.378,0.758
95.5,72.4,0.801,0.766
95.5,72.9,-0.096,0.773
95.5,73.4,-1.058,0.781
95.5,73.9,1.122,0.789
95.5,74.4,0.160,0.796
95.5,74.9,-0.801,0.803
95.5,75.4,1.443,0.811
95.5,75.9,0.481,0.818
95.5,76.4,-0.481,0.826
95.5,76.9,-1.443,0.833
95.5,77.4,0.737,0.841
95.5,77.9,-0.224,0.848
95.5,78.4,-1.122,0.855
95.5,78.9,1.058,0.863
95.5,79.4,0.096,0.870
95.5,79.9,-0.866,0.878
95.5,80.4,1.314,0.885
95.5,80.9,0.353,0.892
95.5,81.4,-0.609,0.900
95.5,81.9,-1.571,0.907
95.5,82.4,0.609,0.914
95.5,82.9,-0.289,0.921
95.5,83.4,-1.250,0.929
95.5,83.9,0.930,0.936
95.5,84.4,-0.032,0.943
95.5,84.9,-0.994,0.951
95.5,85.4,1.186,0.958
95.5,85.9,0.224,0.965
95.5,86.4,-0.737,0.972
95.5,86.9,1.443,0.979
95.5,87.4,0.481,0.986
95.5,87.9,-0.481,0.993
95.5,88.4,-1.443,1.001
95.5,88.9,0.737,1.008
95.5,89.4,-0.224,1.015
95.5,89.9,-1.186,1.022
95.5,90.5,0.994,1.029
95.5,91.0,0.032,1.036
95.5,91.5,-0.930,1.043
95.5,92.0,1.250,1.050
95.5,92.5,0.289,1.057
95.5,93.0,-0.673,1.064
95.5,93.5,1.507,1.071
95.5,94.0,0.545,1.077
95.5,94.5,-0.417,1.084
95.5,95.0,-1.378,1.091
95.5,95.5,0.801,1.098
95.5,96.0,-0.160,1.105
95.5,96.5,-1.122,1.112
95.5,97.0,1.058,1.118
95.5,97.5,0.096,1.125
95.5,98.0,-0.866,1.132
95.5,98.5,1.314,1.138
95.5,99.0,0.289,1.145
95.5,99.5,-0.673,1.152
95.5,100.0,1.507,1.159
96.0,0.0,0.032,0.396
96.0,0.5,-0.866,0.388
96.0,1.0,1.378,0.380
96.0,1.5,0.481,0.372
96.0,2.0,-0.417,0.364
96.0,2.5,-1.314,0.356
96.0,3.0,0.930,0.348
96.0,3.5,0.096,0.340
96.0,4.0,-0.801,0.332
96.0,4.5,1.443,0.324
96.0,5.0,0.545,0.316
96.0,5.5,-0.353,0.308
96.0,6.0,-1.250,0.299
96.0,6.5,0.994,0.291
96.0,7.0,0.032,0.283
96.0,7.5,-0.866,0.275
96.0,8.0,1.378,0.267
96.0,8.5,0.481,0.259
96.0,9.0,-0.417,0.251
96.0,9.5,-1.314,0.243
96.0,10.1,0.930,0.235
96.0,10.6,0.032,0.226
96.0,11.1,-0.866,0.218
96.0,11.6,1.378,0.210
96.0,12.1,0.481,0.202
96.0,12.6,-0.417,0.194
96.0,13.1,-1.314,0.186
96.0,13.6,0.930,0.178
96.0,14.1,0.032,0.169
96.0,14.6,-0.866,0.161
96.0,15.1,1.314,0.153
96.0,15.6,0.417,0.145
96.0,16.1,-0.481,0.137
96.0,16.6,-1.378,0.129
96.0,17.1,0.866,0.120
96.0,17.6,-0.032,0.112
96.0,18.1,-0.930,0.104
96.0,18.6,1.250,0.096
96.0,19.1,0.353,0.088
96.0,19.6,-0.545,0.079
96.0,20.1,-1.443,0.071
96.0,20.6,0.801,0.063
96.0,21.1,-0.096,0.055
96.0,21.6,-1.058,0.047
96.0,22.1,1.186,0.038
96.0,22.6,0.289,0.030
96.0,23.1,-0.609,0.022
96.0,23.6,-1.507,0.014
96.0,24.1,0.673,0.006
96.0,24.6,-0.224,0.002
96.0,25.1,-1.122,0.011
96.0,25.6,1.122,0.019
96.0,26.1,0.160,0.027
96.0,26.6,-0.737,0.035
96.0,27.1,1.507,0.043
96.0,27.6,0.609,0.052
96.0,28.1,-0.353,0.060
96.0,28.6,-1.250,0.068
96.0,29.1,0.994,0.076
96.0,29.6,0.096,0.084
96.0,30.2,-0.866,0.093
96.0,30.7,1.378,0.101
96.0,31.2,0.481,0.109
96.0,31.7,-0.481,0.117
96.0,32.2,-1.378,0.125
96.0,32.7,0.866,0.133
96.0,33.2,-0.032,0.142
96.0,33.7,-0.994,0.150
96.0,34.2,1.250,0.158
96.0,34.7,0.353,0.166
96.0,35.2,-0.609,0.174
96.0,35.7,-1.507,0.182
96.0,36.2,0.673,0.191
96.0,36.7,-0.224,0.199
96.0,37.2,-1.122,0.207
96.0,37.7,1.058,0.215
96.0,38.2,0.160,0.223
96.0,38.7,-0.737,0.231
96.0,39.2,1.443,0.239
96.0,39.7,0.545,0.248
96.0,40.2,-0.417,0.256
96.0,40.7,-1.314,0.264
96.0,41.2,0.930,0.272
96.0,41.7,-0.032,0.280
96.0,42.2,-0.930,0.288
96.0,42.7,1.250,0.296
96.0,43.2,0.353,0.304
96.0,43.7,-0.609,0.312
96.0,44.2,-1.507,0.321
96.0,44.7,0.737,0.328
96.0,45.2,-0.224,0.337
96.0,45.7,-1.122,0.345
96.0,46.2,1.058,0.353
96.0,46.7,0.160,0.361
96.0,47.2,-0.801,0.369
96.0,47.7,1.443,0.377
96.0,48.2,0.481,0.385
96.0,48.7,-0.417,0.393
96.0,49.2,-1.378,0.401
96.0,49.7,0.866,0.409
96.0,50.3,-0.096,0.417
96.0,50.8,-0.994,0.425
96.0,51.3,1.186,0.433
96.0,51.8,0.289,0.441
96.0,52.3,-0.673,0.449
96.0,52.8,1.507,0.457
96.0,53.3,0.609,0.465
96.0,53.8,-0.353,0.473
96.0,54.3,-1.250,0.481
96.0,54.8,0.930,0.489
96.0,55.3,0.032,0.497
96.0,55.8,-0.930,0.505
96.0,56.3,1.250,0.513
96.0,56.8,0.353,0.521
96.0,57.3,-0.609,0.529
96.0,57.8,-1.507,0.536
96.0,58.3,0.673,0.544
96.0,58.8,-0.289,0.552
96.0,59.3,-1.186,0.560
96.0,59.8,0.994,0.568
96.0,60.3,0.032,0.576
96.0,60.8,-0.866,0.584
96.0,61.3,1.314,0.591
96.0,61.8,0.417,0.599
96.0,62.3,-0.545,0.607
96.0,62.8,-1.507,0.615
96.0,63.3,0.737,0.622
96.0,63.8,-0.224,0.630
96.0,64.3,-1.186,0.638
96.0,64.8,0.994,0.646
96.0,65.3,0.096,0.654
96.0,65.8,-0.866,0.661
96.0,66.3,1.314,0.669
96.0,66.8,0.417,0.677
96.0,67.3,-0.545,0.685
96.0,67.8,-1.507,0.692
96.0,68.3,0.673,0.700
96.0,68.8,-0.224,0.707
96.0,69.3,-1.186,0.715
96.0,69.8,0.994,0.723
96.0,70.4,0.032,0.730
96.0,70.9,-0.866,0.738
96.0,71.4,1.314,0.746
96.0,71.9,0.353,0.753
96.0,72.4,-0.609,0.761
96.0,72.9,-1.507,0.768
96.0,73.4,0.673,0.776
96.0,73.9,-0.289,0.784
96.0,74.4,-1.250,0.791
96.0,74.9,0.930,0.798
96.0,75.4,0.032,0.806
96.0,75.9,-0.930,0.813
96.0,76.4,1.250,0.821
96.0,76.9,0.289,0.828
96.0,77.4,-0.673,0.836
96.0,77.9,1.507,0.843
96.0,78.4,0.609,0.851
96.0,78.9,-0.353,0.858
96.0,79.4,-1.314,0.866
96.0,79.9,0.866,0.873
96.0,80.4,-0.096,0.880
96.0,80.9,-1.058,0.888
96.0,81.4,1.122,0.895
96.0,81.9,0.224,0.902
96.0,82.4,-0.737,0.909
96.0,82.9,1.443,0.917
96.0,83.4,0.481,0.924
96.0,83.9,-0.481,0.931
96.0,84.4,-1.443,0.939
96.0,84.9,0.737,0.946
96.0,85.4,-0.224,0.953
96.0,85.9,-1.186,0.960
96.0,86.4,0.994,0.967
96.0,86.9,0.032,0.974
96.0,87.4,-0.930,0.981
96.0,87.9,1.250,0.989
96.0,88.4,0.289,0.996
96.0,88.9,-0.673,1.003
96.0,89.4,1.507,1.010
96.0,89.9,0.545,1.017
96.0,90.5,-0.417,1.024
96.0,91.0,-1.378,1.031
96.0,91.5,0.801,1.038
96.0,92.0,-0.160,1.045
96.0,92.5,-1.122,1.052
96.0,93.0,1.058,1.059
96.0,93.5,0.096,1.066
96.0,94.0,-0.866,1.073
96.0,94.5,1.314,1.080
96.0,95.0,0.353,1.087
96.0,95.5,-0.609,1.093
96.0,96.0,-1.571,1.100
96.0,96.5,0.609,1.107
96.0,97.0,-0.353,1.114
96.0,97.5,-1.314,1.121
96.0,98.0,0.866,1.128
96.0,98.5,-0.096,1.134
96.0,99.0,-1.058,1.141
96.0,99.5,1.122,1.147
96.0,100.0,0.160,1.154
96.5,0.0,-1.378,0.402
96.5,0.5,0.866,0.394
96.5,1.0,-0.032,0.386
96.5,1.5,-0.930,0.378
96.5,2.0,1.314,0.370
96.5,2.5,0.417,0.362
96.5,3.0,-0.481,0.354
96.5,3.5,-1.378,0.345
96.5,4.0,0.866,0.337
96.5,4.5,-0.032,0.329
96.5,5.0,-0.930,0.321
96.5,5.5,1.314,0.313
96.5,6.0,0.417,0.305
96.5,6.5,-0.481,0.297
96.5,7.0,-1.378,0.289
96.5,7.5,0.866,0.281
96.5,8.0,-0.032,0.273
96.5,8.5,-0.930,0.264
96.5,9.0,1.314,0.256
96.5,9.5,0.417,0.248
96.5,10.1,-0.481,0.240
96.5,10.6,-1.378,0.232
96.5,11.1,0.866,0.224
96.5,11.6,-0.032,0.216
96.5,12.1,-0.930,0.207
96.5,12.6,1.250,0.199
96.5,13.1,0.353,0.191
96.5,13.6,-0.545,0.183
96.5,14.1,-1.443,0.175
96.5,14.6,0.801,0.167
96.5,15.1,-0.096,0.159
96.5,15.6,-0.994,0.150
96.5,16.1,1.250,0.142
96.5,16.6,0.353,0.134
96.5,17.1,-0.545,0.126
96.5,17.6,-1.507,0.118
96.5,18.1,0.737,0.109
96.5,18.6,-0.160,0.101
96.5,19.1,-1.058,0.093
96.5,19.6,1.186,0.085
96.5,20.1,0.289,0.077
96.5,20.6,-0.673,0.069
96.5,21.1,-1.571,0.060
96.5,21.6,0.673,0.052
96.5,22.1,-0.224,0.044
96.5,22.6,-1.122,0.036
96.5,23.1,1.058,0.028
96.5,23.6,0.160,0.019
96.5,24.1,-0.737,0.011
96.5,24.6,1.507,0.003
96.5,25.1,0.609,0.005
96.5,25.6,-0.353,0.013
96.5,26.1,-1.250,0.022
96.5,26.6,0.994,0.030
96.5,27.1,0.096,0.038
96.5,27.6,-0.866,0.046
96.5,28.1,1.378,0.054
96.5,28.6,0.481,0.063
96.5,29.1,-0.417,0.071
96.5,29.6,-1.378,0.079
96.5,30.2,0.866,0.087
96.5,30.7,-0.032,0.095
96.5,31.2,-0.994,0.103
96.5,31.7,1.250,0.112
96.5,32.2,0.353,0.120
96.5,32.7,-0.545,0.128
96.5,33.2,-1.507,0.136
96.5,33.7,0.737,0.144
96.5,34.2,-0.160,0.152
96.5,34.7,-1.122,0.161
96.5,35.2,1.122,0.169
96.5,35.7,0.224,0.177
96.5,36.2,-0.737,0.185
96.5,36.7,1.507,0.193
96.5,37.2,0.545,0.201
96.5,37.7,-0.353,0.210
96.5,38.2,-1.250,0.218
96.5,38.7,0.930,0.226
96.5,39.2,0.032,0.234
96.5,39.7,-0.866,0.242
96.5,40.2,1.314,0.250
96.5,40.7,0.417,0.258
96.5,41.2,-0.545,0.266
96.5,41.7,-1.443,0.275
96.5,42.2,0.801,0.283
96.5,42.7,-0.160,0.291
96.5,43.2,-1.058,0.299
96.5,43.7,1.122,0.307
96.5,44.2,0.224,0.315
96.5,44.7,-0.737,0.323
96.5,45.2,1.507,0.331
96.5,45.7,0.545,0.339
96.5,46.2,-0.353,0.347
96.5,46.7,-1.314,0.355
96.5,47.2,0.930,0.364
96.5,47.7,-0.032,0.371
96.5,48.2,-0.930,0.380
96.5,48.7,1.314,0.388
96.5,49.2,0.353,0.396
96.5,49.7,-0.609,0.404
96.5,50.3,-1.507,0.412
96.5,50.8,0.673,0.420
96.5,51.3,-0.224,0.428
96.5,51.8,-1.186,0.436
96.5,52.3,1.058,0.444
96.5,52.8,0.096,0.452
96.5,53.3,-0.801,0.460
96.5,53.8,1.378,0.468
96.5,54.3,0.481,0.476
96.5,54.8,-0.481,0.484
96.5,55.3,-1.443,0.491
96.5,55.8,0.801,0.500
96.5,56.3,-0.160,0.507
96.5,56.8,-1.058,0.515
96.5,57.3,1.122,0.523
96.5,57.8,0.224,0.531
96.5,58.3,-0.737,0.539
96.5,58.8,1.443,0.547
96.5,59.3,0.545,0.555
96.5,59.8,-0.417,0.563
96.5,60.3,-1.378,0.570
96.5,60.8,0.866,0.578
96.5,61.3,-0.096,0.586
96.5,61.8,-1.058,0.594
96.5,62.3,1.186,0.602
96.5,62.8,0.224,0.610
96.5,63.3,-0.737,0.617
96.5,63.8,1.507,0.625
96.5,64.3,0.545,0.633
96.5,64.8,-0.417,0.641
96.5,65.3,-1.314,0.648
96.5,65.8,0.866,0.656
96.5,66.3,-0.096,0.664
96.5,66.8,-0.994,0.672
96.5,67.3,1.186,0.679
96.5,67.8,0.224,0.687
96.5,68.3,-0.737,0.694
96.5,68.8,1.507,0.702
96.5,69.3,0.545,0.710
96.5,69.8,-0.417,0.718
96.5,70.4,-1.314,0.725
96.5,70.9,0.866,0.733
96.5,71.4,-0.096,0.741
96.5,71.9,-1.058,0.748
96.5,72.4,1.122,0.756
96.5,72.9,0.224,0.763
96.5,73.4,-0.737,0.771
96.5,73.9,1.443,0.779
96.5,74.4,0.481,0.786
96.5,74.9,-0.481,0.793
96.5,75.4,-1.378,0.801
96.5,75.9,0.801,0.809
96.5,76.4,-0.160,0.816
96.5,76.9,-1.122,0.823
96.5,77.4,1.058,0.831
96.5,77.9,0.160,0.838
96.5,78.4,-0.801,0.846
96.5,78.9,1.378,0.853
96.5,79.4,0.417,0.861
96.5,79.9,-0.545,0.868
96.5,80.4,-1.507,0.875
96.5,80.9,0.673,0.882
96.5,81.4,-0.224,0.890
96.5,81.9,-1.186,0.897
96.5,82.4,0.994,0.905
96.5,82.9,0.032,0.912
96.5,83.4,-0.930,0.919
96.5,83.9,1.250,0.927
96.5,84.4,0.289,0.934
96.5,84.9,-0.673,0.941
96.5,85.4,1.507,0.948
96.5,85.9,0.545,0.955
96.5,86.4,-0.417,0.962
96.5,86.9,-1.378,0.969
96.5,87.4,0.801,0.977
96.5,87.9,-0.096,0.984
96.5,88.4,-1.058,0.991
96.5,88.9,1.122,0.998
96.5,89.4,0.160,1.005
96.5,89.9,-0.801,1.012
96.5,90.5,1.378,1.019
96.5,91.0,0.417,1.026
96.5,91.5,-0.545,1.033
96.5,92.0,-1.507,1.040
96.5,92.5,0.673,1.047
96.5,93.0,-0.289,1.054
96.5,93.5,-1.250,1.061
96.5,94.0,0.930,1.068
96.5,94.5,-0.032,1.075
96.5,95.0,-0.994,1.082
96.5,95.5,1.122,1.089
96.5,96.0,0.160,1.096
96.5,96.5,-0.801,1.102
96.5,97.0,1.378,1.109
96.5,97.5,0.417,1.116
96.5,98.0,-0.545,1.123
96.5,98.5,-1.507,1.130
96.5,99.0,0.673,1.137
96.5,99.5,-0.289,1.143
96.5,100.0,-1.250,1.150
97.0,0.0,0.289,0.407
97.0,0.5,-0.609,0.399
97.0,1.0,-1.507,0.391
97.0,1.5,0.737,0.383
97.0,2.0,-0.160,0.375
97.0,2.5,-1.058,0.367
97.0,3.0,1.186,0.359
97.0,3.5,0.353,0.351
97.0,4.0,-0.545,0.343
97.0,4.5,-1.443,0.335
97.0,5.0,0.801,0.327
97.0,5.5,-0.096,0.318
97.0,6.0,-0.994,0.310
97.0,6.5,1.250,0.302
97.0,7.0,0.353,0.294
97.0,7.5,-0.545,0.286
97.0,8.0,-1.443,0.278
97.0,8.5,0.737,0.270
97.0,9.0,-0.160,0.262
97.0,9.5,-1.058,0.254
97.0,10.1,1.186,0.245
97.0,10.6,0.289,0.237
97.0,11.1,-0.609,0.229
97.0,11.6,-1.507,0.221
97.0,12.1,0.737,0.213
97.0,12.6,-0.160,0.205
97.0,13.1,-1.058,0.197
97.0,13.6,1.186,0.189
97.0,14.1,0.289,0.180
97.0,14.6,-0.609,0.172
97.0,15.1,-1.507,0.164
97.0,15.6,0.673,0.156
97.0,16.1,-0.224,0.148
97.0,16.6,-1.122,0.140
97.0,17.1,1.122,0.131
97.0,17.6,0.224,0.123
97.0,18.1,-0.673,0.115
97.0,18.6,1.571,0.107
97.0,19.1,0.673,0.099
97.0,19.6,-0.289,0.090
97.0,20.1,-1.186,0.082
97.0,20.6,1.058,0.074
97.0,21.1,0.160,0.066
97.0,21.6,-0.737,0.058
97.0,22.1,1.507,0.049
97.0,22.6,0.545,0.041
97.0,23.1,-0.353,0.033
97.0,23.6,-1.250,0.025
97.0,24.1,0.994,0.017
97.0,24.6,0.096,0.009
97.0,25.1,-0.866,0.000
97.0,25.6,1.378,0.008
97.0,26.1,0.481,0.016
97.0,26.6,-0.417,0.024
97.0,27.1,-1.378,0.032
97.0,27.6,0.866,0.041
97.0,28.1,-0.032,0.049
97.0,28.6,-0.930,0.057
97.0,29.1,1.250,0.065
97.0,29.6,0.353,0.073
97.0,30.2,-0.545,0.082
97.0,30.7,-1.507,0.090
97.0,31.2,0.737,0.098
97.0,31.7,-0.160,0.106
97.0,32.2,-1.058,0.114
97.0,32.7,1.122,0.122
97.0,33.2,0.224,0.131
97.0,33.7,-0.673,0.139
97.0,34.2,1.507,0.147
97.0,34.7,0.609,0.155
97.0,35.2,-0.289,0.163
97.0,35.7,-1.250,0.171
97.0,36.2,0.994,0.180
97.0,36.7,0.096,0.188
97.0,37.2,-0.866,0.196
97.0,37.7,1.378,0.204
97.0,38.2,0.481,0.212
97.0,38.7,-0.481,0.220
97.0,39.2,-1.378,0.229
97.0,39.7,0.801,0.237
97.0,40.2,-0.096,0.245
97.0,40.7,-0.994,0.253
97.0,41.2,1.186,0.261
97.0,41.7,0.289,0.269
97.0,42.2,-0.673,0.277
97.0,42.7,1.571,0.285
97.0,43.2,0.609,0.293
97.0,43.7,-0.289,0.302
97.0,44.2,-1.186,0.310
97.0,44.7,0.994,0.318
97.0,45.2,0.096,0.326
97.0,45.7,-0.866,0.334
97.0,46.2,1.378,0.342
97.0,46.7,0.417,0.350
97.0,47.2,-0.481,0.358
97.0,47.7,-1.443,0.366
97.0,48.2,0.801,0.374
97.0,48.7,-0.160,0.382
97.0,49.2,-1.058,0.390
97.0,49.7,1.122,0.398
97.0,50.3,0.224,0.406
97.0,50.8,-0.737,0.414
97.0,51.3,1.507,0.422
97.0,51.8,0.545,0.430
97.0,52.3,-0.353,0.438
97.0,52.8,-1.314,0.446
97.0,53.3,0.930,0.454
97.0,53.8,-0.032,0.462
97.0,54.3,-0.930,0.470
97.0,54.8,1.250,0.478
97.0,55.3,0.289,0.486
97.0,55.8,-0.609,0.494
97.0,56.3,-1.571,0.502
97.0,56.8,0.673,0.510
97.0,57.3,-0.289,0.518
97.0,57.8,-1.250,0.526
97.0,58.3,0.994,0.534
97.0,58.8,0.032,0.542
97.0,59.3,-0.866,0.549
97.0,59.8,1.314,0.557
97.0,60.3,0.353,0.565
97.0,60.8,-0.545,0.573
97.0,61.3,-1.507,0.581
97.0,61.8,0.673,0.589
97.0,62.3,-0.224,0.597
97.0,62.8,-1.186,0.604
97.0,63.3,0.994,0.612
97.0,63.8,0.096,0.620
97.0,64.3,-0.866,0.628
97.0,64.8,1.314,0.635
97.0,65.3,0.417,0.643
97.0,65.8,-0.545,0.651
97.0,66.3,-1.507,0.659
97.0,66.8,0.737,0.666
97.0,67.3,-0.224,0.674
97.0,67.8,-1.186,0.682
97.0,68.3,0.994,0.689
97.0,68.8,0.096,0.697
97.0,69.3,-0.866,0.705
97.0,69.8,1.314,0.713
97.0,70.4,0.417,0.720
97.0,70.9,-0.545,0.728
97.0,71.4,-1.507,0.736
97.0,71.9,0.673,0.743
97.0,72.4,-0.289,0.750
97.0,72.9,-1.186,0.758
97.0,73.4,0.994,0.766
97.0,73.9,0.032,0.773
97.0,74.4,-0.930,0.781
97.0,74.9,1.314,0.788
97.0,75.4,0.353,0.796
97.0,75.9,-0.609,0.804
97.0,76.4,-1.571,0.811
97.0,76.9,0.609,0.818
97.0,77.4,-0.353,0.826
97.0,77.9,-1.250,0.833
97.0,78.4,0.930,0.841
97.0,78.9,-0.032,0.848
97.0,79.4,-0.994,0.856
97.0,79.9,1.186,0.863
97.0,80.4,0.224,0.870
97.0,80.9,-0.737,0.877
97.0,81.4,1.507,0.885
97.0,81.9,0.545,0.892
97.0,82.4,-0.417,0.900
97.0,82.9,-1.378,0.907
97.0,83.4,0.801,0.914
97.0,83.9,-0.160,0.922
97.0,84.4,-1.122,0.929
97.0,84.9,1.058,0.936
97.0,85.4,0.096,0.943
97.0,85.9,-0.866,0.950
97.0,86.4,1.378,0.957
97.0,86.9,0.417,0.965
97.0,87.4,-0.545,0.972
97.0,87.9,-1.507,0.979
97.0,88.4,0.673,0.986
97.0,88.9,-0.289,0.993
97.0,89.4,-1.250,1.001
97.0,89.9,0.930,1.008
97.0,90.5,-0.032,1.015
97.0,91.0,-0.994,1.022
97.0,91.5,1.186,1.029
97.0,92.0,0.224,1.036
97.0,92.5,-0.737,1.043
97.0,93.0,1.443,1.050
97.0,93.5,0.481,1.057
97.0,94.0,-0.481,1.064
97.0,94.5,-1.443,1.071
97.0,95.0,0.737,1.077
97.0,95.5,-0.224,1.084
97.0,96.0,-1.186,1.091
97.0,96.5,0.994,1.098
97.0,97.0,0.032,1.105
97.0,97.5,-0.994,1.111
97.0,98.0,1.186,1.118
97.0,98.5,0.224,1.125
97.0,99.0,-0.737,1.132
97.0,99.5,1.443,1.139
97.0,100.0,0.481,1.146
97.5,0.0,-1.122,0.413
97.5,0.5,1.122,0.405
97.5,1.0,0.224,0.397
97.5,1.5,-0.673,0.389
97.5,2.0,1.571,0.380
97.5,2.5,0.673,0.372
97.5,3.0,-0.224,0.364
97.5,3.5,-1.122,0.356
97.5,4.0,1.122,0.348
97.5,4.5,0.224,0.340
97.5,5.0,-0.673,0.332
97.5,5.5,-1.571,0.324
97.5,6.0,0.673,0.316
97.5,6.5,-0.224,0.308
97.5,7.0,-1.122,0.300
97.5,7.5,1.122,0.292
97.5,8.0,0.224,0.284
97.5,8.5,-0.673,0.275
97.5,9.0,1.571,0.267
97.5,9.5,0.673,0.259
97.5,10.1,-0.224,0.251
97.5,10.6,-1.122,0.243
97.5,11.1,1.122,0.235
97.5,11.6,0.224,0.227
97.5,12.1,-0.673,0.218
97.5,12.6,1.571,0.210
97.5,13.1,0.673,0.202
97.5,13.6,-0.289,0.194
97.5,14.1,-1.186,0.186
97.5,14.6,1.058,0.178
97.5,15.1,0.160,0.170
97.5,15.6,-0.737,0.161
97.5,16.1,1.507,0.153
97.5,16.6,0.609,0.145
97.5,17.1,-0.289,0.137
97.5,17.6,-1.186,0.129
97.5,18.1,0.994,0.120
97.5,18.6,0.096,0.112
97.5,19.1,-0.801,0.104
97.5,19.6,1.443,0.096
97.5,20.1,0.545,0.088
97.5,20.6,-0.353,0.080
97.5,21.1,-1.250,0.071
97.5,21.6,0.930,0.063
97.5,22.1,0.032,0.055
97.5,22.6,-0.866,0.047
97.5,23.1,1.378,0.039
97.5,23.6,0.481,0.030
97.5,24.1,-0.481,0.022
97.5,24.6,-1.378,0.014
97.5,25.1,0.866,0.006
97.5,25.6,-0.032,0.002
97.5,26.1,-0.930,0.011
97.5,26.6,1.250,0.019
97.5,27.1,0.353,0.027
97.5,27.6,-0.545,0.035
97.5,28.1,-1.443,0.043
97.5,28.6,0.737,0.052
97.5,29.1,-0.160,0.060
97.5,29.6,-1.058,0.068
97.5,30.2,1.122,0.076
97.5,30.7,0.224,0.084
97.5,31.2,-0.673,0.092
97.5,31.7,1.571,0.101
97.5,32.2,0.609,0.109
97.5,32.7,-0.289,0.117
97.5,33.2,-1.186,0.125
97.5,33.7,0.994,0.133
97.5,34.2,0.096,0.142
97.5,34.7,-0.801,0.150
97.5,35.2,1.378,0.158
97.5,35.7,0.481,0.166
97.5,36.2,-0.417,0.174
97.5,36.7,-1.378,0.182
97.5,37.2,0.866,0.191
97.5,37.7,-0.032,0.199
97.5,38.2,-0.994,0.207
97.5,38.7,1.250,0.215
97.5,39.2,0.353,0.223
97.5,39.7,-0.609,0.231
97.5,40.2,-1.507,0.239
97.5,40.7,0.673,0.247
97.5,41.2,-0.224,0.256
97.5,41.7,-1.122,0.264
97.5,42.2,1.058,0.272
97.5,42.7,0.160,0.280
97.5,43.2,-0.801,0.288
97.5,43.7,1.443,0.296
97.5,44.2,0.481,0.304
97.5,44.7,-0.417,0.312
97.5,45.2,-1.314,0.320
97.5,45.7,0.866,0.329
97.5,46.2,-0.032,0.337
97.5,46.7,-0.994,0.345
97.5,47.2,1.250,0.353
97.5,47.7,0.289,0.361
97.5,48.2,-0.609,0.369
97.5,48.7,-1.571,0.377
97.5,49.2,0.673,0.385
97.5,49.7,-0.289,0.393
97.5,50.3,-1.186,0.401
97.5,50.8,0.994,0.409
97.5,51.3,0.096,0.417
97.5,51.8,-0.866,0.425
97.5,52.3,1.378,0.433
97.5,52.8,0.417,0.441
97.5,53.3,-0.481,0.449
97.5,53.8,-1.443,0.457
97.5,54.3,0.737,0.465
97.5,54.8,-0.160,0.473
97.5,55.3,-1.122,0.481
97.5,55.8,1.122,0.489
97.5,56.3,0.160,0.497
97.5,56.8,-0.737,0.505
97.5,57.3,1.443,0.513
97.5,57.8,0.481,0.520
97.5,58.3,-0.417,0.528
97.5,58.8,-1.378,0.536
97.5,59.3,0.866,0.544
97.5,59.8,-0.096,0.552
97.5,60.3,-1.058,0.560
97.5,60.8,1.186,0.568
97.5,61.3,0.224,0.576
97.5,61.8,-0.737,0.583
97.5,62.3,1.507,0.591
97.5,62.8,0.545,0.599
97.5,63.3,-0.417,0.607
97.5,63.8,-1.314,0.615
97.5,64.3,0.866,0.623
97.5,64.8,-0.096,0.630
97.5,65.3,-0.994,0.638
97.5,65.8,1.186,0.646
97.5,66.3,0.224,0.654
97.5,66.8,-0.673,0.661
97.5,67.3,1.507,0.669
97.5,67.8,0.545,0.677
97.5,68.3,-0.417,0.684
97.5,68.8,-1.314,0.692
97.5,69.3,0.866,0.700
97.5,69.8,-0.096,0.707
97.5,70.4,-0.994,0.715
97.5,70.9,1.186,0.723
97.5,71.4,0.224,0.731
97.5,71.9,-0.737,0.738
97.5,72.4,1.507,0.745
97.5,72.9,0.545,0.753
97.5,73.4,-0.417,0.761
97.5,73.9,-1.378,0.768
97.5,74.4,0.801,0.776
97.5,74.9,-0.096,0.783
97.5,75.4,-1.058,0.791
97.5,75.9,1.122,0.799
97.5,76.4,0.160,0.806
97.5,76.9,-0.801,0.813
97.5,77.4,1.443,0.821
97.5,77.9,0.481,0.828
97.5,78.4,-0.481,0.836
97.5,78.9,-1.443,0.843
97.5,79.4,0.737,0.851
97.5,79.9,-0.224,0.858
97.5,80.4,-1.186,0.865
97.5,80.9,1.058,0.873
97.5,81.4,0.096,0.880
97.5,81.9,-0.866,0.888
97.5,82.4,1.314,0.895
97.5,82.9,0.353,0.902
97.5,83.4,-0.609,0.910
97.5,83.9,-1.571,0.917
97.5,84.4,0.609,0.924
97.5,84.9,-0.353,0.931
97.5,85.4,-1.250,0.938
97.5,85.9,0.930,0.946
97.5,86.4,-0.032,0.953
97.5,86.9,-0.994,0.960
97.5,87.4,1.186,0.967
97.5,87.9,0.224,0.975
97.5,88.4,-0.737,0.982
97.5,88.9,1.443,0.989
97.5,89.4,0.481,0.996
97.5,89.9,-0.481,1.003
97.5,90.5,-1.443,1.010
97.5,91.0,0.737,1.017
97.5,91.5,-0.224,1.024
97.5,92.0,-1.186,1.031
97.5,92.5,0.994,1.038
97.5,93.0,0.032,1.045
97.5,93.5,-0.930,1.052
97.5,94.0,1.250,1.059
97.5,94.5,0.289,1.066
97.5,95.0,-0.673,1.073
97.5,95.5,1.507,1.080
97.5,96.0,0.545,1.087
97.5,96.5,-0.417,1.094
97.5,97.0,-1.378,1.100
97.5,97.5,0.801,1.107
97.5,98.0,-0.160,1.114
97.5,98.5,-1.122,1.120
97.5,99.0,0.994,1.127
97.5,99.5,0.032,1.134
97.5,100.0,-0.930,1.141
98.0,0.0,0.545,0.418
98.0,0.5,-0.353,0.410
98.0,1.0,-1.250,0.402
98.0,1.5,0.994,0.394
98.0,2.0,0.096,0.386
98.0,2.5,-0.801,0.378
98.0,3.0,1.443,0.370
98.0,3.5,0.545,0.362
98.0,4.0,-0.289,0.354
98.0,4.5,-1.186,0.346
98.0,5.0,1.058,0.337
98.0,5.5,0.160,0.329
98.0,6.0,-0.737,0.321
98.0,6.5,1.507,0.313
98.0,7.0,0.609,0.305
98.0,7.5,-0.289,0.297
98.0,8.0,-1.186,0.289
98.0,8.5,1.058,0.281
98.0,9.0,0.160,0.273
98.0,9.5,-0.801,0.265
98.0,10.1,1.443,0.256
98.0,10.6,0.545,0.248
98.0,11.1,-0.353,0.240
98.0,11.6,-1.250,0.232
98.0,12.1,0.994,0.224
98.0,12.6,0.096,0.216
98.0,13.1,-0.801,0.208
98.0,13.6,1.443,0.200
98.0,14.1,0.545,0.191
98.0,14.6,-0.353,0.183
98.0,15.1,-1.250,0.175
98.0,15.6,0.994,0.167
98.0,16.1,0.096,0.159
98.0,16.6,-0.866,0.150
98.0,17.1,1.378,0.142
98.0,17.6,0.481,0.134
98.0,18.1,-0.417,0.126
98.0,18.6,-1.314,0.118
98.0,19.1,0.930,0.110
98.0,19.6,0.032,0.101
98.0,20.1,-0.930,0.093
98.0,20.6,1.314,0.085
98.0,21.1,0.417,0.077
98.0,21.6,-0.481,0.069
98.0,22.1,-1.378,0.061
98.0,22.6,0.866,0.052
98.0,23.1,-0.096,0.044
98.0,23.6,-0.994,0.036
98.0,24.1,1.250,0.028
98.0,24.6,0.353,0.020
98.0,25.1,-0.545,0.011
98.0,25.6,-1.507,0.003
98.0,26.1,0.737,0.005
98.0,26.6,-0.160,0.013
98.0,27.1,-1.058,0.021
98.0,27.6,1.122,0.030
98.0,28.1,0.224,0.038
98.0,28.6,-0.673,0.046
98.0,29.1,1.571,0.054
98.0,29.6,0.609,0.062
98.0,30.2,-0.289,0.071
98.0,30.7,-1.186,0.079
98.0,31.2,1.058,0.087
98.0,31.7,0.096,0.095
98.0,32.2,-0.801,0.103
98.0,32.7,1.443,0.112
98.0,33.2,0.481,0.120
98.0,33.7,-0.417,0.128
98.0,34.2,-1.314,0.136
98.0,34.7,0.866,0.144
98.0,35.2,-0.032,0.152
98.0,35.7,-0.930,0.161
98.0,36.2,1.250,0.169
98.0,36.7,0.353,0.177
98.0,37.2,-0.545,0.185
98.0,37.7,-1.507,0.193
98.0,38.2,0.737,0.201
98.0,38.7,-0.160,0.209
98.0,39.2,-1.122,0.218
98.0,39.7,1.122,0.226
98.0,40.2,0.224,0.234
98.0,40.7,-0.737,0.242
98.0,41.2,1.507,0.250
98.0,41.7,0.545,0.258
98.0,42.2,-0.353,0.266
98.0,42.7,-1.250,0.274
98.0,43.2,0.930,0.283
98.0,43.7,0.032,0.291
98.0,44.2,-0.930,0.299
98.0,44.7,1.314,0.307
98.0,45.2,0.353,0.315
98.0,45.7,-0.545,0.323
98.0,46.2,-1.507,0.331
98.0,46.7,0.737,0.339
98.0,47.2,-0.224,0.347
98.0,47.7,-1.122,0.355
98.0,48.2,1.122,0.363
98.0,48.7,0.160,0.372
98.0,49.2,-0.737,0.379
98.0,49.7,1.443,0.388
98.0,50.3,0.545,0.396
98.0,50.8,-0.417,0.404
98.0,51.3,-1.314,0.412
98.0,51.8,0.866,0.420
98.0,52.3,-0.096,0.428
98.0,52.8,-0.994,0.436
98.0,53.3,1.186,0.444
98.0,53.8,0.289,0.452
98.0,54.3,-0.673,0.460
98.0,54.8,1.571,0.468
98.0,55.3,0.609,0.476
98.0,55.8,-0.289,0.483
98.0,56.3,-1.250,0.492
98.0,56.8,0.930,0.499
98.0,57.3,0.032,0.507
98.0,57.8,-0.930,0.515
98.0,58.3,1.314,0.523
98.0,58.8,0.353,0.531
98.0,59.3,-0.609,0.539
98.0,59.8,-1.507,0.547
98.0,60.3,0.673,0.555
98.0,60.8,-0.224,0.562
98.0,61.3,-1.186,0.571
98.0,61.8,0.994,0.578
98.0,62.3,0.096,0.586
98.0,62.8,-0.866,0.594
98.0,63.3,1.314,0.602
98.0,63.8,0.417,0.610
98.0,64.3,-0.545,0.617
98.0,64.8,-1.507,0.625
98.0,65.3,0.737,0.633
98.0,65.8,-0.224,0.641
98.0,66.3,-1.186,0.648
98.0,66.8,1.058,0.656
98.0,67.3,0.096,0.664
98.0,67.8,-0.866,0.672
98.0,68.3,1.314,0.679
98.0,68.8,0.417,0.687
98.0,69.3,-0.545,0.695
98.0,69.8,-1.507,0.702
98.0,70.4,0.737,0.710
98.0,70.9,-0.224,0.718
98.0,71.4,-1.186,0.725
98.0,71.9,0.994,0.733
98.0,72.4,0.096,0.740
98.0,72.9,-0.866,0.748
98.0,73.4,1.314,0.756
98.0,73.9,0.353,0.763
98.0,74.4,-0.609,0.771
98.0,74.9,-1.507,0.778
98.0,75.4,0.673,0.786
98.0,75.9,-0.289,0.794
98.0,76.4,-1.250,0.801
98.0,76.9,0.930,0.808
98.0,77.4,0.032,0.816
98.0,77.9,-0.930,0.823
98.0,78.4,1.250,0.831
98.0,78.9,0.289,0.838
98.0,79.4,-0.673,0.846
98.0,79.9,1.507,0.853
98.0,80.4,0.609,0.860
98.0,80.9,-0.353,0.868
98.0,81.4,-1.314,0.875
98.0,81.9,0.866,0.883
98.0,82.4,-0.096,0.890
98.0,82.9,-1.058,0.897
98.0,83.4,1.122,0.905
98.0,83.9,0.160,0.912
98.0,84.4,-0.801,0.919
98.0,84.9,1.443,0.926
98.0,85.4,0.481,0.934
98.0,85.9,-0.481,0.941
98.0,86.4,-1.443,0.948
98.0,86.9,0.737,0.955
98.0,87.4,-0.224,0.963
98.0,87.9,-1.186,0.970
98.0,88.4,0.994,0.977
98.0,88.9,0.032,0.984
98.0,89.4,-0.930,0.991
98.0,89.9,1.250,0.998
98.0,90.5,0.289,1.005
98.0,91.0,-0.673,1.012
98.0,91.5,1.507,1.020
98.0,92.0,0.545,1.027
98.0,92.5,-0.417,1.034
98.0,93.0,-1.378,1.041
98.0,93.5,0.801,1.048
98.0,94.0,-0.160,1.055
98.0,94.5,-1.122,1.061
98.0,95.0,1.058,1.068
98.0,95.5,0.096,1.075
98.0,96.0,-0.866,1.082
98.0,96.5,1.314,1.089
98.0,97.0,0.353,1.096
98.0,97.5,-0.609,1.103
98.0,98.0,1.571,1.110
98.0,98.5,0.609,1.116
98.0,99.0,-0.353,1.123
98.0,99.5,-1.314,1.130
98.0,100.0,0.866,1.136
98.5,0.0,-0.866,0.423
98.5,0.5,1.378,0.415
98.5,1.0,0.481,0.407
98.5,1.5,-0.417,0.399
98.5,2.0,-1.314,0.391
98.5,2.5,0.930,0.383
98.5,3.0,0.032,0.375
98.5,3.5,-0.866,0.367
98.5,4.0,1.378,0.359
98.5,4.5,0.481,0.351
98.5,5.0,-0.417,0.343
98.5,5.5,-1.314,0.335
98.5,6.0,0.930,0.327
98.5,6.5,0.032,0.319
98.5,7.0,-0.866,0.311
98.5,7.5,1.378,0.303
98.5,8.0,0.481,0.294
98.5,8.5,-0.417,0.286
98.5,9.0,-1.314,0.278
98.5,9.5,0.930,0.270
98.5,10.1,0.032,0.262
98.5,10.6,-0.866,0.254
98.5,11.1,1.378,0.246
98.5,11.6,0.481,0.238
98.5,12.1,-0.417,0.229
98.5,12.6,-1.314,0.221
98.5,13.1,0.930,0.213
98.5,13.6,0.032,0.205
98.5,14.1,-0.866,0.197
98.5,14.6,1.314,0.189
98.5,15.1,0.417,0.180
98.5,15.6,-0.481,0.172
98.5,16.1,-1.378,0.164
98.5,16.6,0.866,0.156
98.5,17.1,-0.032,0.148
98.5,17.6,-0.930,0.140
98.5,18.1,1.314,0.131
98.5,18.6,0.417,0.123
98.5,19.1,-0.545,0.115
98.5,19.6,-1.443,0.107
98.5,20.1,0.801,0.099
98.5,20.6,-0.096,0.091
98.5,21.1,-0.994,0.082
98.5,21.6,1.250,0.074
98.5,22.1,0.289,0.066
98.5,22.6,-0.609,0.058
98.5,23.1,-1.507,0.050
98.5,23.6,0.737,0.041
98.5,24.1,-0.160,0.033
98.5,24.6,-1.122,0.025
98.5,25.1,1.122,0.017
98.5,25.6,0.224,0.009
98.5,26.1,-0.673,0.000
98.5,26.6,1.571,0.008
98.5,27.1,0.609,0.016
98.5,27.6,-0.289,0.024
98.5,28.1,-1.186,0.032
98.5,28.6,1.058,0.041
98.5,29.1,0.096,0.049
98.5,29.6,-0.801,0.057
98.5,30.2,1.443,0.065
98.5,30.7,0.545,0.073
98.5,31.2,-0.417,0.081
98.5,31.7,-1.314,0.090
98.5,32.2,0.930,0.098
98.5,32.7,-0.032,0.106
98.5,33.2,-0.930,0.114
98.5,33.7,1.314,0.122
98.5,34.2,0.417,0.131
98.5,34.7,-0.545,0.139
98.5,35.2,-1.443,0.147
98.5,35.7,0.801,0.155
98.5,36.2,-0.160,0.163
98.5,36.7,-1.058,0.171
98.5,37.2,1.186,0.180
98.5,37.7,0.224,0.188
98.5,38.2,-0.673,0.196
98.5,38.7,1.507,0.204
98.5,39.2,0.609,0.212
98.5,39.7,-0.289,0.220
98.5,40.2,-1.250,0.228
98.5,40.7,0.994,0.237
98.5,41.2,0.096,0.245
98.5,41.7,-0.866,0.253
98.5,42.2,1.378,0.261
98.5,42.7,0.417,0.269
98.5,43.2,-0.481,0.277
98.5,43.7,-1.443,0.285
98.5,44.2,0.801,0.293
98.5,44.7,-0.096,0.301
98.5,45.2,-1.058,0.310
98.5,45.7,1.186,0.318
98.5,46.2,0.224,0.326
98.5,46.7,-0.673,0.334
98.5,47.2,1.507,0.342
98.5,47.7,0.609,0.350
98.5,48.2,-0.353,0.358
98.5,48.7,-1.250,0.366
98.5,49.2,0.930,0.374
98.5,49.7,0.032,0.382
98.5,50.3,-0.930,0.390
98.5,50.8,1.314,0.398
98.5,51.3,0.353,0.406
98.5,51.8,-0.545,0.414
98.5,52.3,-1.507,0.422
98.5,52.8,0.737,0.430
98.5,53.3,-0.224,0.438
98.5,53.8,-1.122,0.446
98.5,54.3,1.058,0.454
98.5,54.8,0.160,0.462
98.5,55.3,-0.801,0.470
98.5,55.8,1.443,0.478
98.5,56.3,0.481,0.486
98.5,56.8,-0.481,0.494
98.5,57.3,-1.378,0.502
98.5,57.8,0.801,0.510
98.5,58.3,-0.096,0.518
98.5,58.8,-1.058,0.526
98.5,59.3,1.122,0.534
98.5,59.8,0.224,0.542
98.5,60.3,-0.737,0.550
98.5,60.8,1.507,0.557
98.5,61.3,0.545,0.565
98.5,61.8,-0.417,0.573
98.5,62.3,-1.314,0.581
98.5,62.8,0.866,0.589
98.5,63.3,-0.096,0.596
98.5,63.8,-0.994,0.604
98.5,64.3,1.186,0.612
98.5,64.8,0.224,0.620
98.5,65.3,-0.673,0.628
98.5,65.8,1.507,0.636
98.5,66.3,0.545,0.643
98.5,66.8,-0.353,0.651
98.5,67.3,-1.314,0.659
98.5,67.8,0.866,0.667
98.5,68.3,-0.096,0.674
98.5,68.8,-0.994,0.682
98.5,69.3,1.186,0.690
98.5,69.8,0.224,0.697
98.5,70.4,-0.673,0.705
98.5,70.9,1.507,0.713
98.5,71.4,0.545,0.720
98.5,71.9,-0.417,0.728
98.5,72.4,-1.314,0.735
98.5,72.9,0.866,0.743
98.5,73.4,-0.096,0.751
98.5,73.9,-1.058,0.758
98.5,74.4,1.122,0.766
98.5,74.9,0.224,0.773
98.5,75.4,-0.737,0.781
98.5,75.9,1.443,0.789
98.5,76.4,0.481,0.796
98.5,76.9,-0.481,0.803
98.5,77.4,-1.378,0.811
98.5,77.9,0.801,0.819
98.5,78.4,-0.160,0.826
98.5,78.9,-1.122,0.833
98.5,79.4,1.058,0.841
98.5,79.9,0.096,0.848
98.5,80.4,-0.801,0.856
98.5,80.9,1.378,0.863
98.5,81.4,0.417,0.871
98.5,81.9,-0.545,0.878
98.5,82.4,-1.507,0.885
98.5,82.9,0.673,0.892
98.5,83.4,-0.289,0.900
98.5,83.9,-1.186,0.907
98.5,84.4,0.994,0.914
98.5,84.9,0.032,0.922
98.5,85.4,-0.930,0.929
98.5,85.9,1.250,0.936
98.5,86.4,0.289,0.944
98.5,86.9,-0.673,0.951
98.5,87.4,1.507,0.958
98.5,87.9,0.545,0.965
98.5,88.4,-0.417,0.972
98.5,88.9,-1.378,0.979
98.5,89.4,0.801,0.986
98.5,89.9,-0.160,0.993
98.5,90.5,-1.122,1.001
98.5,91.0,1.058,1.008
98.5,91.5,0.096,1.015
98.5,92.0,-0.866,1.022
98.5,92.5,1.314,1.029
98.5,93.0,0.353,1.036
98.5,93.5,-0.609,1.043
98.5,94.0,-1.571,1.050
98.5,94.5,0.609,1.057
98.5,95.0,-0.353,1.064
98.5,95.5,-1.314,1.071
98.5,96.0,0.866,1.078
98.5,96.5,-0.096,1.084
98.5,97.0,-1.058,1.091
98.5,97.5,1.122,1.098
98.5,98.0,0.160,1.105
98.5,98.5,-0.801,1.112
98.5,99.0,1.378,1.119
98.5,99.5,0.417,1.125
98.5,100.0,-0.545,1.132
99.0,0.0,0.801,0.429
99.0,0.5,-0.096,0.421
99.0,1.0,-0.994,0.413
99.0,1.5,1.250,0.405
99.0,2.0,0.353,0.397
99.0,2.5,-0.545,0.389
99.0,3.0,-1.443,0.381
99.0,3.5,0.801,0.372
99.0,4.0,-0.032,0.364
99.0,4.5,-0.930,0.356
99.0,5.0,1.314,0.348
99.0,5.5,0.417,0.340
99.0,6.0,-0.481,0.332
99.0,6.5,-1.378,0.324
99.0,7.0,0.866,0.316
99.0,7.5,-0.032,0.308
99.0,8.0,-0.930,0.300
99.0,8.5,1.314,0.292
99.0,9.0,0.417,0.284
99.0,9.5,-0.481,0.275
99.0,10.1,-1.378,0.267
99.0,10.6,0.866,0.259
99.0,11.1,-0.096,0.251
99.0,11.6,-0.994,0.243
99.0,12.1,1.250,0.235
99.0,12.6,0.353,0.227
99.0,13.1,-0.545,0.219
99.0,13.6,-1.443,0.210
99.0,14.1,0.801,0.202
99.0,14.6,-0.096,0.194
99.0,15.1,-0.994,0.186
99.0,15.6,1.250,0.178
99.0,16.1,0.353,0.170
99.0,16.6,-0.545,0.161
99.0,17.1,-1.443,0.153
99.0,17.6,0.737,0.145
99.0,18.1,-0.160,0.137
99.0,18.6,-1.058,0.129
99.0,19.1,1.186,0.121
99.0,19.6,0.289,0.112
99.0,20.1,-0.609,0.104
99.0,20.6,-1.507,0.096
99.0,21.1,0.673,0.088
99.0,21.6,-0.224,0.080
99.0,22.1,-1.122,0.072
99.0,22.6,1.122,0.063
99.0,23.1,0.224,0.055
99.0,23.6,-0.673,0.047
99.0,24.1,1.507,0.039
99.0,24.6,0.609,0.031
99.0,25.1,-0.289,0.022
99.0,25.6,-1.186,0.014
99.0,26.1,1.058,0.006
99.0,26.6,0.096,0.002
99.0,27.1,-0.801,0.010
99.0,27.6,1.443,0.019
99.0,28.1,0.545,0.027
99.0,28.6,-0.417,0.035
99.0,29.1,-1.314,0.043
99.0,29.6,0.930,0.051
99.0,30.2,0.032,0.060
99.0,30.7,-0.930,0.068
99.0,31.2,1.314,0.076
99.0,31.7,0.417,0.084
99.0,32.2,-0.545,0.092
99.0,32.7,-1.443,0.101
99.0,33.2,0.801,0.109
99.0,33.7,-0.096,0.117
99.0,34.2,-1.058,0.125
99.0,34.7,1.186,0.133
99.0,35.2,0.289,0.141
99.0,35.7,-0.673,0.150
99.0,36.2,1.571,0.158
99.0,36.7,0.673,0.166
99.0,37.2,-0.289,0.174
99.0,37.7,-1.186,0.182
99.0,38.2,1.058,0.190
99.0,38.7,0.096,0.199
99.0,39.2,-0.801,0.207
99.0,39.7,1.378,0.215
99.0,40.2,0.481,0.223
99.0,40.7,-0.417,0.231
99.0,41.2,-1.378,0.239
99.0,41.7,0.866,0.247
99.0,42.2,-0.032,0.255
99.0,42.7,-0.994,0.264
99.0,43.2,1.250,0.272
99.0,43.7,0.289,0.280
99.0,44.2,-0.609,0.288
99.0,44.7,-1.571,0.296
99.0,45.2,0.673,0.304
99.0,45.7,-0.224,0.312
99.0,46.2,-1.186,0.320
99.0,46.7,1.058,0.328
99.0,47.2,0.096,0.337
99.0,47.7,-0.801,0.345
99.0,48.2,1.378,0.353
99.0,48.7,0.481,0.361
99.0,49.2,-0.481,0.369
99.0,49.7,-1.378,0.377
99.0,50.3,0.801,0.385
99.0,50.8,-0.096,0.393
99.0,51.3,-1.058,0.401
99.0,51.8,1.186,0.409
99.0,52.3,0.224,0.417
99.0,52.8,-0.673,0.425
99.0,53.3,1.507,0.433
99.0,53.8,0.609,0.441
99.0,54.3,-0.353,0.449
99.0,54.8,-1.250,0.457
99.0,55.3,0.930,0.465
99.0,55.8,-0.032,0.473
99.0,56.3,-0.930,0.481
99.0,56.8,1.250,0.489
99.0,57.3,0.353,0.497
99.0,57.8,-0.609,0.505
99.0,58.3,-1.507,0.512
99.0,58.8,0.673,0.521
99.0,59.3,-0.289,0.528
99.0,59.8,-1.186,0.536
99.0,60.3,0.994,0.544
99.0,60.8,0.032,0.552
99.0,61.3,-0.866,0.560
99.0,61.8,1.314,0.568
99.0,62.3,0.417,0.576
99.0,62.8,-0.545,0.584
99.0,63.3,-1.507,0.591
99.0,63.8,0.737,0.599
99.0,64.3,-0.224,0.607
99.0,64.8,-1.186,0.615
99.0,65.3,1.058,0.622
99.0,65.8,0.096,0.630
99.0,66.3,-0.866,0.638
99.0,66.8,1.378,0.646
99.0,67.3,0.417,0.654
99.0,67.8,-0.545,0.661
99.0,68.3,-1.507,0.669
99.0,68.8,0.737,0.677
99.0,69.3,-0.224,0.685
99.0,69.8,-1.186,0.692
99.0,70.4,1.058,0.700
99.0,70.9,0.096,0.708
99.0,71.4,-0.866,0.715
99.0,71.9,1.314,0.723
99.0,72.4,0.417,0.730
99.0,72.9,-0.545,0.738
99.0,73.4,-1.507,0.746
99.0,73.9,0.673,0.753
99.0,74.4,-0.224,0.761
99.0,74.9,-1.186,0.768
99.0,75.4,0.994,0.776
99.0,75.9,0.032,0.784
99.0,76.4,-0.930,0.791
99.0,76.9,1.314,0.798
99.0,77.4,0.353,0.806
99.0,77.9,-0.609,0.814
99.0,78.4,-1.571,0.821
99.0,78.9,0.609,0.828
99.0,79.4,-0.353,0.836
99.0,79.9,-1.250,0.843
99.0,80.4,0.930,0.851
99.0,80.9,-0.032,0.858
99.0,81.4,-0.994,0.866
99.0,81.9,1.186,0.873
99.0,82.4,0.224,0.880
99.0,82.9,-0.737,0.887
99.0,83.4,1.507,0.895
99.0,83.9,0.545,0.902
99.0,84.4,-0.417,0.910
99.0,84.9,-1.378,0.917
99.0,85.4,0.801,0.924
99.0,85.9,-0.160,0.931
99.0,86.4,-1.122,0.939
99.0,86.9,1.058,0.946
99.0,87.4,0.096,0.953
99.0,87.9,-0.866,0.960
99.0,88.4,1.314,0.967
99.0,88.9,0.353,0.974
99.0,89.4,-0.609,0.981
99.0,89.9,-1.571,0.989
99.0,90.5,0.673,0.996
99.0,91.0,-0.289,1.003
99.0,91.5,-1.250,1.010
99.0,92.0,0.930,1.017
99.0,92.5,-0.032,1.024
99.0,93.0,-0.994,1.031
99.0,93.5,1.186,1.038
99.0,94.0,0.224,1.045
99.0,94.5,-0.737,1.052
99.0,95.0,1.443,1.059
99.0,95.5,0.481,1.066
99.0,96.0,-0.545,1.073
99.0,96.5,-1.507,1.080
99.0,97.0,0.673,1.087
99.0,97.5,-0.289,1.094
99.0,98.0,-1.250,1.100
99.0,98.5,0.930,1.107
99.0,99.0,-0.032,1.114
99.0,99.5,-0.994,1.121
99.0,100.0,1.186,1.128
99.5,0.0,-0.673,0.434
99.5,0.5,-1.507,0.426
99.5,1.0,0.737,0.418
99.5,1.5,-0.160,0.410
99.5,2.0,-1.058,0.402
99.5,2.5,1.186,0.394
99.5,3.0,0.289,0.386
99.5,3.5,-0.609,0.378
99.5,4.0,-1.507,0.370
99.5,4.5,0.737,0.362
99.5,5.0,-0.160,0.354
99.5,5.5,-1.058,0.346
99.5,6.0,1.186,0.338
99.5,6.5,0.289,0.330
99.5,7.0,-0.609,0.322
99.5,7.5,-1.507,0.313
99.5,8.0,0.737,0.305
99.5,8.5,-0.160,0.297
99.5,9.0,-1.058,0.289
99.5,9.5,1.186,0.281
99.5,10.1,0.289,0.273
99.5,10.6,-0.609,0.265
99.5,11.1,-1.507,0.257
99.5,11.6,0.737,0.249
99.5,12.1,-0.160,0.240
99.5,12.6,-1.058,0.232
99.5,13.1,1.186,0.224
99.5,13.6,0.289,0.216
99.5,14.1,-0.609,0.208
99.5,14.6,-1.507,0.200
99.5,15.1,0.673,0.191
99.5,15.6,-0.224,0.183
99.5,16.1,-1.122,0.175
99.5,16.6,1.122,0.167
99.5,17.1,0.224,0.159
99.5,17.6,-0.673,0.151
99.5,18.1,1.571,0.143
99.5,18.6,0.673,0.134
99.5,19.1,-0.224,0.126
99.5,19.6,-1.186,0.118
99.5,20.1,1.058,0.110
99.5,20.6,0.160,0.102
99.5,21.1,-0.737,0.093
99.5,21.6,1.507,0.085
99.5,22.1,0.609,0.077
99.5,22.6,-0.289,0.069
99.5,23.1,-1.250,0.061
99.5,23.6,0.994,0.052
99.5,24.1,0.096,0.044
99.5,24.6,-0.801,0.036
99.5,25.1,1.443,0.028
99.5,25.6,0.481,0.020
99.5,26.1,-0.417,0.011
99.5,26.6,-1.314,0.003
99.5,27.1,0.930,0.005
99.5,27.6,0.032,0.013
99.5,28.1,-0.930,0.021
99.5,28.6,1.314,0.030
99.5,29.1,0.417,0.038
99.5,29.6,-0.481,0.046
99.5,30.2,-1.443,0.054
99.5,30.7,0.801,0.062
99.5,31.2,-0.096,0.070
99.5,31.7,-1.058,0.079
99.5,32.2,1.186,0.087
99.5,32.7,0.289,0.095
99.5,33.2,-0.609,0.103
99.5,33.7,-1.571,0.111
99.5,34.2,0.673,0.120
99.5,34.7,-0.224,0.128
99.5,35.2,-1.186,0.136
99.5,35.7,1.058,0.144
99.5,36.2,0.160,0.152
99.5,36.7,-0.801,0.160
99.5,37.2,1.443,0.169
99.5,37.7,0.545,0.177
99.5,38.2,-0.417,0.185
99.5,38.7,-1.314,0.193
99.5,39.2,0.930,0.201
99.5,39.7,-0.032,0.209
99.5,40.2,-0.930,0.218
99.5,40.7,1.250,0.226
99.5,41.2,0.353,0.234
99.5,41.7,-0.545,0.242
99.5,42.2,-1.507,0.250
99.5,42.7,0.737,0.258
99.5,43.2,-0.224,0.266
99.5,43.7,-1.122,0.275
99.5,44.2,1.122,0.283
99.5,44.7,0.160,0.291
99.5,45.2,-0.737,0.299
99.5,45.7,1.443,0.307
99.5,46.2,0.545,0.315
99.5,46.7,-0.417,0.323
99.5,47.2,-1.314,0.331
99.5,47.7,0.930,0.339
99.5,48.2,-0.032,0.347
99.5,48.7,-0.930,0.355
99.5,49.2,1.250,0.363
99.5,49.7,0.353,0.371
99.5,50.3,-0.609,0.380
99.5,50.8,-1.507,0.388
99.5,51.3,0.673,0.396
99.5,51.8,-0.224,0.404
99.5,52.3,-1.186,0.412
99.5,52.8,1.058,0.420
99.5,53.3,0.096,0.428
99.5,53.8,-0.801,0.436
99.5,54.3,1.378,0.444
99.5,54.8,0.417,0.452
99.5,55.3,-0.481,0.460
99.5,55.8,-1.443,0.468
99.5,56.3,0.801,0.476
99.5,56.8,-0.160,0.484
99.5,57.3,-1.058,0.491
99.5,57.8,1.122,0.499
99.5,58.3,0.160,0.507
99.5,58.8,-0.737,0.515
99.5,59.3,1.443,0.523
99.5,59.8,0.545,0.531
99.5,60.3,-0.417,0.539
99.5,60.8,-1.378,0.547
99.5,61.3,0.866,0.555
99.5,61.8,-0.096,0.563
99.5,62.3,-0.994,0.570
99.5,62.8,1.186,0.578
99.5,63.3,0.224,0.586
99.5,63.8,-0.673,0.594
99.5,64.3,1.507,0.602
99.5,64.8,0.545,0.610
99.5,65.3,-0.353,0.617
99.5,65.8,-1.314,0.625
99.5,66.3,0.866,0.633
99.5,66.8,-0.032,0.641
99.5,67.3,-0.994,0.649
99.5,67.8,1.186,0.656
99.5,68.3,0.224,0.664
99.5,68.8,-0.673,0.672
99.5,69.3,1.507,0.679
99.5,69.8,0.545,0.687
99.5,70.4,-0.353,0.695
99.5,70.9,-1.314,0.702
99.5,71.4,0.866,0.710
99.5,71.9,-0.096,0.718
99.5,72.4,-0.994,0.725
99.5,72.9,1.186,0.733
99.5,73.4,0.224,0.741
99.5,73.9,-0.737,0.748
99.5,74.4,1.507,0.756
99.5,74.9,0.545,0.763
99.5,75.4,-0.417,0.771
99.5,75.9,-1.378,0.779
99.5,76.4,0.801,0.786
99.5,76.9,-0.096,0.793
99.5,77.4,-1.058,0.801
99.5,77.9,1.122,0.809
99.5,78.4,0.160,0.816
99.5,78.9,-0.801,0.823
99.5,79.4,1.378,0.831
99.5,79.9,0.481,0.838
99.5,80.4,-0.481,0.846
99.5,80.9,-1.443,0.853
99.5,81.4,0.737,0.861
99.5,81.9,-0.224,0.868
99.5,82.4,-1.186,0.875
99.5,82.9,0.994,0.882
99.5,83.4,0.096,0.890
99.5,83.9,-0.866,0.897
99.5,84.4,1.314,0.905
99.5,84.9,0.353,0.912
99.5,85.4,-0.609,0.919
99.5,85.9,-1.571,0.927
99.5,86.4,0.609,0.934
99.5,86.9,-0.353,0.941
99.5,87.4,-1.314,0.948
99.5,87.9,0.866,0.955
99.5,88.4,-0.096,0.962
99.5,88.9,-0.994,0.970
99.5,89.4,1.186,0.977
99.5,89.9,0.224,0.984
99.5,90.5,-0.737,0.991
99.5,91.0,1.443,0.998
99.5,91.5,0.481,1.005
99.5,92.0,-0.481,1.012
99.5,92.5,-1.443,1.020
99.5,93.0,0.737,1.027
99.5,93.5,-0.224,1.034
99.5,94.0,-1.186,1.041
99.5,94.5,0.994,1.048
99.5,95.0,0.032,1.055
99.5,95.5,-0.930,1.061
99.5,96.0,1.250,1.068
99.5,96.5,0.289,1.075
99.5,97.0,-0.673,1.082
99.5,97.5,1.507,1.089
99.5,98.0,0.545,1.096
99.5,98.5,-0.481,1.102
99.5,99.0,-1.443,1.109
99.5,99.5,0.737,1.116
99.5,100.0,-0.224,1.123
100.0,0.0,1.058,0.440
100.0,0.5,0.160,0.432
100.0,1.0,-0.737,0.424
100.0,1.5,1.507,0.416
100.0,2.0,0.609,0.408
100.0,2.5,-0.289,0.400
100.0,3.0,-1.186,0.391
100.0,3.5,1.058,0.383
100.0,4.0,0.160,0.375
100.0,4.5,-0.673,0.367
100.0,5.0,1.571,0.359
100.0,5.5,0.673,0.351
100.0,6.0,-0.224,0.343
100.0,6.5,-1.122,0.335
100.0,7.0,1.122,0.327
100.0,7.5,0.224,0.319
100.0,8.0,-0.673,0.311
100.0,8.5,1.571,0.303
100.0,9.0,0.673,0.295
100.0,9.5,-0.224,0.286
100.0,10.1,-1.122,0.278
100.0,10.6,1.122,0.270
100.0,11.1,0.224,0.262
100.0,11.6,-0.673,0.254
100.0,12.1,1.507,0.246
100.0,12.6,0.609,0.238
100.0,13.1,-0.289,0.230
100.0,13.6,-1.186,0.221
100.0,14.1,1.058,0.213
100.0,14.6,0.160,0.205
100.0,15.1,-0.737,0.197
100.0,15.6,1.507,0.189
100.0,16.1,0.609,0.181
100.0,16.6,-0.289,0.173
100.0,17.1,-1.186,0.164
100.0,17.6,1.058,0.156
100.0,18.1,0.096,0.148
100.0,18.6,-0.801,0.140
100.0,19.1,1.443,0.132
100.0,19.6,0.545,0.123
100.0,20.1,-0.353,0.115
100.0,20.6,-1.250,0.107
100.0,21.1,0.994,0.099
100.0,21.6,0.032,0.091
100.0,22.1,-0.866,0.083
100.0,22.6,1.378,0.074
100.0,23.1,0.481,0.066
100.0,23.6,-0.417,0.058
100.0,24.1,-1.314,0.050
100.0,24.6,0.866,0.042
100.0,25.1,-0.032,0.033
100.0,25.6,-0.930,0.025
100.0,26.1,1.314,0.017
100.0,26.6,0.417,0.009
100.0,27.1,-0.545,0.001
100.0,27.6,-1.443,0.008
100.0,28.1,0.801,0.016
100.0,28.6,-0.096,0.024
100.0,29.1,-1.058,0.032
100.0,29.6,1.186,0.040
100.0,30.2,0.289,0.049
100.0,30.7,-0.609,0.057
100.0,31.2,-1.571,0.065
100.0,31.7,0.673,0.073
100.0,32.2,-0.224,0.081
100.0,32.7,-1.122,0.090
100.0,33.2,1.058,0.098
100.0,33.7,0.160,0.106
100.0,34.2,-0.737,0.114
100.0,34.7,1.443,0.122
100.0,35.2,0.545,0.130
100.0,35.7,-0.353,0.139
100.0,36.2,-1.314,0.147
100.0,36.7,0.930,0.155
100.0,37.2,0.032,0.163
100.0,37.7,-0.930,0.171
100.0,38.2,1.314,0.179
100.0,38.7,0.417,0.188
100.0,39.2,-0.545,0.196
100.0,39.7,-1.443,0.204
100.0,40.2,0.801,0.212
100.0,40.7,-0.160,0.220
100.0,41.2,-1.058,0.228
100.0,41.7,1.122,0.236
100.0,42.2,0.224,0.245
100.0,42.7,-0.673,0.253
100.0,43.2,1.507,0.261
100.0,43.7,0.609,0.269
100.0,44.2,-0.353,0.277
100.0,44.7,-1.250,0.285
100.0,45.2,0.994,0.293
100.0,45.7,0.032,0.302
100.0,46.2,-0.866,0.310
100.0,46.7,1.314,0.318
100.0,47.2,0.417,0.326
100.0,47.7,-0.545,0.334
100.0,48.2,-1.443,0.342
100.0,48.7,0.737,0.350
100.0,49.2,-0.160,0.358
100.0,49.7,-1.122,0.366
100.0,50.3,1.122,0.374
100.0,50.8,0.160,0.382
100.0,51.3,-0.737,0.390
100.0,51.8,1.443,0.398
100.0,52.3,0.545,0.406
100.0,52.8,-0.417,0.414
100.0,53.3,-1.314,0.422
100.0,53.8,0.866,0.430
100.0,54.3,-0.032,0.438
100.0,54.8,-0.994,0.446
100.0,55.3,1.250,0.454
100.0,55.8,0.289,0.462
100.0,56.3,-0.609,0.470
100.0,56.8,-1.571,0.478
100.0,57.3,0.673,0.486
100.0,57.8,-0.289,0.494
100.0,58.3,-1.250,0.502
100.0,58.8,0.994,0.510
100.0,59.3,0.032,0.518
100.0,59.8,-0.866,0.526
100.0,60.3,1.314,0.534
100.0,60.8,0.353,0.542
100.0,61.3,-0.545,0.549
100.0,61.8,-1.507,0.557
100.0,62.3,0.673,0.565
100.0,62.8,-0.224,0.573
100.0,63.3,-1.186,0.581
100.0,63.8,1.058,0.589
100.0,64.3,0.096,0.597
100.0,64.8,-0.866,0.604
100.0,65.3,1.378,0.612
100.0,65.8,0.417,0.620
100.0,66.3,-0.545,0.628
100.0,66.8,-1.443,0.635
100.0,67.3,0.737,0.643
100.0,67.8,-0.224,0.651
100.0,68.3,-1.186,0.659
100.0,68.8,1.058,0.667
100.0,69.3,0.096,0.674
100.0,69.8,-0.866,0.682
100.0,70.4,1.378,0.689
100.0,70.9,0.417,0.697
100.0,71.4,-0.545,0.705
100.0,71.9,-1.507,0.712
100.0,72.4,0.737,0.720
100.0,72.9,-0.224,0.728
100.0,73.4,-1.186,0.736
100.0,73.9,0.994,0.743
100.0,74.4,0.096,0.751
100.0,74.9,-0.866,0.758
100.0,75.4,1.314,0.766
100.0,75.9,0.353,0.773
100.0,76.4,-0.609,0.781
100.0,76.9,-1.507,0.788
100.0,77.4,0.673,0.796
100.0,77.9,-0.289,0.804
100.0,78.4,-1.250,0.811
100.0,78.9,0.930,0.818
100.0,79.4,0.032,0.826
100.0,79.9,-0.930,0.833
100.0,80.4,1.250,0.841
100.0,80.9,0.289,0.848
100.0,81.4,-0.673,0.856
100.0,81.9,1.507,0.863
100.0,82.4,0.545,0.870
100.0,82.9,-0.353,0.878
100.0,83.4,-1.314,0.885
100.0,83.9,0.866,0.893
100.0,84.4,-0.096,0.900
100.0,84.9,-1.058,0.907
100.0,85.4,1.122,0.915
100.0,85.9,0.160,0.922
100.0,86.4,-0.801,0.929
100.0,86.9,1.378,0.936
100.0,87.4,0.417,0.943
100.0,87.9,-0.481,0.950
100.0,88.4,-1.443,0.958
100.0,88.9,0.737,0.965
100.0,89.4,-0.224,0.972
100.0,89.9,-1.186,0.979
100.0,90.5,0.994,0.987
100.0,91.0,0.032,0.994
100.0,91.5,-0.930,1.001
100.0,92.0,1.250,1.008
100.0,92.5,0.289,1.015
100.0,93.0,-0.673,1.022
100.0,93.5,1.507,1.029
100.0,94.0,0.545,1.036
100.0,94.5,-0.417,1.043
100.0,95.0,-1.378,1.050
100.0,95.5,0.801,1.057
100.0,96.0,-0.160,1.064
100.0,96.5,-1.122,1.071
100.0,97.0,1.058,1.078
100.0,97.5,0.096,1.085
100.0,98.0,-0.866,1.091
100.0,98.5,1.314,1.098
100.0,99.0,0.353,1.105
100.0,99.5,-0.609,1.112
100.0,100.0,1.507,1.118
