0.0,0.0,0.156
0.0,1.0,0.206
0.0,2.0,-0.315
0.0,3.0,0.016
0.0,4.0,0.317
0.0,5.0,-0.252
0.0,6.0,-0.143
0.0,7.0,0.369
0.0,8.0,-0.127
0.0,9.0,-0.288
0.0,10.0,0.349
0.0,11.0,0.035
0.0,12.0,-0.389
0.0,13.0,0.260
0.0,14.0,0.205
0.0,15.0,-0.425
0.0,16.0,0.115
0.0,17.0,0.351
0.0,18.0,-0.390
0.0,19.0,-0.059
0.0,20.0,0.448
0.0,21.0,-0.289
0.0,22.0,-0.235
0.0,23.0,0.482
0.0,24.0,-0.139
0.0,25.0,-0.386
0.0,26.0,0.449
0.0,27.0,0.039
0.0,28.0,-0.492
0.0,29.0,0.355
0.0,30.0,0.220
0.0,31.0,-0.541
0.0,32.0,0.212
0.0,33.0,0.381
0.0,34.0,-0.528
0.0,35.0,0.041
0.0,36.0,0.507
0.0,37.0,-0.458
0.0,38.0,-0.140
0.0,39.0,0.584
0.0,40.0,-0.342
0.0,41.0,-0.312
0.0,42.0,0.609
0.0,43.0,-0.192
0.0,44.0,-0.460
0.0,45.0,0.583
0.0,46.0,-0.024
0.0,47.0,-0.574
0.0,48.0,0.513
0.0,49.0,0.147
0.0,50.0,-0.647
0.0,51.0,0.406
0.0,52.0,0.309
0.0,53.0,-0.680
0.0,54.0,0.274
0.0,55.0,0.453
0.0,56.0,-0.673
0.0,57.0,0.128
0.0,58.0,0.571
0.0,59.0,-0.632
0.0,60.0,-0.023
0.0,61.0,0.662
0.0,62.0,-0.564
0.0,63.0,-0.170
0.0,64.0,0.723
0.0,65.0,-0.475
0.0,66.0,-0.307
0.0,67.0,0.758
0.0,68.0,-0.372
0.0,69.0,-0.431
0.0,70.0,0.768
0.0,71.0,-0.262
0.0,72.0,-0.538
0.0,73.0,0.757
0.0,74.0,-0.151
0.0,75.0,-0.627
0.0,76.0,0.731
0.0,77.0,-0.042
0.0,78.0,-0.700
0.0,79.0,0.694
0.0,80.0,0.060
0.0,81.0,-0.758
0.0,82.0,0.650
0.0,83.0,0.154
0.0,84.0,-0.801
0.0,85.0,0.603
0.0,86.0,0.237
0.0,87.0,-0.834
0.0,88.0,0.556
0.0,89.0,0.310
0.0,90.0,-0.858
0.0,91.0,0.512
0.0,92.0,0.372
0.0,93.0,-0.875
0.0,94.0,0.473
0.0,95.0,0.422
0.0,96.0,-0.888
0.0,97.0,0.442
0.0,98.0,0.462
0.0,99.0,-0.899
0.0,100.0,0.419
1.0,0.0,-0.086
1.0,1.0,-0.255
1.0,2.0,0.277
1.0,3.0,0.064
1.0,4.0,-0.336
1.0,5.0,0.182
1.0,6.0,0.216
1.0,7.0,-0.351
1.0,8.0,0.037
1.0,9.0,0.337
1.0,10.0,-0.292
1.0,11.0,-0.130
1.0,12.0,0.401
1.0,13.0,-0.170
1.0,14.0,-0.286
1.0,15.0,0.395
1.0,16.0,-0.007
1.0,17.0,-0.403
1.0,18.0,0.318
1.0,19.0,0.170
1.0,20.0,-0.460
1.0,21.0,0.183
1.0,22.0,0.330
1.0,23.0,-0.448
1.0,24.0,0.012
1.0,25.0,0.451
1.0,26.0,-0.370
1.0,27.0,-0.169
1.0,28.0,0.515
1.0,29.0,-0.238
1.0,30.0,-0.337
1.0,31.0,0.515
1.0,32.0,-0.070
1.0,33.0,-0.471
1.0,34.0,0.455
1.0,35.0,0.111
1.0,36.0,-0.556
1.0,37.0,0.342
1.0,38.0,0.287
1.0,39.0,-0.587
1.0,40.0,0.193
1.0,41.0,0.439
1.0,42.0,-0.563
1.0,43.0,0.022
1.0,44.0,0.555
1.0,45.0,-0.490
1.0,46.0,-0.153
1.0,47.0,0.629
1.0,48.0,-0.378
1.0,49.0,-0.319
1.0,50.0,0.657
1.0,51.0,-0.238
1.0,52.0,-0.464
1.0,53.0,0.642
1.0,54.0,-0.083
1.0,55.0,-0.581
1.0,56.0,0.589
1.0,57.0,0.076
1.0,58.0,-0.665
1.0,59.0,0.506
1.0,60.0,0.230
1.0,61.0,-0.716
1.0,62.0,0.400
1.0,63.0,0.372
1.0,64.0,-0.737
1.0,65.0,0.281
1.0,66.0,0.495
1.0,67.0,-0.730
1.0,68.0,0.155
1.0,69.0,0.599
1.0,70.0,-0.700
1.0,71.0,0.028
1.0,72.0,0.682
1.0,73.0,-0.652
1.0,74.0,-0.093
1.0,75.0,0.745
1.0,76.0,-0.592
1.0,77.0,-0.207
1.0,78.0,0.790
1.0,79.0,-0.525
1.0,80.0,-0.310
1.0,81.0,0.820
1.0,82.0,-0.454
1.0,83.0,-0.401
1.0,84.0,0.837
1.0,85.0,-0.385
1.0,86.0,-0.481
1.0,87.0,0.845
1.0,88.0,-0.319
1.0,89.0,-0.548
1.0,90.0,0.846
1.0,91.0,-0.259
1.0,92.0,-0.604
1.0,93.0,0.844
1.0,94.0,-0.207
1.0,95.0,-0.650
1.0,96.0,0.840
1.0,97.0,-0.165
1.0,98.0,-0.686
1.0,99.0,0.838
1.0,100.0,-0.133
2.0,0.0,0.013
2.0,1.0,0.288
2.0,2.0,-0.224
2.0,3.0,-0.138
2.0,4.0,0.336
2.0,5.0,-0.104
2.0,6.0,-0.274
2.0,7.0,0.312
2.0,8.0,0.053
2.0,9.0,-0.364
2.0,10.0,0.218
2.0,11.0,0.214
2.0,12.0,-0.389
2.0,13.0,0.072
2.0,14.0,0.348
2.0,15.0,-0.340
2.0,16.0,-0.100
2.0,17.0,0.428
2.0,18.0,-0.227
2.0,19.0,-0.267
2.0,20.0,0.441
2.0,21.0,-0.067
2.0,22.0,-0.402
2.0,23.0,0.384
2.0,24.0,0.112
2.0,25.0,-0.484
2.0,26.0,0.267
2.0,27.0,0.286
2.0,28.0,-0.501
2.0,29.0,0.107
2.0,30.0,0.429
2.0,31.0,-0.454
2.0,32.0,-0.074
2.0,33.0,0.525
2.0,34.0,-0.350
2.0,35.0,-0.253
2.0,36.0,0.565
2.0,37.0,-0.203
2.0,38.0,-0.410
2.0,39.0,0.546
2.0,40.0,-0.032
2.0,41.0,-0.531
2.0,42.0,0.474
2.0,43.0,0.147
2.0,44.0,-0.607
2.0,45.0,0.360
2.0,46.0,0.316
2.0,47.0,-0.633
2.0,48.0,0.214
2.0,49.0,0.463
2.0,50.0,-0.613
2.0,51.0,0.053
2.0,52.0,0.579
2.0,53.0,-0.551
2.0,54.0,-0.113
2.0,55.0,0.658
2.0,56.0,-0.456
2.0,57.0,-0.272
2.0,58.0,0.701
2.0,59.0,-0.337
2.0,60.0,-0.416
2.0,61.0,0.708
2.0,62.0,-0.204
2.0,63.0,-0.538
2.0,64.0,0.685
2.0,65.0,-0.064
2.0,66.0,-0.637
2.0,67.0,0.636
2.0,68.0,0.074
2.0,69.0,-0.711
2.0,70.0,0.568
2.0,71.0,0.205
2.0,72.0,-0.762
2.0,73.0,0.486
2.0,74.0,0.326
2.0,75.0,-0.791
2.0,76.0,0.397
2.0,77.0,0.434
2.0,78.0,-0.803
2.0,79.0,0.306
2.0,80.0,0.528
2.0,81.0,-0.801
2.0,82.0,0.215
2.0,83.0,0.607
2.0,84.0,-0.788
2.0,85.0,0.130
2.0,86.0,0.673
2.0,87.0,-0.769
2.0,88.0,0.051
2.0,89.0,0.727
2.0,90.0,-0.746
2.0,91.0,-0.019
2.0,92.0,0.771
2.0,93.0,-0.723
2.0,94.0,-0.079
2.0,95.0,0.805
2.0,96.0,-0.702
2.0,97.0,-0.128
2.0,98.0,0.833
2.0,99.0,-0.685
2.0,100.0,-0.166
3.0,0.0,0.058
3.0,1.0,-0.304
3.0,2.0,0.161
3.0,3.0,0.201
3.0,4.0,-0.317
3.0,5.0,0.023
3.0,6.0,0.314
3.0,7.0,-0.256
3.0,8.0,-0.137
3.0,9.0,0.369
3.0,10.0,-0.134
3.0,11.0,-0.283
3.0,12.0,0.353
3.0,13.0,0.027
3.0,14.0,-0.387
3.0,15.0,0.266
3.0,16.0,0.197
3.0,17.0,-0.426
3.0,18.0,0.123
3.0,19.0,0.345
3.0,20.0,-0.394
3.0,21.0,-0.050
3.0,22.0,0.446
3.0,23.0,-0.296
3.0,24.0,-0.227
3.0,25.0,0.483
3.0,26.0,-0.148
3.0,27.0,-0.380
3.0,28.0,0.454
3.0,29.0,0.029
3.0,30.0,-0.489
3.0,31.0,0.362
3.0,32.0,0.210
3.0,33.0,-0.541
3.0,34.0,0.222
3.0,35.0,0.374
3.0,36.0,-0.532
3.0,37.0,0.052
3.0,38.0,0.501
3.0,39.0,-0.465
3.0,40.0,-0.129
3.0,41.0,0.582
3.0,42.0,-0.351
3.0,43.0,-0.301
3.0,44.0,0.610
3.0,45.0,-0.204
3.0,46.0,-0.451
3.0,47.0,0.588
3.0,48.0,-0.037
3.0,49.0,-0.568
3.0,50.0,0.521
3.0,51.0,0.134
3.0,52.0,-0.645
3.0,53.0,0.417
3.0,54.0,0.297
3.0,55.0,-0.680
3.0,56.0,0.287
3.0,57.0,0.442
3.0,58.0,-0.677
3.0,59.0,0.142
3.0,60.0,0.563
3.0,61.0,-0.639
3.0,62.0,-0.008
3.0,63.0,0.656
3.0,64.0,-0.573
3.0,65.0,-0.155
3.0,66.0,0.720
3.0,67.0,-0.486
3.0,68.0,-0.293
3.0,69.0,0.757
3.0,70.0,-0.386
3.0,71.0,-0.418
3.0,72.0,0.770
3.0,73.0,-0.277
3.0,74.0,-0.526
3.0,75.0,0.762
3.0,76.0,-0.167
3.0,77.0,-0.617
3.0,78.0,0.738
3.0,79.0,-0.059
3.0,80.0,-0.692
3.0,81.0,0.703
3.0,82.0,0.043
3.0,83.0,-0.750
3.0,84.0,0.661
3.0,85.0,0.136
3.0,86.0,-0.796
3.0,87.0,0.615
3.0,88.0,0.220
3.0,89.0,-0.830
3.0,90.0,0.570
3.0,91.0,0.293
3.0,92.0,-0.855
3.0,93.0,0.527
3.0,94.0,0.354
3.0,95.0,-0.874
3.0,96.0,0.490
3.0,97.0,0.405
3.0,98.0,-0.888
3.0,99.0,0.459
3.0,100.0,0.445
4.0,0.0,-0.123
4.0,1.0,0.303
4.0,2.0,-0.091
4.0,3.0,-0.252
4.0,4.0,0.280
4.0,5.0,0.058
4.0,6.0,-0.335
4.0,7.0,0.188
4.0,8.0,0.211
4.0,9.0,-0.352
4.0,10.0,0.044
4.0,11.0,0.334
4.0,12.0,-0.297
4.0,13.0,-0.123
4.0,14.0,0.401
4.0,15.0,-0.177
4.0,16.0,-0.280
4.0,17.0,0.397
4.0,18.0,-0.015
4.0,19.0,-0.399
4.0,20.0,0.324
4.0,21.0,0.162
4.0,22.0,-0.459
4.0,23.0,0.191
4.0,24.0,0.324
4.0,25.0,-0.451
4.0,26.0,0.022
4.0,27.0,0.447
4.0,28.0,-0.376
4.0,29.0,-0.160
4.0,30.0,0.514
4.0,31.0,-0.247
4.0,32.0,-0.329
4.0,33.0,0.518
4.0,34.0,-0.081
4.0,35.0,-0.465
4.0,36.0,0.461
4.0,37.0,0.100
4.0,38.0,-0.554
4.0,39.0,0.352
4.0,40.0,0.277
4.0,41.0,-0.588
4.0,42.0,0.204
4.0,43.0,0.431
4.0,44.0,-0.567
4.0,45.0,0.034
4.0,46.0,0.550
4.0,47.0,-0.498
4.0,48.0,-0.141
4.0,49.0,0.626
4.0,50.0,-0.388
4.0,51.0,-0.308
4.0,52.0,0.658
4.0,53.0,-0.250
4.0,54.0,-0.454
4.0,55.0,0.646
4.0,56.0,-0.096
4.0,57.0,-0.573
4.0,58.0,0.596
4.0,59.0,0.062
4.0,60.0,-0.660
4.0,61.0,0.516
4.0,62.0,0.216
4.0,63.0,-0.715
4.0,64.0,0.413
4.0,65.0,0.359
4.0,66.0,-0.738
4.0,67.0,0.295
4.0,68.0,0.484
4.0,69.0,-0.734
4.0,70.0,0.170
4.0,71.0,0.589
4.0,72.0,-0.706
4.0,73.0,0.044
4.0,74.0,0.674
4.0,75.0,-0.661
4.0,76.0,-0.077
4.0,77.0,0.740
4.0,78.0,-0.603
4.0,79.0,-0.191
4.0,80.0,0.787
4.0,81.0,-0.538
4.0,82.0,-0.294
4.0,83.0,0.818
4.0,84.0,-0.469
4.0,85.0,-0.386
4.0,86.0,0.837
4.0,87.0,-0.401
4.0,88.0,-0.466
4.0,89.0,0.847
4.0,90.0,-0.336
4.0,91.0,-0.534
4.0,92.0,0.850
4.0,93.0,-0.277
4.0,94.0,-0.590
4.0,95.0,0.849
4.0,96.0,-0.226
4.0,97.0,-0.636
4.0,98.0,0.847
4.0,99.0,-0.184
4.0,100.0,-0.673
5.0,0.0,0.179
5.0,1.0,-0.285
5.0,2.0,0.019
5.0,3.0,0.286
5.0,4.0,-0.229
5.0,5.0,-0.132
5.0,6.0,0.336
5.0,7.0,-0.110
5.0,8.0,-0.270
5.0,9.0,0.315
5.0,10.0,0.046
5.0,11.0,-0.363
5.0,12.0,0.224
5.0,13.0,0.208
5.0,14.0,-0.390
5.0,15.0,0.080
5.0,16.0,0.344
5.0,17.0,-0.345
5.0,18.0,-0.092
5.0,19.0,0.427
5.0,20.0,-0.234
5.0,21.0,-0.260
5.0,22.0,0.443
5.0,23.0,-0.076
5.0,24.0,-0.397
5.0,25.0,0.389
5.0,26.0,0.103
5.0,27.0,-0.482
5.0,28.0,0.275
5.0,29.0,0.277
5.0,30.0,-0.503
5.0,31.0,0.117
5.0,32.0,0.423
5.0,33.0,-0.459
5.0,34.0,-0.063
5.0,35.0,0.522
5.0,36.0,-0.358
5.0,37.0,-0.243
5.0,38.0,0.565
5.0,39.0,-0.214
5.0,40.0,-0.402
5.0,41.0,0.550
5.0,42.0,-0.044
5.0,43.0,-0.526
5.0,44.0,0.482
5.0,45.0,0.135
5.0,46.0,-0.604
5.0,47.0,0.370
5.0,48.0,0.305
5.0,49.0,-0.634
5.0,50.0,0.227
5.0,51.0,0.454
5.0,52.0,-0.617
5.0,53.0,0.066
5.0,54.0,0.572
5.0,55.0,-0.559
5.0,56.0,-0.100
5.0,57.0,0.654
5.0,58.0,-0.467
5.0,59.0,-0.259
5.0,60.0,0.700
5.0,61.0,-0.350
5.0,62.0,-0.404
5.0,63.0,0.711
5.0,64.0,-0.218
5.0,65.0,-0.528
5.0,66.0,0.690
5.0,67.0,-0.080
5.0,68.0,-0.629
5.0,69.0,0.644
5.0,70.0,0.058
5.0,71.0,-0.705
5.0,72.0,0.579
5.0,73.0,0.190
5.0,74.0,-0.758
5.0,75.0,0.499
5.0,76.0,0.311
5.0,77.0,-0.790
5.0,78.0,0.412
5.0,79.0,0.420
5.0,80.0,-0.805
5.0,81.0,0.322
5.0,82.0,0.514
5.0,83.0,-0.805
5.0,84.0,0.232
5.0,85.0,0.595
5.0,86.0,-0.794
5.0,87.0,0.147
5.0,88.0,0.662
5.0,89.0,-0.777
5.0,90.0,0.069
5.0,91.0,0.717
5.0,92.0,-0.756
5.0,93.0,-0.000
5.0,94.0,0.762
5.0,95.0,-0.734
5.0,96.0,-0.060
5.0,97.0,0.798
5.0,98.0,-0.714
5.0,99.0,-0.109
5.0,100.0,0.826
6.0,0.0,-0.223
6.0,1.0,0.252
6.0,2.0,0.052
6.0,3.0,-0.303
6.0,4.0,0.166
6.0,5.0,0.196
6.0,6.0,-0.319
6.0,7.0,0.029
6.0,8.0,0.311
6.0,9.0,-0.261
6.0,10.0,-0.130
6.0,11.0,0.369
6.0,12.0,-0.141
6.0,13.0,-0.278
6.0,14.0,0.356
6.0,15.0,0.020
6.0,16.0,-0.384
6.0,17.0,0.272
6.0,18.0,0.190
6.0,19.0,-0.427
6.0,20.0,0.131
6.0,21.0,0.340
6.0,22.0,-0.399
6.0,23.0,-0.041
6.0,24.0,0.443
6.0,25.0,-0.304
6.0,26.0,-0.219
6.0,27.0,0.484
6.0,28.0,-0.157
6.0,29.0,-0.374
6.0,30.0,0.458
6.0,31.0,0.019
6.0,32.0,-0.485
6.0,33.0,0.370
6.0,34.0,0.201
6.0,35.0,-0.541
6.0,36.0,0.232
6.0,37.0,0.365
6.0,38.0,-0.535
6.0,39.0,0.063
6.0,40.0,0.496
6.0,41.0,-0.472
6.0,42.0,-0.117
6.0,43.0,0.579
6.0,44.0,-0.361
6.0,45.0,-0.291
6.0,46.0,0.611
6.0,47.0,-0.215
6.0,48.0,-0.443
6.0,49.0,0.593
6.0,50.0,-0.050
6.0,51.0,-0.562
6.0,52.0,0.528
6.0,53.0,0.121
6.0,54.0,-0.642
6.0,55.0,0.427
6.0,56.0,0.285
6.0,57.0,-0.681
6.0,58.0,0.300
6.0,59.0,0.431
6.0,60.0,-0.680
6.0,61.0,0.156
6.0,62.0,0.554
6.0,63.0,-0.646
6.0,64.0,0.007
6.0,65.0,0.649
6.0,66.0,-0.583
6.0,67.0,-0.140
6.0,68.0,0.716
6.0,69.0,-0.498
6.0,70.0,-0.279
6.0,71.0,0.756
6.0,72.0,-0.399
6.0,73.0,-0.404
6.0,74.0,0.771
6.0,75.0,-0.292
6.0,76.0,-0.514
6.0,77.0,0.766
6.0,78.0,-0.183
6.0,79.0,-0.606
6.0,80.0,0.745
6.0,81.0,-0.076
6.0,82.0,-0.682
6.0,83.0,0.712
6.0,84.0,0.025
6.0,85.0,-0.743
6.0,86.0,0.672
6.0,87.0,0.118
6.0,88.0,-0.790
6.0,89.0,0.628
6.0,90.0,0.202
6.0,91.0,-0.826
6.0,92.0,0.584
6.0,93.0,0.275
6.0,94.0,-0.852
6.0,95.0,0.542
6.0,96.0,0.337
6.0,97.0,-0.872
6.0,98.0,0.506
6.0,99.0,0.388
6.0,100.0,-0.887
7.0,0.0,0.254
7.0,1.0,-0.207
7.0,2.0,-0.118
7.0,3.0,0.303
7.0,4.0,-0.097
7.0,5.0,-0.248
7.0,6.0,0.283
7.0,7.0,0.051
7.0,8.0,-0.334
7.0,9.0,0.193
7.0,10.0,0.205
7.0,11.0,-0.354
7.0,12.0,0.051
7.0,13.0,0.330
7.0,14.0,-0.301
7.0,15.0,-0.115
7.0,16.0,0.400
7.0,17.0,-0.184
7.0,18.0,-0.274
7.0,19.0,0.400
7.0,20.0,-0.023
7.0,21.0,-0.396
7.0,22.0,0.330
7.0,23.0,0.154
7.0,24.0,-0.459
7.0,25.0,0.200
7.0,26.0,0.317
7.0,27.0,-0.454
7.0,28.0,0.031
7.0,29.0,0.443
7.0,30.0,-0.383
7.0,31.0,-0.151
7.0,32.0,0.513
7.0,33.0,-0.256
7.0,34.0,-0.321
7.0,35.0,0.521
7.0,36.0,-0.091
7.0,37.0,-0.459
7.0,38.0,0.467
7.0,39.0,0.090
7.0,40.0,-0.551
7.0,41.0,0.361
7.0,42.0,0.267
7.0,43.0,-0.589
7.0,44.0,0.215
7.0,45.0,0.423
7.0,46.0,-0.572
7.0,47.0,0.047
7.0,48.0,0.544
7.0,49.0,-0.505
7.0,50.0,-0.129
7.0,51.0,0.624
7.0,52.0,-0.398
7.0,53.0,-0.296
7.0,54.0,0.658
7.0,55.0,-0.263
7.0,56.0,-0.444
7.0,57.0,0.650
7.0,58.0,-0.110
7.0,59.0,-0.565
7.0,60.0,0.603
7.0,61.0,0.048
7.0,62.0,-0.655
7.0,63.0,0.526
7.0,64.0,0.203
7.0,65.0,-0.712
7.0,66.0,0.425
7.0,67.0,0.346
7.0,68.0,-0.739
7.0,69.0,0.309
7.0,70.0,0.472
7.0,71.0,-0.737
7.0,72.0,0.185
7.0,73.0,0.579
7.0,74.0,-0.713
7.0,75.0,0.061
7.0,76.0,0.666
7.0,77.0,-0.670
7.0,78.0,-0.061
7.0,79.0,0.733
7.0,80.0,-0.614
7.0,81.0,-0.174
7.0,82.0,0.783
7.0,83.0,-0.551
7.0,84.0,-0.278
7.0,85.0,0.816
7.0,86.0,-0.484
7.0,87.0,-0.370
7.0,88.0,0.837
7.0,89.0,-0.417
7.0,90.0,-0.451
7.0,91.0,0.848
7.0,92.0,-0.353
7.0,93.0,-0.519
7.0,94.0,0.853
7.0,95.0,-0.295
7.0,96.0,-0.576
7.0,97.0,0.853
7.0,98.0,-0.245
7.0,99.0,-0.623
7.0,100.0,0.852
8.0,0.0,-0.269
8.0,1.0,0.152
8.0,2.0,0.175
8.0,3.0,-0.287
8.0,4.0,0.025
8.0,5.0,0.283
8.0,6.0,-0.233
8.0,7.0,-0.126
8.0,8.0,0.337
8.0,9.0,-0.117
8.0,10.0,-0.265
8.0,11.0,0.319
8.0,12.0,0.039
8.0,13.0,-0.361
8.0,14.0,0.230
8.0,15.0,0.202
8.0,16.0,-0.391
8.0,17.0,0.087
8.0,18.0,0.339
8.0,19.0,-0.349
8.0,20.0,-0.084
8.0,21.0,0.426
8.0,22.0,-0.241
8.0,23.0,-0.253
8.0,24.0,0.445
8.0,25.0,-0.085
8.0,26.0,-0.392
8.0,27.0,0.395
8.0,28.0,0.094
8.0,29.0,-0.480
8.0,30.0,0.283
8.0,31.0,0.269
8.0,32.0,-0.505
8.0,33.0,0.127
8.0,34.0,0.417
8.0,35.0,-0.465
8.0,36.0,-0.053
8.0,37.0,0.519
8.0,38.0,-0.367
8.0,39.0,-0.233
8.0,40.0,0.565
8.0,41.0,-0.224
8.0,42.0,-0.394
8.0,43.0,0.554
8.0,44.0,-0.055
8.0,45.0,-0.520
8.0,46.0,0.489
8.0,47.0,0.123
8.0,48.0,-0.602
8.0,49.0,0.380
8.0,50.0,0.294
8.0,51.0,-0.635
8.0,52.0,0.239
8.0,53.0,0.445
8.0,54.0,-0.622
8.0,55.0,0.079
8.0,56.0,0.565
8.0,57.0,-0.566
8.0,58.0,-0.086
8.0,59.0,0.650
8.0,60.0,-0.477
8.0,61.0,-0.246
8.0,62.0,0.699
8.0,63.0,-0.362
8.0,64.0,-0.392
8.0,65.0,0.713
8.0,66.0,-0.232
8.0,67.0,-0.518
8.0,68.0,0.696
8.0,69.0,-0.095
8.0,70.0,-0.621
8.0,71.0,0.652
8.0,72.0,0.043
8.0,73.0,-0.699
8.0,74.0,0.589
8.0,75.0,0.174
8.0,76.0,-0.755
8.0,77.0,0.512
8.0,78.0,0.296
8.0,79.0,-0.789
8.0,80.0,0.426
8.0,81.0,0.405
8.0,82.0,-0.806
8.0,83.0,0.337
8.0,84.0,0.501
8.0,85.0,-0.808
8.0,86.0,0.249
8.0,87.0,0.583
8.0,88.0,-0.799
8.0,89.0,0.165
8.0,90.0,0.651
8.0,91.0,-0.784
8.0,92.0,0.088
8.0,93.0,0.707
8.0,94.0,-0.764
8.0,95.0,0.019
8.0,96.0,0.753
8.0,97.0,-0.744
8.0,98.0,-0.041
8.0,99.0,0.789
8.0,100.0,-0.725
9.0,0.0,0.270
9.0,1.0,-0.091
9.0,2.0,-0.220
9.0,3.0,0.255
9.0,4.0,0.047
9.0,5.0,-0.302
9.0,6.0,0.172
9.0,7.0,0.191
9.0,8.0,-0.320
9.0,9.0,0.036
9.0,10.0,0.308
9.0,11.0,-0.266
9.0,12.0,-0.124
9.0,13.0,0.369
9.0,14.0,-0.148
9.0,15.0,-0.273
9.0,16.0,0.359
9.0,17.0,0.012
9.0,18.0,-0.382
9.0,19.0,0.278
9.0,20.0,0.183
9.0,21.0,-0.428
9.0,22.0,0.139
9.0,23.0,0.334
9.0,24.0,-0.403
9.0,25.0,-0.033
9.0,26.0,0.440
9.0,27.0,-0.311
9.0,28.0,-0.210
9.0,29.0,0.485
9.0,30.0,-0.166
9.0,31.0,-0.367
9.0,32.0,0.462
9.0,33.0,0.009
9.0,34.0,-0.482
9.0,35.0,0.377
9.0,36.0,0.191
9.0,37.0,-0.540
9.0,38.0,0.242
9.0,39.0,0.357
9.0,40.0,-0.538
9.0,41.0,0.074
9.0,42.0,0.490
9.0,43.0,-0.479
9.0,44.0,-0.106
9.0,45.0,0.577
9.0,46.0,-0.370
9.0,47.0,-0.281
9.0,48.0,0.612
9.0,49.0,-0.227
9.0,50.0,-0.434
9.0,51.0,0.597
9.0,52.0,-0.062
9.0,53.0,-0.555
9.0,54.0,0.536
9.0,55.0,0.108
9.0,56.0,-0.638
9.0,57.0,0.438
9.0,58.0,0.273
9.0,59.0,-0.680
9.0,60.0,0.312
9.0,61.0,0.420
9.0,62.0,-0.684
9.0,63.0,0.170
9.0,64.0,0.545
9.0,65.0,-0.652
9.0,66.0,0.021
9.0,67.0,0.643
9.0,68.0,-0.592
9.0,69.0,-0.126
9.0,70.0,0.712
9.0,71.0,-0.510
9.0,72.0,-0.265
9.0,73.0,0.754
9.0,74.0,-0.413
9.0,75.0,-0.391
9.0,76.0,0.773
9.0,77.0,-0.307
9.0,78.0,-0.501
9.0,79.0,0.770
9.0,80.0,-0.199
9.0,81.0,-0.596
9.0,82.0,0.751
9.0,83.0,-0.093
9.0,84.0,-0.673
9.0,85.0,0.721
9.0,86.0,0.008
9.0,87.0,-0.735
9.0,88.0,0.682
9.0,89.0,0.101
9.0,90.0,-0.784
9.0,91.0,0.640
9.0,92.0,0.184
9.0,93.0,-0.821
9.0,94.0,0.597
9.0,95.0,0.257
9.0,96.0,-0.849
9.0,97.0,0.557
9.0,98.0,0.319
9.0,99.0,-0.870
9.0,100.0,0.521
10.0,0.0,-0.257
10.0,1.0,0.028
10.0,2.0,0.251
10.0,3.0,-0.211
10.0,4.0,-0.113
10.0,5.0,0.304
10.0,6.0,-0.103
10.0,7.0,-0.244
10.0,8.0,0.286
10.0,9.0,0.045
10.0,10.0,-0.332
10.0,11.0,0.199
10.0,12.0,0.199
10.0,13.0,-0.356
10.0,14.0,0.058
10.0,15.0,0.327
10.0,16.0,-0.306
10.0,17.0,-0.108
10.0,18.0,0.399
10.0,19.0,-0.191
10.0,20.0,-0.268
10.0,21.0,0.403
10.0,22.0,-0.032
10.0,23.0,-0.392
10.0,24.0,0.335
10.0,25.0,0.145
10.0,26.0,-0.459
10.0,27.0,0.208
10.0,28.0,0.310
10.0,29.0,-0.457
10.0,30.0,0.041
10.0,31.0,0.438
10.0,32.0,-0.389
10.0,33.0,-0.141
10.0,34.0,0.512
10.0,35.0,-0.265
10.0,36.0,-0.313
10.0,37.0,0.523
10.0,38.0,-0.102
10.0,39.0,-0.454
10.0,40.0,0.473
10.0,41.0,0.079
10.0,42.0,-0.548
10.0,43.0,0.369
10.0,44.0,0.257
10.0,45.0,-0.589
10.0,46.0,0.226
10.0,47.0,0.414
10.0,48.0,-0.576
10.0,49.0,0.059
10.0,50.0,0.538
10.0,51.0,-0.513
10.0,52.0,-0.116
10.0,53.0,0.621
10.0,54.0,-0.408
10.0,55.0,-0.284
10.0,56.0,0.659
10.0,57.0,-0.275
10.0,58.0,-0.434
10.0,59.0,0.654
10.0,60.0,-0.124
10.0,61.0,-0.557
10.0,62.0,0.610
10.0,63.0,0.034
10.0,64.0,-0.650
10.0,65.0,0.536
10.0,66.0,0.189
10.0,67.0,-0.710
10.0,68.0,0.437
10.0,69.0,0.332
10.0,70.0,-0.739
10.0,71.0,0.323
10.0,72.0,0.460
10.0,73.0,-0.741
10.0,74.0,0.201
10.0,75.0,0.569
10.0,76.0,-0.719
10.0,77.0,0.077
10.0,78.0,0.658
10.0,79.0,-0.678
10.0,80.0,-0.044
10.0,81.0,0.727
10.0,82.0,-0.625
10.0,83.0,-0.158
10.0,84.0,0.778
10.0,85.0,-0.563
10.0,86.0,-0.262
10.0,87.0,0.814
10.0,88.0,-0.498
10.0,89.0,-0.354
10.0,90.0,0.836
10.0,91.0,-0.432
10.0,92.0,-0.435
10.0,93.0,0.850
10.0,94.0,-0.370
10.0,95.0,-0.504
10.0,96.0,0.856
10.0,97.0,-0.313
10.0,98.0,-0.562
10.0,99.0,0.857
10.0,100.0,-0.263
11.0,0.0,0.230
11.0,1.0,0.034
11.0,2.0,-0.268
11.0,3.0,0.157
11.0,4.0,0.170
11.0,5.0,-0.288
11.0,6.0,0.031
11.0,7.0,0.281
11.0,8.0,-0.237
11.0,9.0,-0.120
11.0,10.0,0.337
11.0,11.0,-0.123
11.0,12.0,-0.261
11.0,13.0,0.322
11.0,14.0,0.032
11.0,15.0,-0.359
11.0,16.0,0.236
11.0,17.0,0.195
11.0,18.0,-0.393
11.0,19.0,0.095
11.0,20.0,0.335
11.0,21.0,-0.354
11.0,22.0,-0.076
11.0,23.0,0.424
11.0,24.0,-0.248
11.0,25.0,-0.246
11.0,26.0,0.447
11.0,27.0,-0.094
11.0,28.0,-0.387
11.0,29.0,0.400
11.0,30.0,0.085
11.0,31.0,-0.478
11.0,32.0,0.291
11.0,33.0,0.261
11.0,34.0,-0.506
11.0,35.0,0.136
11.0,36.0,0.411
11.0,37.0,-0.470
11.0,38.0,-0.042
11.0,39.0,0.516
11.0,40.0,-0.375
11.0,41.0,-0.223
11.0,42.0,0.566
11.0,43.0,-0.235
11.0,44.0,-0.386
11.0,45.0,0.558
11.0,46.0,-0.067
11.0,47.0,-0.514
11.0,48.0,0.496
11.0,49.0,0.111
11.0,50.0,-0.599
11.0,51.0,0.389
11.0,52.0,0.283
11.0,53.0,-0.636
11.0,54.0,0.250
11.0,55.0,0.435
11.0,56.0,-0.626
11.0,57.0,0.092
11.0,58.0,0.558
11.0,59.0,-0.574
11.0,60.0,-0.073
11.0,61.0,0.646
11.0,62.0,-0.487
11.0,63.0,-0.233
11.0,64.0,0.698
11.0,65.0,-0.375
11.0,66.0,-0.380
11.0,67.0,0.715
11.0,68.0,-0.246
11.0,69.0,-0.507
11.0,70.0,0.700
11.0,71.0,-0.110
11.0,72.0,-0.612
11.0,73.0,0.660
11.0,74.0,0.027
11.0,75.0,-0.693
11.0,76.0,0.599
11.0,77.0,0.159
11.0,78.0,-0.751
11.0,79.0,0.524
11.0,80.0,0.281
11.0,81.0,-0.788
11.0,82.0,0.440
11.0,83.0,0.391
11.0,84.0,-0.807
11.0,85.0,0.353
11.0,86.0,0.487
11.0,87.0,-0.811
11.0,88.0,0.266
11.0,89.0,0.570
11.0,90.0,-0.804
11.0,91.0,0.183
11.0,92.0,0.640
11.0,93.0,-0.791
11.0,94.0,0.106
11.0,95.0,0.697
11.0,96.0,-0.773
11.0,97.0,0.037
11.0,98.0,0.744
11.0,99.0,-0.754
11.0,100.0,-0.022
12.0,0.0,-0.193
12.0,1.0,-0.092
12.0,2.0,0.270
12.0,3.0,-0.096
12.0,4.0,-0.216
12.0,5.0,0.258
12.0,6.0,0.041
12.0,7.0,-0.301
12.0,8.0,0.177
12.0,9.0,0.186
12.0,10.0,-0.322
12.0,11.0,0.042
12.0,12.0,0.305
12.0,13.0,-0.270
12.0,14.0,-0.117
12.0,15.0,0.369
12.0,16.0,-0.154
12.0,17.0,-0.268
12.0,18.0,0.362
12.0,19.0,0.004
12.0,20.0,-0.379
12.0,21.0,0.284
12.0,22.0,0.176
12.0,23.0,-0.428
12.0,24.0,0.147
12.0,25.0,0.329
12.0,26.0,-0.406
12.0,27.0,-0.024
12.0,28.0,0.438
12.0,29.0,-0.317
12.0,30.0,-0.202
12.0,31.0,0.485
12.0,32.0,-0.175
12.0,33.0,-0.361
12.0,34.0,0.466
12.0,35.0,-0.001
12.0,36.0,-0.478
12.0,37.0,0.384
12.0,38.0,0.181
12.0,39.0,-0.540
12.0,40.0,0.251
12.0,41.0,0.349
12.0,42.0,-0.542
12.0,43.0,0.085
12.0,44.0,0.484
12.0,45.0,-0.485
12.0,46.0,-0.095
12.0,47.0,0.574
12.0,48.0,-0.380
12.0,49.0,-0.270
12.0,50.0,0.613
12.0,51.0,-0.238
12.0,52.0,-0.425
12.0,53.0,0.601
12.0,54.0,-0.075
12.0,55.0,-0.549
12.0,56.0,0.543
12.0,57.0,0.095
12.0,58.0,-0.635
12.0,59.0,0.448
12.0,60.0,0.260
12.0,61.0,-0.680
12.0,62.0,0.324
12.0,63.0,0.409
12.0,64.0,-0.686
12.0,65.0,0.184
12.0,66.0,0.536
12.0,67.0,-0.658
12.0,68.0,0.036
12.0,69.0,0.636
12.0,70.0,-0.600
12.0,71.0,-0.111
12.0,72.0,0.708
12.0,73.0,-0.521
12.0,74.0,-0.250
12.0,75.0,0.753
12.0,76.0,-0.426
12.0,77.0,-0.377
12.0,78.0,0.774
12.0,79.0,-0.322
12.0,80.0,-0.489
12.0,81.0,0.774
12.0,82.0,-0.215
12.0,83.0,-0.584
12.0,84.0,0.757
12.0,85.0,-0.110
12.0,86.0,-0.663
12.0,87.0,0.729
12.0,88.0,-0.010
12.0,89.0,-0.727
12.0,90.0,0.692
12.0,91.0,0.083
12.0,92.0,-0.777
12.0,93.0,0.652
12.0,94.0,0.166
12.0,95.0,-0.816
12.0,96.0,0.610
12.0,97.0,0.239
12.0,98.0,-0.845
12.0,99.0,0.571
12.0,100.0,0.302
13.0,0.0,0.147
13.0,1.0,0.143
13.0,2.0,-0.258
13.0,3.0,0.033
13.0,4.0,0.249
13.0,5.0,-0.215
13.0,6.0,-0.107
13.0,7.0,0.304
13.0,8.0,-0.108
13.0,9.0,-0.240
13.0,10.0,0.289
13.0,11.0,0.038
13.0,12.0,-0.331
13.0,13.0,0.205
13.0,14.0,0.193
13.0,15.0,-0.357
13.0,16.0,0.065
13.0,17.0,0.323
13.0,18.0,-0.311
13.0,19.0,-0.101
13.0,20.0,0.399
13.0,21.0,-0.198
13.0,22.0,-0.262
13.0,23.0,0.405
13.0,24.0,-0.040
13.0,25.0,-0.388
13.0,26.0,0.341
13.0,27.0,0.137
13.0,28.0,-0.458
13.0,29.0,0.216
13.0,30.0,0.303
13.0,31.0,-0.460
13.0,32.0,0.050
13.0,33.0,0.434
13.0,34.0,-0.395
13.0,35.0,-0.132
13.0,36.0,0.511
13.0,37.0,-0.274
13.0,38.0,-0.304
13.0,39.0,0.526
13.0,40.0,-0.112
13.0,41.0,-0.447
13.0,42.0,0.479
13.0,43.0,0.068
13.0,44.0,-0.545
13.0,45.0,0.378
13.0,46.0,0.246
13.0,47.0,-0.590
13.0,48.0,0.237
13.0,49.0,0.405
13.0,50.0,-0.580
13.0,51.0,0.071
13.0,52.0,0.532
13.0,53.0,-0.520
13.0,54.0,-0.104
13.0,55.0,0.618
13.0,56.0,-0.418
13.0,57.0,-0.273
13.0,58.0,0.659
13.0,59.0,-0.287
13.0,60.0,-0.424
13.0,61.0,0.657
13.0,62.0,-0.137
13.0,63.0,-0.549
13.0,64.0,0.617
13.0,65.0,0.020
13.0,66.0,-0.644
13.0,67.0,0.545
13.0,68.0,0.174
13.0,69.0,-0.707
13.0,70.0,0.449
13.0,71.0,0.319
13.0,72.0,-0.739
13.0,73.0,0.337
13.0,74.0,0.448
13.0,75.0,-0.744
13.0,76.0,0.216
13.0,77.0,0.558
13.0,78.0,-0.724
13.0,79.0,0.093
13.0,80.0,0.649
13.0,81.0,-0.687
13.0,82.0,-0.028
13.0,83.0,0.720
13.0,84.0,-0.636
13.0,85.0,-0.141
13.0,86.0,0.773
13.0,87.0,-0.576
13.0,88.0,-0.245
13.0,89.0,0.811
13.0,90.0,-0.512
13.0,91.0,-0.338
13.0,92.0,0.836
13.0,93.0,-0.448
13.0,94.0,-0.420
13.0,95.0,0.850
13.0,96.0,-0.386
13.0,97.0,-0.489
13.0,98.0,0.858
13.0,99.0,-0.330
13.0,100.0,-0.548
14.0,0.0,-0.095
14.0,1.0,-0.184
14.0,2.0,0.232
14.0,3.0,0.029
14.0,4.0,-0.267
14.0,5.0,0.161
14.0,6.0,0.165
14.0,7.0,-0.290
14.0,8.0,0.036
14.0,9.0,0.278
14.0,10.0,-0.241
14.0,11.0,-0.114
14.0,12.0,0.337
14.0,13.0,-0.129
14.0,14.0,-0.256
14.0,15.0,0.325
14.0,16.0,0.025
14.0,17.0,-0.357
14.0,18.0,0.242
14.0,19.0,0.189
14.0,20.0,-0.394
14.0,21.0,0.103
14.0,22.0,0.330
14.0,23.0,-0.358
14.0,24.0,-0.068
14.0,25.0,0.422
14.0,26.0,-0.255
14.0,27.0,-0.239
14.0,28.0,0.449
14.0,29.0,-0.103
14.0,30.0,-0.382
14.0,31.0,0.405
14.0,32.0,0.075
14.0,33.0,-0.476
14.0,34.0,0.299
14.0,35.0,0.252
14.0,36.0,-0.508
14.0,37.0,0.146
14.0,38.0,0.404
14.0,39.0,-0.475
14.0,40.0,-0.032
14.0,41.0,0.512
14.0,42.0,-0.383
14.0,43.0,-0.213
14.0,44.0,0.566
14.0,45.0,-0.245
14.0,46.0,-0.377
14.0,47.0,0.561
14.0,48.0,-0.078
14.0,49.0,-0.508
14.0,50.0,0.503
14.0,51.0,0.099
14.0,52.0,-0.596
14.0,53.0,0.399
14.0,54.0,0.272
14.0,55.0,-0.636
14.0,56.0,0.262
14.0,57.0,0.425
14.0,58.0,-0.630
14.0,59.0,0.105
14.0,60.0,0.551
14.0,61.0,-0.581
14.0,62.0,-0.059
14.0,63.0,0.642
14.0,64.0,-0.497
14.0,65.0,-0.220
14.0,66.0,0.696
14.0,67.0,-0.387
14.0,68.0,-0.367
14.0,69.0,0.716
14.0,70.0,-0.260
14.0,71.0,-0.497
14.0,72.0,0.705
14.0,73.0,-0.125
14.0,74.0,-0.603
14.0,75.0,0.667
14.0,76.0,0.012
14.0,77.0,-0.687
14.0,78.0,0.609
14.0,79.0,0.143
14.0,80.0,-0.747
14.0,81.0,0.536
14.0,82.0,0.266
14.0,83.0,-0.786
14.0,84.0,0.454
14.0,85.0,0.376
14.0,86.0,-0.807
14.0,87.0,0.368
14.0,88.0,0.474
14.0,89.0,-0.814
14.0,90.0,0.282
14.0,91.0,0.557
14.0,92.0,-0.809
14.0,93.0,0.200
14.0,94.0,0.628
14.0,95.0,-0.797
14.0,96.0,0.124
14.0,97.0,0.686
14.0,98.0,-0.781
14.0,99.0,0.056
14.0,100.0,0.734
15.0,0.0,0.041
15.0,1.0,0.214
15.0,2.0,-0.196
15.0,3.0,-0.087
15.0,4.0,0.270
15.0,5.0,-0.101
15.0,6.0,-0.213
15.0,7.0,0.261
15.0,8.0,0.035
15.0,9.0,-0.299
15.0,10.0,0.182
15.0,11.0,0.181
15.0,12.0,-0.323
15.0,13.0,0.049
15.0,14.0,0.302
15.0,15.0,-0.275
15.0,16.0,-0.111
15.0,17.0,0.369
15.0,18.0,-0.161
15.0,19.0,-0.263
15.0,20.0,0.365
15.0,21.0,-0.003
15.0,22.0,-0.376
15.0,23.0,0.290
15.0,24.0,0.168
15.0,25.0,-0.428
15.0,26.0,0.155
15.0,27.0,0.323
15.0,28.0,-0.410
15.0,29.0,-0.015
15.0,30.0,0.435
15.0,31.0,-0.324
15.0,32.0,-0.193
15.0,33.0,0.486
15.0,34.0,-0.184
15.0,35.0,-0.354
15.0,36.0,0.470
15.0,37.0,-0.011
15.0,38.0,-0.474
15.0,39.0,0.391
15.0,40.0,0.171
15.0,41.0,-0.539
15.0,42.0,0.261
15.0,43.0,0.341
15.0,44.0,-0.544
15.0,45.0,0.096
15.0,46.0,0.478
15.0,47.0,-0.491
15.0,48.0,-0.083
15.0,49.0,0.571
15.0,50.0,-0.389
15.0,51.0,-0.259
15.0,52.0,0.613
15.0,53.0,-0.249
15.0,54.0,-0.416
15.0,55.0,0.605
15.0,56.0,-0.088
15.0,57.0,-0.542
15.0,58.0,0.550
15.0,59.0,0.082
15.0,60.0,-0.631
15.0,61.0,0.458
15.0,62.0,0.248
15.0,63.0,-0.679
15.0,64.0,0.337
15.0,65.0,0.398
15.0,66.0,-0.689
15.0,67.0,0.198
15.0,68.0,0.526
15.0,69.0,-0.664
15.0,70.0,0.051
15.0,71.0,0.629
15.0,72.0,-0.609
15.0,73.0,-0.096
15.0,74.0,0.703
15.0,75.0,-0.532
15.0,76.0,-0.235
15.0,77.0,0.751
15.0,78.0,-0.439
15.0,79.0,-0.363
15.0,80.0,0.774
15.0,81.0,-0.337
15.0,82.0,-0.476
15.0,83.0,0.777
15.0,84.0,-0.231
15.0,85.0,-0.573
15.0,86.0,0.763
15.0,87.0,-0.127
15.0,88.0,-0.653
15.0,89.0,0.737
15.0,90.0,-0.027
15.0,91.0,-0.719
15.0,92.0,0.702
15.0,93.0,0.065
15.0,94.0,-0.771
15.0,95.0,0.663
15.0,96.0,0.149
15.0,97.0,-0.811
15.0,98.0,0.623
15.0,99.0,0.222
15.0,100.0,-0.841
16.0,0.0,0.013
16.0,1.0,-0.231
16.0,2.0,0.151
16.0,3.0,0.139
16.0,4.0,-0.259
16.0,5.0,0.038
16.0,6.0,0.246
16.0,7.0,-0.218
16.0,8.0,-0.102
16.0,9.0,0.304
16.0,10.0,-0.114
16.0,11.0,-0.236
16.0,12.0,0.292
16.0,13.0,0.032
16.0,14.0,-0.329
16.0,15.0,0.210
16.0,16.0,0.188
16.0,17.0,-0.359
16.0,18.0,0.072
16.0,19.0,0.319
16.0,20.0,-0.315
16.0,21.0,-0.093
16.0,22.0,0.398
16.0,23.0,-0.205
16.0,24.0,-0.256
16.0,25.0,0.408
16.0,26.0,-0.048
16.0,27.0,-0.384
16.0,28.0,0.346
16.0,29.0,0.129
16.0,30.0,-0.457
16.0,31.0,0.224
16.0,32.0,0.296
16.0,33.0,-0.463
16.0,34.0,0.060
16.0,35.0,0.429
16.0,36.0,-0.401
16.0,37.0,-0.122
16.0,38.0,0.509
16.0,39.0,-0.282
16.0,40.0,-0.296
16.0,41.0,0.528
16.0,42.0,-0.123
16.0,43.0,-0.441
16.0,44.0,0.484
16.0,45.0,0.057
16.0,46.0,-0.542
16.0,47.0,0.387
16.0,48.0,0.236
16.0,49.0,-0.590
16.0,50.0,0.248
16.0,51.0,0.397
16.0,52.0,-0.583
16.0,53.0,0.083
16.0,54.0,0.526
16.0,55.0,-0.527
16.0,56.0,-0.091
16.0,57.0,0.614
16.0,58.0,-0.428
16.0,59.0,-0.261
16.0,60.0,0.659
16.0,61.0,-0.299
16.0,62.0,-0.413
16.0,63.0,0.660
16.0,64.0,-0.151
16.0,65.0,-0.541
16.0,66.0,0.623
16.0,67.0,0.006
16.0,68.0,-0.638
16.0,69.0,0.554
16.0,70.0,0.160
16.0,71.0,-0.704
16.0,72.0,0.461
16.0,73.0,0.305
16.0,74.0,-0.739
16.0,75.0,0.350
16.0,76.0,0.436
16.0,77.0,-0.746
16.0,78.0,0.231
16.0,79.0,0.547
16.0,80.0,-0.730
16.0,81.0,0.109
16.0,82.0,0.640
16.0,83.0,-0.695
16.0,84.0,-0.011
16.0,85.0,0.713
16.0,86.0,-0.646
16.0,87.0,-0.124
16.0,88.0,0.768
16.0,89.0,-0.588
16.0,90.0,-0.229
16.0,91.0,0.808
16.0,92.0,-0.526
16.0,93.0,-0.322
16.0,94.0,0.834
16.0,95.0,-0.463
16.0,96.0,-0.404
16.0,97.0,0.851
16.0,98.0,-0.403
16.0,99.0,-0.474
16.0,100.0,0.860
17.0,0.0,-0.063
17.0,1.0,0.236
17.0,2.0,-0.099
17.0,3.0,-0.181
17.0,4.0,0.235
17.0,5.0,0.024
17.0,6.0,-0.266
17.0,7.0,0.166
17.0,8.0,0.161
17.0,9.0,-0.291
17.0,10.0,0.042
17.0,11.0,0.275
17.0,12.0,-0.245
17.0,13.0,-0.108
17.0,14.0,0.337
17.0,15.0,-0.135
17.0,16.0,-0.251
17.0,17.0,0.328
17.0,18.0,0.018
17.0,19.0,-0.355
17.0,20.0,0.248
17.0,21.0,0.182
17.0,22.0,-0.395
17.0,23.0,0.110
17.0,24.0,0.325
17.0,25.0,-0.362
17.0,26.0,-0.059
17.0,27.0,0.420
17.0,28.0,-0.262
17.0,29.0,-0.231
17.0,30.0,0.450
17.0,31.0,-0.111
17.0,32.0,-0.377
17.0,33.0,0.410
17.0,34.0,0.066
17.0,35.0,-0.474
17.0,36.0,0.306
17.0,37.0,0.244
17.0,38.0,-0.509
17.0,39.0,0.156
17.0,40.0,0.398
17.0,41.0,-0.479
17.0,42.0,-0.021
17.0,43.0,0.508
17.0,44.0,-0.390
17.0,45.0,-0.203
17.0,46.0,0.565
17.0,47.0,-0.255
17.0,48.0,-0.368
17.0,49.0,0.564
17.0,50.0,-0.090
17.0,51.0,-0.502
17.0,52.0,0.509
17.0,53.0,0.087
17.0,54.0,-0.593
17.0,55.0,0.409
17.0,56.0,0.260
17.0,57.0,-0.637
17.0,58.0,0.274
17.0,59.0,0.416
17.0,60.0,-0.633
17.0,61.0,0.118
17.0,62.0,0.543
17.0,63.0,-0.587
17.0,64.0,-0.045
17.0,65.0,0.637
17.0,66.0,-0.506
17.0,67.0,-0.206
17.0,68.0,0.695
17.0,69.0,-0.399
17.0,70.0,-0.355
17.0,71.0,0.718
17.0,72.0,-0.274
17.0,73.0,-0.486
17.0,74.0,0.709
17.0,75.0,-0.140
17.0,76.0,-0.594
17.0,77.0,0.674
17.0,78.0,-0.004
17.0,79.0,-0.680
17.0,80.0,0.619
17.0,81.0,0.127
17.0,82.0,-0.742
17.0,83.0,0.548
17.0,84.0,0.250
17.0,85.0,-0.784
17.0,86.0,0.468
17.0,87.0,0.361
17.0,88.0,-0.807
17.0,89.0,0.383
17.0,90.0,0.459
17.0,91.0,-0.816
17.0,92.0,0.299
17.0,93.0,0.544
17.0,94.0,-0.814
17.0,95.0,0.218
17.0,96.0,0.616
17.0,97.0,-0.803
17.0,98.0,0.142
17.0,99.0,0.675
17.0,100.0,-0.789
18.0,0.0,0.108
18.0,1.0,-0.228
18.0,2.0,0.046
18.0,3.0,0.211
18.0,4.0,-0.199
18.0,5.0,-0.083
18.0,6.0,0.270
18.0,7.0,-0.106
18.0,8.0,-0.209
18.0,9.0,0.263
18.0,10.0,0.029
18.0,11.0,-0.298
18.0,12.0,0.187
18.0,13.0,0.176
18.0,14.0,-0.325
18.0,15.0,0.055
18.0,16.0,0.299
18.0,17.0,-0.279
18.0,18.0,-0.104
18.0,19.0,0.368
18.0,20.0,-0.167
18.0,21.0,-0.257
18.0,22.0,0.368
18.0,23.0,-0.011
18.0,24.0,-0.373
18.0,25.0,0.295
18.0,26.0,0.161
18.0,27.0,-0.429
18.0,28.0,0.163
18.0,29.0,0.317
18.0,30.0,-0.414
18.0,31.0,-0.006
18.0,32.0,0.431
18.0,33.0,-0.331
18.0,34.0,-0.185
18.0,35.0,0.486
18.0,36.0,-0.193
18.0,37.0,-0.347
18.0,38.0,0.474
18.0,39.0,-0.021
18.0,40.0,-0.470
18.0,41.0,0.398
18.0,42.0,0.161
18.0,43.0,-0.538
18.0,44.0,0.270
18.0,45.0,0.332
18.0,46.0,-0.547
18.0,47.0,0.107
18.0,48.0,0.472
18.0,49.0,-0.498
18.0,50.0,-0.072
18.0,51.0,0.568
18.0,52.0,-0.398
18.0,53.0,-0.248
18.0,54.0,0.614
18.0,55.0,-0.261
18.0,56.0,-0.407
18.0,57.0,0.609
18.0,58.0,-0.100
18.0,59.0,-0.535
18.0,60.0,0.557
18.0,61.0,0.069
18.0,62.0,-0.627
18.0,63.0,0.467
18.0,64.0,0.235
18.0,65.0,-0.678
18.0,66.0,0.349
18.0,67.0,0.387
18.0,68.0,-0.691
18.0,69.0,0.211
18.0,70.0,0.517
18.0,71.0,-0.669
18.0,72.0,0.065
18.0,73.0,0.621
18.0,74.0,-0.617
18.0,75.0,-0.081
18.0,76.0,0.698
18.0,77.0,-0.543
18.0,78.0,-0.221
18.0,79.0,0.749
18.0,80.0,-0.452
18.0,81.0,-0.349
18.0,82.0,0.775
18.0,83.0,-0.352
18.0,84.0,-0.463
18.0,85.0,0.780
18.0,86.0,-0.247
18.0,87.0,-0.561
18.0,88.0,0.768
18.0,89.0,-0.144
18.0,90.0,-0.643
18.0,91.0,0.744
18.0,92.0,-0.045
18.0,93.0,-0.710
18.0,94.0,0.711
18.0,95.0,0.048
18.0,96.0,-0.763
18.0,97.0,0.674
18.0,98.0,0.131
18.0,99.0,-0.805
18.0,100.0,0.636
19.0,0.0,-0.146
19.0,1.0,0.209
19.0,2.0,0.008
19.0,3.0,-0.230
19.0,4.0,0.154
19.0,5.0,0.135
19.0,6.0,-0.260
19.0,7.0,0.044
19.0,8.0,0.244
19.0,9.0,-0.222
19.0,10.0,-0.097
19.0,11.0,0.304
19.0,12.0,-0.120
19.0,13.0,-0.231
19.0,14.0,0.295
19.0,15.0,0.026
19.0,16.0,-0.327
19.0,17.0,0.215
19.0,18.0,0.182
19.0,19.0,-0.360
19.0,20.0,0.079
19.0,21.0,0.315
19.0,22.0,-0.319
19.0,23.0,-0.086
19.0,24.0,0.397
19.0,25.0,-0.212
19.0,26.0,-0.249
19.0,27.0,0.410
19.0,28.0,-0.056
19.0,29.0,-0.380
19.0,30.0,0.352
19.0,31.0,0.120
19.0,32.0,-0.456
19.0,33.0,0.232
19.0,34.0,0.289
19.0,35.0,-0.465
19.0,36.0,0.069
19.0,37.0,0.424
19.0,38.0,-0.407
19.0,39.0,-0.112
19.0,40.0,0.508
19.0,41.0,-0.291
19.0,42.0,-0.287
19.0,43.0,0.530
19.0,44.0,-0.133
19.0,45.0,-0.435
19.0,46.0,0.490
19.0,47.0,0.046
19.0,48.0,-0.538
19.0,49.0,0.395
19.0,50.0,0.225
19.0,51.0,-0.590
19.0,52.0,0.258
19.0,53.0,0.388
19.0,54.0,-0.587
19.0,55.0,0.095
19.0,56.0,0.519
19.0,57.0,-0.534
19.0,58.0,-0.079
19.0,59.0,0.610
19.0,60.0,-0.438
19.0,61.0,-0.249
19.0,62.0,0.658
19.0,63.0,-0.311
19.0,64.0,-0.403
19.0,65.0,0.663
19.0,66.0,-0.164
19.0,67.0,-0.532
19.0,68.0,0.630
19.0,69.0,-0.008
19.0,70.0,-0.632
19.0,71.0,0.563
19.0,72.0,0.146
19.0,73.0,-0.701
19.0,74.0,0.472
19.0,75.0,0.292
19.0,76.0,-0.739
19.0,77.0,0.364
19.0,78.0,0.423
19.0,79.0,-0.749
19.0,80.0,0.246
19.0,81.0,0.536
19.0,82.0,-0.735
19.0,83.0,0.125
19.0,84.0,0.631
19.0,85.0,-0.702
19.0,86.0,0.005
19.0,87.0,0.706
19.0,88.0,-0.656
19.0,89.0,-0.108
19.0,90.0,0.763
19.0,91.0,-0.600
19.0,92.0,-0.212
19.0,93.0,0.804
19.0,94.0,-0.539
19.0,95.0,-0.306
19.0,96.0,0.833
19.0,97.0,-0.478
19.0,98.0,-0.388
19.0,99.0,0.851
19.0,100.0,-0.419
20.0,0.0,0.174
20.0,1.0,-0.181
20.0,2.0,-0.059
20.0,3.0,0.236
20.0,4.0,-0.104
20.0,5.0,-0.177
20.0,6.0,0.237
20.0,7.0,0.019
20.0,8.0,-0.264
20.0,9.0,0.170
20.0,10.0,0.156
20.0,11.0,-0.292
20.0,12.0,0.048
20.0,13.0,0.272
20.0,14.0,-0.249
20.0,15.0,-0.102
20.0,16.0,0.336
20.0,17.0,-0.141
20.0,18.0,-0.247
20.0,19.0,0.331
20.0,20.0,0.011
20.0,21.0,-0.352
20.0,22.0,0.253
20.0,23.0,0.175
20.0,24.0,-0.395
20.0,25.0,0.118
20.0,26.0,0.320
20.0,27.0,-0.366
20.0,28.0,-0.051
20.0,29.0,0.418
20.0,30.0,-0.269
20.0,31.0,-0.224
20.0,32.0,0.451
20.0,33.0,-0.120
20.0,34.0,-0.371
20.0,35.0,0.414
20.0,36.0,0.057
20.0,37.0,-0.471
20.0,38.0,0.314
20.0,39.0,0.235
20.0,40.0,-0.510
20.0,41.0,0.165
20.0,42.0,0.391
20.0,43.0,-0.484
20.0,44.0,-0.011
20.0,45.0,0.505
20.0,46.0,-0.398
20.0,47.0,-0.193
20.0,48.0,0.565
20.0,49.0,-0.265
20.0,50.0,-0.360
20.0,51.0,0.568
20.0,52.0,-0.102
20.0,53.0,-0.495
20.0,54.0,0.516
20.0,55.0,0.075
20.0,56.0,-0.589
20.0,57.0,0.418
20.0,58.0,0.249
20.0,59.0,-0.636
20.0,60.0,0.286
20.0,61.0,0.406
20.0,62.0,-0.637
20.0,63.0,0.131
20.0,64.0,0.535
20.0,65.0,-0.594
20.0,66.0,-0.032
20.0,67.0,0.632
20.0,68.0,-0.516
20.0,69.0,-0.193
20.0,70.0,0.692
20.0,71.0,-0.411
20.0,72.0,-0.342
20.0,73.0,0.719
20.0,74.0,-0.287
20.0,75.0,-0.474
20.0,76.0,0.713
20.0,77.0,-0.155
20.0,78.0,-0.585
20.0,79.0,0.681
20.0,80.0,-0.020
20.0,81.0,-0.673
20.0,82.0,0.628
20.0,83.0,0.112
20.0,84.0,-0.737
20.0,85.0,0.560
20.0,86.0,0.234
20.0,87.0,-0.781
20.0,88.0,0.481
20.0,89.0,0.346
20.0,90.0,-0.807
20.0,91.0,0.399
20.0,92.0,0.445
20.0,93.0,-0.818
20.0,94.0,0.315
20.0,95.0,0.531
20.0,96.0,-0.817
20.0,97.0,0.235
20.0,98.0,0.603
20.0,99.0,-0.809
20.0,100.0,0.160
21.0,0.0,-0.192
21.0,1.0,0.145
21.0,2.0,0.105
21.0,3.0,-0.229
21.0,4.0,0.050
21.0,5.0,0.209
21.0,6.0,-0.202
21.0,7.0,-0.078
21.0,8.0,0.270
21.0,9.0,-0.111
21.0,10.0,-0.205
21.0,11.0,0.266
21.0,12.0,0.023
21.0,13.0,-0.296
21.0,14.0,0.192
21.0,15.0,0.171
21.0,16.0,-0.326
21.0,17.0,0.062
21.0,18.0,0.295
21.0,19.0,-0.283
21.0,20.0,-0.097
21.0,21.0,0.368
21.0,22.0,-0.174
21.0,23.0,-0.252
21.0,24.0,0.370
21.0,25.0,-0.019
21.0,26.0,-0.370
21.0,27.0,0.301
21.0,28.0,0.153
21.0,29.0,-0.429
21.0,30.0,0.171
21.0,31.0,0.311
21.0,32.0,-0.417
21.0,33.0,0.003
21.0,34.0,0.428
21.0,35.0,-0.337
21.0,36.0,-0.176
21.0,37.0,0.486
21.0,38.0,-0.202
21.0,39.0,-0.340
21.0,40.0,0.477
21.0,41.0,-0.031
21.0,42.0,-0.465
21.0,43.0,0.405
21.0,44.0,0.151
21.0,45.0,-0.537
21.0,46.0,0.280
21.0,47.0,0.323
21.0,48.0,-0.550
21.0,49.0,0.118
21.0,50.0,0.465
21.0,51.0,-0.503
21.0,52.0,-0.060
21.0,53.0,0.564
21.0,54.0,-0.407
21.0,55.0,-0.237
21.0,56.0,0.613
21.0,57.0,-0.272
21.0,58.0,-0.397
21.0,59.0,0.612
21.0,60.0,-0.113
21.0,61.0,-0.528
21.0,62.0,0.564
21.0,63.0,0.056
21.0,64.0,-0.622
21.0,65.0,0.477
21.0,66.0,0.222
21.0,67.0,-0.677
21.0,68.0,0.361
21.0,69.0,0.375
21.0,70.0,-0.693
21.0,71.0,0.225
21.0,72.0,0.507
21.0,73.0,-0.674
21.0,74.0,0.080
21.0,75.0,0.613
21.0,76.0,-0.625
21.0,77.0,-0.066
21.0,78.0,0.693
21.0,79.0,-0.553
21.0,80.0,-0.206
21.0,81.0,0.746
21.0,82.0,-0.465
21.0,83.0,-0.335
21.0,84.0,0.775
21.0,85.0,-0.366
21.0,86.0,-0.450
21.0,87.0,0.782
21.0,88.0,-0.263
21.0,89.0,-0.549
21.0,90.0,0.773
21.0,91.0,-0.160
21.0,92.0,-0.633
21.0,93.0,0.751
21.0,94.0,-0.062
21.0,95.0,-0.701
21.0,96.0,0.721
21.0,97.0,0.030
21.0,98.0,-0.756
21.0,99.0,0.685
21.0,100.0,0.113
22.0,0.0,0.199
22.0,1.0,-0.103
22.0,2.0,-0.143
22.0,3.0,0.211
22.0,4.0,0.004
22.0,5.0,-0.228
22.0,6.0,0.158
22.0,7.0,0.130
22.0,8.0,-0.261
22.0,9.0,0.049
22.0,10.0,0.241
22.0,11.0,-0.225
22.0,12.0,-0.091
22.0,13.0,0.303
22.0,14.0,-0.125
22.0,15.0,-0.227
22.0,16.0,0.298
22.0,17.0,0.019
22.0,18.0,-0.325
22.0,19.0,0.221
22.0,20.0,0.176
22.0,21.0,-0.361
22.0,22.0,0.086
22.0,23.0,0.311
22.0,24.0,-0.324
22.0,25.0,-0.079
22.0,26.0,0.395
22.0,27.0,-0.219
22.0,28.0,-0.243
22.0,29.0,0.412
22.0,30.0,-0.065
22.0,31.0,-0.376
22.0,32.0,0.357
22.0,33.0,0.112
22.0,34.0,-0.455
22.0,35.0,0.240
22.0,36.0,0.282
22.0,37.0,-0.468
22.0,38.0,0.078
22.0,39.0,0.419
22.0,40.0,-0.413
22.0,41.0,-0.103
22.0,42.0,0.506
22.0,43.0,-0.299
22.0,44.0,-0.279
22.0,45.0,0.531
22.0,46.0,-0.143
22.0,47.0,-0.428
22.0,48.0,0.495
22.0,49.0,0.035
22.0,50.0,-0.535
22.0,51.0,0.403
22.0,52.0,0.215
22.0,53.0,-0.589
22.0,54.0,0.269
22.0,55.0,0.379
22.0,56.0,-0.590
22.0,57.0,0.107
22.0,58.0,0.512
22.0,59.0,-0.540
22.0,60.0,-0.066
22.0,61.0,0.607
22.0,62.0,-0.447
22.0,63.0,-0.237
22.0,64.0,0.658
22.0,65.0,-0.323
22.0,66.0,-0.392
22.0,67.0,0.666
22.0,68.0,-0.177
22.0,69.0,-0.523
22.0,70.0,0.636
22.0,71.0,-0.023
22.0,72.0,-0.626
22.0,73.0,0.572
22.0,74.0,0.132
22.0,75.0,-0.697
22.0,76.0,0.483
22.0,77.0,0.278
22.0,78.0,-0.738
22.0,79.0,0.377
22.0,80.0,0.410
22.0,81.0,-0.751
22.0,82.0,0.261
22.0,83.0,0.525
22.0,84.0,-0.740
22.0,85.0,0.141
22.0,86.0,0.621
22.0,87.0,-0.710
22.0,88.0,0.022
22.0,89.0,0.698
22.0,90.0,-0.665
22.0,91.0,-0.091
22.0,92.0,0.757
22.0,93.0,-0.612
22.0,94.0,-0.195
22.0,95.0,0.800
22.0,96.0,-0.553
22.0,97.0,-0.289
22.0,98.0,0.831
22.0,99.0,-0.493
22.0,100.0,-0.372
23.0,0.0,-0.197
23.0,1.0,0.058
23.0,2.0,0.171
23.0,3.0,-0.183
23.0,4.0,-0.055
23.0,5.0,0.235
23.0,6.0,-0.108
23.0,7.0,-0.174
23.0,8.0,0.239
23.0,9.0,0.014
23.0,10.0,-0.263
23.0,11.0,0.174
23.0,12.0,0.151
23.0,13.0,-0.293
23.0,14.0,0.054
23.0,15.0,0.269
23.0,16.0,-0.253
23.0,17.0,-0.096
23.0,18.0,0.336
23.0,19.0,-0.147
23.0,20.0,-0.242
23.0,21.0,0.333
23.0,22.0,0.003
23.0,23.0,-0.350
23.0,24.0,0.259
23.0,25.0,0.169
23.0,26.0,-0.396
23.0,27.0,0.125
23.0,28.0,0.315
23.0,29.0,-0.370
23.0,30.0,-0.043
23.0,31.0,0.416
23.0,32.0,-0.276
23.0,33.0,-0.216
23.0,34.0,0.452
23.0,35.0,-0.129
23.0,36.0,-0.366
23.0,37.0,0.419
23.0,38.0,0.048
23.0,39.0,-0.469
23.0,40.0,0.322
23.0,41.0,0.227
23.0,42.0,-0.511
23.0,43.0,0.175
23.0,44.0,0.384
23.0,45.0,-0.488
23.0,46.0,-0.000
23.0,47.0,0.500
23.0,48.0,-0.406
23.0,49.0,-0.182
23.0,50.0,0.564
23.0,51.0,-0.275
23.0,52.0,-0.351
23.0,53.0,0.570
23.0,54.0,-0.113
23.0,55.0,-0.489
23.0,56.0,0.522
23.0,57.0,0.063
23.0,58.0,-0.586
23.0,59.0,0.427
23.0,60.0,0.238
23.0,61.0,-0.636
23.0,62.0,0.297
23.0,63.0,0.396
23.0,64.0,-0.640
23.0,65.0,0.144
23.0,66.0,0.527
23.0,67.0,-0.600
23.0,68.0,-0.018
23.0,69.0,0.626
23.0,70.0,-0.525
23.0,71.0,-0.179
23.0,72.0,0.690
23.0,73.0,-0.422
23.0,74.0,-0.330
23.0,75.0,0.719
23.0,76.0,-0.301
23.0,77.0,-0.463
23.0,78.0,0.717
23.0,79.0,-0.169
23.0,80.0,-0.575
23.0,81.0,0.688
23.0,82.0,-0.035
23.0,83.0,-0.665
23.0,84.0,0.637
23.0,85.0,0.096
23.0,86.0,-0.732
23.0,87.0,0.571
23.0,88.0,0.219
23.0,89.0,-0.778
23.0,90.0,0.495
23.0,91.0,0.331
23.0,92.0,-0.806
23.0,93.0,0.413
23.0,94.0,0.431
23.0,95.0,-0.820
23.0,96.0,0.331
23.0,97.0,0.517
23.0,98.0,-0.821
23.0,99.0,0.252
23.0,100.0,0.591
24.0,0.0,0.184
24.0,1.0,-0.013
24.0,2.0,-0.190
24.0,3.0,0.148
24.0,4.0,0.101
24.0,5.0,-0.230
24.0,6.0,0.055
24.0,7.0,0.206
24.0,8.0,-0.205
24.0,9.0,-0.073
24.0,10.0,0.269
24.0,11.0,-0.116
24.0,12.0,-0.201
24.0,13.0,0.268
24.0,14.0,0.018
24.0,15.0,-0.295
24.0,16.0,0.196
24.0,17.0,0.165
24.0,18.0,-0.327
24.0,19.0,0.068
24.0,20.0,0.292
24.0,21.0,-0.287
24.0,22.0,-0.091
24.0,23.0,0.367
24.0,24.0,-0.180
24.0,25.0,-0.246
24.0,26.0,0.373
24.0,27.0,-0.026
24.0,28.0,-0.366
24.0,29.0,0.306
24.0,30.0,0.146
24.0,31.0,-0.428
24.0,32.0,0.179
24.0,33.0,0.305
24.0,34.0,-0.420
24.0,35.0,0.012
24.0,36.0,0.424
24.0,37.0,-0.344
24.0,38.0,-0.168
24.0,39.0,0.486
24.0,40.0,-0.211
24.0,41.0,-0.333
24.0,42.0,0.481
24.0,43.0,-0.041
24.0,44.0,-0.461
24.0,45.0,0.411
24.0,46.0,0.141
24.0,47.0,-0.536
24.0,48.0,0.289
24.0,49.0,0.314
24.0,50.0,-0.552
24.0,51.0,0.129
24.0,52.0,0.459
24.0,53.0,-0.509
24.0,54.0,-0.049
24.0,55.0,0.561
24.0,56.0,-0.416
24.0,57.0,-0.226
24.0,58.0,0.613
24.0,59.0,-0.283
24.0,60.0,-0.388
24.0,61.0,0.615
24.0,62.0,-0.125
24.0,63.0,-0.521
24.0,64.0,0.571
24.0,65.0,0.043
24.0,66.0,-0.618
24.0,67.0,0.486
24.0,68.0,0.210
24.0,69.0,-0.676
24.0,70.0,0.372
24.0,71.0,0.363
24.0,72.0,-0.695
24.0,73.0,0.239
24.0,74.0,0.497
24.0,75.0,-0.679
24.0,76.0,0.095
24.0,77.0,0.605
24.0,78.0,-0.633
24.0,79.0,-0.051
24.0,80.0,0.687
24.0,81.0,-0.564
24.0,82.0,-0.191
24.0,83.0,0.743
24.0,84.0,-0.477
24.0,85.0,-0.321
24.0,86.0,0.774
24.0,87.0,-0.380
24.0,88.0,-0.436
24.0,89.0,0.785
24.0,90.0,-0.279
24.0,91.0,-0.537
24.0,92.0,0.778
24.0,93.0,-0.177
24.0,94.0,-0.622
24.0,95.0,0.758
24.0,96.0,-0.079
24.0,97.0,-0.692
24.0,98.0,0.729
24.0,99.0,0.012
24.0,100.0,-0.748
25.0,0.0,-0.164
25.0,1.0,-0.030
25.0,2.0,0.199
25.0,3.0,-0.107
25.0,4.0,-0.139
25.0,5.0,0.213
25.0,6.0,-0.001
25.0,7.0,-0.227
25.0,8.0,0.162
25.0,9.0,0.126
25.0,10.0,-0.262
25.0,11.0,0.054
25.0,12.0,0.238
25.0,13.0,-0.229
25.0,14.0,-0.086
25.0,15.0,0.303
25.0,16.0,-0.131
25.0,17.0,-0.223
25.0,18.0,0.300
25.0,19.0,0.013
25.0,20.0,-0.323
25.0,21.0,0.226
25.0,22.0,0.170
25.0,23.0,-0.362
25.0,24.0,0.093
25.0,25.0,0.306
25.0,26.0,-0.328
25.0,27.0,-0.071
25.0,28.0,0.394
25.0,29.0,-0.225
25.0,30.0,-0.236
25.0,31.0,0.414
25.0,32.0,-0.073
25.0,33.0,-0.372
25.0,34.0,0.362
25.0,35.0,0.103
25.0,36.0,-0.454
25.0,37.0,0.248
25.0,38.0,0.274
25.0,39.0,-0.470
25.0,40.0,0.088
25.0,41.0,0.414
25.0,42.0,-0.418
25.0,43.0,-0.093
25.0,44.0,0.504
25.0,45.0,-0.308
25.0,46.0,-0.270
25.0,47.0,0.533
25.0,48.0,-0.154
25.0,49.0,-0.421
25.0,50.0,0.500
25.0,51.0,0.024
25.0,52.0,-0.531
25.0,53.0,0.411
25.0,54.0,0.204
25.0,55.0,-0.589
25.0,56.0,0.279
25.0,57.0,0.369
25.0,58.0,-0.593
25.0,59.0,0.119
25.0,60.0,0.505
25.0,61.0,-0.546
25.0,62.0,-0.054
25.0,63.0,0.602
25.0,64.0,-0.457
25.0,65.0,-0.225
25.0,66.0,0.657
25.0,67.0,-0.334
25.0,68.0,-0.381
25.0,69.0,0.669
25.0,70.0,-0.191
25.0,71.0,-0.514
25.0,72.0,0.641
25.0,73.0,-0.037
25.0,74.0,-0.619
25.0,75.0,0.581
25.0,76.0,0.117
25.0,77.0,-0.693
25.0,78.0,0.495
25.0,79.0,0.264
25.0,80.0,-0.737
25.0,81.0,0.390
25.0,82.0,0.397
25.0,83.0,-0.753
25.0,84.0,0.275
25.0,85.0,0.513
25.0,86.0,-0.744
25.0,87.0,0.156
25.0,88.0,0.611
25.0,89.0,-0.717
25.0,90.0,0.039
25.0,91.0,0.690
25.0,92.0,-0.675
25.0,93.0,-0.074
25.0,94.0,0.751
25.0,95.0,-0.623
25.0,96.0,-0.178
25.0,97.0,0.796
25.0,98.0,-0.566
25.0,99.0,-0.272
25.0,100.0,0.828
26.0,0.0,0.136
26.0,1.0,0.070
26.0,2.0,-0.197
26.0,3.0,0.062
26.0,4.0,0.169
26.0,5.0,-0.186
26.0,6.0,-0.051
26.0,7.0,0.234
26.0,8.0,-0.112
26.0,9.0,-0.170
26.0,10.0,0.241
26.0,11.0,0.009
26.0,12.0,-0.261
26.0,13.0,0.179
26.0,14.0,0.146
26.0,15.0,-0.294
26.0,16.0,0.060
26.0,17.0,0.266
26.0,18.0,-0.257
26.0,19.0,-0.090
26.0,20.0,0.335
26.0,21.0,-0.153
26.0,22.0,-0.237
26.0,23.0,0.336
26.0,24.0,-0.004
26.0,25.0,-0.347
26.0,26.0,0.264
26.0,27.0,0.162
26.0,28.0,-0.396
26.0,29.0,0.133
26.0,30.0,0.310
26.0,31.0,-0.374
26.0,32.0,-0.035
26.0,33.0,0.413
26.0,34.0,-0.282
26.0,35.0,-0.209
26.0,36.0,0.453
26.0,37.0,-0.137
26.0,38.0,-0.360
26.0,39.0,0.423
26.0,40.0,0.038
26.0,41.0,-0.466
26.0,42.0,0.329
26.0,43.0,0.218
26.0,44.0,-0.511
26.0,45.0,0.185
26.0,46.0,0.377
26.0,47.0,-0.492
26.0,48.0,0.010
26.0,49.0,0.496
26.0,50.0,-0.413
26.0,51.0,-0.172
26.0,52.0,0.563
26.0,53.0,-0.285
26.0,54.0,-0.342
26.0,55.0,0.573
26.0,56.0,-0.125
26.0,57.0,-0.482
26.0,58.0,0.528
26.0,59.0,0.051
26.0,60.0,-0.582
26.0,61.0,0.436
26.0,62.0,0.226
26.0,63.0,-0.636
26.0,64.0,0.308
26.0,65.0,0.385
26.0,66.0,-0.643
26.0,67.0,0.157
26.0,68.0,0.519
26.0,69.0,-0.607
26.0,70.0,-0.005
26.0,71.0,0.621
26.0,72.0,-0.534
26.0,73.0,-0.166
26.0,74.0,0.687
26.0,75.0,-0.434
26.0,76.0,-0.317
26.0,77.0,0.720
26.0,78.0,-0.314
26.0,79.0,-0.452
26.0,80.0,0.720
26.0,81.0,-0.184
26.0,82.0,-0.566
26.0,83.0,0.694
26.0,84.0,-0.051
26.0,85.0,-0.657
26.0,86.0,0.646
26.0,87.0,0.080
26.0,88.0,-0.727
26.0,89.0,0.582
26.0,90.0,0.203
26.0,91.0,-0.775
26.0,92.0,0.508
26.0,93.0,0.316
26.0,94.0,-0.806
26.0,95.0,0.428
26.0,96.0,0.416
26.0,97.0,-0.821
26.0,98.0,0.348
26.0,99.0,0.503
26.0,100.0,-0.824
27.0,0.0,-0.104
27.0,1.0,-0.104
27.0,2.0,0.185
27.0,3.0,-0.017
27.0,4.0,-0.189
27.0,5.0,0.151
27.0,6.0,0.097
27.0,7.0,-0.230
27.0,8.0,0.059
27.0,9.0,0.204
27.0,10.0,-0.208
27.0,11.0,-0.068
27.0,12.0,0.269
27.0,13.0,-0.121
27.0,14.0,-0.197
27.0,15.0,0.270
27.0,16.0,0.012
27.0,17.0,-0.293
27.0,18.0,0.201
27.0,19.0,0.160
27.0,20.0,-0.328
27.0,21.0,0.074
27.0,22.0,0.288
27.0,23.0,-0.291
27.0,24.0,-0.084
27.0,25.0,0.366
27.0,26.0,-0.187
27.0,27.0,-0.240
27.0,28.0,0.375
27.0,29.0,-0.034
27.0,30.0,-0.363
27.0,31.0,0.312
27.0,32.0,0.138
27.0,33.0,-0.428
27.0,34.0,0.187
27.0,35.0,0.299
27.0,36.0,-0.424
27.0,37.0,0.021
27.0,38.0,0.421
27.0,39.0,-0.350
27.0,40.0,-0.159
27.0,41.0,0.485
27.0,42.0,-0.219
27.0,43.0,-0.325
27.0,44.0,0.484
27.0,45.0,-0.051
27.0,46.0,-0.456
27.0,47.0,0.418
27.0,48.0,0.131
27.0,49.0,-0.534
27.0,50.0,0.298
27.0,51.0,0.305
27.0,52.0,-0.554
27.0,53.0,0.140
27.0,54.0,0.452
27.0,55.0,-0.515
27.0,56.0,-0.037
27.0,57.0,0.557
27.0,58.0,-0.424
27.0,59.0,-0.215
27.0,60.0,0.613
27.0,61.0,-0.294
27.0,62.0,-0.378
27.0,63.0,0.618
27.0,64.0,-0.138
27.0,65.0,-0.513
27.0,66.0,0.577
27.0,67.0,0.030
27.0,68.0,-0.613
27.0,69.0,0.496
27.0,70.0,0.197
27.0,71.0,-0.674
27.0,72.0,0.384
27.0,73.0,0.351
27.0,74.0,-0.696
27.0,75.0,0.252
27.0,76.0,0.486
27.0,77.0,-0.684
27.0,78.0,0.109
27.0,79.0,0.597
27.0,80.0,-0.641
27.0,81.0,-0.036
27.0,82.0,0.682
27.0,83.0,-0.574
27.0,84.0,-0.176
27.0,85.0,0.740
27.0,86.0,-0.490
27.0,87.0,-0.306
27.0,88.0,0.774
27.0,89.0,-0.395
27.0,90.0,-0.423
27.0,91.0,0.786
27.0,92.0,-0.294
27.0,93.0,-0.525
27.0,94.0,0.782
27.0,95.0,-0.194
27.0,96.0,-0.611
27.0,97.0,0.765
27.0,98.0,-0.097
27.0,99.0,-0.682
27.0,100.0,0.738
28.0,0.0,0.069
28.0,1.0,0.130
28.0,2.0,-0.165
28.0,3.0,-0.027
28.0,4.0,0.198
28.0,5.0,-0.110
28.0,6.0,-0.136
28.0,7.0,0.214
28.0,8.0,-0.005
28.0,9.0,-0.225
28.0,10.0,0.165
28.0,11.0,0.122
28.0,12.0,-0.263
28.0,13.0,0.059
28.0,14.0,0.235
28.0,15.0,-0.232
28.0,16.0,-0.080
28.0,17.0,0.303
28.0,18.0,-0.136
28.0,19.0,-0.218
28.0,20.0,0.303
28.0,21.0,0.006
28.0,22.0,-0.321
28.0,23.0,0.231
28.0,24.0,0.164
28.0,25.0,-0.363
28.0,26.0,0.100
28.0,27.0,0.302
28.0,28.0,-0.332
28.0,29.0,-0.064
28.0,30.0,0.392
28.0,31.0,-0.232
28.0,32.0,-0.230
28.0,33.0,0.416
28.0,34.0,-0.081
28.0,35.0,-0.367
28.0,36.0,0.367
28.0,37.0,0.095
28.0,38.0,-0.452
28.0,39.0,0.255
28.0,40.0,0.267
28.0,41.0,-0.472
28.0,42.0,0.097
28.0,43.0,0.409
28.0,44.0,-0.424
28.0,45.0,-0.083
28.0,46.0,0.501
28.0,47.0,-0.316
28.0,48.0,-0.261
28.0,49.0,0.534
28.0,50.0,-0.164
28.0,51.0,-0.414
28.0,52.0,0.505
28.0,53.0,0.013
28.0,54.0,-0.527
28.0,55.0,0.419
28.0,56.0,0.193
28.0,57.0,-0.588
28.0,58.0,0.290
28.0,59.0,0.360
28.0,60.0,-0.596
28.0,61.0,0.131
28.0,62.0,0.498
28.0,63.0,-0.553
28.0,64.0,-0.041
28.0,65.0,0.598
28.0,66.0,-0.466
28.0,67.0,-0.212
28.0,68.0,0.656
28.0,69.0,-0.346
28.0,70.0,-0.370
28.0,71.0,0.671
28.0,72.0,-0.204
28.0,73.0,-0.505
28.0,74.0,0.647
28.0,75.0,-0.051
28.0,76.0,-0.612
28.0,77.0,0.589
28.0,78.0,0.103
28.0,79.0,-0.689
28.0,80.0,0.505
28.0,81.0,0.250
28.0,82.0,-0.735
28.0,83.0,0.403
28.0,84.0,0.384
28.0,85.0,-0.754
28.0,86.0,0.290
28.0,87.0,0.502
28.0,88.0,-0.748
28.0,89.0,0.172
28.0,90.0,0.601
28.0,91.0,-0.723
28.0,92.0,0.055
28.0,93.0,0.681
28.0,94.0,-0.684
28.0,95.0,-0.057
28.0,96.0,0.744
28.0,97.0,-0.634
28.0,98.0,-0.161
28.0,99.0,0.791
28.0,100.0,-0.579
29.0,0.0,-0.032
29.0,1.0,-0.149
29.0,2.0,0.139
29.0,3.0,0.066
29.0,4.0,-0.197
29.0,5.0,0.066
29.0,6.0,0.166
29.0,7.0,-0.188
29.0,8.0,-0.046
29.0,9.0,0.234
29.0,10.0,-0.116
29.0,11.0,-0.167
29.0,12.0,0.242
29.0,13.0,0.003
29.0,14.0,-0.259
29.0,15.0,0.183
29.0,16.0,0.142
29.0,17.0,-0.295
29.0,18.0,0.066
29.0,19.0,0.263
29.0,20.0,-0.261
29.0,21.0,-0.084
29.0,22.0,0.335
29.0,23.0,-0.159
29.0,24.0,-0.232
29.0,25.0,0.338
29.0,26.0,-0.011
29.0,27.0,-0.344
29.0,28.0,0.269
29.0,29.0,0.155
29.0,30.0,-0.397
29.0,31.0,0.140
29.0,32.0,0.305
29.0,33.0,-0.377
29.0,34.0,-0.027
29.0,35.0,0.411
29.0,36.0,-0.289
29.0,37.0,-0.201
29.0,38.0,0.454
29.0,39.0,-0.146
29.0,40.0,-0.354
29.0,41.0,0.428
29.0,42.0,0.029
29.0,43.0,-0.463
29.0,44.0,0.336
29.0,45.0,0.209
29.0,46.0,-0.512
29.0,47.0,0.194
29.0,48.0,0.370
29.0,49.0,-0.496
29.0,50.0,0.021
29.0,51.0,0.492
29.0,52.0,-0.420
29.0,53.0,-0.162
29.0,54.0,0.562
29.0,55.0,-0.295
29.0,56.0,-0.332
29.0,57.0,0.575
29.0,58.0,-0.136
29.0,59.0,-0.475
29.0,60.0,0.534
29.0,61.0,0.039
29.0,62.0,-0.578
29.0,63.0,0.445
29.0,64.0,0.214
29.0,65.0,-0.635
29.0,66.0,0.320
29.0,67.0,0.375
29.0,68.0,-0.645
29.0,69.0,0.170
29.0,70.0,0.511
29.0,71.0,-0.612
29.0,72.0,0.009
29.0,73.0,0.615
29.0,74.0,-0.543
29.0,75.0,-0.152
29.0,76.0,0.684
29.0,77.0,-0.445
29.0,78.0,-0.304
29.0,79.0,0.720
29.0,80.0,-0.328
29.0,81.0,-0.440
29.0,82.0,0.723
29.0,83.0,-0.199
29.0,84.0,-0.556
29.0,85.0,0.700
29.0,86.0,-0.066
29.0,87.0,-0.649
29.0,88.0,0.655
29.0,89.0,0.064
29.0,90.0,-0.721
29.0,91.0,0.593
29.0,92.0,0.187
29.0,93.0,-0.772
29.0,94.0,0.521
29.0,95.0,0.300
29.0,96.0,-0.804
29.0,97.0,0.443
29.0,98.0,0.401
29.0,99.0,-0.822
29.0,100.0,0.363
30.0,0.0,-0.004
30.0,1.0,0.160
30.0,2.0,-0.107
30.0,3.0,-0.101
30.0,4.0,0.186
30.0,5.0,-0.021
30.0,6.0,-0.187
30.0,7.0,0.154
30.0,8.0,0.093
30.0,9.0,-0.230
30.0,10.0,0.063
30.0,11.0,0.201
30.0,12.0,-0.210
30.0,13.0,-0.063
30.0,14.0,0.268
30.0,15.0,-0.126
30.0,16.0,-0.193
30.0,17.0,0.272
30.0,18.0,0.006
30.0,19.0,-0.291
30.0,20.0,0.206
30.0,21.0,0.154
30.0,22.0,-0.329
30.0,23.0,0.081
30.0,24.0,0.284
30.0,25.0,-0.295
30.0,26.0,-0.077
30.0,27.0,0.365
30.0,28.0,-0.193
30.0,29.0,-0.234
30.0,30.0,0.377
30.0,31.0,-0.042
30.0,32.0,-0.359
30.0,33.0,0.317
30.0,34.0,0.130
30.0,35.0,-0.428
30.0,36.0,0.194
30.0,37.0,0.292
30.0,38.0,-0.426
30.0,39.0,0.030
30.0,40.0,0.417
30.0,41.0,-0.356
30.0,42.0,-0.150
30.0,43.0,0.485
30.0,44.0,-0.228
30.0,45.0,-0.318
30.0,46.0,0.487
30.0,47.0,-0.061
30.0,48.0,-0.451
30.0,49.0,0.424
30.0,50.0,0.121
30.0,51.0,-0.533
30.0,52.0,0.307
30.0,53.0,0.296
30.0,54.0,-0.556
30.0,55.0,0.151
30.0,56.0,0.445
30.0,57.0,-0.520
30.0,58.0,-0.025
30.0,59.0,0.552
30.0,60.0,-0.433
30.0,61.0,-0.204
30.0,62.0,0.612
30.0,63.0,-0.305
30.0,64.0,-0.368
30.0,65.0,0.621
30.0,66.0,-0.150
30.0,67.0,-0.505
30.0,68.0,0.583
30.0,69.0,0.017
30.0,70.0,-0.608
30.0,71.0,0.505
30.0,72.0,0.184
30.0,73.0,-0.672
30.0,74.0,0.396
30.0,75.0,0.339
30.0,76.0,-0.698
30.0,77.0,0.265
30.0,78.0,0.476
30.0,79.0,-0.688
30.0,80.0,0.124
30.0,81.0,0.589
30.0,82.0,-0.648
30.0,83.0,-0.021
30.0,84.0,0.675
30.0,85.0,-0.584
30.0,86.0,-0.161
30.0,87.0,0.736
30.0,88.0,-0.502
30.0,89.0,-0.291
30.0,90.0,0.773
30.0,91.0,-0.409
30.0,92.0,-0.409
30.0,93.0,0.788
30.0,94.0,-0.310
30.0,95.0,-0.512
30.0,96.0,0.786
30.0,97.0,-0.210
30.0,98.0,-0.599
30.0,99.0,0.771
30.0,100.0,-0.114
31.0,0.0,0.037
31.0,1.0,-0.162
31.0,2.0,0.072
31.0,3.0,0.128
31.0,4.0,-0.167
31.0,5.0,-0.023
31.0,6.0,0.197
31.0,7.0,-0.113
31.0,8.0,-0.133
31.0,9.0,0.215
31.0,10.0,-0.010
31.0,11.0,-0.223
31.0,12.0,0.169
31.0,13.0,0.117
31.0,14.0,-0.263
31.0,15.0,0.064
31.0,16.0,0.232
31.0,17.0,-0.235
31.0,18.0,-0.075
31.0,19.0,0.302
31.0,20.0,-0.141
31.0,21.0,-0.214
31.0,22.0,0.305
31.0,23.0,-0.000
31.0,24.0,-0.319
31.0,25.0,0.236
31.0,26.0,0.158
31.0,27.0,-0.363
31.0,28.0,0.107
31.0,29.0,0.298
31.0,30.0,-0.335
31.0,31.0,-0.056
31.0,32.0,0.390
31.0,33.0,-0.238
31.0,34.0,-0.223
31.0,35.0,0.417
31.0,36.0,-0.089
31.0,37.0,-0.363
31.0,38.0,0.372
31.0,39.0,0.086
31.0,40.0,-0.451
31.0,41.0,0.263
31.0,42.0,0.259
31.0,43.0,-0.474
31.0,44.0,0.107
31.0,45.0,0.403
31.0,46.0,-0.429
31.0,47.0,-0.073
31.0,48.0,0.499
31.0,49.0,-0.324
31.0,50.0,-0.252
31.0,51.0,0.535
31.0,52.0,-0.174
31.0,53.0,-0.407
31.0,54.0,0.509
31.0,55.0,0.001
31.0,56.0,-0.522
31.0,57.0,0.427
31.0,58.0,0.182
31.0,59.0,-0.587
31.0,60.0,0.300
31.0,61.0,0.350
31.0,62.0,-0.598
31.0,63.0,0.143
31.0,64.0,0.490
31.0,65.0,-0.559
31.0,66.0,-0.029
31.0,67.0,0.593
31.0,68.0,-0.475
31.0,69.0,-0.200
31.0,70.0,0.654
31.0,71.0,-0.357
31.0,72.0,-0.359
31.0,73.0,0.673
31.0,74.0,-0.217
31.0,75.0,-0.496
31.0,76.0,0.652
31.0,77.0,-0.065
31.0,78.0,-0.605
31.0,79.0,0.597
31.0,80.0,0.089
31.0,81.0,-0.684
31.0,82.0,0.516
31.0,83.0,0.236
31.0,84.0,-0.734
31.0,85.0,0.416
31.0,86.0,0.371
31.0,87.0,-0.755
31.0,88.0,0.305
31.0,89.0,0.490
31.0,90.0,-0.752
31.0,91.0,0.188
31.0,92.0,0.590
31.0,93.0,-0.730
31.0,94.0,0.072
31.0,95.0,0.673
31.0,96.0,-0.692
31.0,97.0,-0.040
31.0,98.0,0.737
31.0,99.0,-0.645
31.0,100.0,-0.144
32.0,0.0,-0.066
32.0,1.0,0.156
32.0,2.0,-0.035
32.0,3.0,-0.147
32.0,4.0,0.141
32.0,5.0,0.063
32.0,6.0,-0.197
32.0,7.0,0.070
32.0,8.0,0.164
32.0,9.0,-0.190
32.0,10.0,-0.042
32.0,11.0,0.233
32.0,12.0,-0.120
32.0,13.0,-0.163
32.0,14.0,0.244
32.0,15.0,-0.002
32.0,16.0,-0.257
32.0,17.0,0.187
32.0,18.0,0.137
32.0,19.0,-0.296
32.0,20.0,0.071
32.0,21.0,0.259
32.0,22.0,-0.264
32.0,23.0,-0.078
32.0,24.0,0.334
32.0,25.0,-0.165
32.0,26.0,-0.227
32.0,27.0,0.341
32.0,28.0,-0.018
32.0,29.0,-0.341
32.0,30.0,0.275
32.0,31.0,0.148
32.0,32.0,-0.397
32.0,33.0,0.147
32.0,34.0,0.300
32.0,35.0,-0.381
32.0,36.0,-0.018
32.0,37.0,0.408
32.0,38.0,-0.295
32.0,39.0,-0.193
32.0,40.0,0.455
32.0,41.0,-0.154
32.0,42.0,-0.348
32.0,43.0,0.432
32.0,44.0,0.019
32.0,45.0,-0.460
32.0,46.0,0.343
32.0,47.0,0.200
32.0,48.0,-0.512
32.0,49.0,0.203
32.0,50.0,0.362
32.0,51.0,-0.500
32.0,52.0,0.031
32.0,53.0,0.487
32.0,54.0,-0.427
32.0,55.0,-0.151
32.0,56.0,0.561
32.0,57.0,-0.305
32.0,58.0,-0.323
32.0,59.0,0.578
32.0,60.0,-0.147
32.0,61.0,-0.468
32.0,62.0,0.540
32.0,63.0,0.027
32.0,64.0,-0.573
32.0,65.0,0.454
32.0,66.0,0.202
32.0,67.0,-0.634
32.0,68.0,0.331
32.0,69.0,0.364
32.0,70.0,-0.647
32.0,71.0,0.183
32.0,72.0,0.502
32.0,73.0,-0.618
32.0,74.0,0.023
32.0,75.0,0.609
32.0,76.0,-0.552
32.0,77.0,-0.138
32.0,78.0,0.681
32.0,79.0,-0.456
32.0,80.0,-0.291
32.0,81.0,0.720
32.0,82.0,-0.341
32.0,83.0,-0.428
32.0,84.0,0.726
32.0,85.0,-0.214
32.0,86.0,-0.545
32.0,87.0,0.706
32.0,88.0,-0.082
32.0,89.0,-0.641
32.0,90.0,0.663
32.0,91.0,0.048
32.0,92.0,-0.715
32.0,93.0,0.604
32.0,94.0,0.171
32.0,95.0,-0.768
32.0,96.0,0.533
32.0,97.0,0.284
32.0,98.0,-0.803
32.0,99.0,0.457
32.0,100.0,0.386
33.0,0.0,0.090
33.0,1.0,-0.143
33.0,2.0,-0.001
33.0,3.0,0.158
33.0,4.0,-0.109
33.0,5.0,-0.097
33.0,6.0,0.187
33.0,7.0,-0.025
33.0,8.0,-0.185
33.0,9.0,0.156
33.0,10.0,0.089
33.0,11.0,-0.231
33.0,12.0,0.068
33.0,13.0,0.198
33.0,14.0,-0.213
33.0,15.0,-0.058
33.0,16.0,0.268
33.0,17.0,-0.131
33.0,18.0,-0.189
33.0,19.0,0.274
33.0,20.0,0.000
33.0,21.0,-0.289
33.0,22.0,0.210
33.0,23.0,0.149
33.0,24.0,-0.330
33.0,25.0,0.087
33.0,26.0,0.280
33.0,27.0,-0.299
33.0,28.0,-0.070
33.0,29.0,0.364
33.0,30.0,-0.199
33.0,31.0,-0.228
33.0,32.0,0.379
33.0,33.0,-0.050
33.0,34.0,-0.356
33.0,35.0,0.322
33.0,36.0,0.122
33.0,37.0,-0.427
33.0,38.0,0.202
33.0,39.0,0.286
33.0,40.0,-0.429
33.0,41.0,0.038
33.0,42.0,0.413
33.0,43.0,-0.362
33.0,44.0,-0.141
33.0,45.0,0.484
33.0,46.0,-0.236
33.0,47.0,-0.310
33.0,48.0,0.489
33.0,49.0,-0.071
33.0,50.0,-0.446
33.0,51.0,0.430
33.0,52.0,0.111
33.0,53.0,-0.531
33.0,54.0,0.316
33.0,55.0,0.287
33.0,56.0,-0.557
33.0,57.0,0.162
33.0,58.0,0.437
33.0,59.0,-0.525
33.0,60.0,-0.014
33.0,61.0,0.548
33.0,62.0,-0.441
33.0,63.0,-0.192
33.0,64.0,0.611
33.0,65.0,-0.315
33.0,66.0,-0.358
33.0,67.0,0.623
33.0,68.0,-0.163
33.0,69.0,-0.497
33.0,70.0,0.589
33.0,71.0,0.004
33.0,72.0,-0.602
33.0,73.0,0.513
33.0,74.0,0.171
33.0,75.0,-0.670
33.0,76.0,0.407
33.0,77.0,0.327
33.0,78.0,-0.699
33.0,79.0,0.279
33.0,80.0,0.465
33.0,81.0,-0.692
33.0,82.0,0.138
33.0,83.0,0.580
33.0,84.0,-0.655
33.0,85.0,-0.006
33.0,86.0,0.669
33.0,87.0,-0.593
33.0,88.0,-0.146
33.0,89.0,0.732
33.0,90.0,-0.514
33.0,91.0,-0.277
33.0,92.0,0.771
33.0,93.0,-0.422
33.0,94.0,-0.395
33.0,95.0,0.789
33.0,96.0,-0.325
33.0,97.0,-0.499
33.0,98.0,0.790
33.0,99.0,-0.227
33.0,100.0,-0.588
34.0,0.0,-0.107
34.0,1.0,0.124
34.0,2.0,0.034
34.0,3.0,-0.161
34.0,4.0,0.074
34.0,5.0,0.125
34.0,6.0,-0.169
34.0,7.0,-0.019
34.0,8.0,0.196
34.0,9.0,-0.117
34.0,10.0,-0.129
34.0,11.0,0.217
34.0,12.0,-0.014
34.0,13.0,-0.221
34.0,14.0,0.172
34.0,15.0,0.113
34.0,16.0,-0.264
34.0,17.0,0.069
34.0,18.0,0.229
34.0,19.0,-0.239
34.0,20.0,-0.069
34.0,21.0,0.301
34.0,22.0,-0.147
34.0,23.0,-0.209
34.0,24.0,0.307
34.0,25.0,-0.007
34.0,26.0,-0.316
34.0,27.0,0.241
34.0,28.0,0.151
34.0,29.0,-0.364
34.0,30.0,0.114
34.0,31.0,0.293
34.0,32.0,-0.339
34.0,33.0,-0.049
34.0,34.0,0.389
34.0,35.0,-0.245
34.0,36.0,-0.216
34.0,37.0,0.419
34.0,38.0,-0.098
34.0,39.0,-0.358
34.0,40.0,0.377
34.0,41.0,0.077
34.0,42.0,-0.449
34.0,43.0,0.270
34.0,44.0,0.251
34.0,45.0,-0.475
34.0,46.0,0.116
34.0,47.0,0.398
34.0,48.0,-0.434
34.0,49.0,-0.063
34.0,50.0,0.496
34.0,51.0,-0.332
34.0,52.0,-0.243
34.0,53.0,0.536
34.0,54.0,-0.184
34.0,55.0,-0.400
34.0,56.0,0.514
34.0,57.0,-0.010
34.0,58.0,-0.518
34.0,59.0,0.435
34.0,60.0,0.171
34.0,61.0,-0.586
34.0,62.0,0.310
34.0,63.0,0.340
34.0,64.0,-0.601
34.0,65.0,0.155
34.0,66.0,0.483
34.0,67.0,-0.564
34.0,68.0,-0.016
34.0,69.0,0.589
34.0,70.0,-0.484
34.0,71.0,-0.187
34.0,72.0,0.653
34.0,73.0,-0.369
34.0,74.0,-0.347
34.0,75.0,0.674
34.0,76.0,-0.230
34.0,77.0,-0.486
34.0,78.0,0.657
34.0,79.0,-0.079
34.0,80.0,-0.598
34.0,81.0,0.605
34.0,82.0,0.074
34.0,83.0,-0.680
34.0,84.0,0.527
34.0,85.0,0.222
34.0,86.0,-0.732
34.0,87.0,0.429
34.0,88.0,0.357
34.0,89.0,-0.756
34.0,90.0,0.319
34.0,91.0,0.477
34.0,92.0,-0.756
34.0,93.0,0.204
34.0,94.0,0.580
34.0,95.0,-0.736
34.0,96.0,0.088
34.0,97.0,0.664
34.0,98.0,-0.701
34.0,99.0,-0.023
34.0,100.0,0.730
35.0,0.0,0.119
35.0,1.0,-0.101
35.0,2.0,-0.063
35.0,3.0,0.156
35.0,4.0,-0.038
35.0,5.0,-0.146
35.0,6.0,0.143
35.0,7.0,0.059
35.0,8.0,-0.197
35.0,9.0,0.073
35.0,10.0,0.161
35.0,11.0,-0.192
35.0,12.0,-0.038
35.0,13.0,0.232
35.0,14.0,-0.124
35.0,15.0,-0.159
35.0,16.0,0.246
35.0,17.0,-0.007
35.0,18.0,-0.255
35.0,19.0,0.191
35.0,20.0,0.132
35.0,21.0,-0.297
35.0,22.0,0.077
35.0,23.0,0.256
35.0,24.0,-0.268
35.0,25.0,-0.072
35.0,26.0,0.333
35.0,27.0,-0.171
35.0,28.0,-0.221
35.0,29.0,0.343
35.0,30.0,-0.025
35.0,31.0,-0.338
35.0,32.0,0.280
35.0,33.0,0.141
35.0,34.0,-0.397
35.0,35.0,0.155
35.0,36.0,0.294
35.0,37.0,-0.384
35.0,38.0,-0.010
35.0,39.0,0.405
35.0,40.0,-0.302
35.0,41.0,-0.185
35.0,42.0,0.455
35.0,43.0,-0.163
35.0,44.0,-0.342
35.0,45.0,0.436
35.0,46.0,0.010
35.0,47.0,-0.456
35.0,48.0,0.350
35.0,49.0,0.191
35.0,50.0,-0.512
35.0,51.0,0.213
35.0,52.0,0.355
35.0,53.0,-0.503
35.0,54.0,0.042
35.0,55.0,0.482
35.0,56.0,-0.434
35.0,57.0,-0.140
35.0,58.0,0.559
35.0,59.0,-0.314
35.0,60.0,-0.314
35.0,61.0,0.579
35.0,62.0,-0.159
35.0,63.0,-0.460
35.0,64.0,0.545
35.0,65.0,0.015
35.0,66.0,-0.569
35.0,67.0,0.462
35.0,68.0,0.190
35.0,69.0,-0.632
35.0,70.0,0.342
35.0,71.0,0.354
35.0,72.0,-0.649
35.0,73.0,0.196
35.0,74.0,0.493
35.0,75.0,-0.623
35.0,76.0,0.036
35.0,77.0,0.602
35.0,78.0,-0.560
35.0,79.0,-0.124
35.0,80.0,0.678
35.0,81.0,-0.467
35.0,82.0,-0.277
35.0,83.0,0.719
35.0,84.0,-0.354
35.0,85.0,-0.416
35.0,86.0,0.729
35.0,87.0,-0.228
35.0,88.0,-0.535
35.0,89.0,0.711
35.0,90.0,-0.098
35.0,91.0,-0.632
35.0,92.0,0.671
35.0,93.0,0.032
35.0,94.0,-0.708
35.0,95.0,0.614
35.0,96.0,0.155
35.0,97.0,-0.764
35.0,98.0,0.546
35.0,99.0,0.269
35.0,100.0,-0.801
36.0,0.0,-0.124
36.0,1.0,0.075
36.0,2.0,0.087
36.0,3.0,-0.144
36.0,4.0,0.003
36.0,5.0,0.157
36.0,6.0,-0.112
36.0,7.0,-0.094
36.0,8.0,0.188
36.0,9.0,-0.028
36.0,10.0,-0.183
36.0,11.0,0.159
36.0,12.0,0.085
36.0,13.0,-0.231
36.0,14.0,0.072
36.0,15.0,0.195
36.0,16.0,-0.216
36.0,17.0,-0.053
36.0,18.0,0.267
36.0,19.0,-0.135
36.0,20.0,-0.185
36.0,21.0,0.276
36.0,22.0,-0.006
36.0,23.0,-0.287
36.0,24.0,0.215
36.0,25.0,0.143
36.0,26.0,-0.330
36.0,27.0,0.093
36.0,28.0,0.276
36.0,29.0,-0.302
36.0,30.0,-0.063
36.0,31.0,0.362
36.0,32.0,-0.205
36.0,33.0,-0.222
36.0,34.0,0.381
36.0,35.0,-0.057
36.0,36.0,-0.352
36.0,37.0,0.327
36.0,38.0,0.115
36.0,39.0,-0.426
36.0,40.0,0.209
36.0,41.0,0.279
36.0,42.0,-0.432
36.0,43.0,0.047
36.0,44.0,0.409
36.0,45.0,-0.368
36.0,46.0,-0.132
36.0,47.0,0.483
36.0,48.0,-0.245
36.0,49.0,-0.303
36.0,50.0,0.492
36.0,51.0,-0.081
36.0,52.0,-0.440
36.0,53.0,0.436
36.0,54.0,0.101
36.0,55.0,-0.529
36.0,56.0,0.325
36.0,57.0,0.278
36.0,58.0,-0.559
36.0,59.0,0.172
36.0,60.0,0.430
36.0,61.0,-0.530
36.0,62.0,-0.002
36.0,63.0,0.544
36.0,64.0,-0.449
36.0,65.0,-0.181
36.0,66.0,0.609
36.0,67.0,-0.326
36.0,68.0,-0.347
36.0,69.0,0.625
36.0,70.0,-0.175
36.0,71.0,-0.489
36.0,72.0,0.594
36.0,73.0,-0.009
36.0,74.0,-0.597
36.0,75.0,0.522
36.0,76.0,0.157
36.0,77.0,-0.667
36.0,78.0,0.418
36.0,79.0,0.315
36.0,80.0,-0.699
36.0,81.0,0.292
36.0,82.0,0.454
36.0,83.0,-0.696
36.0,84.0,0.153
36.0,85.0,0.571
36.0,86.0,-0.662
36.0,87.0,0.010
36.0,88.0,0.662
36.0,89.0,-0.603
36.0,90.0,-0.130
36.0,91.0,0.728
36.0,92.0,-0.525
36.0,93.0,-0.262
36.0,94.0,0.770
36.0,95.0,-0.436
36.0,96.0,-0.381
36.0,97.0,0.790
36.0,98.0,-0.340
36.0,99.0,-0.486
36.0,100.0,0.793
37.0,0.0,0.122
37.0,1.0,-0.047
37.0,2.0,-0.106
37.0,3.0,0.126
37.0,4.0,0.031
37.0,5.0,-0.161
37.0,6.0,0.077
37.0,7.0,0.123
37.0,8.0,-0.170
37.0,9.0,-0.015
37.0,10.0,0.195
37.0,11.0,-0.120
37.0,12.0,-0.126
37.0,13.0,0.218
37.0,14.0,-0.019
37.0,15.0,-0.219
37.0,16.0,0.176
37.0,17.0,0.108
37.0,18.0,-0.264
37.0,19.0,0.074
37.0,20.0,0.226
37.0,21.0,-0.242
37.0,22.0,-0.064
37.0,23.0,0.300
37.0,24.0,-0.152
37.0,25.0,-0.205
37.0,26.0,0.309
37.0,27.0,-0.013
37.0,28.0,-0.314
37.0,29.0,0.246
37.0,30.0,0.145
37.0,31.0,-0.364
37.0,32.0,0.121
37.0,33.0,0.288
37.0,34.0,-0.343
37.0,35.0,-0.041
37.0,36.0,0.387
37.0,37.0,-0.251
37.0,38.0,-0.209
37.0,39.0,0.420
37.0,40.0,-0.106
37.0,41.0,-0.353
37.0,42.0,0.381
37.0,43.0,0.069
37.0,44.0,-0.447
37.0,45.0,0.278
37.0,46.0,0.243
37.0,47.0,-0.477
37.0,48.0,0.125
37.0,49.0,0.392
37.0,50.0,-0.439
37.0,51.0,-0.054
37.0,52.0,0.494
37.0,53.0,-0.340
37.0,54.0,-0.234
37.0,55.0,0.537
37.0,56.0,-0.194
37.0,57.0,-0.392
37.0,58.0,0.518
37.0,59.0,-0.021
37.0,60.0,-0.513
37.0,61.0,0.442
37.0,62.0,0.160
37.0,63.0,-0.585
37.0,64.0,0.320
37.0,65.0,0.331
37.0,66.0,-0.603
37.0,67.0,0.167
37.0,68.0,0.475
37.0,69.0,-0.570
37.0,70.0,-0.003
37.0,71.0,0.584
37.0,72.0,-0.492
37.0,73.0,-0.175
37.0,74.0,0.651
37.0,75.0,-0.380
37.0,76.0,-0.336
37.0,77.0,0.676
37.0,78.0,-0.243
37.0,79.0,-0.476
37.0,80.0,0.661
37.0,81.0,-0.093
37.0,82.0,-0.590
37.0,83.0,0.613
37.0,84.0,0.060
37.0,85.0,-0.675
37.0,86.0,0.537
37.0,87.0,0.207
37.0,88.0,-0.729
37.0,89.0,0.441
37.0,90.0,0.344
37.0,91.0,-0.756
37.0,92.0,0.333
37.0,93.0,0.465
37.0,94.0,-0.759
37.0,95.0,0.219
37.0,96.0,0.569
37.0,97.0,-0.742
37.0,98.0,0.104
37.0,99.0,0.654
37.0,100.0,-0.709
38.0,0.0,-0.115
38.0,1.0,0.020
38.0,2.0,0.117
38.0,3.0,-0.103
38.0,4.0,-0.060
38.0,5.0,0.156
38.0,6.0,-0.041
38.0,7.0,-0.144
38.0,8.0,0.145
38.0,9.0,0.056
38.0,10.0,-0.197
38.0,11.0,0.077
38.0,12.0,0.158
38.0,13.0,-0.194
38.0,14.0,-0.033
38.0,15.0,0.231
38.0,16.0,-0.129
38.0,17.0,-0.155
38.0,18.0,0.247
38.0,19.0,-0.012
38.0,20.0,-0.253
38.0,21.0,0.195
38.0,22.0,0.127
38.0,23.0,-0.297
38.0,24.0,0.083
38.0,25.0,0.252
38.0,26.0,-0.271
38.0,27.0,-0.065
38.0,28.0,0.332
38.0,29.0,-0.177
38.0,30.0,-0.216
38.0,31.0,0.345
38.0,32.0,-0.032
38.0,33.0,-0.335
38.0,34.0,0.285
38.0,35.0,0.134
38.0,36.0,-0.397
38.0,37.0,0.162
38.0,38.0,0.288
38.0,39.0,-0.388
38.0,40.0,-0.002
38.0,41.0,0.402
38.0,42.0,-0.308
38.0,43.0,-0.178
38.0,44.0,0.455
38.0,45.0,-0.171
38.0,46.0,-0.336
38.0,47.0,0.439
38.0,48.0,0.001
38.0,49.0,-0.453
38.0,50.0,0.357
38.0,51.0,0.182
38.0,52.0,-0.512
38.0,53.0,0.222
38.0,54.0,0.347
38.0,55.0,-0.507
38.0,56.0,0.052
38.0,57.0,0.477
38.0,58.0,-0.441
38.0,59.0,-0.130
38.0,60.0,0.557
38.0,61.0,-0.323
38.0,62.0,-0.304
38.0,63.0,0.581
38.0,64.0,-0.170
38.0,65.0,-0.453
38.0,66.0,0.550
38.0,67.0,0.003
38.0,68.0,-0.564
38.0,69.0,0.471
38.0,70.0,0.179
38.0,71.0,-0.631
38.0,72.0,0.353
38.0,73.0,0.343
38.0,74.0,-0.651
38.0,75.0,0.208
38.0,76.0,0.484
38.0,77.0,-0.629
38.0,78.0,0.050
38.0,79.0,0.596
38.0,80.0,-0.568
38.0,81.0,-0.110
38.0,82.0,0.674
38.0,83.0,-0.478
38.0,84.0,-0.264
38.0,85.0,0.718
38.0,86.0,-0.367
38.0,87.0,-0.403
38.0,88.0,0.731
38.0,89.0,-0.243
38.0,90.0,-0.524
38.0,91.0,0.716
38.0,92.0,-0.113
38.0,93.0,-0.624
38.0,94.0,0.679
38.0,95.0,0.016
38.0,96.0,-0.702
38.0,97.0,0.624
38.0,98.0,0.139
38.0,99.0,-0.759
38.0,100.0,0.558
39.0,0.0,0.103
39.0,1.0,0.007
39.0,2.0,-0.123
39.0,3.0,0.077
39.0,4.0,0.085
39.0,5.0,-0.145
39.0,6.0,0.006
39.0,7.0,0.156
39.0,8.0,-0.114
39.0,9.0,-0.091
39.0,10.0,0.188
39.0,11.0,-0.032
39.0,12.0,-0.181
39.0,13.0,0.162
39.0,14.0,0.081
39.0,15.0,-0.231
39.0,16.0,0.077
39.0,17.0,0.192
39.0,18.0,-0.218
39.0,19.0,-0.048
39.0,20.0,0.266
39.0,21.0,-0.140
39.0,22.0,-0.181
39.0,23.0,0.278
39.0,24.0,-0.011
39.0,25.0,-0.284
39.0,26.0,0.219
39.0,27.0,0.138
39.0,28.0,-0.331
39.0,29.0,0.100
39.0,30.0,0.272
39.0,31.0,-0.306
39.0,32.0,-0.056
39.0,33.0,0.361
39.0,34.0,-0.211
39.0,35.0,-0.216
39.0,36.0,0.383
39.0,37.0,-0.065
39.0,38.0,-0.348
39.0,39.0,0.332
39.0,40.0,0.107
39.0,41.0,-0.425
39.0,42.0,0.217
39.0,43.0,0.272
39.0,44.0,-0.434
39.0,45.0,0.056
39.0,46.0,0.404
39.0,47.0,-0.374
39.0,48.0,-0.123
39.0,49.0,0.482
39.0,50.0,-0.253
39.0,51.0,-0.295
39.0,52.0,0.494
39.0,53.0,-0.091
39.0,54.0,-0.435
39.0,55.0,0.442
39.0,56.0,0.090
39.0,57.0,-0.526
39.0,58.0,0.333
39.0,59.0,0.268
39.0,60.0,-0.560
39.0,61.0,0.183
39.0,62.0,0.423
39.0,63.0,-0.535
39.0,64.0,0.009
39.0,65.0,0.539
39.0,66.0,-0.457
39.0,67.0,-0.170
39.0,68.0,0.608
39.0,69.0,-0.337
39.0,70.0,-0.337
39.0,71.0,0.627
39.0,72.0,-0.187
39.0,73.0,-0.480
39.0,74.0,0.600
39.0,75.0,-0.023
39.0,76.0,-0.591
39.0,77.0,0.531
39.0,78.0,0.144
39.0,79.0,-0.664
39.0,80.0,0.429
39.0,81.0,0.302
39.0,82.0,-0.699
39.0,83.0,0.305
39.0,84.0,0.443
39.0,85.0,-0.699
39.0,86.0,0.167
39.0,87.0,0.562
39.0,88.0,-0.668
39.0,89.0,0.025
39.0,90.0,0.655
39.0,91.0,-0.612
39.0,92.0,-0.115
39.0,93.0,0.724
39.0,94.0,-0.537
39.0,95.0,-0.247
39.0,96.0,0.768
39.0,97.0,-0.449
39.0,98.0,-0.367
39.0,99.0,0.791
39.0,100.0,-0.355
40.0,0.0,-0.088
40.0,1.0,-0.030
40.0,2.0,0.122
40.0,3.0,-0.050
40.0,4.0,-0.104
40.0,5.0,0.127
40.0,6.0,0.028
40.0,7.0,-0.160
40.0,8.0,0.080
40.0,9.0,0.120
40.0,10.0,-0.171
40.0,11.0,-0.012
40.0,12.0,0.194
40.0,13.0,-0.123
40.0,14.0,-0.122
40.0,15.0,0.219
40.0,16.0,-0.023
40.0,17.0,-0.217
40.0,18.0,0.179
40.0,19.0,0.104
40.0,20.0,-0.264
40.0,21.0,0.080
40.0,22.0,0.223
40.0,23.0,-0.245
40.0,24.0,-0.058
40.0,25.0,0.300
40.0,26.0,-0.157
40.0,27.0,-0.200
40.0,28.0,0.311
40.0,29.0,-0.019
40.0,30.0,-0.311
40.0,31.0,0.250
40.0,32.0,0.139
40.0,33.0,-0.365
40.0,34.0,0.128
40.0,35.0,0.284
40.0,36.0,-0.346
40.0,37.0,-0.033
40.0,38.0,0.384
40.0,39.0,-0.257
40.0,40.0,-0.202
40.0,41.0,0.421
40.0,42.0,-0.114
40.0,43.0,-0.348
40.0,44.0,0.386
40.0,45.0,0.060
40.0,46.0,-0.445
40.0,47.0,0.285
40.0,48.0,0.235
40.0,49.0,-0.478
40.0,50.0,0.134
40.0,51.0,0.386
40.0,52.0,-0.444
40.0,53.0,-0.044
40.0,54.0,0.491
40.0,55.0,-0.348
40.0,56.0,-0.224
40.0,57.0,0.537
40.0,58.0,-0.204
40.0,59.0,-0.385
40.0,60.0,0.522
40.0,61.0,-0.032
40.0,62.0,-0.508
40.0,63.0,0.450
40.0,64.0,0.149
40.0,65.0,-0.583
40.0,66.0,0.330
40.0,67.0,0.321
40.0,68.0,-0.605
40.0,69.0,0.178
40.0,70.0,0.467
40.0,71.0,-0.575
40.0,72.0,0.009
40.0,73.0,0.578
40.0,74.0,-0.501
40.0,75.0,-0.162
40.0,76.0,0.648
40.0,77.0,-0.391
40.0,78.0,-0.324
40.0,79.0,0.677
40.0,80.0,-0.256
40.0,81.0,-0.466
40.0,82.0,0.666
40.0,83.0,-0.107
40.0,84.0,-0.582
40.0,85.0,0.620
40.0,86.0,0.045
40.0,87.0,-0.669
40.0,88.0,0.547
40.0,89.0,0.193
40.0,90.0,-0.727
40.0,91.0,0.454
40.0,92.0,0.330
40.0,93.0,-0.757
40.0,94.0,0.347
40.0,95.0,0.452
40.0,96.0,-0.762
40.0,97.0,0.235
40.0,98.0,0.558
40.0,99.0,-0.747
40.0,100.0,0.121
41.0,0.0,0.070
41.0,1.0,0.050
41.0,2.0,-0.116
41.0,3.0,0.022
41.0,4.0,0.116
41.0,5.0,-0.105
41.0,6.0,-0.058
41.0,7.0,0.157
41.0,8.0,-0.044
41.0,9.0,-0.142
41.0,10.0,0.147
41.0,11.0,0.052
41.0,12.0,-0.196
41.0,13.0,0.081
41.0,14.0,0.156
41.0,15.0,-0.196
41.0,16.0,-0.029
41.0,17.0,0.230
41.0,18.0,-0.132
41.0,19.0,-0.151
41.0,20.0,0.249
41.0,21.0,-0.017
41.0,22.0,-0.251
41.0,23.0,0.199
41.0,24.0,0.122
41.0,25.0,-0.298
41.0,26.0,0.088
41.0,27.0,0.249
41.0,28.0,-0.274
41.0,29.0,-0.059
41.0,30.0,0.331
41.0,31.0,-0.182
41.0,32.0,-0.211
41.0,33.0,0.347
41.0,34.0,-0.039
41.0,35.0,-0.332
41.0,36.0,0.290
41.0,37.0,0.127
41.0,38.0,-0.397
41.0,39.0,0.169
41.0,40.0,0.283
41.0,41.0,-0.391
41.0,42.0,0.006
41.0,43.0,0.399
41.0,44.0,-0.314
41.0,45.0,-0.170
41.0,46.0,0.456
41.0,47.0,-0.180
41.0,48.0,-0.329
41.0,49.0,0.443
41.0,50.0,-0.009
41.0,51.0,-0.449
41.0,52.0,0.364
41.0,53.0,0.173
41.0,54.0,-0.511
41.0,55.0,0.231
41.0,56.0,0.340
41.0,57.0,-0.510
41.0,58.0,0.063
41.0,59.0,0.472
41.0,60.0,-0.447
41.0,61.0,-0.119
41.0,62.0,0.555
41.0,63.0,-0.333
41.0,64.0,-0.294
41.0,65.0,0.583
41.0,66.0,-0.181
41.0,67.0,-0.445
41.0,68.0,0.555
41.0,69.0,-0.009
41.0,70.0,-0.559
41.0,71.0,0.479
41.0,72.0,0.166
41.0,73.0,-0.629
41.0,74.0,0.363
41.0,75.0,0.332
41.0,76.0,-0.653
41.0,77.0,0.221
41.0,78.0,0.475
41.0,79.0,-0.633
41.0,80.0,0.064
41.0,81.0,0.589
41.0,82.0,-0.576
41.0,83.0,-0.097
41.0,84.0,0.670
41.0,85.0,-0.489
41.0,86.0,-0.250
41.0,87.0,0.717
41.0,88.0,-0.380
41.0,89.0,-0.391
41.0,90.0,0.733
41.0,91.0,-0.257
41.0,92.0,-0.513
41.0,93.0,0.721
41.0,94.0,-0.128
41.0,95.0,-0.614
41.0,96.0,0.686
41.0,97.0,-0.000
41.0,98.0,-0.694
41.0,99.0,0.634
41.0,100.0,0.123
42.0,0.0,-0.050
42.0,1.0,-0.066
42.0,2.0,0.104
42.0,3.0,0.004
42.0,4.0,-0.122
42.0,5.0,0.079
42.0,6.0,0.083
42.0,7.0,-0.146
42.0,8.0,0.009
42.0,9.0,0.155
42.0,10.0,-0.117
42.0,11.0,-0.088
42.0,12.0,0.189
42.0,13.0,-0.036
42.0,14.0,-0.179
42.0,15.0,0.165
42.0,16.0,0.077
42.0,17.0,-0.231
42.0,18.0,0.081
42.0,19.0,0.189
42.0,20.0,-0.221
42.0,21.0,-0.043
42.0,22.0,0.265
42.0,23.0,-0.145
42.0,24.0,-0.176
42.0,25.0,0.280
42.0,26.0,-0.017
42.0,27.0,-0.282
42.0,28.0,0.224
42.0,29.0,0.132
42.0,30.0,-0.331
42.0,31.0,0.106
42.0,32.0,0.268
42.0,33.0,-0.309
42.0,34.0,-0.050
42.0,35.0,0.359
42.0,36.0,-0.217
42.0,37.0,-0.210
42.0,38.0,0.384
42.0,39.0,-0.072
42.0,40.0,-0.344
42.0,41.0,0.337
42.0,42.0,0.099
42.0,43.0,-0.424
42.0,44.0,0.224
42.0,45.0,0.266
42.0,46.0,-0.437
42.0,47.0,0.065
42.0,48.0,0.400
42.0,49.0,-0.379
42.0,50.0,-0.114
42.0,51.0,0.480
42.0,52.0,-0.261
42.0,53.0,-0.287
42.0,54.0,0.497
42.0,55.0,-0.101
42.0,56.0,-0.429
42.0,57.0,0.448
42.0,58.0,0.080
42.0,59.0,-0.524
42.0,60.0,0.342
42.0,61.0,0.259
42.0,62.0,-0.561
42.0,63.0,0.194
42.0,64.0,0.415
42.0,65.0,-0.539
42.0,66.0,0.021
42.0,67.0,0.534
42.0,68.0,-0.465
42.0,69.0,-0.158
42.0,70.0,0.606
42.0,71.0,-0.347
42.0,72.0,-0.327
42.0,73.0,0.629
42.0,74.0,-0.199
42.0,75.0,-0.472
42.0,76.0,0.605
42.0,77.0,-0.036
42.0,78.0,-0.585
42.0,79.0,0.539
42.0,80.0,0.131
42.0,81.0,-0.661
42.0,82.0,0.440
42.0,83.0,0.290
42.0,84.0,-0.699
42.0,85.0,0.318
42.0,86.0,0.432
42.0,87.0,-0.702
42.0,88.0,0.181
42.0,89.0,0.552
42.0,90.0,-0.674
42.0,91.0,0.040
42.0,92.0,0.648
42.0,93.0,-0.621
42.0,94.0,-0.100
42.0,95.0,0.719
42.0,96.0,-0.548
42.0,97.0,-0.232
42.0,98.0,0.765
42.0,99.0,-0.463
42.0,100.0,-0.352
43.0,0.0,0.031
43.0,1.0,0.077
43.0,2.0,-0.089
43.0,3.0,-0.028
43.0,4.0,0.122
43.0,5.0,-0.052
43.0,6.0,-0.102
43.0,7.0,0.129
43.0,8.0,0.025
43.0,9.0,-0.160
43.0,10.0,0.083
43.0,11.0,0.118
43.0,12.0,-0.173
43.0,13.0,-0.008
43.0,14.0,0.193
43.0,15.0,-0.127
43.0,16.0,-0.119
43.0,17.0,0.220
43.0,18.0,-0.028
43.0,19.0,-0.215
43.0,20.0,0.182
43.0,21.0,0.099
43.0,22.0,-0.265
43.0,23.0,0.085
43.0,24.0,0.219
43.0,25.0,-0.247
43.0,26.0,-0.052
43.0,27.0,0.299
43.0,28.0,-0.162
43.0,29.0,-0.195
43.0,30.0,0.313
43.0,31.0,-0.026
43.0,32.0,-0.308
43.0,33.0,0.255
43.0,34.0,0.132
43.0,35.0,-0.365
43.0,36.0,0.135
43.0,37.0,0.279
43.0,38.0,-0.349
43.0,39.0,-0.026
43.0,40.0,0.382
43.0,41.0,-0.263
43.0,42.0,-0.195
43.0,43.0,0.422
43.0,44.0,-0.122
43.0,45.0,-0.342
43.0,46.0,0.390
43.0,47.0,0.051
43.0,48.0,-0.442
43.0,49.0,0.292
43.0,50.0,0.227
43.0,51.0,-0.479
43.0,52.0,0.143
43.0,53.0,0.380
43.0,54.0,-0.448
43.0,55.0,-0.034
43.0,56.0,0.487
43.0,57.0,-0.355
43.0,58.0,-0.215
43.0,59.0,0.537
43.0,60.0,-0.214
43.0,61.0,-0.377
43.0,62.0,0.526
43.0,63.0,-0.043
43.0,64.0,-0.503
43.0,65.0,0.457
43.0,66.0,0.138
43.0,67.0,-0.581
43.0,68.0,0.340
43.0,69.0,0.311
43.0,70.0,-0.606
43.0,71.0,0.190
43.0,72.0,0.459
43.0,73.0,-0.580
43.0,74.0,0.022
43.0,75.0,0.573
43.0,76.0,-0.509
43.0,77.0,-0.150
43.0,78.0,0.646
43.0,79.0,-0.401
43.0,80.0,-0.312
43.0,81.0,0.678
43.0,82.0,-0.269
43.0,83.0,-0.456
43.0,84.0,0.670
43.0,85.0,-0.121
43.0,86.0,-0.574
43.0,87.0,0.627
43.0,88.0,0.030
43.0,89.0,-0.664
43.0,90.0,0.557
43.0,91.0,0.178
43.0,92.0,-0.724
43.0,93.0,0.466
43.0,94.0,0.316
43.0,95.0,-0.756
43.0,96.0,0.361
43.0,97.0,0.440
43.0,98.0,-0.765
43.0,99.0,0.250
43.0,100.0,0.546
44.0,0.0,-0.012
44.0,1.0,-0.083
44.0,2.0,0.071
44.0,3.0,0.048
44.0,4.0,-0.116
44.0,5.0,0.024
44.0,6.0,0.115
44.0,7.0,-0.107
44.0,8.0,-0.055
44.0,9.0,0.157
44.0,10.0,-0.047
44.0,11.0,-0.140
44.0,12.0,0.149
44.0,13.0,0.049
44.0,14.0,-0.196
44.0,15.0,0.084
44.0,16.0,0.153
44.0,17.0,-0.198
44.0,18.0,-0.024
44.0,19.0,0.229
44.0,20.0,-0.136
44.0,21.0,-0.147
44.0,22.0,0.250
44.0,23.0,-0.022
44.0,24.0,-0.249
44.0,25.0,0.203
44.0,26.0,0.116
44.0,27.0,-0.298
44.0,28.0,0.094
44.0,29.0,0.245
44.0,30.0,-0.278
44.0,31.0,-0.053
44.0,32.0,0.330
44.0,33.0,-0.188
44.0,34.0,-0.205
44.0,35.0,0.349
44.0,36.0,-0.046
44.0,37.0,-0.329
44.0,38.0,0.294
44.0,39.0,0.120
44.0,40.0,-0.396
44.0,41.0,0.176
44.0,42.0,0.277
44.0,43.0,-0.393
44.0,44.0,0.015
44.0,45.0,0.396
44.0,46.0,-0.320
44.0,47.0,-0.161
44.0,48.0,0.455
44.0,49.0,-0.188
44.0,50.0,-0.323
44.0,51.0,0.446
44.0,52.0,-0.018
44.0,53.0,-0.445
44.0,54.0,0.371
44.0,55.0,0.163
44.0,56.0,-0.511
44.0,57.0,0.240
44.0,58.0,0.332
44.0,59.0,-0.513
44.0,60.0,0.073
44.0,61.0,0.466
44.0,62.0,-0.454
44.0,63.0,-0.108
44.0,64.0,0.553
44.0,65.0,-0.342
44.0,66.0,-0.284
44.0,67.0,0.584
44.0,68.0,-0.192
44.0,69.0,-0.437
44.0,70.0,0.560
44.0,71.0,-0.021
44.0,72.0,-0.554
44.0,73.0,0.487
44.0,74.0,0.154
44.0,75.0,-0.627
44.0,76.0,0.374
44.0,77.0,0.320
44.0,78.0,-0.654
44.0,79.0,0.233
44.0,80.0,0.465
44.0,81.0,-0.638
44.0,82.0,0.077
44.0,83.0,0.582
44.0,84.0,-0.584
44.0,85.0,-0.083
44.0,86.0,0.665
44.0,87.0,-0.499
44.0,88.0,-0.237
44.0,89.0,0.716
44.0,90.0,-0.392
44.0,91.0,-0.378
44.0,92.0,0.734
44.0,93.0,-0.271
44.0,94.0,-0.502
44.0,95.0,0.725
44.0,96.0,-0.144
44.0,97.0,-0.605
44.0,98.0,0.693
44.0,99.0,-0.016
44.0,100.0,-0.687
45.0,0.0,-0.005
45.0,1.0,0.084
45.0,2.0,-0.052
45.0,3.0,-0.064
45.0,4.0,0.105
45.0,5.0,0.002
45.0,6.0,-0.121
45.0,7.0,0.081
45.0,8.0,0.080
45.0,9.0,-0.146
45.0,10.0,0.012
45.0,11.0,0.154
45.0,12.0,-0.119
45.0,13.0,-0.085
45.0,14.0,0.189
45.0,15.0,-0.040
45.0,16.0,-0.177
45.0,17.0,0.167
45.0,18.0,0.073
45.0,19.0,-0.231
45.0,20.0,0.085
45.0,21.0,0.186
45.0,22.0,-0.223
45.0,23.0,-0.038
45.0,24.0,0.264
45.0,25.0,-0.149
45.0,26.0,-0.172
45.0,27.0,0.282
45.0,28.0,-0.023
45.0,29.0,-0.279
45.0,30.0,0.228
45.0,31.0,0.126
45.0,32.0,-0.332
45.0,33.0,0.112
45.0,34.0,0.264
45.0,35.0,-0.313
45.0,36.0,-0.043
45.0,37.0,0.358
45.0,38.0,-0.223
45.0,39.0,-0.204
45.0,40.0,0.386
45.0,41.0,-0.080
45.0,42.0,-0.339
45.0,43.0,0.341
45.0,44.0,0.091
45.0,45.0,-0.423
45.0,46.0,0.231
45.0,47.0,0.259
45.0,48.0,-0.439
45.0,49.0,0.074
45.0,50.0,0.395
45.0,51.0,-0.385
45.0,52.0,-0.105
45.0,53.0,0.479
45.0,54.0,-0.269
45.0,55.0,-0.279
45.0,56.0,0.499
45.0,57.0,-0.111
45.0,58.0,-0.424
45.0,59.0,0.453
45.0,60.0,0.070
45.0,61.0,-0.521
45.0,62.0,0.350
45.0,63.0,0.249
45.0,64.0,-0.562
45.0,65.0,0.204
45.0,66.0,0.407
45.0,67.0,-0.544
45.0,68.0,0.033
45.0,69.0,0.529
45.0,70.0,-0.472
45.0,71.0,-0.146
45.0,72.0,0.604
45.0,73.0,-0.357
45.0,74.0,-0.316
45.0,75.0,0.631
45.0,76.0,-0.211
45.0,77.0,-0.463
45.0,78.0,0.609
45.0,79.0,-0.049
45.0,80.0,-0.579
45.0,81.0,0.547
45.0,82.0,0.118
45.0,83.0,-0.658
45.0,84.0,0.450
45.0,85.0,0.277
45.0,86.0,-0.699
45.0,87.0,0.330
45.0,88.0,0.420
45.0,89.0,-0.705
45.0,90.0,0.196
45.0,91.0,0.543
45.0,92.0,-0.680
45.0,93.0,0.055
45.0,94.0,0.641
45.0,95.0,-0.629
45.0,96.0,-0.084
45.0,97.0,0.714
45.0,98.0,-0.559
45.0,99.0,-0.216
45.0,100.0,0.763
46.0,0.0,0.020
46.0,1.0,-0.082
46.0,2.0,0.032
46.0,3.0,0.076
46.0,4.0,-0.090
46.0,5.0,-0.026
46.0,6.0,0.121
46.0,7.0,-0.054
46.0,8.0,-0.100
46.0,9.0,0.130
46.0,10.0,0.022
46.0,11.0,-0.159
46.0,12.0,0.086
46.0,13.0,0.115
46.0,14.0,-0.174
46.0,15.0,-0.004
46.0,16.0,0.192
46.0,17.0,-0.130
46.0,18.0,-0.115
46.0,19.0,0.221
46.0,20.0,-0.032
46.0,21.0,-0.213
46.0,22.0,0.186
46.0,23.0,0.095
46.0,24.0,-0.265
46.0,25.0,0.090
46.0,26.0,0.216
46.0,27.0,-0.250
46.0,28.0,-0.047
46.0,29.0,0.297
46.0,30.0,-0.167
46.0,31.0,-0.190
46.0,32.0,0.315
46.0,33.0,-0.032
46.0,34.0,-0.305
46.0,35.0,0.260
46.0,36.0,0.126
46.0,37.0,-0.365
46.0,38.0,0.141
46.0,39.0,0.274
46.0,40.0,-0.353
46.0,41.0,-0.018
46.0,42.0,0.380
46.0,43.0,-0.269
46.0,44.0,-0.188
46.0,45.0,0.423
46.0,46.0,-0.130
46.0,47.0,-0.337
46.0,48.0,0.394
46.0,49.0,0.043
46.0,50.0,-0.440
46.0,51.0,0.299
46.0,52.0,0.219
46.0,53.0,-0.480
46.0,54.0,0.152
46.0,55.0,0.374
46.0,56.0,-0.453
46.0,57.0,-0.024
46.0,58.0,0.484
46.0,59.0,-0.363
46.0,60.0,-0.205
46.0,61.0,0.537
46.0,62.0,-0.224
46.0,63.0,-0.369
46.0,64.0,0.529
46.0,65.0,-0.054
46.0,66.0,-0.498
46.0,67.0,0.464
46.0,68.0,0.127
46.0,69.0,-0.579
46.0,70.0,0.350
46.0,71.0,0.300
46.0,72.0,-0.608
46.0,73.0,0.202
46.0,74.0,0.450
46.0,75.0,-0.585
46.0,76.0,0.035
46.0,77.0,0.567
46.0,78.0,-0.517
46.0,79.0,-0.137
46.0,80.0,0.643
46.0,81.0,-0.412
46.0,82.0,-0.300
46.0,83.0,0.678
46.0,84.0,-0.281
46.0,85.0,-0.445
46.0,86.0,0.673
46.0,87.0,-0.135
46.0,88.0,-0.566
46.0,89.0,0.634
46.0,90.0,0.016
46.0,91.0,-0.658
46.0,92.0,0.567
46.0,93.0,0.164
46.0,94.0,-0.721
46.0,95.0,0.478
46.0,96.0,0.302
46.0,97.0,-0.756
46.0,98.0,0.375
46.0,99.0,0.427
46.0,100.0,-0.767
47.0,0.0,-0.032
47.0,1.0,0.075
47.0,2.0,-0.013
47.0,3.0,-0.082
47.0,4.0,0.073
47.0,5.0,0.046
47.0,6.0,-0.116
47.0,7.0,0.027
47.0,8.0,0.113
47.0,9.0,-0.108
47.0,10.0,-0.052
47.0,11.0,0.157
47.0,12.0,-0.051
47.0,13.0,-0.138
47.0,14.0,0.151
47.0,15.0,0.045
47.0,16.0,-0.196
47.0,17.0,0.088
47.0,18.0,0.150
47.0,19.0,-0.200
47.0,20.0,-0.020
47.0,21.0,0.228
47.0,22.0,-0.140
47.0,23.0,-0.143
47.0,24.0,0.251
47.0,25.0,-0.028
47.0,26.0,-0.247
47.0,27.0,0.207
47.0,28.0,0.111
47.0,29.0,-0.298
47.0,30.0,0.100
47.0,31.0,0.241
47.0,32.0,-0.281
47.0,33.0,-0.047
47.0,34.0,0.328
47.0,35.0,-0.194
47.0,36.0,-0.200
47.0,37.0,0.350
47.0,38.0,-0.053
47.0,39.0,-0.325
47.0,40.0,0.299
47.0,41.0,0.113
47.0,42.0,-0.396
47.0,43.0,0.183
47.0,44.0,0.271
47.0,45.0,-0.396
47.0,46.0,0.023
47.0,47.0,0.392
47.0,48.0,-0.326
47.0,49.0,-0.153
47.0,50.0,0.455
47.0,51.0,-0.196
47.0,52.0,-0.316
47.0,53.0,0.450
47.0,54.0,-0.028
47.0,55.0,-0.441
47.0,56.0,0.377
47.0,57.0,0.154
47.0,58.0,-0.510
47.0,59.0,0.249
47.0,60.0,0.324
47.0,61.0,-0.516
47.0,62.0,0.084
47.0,63.0,0.461
47.0,64.0,-0.460
47.0,65.0,-0.098
47.0,66.0,0.550
47.0,67.0,-0.351
47.0,68.0,-0.274
47.0,69.0,0.585
47.0,70.0,-0.203
47.0,71.0,-0.429
47.0,72.0,0.565
47.0,73.0,-0.034
47.0,74.0,-0.548
47.0,75.0,0.495
47.0,76.0,0.142
47.0,77.0,-0.624
47.0,78.0,0.384
47.0,79.0,0.309
47.0,80.0,-0.655
47.0,81.0,0.246
47.0,82.0,0.456
47.0,83.0,-0.642
47.0,84.0,0.091
47.0,85.0,0.574
47.0,86.0,-0.591
47.0,87.0,-0.069
47.0,88.0,0.661
47.0,89.0,-0.509
47.0,90.0,-0.223
47.0,91.0,0.714
47.0,92.0,-0.405
47.0,93.0,-0.366
47.0,94.0,0.736
47.0,95.0,-0.286
47.0,96.0,-0.491
47.0,97.0,0.730
47.0,98.0,-0.159
47.0,99.0,-0.595
47.0,100.0,0.700
48.0,0.0,0.040
48.0,1.0,-0.066
48.0,2.0,-0.004
48.0,3.0,0.084
48.0,4.0,-0.053
48.0,5.0,-0.063
48.0,6.0,0.106
48.0,7.0,-0.000
48.0,8.0,-0.120
48.0,9.0,0.083
48.0,10.0,0.078
48.0,11.0,-0.147
48.0,12.0,0.015
48.0,13.0,0.152
48.0,14.0,-0.122
48.0,15.0,-0.082
48.0,16.0,0.190
48.0,17.0,-0.044
48.0,18.0,-0.175
48.0,19.0,0.170
48.0,20.0,0.069
48.0,21.0,-0.231
48.0,22.0,0.090
48.0,23.0,0.183
48.0,24.0,-0.225
48.0,25.0,-0.033
48.0,26.0,0.263
48.0,27.0,-0.154
48.0,28.0,-0.167
48.0,29.0,0.283
48.0,30.0,-0.029
48.0,31.0,-0.277
48.0,32.0,0.232
48.0,33.0,0.121
48.0,34.0,-0.332
48.0,35.0,0.118
48.0,36.0,0.259
48.0,37.0,-0.316
48.0,38.0,-0.036
48.0,39.0,0.356
48.0,40.0,-0.229
48.0,41.0,-0.198
48.0,42.0,0.387
48.0,43.0,-0.088
48.0,44.0,-0.335
48.0,45.0,0.346
48.0,46.0,0.083
48.0,47.0,-0.421
48.0,48.0,0.238
48.0,49.0,0.252
48.0,50.0,-0.441
48.0,51.0,0.082
48.0,52.0,0.390
48.0,53.0,-0.390
48.0,54.0,-0.096
48.0,55.0,0.477
48.0,56.0,-0.278
48.0,57.0,-0.271
48.0,58.0,0.500
48.0,59.0,-0.120
48.0,60.0,-0.418
48.0,61.0,0.458
48.0,62.0,0.059
48.0,63.0,-0.518
48.0,64.0,0.359
48.0,65.0,0.239
48.0,66.0,-0.562
48.0,67.0,0.215
48.0,68.0,0.399
48.0,69.0,-0.548
48.0,70.0,0.044
48.0,71.0,0.523
48.0,72.0,-0.479
48.0,73.0,-0.135
48.0,74.0,0.602
48.0,75.0,-0.367
48.0,76.0,-0.305
48.0,77.0,0.632
48.0,78.0,-0.223
48.0,79.0,-0.454
48.0,80.0,0.614
48.0,81.0,-0.062
48.0,82.0,-0.572
48.0,83.0,0.554
48.0,84.0,0.104
48.0,85.0,-0.654
48.0,86.0,0.461
48.0,87.0,0.264
48.0,88.0,-0.699
48.0,89.0,0.343
48.0,90.0,0.409
48.0,91.0,-0.708
48.0,92.0,0.210
48.0,93.0,0.533
48.0,94.0,-0.686
48.0,95.0,0.070
48.0,96.0,0.633
48.0,97.0,-0.638
48.0,98.0,-0.069
48.0,99.0,0.708
48.0,100.0,-0.570
49.0,0.0,-0.045
49.0,1.0,0.055
49.0,2.0,0.019
49.0,3.0,-0.082
49.0,4.0,0.034
49.0,5.0,0.074
49.0,6.0,-0.091
49.0,7.0,-0.024
49.0,8.0,0.121
49.0,9.0,-0.056
49.0,10.0,-0.098
49.0,11.0,0.131
49.0,12.0,0.019
49.0,13.0,-0.158
49.0,14.0,0.089
49.0,15.0,0.112
49.0,16.0,-0.175
49.0,17.0,-0.000
49.0,18.0,0.190
49.0,19.0,-0.133
49.0,20.0,-0.112
49.0,21.0,0.222
49.0,22.0,-0.037
49.0,23.0,-0.211
49.0,24.0,0.189
49.0,25.0,0.090
49.0,26.0,-0.265
49.0,27.0,0.094
49.0,28.0,0.212
49.0,29.0,-0.253
49.0,30.0,-0.041
49.0,31.0,0.296
49.0,32.0,-0.172
49.0,33.0,-0.185
49.0,34.0,0.316
49.0,35.0,-0.039
49.0,36.0,-0.302
49.0,37.0,0.264
49.0,38.0,0.120
49.0,39.0,-0.365
49.0,40.0,0.148
49.0,41.0,0.269
49.0,42.0,-0.356
49.0,43.0,-0.011
49.0,44.0,0.377
49.0,45.0,-0.275
49.0,46.0,-0.181
49.0,47.0,0.423
49.0,48.0,-0.138
49.0,49.0,-0.332
49.0,50.0,0.398
49.0,51.0,0.034
49.0,52.0,-0.437
49.0,53.0,0.306
49.0,54.0,0.211
49.0,55.0,-0.481
49.0,56.0,0.161
49.0,57.0,0.367
49.0,58.0,-0.457
49.0,59.0,-0.014
49.0,60.0,0.480
49.0,61.0,-0.370
49.0,62.0,-0.196
49.0,63.0,0.537
49.0,64.0,-0.233
49.0,65.0,-0.361
49.0,66.0,0.533
49.0,67.0,-0.065
49.0,68.0,-0.492
49.0,69.0,0.470
49.0,70.0,0.116
49.0,71.0,-0.576
49.0,72.0,0.359
49.0,73.0,0.290
49.0,74.0,-0.609
49.0,75.0,0.213
49.0,76.0,0.442
49.0,77.0,-0.590
49.0,78.0,0.047
49.0,79.0,0.561
49.0,80.0,-0.525
49.0,81.0,-0.124
49.0,82.0,0.640
49.0,83.0,-0.423
49.0,84.0,-0.288
49.0,85.0,0.678
49.0,86.0,-0.294
49.0,87.0,-0.435
49.0,88.0,0.677
49.0,89.0,-0.149
49.0,90.0,-0.557
49.0,91.0,0.641
49.0,92.0,0.001
49.0,93.0,-0.651
49.0,94.0,0.576
49.0,95.0,0.149
49.0,96.0,-0.717
49.0,97.0,0.490
49.0,98.0,0.288
49.0,99.0,-0.755
49.0,100.0,0.389
50.0,0.0,0.046
50.0,1.0,-0.043
50.0,2.0,-0.031
50.0,3.0,0.076
50.0,4.0,-0.015
50.0,5.0,-0.081
50.0,6.0,0.074
50.0,7.0,0.044
50.0,8.0,-0.116
50.0,9.0,0.029
50.0,10.0,0.112
50.0,11.0,-0.110
50.0,12.0,-0.050
50.0,13.0,0.157
50.0,14.0,-0.054
50.0,15.0,-0.136
50.0,16.0,0.153
50.0,17.0,0.042
50.0,18.0,-0.195
50.0,19.0,0.091
50.0,20.0,0.147
50.0,21.0,-0.202
50.0,22.0,-0.016
50.0,23.0,0.227
50.0,24.0,-0.144
50.0,25.0,-0.139
50.0,26.0,0.253
50.0,27.0,-0.033
50.0,28.0,-0.244
50.0,29.0,0.210
50.0,30.0,0.106
50.0,31.0,-0.299
50.0,32.0,0.105
50.0,33.0,0.237
50.0,34.0,-0.284
50.0,35.0,-0.040
50.0,36.0,0.327
50.0,37.0,-0.199
50.0,38.0,-0.194
50.0,39.0,0.352
50.0,40.0,-0.060
50.0,41.0,-0.321
50.0,42.0,0.304
50.0,43.0,0.105
50.0,44.0,-0.395
50.0,45.0,0.190
50.0,46.0,0.265
50.0,47.0,-0.399
50.0,48.0,0.031
50.0,49.0,0.389
50.0,50.0,-0.332
50.0,51.0,-0.145
50.0,52.0,0.455
50.0,53.0,-0.204
50.0,54.0,-0.309
50.0,55.0,0.453
50.0,56.0,-0.037
50.0,57.0,-0.437
50.0,58.0,0.383
50.0,59.0,0.145
50.0,60.0,-0.509
50.0,61.0,0.258
50.0,62.0,0.316
50.0,63.0,-0.518
50.0,64.0,0.094
50.0,65.0,0.455
50.0,66.0,-0.466
50.0,67.0,-0.087
50.0,68.0,0.548
50.0,69.0,-0.360
50.0,70.0,-0.264
50.0,71.0,0.586
50.0,72.0,-0.214
50.0,73.0,-0.421
50.0,74.0,0.569
50.0,75.0,-0.046
50.0,76.0,-0.542
50.0,77.0,0.502
50.0,78.0,0.130
50.0,79.0,-0.622
50.0,80.0,0.395
50.0,81.0,0.298
50.0,82.0,-0.656
50.0,83.0,0.258
50.0,84.0,0.446
50.0,85.0,-0.647
50.0,86.0,0.105
50.0,87.0,0.567
50.0,88.0,-0.599
50.0,89.0,-0.054
50.0,90.0,0.656
50.0,91.0,-0.519
50.0,92.0,-0.209
50.0,93.0,0.712
50.0,94.0,-0.417
50.0,95.0,-0.353
50.0,96.0,0.737
50.0,97.0,-0.300
50.0,98.0,-0.479
50.0,99.0,0.733
50.0,100.0,-0.175
51.0,0.0,-0.045
51.0,1.0,0.030
51.0,2.0,0.039
51.0,3.0,-0.067
51.0,4.0,-0.002
51.0,5.0,0.083
51.0,6.0,-0.055
51.0,7.0,-0.061
51.0,8.0,0.106
51.0,9.0,-0.003
51.0,10.0,-0.119
51.0,11.0,0.085
51.0,12.0,0.076
51.0,13.0,-0.148
51.0,14.0,0.018
51.0,15.0,0.151
51.0,16.0,-0.124
51.0,17.0,-0.079
51.0,18.0,0.190
51.0,19.0,-0.047
51.0,20.0,-0.173
51.0,21.0,0.172
51.0,22.0,0.065
51.0,23.0,-0.231
51.0,24.0,0.094
51.0,25.0,0.180
51.0,26.0,-0.228
51.0,27.0,-0.028
51.0,28.0,0.262
51.0,29.0,-0.158
51.0,30.0,-0.163
51.0,31.0,0.284
51.0,32.0,-0.035
51.0,33.0,-0.274
51.0,34.0,0.236
51.0,35.0,0.115
51.0,36.0,-0.332
51.0,37.0,0.124
51.0,38.0,0.255
51.0,39.0,-0.319
51.0,40.0,-0.029
51.0,41.0,0.354
51.0,42.0,-0.235
51.0,43.0,-0.191
51.0,44.0,0.388
51.0,45.0,-0.095
51.0,46.0,-0.331
51.0,47.0,0.350
51.0,48.0,0.075
51.0,49.0,-0.420
51.0,50.0,0.245
51.0,51.0,0.245
51.0,52.0,-0.443
51.0,53.0,0.091
51.0,54.0,0.385
51.0,55.0,-0.395
51.0,56.0,-0.087
51.0,57.0,0.475
51.0,58.0,-0.285
51.0,59.0,-0.263
51.0,60.0,0.502
51.0,61.0,-0.130
51.0,62.0,-0.411
51.0,63.0,0.464
51.0,64.0,0.049
51.0,65.0,-0.515
51.0,66.0,0.367
51.0,67.0,0.229
51.0,68.0,-0.562
51.0,69.0,0.225
51.0,70.0,0.391
51.0,71.0,-0.552
51.0,72.0,0.056
51.0,73.0,0.517
51.0,74.0,-0.487
51.0,75.0,-0.123
51.0,76.0,0.599
51.0,77.0,-0.377
51.0,78.0,-0.294
51.0,79.0,0.633
51.0,80.0,-0.235
51.0,81.0,-0.445
51.0,82.0,0.618
51.0,83.0,-0.075
51.0,84.0,-0.565
51.0,85.0,0.562
51.0,86.0,0.091
51.0,87.0,-0.650
51.0,88.0,0.471
51.0,89.0,0.251
51.0,90.0,-0.698
51.0,91.0,0.355
51.0,92.0,0.397
51.0,93.0,-0.710
51.0,94.0,0.224
51.0,95.0,0.523
51.0,96.0,-0.691
51.0,97.0,0.085
51.0,98.0,0.625
51.0,99.0,-0.646
51.0,100.0,-0.053
52.0,0.0,0.041
52.0,1.0,-0.018
52.0,2.0,-0.044
52.0,3.0,0.056
52.0,4.0,0.017
52.0,5.0,-0.081
52.0,6.0,0.035
52.0,7.0,0.073
52.0,8.0,-0.092
52.0,9.0,-0.021
52.0,10.0,0.121
52.0,11.0,-0.059
52.0,12.0,-0.096
52.0,13.0,0.132
52.0,14.0,0.016
52.0,15.0,-0.158
52.0,16.0,0.092
52.0,17.0,0.110
52.0,18.0,-0.176
52.0,19.0,0.004
52.0,20.0,0.189
52.0,21.0,-0.136
52.0,22.0,-0.108
52.0,23.0,0.222
52.0,24.0,-0.041
52.0,25.0,-0.209
52.0,26.0,0.192
52.0,27.0,0.085
52.0,28.0,-0.265
52.0,29.0,0.099
52.0,30.0,0.209
52.0,31.0,-0.256
52.0,32.0,-0.035
52.0,33.0,0.295
52.0,34.0,-0.177
52.0,35.0,-0.180
52.0,36.0,0.318
52.0,37.0,-0.045
52.0,38.0,-0.299
52.0,39.0,0.269
52.0,40.0,0.113
52.0,41.0,-0.364
52.0,42.0,0.154
52.0,43.0,0.263
52.0,44.0,-0.359
52.0,45.0,-0.003
52.0,46.0,0.374
52.0,47.0,-0.281
52.0,48.0,-0.173
52.0,49.0,0.424
52.0,50.0,-0.146
52.0,51.0,-0.326
52.0,52.0,0.402
52.0,53.0,0.025
52.0,54.0,-0.434
52.0,55.0,0.313
52.0,56.0,0.203
52.0,57.0,-0.482
52.0,58.0,0.170
52.0,59.0,0.361
52.0,60.0,-0.461
52.0,61.0,-0.004
52.0,62.0,0.477
52.0,63.0,-0.377
52.0,64.0,-0.186
52.0,65.0,0.537
52.0,66.0,-0.243
52.0,67.0,-0.353
52.0,68.0,0.536
52.0,69.0,-0.076
52.0,70.0,-0.486
52.0,71.0,0.477
52.0,72.0,0.104
52.0,73.0,-0.574
52.0,74.0,0.369
52.0,75.0,0.279
52.0,76.0,-0.610
52.0,77.0,0.225
52.0,78.0,0.433
52.0,79.0,-0.594
52.0,80.0,0.060
52.0,81.0,0.555
52.0,82.0,-0.532
52.0,83.0,-0.111
52.0,84.0,0.637
52.0,85.0,-0.433
52.0,86.0,-0.276
52.0,87.0,0.678
52.0,88.0,-0.306
52.0,89.0,-0.424
52.0,90.0,0.680
52.0,91.0,-0.163
52.0,92.0,-0.548
52.0,93.0,0.647
52.0,94.0,-0.013
52.0,95.0,-0.645
52.0,96.0,0.585
52.0,97.0,0.134
52.0,98.0,-0.713
52.0,99.0,0.501
52.0,100.0,0.274
53.0,0.0,-0.035
53.0,1.0,0.008
53.0,2.0,0.046
53.0,3.0,-0.043
53.0,4.0,-0.029
53.0,5.0,0.076
53.0,6.0,-0.017
53.0,7.0,-0.080
53.0,8.0,0.075
53.0,9.0,0.042
53.0,10.0,-0.116
53.0,11.0,0.031
53.0,12.0,0.111
53.0,13.0,-0.112
53.0,14.0,-0.047
53.0,15.0,0.157
53.0,16.0,-0.057
53.0,17.0,-0.133
53.0,18.0,0.155
53.0,19.0,0.038
53.0,20.0,-0.195
53.0,21.0,0.095
53.0,22.0,0.144
53.0,23.0,-0.203
53.0,24.0,-0.011
53.0,25.0,0.226
53.0,26.0,-0.148
53.0,27.0,-0.135
53.0,28.0,0.254
53.0,29.0,-0.038
53.0,30.0,-0.242
53.0,31.0,0.214
53.0,32.0,0.101
53.0,33.0,-0.299
53.0,34.0,0.111
53.0,35.0,0.233
53.0,36.0,-0.287
53.0,37.0,-0.034
53.0,38.0,0.325
53.0,39.0,-0.204
53.0,40.0,-0.188
53.0,41.0,0.353
53.0,42.0,-0.067
53.0,43.0,-0.318
53.0,44.0,0.308
53.0,45.0,0.098
53.0,46.0,-0.394
53.0,47.0,0.197
53.0,48.0,0.259
53.0,49.0,-0.401
53.0,50.0,0.039
53.0,51.0,0.385
53.0,52.0,-0.337
53.0,53.0,-0.137
53.0,54.0,0.454
53.0,55.0,-0.212
53.0,56.0,-0.303
53.0,57.0,0.456
53.0,58.0,-0.046
53.0,59.0,-0.432
53.0,60.0,0.390
53.0,61.0,0.135
53.0,62.0,-0.508
53.0,63.0,0.267
53.0,64.0,0.308
53.0,65.0,-0.521
53.0,66.0,0.105
53.0,67.0,0.449
53.0,68.0,-0.472
53.0,69.0,-0.076
53.0,70.0,0.545
53.0,71.0,-0.369
53.0,72.0,-0.254
53.0,73.0,0.586
53.0,74.0,-0.225
53.0,75.0,-0.412
53.0,76.0,0.573
53.0,77.0,-0.058
53.0,78.0,-0.536
53.0,79.0,0.510
53.0,80.0,0.118
53.0,81.0,-0.619
53.0,82.0,0.405
53.0,83.0,0.286
53.0,84.0,-0.656
53.0,85.0,0.270
53.0,86.0,0.436
53.0,87.0,-0.650
53.0,88.0,0.118
53.0,89.0,0.559
53.0,90.0,-0.606
53.0,91.0,-0.040
53.0,92.0,0.651
53.0,93.0,-0.529
53.0,94.0,-0.195
53.0,95.0,0.710
53.0,96.0,-0.429
53.0,97.0,-0.339
53.0,98.0,0.737
53.0,99.0,-0.314
53.0,100.0,-0.467
54.0,0.0,0.029
54.0,1.0,0.001
54.0,2.0,-0.045
54.0,3.0,0.031
54.0,4.0,0.038
54.0,5.0,-0.067
54.0,6.0,-0.001
54.0,7.0,0.083
54.0,8.0,-0.056
54.0,9.0,-0.059
54.0,10.0,0.107
54.0,11.0,-0.005
54.0,12.0,-0.119
54.0,13.0,0.087
54.0,14.0,0.073
54.0,15.0,-0.148
54.0,16.0,0.021
54.0,17.0,0.149
54.0,18.0,-0.127
54.0,19.0,-0.075
54.0,20.0,0.191
54.0,21.0,-0.051
54.0,22.0,-0.171
54.0,23.0,0.175
54.0,24.0,0.061
54.0,25.0,-0.230
54.0,26.0,0.098
54.0,27.0,0.176
54.0,28.0,-0.230
54.0,29.0,-0.023
54.0,30.0,0.260
54.0,31.0,-0.162
54.0,32.0,-0.158
54.0,33.0,0.286
54.0,34.0,-0.040
54.0,35.0,-0.271
54.0,36.0,0.240
54.0,37.0,0.109
54.0,38.0,-0.332
54.0,39.0,0.130
54.0,40.0,0.250
54.0,41.0,-0.322
54.0,42.0,-0.022
54.0,43.0,0.352
54.0,44.0,-0.241
54.0,45.0,-0.185
54.0,46.0,0.389
54.0,47.0,-0.103
54.0,48.0,-0.326
54.0,49.0,0.354
54.0,50.0,0.067
54.0,51.0,-0.418
54.0,52.0,0.252
54.0,53.0,0.237
54.0,54.0,-0.444
54.0,55.0,0.100
54.0,56.0,0.380
54.0,57.0,-0.400
54.0,58.0,-0.078
54.0,59.0,0.473
54.0,60.0,-0.293
54.0,61.0,-0.254
54.0,62.0,0.504
54.0,63.0,-0.140
54.0,64.0,-0.405
54.0,65.0,0.468
54.0,66.0,0.039
54.0,67.0,-0.511
54.0,68.0,0.375
54.0,69.0,0.220
54.0,70.0,-0.562
54.0,71.0,0.235
54.0,72.0,0.383
54.0,73.0,-0.555
54.0,74.0,0.067
54.0,75.0,0.512
54.0,76.0,-0.494
54.0,77.0,-0.111
54.0,78.0,0.597
54.0,79.0,-0.387
54.0,80.0,-0.283
54.0,81.0,0.633
54.0,82.0,-0.247
54.0,83.0,-0.436
54.0,84.0,0.623
54.0,85.0,-0.088
54.0,86.0,-0.558
54.0,87.0,0.569
54.0,88.0,0.077
54.0,89.0,-0.646
54.0,90.0,0.481
54.0,91.0,0.238
54.0,92.0,-0.697
54.0,93.0,0.368
54.0,94.0,0.385
54.0,95.0,-0.712
54.0,96.0,0.238
54.0,97.0,0.512
54.0,98.0,-0.696
54.0,99.0,0.100
54.0,100.0,0.616
55.0,0.0,-0.021
55.0,1.0,-0.007
55.0,2.0,0.041
55.0,3.0,-0.019
55.0,4.0,-0.043
55.0,5.0,0.056
55.0,6.0,0.016
55.0,7.0,-0.081
55.0,8.0,0.037
55.0,9.0,0.072
55.0,10.0,-0.093
55.0,11.0,-0.019
55.0,12.0,0.120
55.0,13.0,-0.061
55.0,14.0,-0.094
55.0,15.0,0.133
55.0,16.0,0.013
55.0,17.0,-0.157
55.0,18.0,0.094
55.0,19.0,0.107
55.0,20.0,-0.177
55.0,21.0,0.007
55.0,22.0,0.187
55.0,23.0,-0.139
55.0,24.0,-0.104
55.0,25.0,0.223
55.0,26.0,-0.046
55.0,27.0,-0.206
55.0,28.0,0.195
55.0,29.0,0.081
55.0,30.0,-0.265
55.0,31.0,0.104
55.0,32.0,0.205
55.0,33.0,-0.258
55.0,34.0,-0.030
55.0,35.0,0.293
55.0,36.0,-0.182
55.0,37.0,-0.175
55.0,38.0,0.319
55.0,39.0,-0.052
55.0,40.0,-0.296
55.0,41.0,0.273
55.0,42.0,0.106
55.0,43.0,-0.364
55.0,44.0,0.161
55.0,45.0,0.258
55.0,46.0,-0.361
55.0,47.0,0.005
55.0,48.0,0.371
55.0,49.0,-0.287
55.0,50.0,-0.166
55.0,51.0,0.424
55.0,52.0,-0.153
55.0,53.0,-0.320
55.0,54.0,0.406
55.0,55.0,0.016
55.0,56.0,-0.431
55.0,57.0,0.320
55.0,58.0,0.194
55.0,59.0,-0.482
55.0,60.0,0.179
55.0,61.0,0.354
55.0,62.0,-0.465
55.0,63.0,0.006
55.0,64.0,0.473
55.0,65.0,-0.384
55.0,66.0,-0.176
55.0,67.0,0.536
55.0,68.0,-0.253
55.0,69.0,-0.345
55.0,70.0,0.539
55.0,71.0,-0.087
55.0,72.0,-0.481
55.0,73.0,0.483
55.0,74.0,0.093
55.0,75.0,-0.571
55.0,76.0,0.378
55.0,77.0,0.269
55.0,78.0,-0.610
55.0,79.0,0.236
55.0,80.0,0.424
55.0,81.0,-0.598
55.0,82.0,0.072
55.0,83.0,0.548
55.0,84.0,-0.540
55.0,85.0,-0.098
55.0,86.0,0.634
55.0,87.0,-0.443
55.0,88.0,-0.264
55.0,89.0,0.678
55.0,90.0,-0.319
55.0,91.0,-0.413
55.0,92.0,0.683
55.0,93.0,-0.177
55.0,94.0,-0.539
55.0,95.0,0.653
55.0,96.0,-0.028
55.0,97.0,-0.638
55.0,98.0,0.594
55.0,99.0,0.120
55.0,100.0,-0.709
56.0,0.0,0.014
56.0,1.0,0.011
56.0,2.0,-0.035
56.0,3.0,0.009
56.0,4.0,0.045
56.0,5.0,-0.044
56.0,6.0,-0.028
56.0,7.0,0.076
56.0,8.0,-0.018
56.0,9.0,-0.079
56.0,10.0,0.076
56.0,11.0,0.040
56.0,12.0,-0.116
56.0,13.0,0.034
56.0,14.0,0.109
56.0,15.0,-0.113
56.0,16.0,-0.044
56.0,17.0,0.157
56.0,18.0,-0.059
56.0,19.0,-0.131
56.0,20.0,0.156
56.0,21.0,0.034
56.0,22.0,-0.194
56.0,23.0,0.098
56.0,24.0,0.141
56.0,25.0,-0.205
56.0,26.0,-0.007
56.0,27.0,0.224
56.0,28.0,-0.152
56.0,29.0,-0.131
56.0,30.0,0.255
56.0,31.0,-0.043
56.0,32.0,-0.239
56.0,33.0,0.217
56.0,34.0,0.096
56.0,35.0,-0.298
56.0,36.0,0.116
56.0,37.0,0.229
56.0,38.0,-0.289
56.0,39.0,-0.028
56.0,40.0,0.323
56.0,41.0,-0.210
56.0,42.0,-0.183
56.0,43.0,0.354
56.0,44.0,-0.074
56.0,45.0,-0.314
56.0,46.0,0.312
56.0,47.0,0.091
56.0,48.0,-0.393
56.0,49.0,0.204
56.0,50.0,0.253
56.0,51.0,-0.404
56.0,52.0,0.048
56.0,53.0,0.381
56.0,54.0,-0.343
56.0,55.0,-0.129
56.0,56.0,0.453
56.0,57.0,-0.220
56.0,58.0,-0.296
56.0,59.0,0.458
56.0,60.0,-0.056
56.0,61.0,-0.428
56.0,62.0,0.396
56.0,63.0,0.126
56.0,64.0,-0.507
56.0,65.0,0.275
56.0,66.0,0.299
56.0,67.0,-0.523
56.0,68.0,0.115
56.0,69.0,0.443
56.0,70.0,-0.477
56.0,71.0,-0.065
56.0,72.0,0.542
56.0,73.0,-0.377
56.0,74.0,-0.244
56.0,75.0,0.587
56.0,76.0,-0.236
56.0,77.0,-0.404
56.0,78.0,0.577
56.0,79.0,-0.070
56.0,80.0,-0.530
56.0,81.0,0.517
56.0,82.0,0.105
56.0,83.0,-0.616
56.0,84.0,0.415
56.0,85.0,0.274
56.0,86.0,-0.657
56.0,87.0,0.282
56.0,88.0,0.426
56.0,89.0,-0.654
56.0,90.0,0.132
56.0,91.0,0.551
56.0,92.0,-0.612
56.0,93.0,-0.026
56.0,94.0,0.645
56.0,95.0,-0.539
56.0,96.0,-0.181
56.0,97.0,0.707
56.0,98.0,-0.441
56.0,99.0,-0.326
56.0,100.0,0.738
57.0,0.0,-0.008
57.0,1.0,-0.013
57.0,2.0,0.029
57.0,3.0,0.000
57.0,4.0,-0.044
57.0,5.0,0.032
57.0,6.0,0.037
57.0,7.0,-0.067
57.0,8.0,0.001
57.0,9.0,0.082
57.0,10.0,-0.058
57.0,11.0,-0.057
57.0,12.0,0.107
57.0,13.0,-0.007
57.0,14.0,-0.118
57.0,15.0,0.089
57.0,16.0,0.071
57.0,17.0,-0.149
57.0,18.0,0.024
57.0,19.0,0.148
57.0,20.0,-0.129
57.0,21.0,-0.072
57.0,22.0,0.191
57.0,23.0,-0.055
57.0,24.0,-0.168
57.0,25.0,0.177
57.0,26.0,0.056
57.0,27.0,-0.230
57.0,28.0,0.102
57.0,29.0,0.173
57.0,30.0,-0.232
57.0,31.0,-0.018
57.0,32.0,0.259
57.0,33.0,-0.167
57.0,34.0,-0.154
57.0,35.0,0.287
57.0,36.0,-0.046
57.0,37.0,-0.268
57.0,38.0,0.244
57.0,39.0,0.103
57.0,40.0,-0.332
57.0,41.0,0.136
57.0,42.0,0.246
57.0,43.0,-0.325
57.0,44.0,-0.015
57.0,45.0,0.349
57.0,46.0,-0.246
57.0,47.0,-0.178
57.0,48.0,0.390
57.0,49.0,-0.110
57.0,50.0,-0.321
57.0,51.0,0.359
57.0,52.0,0.059
57.0,53.0,-0.416
57.0,54.0,0.259
57.0,55.0,0.230
57.0,56.0,-0.446
57.0,57.0,0.109
57.0,58.0,0.375
57.0,59.0,-0.405
57.0,60.0,-0.069
57.0,61.0,0.471
57.0,62.0,-0.301
57.0,63.0,-0.246
57.0,64.0,0.505
57.0,65.0,-0.150
57.0,66.0,-0.399
57.0,67.0,0.473
57.0,68.0,0.028
57.0,69.0,-0.508
57.0,70.0,0.382
57.0,71.0,0.210
57.0,72.0,-0.562
57.0,73.0,0.245
57.0,74.0,0.374
57.0,75.0,-0.559
57.0,76.0,0.079
57.0,77.0,0.506
57.0,78.0,-0.500
57.0,79.0,-0.099
57.0,80.0,0.594
57.0,81.0,-0.396
57.0,82.0,-0.272
57.0,83.0,0.634
57.0,84.0,-0.259
57.0,85.0,-0.426
57.0,86.0,0.626
57.0,87.0,-0.101
57.0,88.0,-0.551
57.0,89.0,0.576
57.0,90.0,0.064
57.0,91.0,-0.641
57.0,92.0,0.491
57.0,93.0,0.225
57.0,94.0,-0.695
57.0,95.0,0.380
57.0,96.0,0.373
57.0,97.0,-0.714
57.0,98.0,0.252
57.0,99.0,0.502
57.0,100.0,-0.701
58.0,0.0,0.004
58.0,1.0,0.012
58.0,2.0,-0.021
58.0,3.0,-0.007
58.0,4.0,0.041
58.0,5.0,-0.020
58.0,6.0,-0.042
58.0,7.0,0.057
58.0,8.0,0.014
58.0,9.0,-0.081
58.0,10.0,0.039
58.0,11.0,0.070
58.0,12.0,-0.094
58.0,13.0,-0.017
58.0,14.0,0.120
58.0,15.0,-0.063
58.0,16.0,-0.092
58.0,17.0,0.134
58.0,18.0,0.010
58.0,19.0,-0.156
58.0,20.0,0.097
58.0,21.0,0.104
58.0,22.0,-0.178
58.0,23.0,0.011
58.0,24.0,0.186
58.0,25.0,-0.142
58.0,26.0,-0.101
58.0,27.0,0.224
58.0,28.0,-0.050
58.0,29.0,-0.204
58.0,30.0,0.198
58.0,31.0,0.076
58.0,32.0,-0.264
58.0,33.0,0.109
58.0,34.0,0.201
58.0,35.0,-0.260
58.0,36.0,-0.024
58.0,37.0,0.292
58.0,38.0,-0.187
58.0,39.0,-0.170
58.0,40.0,0.321
58.0,41.0,-0.058
58.0,42.0,-0.293
58.0,43.0,0.277
58.0,44.0,0.100
58.0,45.0,-0.363
58.0,46.0,0.167
58.0,47.0,0.253
58.0,48.0,-0.364
58.0,49.0,0.012
58.0,50.0,0.368
58.0,51.0,-0.293
58.0,52.0,-0.159
58.0,53.0,0.424
58.0,54.0,-0.161
58.0,55.0,-0.315
58.0,56.0,0.410
58.0,57.0,0.007
58.0,58.0,-0.428
58.0,59.0,0.326
58.0,60.0,0.186
58.0,61.0,-0.482
58.0,62.0,0.188
58.0,63.0,0.347
58.0,64.0,-0.469
58.0,65.0,0.016
58.0,66.0,0.469
58.0,67.0,-0.391
58.0,68.0,-0.167
58.0,69.0,0.536
58.0,70.0,-0.262
58.0,71.0,-0.336
58.0,72.0,0.542
58.0,73.0,-0.098
58.0,74.0,-0.474
58.0,75.0,0.490
58.0,76.0,0.082
58.0,77.0,-0.568
58.0,78.0,0.387
58.0,79.0,0.258
58.0,80.0,-0.611
58.0,81.0,0.248
58.0,82.0,0.415
58.0,83.0,-0.602
58.0,84.0,0.085
58.0,85.0,0.541
58.0,86.0,-0.547
58.0,87.0,-0.086
58.0,88.0,0.630
58.0,89.0,-0.453
58.0,90.0,-0.251
58.0,91.0,0.678
58.0,92.0,-0.331
58.0,93.0,-0.402
58.0,94.0,0.686
58.0,95.0,-0.191
58.0,96.0,-0.530
58.0,97.0,0.659
58.0,98.0,-0.043
58.0,99.0,-0.631
58.0,100.0,0.603
59.0,0.0,-0.001
59.0,1.0,-0.010
59.0,2.0,0.014
59.0,3.0,0.011
59.0,4.0,-0.035
59.0,5.0,0.009
59.0,6.0,0.045
59.0,7.0,-0.045
59.0,8.0,-0.027
59.0,9.0,0.076
59.0,10.0,-0.020
59.0,11.0,-0.078
59.0,12.0,0.077
59.0,13.0,0.038
59.0,14.0,-0.116
59.0,15.0,0.036
59.0,16.0,0.107
59.0,17.0,-0.115
59.0,18.0,-0.041
59.0,19.0,0.156
59.0,20.0,-0.062
59.0,21.0,-0.129
59.0,22.0,0.158
59.0,23.0,0.031
59.0,24.0,-0.193
59.0,25.0,0.102
59.0,26.0,0.138
59.0,27.0,-0.206
59.0,28.0,-0.002
59.0,29.0,0.223
59.0,30.0,-0.155
59.0,31.0,-0.127
59.0,32.0,0.256
59.0,33.0,-0.048
59.0,34.0,-0.236
59.0,35.0,0.221
59.0,36.0,0.090
59.0,37.0,-0.298
59.0,38.0,0.122
59.0,39.0,0.225
59.0,40.0,-0.292
59.0,41.0,-0.021
59.0,42.0,0.322
59.0,43.0,-0.215
59.0,44.0,-0.177
59.0,45.0,0.356
59.0,46.0,-0.081
59.0,47.0,-0.310
59.0,48.0,0.317
59.0,49.0,0.084
59.0,50.0,-0.392
59.0,51.0,0.210
59.0,52.0,0.246
59.0,53.0,-0.406
59.0,54.0,0.056
59.0,55.0,0.377
59.0,56.0,-0.348
59.0,57.0,-0.120
59.0,58.0,0.453
59.0,59.0,-0.228
59.0,60.0,-0.288
59.0,61.0,0.461
59.0,62.0,-0.065
59.0,63.0,-0.423
59.0,64.0,0.402
59.0,65.0,0.116
59.0,66.0,-0.505
59.0,67.0,0.284
59.0,68.0,0.291
59.0,69.0,-0.525
59.0,70.0,0.125
59.0,71.0,0.437
59.0,72.0,-0.483
59.0,73.0,-0.054
59.0,74.0,0.538
59.0,75.0,-0.386
59.0,76.0,-0.234
59.0,77.0,0.587
59.0,78.0,-0.247
59.0,79.0,-0.395
59.0,80.0,0.581
59.0,81.0,-0.082
59.0,82.0,-0.524
59.0,83.0,0.524
59.0,84.0,0.093
59.0,85.0,-0.612
59.0,86.0,0.425
59.0,87.0,0.263
59.0,88.0,-0.657
59.0,89.0,0.294
59.0,90.0,0.415
59.0,91.0,-0.657
59.0,92.0,0.145
59.0,93.0,0.543
59.0,94.0,-0.619
59.0,95.0,-0.012
59.0,96.0,0.640
59.0,97.0,-0.548
59.0,98.0,-0.167
59.0,99.0,0.704
59.0,100.0,-0.453
60.0,0.0,-0.000
60.0,1.0,0.005
60.0,2.0,-0.008
60.0,3.0,-0.013
60.0,4.0,0.029
60.0,5.0,-0.000
60.0,6.0,-0.044
60.0,7.0,0.033
60.0,8.0,0.036
60.0,9.0,-0.068
60.0,10.0,0.002
60.0,11.0,0.081
60.0,12.0,-0.059
60.0,13.0,-0.056
60.0,14.0,0.108
60.0,15.0,-0.010
60.0,16.0,-0.117
60.0,17.0,0.091
60.0,18.0,0.068
60.0,19.0,-0.149
60.0,20.0,0.027
60.0,21.0,0.146
60.0,22.0,-0.131
60.0,23.0,-0.069
60.0,24.0,0.191
60.0,25.0,-0.058
60.0,26.0,-0.166
60.0,27.0,0.179
60.0,28.0,0.052
60.0,29.0,-0.229
60.0,30.0,0.106
60.0,31.0,0.169
60.0,32.0,-0.234
60.0,33.0,-0.013
60.0,34.0,0.257
60.0,35.0,-0.171
60.0,36.0,-0.149
60.0,37.0,0.288
60.0,38.0,-0.052
60.0,39.0,-0.265
60.0,40.0,0.248
60.0,41.0,0.097
60.0,42.0,-0.331
60.0,43.0,0.142
60.0,44.0,0.241
60.0,45.0,-0.327
60.0,46.0,-0.008
60.0,47.0,0.347
60.0,48.0,-0.252
60.0,49.0,-0.172
60.0,50.0,0.391
60.0,51.0,-0.117
60.0,52.0,-0.316
60.0,53.0,0.363
60.0,54.0,0.051
60.0,55.0,-0.414
60.0,56.0,0.266
60.0,57.0,0.223
60.0,58.0,-0.447
60.0,59.0,0.117
60.0,60.0,0.370
60.0,61.0,-0.410
60.0,62.0,-0.060
60.0,63.0,0.469
60.0,64.0,-0.309
60.0,65.0,-0.238
60.0,66.0,0.506
60.0,67.0,-0.159
60.0,68.0,-0.392
60.0,69.0,0.478
60.0,70.0,0.018
60.0,71.0,-0.504
60.0,72.0,0.390
60.0,73.0,0.199
60.0,74.0,-0.562
60.0,75.0,0.255
60.0,76.0,0.365
60.0,77.0,-0.562
60.0,78.0,0.090
60.0,79.0,0.499
60.0,80.0,-0.507
60.0,81.0,-0.087
60.0,82.0,0.591
60.0,83.0,-0.406
60.0,84.0,-0.261
60.0,85.0,0.634
60.0,86.0,-0.271
60.0,87.0,-0.416
60.0,88.0,0.630
60.0,89.0,-0.114
60.0,90.0,-0.544
60.0,91.0,0.583
60.0,92.0,0.050
60.0,93.0,-0.637
60.0,94.0,0.501
60.0,95.0,0.211
60.0,96.0,-0.694
60.0,97.0,0.392
60.0,98.0,0.360
60.0,99.0,-0.715
60.0,100.0,0.265
61.0,0.0,-0.001
61.0,1.0,-0.000
61.0,2.0,0.004
61.0,3.0,0.012
61.0,4.0,-0.022
61.0,5.0,-0.006
61.0,6.0,0.041
61.0,7.0,-0.021
61.0,8.0,-0.042
61.0,9.0,0.057
61.0,10.0,0.013
61.0,11.0,-0.081
61.0,12.0,0.040
61.0,13.0,0.069
61.0,14.0,-0.095
61.0,15.0,-0.015
61.0,16.0,0.119
61.0,17.0,-0.065
61.0,18.0,-0.090
61.0,19.0,0.135
61.0,20.0,0.007
61.0,21.0,-0.155
61.0,22.0,0.100
61.0,23.0,0.101
61.0,24.0,-0.179
61.0,25.0,0.015
61.0,26.0,0.184
61.0,27.0,-0.145
61.0,28.0,-0.097
61.0,29.0,0.224
61.0,30.0,-0.054
61.0,31.0,-0.201
61.0,32.0,0.201
61.0,33.0,0.071
61.0,34.0,-0.264
61.0,35.0,0.114
61.0,36.0,0.198
61.0,37.0,-0.263
61.0,38.0,-0.018
61.0,39.0,0.290
61.0,40.0,-0.192
61.0,41.0,-0.164
61.0,42.0,0.322
61.0,43.0,-0.064
61.0,44.0,-0.289
61.0,45.0,0.281
61.0,46.0,0.093
61.0,47.0,-0.363
61.0,48.0,0.174
61.0,49.0,0.247
61.0,50.0,-0.366
61.0,51.0,0.020
61.0,52.0,0.365
61.0,53.0,-0.298
61.0,54.0,-0.151
61.0,55.0,0.424
61.0,56.0,-0.169
61.0,57.0,-0.309
61.0,58.0,0.413
61.0,59.0,-0.001
61.0,60.0,-0.425
61.0,61.0,0.333
61.0,62.0,0.178
61.0,63.0,-0.482
61.0,64.0,0.197
61.0,65.0,0.340
61.0,66.0,-0.472
61.0,67.0,0.026
61.0,68.0,0.464
61.0,69.0,-0.398
61.0,70.0,-0.157
61.0,71.0,0.535
61.0,72.0,-0.271
61.0,73.0,-0.328
61.0,74.0,0.545
61.0,75.0,-0.109
61.0,76.0,-0.468
61.0,77.0,0.496
61.0,78.0,0.070
61.0,79.0,-0.565
61.0,80.0,0.396
61.0,81.0,0.247
61.0,82.0,-0.611
61.0,83.0,0.259
61.0,84.0,0.406
61.0,85.0,-0.606
61.0,86.0,0.098
61.0,87.0,0.535
61.0,88.0,-0.554
61.0,89.0,-0.073
61.0,90.0,0.626
61.0,91.0,-0.463
61.0,92.0,-0.239
61.0,93.0,0.677
61.0,94.0,-0.343
61.0,95.0,-0.390
61.0,96.0,0.688
61.0,97.0,-0.204
61.0,98.0,-0.520
61.0,99.0,0.665
61.0,100.0,-0.057
62.0,0.0,0.005
62.0,1.0,-0.005
62.0,2.0,-0.001
62.0,3.0,-0.009
62.0,4.0,0.015
62.0,5.0,0.010
62.0,6.0,-0.035
62.0,7.0,0.010
62.0,8.0,0.044
62.0,9.0,-0.046
62.0,10.0,-0.025
62.0,11.0,0.076
62.0,12.0,-0.021
62.0,13.0,-0.077
62.0,14.0,0.079
62.0,15.0,0.036
62.0,16.0,-0.116
62.0,17.0,0.038
62.0,18.0,0.106
62.0,19.0,-0.116
62.0,20.0,-0.038
62.0,21.0,0.156
62.0,22.0,-0.065
62.0,23.0,-0.127
62.0,24.0,0.160
62.0,25.0,0.027
62.0,26.0,-0.193
62.0,27.0,0.105
62.0,28.0,0.134
62.0,29.0,-0.208
62.0,30.0,0.002
62.0,31.0,0.221
62.0,32.0,-0.159
62.0,33.0,-0.123
62.0,34.0,0.256
62.0,35.0,-0.053
62.0,36.0,-0.234
62.0,37.0,0.224
62.0,38.0,0.085
62.0,39.0,-0.298
62.0,40.0,0.127
62.0,41.0,0.221
62.0,42.0,-0.295
62.0,43.0,-0.015
62.0,44.0,0.320
62.0,45.0,-0.220
62.0,46.0,-0.171
62.0,47.0,0.357
62.0,48.0,-0.088
62.0,49.0,-0.306
62.0,50.0,0.321
62.0,51.0,0.076
62.0,52.0,-0.391
62.0,53.0,0.217
62.0,54.0,0.240
62.0,55.0,-0.408
62.0,56.0,0.064
62.0,57.0,0.373
62.0,58.0,-0.353
62.0,59.0,-0.112
62.0,60.0,0.451
62.0,61.0,-0.236
62.0,62.0,-0.281
62.0,63.0,0.463
62.0,64.0,-0.074
62.0,65.0,-0.418
62.0,66.0,0.407
62.0,67.0,0.107
62.0,68.0,-0.503
62.0,69.0,0.293
62.0,70.0,0.282
62.0,71.0,-0.527
62.0,72.0,0.136
62.0,73.0,0.430
62.0,74.0,-0.488
62.0,75.0,-0.043
62.0,76.0,0.535
62.0,77.0,-0.394
62.0,78.0,-0.223
62.0,79.0,0.587
62.0,80.0,-0.258
62.0,81.0,-0.386
62.0,82.0,0.584
62.0,83.0,-0.094
62.0,84.0,-0.517
62.0,85.0,0.530
62.0,86.0,0.080
62.0,87.0,-0.609
62.0,88.0,0.434
62.0,89.0,0.251
62.0,90.0,-0.656
62.0,91.0,0.306
62.0,92.0,0.405
62.0,93.0,-0.660
62.0,94.0,0.158
62.0,95.0,0.534
62.0,96.0,-0.625
62.0,97.0,0.002
62.0,98.0,0.634
62.0,99.0,-0.557
62.0,100.0,-0.153
63.0,0.0,-0.010
63.0,1.0,0.010
63.0,2.0,-0.000
63.0,3.0,0.005
63.0,4.0,-0.009
63.0,5.0,-0.012
63.0,6.0,0.029
63.0,7.0,-0.001
63.0,8.0,-0.043
63.0,9.0,0.033
63.0,10.0,0.035
63.0,11.0,-0.068
63.0,12.0,0.004
63.0,13.0,0.081
63.0,14.0,-0.061
63.0,15.0,-0.054
63.0,16.0,0.108
63.0,17.0,-0.012
63.0,18.0,-0.115
63.0,19.0,0.093
63.0,20.0,0.066
63.0,21.0,-0.150
63.0,22.0,0.030
63.0,23.0,0.144
63.0,24.0,-0.133
63.0,25.0,-0.066
63.0,26.0,0.191
63.0,27.0,-0.062
63.0,28.0,-0.163
63.0,29.0,0.182
63.0,30.0,0.048
63.0,31.0,-0.229
63.0,32.0,0.110
63.0,33.0,0.166
63.0,34.0,-0.236
63.0,35.0,-0.008
63.0,36.0,0.256
63.0,37.0,-0.175
63.0,38.0,-0.144
63.0,39.0,0.289
63.0,40.0,-0.058
63.0,41.0,-0.262
63.0,42.0,0.252
63.0,43.0,0.091
63.0,44.0,-0.331
63.0,45.0,0.148
63.0,46.0,0.236
63.0,47.0,-0.330
63.0,48.0,-0.001
63.0,49.0,0.344
63.0,50.0,-0.257
63.0,51.0,-0.165
63.0,52.0,0.392
63.0,53.0,-0.125
63.0,54.0,-0.311
63.0,55.0,0.366
63.0,56.0,0.043
63.0,57.0,-0.412
63.0,58.0,0.273
63.0,59.0,0.215
63.0,60.0,-0.448
63.0,61.0,0.126
63.0,62.0,0.364
63.0,63.0,-0.414
63.0,64.0,-0.050
63.0,65.0,0.466
63.0,66.0,-0.316
63.0,67.0,-0.229
63.0,68.0,0.507
63.0,69.0,-0.169
63.0,70.0,-0.385
63.0,71.0,0.482
63.0,72.0,0.007
63.0,73.0,-0.500
63.0,74.0,0.398
63.0,75.0,0.189
63.0,76.0,-0.561
63.0,77.0,0.265
63.0,78.0,0.357
63.0,79.0,-0.565
63.0,80.0,0.102
63.0,81.0,0.493
63.0,82.0,-0.513
63.0,83.0,-0.075
63.0,84.0,0.587
63.0,85.0,-0.415
63.0,86.0,-0.250
63.0,87.0,0.634
63.0,88.0,-0.282
63.0,89.0,-0.406
63.0,90.0,0.634
63.0,91.0,-0.127
63.0,92.0,-0.536
63.0,93.0,0.590
63.0,94.0,0.037
63.0,95.0,-0.632
63.0,96.0,0.511
63.0,97.0,0.198
63.0,98.0,-0.692
63.0,99.0,0.404
63.0,100.0,0.348
64.0,0.0,0.017
64.0,1.0,-0.014
64.0,2.0,-0.001
64.0,3.0,-0.000
64.0,4.0,0.004
64.0,5.0,0.012
64.0,6.0,-0.022
64.0,7.0,-0.006
64.0,8.0,0.040
64.0,9.0,-0.022
64.0,10.0,-0.041
64.0,11.0,0.058
64.0,12.0,0.012
64.0,13.0,-0.080
64.0,14.0,0.042
64.0,15.0,0.067
64.0,16.0,-0.096
64.0,17.0,-0.013
64.0,18.0,0.119
64.0,19.0,-0.067
64.0,20.0,-0.088
64.0,21.0,0.136
64.0,22.0,0.004
64.0,23.0,-0.154
64.0,24.0,0.102
64.0,25.0,0.098
64.0,26.0,-0.180
64.0,27.0,0.018
64.0,28.0,0.183
64.0,29.0,-0.148
64.0,30.0,-0.093
64.0,31.0,0.224
64.0,32.0,-0.059
64.0,33.0,-0.198
64.0,34.0,0.204
64.0,35.0,0.066
64.0,36.0,-0.264
64.0,37.0,0.119
64.0,38.0,0.194
64.0,39.0,-0.265
64.0,40.0,-0.013
64.0,41.0,0.288
64.0,42.0,-0.197
64.0,43.0,-0.159
64.0,44.0,0.323
64.0,45.0,-0.071
64.0,46.0,-0.286
64.0,47.0,0.285
64.0,48.0,0.087
64.0,49.0,-0.362
64.0,50.0,0.180
64.0,51.0,0.241
64.0,52.0,-0.369
64.0,53.0,0.028
64.0,54.0,0.362
64.0,55.0,-0.304
64.0,56.0,-0.144
64.0,57.0,0.424
64.0,58.0,-0.177
64.0,59.0,-0.303
64.0,60.0,0.416
64.0,61.0,-0.010
64.0,62.0,-0.422
64.0,63.0,0.339
64.0,64.0,0.169
64.0,65.0,-0.482
64.0,66.0,0.206
64.0,67.0,0.333
64.0,68.0,-0.476
64.0,69.0,0.036
64.0,70.0,0.460
64.0,71.0,-0.405
64.0,72.0,-0.147
64.0,73.0,0.533
64.0,74.0,-0.281
64.0,75.0,-0.319
64.0,76.0,0.547
64.0,77.0,-0.120
64.0,78.0,-0.462
64.0,79.0,0.502
64.0,80.0,0.059
64.0,81.0,-0.561
64.0,82.0,0.405
64.0,83.0,0.236
64.0,84.0,-0.611
64.0,85.0,0.270
64.0,86.0,0.397
64.0,87.0,-0.609
64.0,88.0,0.110
64.0,89.0,0.527
64.0,90.0,-0.560
64.0,91.0,-0.060
64.0,92.0,0.621
64.0,93.0,-0.472
64.0,94.0,-0.226
64.0,95.0,0.676
64.0,96.0,-0.355
64.0,97.0,-0.379
64.0,98.0,0.690
64.0,99.0,-0.218
64.0,100.0,-0.510
65.0,0.0,-0.024
65.0,1.0,0.017
65.0,2.0,0.004
65.0,3.0,-0.005
65.0,4.0,-0.001
65.0,5.0,-0.009
65.0,6.0,0.015
65.0,7.0,0.010
65.0,8.0,-0.035
65.0,9.0,0.011
65.0,10.0,0.043
65.0,11.0,-0.046
65.0,12.0,-0.024
65.0,13.0,0.076
65.0,14.0,-0.023
65.0,15.0,-0.076
65.0,16.0,0.080
65.0,17.0,0.034
65.0,18.0,-0.116
65.0,19.0,0.041
65.0,20.0,0.104
65.0,21.0,-0.118
65.0,22.0,-0.036
65.0,23.0,0.156
65.0,24.0,-0.068
65.0,25.0,-0.124
65.0,26.0,0.161
65.0,27.0,0.024
65.0,28.0,-0.192
65.0,29.0,0.108
65.0,30.0,0.131
65.0,31.0,-0.209
65.0,32.0,0.006
65.0,33.0,0.219
65.0,34.0,-0.162
65.0,35.0,-0.118
65.0,36.0,0.257
65.0,37.0,-0.058
65.0,38.0,-0.231
65.0,39.0,0.228
65.0,40.0,0.079
65.0,41.0,-0.297
65.0,42.0,0.132
65.0,43.0,0.216
65.0,44.0,-0.297
65.0,45.0,-0.009
65.0,46.0,0.317
65.0,47.0,-0.225
65.0,48.0,-0.165
65.0,49.0,0.357
65.0,50.0,-0.095
65.0,51.0,-0.301
65.0,52.0,0.325
65.0,53.0,0.069
65.0,54.0,-0.389
65.0,55.0,0.224
65.0,56.0,0.233
65.0,57.0,-0.410
65.0,58.0,0.072
65.0,59.0,0.368
65.0,60.0,-0.358
65.0,61.0,-0.103
65.0,62.0,0.450
65.0,63.0,-0.244
65.0,64.0,-0.274
65.0,65.0,0.465
65.0,66.0,-0.084
65.0,67.0,-0.413
65.0,68.0,0.413
65.0,69.0,0.097
65.0,70.0,-0.501
65.0,71.0,0.301
65.0,72.0,0.273
65.0,73.0,-0.528
65.0,74.0,0.146
65.0,75.0,0.424
65.0,76.0,-0.493
65.0,77.0,-0.032
65.0,78.0,0.531
65.0,79.0,-0.402
65.0,80.0,-0.212
65.0,81.0,0.587
65.0,82.0,-0.268
65.0,83.0,-0.377
65.0,84.0,0.587
65.0,85.0,-0.106
65.0,86.0,-0.511
65.0,87.0,0.537
65.0,88.0,0.068
65.0,89.0,-0.605
65.0,90.0,0.444
65.0,91.0,0.239
65.0,92.0,-0.656
65.0,93.0,0.318
65.0,94.0,0.394
65.0,95.0,-0.663
65.0,96.0,0.172
65.0,97.0,0.526
65.0,98.0,-0.631
65.0,99.0,0.016
65.0,100.0,0.627
66.0,0.0,0.032
66.0,1.0,-0.018
66.0,2.0,-0.010
66.0,3.0,0.010
66.0,4.0,-0.000
66.0,5.0,0.005
66.0,6.0,-0.009
66.0,7.0,-0.012
66.0,8.0,0.029
66.0,9.0,-0.002
66.0,10.0,-0.043
66.0,11.0,0.034
66.0,12.0,0.034
66.0,13.0,-0.068
66.0,14.0,0.005
66.0,15.0,0.080
66.0,16.0,-0.062
66.0,17.0,-0.052
66.0,18.0,0.108
66.0,19.0,-0.014
66.0,20.0,-0.114
66.0,21.0,0.095
66.0,22.0,0.063
66.0,23.0,-0.150
66.0,24.0,0.033
66.0,25.0,0.143
66.0,26.0,-0.135
66.0,27.0,-0.062
66.0,28.0,0.191
66.0,29.0,-0.066
66.0,30.0,-0.161
66.0,31.0,0.184
66.0,32.0,0.044
66.0,33.0,-0.228
66.0,34.0,0.115
66.0,35.0,0.162
66.0,36.0,-0.237
66.0,37.0,-0.003
66.0,38.0,0.254
66.0,39.0,-0.179
66.0,40.0,-0.140
66.0,41.0,0.290
66.0,42.0,-0.063
66.0,43.0,-0.259
66.0,44.0,0.255
66.0,45.0,0.085
66.0,46.0,-0.330
66.0,47.0,0.154
66.0,48.0,0.231
66.0,49.0,-0.332
66.0,50.0,0.006
66.0,51.0,0.342
66.0,52.0,-0.262
66.0,53.0,-0.158
66.0,54.0,0.392
66.0,55.0,-0.132
66.0,56.0,-0.306
66.0,57.0,0.370
66.0,58.0,0.034
66.0,59.0,-0.409
66.0,60.0,0.279
66.0,61.0,0.208
66.0,62.0,-0.449
66.0,63.0,0.134
66.0,64.0,0.359
66.0,65.0,-0.419
66.0,66.0,-0.041
66.0,67.0,0.463
66.0,68.0,-0.323
66.0,69.0,-0.220
66.0,70.0,0.507
66.0,71.0,-0.178
66.0,72.0,-0.378
66.0,73.0,0.486
66.0,74.0,-0.003
66.0,75.0,-0.496
66.0,76.0,0.405
66.0,77.0,0.179
66.0,78.0,-0.561
66.0,79.0,0.275
66.0,80.0,0.348
66.0,81.0,-0.568
66.0,82.0,0.113
66.0,83.0,0.486
66.0,84.0,-0.520
66.0,85.0,-0.064
66.0,86.0,0.583
66.0,87.0,-0.424
66.0,88.0,-0.238
66.0,89.0,0.634
66.0,90.0,-0.294
66.0,91.0,-0.396
66.0,92.0,0.637
66.0,93.0,-0.140
66.0,94.0,-0.528
66.0,95.0,0.596
66.0,96.0,0.023
66.0,97.0,-0.627
66.0,98.0,0.520
66.0,99.0,0.185
66.0,100.0,-0.689
67.0,0.0,-0.039
67.0,1.0,0.017
67.0,2.0,0.016
67.0,3.0,-0.015
67.0,4.0,-0.001
67.0,5.0,-0.000
67.0,6.0,0.004
67.0,7.0,0.011
67.0,8.0,-0.022
67.0,9.0,-0.005
67.0,10.0,0.040
67.0,11.0,-0.022
67.0,12.0,-0.040
67.0,13.0,0.058
67.0,14.0,0.010
67.0,15.0,-0.080
67.0,16.0,0.043
67.0,17.0,0.066
67.0,18.0,-0.096
67.0,19.0,-0.010
67.0,20.0,0.118
67.0,21.0,-0.069
67.0,22.0,-0.086
67.0,23.0,0.137
67.0,24.0,0.001
67.0,25.0,-0.153
67.0,26.0,0.105
67.0,27.0,0.095
67.0,28.0,-0.181
67.0,29.0,0.022
67.0,30.0,0.181
67.0,31.0,-0.151
67.0,32.0,-0.089
67.0,33.0,0.225
67.0,34.0,-0.063
67.0,35.0,-0.196
67.0,36.0,0.206
67.0,37.0,0.061
67.0,38.0,-0.263
67.0,39.0,0.123
67.0,40.0,0.190
67.0,41.0,-0.267
67.0,42.0,-0.007
67.0,43.0,0.286
67.0,44.0,-0.201
67.0,45.0,-0.154
67.0,46.0,0.324
67.0,47.0,-0.077
67.0,48.0,-0.282
67.0,49.0,0.289
67.0,50.0,0.080
67.0,51.0,-0.361
67.0,52.0,0.186
67.0,53.0,0.236
67.0,54.0,-0.371
67.0,55.0,0.035
67.0,56.0,0.359
67.0,57.0,-0.309
67.0,58.0,-0.136
67.0,59.0,0.424
67.0,60.0,-0.184
67.0,61.0,-0.296
67.0,62.0,0.419
67.0,63.0,-0.019
67.0,64.0,-0.418
67.0,65.0,0.345
67.0,66.0,0.160
67.0,67.0,-0.482
67.0,68.0,0.214
67.0,69.0,0.326
67.0,70.0,-0.479
67.0,71.0,0.046
67.0,72.0,0.455
67.0,73.0,-0.411
67.0,74.0,-0.137
67.0,75.0,0.532
67.0,76.0,-0.290
67.0,77.0,-0.310
67.0,78.0,0.549
67.0,79.0,-0.131
67.0,80.0,-0.455
67.0,81.0,0.507
67.0,82.0,0.047
67.0,83.0,-0.558
67.0,84.0,0.414
67.0,85.0,0.225
67.0,86.0,-0.610
67.0,87.0,0.281
67.0,88.0,0.387
67.0,89.0,-0.612
67.0,90.0,0.123
67.0,91.0,0.520
67.0,92.0,-0.567
67.0,93.0,-0.046
67.0,94.0,0.617
67.0,95.0,-0.482
67.0,96.0,-0.213
67.0,97.0,0.674
67.0,98.0,-0.367
67.0,99.0,-0.367
67.0,100.0,0.692
68.0,0.0,0.046
68.0,1.0,-0.013
68.0,2.0,-0.024
68.0,3.0,0.018
68.0,4.0,0.004
68.0,5.0,-0.005
68.0,6.0,-0.001
68.0,7.0,-0.009
68.0,8.0,0.015
68.0,9.0,0.009
68.0,10.0,-0.035
68.0,11.0,0.012
68.0,12.0,0.043
68.0,13.0,-0.047
68.0,14.0,-0.023
68.0,15.0,0.076
68.0,16.0,-0.024
68.0,17.0,-0.075
68.0,18.0,0.081
68.0,19.0,0.032
68.0,20.0,-0.116
68.0,21.0,0.043
68.0,22.0,0.103
68.0,23.0,-0.119
68.0,24.0,-0.033
68.0,25.0,0.155
68.0,26.0,-0.071
68.0,27.0,-0.122
68.0,28.0,0.163
68.0,29.0,0.020
68.0,30.0,-0.191
68.0,31.0,0.112
68.0,32.0,0.128
68.0,33.0,-0.210
68.0,34.0,0.011
68.0,35.0,0.218
68.0,36.0,-0.166
68.0,37.0,-0.114
68.0,38.0,0.258
68.0,39.0,-0.063
68.0,40.0,-0.228
68.0,41.0,0.231
68.0,42.0,0.074
68.0,43.0,-0.297
68.0,44.0,0.138
68.0,45.0,0.212
68.0,46.0,-0.299
68.0,47.0,-0.002
68.0,48.0,0.315
68.0,49.0,-0.230
68.0,50.0,-0.159
68.0,51.0,0.358
68.0,52.0,-0.102
68.0,53.0,-0.297
68.0,54.0,0.329
68.0,55.0,0.061
68.0,56.0,-0.388
68.0,57.0,0.230
68.0,58.0,0.227
68.0,59.0,-0.411
68.0,60.0,0.080
68.0,61.0,0.364
68.0,62.0,-0.363
68.0,63.0,-0.095
68.0,64.0,0.449
68.0,65.0,-0.251
68.0,66.0,-0.266
68.0,67.0,0.468
68.0,68.0,-0.093
68.0,69.0,-0.408
68.0,70.0,0.418
68.0,71.0,0.087
68.0,72.0,-0.499
68.0,73.0,0.309
68.0,74.0,0.265
68.0,75.0,-0.530
68.0,76.0,0.156
68.0,77.0,0.417
68.0,78.0,-0.498
68.0,79.0,-0.021
68.0,80.0,0.527
68.0,81.0,-0.410
68.0,82.0,-0.202
68.0,83.0,0.586
68.0,84.0,-0.279
68.0,85.0,-0.367
68.0,86.0,0.590
68.0,87.0,-0.118
68.0,88.0,-0.504
68.0,89.0,0.543
68.0,90.0,0.056
68.0,91.0,-0.601
68.0,92.0,0.453
68.0,93.0,0.227
68.0,94.0,-0.655
68.0,95.0,0.330
68.0,96.0,0.383
68.0,97.0,-0.666
68.0,98.0,0.185
68.0,99.0,0.517
68.0,100.0,-0.637
69.0,0.0,-0.051
69.0,1.0,0.006
69.0,2.0,0.032
69.0,3.0,-0.019
69.0,4.0,-0.009
69.0,5.0,0.011
69.0,6.0,-0.000
69.0,7.0,0.005
69.0,8.0,-0.009
69.0,9.0,-0.011
69.0,10.0,0.029
69.0,11.0,-0.003
69.0,12.0,-0.043
69.0,13.0,0.035
69.0,14.0,0.033
69.0,15.0,-0.068
69.0,16.0,0.007
69.0,17.0,0.079
69.0,18.0,-0.063
69.0,19.0,-0.050
69.0,20.0,0.109
69.0,21.0,-0.017
69.0,22.0,-0.113
69.0,23.0,0.097
69.0,24.0,0.061
69.0,25.0,-0.150
69.0,26.0,0.036
69.0,27.0,0.141
69.0,28.0,-0.138
69.0,29.0,-0.059
69.0,30.0,0.191
69.0,31.0,-0.069
69.0,32.0,-0.158
69.0,33.0,0.186
69.0,34.0,0.039
69.0,35.0,-0.227
69.0,36.0,0.119
69.0,37.0,0.159
69.0,38.0,-0.239
69.0,39.0,0.002
69.0,40.0,0.252
69.0,41.0,-0.183
69.0,42.0,-0.135
69.0,43.0,0.291
69.0,44.0,-0.069
69.0,45.0,-0.256
69.0,46.0,0.259
69.0,47.0,0.079
69.0,48.0,-0.329
69.0,49.0,0.160
69.0,50.0,0.226
69.0,51.0,-0.335
69.0,52.0,0.013
69.0,53.0,0.339
69.0,54.0,-0.268
69.0,55.0,-0.151
69.0,56.0,0.392
69.0,57.0,-0.139
69.0,58.0,-0.301
69.0,59.0,0.374
69.0,60.0,0.026
69.0,61.0,-0.407
69.0,62.0,0.286
69.0,63.0,0.200
69.0,64.0,-0.450
69.0,65.0,0.143
69.0,66.0,0.353
69.0,67.0,-0.423
69.0,68.0,-0.032
69.0,69.0,0.460
69.0,70.0,-0.331
69.0,71.0,-0.211
69.0,72.0,0.508
69.0,73.0,-0.188
69.0,74.0,-0.371
69.0,75.0,0.491
69.0,76.0,-0.014
69.0,77.0,-0.492
69.0,78.0,0.412
69.0,79.0,0.169
69.0,80.0,-0.560
69.0,81.0,0.285
69.0,82.0,0.339
69.0,83.0,-0.570
69.0,84.0,0.125
69.0,85.0,0.480
69.0,86.0,-0.526
69.0,87.0,-0.052
69.0,88.0,0.580
69.0,89.0,-0.433
69.0,90.0,-0.227
69.0,91.0,0.633
69.0,92.0,-0.305
69.0,93.0,-0.386
69.0,94.0,0.640
69.0,95.0,-0.153
69.0,96.0,-0.520
69.0,97.0,0.603
69.0,98.0,0.009
69.0,99.0,-0.621
69.0,100.0,0.529
70.0,0.0,0.054
70.0,1.0,0.002
70.0,2.0,-0.039
70.0,3.0,0.017
70.0,4.0,0.016
70.0,5.0,-0.015
70.0,6.0,-0.001
70.0,7.0,0.000
70.0,8.0,0.004
70.0,9.0,0.011
70.0,10.0,-0.022
70.0,11.0,-0.004
70.0,12.0,0.040
70.0,13.0,-0.023
70.0,14.0,-0.039
70.0,15.0,0.059
70.0,16.0,0.009
70.0,17.0,-0.079
70.0,18.0,0.045
70.0,19.0,0.064
70.0,20.0,-0.097
70.0,21.0,-0.008
70.0,22.0,0.117
70.0,23.0,-0.072
70.0,24.0,-0.084
70.0,25.0,0.138
70.0,26.0,-0.002
70.0,27.0,-0.152
70.0,28.0,0.107
70.0,29.0,0.092
70.0,30.0,-0.182
70.0,31.0,0.026
70.0,32.0,0.179
70.0,33.0,-0.153
70.0,34.0,-0.085
70.0,35.0,0.225
70.0,36.0,-0.067
70.0,37.0,-0.193
70.0,38.0,0.209
70.0,39.0,0.057
70.0,40.0,-0.262
70.0,41.0,0.128
70.0,42.0,0.186
70.0,43.0,-0.269
70.0,44.0,-0.001
70.0,45.0,0.284
70.0,46.0,-0.206
70.0,47.0,-0.148
70.0,48.0,0.325
70.0,49.0,-0.083
70.0,50.0,-0.278
70.0,51.0,0.293
70.0,52.0,0.073
70.0,53.0,-0.360
70.0,54.0,0.193
70.0,55.0,0.230
70.0,56.0,-0.373
70.0,57.0,0.043
70.0,58.0,0.355
70.0,59.0,-0.314
70.0,60.0,-0.129
70.0,61.0,0.423
70.0,62.0,-0.192
70.0,63.0,-0.290
70.0,64.0,0.422
70.0,65.0,-0.028
70.0,66.0,-0.414
70.0,67.0,0.352
70.0,68.0,0.152
70.0,69.0,-0.481
70.0,70.0,0.223
70.0,71.0,0.319
70.0,72.0,-0.482
70.0,73.0,0.056
70.0,74.0,0.450
70.0,75.0,-0.418
70.0,76.0,-0.127
70.0,77.0,0.530
70.0,78.0,-0.299
70.0,79.0,-0.301
70.0,80.0,0.551
70.0,81.0,-0.141
70.0,82.0,-0.448
70.0,83.0,0.513
70.0,84.0,0.036
70.0,85.0,-0.554
70.0,86.0,0.422
70.0,87.0,0.214
70.0,88.0,-0.610
70.0,89.0,0.292
70.0,90.0,0.377
70.0,91.0,-0.615
70.0,92.0,0.135
70.0,93.0,0.513
70.0,94.0,-0.573
70.0,95.0,-0.033
70.0,96.0,0.612
70.0,97.0,-0.491
70.0,98.0,-0.200
70.0,99.0,0.673
70.0,100.0,-0.378
71.0,0.0,-0.054
71.0,1.0,-0.013
71.0,2.0,0.046
71.0,3.0,-0.014
71.0,4.0,-0.024
71.0,5.0,0.018
71.0,6.0,0.004
71.0,7.0,-0.006
71.0,8.0,-0.001
71.0,9.0,-0.009
71.0,10.0,0.015
71.0,11.0,0.009
71.0,12.0,-0.035
71.0,13.0,0.013
71.0,14.0,0.042
71.0,15.0,-0.047
71.0,16.0,-0.022
71.0,17.0,0.076
71.0,18.0,-0.026
71.0,19.0,-0.074
71.0,20.0,0.082
71.0,21.0,0.030
71.0,22.0,-0.116
71.0,23.0,0.045
71.0,24.0,0.101
71.0,25.0,-0.120
71.0,26.0,-0.030
71.0,27.0,0.155
71.0,28.0,-0.074
71.0,29.0,-0.120
71.0,30.0,0.164
71.0,31.0,0.016
71.0,32.0,-0.190
71.0,33.0,0.115
71.0,34.0,0.125
71.0,35.0,-0.211
71.0,36.0,0.015
71.0,37.0,0.216
71.0,38.0,-0.169
71.0,39.0,-0.110
71.0,40.0,0.258
71.0,41.0,-0.068
71.0,42.0,-0.225
71.0,43.0,0.234
71.0,44.0,0.069
71.0,45.0,-0.296
71.0,46.0,0.143
71.0,47.0,0.207
71.0,48.0,-0.302
71.0,49.0,0.004
71.0,50.0,0.313
71.0,51.0,-0.235
71.0,52.0,-0.153
71.0,53.0,0.359
71.0,54.0,-0.108
71.0,55.0,-0.293
71.0,56.0,0.332
71.0,57.0,0.054
71.0,58.0,-0.386
71.0,59.0,0.237
71.0,60.0,0.220
71.0,61.0,-0.413
71.0,62.0,0.088
71.0,63.0,0.359
71.0,64.0,-0.368
71.0,65.0,-0.087
71.0,66.0,0.447
71.0,67.0,-0.259
71.0,68.0,-0.259
71.0,69.0,0.469
71.0,70.0,-0.102
71.0,71.0,-0.402
71.0,72.0,0.424
71.0,73.0,0.078
71.0,74.0,-0.497
71.0,75.0,0.317
71.0,76.0,0.256
71.0,77.0,-0.531
71.0,78.0,0.166
71.0,79.0,0.410
71.0,80.0,-0.503
71.0,81.0,-0.010
71.0,82.0,0.523
71.0,83.0,-0.418
71.0,84.0,-0.191
71.0,85.0,0.585
71.0,86.0,-0.289
71.0,87.0,-0.358
71.0,88.0,0.593
71.0,89.0,-0.130
71.0,90.0,-0.496
71.0,91.0,0.550
71.0,92.0,0.043
71.0,93.0,-0.597
71.0,94.0,0.462
71.0,95.0,0.215
71.0,96.0,-0.654
71.0,97.0,0.341
71.0,98.0,0.372
71.0,99.0,-0.668
71.0,100.0,0.198
72.0,0.0,0.051
72.0,1.0,0.025
72.0,2.0,-0.051
72.0,3.0,0.007
72.0,4.0,0.032
72.0,5.0,-0.019
72.0,6.0,-0.009
72.0,7.0,0.011
72.0,8.0,-0.000
72.0,9.0,0.005
72.0,10.0,-0.009
72.0,11.0,-0.011
72.0,12.0,0.029
72.0,13.0,-0.003
72.0,14.0,-0.042
72.0,15.0,0.036
72.0,16.0,0.032
72.0,17.0,-0.069
72.0,18.0,0.008
72.0,19.0,0.079
72.0,20.0,-0.065
72.0,21.0,-0.049
72.0,22.0,0.109
72.0,23.0,-0.019
72.0,24.0,-0.112
72.0,25.0,0.098
72.0,26.0,0.058
72.0,27.0,-0.150
72.0,28.0,0.039
72.0,29.0,0.139
72.0,30.0,-0.140
72.0,31.0,-0.055
72.0,32.0,0.191
72.0,33.0,-0.073
72.0,34.0,-0.156
72.0,35.0,0.188
72.0,36.0,0.035
72.0,37.0,-0.226
72.0,38.0,0.122
72.0,39.0,0.155
72.0,40.0,-0.241
72.0,41.0,0.007
72.0,42.0,0.250
72.0,43.0,-0.187
72.0,44.0,-0.130
72.0,45.0,0.291
72.0,46.0,-0.075
72.0,47.0,-0.253
72.0,48.0,0.263
72.0,49.0,0.073
72.0,50.0,-0.329
72.0,51.0,0.166
72.0,52.0,0.221
72.0,53.0,-0.337
72.0,54.0,0.020
72.0,55.0,0.336
72.0,56.0,-0.273
72.0,57.0,-0.145
72.0,58.0,0.392
72.0,59.0,-0.147
72.0,60.0,-0.296
72.0,61.0,0.377
72.0,62.0,0.018
72.0,63.0,-0.404
72.0,64.0,0.292
72.0,65.0,0.192
72.0,66.0,-0.451
72.0,67.0,0.151
72.0,68.0,0.347
72.0,69.0,-0.427
72.0,70.0,-0.022
72.0,71.0,0.457
72.0,72.0,-0.338
72.0,73.0,-0.203
72.0,74.0,0.508
72.0,75.0,-0.197
72.0,76.0,-0.364
72.0,77.0,0.494
72.0,78.0,-0.024
72.0,79.0,-0.487
72.0,80.0,0.420
72.0,81.0,0.158
72.0,82.0,-0.559
72.0,83.0,0.295
72.0,84.0,0.329
72.0,85.0,-0.573
72.0,86.0,0.136
72.0,87.0,0.473
72.0,88.0,-0.531
72.0,89.0,-0.040
72.0,90.0,0.575
72.0,91.0,-0.442
72.0,92.0,-0.215
72.0,93.0,0.632
72.0,94.0,-0.316
72.0,95.0,-0.376
72.0,96.0,0.642
72.0,97.0,-0.166
72.0,98.0,-0.512
72.0,99.0,0.608
72.0,100.0,-0.004
73.0,0.0,-0.045
73.0,1.0,-0.038
73.0,2.0,0.054
73.0,3.0,0.001
73.0,4.0,-0.039
73.0,5.0,0.018
73.0,6.0,0.016
73.0,7.0,-0.015
73.0,8.0,-0.001
73.0,9.0,0.000
73.0,10.0,0.004
73.0,11.0,0.011
73.0,12.0,-0.022
73.0,13.0,-0.004
73.0,14.0,0.040
73.0,15.0,-0.024
73.0,16.0,-0.038
73.0,17.0,0.059
73.0,18.0,0.007
73.0,19.0,-0.079
73.0,20.0,0.046
73.0,21.0,0.063
73.0,22.0,-0.098
73.0,23.0,-0.006
73.0,24.0,0.117
73.0,25.0,-0.074
73.0,26.0,-0.082
73.0,27.0,0.139
73.0,28.0,-0.005
73.0,29.0,-0.151
73.0,30.0,0.110
73.0,31.0,0.089
73.0,32.0,-0.182
73.0,33.0,0.030
73.0,34.0,0.177
73.0,35.0,-0.156
73.0,36.0,-0.081
73.0,37.0,0.225
73.0,38.0,-0.072
73.0,39.0,-0.190
73.0,40.0,0.211
73.0,41.0,0.052
73.0,42.0,-0.262
73.0,43.0,0.133
73.0,44.0,0.182
73.0,45.0,-0.271
73.0,46.0,0.004
73.0,47.0,0.282
73.0,48.0,-0.210
73.0,49.0,-0.143
73.0,50.0,0.325
73.0,51.0,-0.089
73.0,52.0,-0.274
73.0,53.0,0.296
73.0,54.0,0.066
73.0,55.0,-0.358
73.0,56.0,0.199
73.0,57.0,0.224
73.0,58.0,-0.375
73.0,59.0,0.050
73.0,60.0,0.351
73.0,61.0,-0.319
73.0,62.0,-0.121
73.0,63.0,0.423
73.0,64.0,-0.199
73.0,65.0,-0.284
73.0,66.0,0.425
73.0,67.0,-0.036
73.0,68.0,-0.410
73.0,69.0,0.357
73.0,70.0,0.143
73.0,71.0,-0.480
73.0,72.0,0.231
73.0,73.0,0.311
73.0,74.0,-0.485
73.0,75.0,0.065
73.0,76.0,0.445
73.0,77.0,-0.424
73.0,78.0,-0.117
73.0,79.0,0.529
73.0,80.0,-0.308
73.0,81.0,-0.292
73.0,82.0,0.553
73.0,83.0,-0.152
73.0,84.0,-0.441
73.0,85.0,0.518
73.0,86.0,0.024
73.0,87.0,-0.550
73.0,88.0,0.431
73.0,89.0,0.203
73.0,90.0,-0.609
73.0,91.0,0.303
73.0,92.0,0.367
73.0,93.0,-0.618
73.0,94.0,0.147
73.0,95.0,0.505
73.0,96.0,-0.579
73.0,97.0,-0.020
73.0,98.0,0.607
73.0,99.0,-0.500
73.0,100.0,-0.188
74.0,0.0,0.036
74.0,1.0,0.051
74.0,2.0,-0.055
74.0,3.0,-0.012
74.0,4.0,0.046
74.0,5.0,-0.014
74.0,6.0,-0.023
74.0,7.0,0.018
74.0,8.0,0.004
74.0,9.0,-0.006
74.0,10.0,-0.001
74.0,11.0,-0.008
74.0,12.0,0.015
74.0,13.0,0.008
74.0,14.0,-0.035
74.0,15.0,0.013
74.0,16.0,0.041
74.0,17.0,-0.048
74.0,18.0,-0.020
74.0,19.0,0.076
74.0,20.0,-0.027
74.0,21.0,-0.073
74.0,22.0,0.083
74.0,23.0,0.028
74.0,24.0,-0.116
74.0,25.0,0.047
74.0,26.0,0.099
74.0,27.0,-0.122
74.0,28.0,-0.027
74.0,29.0,0.154
74.0,30.0,-0.077
74.0,31.0,-0.117
74.0,32.0,0.165
74.0,33.0,0.013
74.0,34.0,-0.189
74.0,35.0,0.118
74.0,36.0,0.121
74.0,37.0,-0.213
74.0,38.0,0.020
74.0,39.0,0.214
74.0,40.0,-0.173
74.0,41.0,-0.105
74.0,42.0,0.259
74.0,43.0,-0.073
74.0,44.0,-0.222
74.0,45.0,0.237
74.0,46.0,0.063
74.0,47.0,-0.295
74.0,48.0,0.148
74.0,49.0,0.203
74.0,50.0,-0.304
74.0,51.0,0.010
74.0,52.0,0.310
74.0,53.0,-0.240
74.0,54.0,-0.147
74.0,55.0,0.359
74.0,56.0,-0.115
74.0,57.0,-0.288
74.0,58.0,0.336
74.0,59.0,0.046
74.0,60.0,-0.384
74.0,61.0,0.243
74.0,62.0,0.213
74.0,63.0,-0.414
74.0,64.0,0.096
74.0,65.0,0.355
74.0,66.0,-0.373
74.0,67.0,-0.078
74.0,68.0,0.445
74.0,69.0,-0.266
74.0,70.0,-0.251
74.0,71.0,0.471
74.0,72.0,-0.112
74.0,73.0,-0.397
74.0,74.0,0.429
74.0,75.0,0.068
74.0,76.0,-0.494
74.0,77.0,0.325
74.0,78.0,0.247
74.0,79.0,-0.532
74.0,80.0,0.176
74.0,81.0,0.403
74.0,82.0,-0.507
74.0,83.0,0.001
74.0,84.0,0.519
74.0,85.0,-0.426
74.0,86.0,-0.180
74.0,87.0,0.584
74.0,88.0,-0.299
74.0,89.0,-0.349
74.0,90.0,0.596
74.0,91.0,-0.142
74.0,92.0,-0.489
74.0,93.0,0.556
74.0,94.0,0.030
74.0,95.0,-0.592
74.0,96.0,0.471
74.0,97.0,0.202
74.0,98.0,-0.652
74.0,99.0,0.353
74.0,100.0,0.361
75.0,0.0,-0.024
75.0,1.0,-0.064
75.0,2.0,0.052
75.0,3.0,0.024
75.0,4.0,-0.051
75.0,5.0,0.008
75.0,6.0,0.031
75.0,7.0,-0.019
75.0,8.0,-0.009
75.0,9.0,0.011
75.0,10.0,-0.000
75.0,11.0,0.005
75.0,12.0,-0.009
75.0,13.0,-0.010
75.0,14.0,0.029
75.0,15.0,-0.004
75.0,16.0,-0.042
75.0,17.0,0.036
75.0,18.0,0.030
75.0,19.0,-0.069
75.0,20.0,0.010
75.0,21.0,0.078
75.0,22.0,-0.066
75.0,23.0,-0.047
75.0,24.0,0.109
75.0,25.0,-0.021
75.0,26.0,-0.111
75.0,27.0,0.100
75.0,28.0,0.056
75.0,29.0,-0.150
75.0,30.0,0.042
75.0,31.0,0.137
75.0,32.0,-0.142
75.0,33.0,-0.052
75.0,34.0,0.191
75.0,35.0,-0.077
75.0,36.0,-0.153
75.0,37.0,0.190
75.0,38.0,0.031
75.0,39.0,-0.226
75.0,40.0,0.126
75.0,41.0,0.151
75.0,42.0,-0.242
75.0,43.0,0.012
75.0,44.0,0.248
75.0,45.0,-0.191
75.0,46.0,-0.125
75.0,47.0,0.292
75.0,48.0,-0.080
75.0,49.0,-0.249
75.0,50.0,0.266
75.0,51.0,0.067
75.0,52.0,-0.328
75.0,53.0,0.172
75.0,54.0,0.216
75.0,55.0,-0.339
75.0,56.0,0.027
75.0,57.0,0.333
75.0,58.0,-0.278
75.0,59.0,-0.138
75.0,60.0,0.392
75.0,61.0,-0.154
75.0,62.0,-0.290
75.0,63.0,0.380
75.0,64.0,0.010
75.0,65.0,-0.401
75.0,66.0,0.298
75.0,67.0,0.185
75.0,68.0,-0.451
75.0,69.0,0.160
75.0,70.0,0.341
75.0,71.0,-0.431
75.0,72.0,-0.013
75.0,73.0,0.454
75.0,74.0,-0.345
75.0,75.0,-0.194
75.0,76.0,0.508
75.0,77.0,-0.206
75.0,78.0,-0.357
75.0,79.0,0.498
75.0,80.0,-0.035
75.0,81.0,-0.483
75.0,82.0,0.426
75.0,83.0,0.148
75.0,84.0,-0.557
75.0,85.0,0.304
75.0,86.0,0.320
75.0,87.0,-0.575
75.0,88.0,0.147
75.0,89.0,0.465
75.0,90.0,-0.537
75.0,91.0,-0.027
75.0,92.0,0.571
75.0,93.0,-0.451
75.0,94.0,-0.203
75.0,95.0,0.631
75.0,96.0,-0.327
75.0,97.0,-0.365
75.0,98.0,0.645
75.0,99.0,-0.179
75.0,100.0,-0.503
76.0,0.0,0.009
76.0,1.0,0.075
76.0,2.0,-0.046
76.0,3.0,-0.037
76.0,4.0,0.055
76.0,5.0,0.000
76.0,6.0,-0.039
76.0,7.0,0.018
76.0,8.0,0.015
76.0,9.0,-0.015
76.0,10.0,-0.001
76.0,11.0,0.000
76.0,12.0,0.004
76.0,13.0,0.010
76.0,14.0,-0.022
76.0,15.0,-0.003
76.0,16.0,0.039
76.0,17.0,-0.025
76.0,18.0,-0.037
76.0,19.0,0.060
76.0,20.0,0.006
76.0,21.0,-0.079
76.0,22.0,0.047
76.0,23.0,0.061
76.0,24.0,-0.098
76.0,25.0,-0.004
76.0,26.0,0.116
76.0,27.0,-0.076
76.0,28.0,-0.079
76.0,29.0,0.140
76.0,30.0,-0.008
76.0,31.0,-0.150
76.0,32.0,0.112
76.0,33.0,0.086
76.0,34.0,-0.183
76.0,35.0,0.033
76.0,36.0,0.175
76.0,37.0,-0.159
76.0,38.0,-0.077
76.0,39.0,0.225
76.0,40.0,-0.076
76.0,41.0,-0.187
76.0,42.0,0.214
76.0,43.0,0.047
76.0,44.0,-0.261
76.0,45.0,0.137
76.0,46.0,0.177
76.0,47.0,-0.273
76.0,48.0,0.010
76.0,49.0,0.280
76.0,50.0,-0.215
76.0,51.0,-0.137
76.0,52.0,0.326
76.0,53.0,-0.096
76.0,54.0,-0.270
76.0,55.0,0.300
76.0,56.0,0.060
76.0,57.0,-0.357
76.0,58.0,0.205
76.0,59.0,0.218
76.0,60.0,-0.377
76.0,61.0,0.058
76.0,62.0,0.347
76.0,63.0,-0.324
76.0,64.0,-0.113
76.0,65.0,0.422
76.0,66.0,-0.207
76.0,67.0,-0.277
76.0,68.0,0.428
76.0,69.0,-0.045
76.0,70.0,-0.406
76.0,71.0,0.363
76.0,72.0,0.134
76.0,73.0,-0.479
76.0,74.0,0.240
76.0,75.0,0.304
76.0,76.0,-0.487
76.0,77.0,0.075
76.0,78.0,0.440
76.0,79.0,-0.430
76.0,80.0,-0.107
76.0,81.0,0.527
76.0,82.0,-0.317
76.0,83.0,-0.283
76.0,84.0,0.554
76.0,85.0,-0.163
76.0,86.0,-0.434
76.0,87.0,0.523
76.0,88.0,0.013
76.0,89.0,-0.545
76.0,90.0,0.439
76.0,91.0,0.192
76.0,92.0,-0.608
76.0,93.0,0.313
76.0,94.0,0.357
76.0,95.0,-0.620
76.0,96.0,0.160
76.0,97.0,0.497
76.0,98.0,-0.585
76.0,99.0,-0.007
76.0,100.0,0.602
77.0,0.0,0.008
77.0,1.0,-0.085
77.0,2.0,0.037
77.0,3.0,0.050
77.0,4.0,-0.055
77.0,5.0,-0.011
77.0,6.0,0.046
77.0,7.0,-0.015
77.0,8.0,-0.023
77.0,9.0,0.019
77.0,10.0,0.004
77.0,11.0,-0.006
77.0,12.0,-0.001
77.0,13.0,-0.008
77.0,14.0,0.015
77.0,15.0,0.008
77.0,16.0,-0.035
77.0,17.0,0.014
77.0,18.0,0.041
77.0,19.0,-0.049
77.0,20.0,-0.019
77.0,21.0,0.075
77.0,22.0,-0.029
77.0,23.0,-0.071
77.0,24.0,0.084
77.0,25.0,0.026
77.0,26.0,-0.115
77.0,27.0,0.050
77.0,28.0,0.097
77.0,29.0,-0.123
77.0,30.0,-0.024
77.0,31.0,0.154
77.0,32.0,-0.079
77.0,33.0,-0.115
77.0,34.0,0.167
77.0,35.0,0.009
77.0,36.0,-0.188
77.0,37.0,0.121
77.0,38.0,0.118
77.0,39.0,-0.214
77.0,40.0,0.024
77.0,41.0,0.212
77.0,42.0,-0.176
77.0,43.0,-0.101
77.0,44.0,0.259
77.0,45.0,-0.078
77.0,46.0,-0.219
77.0,47.0,0.240
77.0,48.0,0.058
77.0,49.0,-0.295
77.0,50.0,0.153
77.0,51.0,0.198
77.0,52.0,-0.306
77.0,53.0,0.017
77.0,54.0,0.308
77.0,55.0,-0.245
77.0,56.0,-0.140
77.0,57.0,0.360
77.0,58.0,-0.122
77.0,59.0,-0.283
77.0,60.0,0.339
77.0,61.0,0.039
77.0,62.0,-0.382
77.0,63.0,0.249
77.0,64.0,0.206
77.0,65.0,-0.416
77.0,66.0,0.104
77.0,67.0,0.350
77.0,68.0,-0.377
77.0,69.0,-0.069
77.0,70.0,0.443
77.0,71.0,-0.274
77.0,72.0,-0.244
77.0,73.0,0.473
77.0,74.0,-0.121
77.0,75.0,-0.391
77.0,76.0,0.434
77.0,77.0,0.058
77.0,78.0,-0.492
77.0,79.0,0.333
77.0,80.0,0.238
77.0,81.0,-0.533
77.0,82.0,0.186
77.0,83.0,0.395
77.0,84.0,-0.512
77.0,85.0,0.012
77.0,86.0,0.514
77.0,87.0,-0.434
77.0,88.0,-0.169
77.0,89.0,0.583
77.0,90.0,-0.309
77.0,91.0,-0.339
77.0,92.0,0.598
77.0,93.0,-0.153
77.0,94.0,-0.482
77.0,95.0,0.561
77.0,96.0,0.018
77.0,97.0,-0.587
77.0,98.0,0.480
77.0,99.0,0.190
77.0,100.0,-0.651
78.0,0.0,-0.027
78.0,1.0,0.092
78.0,2.0,-0.025
78.0,3.0,-0.063
78.0,4.0,0.053
78.0,5.0,0.023
78.0,6.0,-0.052
78.0,7.0,0.009
78.0,8.0,0.031
78.0,9.0,-0.020
78.0,10.0,-0.009
78.0,11.0,0.011
78.0,12.0,-0.000
78.0,13.0,0.004
78.0,14.0,-0.009
78.0,15.0,-0.010
78.0,16.0,0.029
78.0,17.0,-0.005
78.0,18.0,-0.041
78.0,19.0,0.037
78.0,20.0,0.029
78.0,21.0,-0.069
78.0,22.0,0.011
78.0,23.0,0.077
78.0,24.0,-0.067
78.0,25.0,-0.045
78.0,26.0,0.110
78.0,27.0,-0.023
78.0,28.0,-0.109
78.0,29.0,0.102
78.0,30.0,0.053
78.0,31.0,-0.151
78.0,32.0,0.045
78.0,33.0,0.135
78.0,34.0,-0.143
78.0,35.0,-0.049
78.0,36.0,0.190
78.0,37.0,-0.080
78.0,38.0,-0.150
78.0,39.0,0.192
78.0,40.0,0.027
78.0,41.0,-0.225
78.0,42.0,0.130
78.0,43.0,0.147
78.0,44.0,-0.244
78.0,45.0,0.017
78.0,46.0,0.246
78.0,47.0,-0.195
78.0,48.0,-0.120
78.0,49.0,0.293
78.0,50.0,-0.086
78.0,51.0,-0.245
78.0,52.0,0.269
78.0,53.0,0.061
78.0,54.0,-0.327
78.0,55.0,0.177
78.0,56.0,0.210
78.0,57.0,-0.341
78.0,58.0,0.034
78.0,59.0,0.330
78.0,60.0,-0.283
78.0,61.0,-0.131
78.0,62.0,0.392
78.0,63.0,-0.161
78.0,64.0,-0.285
78.0,65.0,0.384
78.0,66.0,0.002
78.0,67.0,-0.398
78.0,68.0,0.304
78.0,69.0,0.177
78.0,70.0,-0.451
78.0,71.0,0.168
78.0,72.0,0.335
78.0,73.0,-0.435
78.0,74.0,-0.004
78.0,75.0,0.450
78.0,76.0,-0.352
78.0,77.0,-0.185
78.0,78.0,0.508
78.0,79.0,-0.215
78.0,80.0,-0.350
78.0,81.0,0.502
78.0,82.0,-0.045
78.0,83.0,-0.478
78.0,84.0,0.433
78.0,85.0,0.137
78.0,86.0,-0.555
78.0,87.0,0.314
78.0,88.0,0.311
78.0,89.0,-0.577
78.0,90.0,0.159
78.0,91.0,0.458
78.0,92.0,-0.542
78.0,93.0,-0.015
78.0,94.0,0.567
78.0,95.0,-0.459
78.0,96.0,-0.191
78.0,97.0,0.630
78.0,98.0,-0.338
78.0,99.0,-0.355
78.0,100.0,0.647
79.0,0.0,0.047
79.0,1.0,-0.096
79.0,2.0,0.011
79.0,3.0,0.075
79.0,4.0,-0.048
79.0,5.0,-0.036
79.0,6.0,0.055
79.0,7.0,-0.001
79.0,8.0,-0.039
79.0,9.0,0.019
79.0,10.0,0.015
79.0,11.0,-0.016
79.0,12.0,-0.000
79.0,13.0,0.000
79.0,14.0,0.004
79.0,15.0,0.010
79.0,16.0,-0.022
79.0,17.0,-0.002
79.0,18.0,0.039
79.0,19.0,-0.025
79.0,20.0,-0.036
79.0,21.0,0.060
79.0,22.0,0.004
79.0,23.0,-0.078
79.0,24.0,0.049
79.0,25.0,0.060
79.0,26.0,-0.099
79.0,27.0,-0.002
79.0,28.0,0.115
79.0,29.0,-0.078
79.0,30.0,-0.077
79.0,31.0,0.140
79.0,32.0,-0.011
79.0,33.0,-0.148
79.0,34.0,0.115
79.0,35.0,0.083
79.0,36.0,-0.183
79.0,37.0,0.037
79.0,38.0,0.173
79.0,39.0,-0.161
79.0,40.0,-0.074
79.0,41.0,0.225
79.0,42.0,-0.080
79.0,43.0,-0.184
79.0,44.0,0.216
79.0,45.0,0.042
79.0,46.0,-0.260
79.0,47.0,0.142
79.0,48.0,0.173
79.0,49.0,-0.275
79.0,50.0,0.016
79.0,51.0,0.278
79.0,52.0,-0.219
79.0,53.0,-0.132
79.0,54.0,0.326
79.0,55.0,-0.102
79.0,56.0,-0.266
79.0,57.0,0.303
79.0,58.0,0.053
79.0,59.0,-0.356
79.0,60.0,0.211
79.0,61.0,0.212
79.0,62.0,-0.379
79.0,63.0,0.065
79.0,64.0,0.343
79.0,65.0,-0.329
79.0,66.0,-0.105
79.0,67.0,0.421
79.0,68.0,-0.214
79.0,69.0,-0.270
79.0,70.0,0.430
79.0,71.0,-0.054
79.0,72.0,-0.402
79.0,73.0,0.369
79.0,74.0,0.125
79.0,75.0,-0.478
79.0,76.0,0.248
79.0,77.0,0.296
79.0,78.0,-0.490
79.0,79.0,0.085
79.0,80.0,0.435
79.0,81.0,-0.436
79.0,82.0,-0.096
79.0,83.0,0.525
79.0,84.0,-0.325
79.0,85.0,-0.274
79.0,86.0,0.556
79.0,87.0,-0.173
79.0,88.0,-0.427
79.0,89.0,0.528
79.0,90.0,0.001
79.0,91.0,-0.541
79.0,92.0,0.447
79.0,93.0,0.180
79.0,94.0,-0.607
79.0,95.0,0.324
79.0,96.0,0.347
79.0,97.0,-0.623
79.0,98.0,0.172
79.0,99.0,0.489
79.0,100.0,-0.591
80.0,0.0,-0.067
80.0,1.0,0.097
80.0,2.0,0.007
80.0,3.0,-0.085
80.0,4.0,0.039
80.0,5.0,0.049
80.0,6.0,-0.056
80.0,7.0,-0.009
80.0,8.0,0.046
80.0,9.0,-0.016
80.0,10.0,-0.023
80.0,11.0,0.019
80.0,12.0,0.003
80.0,13.0,-0.006
80.0,14.0,-0.001
80.0,15.0,-0.008
80.0,16.0,0.015
80.0,17.0,0.007
80.0,18.0,-0.035
80.0,19.0,0.015
80.0,20.0,0.040
80.0,21.0,-0.049
80.0,22.0,-0.018
80.0,23.0,0.075
80.0,24.0,-0.030
80.0,25.0,-0.070
80.0,26.0,0.085
80.0,27.0,0.024
80.0,28.0,-0.115
80.0,29.0,0.052
80.0,30.0,0.096
80.0,31.0,-0.124
80.0,32.0,-0.021
80.0,33.0,0.153
80.0,34.0,-0.082
80.0,35.0,-0.112
80.0,36.0,0.168
80.0,37.0,0.005
80.0,38.0,-0.187
80.0,39.0,0.125
80.0,40.0,0.114
80.0,41.0,-0.214
80.0,42.0,0.028
80.0,43.0,0.210
80.0,44.0,-0.179
80.0,45.0,-0.096
80.0,46.0,0.259
80.0,47.0,-0.083
80.0,48.0,-0.215
80.0,49.0,0.243
80.0,50.0,0.052
80.0,51.0,-0.294
80.0,52.0,0.158
80.0,53.0,0.193
80.0,54.0,-0.308
80.0,55.0,0.023
80.0,56.0,0.305
80.0,57.0,-0.249
80.0,58.0,-0.134
80.0,59.0,0.360
80.0,60.0,-0.128
80.0,61.0,-0.279
80.0,62.0,0.343
80.0,63.0,0.031
80.0,64.0,-0.380
80.0,65.0,0.255
80.0,66.0,0.200
80.0,67.0,-0.417
80.0,68.0,0.112
80.0,69.0,0.345
80.0,70.0,-0.382
80.0,71.0,-0.061
80.0,72.0,0.441
80.0,73.0,-0.281
80.0,74.0,-0.236
80.0,75.0,0.474
80.0,76.0,-0.130
80.0,77.0,-0.385
80.0,78.0,0.438
80.0,79.0,0.048
80.0,80.0,-0.489
80.0,81.0,0.341
80.0,82.0,0.228
80.0,83.0,-0.533
80.0,84.0,0.196
80.0,85.0,0.388
80.0,86.0,-0.516
80.0,87.0,0.023
80.0,88.0,0.509
80.0,89.0,-0.441
80.0,90.0,-0.158
80.0,91.0,0.582
80.0,92.0,-0.319
80.0,93.0,-0.329
80.0,94.0,0.600
80.0,95.0,-0.165
80.0,96.0,-0.474
80.0,97.0,0.567
80.0,98.0,0.005
80.0,99.0,-0.582
80.0,100.0,0.489
81.0,0.0,0.086
81.0,1.0,-0.093
81.0,2.0,-0.025
81.0,3.0,0.093
81.0,4.0,-0.027
81.0,5.0,-0.062
81.0,6.0,0.054
81.0,7.0,0.021
81.0,8.0,-0.052
81.0,9.0,0.010
81.0,10.0,0.031
81.0,11.0,-0.020
81.0,12.0,-0.008
81.0,13.0,0.011
81.0,14.0,-0.001
81.0,15.0,0.004
81.0,16.0,-0.009
81.0,17.0,-0.010
81.0,18.0,0.029
81.0,19.0,-0.006
81.0,20.0,-0.041
81.0,21.0,0.038
81.0,22.0,0.028
81.0,23.0,-0.069
81.0,24.0,0.013
81.0,25.0,0.076
81.0,26.0,-0.068
81.0,27.0,-0.043
81.0,28.0,0.110
81.0,29.0,-0.026
81.0,30.0,-0.108
81.0,31.0,0.104
81.0,32.0,0.050
81.0,33.0,-0.151
81.0,34.0,0.048
81.0,35.0,0.133
81.0,36.0,-0.145
81.0,37.0,-0.045
81.0,38.0,0.190
81.0,39.0,-0.084
81.0,40.0,-0.147
81.0,41.0,0.193
81.0,42.0,0.022
81.0,43.0,-0.223
81.0,44.0,0.134
81.0,45.0,0.144
81.0,46.0,-0.245
81.0,47.0,0.022
81.0,48.0,0.244
81.0,49.0,-0.199
81.0,50.0,-0.115
81.0,51.0,0.293
81.0,52.0,-0.091
81.0,53.0,-0.242
81.0,54.0,0.272
81.0,55.0,0.054
81.0,56.0,-0.325
81.0,57.0,0.183
81.0,58.0,0.205
81.0,59.0,-0.343
81.0,60.0,0.041
81.0,61.0,0.327
81.0,62.0,-0.287
81.0,63.0,-0.124
81.0,64.0,0.392
81.0,65.0,-0.168
81.0,66.0,-0.279
81.0,67.0,0.387
81.0,68.0,-0.006
81.0,69.0,-0.395
81.0,70.0,0.311
81.0,71.0,0.169
81.0,72.0,-0.451
81.0,73.0,0.176
81.0,74.0,0.328
81.0,75.0,-0.438
81.0,76.0,0.006
81.0,77.0,0.447
81.0,78.0,-0.358
81.0,79.0,-0.176
81.0,80.0,0.508
81.0,81.0,-0.225
81.0,82.0,-0.342
81.0,83.0,0.505
81.0,84.0,-0.056
81.0,85.0,-0.473
81.0,86.0,0.440
81.0,87.0,0.127
81.0,88.0,-0.554
81.0,89.0,0.323
81.0,90.0,0.301
81.0,91.0,-0.578
81.0,92.0,0.170
81.0,93.0,0.450
81.0,94.0,-0.548
81.0,95.0,-0.003
81.0,96.0,0.562
81.0,97.0,-0.468
81.0,98.0,-0.179
81.0,99.0,0.628
81.0,100.0,-0.349
82.0,0.0,-0.104
82.0,1.0,0.085
82.0,2.0,0.045
82.0,3.0,-0.097
82.0,4.0,0.012
82.0,5.0,0.074
82.0,6.0,-0.049
82.0,7.0,-0.035
82.0,8.0,0.056
82.0,9.0,-0.002
82.0,10.0,-0.039
82.0,11.0,0.020
82.0,12.0,0.015
82.0,13.0,-0.016
82.0,14.0,-0.000
82.0,15.0,0.001
82.0,16.0,0.004
82.0,17.0,0.010
82.0,18.0,-0.022
82.0,19.0,-0.002
82.0,20.0,0.039
82.0,21.0,-0.026
82.0,22.0,-0.035
82.0,23.0,0.060
82.0,24.0,0.003
82.0,25.0,-0.078
82.0,26.0,0.050
82.0,27.0,0.058
82.0,28.0,-0.100
82.0,29.0,0.001
82.0,30.0,0.114
82.0,31.0,-0.080
82.0,32.0,-0.075
82.0,33.0,0.141
82.0,34.0,-0.014
82.0,35.0,-0.147
82.0,36.0,0.117
82.0,37.0,0.080
82.0,38.0,-0.184
82.0,39.0,0.041
82.0,40.0,0.171
82.0,41.0,-0.164
82.0,42.0,-0.070
82.0,43.0,0.225
82.0,44.0,-0.084
82.0,45.0,-0.181
82.0,46.0,0.219
82.0,47.0,0.037
82.0,48.0,-0.259
82.0,49.0,0.146
82.0,50.0,0.169
82.0,51.0,-0.276
82.0,52.0,0.022
82.0,53.0,0.275
82.0,54.0,-0.223
82.0,55.0,-0.126
82.0,56.0,0.327
82.0,57.0,-0.108
82.0,58.0,-0.262
82.0,59.0,0.307
82.0,60.0,0.046
82.0,61.0,-0.354
82.0,62.0,0.217
82.0,63.0,0.206
82.0,64.0,-0.380
82.0,65.0,0.073
82.0,66.0,0.339
82.0,67.0,-0.334
82.0,68.0,-0.097
82.0,69.0,0.420
82.0,70.0,-0.221
82.0,71.0,-0.264
82.0,72.0,0.432
82.0,73.0,-0.063
82.0,74.0,-0.397
82.0,75.0,0.375
82.0,76.0,0.116
82.0,77.0,-0.477
82.0,78.0,0.256
82.0,79.0,0.288
82.0,80.0,-0.492
82.0,81.0,0.095
82.0,82.0,0.429
82.0,83.0,-0.441
82.0,84.0,-0.086
82.0,85.0,0.522
82.0,86.0,-0.334
82.0,87.0,-0.264
82.0,88.0,0.557
82.0,89.0,-0.184
82.0,90.0,-0.419
82.0,91.0,0.533
82.0,92.0,-0.010
82.0,93.0,-0.536
82.0,94.0,0.455
82.0,95.0,0.169
82.0,96.0,-0.605
82.0,97.0,0.334
82.0,98.0,0.337
82.0,99.0,-0.625
82.0,100.0,0.184
83.0,0.0,0.119
83.0,1.0,-0.073
83.0,2.0,-0.065
83.0,3.0,0.098
83.0,4.0,0.005
83.0,5.0,-0.085
83.0,6.0,0.040
83.0,7.0,0.048
83.0,8.0,-0.057
83.0,9.0,-0.008
83.0,10.0,0.046
83.0,11.0,-0.017
83.0,12.0,-0.022
83.0,13.0,0.019
83.0,14.0,0.003
83.0,15.0,-0.006
83.0,16.0,-0.001
83.0,17.0,-0.008
83.0,18.0,0.015
83.0,19.0,0.007
83.0,20.0,-0.035
83.0,21.0,0.016
83.0,22.0,0.039
83.0,23.0,-0.050
83.0,24.0,-0.016
83.0,25.0,0.075
83.0,26.0,-0.032
83.0,27.0,-0.069
83.0,28.0,0.086
83.0,29.0,0.022
83.0,30.0,-0.115
83.0,31.0,0.054
83.0,32.0,0.094
83.0,33.0,-0.125
83.0,34.0,-0.019
83.0,35.0,0.153
83.0,36.0,-0.085
83.0,37.0,-0.109
83.0,38.0,0.169
83.0,39.0,0.002
83.0,40.0,-0.185
83.0,41.0,0.128
83.0,42.0,0.111
83.0,43.0,-0.215
83.0,44.0,0.033
83.0,45.0,0.208
83.0,46.0,-0.182
83.0,47.0,-0.092
83.0,48.0,0.259
83.0,49.0,-0.088
83.0,50.0,-0.212
83.0,51.0,0.245
83.0,52.0,0.047
83.0,53.0,-0.292
83.0,54.0,0.163
83.0,55.0,0.188
83.0,56.0,-0.309
83.0,57.0,0.029
83.0,58.0,0.302
83.0,59.0,-0.254
83.0,60.0,-0.128
83.0,61.0,0.360
83.0,62.0,-0.135
83.0,63.0,-0.274
83.0,64.0,0.346
83.0,65.0,0.024
83.0,66.0,-0.377
83.0,67.0,0.261
83.0,68.0,0.193
83.0,69.0,-0.418
83.0,70.0,0.120
83.0,71.0,0.340
83.0,72.0,-0.386
83.0,73.0,-0.052
83.0,74.0,0.439
83.0,75.0,-0.288
83.0,76.0,-0.228
83.0,77.0,0.475
83.0,78.0,-0.139
83.0,79.0,-0.379
83.0,80.0,0.443
83.0,81.0,0.038
83.0,82.0,-0.486
83.0,83.0,0.349
83.0,84.0,0.219
83.0,85.0,-0.534
83.0,86.0,0.206
83.0,87.0,0.380
83.0,88.0,-0.520
83.0,89.0,0.034
83.0,90.0,0.505
83.0,91.0,-0.448
83.0,92.0,-0.147
83.0,93.0,0.580
83.0,94.0,-0.329
83.0,95.0,-0.319
83.0,96.0,0.602
83.0,97.0,-0.177
83.0,98.0,-0.466
83.0,99.0,0.572
83.0,100.0,-0.007
84.0,0.0,-0.131
84.0,1.0,0.058
84.0,2.0,0.085
84.0,3.0,-0.094
84.0,4.0,-0.023
84.0,5.0,0.093
84.0,6.0,-0.029
84.0,7.0,-0.062
84.0,8.0,0.055
84.0,9.0,0.020
84.0,10.0,-0.052
84.0,11.0,0.011
84.0,12.0,0.031
84.0,13.0,-0.021
84.0,14.0,-0.008
84.0,15.0,0.011
84.0,16.0,-0.001
84.0,17.0,0.004
84.0,18.0,-0.009
84.0,19.0,-0.009
84.0,20.0,0.029
84.0,21.0,-0.006
84.0,22.0,-0.040
84.0,23.0,0.038
84.0,24.0,0.027
84.0,25.0,-0.069
84.0,26.0,0.014
84.0,27.0,0.075
84.0,28.0,-0.069
84.0,29.0,-0.041
84.0,30.0,0.110
84.0,31.0,-0.028
84.0,32.0,-0.107
84.0,33.0,0.105
84.0,34.0,0.048
84.0,35.0,-0.151
84.0,36.0,0.051
84.0,37.0,0.131
84.0,38.0,-0.147
84.0,39.0,-0.042
84.0,40.0,0.190
84.0,41.0,-0.087
84.0,42.0,-0.144
84.0,43.0,0.195
84.0,44.0,0.018
84.0,45.0,-0.222
84.0,46.0,0.138
84.0,47.0,0.140
84.0,48.0,-0.246
84.0,49.0,0.027
84.0,50.0,0.242
84.0,51.0,-0.203
84.0,52.0,-0.110
84.0,53.0,0.293
84.0,54.0,-0.097
84.0,55.0,-0.238
84.0,56.0,0.275
84.0,57.0,0.048
84.0,58.0,-0.324
84.0,59.0,0.188
84.0,60.0,0.200
84.0,61.0,-0.345
84.0,62.0,0.048
84.0,63.0,0.323
84.0,64.0,-0.292
84.0,65.0,-0.117
84.0,66.0,0.392
84.0,67.0,-0.175
84.0,68.0,-0.273
84.0,69.0,0.390
84.0,70.0,-0.014
84.0,71.0,-0.392
84.0,72.0,0.316
84.0,73.0,0.161
84.0,74.0,-0.451
84.0,75.0,0.184
84.0,76.0,0.322
84.0,77.0,-0.442
84.0,78.0,0.015
84.0,79.0,0.443
84.0,80.0,-0.365
84.0,81.0,-0.166
84.0,82.0,0.507
84.0,83.0,-0.234
84.0,84.0,-0.334
84.0,85.0,0.508
84.0,86.0,-0.066
84.0,87.0,-0.467
84.0,88.0,0.446
84.0,89.0,0.116
84.0,90.0,-0.552
84.0,91.0,0.332
84.0,92.0,0.291
84.0,93.0,-0.580
84.0,94.0,0.181
84.0,95.0,0.443
84.0,96.0,-0.553
84.0,97.0,0.009
84.0,98.0,0.557
84.0,99.0,-0.476
84.0,100.0,-0.167
85.0,0.0,0.139
85.0,1.0,-0.038
85.0,2.0,-0.103
85.0,3.0,0.087
85.0,4.0,0.043
85.0,5.0,-0.097
85.0,6.0,0.014
85.0,7.0,0.074
85.0,8.0,-0.050
85.0,9.0,-0.034
85.0,10.0,0.056
85.0,11.0,-0.003
85.0,12.0,-0.039
85.0,13.0,0.020
85.0,14.0,0.014
85.0,15.0,-0.016
85.0,16.0,-0.000
85.0,17.0,0.001
85.0,18.0,0.004
85.0,19.0,0.009
85.0,20.0,-0.022
85.0,21.0,-0.001
85.0,22.0,0.038
85.0,23.0,-0.027
85.0,24.0,-0.034
85.0,25.0,0.061
85.0,26.0,0.002
85.0,27.0,-0.077
85.0,28.0,0.052
85.0,29.0,0.057
85.0,30.0,-0.100
85.0,31.0,0.003
85.0,32.0,0.114
85.0,33.0,-0.081
85.0,34.0,-0.073
85.0,35.0,0.142
85.0,36.0,-0.017
85.0,37.0,-0.146
85.0,38.0,0.119
85.0,39.0,0.077
85.0,40.0,-0.184
85.0,41.0,0.044
85.0,42.0,0.169
85.0,43.0,-0.166
85.0,44.0,-0.066
85.0,45.0,0.225
85.0,46.0,-0.089
85.0,47.0,-0.178
85.0,48.0,0.221
85.0,49.0,0.032
85.0,50.0,-0.258
85.0,51.0,0.151
85.0,52.0,0.165
85.0,53.0,-0.278
85.0,54.0,0.027
85.0,55.0,0.273
85.0,56.0,-0.227
85.0,57.0,-0.121
85.0,58.0,0.327
85.0,59.0,-0.114
85.0,60.0,-0.258
85.0,61.0,0.310
85.0,62.0,0.039
85.0,63.0,-0.352
85.0,64.0,0.222
85.0,65.0,0.200
85.0,66.0,-0.382
85.0,67.0,0.080
85.0,68.0,0.335
85.0,69.0,-0.338
85.0,70.0,-0.090
85.0,71.0,0.419
85.0,72.0,-0.228
85.0,73.0,-0.257
85.0,74.0,0.434
85.0,75.0,-0.071
85.0,76.0,-0.393
85.0,77.0,0.380
85.0,78.0,0.107
85.0,79.0,-0.476
85.0,80.0,0.264
85.0,81.0,0.280
85.0,82.0,-0.494
85.0,83.0,0.105
85.0,84.0,0.424
85.0,85.0,-0.447
85.0,86.0,-0.076
85.0,87.0,0.520
85.0,88.0,-0.342
85.0,89.0,-0.255
85.0,90.0,0.558
85.0,91.0,-0.194
85.0,92.0,-0.412
85.0,93.0,0.537
85.0,94.0,-0.022
85.0,95.0,-0.531
85.0,96.0,0.462
85.0,97.0,0.158
85.0,98.0,-0.604
85.0,99.0,0.344
85.0,100.0,0.326
86.0,0.0,-0.142
86.0,1.0,0.015
86.0,2.0,0.118
86.0,3.0,-0.075
86.0,4.0,-0.064
86.0,5.0,0.099
86.0,6.0,0.003
86.0,7.0,-0.085
86.0,8.0,0.042
86.0,9.0,0.047
86.0,10.0,-0.057
86.0,11.0,-0.007
86.0,12.0,0.046
86.0,13.0,-0.017
86.0,14.0,-0.022
86.0,15.0,0.020
86.0,16.0,0.003
86.0,17.0,-0.006
86.0,18.0,-0.001
86.0,19.0,-0.008
86.0,20.0,0.016
86.0,21.0,0.006
86.0,22.0,-0.034
86.0,23.0,0.016
86.0,24.0,0.039
86.0,25.0,-0.050
86.0,26.0,-0.015
86.0,27.0,0.075
86.0,28.0,-0.033
86.0,29.0,-0.068
86.0,30.0,0.087
86.0,31.0,0.020
86.0,32.0,-0.114
86.0,33.0,0.056
86.0,34.0,0.092
86.0,35.0,-0.127
86.0,36.0,-0.016
86.0,37.0,0.152
86.0,38.0,-0.088
86.0,39.0,-0.107
86.0,40.0,0.170
86.0,41.0,-0.002
86.0,42.0,-0.184
86.0,43.0,0.131
86.0,44.0,0.107
86.0,45.0,-0.216
86.0,46.0,0.037
86.0,47.0,0.205
86.0,48.0,-0.185
86.0,49.0,-0.087
86.0,50.0,0.259
86.0,51.0,-0.093
86.0,52.0,-0.208
86.0,53.0,0.248
86.0,54.0,0.041
86.0,55.0,-0.291
86.0,56.0,0.168
86.0,57.0,0.184
86.0,58.0,-0.311
86.0,59.0,0.036
86.0,60.0,0.299
86.0,61.0,-0.258
86.0,62.0,-0.121
86.0,63.0,0.360
86.0,64.0,-0.142
86.0,65.0,-0.269
86.0,66.0,0.349
86.0,67.0,0.016
86.0,68.0,-0.375
86.0,69.0,0.267
86.0,70.0,0.186
86.0,71.0,-0.418
86.0,72.0,0.128
86.0,73.0,0.334
86.0,74.0,-0.390
86.0,75.0,-0.044
86.0,76.0,0.437
86.0,77.0,-0.295
86.0,78.0,-0.220
86.0,79.0,0.476
86.0,80.0,-0.148
86.0,81.0,-0.373
86.0,82.0,0.447
86.0,83.0,0.029
86.0,84.0,-0.482
86.0,85.0,0.356
86.0,86.0,0.210
86.0,87.0,-0.534
86.0,88.0,0.216
86.0,89.0,0.373
86.0,90.0,-0.524
86.0,91.0,0.045
86.0,92.0,0.499
86.0,93.0,-0.455
86.0,94.0,-0.136
86.0,95.0,0.578
86.0,96.0,-0.339
86.0,97.0,-0.309
86.0,98.0,0.603
86.0,99.0,-0.189
86.0,100.0,-0.458
87.0,0.0,0.141
87.0,1.0,0.009
87.0,2.0,-0.130
87.0,3.0,0.060
87.0,4.0,0.083
87.0,5.0,-0.096
87.0,6.0,-0.022
87.0,7.0,0.093
87.0,8.0,-0.030
87.0,9.0,-0.061
87.0,10.0,0.056
87.0,11.0,0.019
87.0,12.0,-0.052
87.0,13.0,0.012
87.0,14.0,0.030
87.0,15.0,-0.021
87.0,16.0,-0.008
87.0,17.0,0.012
87.0,18.0,-0.001
87.0,19.0,0.004
87.0,20.0,-0.009
87.0,21.0,-0.009
87.0,22.0,0.029
87.0,23.0,-0.007
87.0,24.0,-0.040
87.0,25.0,0.039
87.0,26.0,0.026
87.0,27.0,-0.069
87.0,28.0,0.016
87.0,29.0,0.074
87.0,30.0,-0.071
87.0,31.0,-0.039
87.0,32.0,0.110
87.0,33.0,-0.030
87.0,34.0,-0.105
87.0,35.0,0.107
87.0,36.0,0.045
87.0,37.0,-0.151
87.0,38.0,0.054
87.0,39.0,0.129
87.0,40.0,-0.149
87.0,41.0,-0.038
87.0,42.0,0.189
87.0,43.0,-0.090
87.0,44.0,-0.142
87.0,45.0,0.197
87.0,46.0,0.014
87.0,47.0,-0.221
87.0,48.0,0.142
87.0,49.0,0.136
87.0,50.0,-0.247
87.0,51.0,0.032
87.0,52.0,0.239
87.0,53.0,-0.206
87.0,54.0,-0.105
87.0,55.0,0.293
87.0,56.0,-0.102
87.0,57.0,-0.234
87.0,58.0,0.278
87.0,59.0,0.042
87.0,60.0,-0.323
87.0,61.0,0.194
87.0,62.0,0.194
87.0,63.0,-0.346
87.0,64.0,0.055
87.0,65.0,0.320
87.0,66.0,-0.297
87.0,67.0,-0.110
87.0,68.0,0.391
87.0,69.0,-0.182
87.0,70.0,-0.267
87.0,71.0,0.392
87.0,72.0,-0.023
87.0,73.0,-0.389
87.0,74.0,0.322
87.0,75.0,0.153
87.0,76.0,-0.451
87.0,77.0,0.193
87.0,78.0,0.315
87.0,79.0,-0.445
87.0,80.0,0.024
87.0,81.0,0.439
87.0,82.0,-0.372
87.0,83.0,-0.157
87.0,84.0,0.507
87.0,85.0,-0.243
87.0,86.0,-0.326
87.0,87.0,0.511
87.0,88.0,-0.076
87.0,89.0,-0.462
87.0,90.0,0.453
87.0,91.0,0.105
87.0,92.0,-0.549
87.0,93.0,0.342
87.0,94.0,0.282
87.0,95.0,-0.581
87.0,96.0,0.192
87.0,97.0,0.435
87.0,98.0,-0.557
87.0,99.0,0.021
87.0,100.0,0.552
88.0,0.0,-0.134
88.0,1.0,-0.036
88.0,2.0,0.139
88.0,3.0,-0.041
88.0,4.0,-0.101
88.0,5.0,0.089
88.0,6.0,0.041
88.0,7.0,-0.098
88.0,8.0,0.016
88.0,9.0,0.073
88.0,10.0,-0.051
88.0,11.0,-0.032
88.0,12.0,0.056
88.0,13.0,-0.004
88.0,14.0,-0.039
88.0,15.0,0.021
88.0,16.0,0.014
88.0,17.0,-0.016
88.0,18.0,0.000
88.0,19.0,0.001
88.0,20.0,0.004
88.0,21.0,0.009
88.0,22.0,-0.022
88.0,23.0,-0.000
88.0,24.0,0.038
88.0,25.0,-0.028
88.0,26.0,-0.033
88.0,27.0,0.061
88.0,28.0,0.000
88.0,29.0,-0.076
88.0,30.0,0.053
88.0,31.0,0.055
88.0,32.0,-0.101
88.0,33.0,0.005
88.0,34.0,0.113
88.0,35.0,-0.083
88.0,36.0,-0.070
88.0,37.0,0.142
88.0,38.0,-0.020
88.0,39.0,-0.144
88.0,40.0,0.122
88.0,41.0,0.074
88.0,42.0,-0.185
88.0,43.0,0.048
88.0,44.0,0.167
88.0,45.0,-0.169
88.0,46.0,-0.062
88.0,47.0,0.225
88.0,48.0,-0.093
88.0,49.0,-0.175
88.0,50.0,0.223
88.0,51.0,0.027
88.0,52.0,-0.256
88.0,53.0,0.155
88.0,54.0,0.160
88.0,55.0,-0.279
88.0,56.0,0.033
88.0,57.0,0.270
88.0,58.0,-0.231
88.0,59.0,-0.115
88.0,60.0,0.327
88.0,61.0,-0.120
88.0,62.0,-0.253
88.0,63.0,0.313
88.0,64.0,0.032
88.0,65.0,-0.350
88.0,66.0,0.228
88.0,67.0,0.194
88.0,68.0,-0.383
88.0,69.0,0.088
88.0,70.0,0.331
88.0,71.0,-0.343
88.0,72.0,-0.082
88.0,73.0,0.417
88.0,74.0,-0.236
88.0,75.0,-0.250
88.0,76.0,0.436
88.0,77.0,-0.080
88.0,78.0,-0.388
88.0,79.0,0.385
88.0,80.0,0.098
88.0,81.0,-0.474
88.0,82.0,0.272
88.0,83.0,0.272
88.0,84.0,-0.496
88.0,85.0,0.115
88.0,86.0,0.418
88.0,87.0,-0.452
88.0,88.0,-0.066
88.0,89.0,0.517
88.0,90.0,-0.351
88.0,91.0,-0.245
88.0,92.0,0.558
88.0,93.0,-0.205
88.0,94.0,-0.404
88.0,95.0,0.541
88.0,96.0,-0.033
88.0,97.0,-0.526
88.0,98.0,0.470
88.0,99.0,0.146
88.0,100.0,-0.602
89.0,0.0,0.122
89.0,1.0,0.063
89.0,2.0,-0.143
89.0,3.0,0.018
89.0,4.0,0.117
89.0,5.0,-0.077
89.0,6.0,-0.062
89.0,7.0,0.099
89.0,8.0,0.001
89.0,9.0,-0.084
89.0,10.0,0.043
89.0,11.0,0.046
89.0,12.0,-0.058
89.0,13.0,-0.006
89.0,14.0,0.046
89.0,15.0,-0.018
89.0,16.0,-0.022
89.0,17.0,0.020
89.0,18.0,0.003
89.0,19.0,-0.006
89.0,20.0,-0.001
89.0,21.0,-0.007
89.0,22.0,0.016
89.0,23.0,0.006
89.0,24.0,-0.034
89.0,25.0,0.017
89.0,26.0,0.038
89.0,27.0,-0.051
89.0,28.0,-0.014
89.0,29.0,0.075
89.0,30.0,-0.035
89.0,31.0,-0.066
89.0,32.0,0.088
89.0,33.0,0.018
89.0,34.0,-0.114
89.0,35.0,0.058
89.0,36.0,0.090
89.0,37.0,-0.128
89.0,38.0,-0.013
89.0,39.0,0.151
89.0,40.0,-0.090
89.0,41.0,-0.104
89.0,42.0,0.171
89.0,43.0,-0.005
89.0,44.0,-0.183
89.0,45.0,0.134
89.0,46.0,0.104
89.0,47.0,-0.217
89.0,48.0,0.041
89.0,49.0,0.203
89.0,50.0,-0.188
89.0,51.0,-0.083
89.0,52.0,0.259
89.0,53.0,-0.097
89.0,54.0,-0.205
89.0,55.0,0.251
89.0,56.0,0.036
89.0,57.0,-0.290
89.0,58.0,0.173
89.0,59.0,0.179
89.0,60.0,-0.312
89.0,61.0,0.042
89.0,62.0,0.296
89.0,63.0,-0.263
89.0,64.0,-0.115
89.0,65.0,0.360
89.0,66.0,-0.148
89.0,67.0,-0.264
89.0,68.0,0.352
89.0,69.0,0.009
89.0,70.0,-0.372
89.0,71.0,0.273
89.0,72.0,0.178
89.0,73.0,-0.419
89.0,74.0,0.136
89.0,75.0,0.329
89.0,76.0,-0.394
89.0,77.0,-0.035
89.0,78.0,0.434
89.0,79.0,-0.302
89.0,80.0,-0.212
89.0,81.0,0.477
89.0,82.0,-0.157
89.0,83.0,-0.367
89.0,84.0,0.452
89.0,85.0,0.019
89.0,86.0,-0.479
89.0,87.0,0.364
89.0,88.0,0.200
89.0,89.0,-0.534
89.0,90.0,0.225
89.0,91.0,0.365
89.0,92.0,-0.527
89.0,93.0,0.056
89.0,94.0,0.494
89.0,95.0,-0.462
89.0,96.0,-0.125
89.0,97.0,0.576
89.0,98.0,-0.349
89.0,99.0,-0.299
89.0,100.0,0.605
90.0,0.0,-0.105
90.0,1.0,-0.090
90.0,2.0,0.142
90.0,3.0,0.007
90.0,4.0,-0.130
90.0,5.0,0.062
90.0,6.0,0.082
90.0,7.0,-0.097
90.0,8.0,-0.020
90.0,9.0,0.093
90.0,10.0,-0.032
90.0,11.0,-0.060
90.0,12.0,0.057
90.0,13.0,0.018
90.0,14.0,-0.053
90.0,15.0,0.013
90.0,16.0,0.030
90.0,17.0,-0.022
90.0,18.0,-0.007
90.0,19.0,0.012
90.0,20.0,-0.001
90.0,21.0,0.004
90.0,22.0,-0.009
90.0,23.0,-0.008
90.0,24.0,0.029
90.0,25.0,-0.008
90.0,26.0,-0.039
90.0,27.0,0.040
90.0,28.0,0.025
90.0,29.0,-0.069
90.0,30.0,0.017
90.0,31.0,0.073
90.0,32.0,-0.072
90.0,33.0,-0.038
90.0,34.0,0.110
90.0,35.0,-0.032
90.0,36.0,-0.104
90.0,37.0,0.108
90.0,38.0,0.043
90.0,39.0,-0.150
90.0,40.0,0.057
90.0,41.0,0.127
90.0,42.0,-0.151
90.0,43.0,-0.035
90.0,44.0,0.188
90.0,45.0,-0.094
90.0,46.0,-0.139
90.0,47.0,0.198
90.0,48.0,0.010
90.0,49.0,-0.220
90.0,50.0,0.145
90.0,51.0,0.132
90.0,52.0,-0.248
90.0,53.0,0.037
90.0,54.0,0.237
90.0,55.0,-0.210
90.0,56.0,-0.100
90.0,57.0,0.293
90.0,58.0,-0.108
90.0,59.0,-0.230
90.0,60.0,0.281
90.0,61.0,0.036
90.0,62.0,-0.321
90.0,63.0,0.199
90.0,64.0,0.189
90.0,65.0,-0.348
90.0,66.0,0.062
90.0,67.0,0.316
90.0,68.0,-0.301
90.0,69.0,-0.102
90.0,70.0,0.390
90.0,71.0,-0.189
90.0,72.0,-0.261
90.0,73.0,0.395
90.0,74.0,-0.031
90.0,75.0,-0.385
90.0,76.0,0.328
90.0,77.0,0.145
90.0,78.0,-0.451
90.0,79.0,0.201
90.0,80.0,0.309
90.0,81.0,-0.448
90.0,82.0,0.034
90.0,83.0,0.435
90.0,84.0,-0.378
90.0,85.0,-0.148
90.0,86.0,0.506
90.0,87.0,-0.251
90.0,88.0,-0.318
90.0,89.0,0.513
90.0,90.0,-0.087
90.0,91.0,-0.456
90.0,92.0,0.459
90.0,93.0,0.095
90.0,94.0,-0.547
90.0,95.0,0.351
90.0,96.0,0.272
90.0,97.0,-0.582
90.0,98.0,0.203
90.0,99.0,0.427
90.0,100.0,-0.562
91.0,0.0,0.084
91.0,1.0,0.115
91.0,2.0,-0.136
91.0,3.0,-0.033
91.0,4.0,0.139
91.0,5.0,-0.043
91.0,6.0,-0.100
91.0,7.0,0.090
91.0,8.0,0.040
91.0,9.0,-0.098
91.0,10.0,0.018
91.0,11.0,0.073
91.0,12.0,-0.052
91.0,13.0,-0.031
91.0,14.0,0.057
91.0,15.0,-0.005
91.0,16.0,-0.039
91.0,17.0,0.022
91.0,18.0,0.014
91.0,19.0,-0.017
91.0,20.0,0.000
91.0,21.0,0.001
91.0,22.0,0.004
91.0,23.0,0.009
91.0,24.0,-0.022
91.0,25.0,0.000
91.0,26.0,0.038
91.0,27.0,-0.028
91.0,28.0,-0.033
91.0,29.0,0.061
91.0,30.0,-0.001
91.0,31.0,-0.076
91.0,32.0,0.054
91.0,33.0,0.054
91.0,34.0,-0.101
91.0,35.0,0.007
91.0,36.0,0.112
91.0,37.0,-0.085
91.0,38.0,-0.068
91.0,39.0,0.143
91.0,40.0,-0.023
91.0,41.0,-0.143
91.0,42.0,0.124
91.0,43.0,0.071
91.0,44.0,-0.185
91.0,45.0,0.052
91.0,46.0,0.165
91.0,47.0,-0.171
91.0,48.0,-0.057
91.0,49.0,0.224
91.0,50.0,-0.097
91.0,51.0,-0.172
91.0,52.0,0.225
91.0,53.0,0.022
91.0,54.0,-0.255
91.0,55.0,0.159
91.0,56.0,0.156
91.0,57.0,-0.280
91.0,58.0,0.039
91.0,59.0,0.267
91.0,60.0,-0.235
91.0,61.0,-0.109
91.0,62.0,0.327
91.0,63.0,-0.126
91.0,64.0,-0.249
91.0,65.0,0.316
91.0,66.0,0.025
91.0,67.0,-0.348
91.0,68.0,0.234
91.0,69.0,0.187
91.0,70.0,-0.384
91.0,71.0,0.095
91.0,72.0,0.326
91.0,73.0,-0.347
91.0,74.0,-0.074
91.0,75.0,0.416
91.0,76.0,-0.243
91.0,77.0,-0.243
91.0,78.0,0.438
91.0,79.0,-0.089
91.0,80.0,-0.383
91.0,81.0,0.390
91.0,82.0,0.089
91.0,83.0,-0.472
91.0,84.0,0.280
91.0,85.0,0.264
91.0,86.0,-0.498
91.0,87.0,0.124
91.0,88.0,0.412
91.0,89.0,-0.457
91.0,90.0,-0.055
91.0,91.0,0.514
91.0,92.0,-0.359
91.0,93.0,-0.235
91.0,94.0,0.559
91.0,95.0,-0.215
91.0,96.0,-0.396
91.0,97.0,0.545
91.0,98.0,-0.045
91.0,99.0,-0.520
91.0,100.0,0.477
92.0,0.0,-0.058
92.0,1.0,-0.138
92.0,2.0,0.124
92.0,3.0,0.060
92.0,4.0,-0.143
92.0,5.0,0.021
92.0,6.0,0.116
92.0,7.0,-0.079
92.0,8.0,-0.060
92.0,9.0,0.100
92.0,10.0,-0.001
92.0,11.0,-0.084
92.0,12.0,0.045
92.0,13.0,0.045
92.0,14.0,-0.059
92.0,15.0,-0.005
92.0,16.0,0.046
92.0,17.0,-0.019
92.0,18.0,-0.021
92.0,19.0,0.020
92.0,20.0,0.002
92.0,21.0,-0.006
92.0,22.0,-0.001
92.0,23.0,-0.007
92.0,24.0,0.016
92.0,25.0,0.005
92.0,26.0,-0.034
92.0,27.0,0.018
92.0,28.0,0.037
92.0,29.0,-0.051
92.0,30.0,-0.013
92.0,31.0,0.074
92.0,32.0,-0.036
92.0,33.0,-0.065
92.0,34.0,0.088
92.0,35.0,0.016
92.0,36.0,-0.114
92.0,37.0,0.060
92.0,38.0,0.088
92.0,39.0,-0.129
92.0,40.0,-0.010
92.0,41.0,0.150
92.0,42.0,-0.093
92.0,43.0,-0.101
92.0,44.0,0.172
92.0,45.0,-0.009
92.0,46.0,-0.181
92.0,47.0,0.137
92.0,48.0,0.100
92.0,49.0,-0.217
92.0,50.0,0.046
92.0,51.0,0.201
92.0,52.0,-0.191
92.0,53.0,-0.078
92.0,54.0,0.259
92.0,55.0,-0.102
92.0,56.0,-0.201
92.0,57.0,0.253
92.0,58.0,0.030
92.0,59.0,-0.289
92.0,60.0,0.178
92.0,61.0,0.174
92.0,62.0,-0.314
92.0,63.0,0.048
92.0,64.0,0.293
92.0,65.0,-0.267
92.0,66.0,-0.109
92.0,67.0,0.359
92.0,68.0,-0.155
92.0,69.0,-0.258
92.0,70.0,0.355
92.0,71.0,0.001
92.0,72.0,-0.370
92.0,73.0,0.279
92.0,74.0,0.171
92.0,75.0,-0.419
92.0,76.0,0.144
92.0,77.0,0.323
92.0,78.0,-0.398
92.0,79.0,-0.026
92.0,80.0,0.431
92.0,81.0,-0.309
92.0,82.0,-0.203
92.0,83.0,0.477
92.0,84.0,-0.166
92.0,85.0,-0.361
92.0,86.0,0.456
92.0,87.0,0.009
92.0,88.0,-0.475
92.0,89.0,0.371
92.0,90.0,0.191
92.0,91.0,-0.534
92.0,92.0,0.235
92.0,93.0,0.357
92.0,94.0,-0.531
92.0,95.0,0.067
92.0,96.0,0.489
92.0,97.0,-0.469
92.0,98.0,-0.114
92.0,99.0,0.573
92.0,100.0,-0.358
93.0,0.0,0.029
93.0,1.0,0.158
93.0,2.0,-0.108
93.0,3.0,-0.087
93.0,4.0,0.143
93.0,5.0,0.004
93.0,6.0,-0.129
93.0,7.0,0.064
93.0,8.0,0.080
93.0,9.0,-0.098
93.0,10.0,-0.018
93.0,11.0,0.093
93.0,12.0,-0.034
93.0,13.0,-0.059
93.0,14.0,0.058
93.0,15.0,0.017
93.0,16.0,-0.053
93.0,17.0,0.014
93.0,18.0,0.030
93.0,19.0,-0.022
93.0,20.0,-0.007
93.0,21.0,0.012
93.0,22.0,-0.001
93.0,23.0,0.004
93.0,24.0,-0.010
93.0,25.0,-0.008
93.0,26.0,0.029
93.0,27.0,-0.008
93.0,28.0,-0.039
93.0,29.0,0.040
93.0,30.0,0.024
93.0,31.0,-0.069
93.0,32.0,0.019
93.0,33.0,0.072
93.0,34.0,-0.073
93.0,35.0,-0.036
93.0,36.0,0.110
93.0,37.0,-0.034
93.0,38.0,-0.102
93.0,39.0,0.110
93.0,40.0,0.040
93.0,41.0,-0.150
93.0,42.0,0.059
93.0,43.0,0.125
93.0,44.0,-0.152
93.0,45.0,-0.031
93.0,46.0,0.188
93.0,47.0,-0.097
93.0,48.0,-0.136
93.0,49.0,0.200
93.0,50.0,0.005
93.0,51.0,-0.218
93.0,52.0,0.149
93.0,53.0,0.128
93.0,54.0,-0.249
93.0,55.0,0.042
93.0,56.0,0.234
93.0,57.0,-0.213
93.0,58.0,-0.094
93.0,59.0,0.293
93.0,60.0,-0.113
93.0,61.0,-0.226
93.0,62.0,0.284
93.0,63.0,0.030
93.0,64.0,-0.319
93.0,65.0,0.204
93.0,66.0,0.183
93.0,67.0,-0.349
93.0,68.0,0.069
93.0,69.0,0.312
93.0,70.0,-0.306
93.0,71.0,-0.095
93.0,72.0,0.389
93.0,73.0,-0.196
93.0,74.0,-0.255
93.0,75.0,0.397
93.0,76.0,-0.039
93.0,77.0,-0.381
93.0,78.0,0.334
93.0,79.0,0.137
93.0,80.0,-0.450
93.0,81.0,0.209
93.0,82.0,0.302
93.0,83.0,-0.451
93.0,84.0,0.043
93.0,85.0,0.431
93.0,86.0,-0.384
93.0,87.0,-0.139
93.0,88.0,0.505
93.0,89.0,-0.260
93.0,90.0,-0.310
93.0,91.0,0.516
93.0,92.0,-0.097
93.0,93.0,-0.451
93.0,94.0,0.465
93.0,95.0,0.084
93.0,96.0,-0.544
93.0,97.0,0.359
93.0,98.0,0.262
93.0,99.0,-0.583
93.0,100.0,0.214
94.0,0.0,0.003
94.0,1.0,-0.174
94.0,2.0,0.087
94.0,3.0,0.113
94.0,4.0,-0.137
94.0,5.0,-0.030
94.0,6.0,0.139
94.0,7.0,-0.046
94.0,8.0,-0.099
94.0,9.0,0.092
94.0,10.0,0.038
94.0,11.0,-0.099
94.0,12.0,0.020
94.0,13.0,0.072
94.0,14.0,-0.053
94.0,15.0,-0.030
94.0,16.0,0.057
94.0,17.0,-0.006
94.0,18.0,-0.038
94.0,19.0,0.022
94.0,20.0,0.013
94.0,21.0,-0.017
94.0,22.0,0.000
94.0,23.0,0.001
94.0,24.0,0.004
94.0,25.0,0.009
94.0,26.0,-0.022
94.0,27.0,0.001
94.0,28.0,0.037
94.0,29.0,-0.029
94.0,30.0,-0.032
94.0,31.0,0.061
94.0,32.0,-0.003
94.0,33.0,-0.075
94.0,34.0,0.056
94.0,35.0,0.052
94.0,36.0,-0.102
94.0,37.0,0.009
94.0,38.0,0.111
94.0,39.0,-0.087
94.0,40.0,-0.065
94.0,41.0,0.143
94.0,42.0,-0.026
94.0,43.0,-0.141
94.0,44.0,0.126
94.0,45.0,0.068
94.0,46.0,-0.185
94.0,47.0,0.055
94.0,48.0,0.162
94.0,49.0,-0.173
94.0,50.0,-0.053
94.0,51.0,0.224
94.0,52.0,-0.101
94.0,53.0,-0.168
94.0,54.0,0.227
94.0,55.0,0.017
94.0,56.0,-0.254
94.0,57.0,0.163
94.0,58.0,0.151
94.0,59.0,-0.282
94.0,60.0,0.044
94.0,61.0,0.265
94.0,62.0,-0.239
94.0,63.0,-0.103
94.0,64.0,0.327
94.0,65.0,-0.132
94.0,66.0,-0.244
94.0,67.0,0.319
94.0,68.0,0.019
94.0,69.0,-0.346
94.0,70.0,0.239
94.0,71.0,0.181
94.0,72.0,-0.385
94.0,73.0,0.103
94.0,74.0,0.322
94.0,75.0,-0.351
94.0,76.0,-0.066
94.0,77.0,0.414
94.0,78.0,-0.249
94.0,79.0,-0.236
94.0,80.0,0.440
94.0,81.0,-0.097
94.0,82.0,-0.378
94.0,83.0,0.395
94.0,84.0,0.080
94.0,85.0,-0.470
94.0,86.0,0.288
94.0,87.0,0.256
94.0,88.0,-0.499
94.0,89.0,0.134
94.0,90.0,0.406
94.0,91.0,-0.463
94.0,92.0,-0.045
94.0,93.0,0.511
94.0,94.0,-0.367
94.0,95.0,-0.226
94.0,96.0,0.559
94.0,97.0,-0.226
94.0,98.0,-0.388
94.0,99.0,0.549
94.0,100.0,-0.056
95.0,0.0,-0.037
95.0,1.0,0.184
95.0,2.0,-0.061
95.0,3.0,-0.136
95.0,4.0,0.127
95.0,5.0,0.058
95.0,6.0,-0.144
95.0,7.0,0.024
95.0,8.0,0.115
95.0,9.0,-0.081
95.0,10.0,-0.058
95.0,11.0,0.101
95.0,12.0,-0.003
95.0,13.0,-0.083
95.0,14.0,0.046
95.0,15.0,0.044
95.0,16.0,-0.059
95.0,17.0,-0.004
95.0,18.0,0.046
95.0,19.0,-0.020
95.0,20.0,-0.021
95.0,21.0,0.021
95.0,22.0,0.002
95.0,23.0,-0.007
95.0,24.0,-0.001
95.0,25.0,-0.007
95.0,26.0,0.016
95.0,27.0,0.005
95.0,28.0,-0.034
95.0,29.0,0.018
95.0,30.0,0.036
95.0,31.0,-0.052
95.0,32.0,-0.011
95.0,33.0,0.074
95.0,34.0,-0.038
95.0,35.0,-0.064
95.0,36.0,0.089
95.0,37.0,0.014
95.0,38.0,-0.113
95.0,39.0,0.062
95.0,40.0,0.086
95.0,41.0,-0.130
95.0,42.0,-0.007
95.0,43.0,0.149
95.0,44.0,-0.095
95.0,45.0,-0.099
95.0,46.0,0.173
95.0,47.0,-0.013
95.0,48.0,-0.180
95.0,49.0,0.139
95.0,50.0,0.096
95.0,51.0,-0.218
95.0,52.0,0.050
95.0,53.0,0.198
95.0,54.0,-0.194
95.0,55.0,-0.074
95.0,56.0,0.259
95.0,57.0,-0.107
95.0,58.0,-0.198
95.0,59.0,0.255
95.0,60.0,0.024
95.0,61.0,-0.287
95.0,62.0,0.183
95.0,63.0,0.169
95.0,64.0,-0.315
95.0,65.0,0.055
95.0,66.0,0.290
95.0,67.0,-0.271
95.0,68.0,-0.102
95.0,69.0,0.359
95.0,70.0,-0.161
95.0,71.0,-0.253
95.0,72.0,0.358
95.0,73.0,-0.006
95.0,74.0,-0.367
95.0,75.0,0.284
95.0,76.0,0.164
95.0,77.0,-0.420
95.0,78.0,0.152
95.0,79.0,0.318
95.0,80.0,-0.402
95.0,81.0,-0.017
95.0,82.0,0.428
95.0,83.0,-0.315
95.0,84.0,-0.195
95.0,85.0,0.478
95.0,86.0,-0.175
95.0,87.0,-0.354
95.0,88.0,0.460
95.0,89.0,-0.001
95.0,90.0,-0.472
95.0,91.0,0.378
95.0,92.0,0.181
95.0,93.0,-0.533
95.0,94.0,0.245
95.0,95.0,0.349
95.0,96.0,-0.534
95.0,97.0,0.078
95.0,98.0,0.483
95.0,99.0,-0.475
95.0,100.0,-0.103
96.0,0.0,0.071
96.0,1.0,-0.189
96.0,2.0,0.032
96.0,3.0,0.157
96.0,4.0,-0.111
96.0,5.0,-0.085
96.0,6.0,0.144
96.0,7.0,0.001
96.0,8.0,-0.129
96.0,9.0,0.067
96.0,10.0,0.078
96.0,11.0,-0.099
96.0,12.0,-0.016
96.0,13.0,0.093
96.0,14.0,-0.035
96.0,15.0,-0.058
96.0,16.0,0.059
96.0,17.0,0.016
96.0,18.0,-0.053
96.0,19.0,0.014
96.0,20.0,0.030
96.0,21.0,-0.023
96.0,22.0,-0.007
96.0,23.0,0.012
96.0,24.0,-0.001
96.0,25.0,0.004
96.0,26.0,-0.010
96.0,27.0,-0.008
96.0,28.0,0.029
96.0,29.0,-0.009
96.0,30.0,-0.038
96.0,31.0,0.041
96.0,32.0,0.022
96.0,33.0,-0.069
96.0,34.0,0.020
96.0,35.0,0.071
96.0,36.0,-0.074
96.0,37.0,-0.034
96.0,38.0,0.110
96.0,39.0,-0.037
96.0,40.0,-0.101
96.0,41.0,0.111
96.0,42.0,0.037
96.0,43.0,-0.150
96.0,44.0,0.062
96.0,45.0,0.123
96.0,46.0,-0.154
96.0,47.0,-0.028
96.0,48.0,0.187
96.0,49.0,-0.100
96.0,50.0,-0.132
96.0,51.0,0.201
96.0,52.0,0.001
96.0,53.0,-0.217
96.0,54.0,0.152
96.0,55.0,0.124
96.0,56.0,-0.250
96.0,57.0,0.047
96.0,58.0,0.232
96.0,59.0,-0.217
96.0,60.0,-0.089
96.0,61.0,0.293
96.0,62.0,-0.118
96.0,63.0,-0.222
96.0,64.0,0.287
96.0,65.0,0.023
96.0,66.0,-0.318
96.0,67.0,0.209
96.0,68.0,0.177
96.0,69.0,-0.350
96.0,70.0,0.076
96.0,71.0,0.308
96.0,72.0,-0.310
96.0,73.0,-0.088
96.0,74.0,0.388
96.0,75.0,-0.202
96.0,76.0,-0.249
96.0,77.0,0.400
96.0,78.0,-0.047
96.0,79.0,-0.377
96.0,80.0,0.339
96.0,81.0,0.128
96.0,82.0,-0.450
96.0,83.0,0.217
96.0,84.0,0.295
96.0,85.0,-0.454
96.0,86.0,0.052
96.0,87.0,0.426
96.0,88.0,-0.390
96.0,89.0,-0.129
96.0,90.0,0.504
96.0,91.0,-0.269
96.0,92.0,-0.302
96.0,93.0,0.518
96.0,94.0,-0.108
96.0,95.0,-0.445
96.0,96.0,0.470
96.0,97.0,0.073
96.0,98.0,-0.541
96.0,99.0,0.368
96.0,100.0,0.252
97.0,0.0,-0.105
97.0,1.0,0.189
97.0,2.0,-0.001
97.0,3.0,-0.173
97.0,4.0,0.090
97.0,5.0,0.111
97.0,6.0,-0.139
97.0,7.0,-0.027
97.0,8.0,0.139
97.0,9.0,-0.048
97.0,10.0,-0.097
97.0,11.0,0.093
97.0,12.0,0.036
97.0,13.0,-0.099
97.0,14.0,0.021
97.0,15.0,0.071
97.0,16.0,-0.055
97.0,17.0,-0.029
97.0,18.0,0.058
97.0,19.0,-0.007
97.0,20.0,-0.038
97.0,21.0,0.023
97.0,22.0,0.013
97.0,23.0,-0.017
97.0,24.0,0.001
97.0,25.0,0.001
97.0,26.0,0.004
97.0,27.0,0.008
97.0,28.0,-0.022
97.0,29.0,0.001
97.0,30.0,0.037
97.0,31.0,-0.030
97.0,32.0,-0.031
97.0,33.0,0.062
97.0,34.0,-0.004
97.0,35.0,-0.075
97.0,36.0,0.057
97.0,37.0,0.050
97.0,38.0,-0.102
97.0,39.0,0.012
97.0,40.0,0.110
97.0,41.0,-0.089
97.0,42.0,-0.063
97.0,43.0,0.143
97.0,44.0,-0.028
97.0,45.0,-0.140
97.0,46.0,0.128
97.0,47.0,0.065
97.0,48.0,-0.185
97.0,49.0,0.059
97.0,50.0,0.160
97.0,51.0,-0.175
97.0,52.0,-0.049
97.0,53.0,0.223
97.0,54.0,-0.105
97.0,55.0,-0.165
97.0,56.0,0.229
97.0,57.0,0.012
97.0,58.0,-0.252
97.0,59.0,0.168
97.0,60.0,0.147
97.0,61.0,-0.283
97.0,62.0,0.050
97.0,63.0,0.262
97.0,64.0,-0.243
97.0,65.0,-0.097
97.0,66.0,0.326
97.0,67.0,-0.138
97.0,68.0,-0.240
97.0,69.0,0.321
97.0,70.0,0.012
97.0,71.0,-0.344
97.0,72.0,0.245
97.0,73.0,0.174
97.0,74.0,-0.386
97.0,75.0,0.110
97.0,76.0,0.317
97.0,77.0,-0.355
97.0,78.0,-0.058
97.0,79.0,0.412
97.0,80.0,-0.256
97.0,81.0,-0.229
97.0,82.0,0.441
97.0,83.0,-0.106
97.0,84.0,-0.373
97.0,85.0,0.400
97.0,86.0,0.071
97.0,87.0,-0.468
97.0,88.0,0.296
97.0,89.0,0.248
97.0,90.0,-0.501
97.0,91.0,0.144
97.0,92.0,0.400
97.0,93.0,-0.467
97.0,94.0,-0.035
97.0,95.0,0.507
97.0,96.0,-0.375
97.0,97.0,-0.216
97.0,98.0,0.559
97.0,99.0,-0.236
97.0,100.0,-0.379
98.0,0.0,0.137
98.0,1.0,-0.182
98.0,2.0,-0.033
98.0,3.0,0.184
98.0,4.0,-0.065
98.0,5.0,-0.135
98.0,6.0,0.129
98.0,7.0,0.055
98.0,8.0,-0.144
98.0,9.0,0.026
98.0,10.0,0.114
98.0,11.0,-0.083
98.0,12.0,-0.056
98.0,13.0,0.102
98.0,14.0,-0.005
98.0,15.0,-0.083
98.0,16.0,0.047
98.0,17.0,0.043
98.0,18.0,-0.060
98.0,19.0,-0.003
98.0,20.0,0.046
98.0,21.0,-0.020
98.0,22.0,-0.021
98.0,23.0,0.021
98.0,24.0,0.002
98.0,25.0,-0.007
98.0,26.0,-0.001
98.0,27.0,-0.007
98.0,28.0,0.016
98.0,29.0,0.004
98.0,30.0,-0.034
98.0,31.0,0.019
98.0,32.0,0.036
98.0,33.0,-0.052
98.0,34.0,-0.010
98.0,35.0,0.074
98.0,36.0,-0.039
98.0,37.0,-0.063
98.0,38.0,0.090
98.0,39.0,0.012
98.0,40.0,-0.113
98.0,41.0,0.064
98.0,42.0,0.084
98.0,43.0,-0.131
98.0,44.0,-0.004
98.0,45.0,0.148
98.0,46.0,-0.098
98.0,47.0,-0.096
98.0,48.0,0.174
98.0,49.0,-0.016
98.0,50.0,-0.178
98.0,51.0,0.142
98.0,52.0,0.093
98.0,53.0,-0.218
98.0,54.0,0.054
98.0,55.0,0.196
98.0,56.0,-0.197
98.0,57.0,-0.069
98.0,58.0,0.259
98.0,59.0,-0.112
98.0,60.0,-0.194
98.0,61.0,0.258
98.0,62.0,0.019
98.0,63.0,-0.285
98.0,64.0,0.188
98.0,65.0,0.163
98.0,66.0,-0.316
98.0,67.0,0.061
98.0,68.0,0.287
98.0,69.0,-0.275
98.0,70.0,-0.096
98.0,71.0,0.358
98.0,72.0,-0.167
98.0,73.0,-0.248
98.0,74.0,0.360
98.0,75.0,-0.014
98.0,76.0,-0.364
98.0,77.0,0.290
98.0,78.0,0.157
98.0,79.0,-0.420
98.0,80.0,0.160
98.0,81.0,0.312
98.0,82.0,-0.405
98.0,83.0,-0.009
98.0,84.0,0.425
98.0,85.0,-0.322
98.0,86.0,-0.187
98.0,87.0,0.478
98.0,88.0,-0.183
98.0,89.0,-0.347
98.0,90.0,0.464
98.0,91.0,-0.011
98.0,92.0,-0.468
98.0,93.0,0.385
98.0,94.0,0.171
98.0,95.0,-0.533
98.0,96.0,0.254
98.0,97.0,0.340
98.0,98.0,-0.537
98.0,99.0,0.089
98.0,100.0,0.477
99.0,0.0,-0.166
99.0,1.0,0.169
99.0,2.0,0.067
99.0,3.0,-0.190
99.0,4.0,0.036
99.0,5.0,0.155
99.0,6.0,-0.113
99.0,7.0,-0.082
99.0,8.0,0.145
99.0,9.0,-0.002
99.0,10.0,-0.128
99.0,11.0,0.069
99.0,12.0,0.077
99.0,13.0,-0.100
99.0,14.0,-0.014
99.0,15.0,0.093
99.0,16.0,-0.037
99.0,17.0,-0.057
99.0,18.0,0.059
99.0,19.0,0.015
99.0,20.0,-0.053
99.0,21.0,0.015
99.0,22.0,0.029
99.0,23.0,-0.023
99.0,24.0,-0.006
99.0,25.0,0.012
99.0,26.0,-0.001
99.0,27.0,0.003
99.0,28.0,-0.010
99.0,29.0,-0.007
99.0,30.0,0.029
99.0,31.0,-0.010
99.0,32.0,-0.037
99.0,33.0,0.041
99.0,34.0,0.021
99.0,35.0,-0.069
99.0,36.0,0.022
99.0,37.0,0.070
99.0,38.0,-0.075
99.0,39.0,-0.032
99.0,40.0,0.110
99.0,41.0,-0.039
99.0,42.0,-0.099
99.0,43.0,0.112
99.0,44.0,0.034
99.0,45.0,-0.150
99.0,46.0,0.065
99.0,47.0,0.121
99.0,48.0,-0.155
99.0,49.0,-0.024
99.0,50.0,0.186
99.0,51.0,-0.104
99.0,52.0,-0.129
99.0,53.0,0.203
99.0,54.0,-0.003
99.0,55.0,-0.215
99.0,56.0,0.156
99.0,57.0,0.119
99.0,58.0,-0.251
99.0,59.0,0.052
99.0,60.0,0.229
99.0,61.0,-0.220
99.0,62.0,-0.084
99.0,63.0,0.293
99.0,64.0,-0.124
99.0,65.0,-0.218
99.0,66.0,0.289
99.0,67.0,0.017
99.0,68.0,-0.316
99.0,69.0,0.215
99.0,70.0,0.171
99.0,71.0,-0.351
99.0,72.0,0.082
99.0,73.0,0.304
99.0,74.0,-0.314
99.0,75.0,-0.081
99.0,76.0,0.387
99.0,77.0,-0.209
99.0,78.0,-0.243
99.0,79.0,0.402
99.0,80.0,-0.055
99.0,81.0,-0.373
99.0,82.0,0.344
99.0,83.0,0.120
99.0,84.0,-0.449
99.0,85.0,0.224
99.0,86.0,0.288
99.0,87.0,-0.456
99.0,88.0,0.061
99.0,89.0,0.421
99.0,90.0,-0.396
99.0,91.0,-0.120
99.0,92.0,0.502
99.0,93.0,-0.277
99.0,94.0,-0.294
99.0,95.0,0.520
99.0,96.0,-0.118
99.0,97.0,-0.438
99.0,98.0,0.476
99.0,99.0,0.062
99.0,100.0,-0.538
100.0,0.0,0.191
100.0,1.0,-0.150
100.0,2.0,-0.101
100.0,3.0,0.190
100.0,4.0,-0.004
100.0,5.0,-0.172
100.0,6.0,0.093
100.0,7.0,0.108
100.0,8.0,-0.141
100.0,9.0,-0.024
100.0,10.0,0.139
100.0,11.0,-0.051
100.0,12.0,-0.096
100.0,13.0,0.095
100.0,14.0,0.034
100.0,15.0,-0.099
100.0,16.0,0.023
100.0,17.0,0.071
100.0,18.0,-0.056
100.0,19.0,-0.028
100.0,20.0,0.058
100.0,21.0,-0.008
100.0,22.0,-0.038
100.0,23.0,0.023
100.0,24.0,0.013
100.0,25.0,-0.017
100.0,26.0,0.001
100.0,27.0,0.001
100.0,28.0,0.004
100.0,29.0,0.008
100.0,30.0,-0.022
100.0,31.0,0.002
100.0,32.0,0.037
100.0,33.0,-0.030
100.0,34.0,-0.030
100.0,35.0,0.062
100.0,36.0,-0.005
100.0,37.0,-0.074
100.0,38.0,0.058
100.0,39.0,0.049
100.0,40.0,-0.102
100.0,41.0,0.014
100.0,42.0,0.109
100.0,43.0,-0.091
100.0,44.0,-0.061
100.0,45.0,0.144
100.0,46.0,-0.031
100.0,47.0,-0.138
100.0,48.0,0.130
100.0,49.0,0.061
100.0,50.0,-0.185
100.0,51.0,0.062
100.0,52.0,0.158
100.0,53.0,-0.178
100.0,54.0,-0.045
100.0,55.0,0.223
100.0,56.0,-0.109
100.0,57.0,-0.161
100.0,58.0,0.231
100.0,59.0,0.007
100.0,60.0,-0.251
100.0,61.0,0.172
100.0,62.0,0.142
100.0,63.0,-0.284
100.0,64.0,0.056
100.0,65.0,0.259
100.0,66.0,-0.247
100.0,67.0,-0.092
100.0,68.0,0.326
100.0,69.0,-0.144
100.0,70.0,-0.235
100.0,71.0,0.324
100.0,72.0,0.005
100.0,73.0,-0.342
100.0,74.0,0.250
100.0,75.0,0.168
100.0,76.0,-0.386
100.0,77.0,0.117
100.0,78.0,0.312
100.0,79.0,-0.359
100.0,80.0,-0.050
100.0,81.0,0.410
100.0,82.0,-0.263
100.0,83.0,-0.221
100.0,84.0,0.443
100.0,85.0,-0.115
100.0,86.0,-0.368
100.0,87.0,0.405
100.0,88.0,0.062
100.0,89.0,-0.466
100.0,90.0,0.303
100.0,91.0,0.239
100.0,92.0,-0.502
100.0,93.0,0.153
100.0,94.0,0.393
100.0,95.0,-0.472
100.0,96.0,-0.024
100.0,97.0,0.504
100.0,98.0,-0.382
100.0,99.0,-0.206
100.0,100.0,0.559
