0,0,70.8
0,1,70.7
0,2,70.7
0,3,70.6
0,4,70.6
0,5,70.5
0,6,70.5
0,7,70.4
0,8,70.4
0,9,70.3
0,10,70.3
0,11,70.2
0,12,70.2
0,13,70.1
0,14,70.1
0,15,70.0
0,16,70.0
0,17,69.9
0,18,69.9
0,19,69.9
0,20,69.8
0,21,69.8
0,22,69.7
0,23,69.7
0,24,69.7
0,25,69.6
0,26,69.6
0,27,69.6
0,28,69.5
0,29,69.5
0,30,69.5
0,31,69.4
0,32,69.4
0,33,69.4
0,34,69.4
0,35,69.3
0,36,69.3
0,37,69.3
0,38,69.3
0,39,69.3
0,40,69.2
0,41,69.2
0,42,69.2
0,43,69.2
0,44,69.2
0,45,69.2
0,46,69.2
0,47,69.2
0,48,69.2
0,49,79.2
0,50,84.2
0,51,84.2
0,52,69.2
0,53,69.2
0,54,69.2
0,55,69.2
0,56,69.2
0,57,69.2
0,58,69.2
0,59,69.2
0,60,69.2
0,61,69.3
0,62,69.3
0,63,69.3
0,64,69.3
0,65,69.3
0,66,69.4
0,67,69.4
0,68,69.4
0,69,69.4
0,70,69.5
0,71,69.5
0,72,69.5
0,73,69.6
0,74,69.6
0,75,69.6
0,76,69.7
0,77,69.7
0,78,69.7
0,79,69.8
0,80,69.8
0,81,69.9
0,82,69.9
0,83,69.9
0,84,70.0
0,85,70.0
0,86,70.1
0,87,70.1
0,88,70.2
0,89,70.2
0,90,70.3
0,91,70.3
0,92,70.4
0,93,70.4
0,94,70.5
0,95,70.5
0,96,70.6
0,97,75.6
0,98,75.7
0,99,75.7
1,0,70.7
1,1,70.6
1,2,70.6
1,3,70.5
1,4,70.5
1,5,70.4
1,6,70.4
1,7,70.3
1,8,70.3
1,9,70.2
1,10,70.2
1,11,70.1
1,12,70.1
1,13,70.0
1,14,70.0
1,15,69.9
1,16,69.9
1,17,69.8
1,18,69.8
1,19,69.8
1,20,69.7
1,21,69.7
1,22,69.6
1,23,69.6
1,24,69.6
1,25,69.5
1,26,69.5
1,27,69.5
1,28,69.4
1,29,69.4
1,30,69.4
1,31,69.3
1,32,69.3
1,33,69.3
1,34,69.3
1,35,69.2
1,36,69.2
1,37,69.2
1,38,69.2
1,39,69.1
1,40,69.1
1,41,69.1
1,42,69.1
1,43,69.1
1,44,69.1
1,45,69.1
1,46,69.1
1,47,69.1
1,48,69.1
1,49,79.1
1,50,84.1
1,51,84.1
1,52,69.1
1,53,69.1
1,54,69.1
1,55,69.1
1,56,69.1
1,57,69.1
1,58,69.1
1,59,69.1
1,60,69.1
1,61,69.1
1,62,69.2
1,63,69.2
1,64,69.2
1,65,69.2
1,66,69.3
1,67,69.3
1,68,69.3
1,69,69.3
1,70,69.4
1,71,69.4
1,72,69.4
1,73,69.5
1,74,69.5
1,75,69.5
1,76,69.6
1,77,69.6
1,78,69.6
1,79,69.7
1,80,69.7
1,81,69.8
1,82,69.8
1,83,69.8
1,84,69.9
1,85,69.9
1,86,70.0
1,87,70.0
1,88,70.1
1,89,70.1
1,90,70.2
1,91,70.2
1,92,70.3
1,93,70.3
1,94,70.4
1,95,70.4
1,96,75.5
1,97,75.5
1,98,75.6
1,99,75.6
2,0,70.6
2,1,70.6
2,2,70.5
2,3,70.4
2,4,70.4
2,5,70.3
2,6,70.3
2,7,70.2
2,8,70.2
2,9,70.1
2,10,70.1
2,11,70.0
2,12,70.0
2,13,69.9
2,14,69.9
2,15,69.8
2,16,69.8
2,17,69.7
2,18,69.7
2,19,69.7
2,20,69.6
2,21,69.6
2,22,69.5
2,23,69.5
2,24,69.5
2,25,69.4
2,26,69.4
2,27,69.3
2,28,69.3
2,29,69.3
2,30,69.3
2,31,69.2
2,32,69.2
2,33,69.2
2,34,69.1
2,35,69.1
2,36,69.1
2,37,69.1
2,38,69.1
2,39,69.0
2,40,69.0
2,41,69.0
2,42,69.0
2,43,69.0
2,44,69.0
2,45,69.0
2,46,68.9
2,47,68.9
2,48,68.9
2,49,78.9
2,50,83.9
2,51,83.9
2,52,68.9
2,53,68.9
2,54,68.9
2,55,69.0
2,56,69.0
2,57,69.0
2,58,69.0
2,59,69.0
2,60,69.0
2,61,69.0
2,62,69.1
2,63,69.1
2,64,69.1
2,65,69.1
2,66,69.1
2,67,69.2
2,68,69.2
2,69,69.2
2,70,69.3
2,71,69.3
2,72,69.3
2,73,69.3
2,74,69.4
2,75,69.4
2,76,69.5
2,77,69.5
2,78,69.5
2,79,69.6
2,80,69.6
2,81,69.7
2,82,69.7
2,83,69.7
2,84,69.8
2,85,69.8
2,86,69.9
2,87,69.9
2,88,70.0
2,89,70.0
2,90,70.1
2,91,70.1
2,92,70.2
2,93,70.2
2,94,70.3
2,95,70.3
2,96,75.4
2,97,75.4
2,98,75.5
2,99,75.6
3,0,70.5
3,1,70.5
3,2,70.4
3,3,70.4
3,4,70.3
3,5,70.2
3,6,70.2
3,7,70.1
3,8,70.1
3,9,70.0
3,10,70.0
3,11,69.9
3,12,69.9
3,13,69.8
3,14,69.8
3,15,69.7
3,16,69.7
3,17,69.6
3,18,69.6
3,19,69.6
3,20,69.5
3,21,69.5
3,22,69.4
3,23,69.4
3,24,69.3
3,25,69.3
3,26,69.3
3,27,69.2
3,28,69.2
3,29,69.2
3,30,69.1
3,31,69.1
3,32,69.1
3,33,69.1
3,34,69.0
3,35,69.0
3,36,69.0
3,37,69.0
3,38,68.9
3,39,68.9
3,40,68.9
3,41,68.9
3,42,68.9
3,43,68.9
3,44,68.8
3,45,68.8
3,46,68.8
3,47,68.8
3,48,68.8
3,49,78.8
3,50,83.8
3,51,83.8
3,52,68.8
3,53,68.8
3,54,68.8
3,55,68.8
3,56,68.8
3,57,68.9
3,58,68.9
3,59,68.9
3,60,68.9
3,61,68.9
3,62,68.9
3,63,69.0
3,64,69.0
3,65,69.0
3,66,69.0
3,67,69.1
3,68,69.1
3,69,69.1
3,70,69.1
3,71,69.2
3,72,69.2
3,73,69.2
3,74,69.3
3,75,69.3
3,76,69.3
3,77,69.4
3,78,69.4
3,79,69.5
3,80,69.5
3,81,69.6
3,82,69.6
3,83,69.6
3,84,69.7
3,85,69.7
3,86,69.8
3,87,69.8
3,88,69.9
3,89,69.9
3,90,70.0
3,91,70.0
3,92,70.1
3,93,70.1
3,94,70.2
3,95,75.2
3,96,75.3
3,97,75.4
3,98,75.4
3,99,75.5
4,0,70.4
4,1,70.4
4,2,70.3
4,3,70.3
4,4,70.2
4,5,70.2
4,6,70.1
4,7,70.1
4,8,70.0
4,9,69.9
4,10,69.9
4,11,69.8
4,12,69.8
4,13,69.7
4,14,69.7
4,15,69.6
4,16,69.6
4,17,69.5
4,18,69.5
4,19,69.5
4,20,69.4
4,21,69.4
4,22,69.3
4,23,69.3
4,24,69.2
4,25,69.2
4,26,69.2
4,27,69.1
4,28,69.1
4,29,69.1
4,30,69.0
4,31,69.0
4,32,69.0
4,33,68.9
4,34,68.9
4,35,68.9
4,36,68.9
4,37,68.8
4,38,68.8
4,39,68.8
4,40,68.8
4,41,68.8
4,42,68.8
4,43,68.7
4,44,68.7
4,45,68.7
4,46,68.7
4,47,68.7
4,48,68.7
4,49,78.7
4,50,83.7
4,51,83.7
4,52,68.7
4,53,68.7
4,54,68.7
4,55,68.7
4,56,68.7
4,57,68.7
4,58,68.8
4,59,68.8
4,60,68.8
4,61,68.8
4,62,68.8
4,63,68.8
4,64,68.9
4,65,68.9
4,66,68.9
4,67,68.9
4,68,69.0
4,69,69.0
4,70,69.0
4,71,69.1
4,72,69.1
4,73,69.1
4,74,69.2
4,75,69.2
4,76,69.2
4,77,69.3
4,78,69.3
4,79,69.4
4,80,69.4
4,81,69.5
4,82,69.5
4,83,69.5
4,84,69.6
4,85,69.6
4,86,69.7
4,87,69.7
4,88,69.8
4,89,69.8
4,90,69.9
4,91,69.9
4,92,70.0
4,93,70.1
4,94,75.1
4,95,75.2
4,96,75.2
4,97,75.3
4,98,75.3
4,99,75.4
5,0,70.4
5,1,70.3
5,2,70.2
5,3,70.2
5,4,70.1
5,5,70.1
5,6,70.0
5,7,70.0
5,8,69.9
5,9,69.9
5,10,69.8
5,11,69.7
5,12,69.7
5,13,69.6
5,14,69.6
5,15,69.5
5,16,69.5
5,17,69.4
5,18,69.4
5,19,69.3
5,20,69.3
5,21,69.3
5,22,69.2
5,23,69.2
5,24,69.1
5,25,69.1
5,26,69.1
5,27,69.0
5,28,69.0
5,29,68.9
5,30,68.9
5,31,68.9
5,32,68.9
5,33,68.8
5,34,68.8
5,35,68.8
5,36,68.7
5,37,68.7
5,38,68.7
5,39,68.7
5,40,68.7
5,41,68.6
5,42,68.6
5,43,68.6
5,44,68.6
5,45,68.6
5,46,68.6
5,47,68.6
5,48,68.6
5,49,78.6
5,50,83.6
5,51,83.6
5,52,68.6
5,53,68.6
5,54,68.6
5,55,68.6
5,56,68.6
5,57,68.6
5,58,68.6
5,59,68.6
5,60,68.7
5,61,68.7
5,62,68.7
5,63,68.7
5,64,68.7
5,65,68.8
5,66,68.8
5,67,68.8
5,68,68.9
5,69,68.9
5,70,68.9
5,71,68.9
5,72,69.0
5,73,69.0
5,74,69.1
5,75,69.1
5,76,69.1
5,77,69.2
5,78,69.2
5,79,69.3
5,80,69.3
5,81,69.3
5,82,69.4
5,83,69.4
5,84,69.5
5,85,69.5
5,86,69.6
5,87,69.6
5,88,69.7
5,89,69.7
5,90,69.8
5,91,69.9
5,92,69.9
5,93,70.0
5,94,75.0
5,95,75.1
5,96,75.1
5,97,75.2
5,98,75.2
5,99,75.3
6,0,70.3
6,1,70.2
6,2,70.2
6,3,70.1
6,4,70.0
6,5,70.0
6,6,69.9
6,7,69.9
6,8,69.8
6,9,69.8
6,10,69.7
6,11,69.7
6,12,69.6
6,13,69.5
6,14,69.5
6,15,69.4
6,16,69.4
6,17,69.3
6,18,69.3
6,19,69.2
6,20,69.2
6,21,69.2
6,22,69.1
6,23,69.1
6,24,69.0
6,25,69.0
6,26,68.9
6,27,68.9
6,28,68.9
6,29,68.8
6,30,68.8
6,31,68.8
6,32,68.7
6,33,68.7
6,34,68.7
6,35,68.6
6,36,68.6
6,37,68.6
6,38,68.6
6,39,68.6
6,40,68.5
6,41,68.5
6,42,68.5
6,43,68.5
6,44,68.5
6,45,68.5
6,46,68.5
6,47,68.5
6,48,68.5
6,49,78.4
6,50,83.4
6,51,83.4
6,52,68.5
6,53,68.5
6,54,68.5
6,55,68.5
6,56,68.5
6,57,68.5
6,58,68.5
6,59,68.5
6,60,68.5
6,61,68.6
6,62,68.6
6,63,68.6
6,64,68.6
6,65,68.6
6,66,68.7
6,67,68.7
6,68,68.7
6,69,68.8
6,70,68.8
6,71,68.8
6,72,68.9
6,73,68.9
6,74,68.9
6,75,69.0
6,76,69.0
6,77,69.1
6,78,69.1
6,79,69.2
6,80,69.2
6,81,69.2
6,82,69.3
6,83,69.3
6,84,69.4
6,85,69.4
6,86,69.5
6,87,69.5
6,88,69.6
6,89,69.7
6,90,69.7
6,91,69.8
6,92,69.8
6,93,74.9
6,94,74.9
6,95,75.0
6,96,75.0
6,97,75.1
6,98,75.2
6,99,75.2
7,0,70.2
7,1,70.1
7,2,70.1
7,3,70.0
7,4,70.0
7,5,69.9
7,6,69.8
7,7,69.8
7,8,69.7
7,9,69.7
7,10,69.6
7,11,69.6
7,12,69.5
7,13,69.4
7,14,69.4
7,15,69.3
7,16,69.3
7,17,69.2
7,18,69.2
7,19,69.1
7,20,69.1
7,21,69.0
7,22,69.0
7,23,69.0
7,24,68.9
7,25,68.9
7,26,68.8
7,27,68.8
7,28,68.8
7,29,68.7
7,30,68.7
7,31,68.6
7,32,68.6
7,33,68.6
7,34,68.6
7,35,68.5
7,36,68.5
7,37,68.5
7,38,68.5
7,39,68.4
7,40,68.4
7,41,68.4
7,42,68.4
7,43,68.4
7,44,68.4
7,45,68.3
7,46,68.3
7,47,68.3
7,48,68.3
7,49,78.3
7,50,83.3
7,51,83.3
7,52,68.3
7,53,68.3
7,54,68.3
7,55,68.3
7,56,68.4
7,57,68.4
7,58,68.4
7,59,68.4
7,60,68.4
7,61,68.4
7,62,68.5
7,63,68.5
7,64,68.5
7,65,68.5
7,66,68.6
7,67,68.6
7,68,68.6
7,69,68.6
7,70,68.7
7,71,68.7
7,72,68.8
7,73,68.8
7,74,68.8
7,75,68.9
7,76,68.9
7,77,69.0
7,78,69.0
7,79,69.0
7,80,69.1
7,81,69.1
7,82,69.2
7,83,69.2
7,84,69.3
7,85,69.3
7,86,69.4
7,87,69.4
7,88,69.5
7,89,69.6
7,90,69.6
7,91,69.7
7,92,74.7
7,93,74.8
7,94,74.8
7,95,74.9
7,96,75.0
7,97,75.0
7,98,75.1
7,99,75.1
8,0,70.1
8,1,70.1
8,2,70.0
8,3,69.9
8,4,69.9
8,5,69.8
8,6,69.7
8,7,69.7
8,8,69.6
8,9,69.6
8,10,69.5
8,11,69.5
8,12,69.4
8,13,69.3
8,14,69.3
8,15,69.2
8,16,69.2
8,17,69.1
8,18,69.1
8,19,69.0
8,20,69.0
8,21,68.9
8,22,68.9
8,23,68.8
8,24,68.8
8,25,68.8
8,26,68.7
8,27,68.7
8,28,68.6
8,29,68.6
8,30,68.6
8,31,68.5
8,32,68.5
8,33,68.5
8,34,68.4
8,35,68.4
8,36,68.4
8,37,68.4
8,38,68.3
8,39,68.3
8,40,68.3
8,41,68.3
8,42,68.3
8,43,68.2
8,44,68.2
8,45,68.2
8,46,68.2
8,47,68.2
8,48,68.2
8,49,78.2
8,50,83.2
8,51,83.2
8,52,68.2
8,53,68.2
8,54,68.2
8,55,68.2
8,56,68.2
8,57,68.2
8,58,68.3
8,59,68.3
8,60,68.3
8,61,68.3
8,62,68.3
8,63,68.4
8,64,68.4
8,65,68.4
8,66,68.4
8,67,68.5
8,68,68.5
8,69,68.5
8,70,68.6
8,71,68.6
8,72,68.6
8,73,68.7
8,74,68.7
8,75,68.8
8,76,68.8
8,77,68.8
8,78,68.9
8,79,68.9
8,80,69.0
8,81,69.0
8,82,69.1
8,83,69.1
8,84,69.2
8,85,69.2
8,86,69.3
8,87,69.3
8,88,69.4
8,89,69.5
8,90,69.5
8,91,69.6
8,92,74.6
8,93,74.7
8,94,74.7
8,95,74.8
8,96,74.9
8,97,74.9
8,98,75.0
8,99,70.1
9,0,70.0
9,1,70.0
9,2,69.9
9,3,69.8
9,4,69.8
9,5,69.7
9,6,69.7
9,7,69.6
9,8,69.5
9,9,69.5
9,10,69.4
9,11,69.4
9,12,69.3
9,13,69.2
9,14,69.2
9,15,69.1
9,16,69.1
9,17,69.0
9,18,69.0
9,19,68.9
9,20,68.9
9,21,68.8
9,22,68.8
9,23,68.7
9,24,68.7
9,25,68.6
9,26,68.6
9,27,68.6
9,28,68.5
9,29,68.5
9,30,68.4
9,31,68.4
9,32,68.4
9,33,68.3
9,34,68.3
9,35,68.3
9,36,68.3
9,37,68.2
9,38,68.2
9,39,68.2
9,40,68.2
9,41,68.1
9,42,68.1
9,43,68.1
9,44,68.1
9,45,68.1
9,46,68.1
9,47,68.1
9,48,68.1
9,49,78.1
9,50,78.1
9,51,78.1
9,52,68.1
9,53,68.1
9,54,68.1
9,55,68.1
9,56,68.1
9,57,68.1
9,58,68.1
9,59,68.1
9,60,68.2
9,61,68.2
9,62,68.2
9,63,68.2
9,64,68.3
9,65,68.3
9,66,68.3
9,67,68.3
9,68,68.4
9,69,68.4
9,70,68.4
9,71,68.5
9,72,68.5
9,73,68.6
9,74,68.6
9,75,68.6
9,76,68.7
9,77,68.7
9,78,68.8
9,79,68.8
9,80,68.9
9,81,68.9
9,82,69.0
9,83,69.0
9,84,69.1
9,85,69.1
9,86,69.2
9,87,69.2
9,88,69.3
9,89,69.4
9,90,69.4
9,91,74.5
9,92,74.5
9,93,74.6
9,94,74.7
9,95,74.7
9,96,74.8
9,97,74.8
9,98,74.9
9,99,70.0
10,0,69.9
10,1,69.9
10,2,69.8
10,3,69.8
10,4,69.7
10,5,69.6
10,6,69.6
10,7,69.5
10,8,69.4
10,9,69.4
10,10,69.3
10,11,69.3
10,12,69.2
10,13,69.1
10,14,69.1
10,15,69.0
10,16,69.0
10,17,68.9
10,18,68.9
10,19,68.8
10,20,68.8
10,21,68.7
10,22,68.7
10,23,68.6
10,24,68.6
10,25,68.5
10,26,68.5
10,27,68.4
10,28,68.4
10,29,68.4
10,30,68.3
10,31,68.3
10,32,68.2
10,33,68.2
10,34,68.2
10,35,68.2
10,36,68.1
10,37,68.1
10,38,68.1
10,39,68.1
10,40,68.0
10,41,68.0
10,42,68.0
10,43,68.0
10,44,68.0
10,45,68.0
10,46,67.9
10,47,67.9
10,48,67.9
10,49,77.9
10,50,77.9
10,51,77.9
10,52,67.9
10,53,67.9
10,54,67.9
10,55,68.0
10,56,68.0
10,57,68.0
10,58,68.0
10,59,68.0
10,60,68.0
10,61,68.1
10,62,68.1
10,63,68.1
10,64,68.1
10,65,68.2
10,66,68.2
10,67,68.2
10,68,68.2
10,69,68.3
10,70,68.3
10,71,68.4
10,72,68.4
10,73,68.4
10,74,68.5
10,75,68.5
10,76,68.6
10,77,68.6
10,78,68.7
10,79,68.7
10,80,68.8
10,81,68.8
10,82,68.9
10,83,68.9
10,84,69.0
10,85,69.0
10,86,69.1
10,87,69.1
10,88,69.2
10,89,69.3
10,90,69.3
10,91,74.4
10,92,74.4
10,93,74.5
10,94,74.6
10,95,74.6
10,96,74.7
10,97,74.8
10,98,69.8
10,99,69.9
11,0,69.9
11,1,69.8
11,2,69.7
11,3,69.7
11,4,69.6
11,5,69.5
11,6,69.5
11,7,69.4
11,8,69.3
11,9,69.3
11,10,69.2
11,11,69.2
11,12,69.1
11,13,69.0
11,14,69.0
11,15,68.9
11,16,68.9
11,17,68.8
11,18,68.8
11,19,68.7
11,20,68.7
11,21,68.6
11,22,68.6
11,23,68.5
11,24,68.5
11,25,68.4
11,26,68.4
11,27,68.3
11,28,68.3
11,29,68.2
11,30,68.2
11,31,68.2
11,32,68.1
11,33,68.1
11,34,68.1
11,35,68.0
11,36,68.0
11,37,68.0
11,38,67.9
11,39,67.9
11,40,67.9
11,41,67.9
11,42,67.9
11,43,67.8
11,44,67.8
11,45,67.8
11,46,67.8
11,47,67.8
11,48,67.8
11,49,77.8
11,50,77.8
11,51,77.8
11,52,67.8
11,53,67.8
11,54,67.8
11,55,67.8
11,56,67.8
11,57,67.8
11,58,67.9
11,59,67.9
11,60,67.9
11,61,67.9
11,62,67.9
11,63,68.0
11,64,68.0
11,65,68.0
11,66,68.1
11,67,68.1
11,68,68.1
11,69,68.2
11,70,68.2
11,71,68.2
11,72,68.3
11,73,68.3
11,74,68.4
11,75,68.4
11,76,68.5
11,77,68.5
11,78,68.6
11,79,68.6
11,80,68.7
11,81,68.7
11,82,68.8
11,83,68.8
11,84,68.9
11,85,68.9
11,86,69.0
11,87,69.0
11,88,69.1
11,89,69.2
11,90,74.2
11,91,74.3
11,92,74.3
11,93,74.4
11,94,74.5
11,95,74.5
11,96,74.6
11,97,69.7
11,98,69.7
11,99,69.8
12,0,69.8
12,1,69.7
12,2,69.6
12,3,69.6
12,4,69.5
12,5,69.4
12,6,69.4
12,7,69.3
12,8,69.3
12,9,69.2
12,10,69.1
12,11,69.1
12,12,69.0
12,13,68.9
12,14,68.9
12,15,68.8
12,16,68.8
12,17,68.7
12,18,68.7
12,19,68.6
12,20,68.5
12,21,68.5
12,22,68.4
12,23,68.4
12,24,68.3
12,25,68.3
12,26,68.2
12,27,68.2
12,28,68.2
12,29,68.1
12,30,68.1
12,31,68.0
12,32,68.0
12,33,68.0
12,34,67.9
12,35,67.9
12,36,67.9
12,37,67.8
12,38,67.8
12,39,67.8
12,40,67.8
12,41,67.7
12,42,67.7
12,43,67.7
12,44,67.7
12,45,67.7
12,46,67.7
12,47,67.7
12,48,67.7
12,49,77.7
12,50,77.7
12,51,77.7
12,52,67.7
12,53,67.7
12,54,67.7
12,55,67.7
12,56,67.7
12,57,67.7
12,58,67.7
12,59,67.7
12,60,67.8
12,61,67.8
12,62,67.8
12,63,67.8
12,64,67.9
12,65,67.9
12,66,67.9
12,67,68.0
12,68,68.0
12,69,68.0
12,70,68.1
12,71,68.1
12,72,68.2
12,73,68.2
12,74,68.2
12,75,68.3
12,76,68.3
12,77,68.4
12,78,68.4
12,79,68.5
12,80,68.5
12,81,68.6
12,82,68.7
12,83,68.7
12,84,68.8
12,85,68.8
12,86,68.9
12,87,68.9
12,88,69.0
12,89,74.1
12,90,74.1
12,91,74.2
12,92,74.3
12,93,74.3
12,94,74.4
12,95,74.4
12,96,69.5
12,97,69.6
12,98,69.6
12,99,69.7
13,0,69.7
13,1,69.6
13,2,69.6
13,3,69.5
13,4,69.4
13,5,69.4
13,6,69.3
13,7,69.2
13,8,69.2
13,9,69.1
13,10,69.0
13,11,69.0
13,12,68.9
13,13,68.8
13,14,68.8
13,15,68.7
13,16,68.7
13,17,68.6
13,18,68.5
13,19,68.5
13,20,68.4
13,21,68.4
13,22,68.3
13,23,68.3
13,24,68.2
13,25,68.2
13,26,68.1
13,27,68.1
13,28,68.0
13,29,68.0
13,30,67.9
13,31,67.9
13,32,67.9
13,33,67.8
13,34,67.8
13,35,67.8
13,36,67.7
13,37,67.7
13,38,67.7
13,39,67.7
13,40,67.6
13,41,67.6
13,42,67.6
13,43,67.6
13,44,67.6
13,45,67.5
13,46,67.5
13,47,67.5
13,48,67.5
13,49,77.5
13,50,77.5
13,51,77.5
13,52,67.5
13,53,67.5
13,54,67.5
13,55,67.5
13,56,67.6
13,57,67.6
13,58,67.6
13,59,67.6
13,60,67.6
13,61,67.7
13,62,67.7
13,63,67.7
13,64,67.7
13,65,67.8
13,66,67.8
13,67,67.8
13,68,67.9
13,69,67.9
13,70,67.9
13,71,68.0
13,72,68.0
13,73,68.1
13,74,68.1
13,75,68.2
13,76,68.2
13,77,68.3
13,78,68.3
13,79,68.4
13,80,68.4
13,81,68.5
13,82,68.5
13,83,68.6
13,84,68.7
13,85,68.7
13,86,68.8
13,87,68.8
13,88,68.9
13,89,74.0
13,90,74.0
13,91,74.1
13,92,74.2
13,93,74.2
13,94,74.3
13,95,74.4
13,96,69.4
13,97,69.5
13,98,69.6
13,99,69.6
14,0,69.6
14,1,69.5
14,2,69.5
14,3,69.4
14,4,69.3
14,5,69.3
14,6,69.2
14,7,69.1
14,8,69.1
14,9,69.0
14,10,68.9
14,11,68.9
14,12,68.8
14,13,68.7
14,14,68.7
14,15,68.6
14,16,68.6
14,17,68.5
14,18,68.4
14,19,68.4
14,20,68.3
14,21,68.3
14,22,68.2
14,23,68.2
14,24,68.1
14,25,68.1
14,26,68.0
14,27,68.0
14,28,67.9
14,29,67.9
14,30,67.8
14,31,67.8
14,32,67.7
14,33,67.7
14,34,67.7
14,35,67.6
14,36,67.6
14,37,67.6
14,38,67.5
14,39,67.5
14,40,67.5
14,41,67.5
14,42,67.5
14,43,67.4
14,44,67.4
14,45,67.4
14,46,67.4
14,47,67.4
14,48,67.4
14,49,77.4
14,50,77.4
14,51,77.4
14,52,67.4
14,53,67.4
14,54,67.4
14,55,67.4
14,56,67.4
14,57,67.4
14,58,67.5
14,59,67.5
14,60,67.5
14,61,67.5
14,62,67.5
14,63,67.6
14,64,67.6
14,65,67.6
14,66,67.7
14,67,67.7
14,68,67.7
14,69,67.8
14,70,67.8
14,71,67.9
14,72,67.9
14,73,68.0
14,74,68.0
14,75,68.1
14,76,68.1
14,77,68.2
14,78,68.2
14,79,68.3
14,80,68.3
14,81,68.4
14,82,68.4
14,83,68.5
14,84,68.6
14,85,68.6
14,86,68.7
14,87,68.7
14,88,73.8
14,89,73.9
14,90,73.9
14,91,74.0
14,92,74.1
14,93,74.1
14,94,74.2
14,95,69.3
14,96,69.3
14,97,69.4
14,98,69.5
14,99,69.5
15,0,69.5
15,1,69.5
15,2,69.4
15,3,69.3
15,4,69.2
15,5,69.2
15,6,69.1
15,7,69.0
15,8,69.0
15,9,68.9
15,10,68.8
15,11,68.8
15,12,68.7
15,13,68.6
15,14,68.6
15,15,68.5
15,16,68.4
15,17,68.4
15,18,68.3
15,19,68.3
15,20,68.2
15,21,68.1
15,22,68.1
15,23,68.0
15,24,68.0
15,25,67.9
15,26,67.9
15,27,67.8
15,28,67.8
15,29,67.7
15,30,67.7
15,31,67.6
15,32,67.6
15,33,67.6
15,34,67.5
15,35,67.5
15,36,67.5
15,37,67.4
15,38,67.4
15,39,67.4
15,40,67.4
15,41,67.3
15,42,67.3
15,43,67.3
15,44,67.3
15,45,67.3
15,46,67.3
15,47,67.2
15,48,67.2
15,49,77.2
15,50,77.2
15,51,77.2
15,52,67.2
15,53,67.2
15,54,67.3
15,55,67.3
15,56,67.3
15,57,67.3
15,58,67.3
15,59,67.3
15,60,67.4
15,61,67.4
15,62,67.4
15,63,67.4
15,64,67.5
15,65,67.5
15,66,67.5
15,67,67.6
15,68,67.6
15,69,67.6
15,70,67.7
15,71,67.7
15,72,67.8
15,73,67.8
15,74,67.9
15,75,67.9
15,76,68.0
15,77,68.0
15,78,68.1
15,79,68.1
15,80,68.2
15,81,68.3
15,82,68.3
15,83,68.4
15,84,68.4
15,85,68.5
15,86,68.6
15,87,68.6
15,88,73.7
15,89,73.8
15,90,73.8
15,91,73.9
15,92,74.0
15,93,74.0
15,94,69.1
15,95,69.2
15,96,69.2
15,97,69.3
15,98,69.4
15,99,69.5
16,0,69.4
16,1,69.4
16,2,69.3
16,3,69.2
16,4,69.1
16,5,69.1
16,6,69.0
16,7,68.9
16,8,68.9
16,9,68.8
16,10,68.7
16,11,68.7
16,12,68.6
16,13,68.5
16,14,68.5
16,15,68.4
16,16,68.3
16,17,68.3
16,18,68.2
16,19,68.1
16,20,68.1
16,21,68.0
16,22,68.0
16,23,67.9
16,24,67.9
16,25,67.8
16,26,67.8
16,27,67.7
16,28,67.7
16,29,67.6
16,30,67.6
16,31,67.5
16,32,67.5
16,33,67.4
16,34,67.4
16,35,67.4
16,36,67.3
16,37,67.3
16,38,67.3
16,39,67.2
16,40,67.2
16,41,67.2
16,42,67.2
16,43,67.1
16,44,67.1
16,45,67.1
16,46,67.1
16,47,67.1
16,48,67.1
16,49,77.1
16,50,77.1
16,51,77.1
16,52,67.1
16,53,67.1
16,54,67.1
16,55,67.1
16,56,67.1
16,57,67.1
16,58,67.2
16,59,67.2
16,60,67.2
16,61,67.2
16,62,67.3
16,63,67.3
16,64,67.3
16,65,67.4
16,66,67.4
16,67,67.4
16,68,67.5
16,69,67.5
16,70,67.6
16,71,67.6
16,72,67.7
16,73,67.7
16,74,67.8
16,75,67.8
16,76,67.9
16,77,67.9
16,78,68.0
16,79,68.0
16,80,68.1
16,81,68.1
16,82,68.2
16,83,68.3
16,84,68.3
16,85,68.4
16,86,68.5
16,87,73.5
16,88,73.6
16,89,73.7
16,90,73.7
16,91,73.8
16,92,73.9
16,93,73.9
16,94,69.0
16,95,69.1
16,96,69.1
16,97,69.2
16,98,69.3
16,99,69.4
17,0,69.4
17,1,69.3
17,2,69.2
17,3,69.1
17,4,69.1
17,5,69.0
17,6,68.9
17,7,68.8
17,8,68.8
17,9,68.7
17,10,68.6
17,11,68.6
17,12,68.5
17,13,68.4
17,14,68.4
17,15,68.3
17,16,68.2
17,17,68.2
17,18,68.1
17,19,68.0
17,20,68.0
17,21,67.9
17,22,67.8
17,23,67.8
17,24,67.7
17,25,67.7
17,26,67.6
17,27,67.6
17,28,67.5
17,29,67.5
17,30,67.4
17,31,67.4
17,32,67.3
17,33,67.3
17,34,67.3
17,35,67.2
17,36,67.2
17,37,67.2
17,38,67.1
17,39,67.1
17,40,67.1
17,41,67.0
17,42,67.0
17,43,67.0
17,44,67.0
17,45,67.0
17,46,67.0
17,47,67.0
17,48,66.9
17,49,76.9
17,50,76.9
17,51,76.9
17,52,66.9
17,53,67.0
17,54,67.0
17,55,67.0
17,56,67.0
17,57,67.0
17,58,67.0
17,59,67.0
17,60,67.1
17,61,67.1
17,62,67.1
17,63,67.2
17,64,67.2
17,65,67.2
17,66,67.3
17,67,67.3
17,68,67.3
17,69,67.4
17,70,67.4
17,71,67.5
17,72,67.5
17,73,67.6
17,74,67.6
17,75,67.7
17,76,67.7
17,77,67.8
17,78,67.8
17,79,67.9
17,80,68.0
17,81,68.0
17,82,68.1
17,83,68.2
17,84,68.2
17,85,68.3
17,86,73.4
17,87,73.4
17,88,73.5
17,89,73.6
17,90,73.6
17,91,73.7
17,92,73.8
17,93,68.8
17,94,68.9
17,95,69.0
17,96,69.1
17,97,69.1
17,98,69.2
17,99,69.3
18,0,69.3
18,1,69.2
18,2,69.1
18,3,69.0
18,4,69.0
18,5,68.9
18,6,68.8
18,7,68.7
18,8,68.7
18,9,68.6
18,10,68.5
18,11,68.5
18,12,68.4
18,13,68.3
18,14,68.2
18,15,68.2
18,16,68.1
18,17,68.0
18,18,68.0
18,19,67.9
18,20,67.8
18,21,67.8
18,22,67.7
18,23,67.7
18,24,67.6
18,25,67.6
18,26,67.5
18,27,67.4
18,28,67.4
18,29,67.3
18,30,67.3
18,31,67.2
18,32,67.2
18,33,67.2
18,34,67.1
18,35,67.1
18,36,67.0
18,37,67.0
18,38,67.0
18,39,66.9
18,40,66.9
18,41,66.9
18,42,66.9
18,43,66.9
18,44,66.8
18,45,66.8
18,46,66.8
18,47,66.8
18,48,66.8
18,49,76.8
18,50,76.8
18,51,76.8
18,52,66.8
18,53,66.8
18,54,66.8
18,55,66.8
18,56,66.8
18,57,66.9
18,58,66.9
18,59,66.9
18,60,66.9
18,61,66.9
18,62,67.0
18,63,67.0
18,64,67.0
18,65,67.1
18,66,67.1
18,67,67.2
18,68,67.2
18,69,67.2
18,70,67.3
18,71,67.3
18,72,67.4
18,73,67.4
18,74,67.5
18,75,67.6
18,76,67.6
18,77,67.7
18,78,67.7
18,79,67.8
18,80,67.8
18,81,67.9
18,82,68.0
18,83,68.0
18,84,68.1
18,85,68.2
18,86,73.2
18,87,73.3
18,88,73.4
18,89,73.5
18,90,73.5
18,91,73.6
18,92,68.7
18,93,68.7
18,94,68.8
18,95,68.9
18,96,69.0
18,97,69.0
18,98,69.1
18,99,69.2
19,0,69.2
19,1,69.1
19,2,69.0
19,3,68.9
19,4,68.9
19,5,68.8
19,6,68.7
19,7,68.6
19,8,68.6
19,9,68.5
19,10,68.4
19,11,68.4
19,12,68.3
19,13,68.2
19,14,68.1
19,15,68.1
19,16,68.0
19,17,67.9
19,18,67.9
19,19,67.8
19,20,67.7
19,21,67.7
19,22,67.6
19,23,67.5
19,24,67.5
19,25,67.4
19,26,67.4
19,27,67.3
19,28,67.3
19,29,67.2
19,30,67.2
19,31,67.1
19,32,67.1
19,33,67.0
19,34,67.0
19,35,66.9
19,36,66.9
19,37,66.9
19,38,66.8
19,39,66.8
19,40,66.8
19,41,66.7
19,42,66.7
19,43,66.7
19,44,66.7
19,45,66.7
19,46,66.7
19,47,66.6
19,48,66.6
19,49,76.6
19,50,76.6
19,51,76.6
19,52,66.6
19,53,66.6
19,54,66.7
19,55,66.7
19,56,66.7
19,57,66.7
19,58,66.7
19,59,66.7
19,60,66.8
19,61,66.8
19,62,66.8
19,63,66.9
19,64,66.9
19,65,66.9
19,66,67.0
19,67,67.0
19,68,67.1
19,69,67.1
19,70,67.2
19,71,67.2
19,72,67.3
19,73,67.3
19,74,67.4
19,75,67.4
19,76,67.5
19,77,67.5
19,78,67.6
19,79,67.7
19,80,67.7
19,81,67.8
19,82,67.9
19,83,67.9
19,84,68.0
19,85,73.1
19,86,73.1
19,87,73.2
19,88,73.3
19,89,73.4
19,90,73.4
19,91,68.5
19,92,68.6
19,93,68.6
19,94,68.7
19,95,68.8
19,96,68.9
19,97,68.9
19,98,69.0
19,99,69.1
20,0,69.1
20,1,69.0
20,2,68.9
20,3,68.9
20,4,68.8
20,5,68.7
20,6,68.6
20,7,68.5
20,8,68.5
20,9,68.4
20,10,68.3
20,11,68.2
20,12,68.2
20,13,68.1
20,14,68.0
20,15,68.0
20,16,67.9
20,17,67.8
20,18,67.7
20,19,67.7
20,20,67.6
20,21,67.5
20,22,67.5
20,23,67.4
20,24,67.4
20,25,67.3
20,26,67.2
20,27,67.2
20,28,67.1
20,29,67.1
20,30,67.0
20,31,67.0
20,32,66.9
20,33,66.9
20,34,66.8
20,35,66.8
20,36,66.8
20,37,66.7
20,38,66.7
20,39,66.6
20,40,66.6
20,41,66.6
20,42,66.6
20,43,66.5
20,44,66.5
20,45,66.5
20,46,66.5
20,47,66.5
20,48,66.5
20,49,76.5
20,50,76.5
20,51,76.5
20,52,66.5
20,53,66.5
20,54,66.5
20,55,66.5
20,56,66.5
20,57,66.5
20,58,66.6
20,59,66.6
20,60,66.6
20,61,66.6
20,62,66.7
20,63,66.7
20,64,66.8
20,65,66.8
20,66,66.8
20,67,66.9
20,68,66.9
20,69,67.0
20,70,67.0
20,71,67.1
20,72,67.1
20,73,67.2
20,74,67.2
20,75,67.3
20,76,67.4
20,77,67.4
20,78,67.5
20,79,67.5
20,80,67.6
20,81,67.7
20,82,67.7
20,83,67.8
20,84,72.9
20,85,73.0
20,86,73.0
20,87,73.1
20,88,73.2
20,89,73.2
20,90,73.3
20,91,68.4
20,92,68.5
20,93,68.5
20,94,68.6
20,95,68.7
20,96,68.8
20,97,68.9
20,98,68.9
20,99,69.0
21,0,69.0
21,1,68.9
21,2,68.8
21,3,68.8
21,4,68.7
21,5,68.6
21,6,68.5
21,7,68.5
21,8,68.4
21,9,68.3
21,10,68.2
21,11,68.1
21,12,68.1
21,13,68.0
21,14,67.9
21,15,67.8
21,16,67.8
21,17,67.7
21,18,67.6
21,19,67.6
21,20,67.5
21,21,67.4
21,22,67.4
21,23,67.3
21,24,67.2
21,25,67.2
21,26,67.1
21,27,67.0
21,28,67.0
21,29,66.9
21,30,66.9
21,31,66.8
21,32,66.8
21,33,66.7
21,34,66.7
21,35,66.6
21,36,66.6
21,37,66.6
21,38,66.5
21,39,66.5
21,40,66.5
21,41,66.4
21,42,66.4
21,43,66.4
21,44,66.4
21,45,66.4
21,46,66.3
21,47,66.3
21,48,66.3
21,49,76.3
21,50,76.3
21,51,76.3
21,52,66.3
21,53,66.3
21,54,66.3
21,55,66.4
21,56,66.4
21,57,66.4
21,58,66.4
21,59,66.4
21,60,66.5
21,61,66.5
21,62,66.5
21,63,66.6
21,64,66.6
21,65,66.6
21,66,66.7
21,67,66.7
21,68,66.8
21,69,66.8
21,70,66.9
21,71,66.9
21,72,67.0
21,73,67.0
21,74,67.1
21,75,67.2
21,76,67.2
21,77,67.3
21,78,67.4
21,79,67.4
21,80,67.5
21,81,67.6
21,82,67.6
21,83,67.7
21,84,72.8
21,85,72.8
21,86,72.9
21,87,73.0
21,88,73.1
21,89,73.1
21,90,68.2
21,91,68.3
21,92,68.4
21,93,68.5
21,94,68.5
21,95,68.6
21,96,68.7
21,97,68.8
21,98,68.8
21,99,68.9
22,0,68.9
22,1,68.8
22,2,68.8
22,3,68.7
22,4,68.6
22,5,68.5
22,6,68.4
22,7,68.4
22,8,68.3
22,9,68.2
22,10,68.1
22,11,68.0
22,12,68.0
22,13,67.9
22,14,67.8
22,15,67.7
22,16,67.7
22,17,67.6
22,18,67.5
22,19,67.4
22,20,67.4
22,21,67.3
22,22,67.2
22,23,67.2
22,24,67.1
22,25,67.0
22,26,67.0
22,27,66.9
22,28,66.8
22,29,66.8
22,30,66.7
22,31,66.7
22,32,66.6
22,33,66.6
22,34,66.5
22,35,66.5
22,36,66.4
22,37,66.4
22,38,66.4
22,39,66.3
22,40,66.3
22,41,66.3
22,42,66.3
22,43,66.2
22,44,66.2
22,45,66.2
22,46,66.2
22,47,66.2
22,48,66.2
22,49,76.2
22,50,76.2
22,51,76.2
22,52,66.2
22,53,66.2
22,54,66.2
22,55,66.2
22,56,66.2
22,57,66.2
22,58,66.3
22,59,66.3
22,60,66.3
22,61,66.3
22,62,66.4
22,63,66.4
22,64,66.4
22,65,66.5
22,66,66.5
22,67,66.6
22,68,66.6
22,69,66.7
22,70,66.7
22,71,66.8
22,72,66.8
22,73,66.9
22,74,67.0
22,75,67.0
22,76,67.1
22,77,67.2
22,78,67.2
22,79,67.3
22,80,67.4
22,81,67.4
22,82,67.5
22,83,72.6
22,84,72.7
22,85,72.7
22,86,72.8
22,87,72.9
22,88,73.0
22,89,68.0
22,90,68.1
22,91,68.2
22,92,68.3
22,93,68.4
22,94,68.4
22,95,68.5
22,96,68.6
22,97,68.7
22,98,68.8
22,99,68.8
23,0,68.8
23,1,68.8
23,2,68.7
23,3,68.6
23,4,68.5
23,5,68.4
23,6,68.3
23,7,68.3
23,8,68.2
23,9,68.1
23,10,68.0
23,11,67.9
23,12,67.8
23,13,67.8
23,14,67.7
23,15,67.6
23,16,67.5
23,17,67.5
23,18,67.4
23,19,67.3
23,20,67.2
23,21,67.2
23,22,67.1
23,23,67.0
23,24,67.0
23,25,66.9
23,26,66.8
23,27,66.8
23,28,66.7
23,29,66.6
23,30,66.6
23,31,66.5
23,32,66.5
23,33,66.4
23,34,66.4
23,35,66.3
23,36,66.3
23,37,66.3
23,38,66.2
23,39,66.2
23,40,66.1
23,41,66.1
23,42,66.1
23,43,66.1
23,44,66.0
23,45,66.0
23,46,66.0
23,47,66.0
23,48,66.0
23,49,76.0
23,50,76.0
23,51,76.0
23,52,66.0
23,53,66.0
23,54,66.0
23,55,66.0
23,56,66.0
23,57,66.1
23,58,66.1
23,59,66.1
23,60,66.1
23,61,66.2
23,62,66.2
23,63,66.3
23,64,66.3
23,65,66.3
23,66,66.4
23,67,66.4
23,68,66.5
23,69,66.5
23,70,66.6
23,71,66.6
23,72,66.7
23,73,66.8
23,74,66.8
23,75,66.9
23,76,67.0
23,77,67.0
23,78,67.1
23,79,67.2
23,80,67.2
23,81,67.3
23,82,67.4
23,83,72.5
23,84,72.5
23,85,72.6
23,86,72.7
23,87,72.8
23,88,67.8
23,89,67.9
23,90,68.0
23,91,68.1
23,92,68.2
23,93,68.3
23,94,68.3
23,95,68.4
23,96,68.5
23,97,68.6
23,98,68.7
23,99,68.8
24,0,68.7
24,1,68.7
24,2,68.6
24,3,68.5
24,4,68.4
24,5,68.3
24,6,68.2
24,7,68.2
24,8,68.1
24,9,68.0
24,10,67.9
24,11,67.8
24,12,67.7
24,13,67.7
24,14,67.6
24,15,67.5
24,16,67.4
24,17,67.3
24,18,67.3
24,19,67.2
24,20,67.1
24,21,67.0
24,22,67.0
24,23,66.9
24,24,66.8
24,25,66.8
24,26,66.7
24,27,66.6
24,28,66.6
24,29,66.5
24,30,66.4
24,31,66.4
24,32,66.3
24,33,66.3
24,34,66.2
24,35,66.2
24,36,66.1
24,37,66.1
24,38,66.1
24,39,66.0
24,40,66.0
24,41,66.0
24,42,65.9
24,43,65.9
24,44,65.9
24,45,65.9
24,46,65.8
24,47,65.8
24,48,65.8
24,49,75.8
24,50,75.8
24,51,75.8
24,52,65.8
24,53,65.8
24,54,65.8
24,55,65.9
24,56,65.9
24,57,65.9
24,58,65.9
24,59,66.0
24,60,66.0
24,61,66.0
24,62,66.1
24,63,66.1
24,64,66.1
24,65,66.2
24,66,66.2
24,67,66.3
24,68,66.3
24,69,66.4
24,70,66.4
24,71,66.5
24,72,66.6
24,73,66.6
24,74,66.7
24,75,66.8
24,76,66.8
24,77,66.9
24,78,67.0
24,79,67.0
24,80,67.1
24,81,67.2
24,82,72.3
24,83,72.3
24,84,72.4
24,85,72.5
24,86,72.6
24,87,72.7
24,88,67.7
24,89,67.8
24,90,67.9
24,91,68.0
24,92,68.1
24,93,68.2
24,94,68.2
24,95,68.3
24,96,68.4
24,97,68.5
24,98,68.6
24,99,68.7
25,0,68.7
25,1,68.6
25,2,68.5
25,3,68.4
25,4,68.3
25,5,68.2
25,6,68.1
25,7,68.1
25,8,68.0
25,9,67.9
25,10,67.8
25,11,67.7
25,12,67.6
25,13,67.5
25,14,67.5
25,15,67.4
25,16,67.3
25,17,67.2
25,18,67.1
25,19,67.1
25,20,67.0
25,21,66.9
25,22,66.8
25,23,66.8
25,24,66.7
25,25,66.6
25,26,66.6
25,27,66.5
25,28,66.4
25,29,66.4
25,30,66.3
25,31,66.2
25,32,66.2
25,33,66.1
25,34,66.1
25,35,66.0
25,36,66.0
25,37,65.9
25,38,65.9
25,39,65.9
25,40,65.8
25,41,65.8
25,42,65.8
25,43,65.7
25,44,65.7
25,45,65.7
25,46,65.7
25,47,65.7
25,48,65.7
25,49,75.7
25,50,75.6
25,51,75.7
25,52,65.7
25,53,65.7
25,54,65.7
25,55,65.7
25,56,65.7
25,57,65.7
25,58,65.8
25,59,65.8
25,60,65.8
25,61,65.9
25,62,65.9
25,63,65.9
25,64,66.0
25,65,66.0
25,66,66.1
25,67,66.1
25,68,66.2
25,69,66.2
25,70,66.3
25,71,66.4
25,72,66.4
25,73,66.5
25,74,66.6
25,75,66.6
25,76,66.7
25,77,66.8
25,78,66.8
25,79,66.9
25,80,67.0
25,81,72.1
25,82,72.1
25,83,72.2
25,84,72.3
25,85,72.4
25,86,72.5
25,87,67.5
25,88,67.6
25,89,67.7
25,90,67.8
25,91,67.9
25,92,68.0
25,93,68.1
25,94,68.1
25,95,68.2
25,96,68.3
25,97,68.4
25,98,68.5
25,99,68.6
26,0,68.6
26,1,68.5
26,2,68.4
26,3,68.3
26,4,68.2
26,5,68.1
26,6,68.0
26,7,68.0
26,8,67.9
26,9,67.8
26,10,67.7
26,11,67.6
26,12,67.5
26,13,67.4
26,14,67.3
26,15,67.3
26,16,67.2
26,17,67.1
26,18,67.0
26,19,66.9
26,20,66.9
26,21,66.8
26,22,66.7
26,23,66.6
26,24,66.6
26,25,66.5
26,26,66.4
26,27,66.3
26,28,66.3
26,29,66.2
26,30,66.1
26,31,66.1
26,32,66.0
26,33,66.0
26,34,65.9
26,35,65.9
26,36,65.8
26,37,65.8
26,38,65.7
26,39,65.7
26,40,65.7
26,41,65.6
26,42,65.6
26,43,65.6
26,44,65.5
26,45,65.5
26,46,65.5
26,47,65.5
26,48,65.5
26,49,65.5
26,50,65.5
26,51,65.5
26,52,65.5
26,53,65.5
26,54,65.5
26,55,65.5
26,56,65.5
26,57,65.6
26,58,65.6
26,59,65.6
26,60,65.7
26,61,65.7
26,62,65.7
26,63,65.8
26,64,65.8
26,65,65.9
26,66,65.9
26,67,66.0
26,68,66.0
26,69,66.1
26,70,66.1
26,71,66.2
26,72,66.3
26,73,66.3
26,74,66.4
26,75,66.5
26,76,66.6
26,77,66.6
26,78,66.7
26,79,66.8
26,80,66.9
26,81,71.9
26,82,72.0
26,83,72.1
26,84,72.2
26,85,72.3
26,86,67.3
26,87,67.4
26,88,67.5
26,89,67.6
26,90,67.7
26,91,67.8
26,92,67.9
26,93,68.0
26,94,68.0
26,95,68.1
26,96,68.2
26,97,68.3
26,98,68.4
26,99,68.5
27,0,68.5
27,1,68.4
27,2,68.3
27,3,68.2
27,4,68.1
27,5,68.0
27,6,67.9
27,7,67.9
27,8,67.8
27,9,67.7
27,10,67.6
27,11,67.5
27,12,67.4
27,13,67.3
27,14,67.2
27,15,67.1
27,16,67.1
27,17,67.0
27,18,66.9
27,19,66.8
27,20,66.7
27,21,66.6
27,22,66.6
27,23,66.5
27,24,66.4
27,25,66.3
27,26,66.3
27,27,66.2
27,28,66.1
27,29,66.1
27,30,66.0
27,31,65.9
27,32,65.9
27,33,65.8
27,34,65.8
27,35,65.7
27,36,65.6
27,37,65.6
27,38,65.6
27,39,65.5
27,40,65.5
27,41,65.4
27,42,65.4
27,43,65.4
27,44,65.4
27,45,65.3
27,46,65.3
27,47,65.3
27,48,65.3
27,49,65.3
27,50,65.3
27,51,65.3
27,52,65.3
27,53,65.3
27,54,65.3
27,55,65.3
27,56,65.4
27,57,65.4
27,58,65.4
27,59,65.4
27,60,65.5
27,61,65.5
27,62,65.6
27,63,65.6
27,64,65.6
27,65,65.7
27,66,65.8
27,67,65.8
27,68,65.9
27,69,65.9
27,70,66.0
27,71,66.1
27,72,66.1
27,73,66.2
27,74,66.3
27,75,66.3
27,76,66.4
27,77,66.5
27,78,66.6
27,79,66.6
27,80,71.7
27,81,71.8
27,82,71.9
27,83,72.0
27,84,72.1
27,85,72.1
27,86,67.2
27,87,67.3
27,88,67.4
27,89,67.5
27,90,67.6
27,91,67.7
27,92,67.8
27,93,67.9
27,94,67.9
27,95,68.0
27,96,68.1
27,97,68.2
27,98,68.3
27,99,68.4
28,0,68.4
28,1,68.3
28,2,68.2
28,3,68.1
28,4,68.0
28,5,67.9
28,6,67.8
28,7,67.8
28,8,67.7
28,9,67.6
28,10,67.5
28,11,67.4
28,12,67.3
28,13,67.2
28,14,67.1
28,15,67.0
28,16,66.9
28,17,66.9
28,18,66.8
28,19,66.7
28,20,66.6
28,21,66.5
28,22,66.4
28,23,66.4
28,24,66.3
28,25,66.2
28,26,66.1
28,27,66.0
28,28,66.0
28,29,65.9
28,30,65.8
28,31,65.8
28,32,65.7
28,33,65.6
28,34,65.6
28,35,65.5
28,36,65.5
28,37,65.4
28,38,65.4
28,39,65.3
28,40,65.3
28,41,65.3
28,42,65.2
28,43,65.2
28,44,65.2
28,45,65.2
28,46,65.1
28,47,65.1
28,48,65.1
28,49,65.1
28,50,65.1
28,51,65.1
28,52,65.1
28,53,65.1
28,54,65.1
28,55,65.2
28,56,65.2
28,57,65.2
28,58,65.2
28,59,65.3
28,60,65.3
28,61,65.3
28,62,65.4
28,63,65.4
28,64,65.5
28,65,65.5
28,66,65.6
28,67,65.6
28,68,65.7
28,69,65.8
28,70,65.8
28,71,65.9
28,72,66.0
28,73,66.0
28,74,66.1
28,75,66.2
28,76,66.3
28,77,66.4
28,78,66.4
28,79,66.5
28,80,71.6
28,81,71.7
28,82,71.8
28,83,71.9
28,84,71.9
28,85,67.0
28,86,67.1
28,87,67.2
28,88,67.3
28,89,67.4
28,90,67.5
28,91,67.6
28,92,67.7
28,93,67.8
28,94,67.8
28,95,67.9
28,96,68.0
28,97,68.1
28,98,68.2
28,99,68.3
29,0,68.3
29,1,68.2
29,2,68.1
29,3,68.0
29,4,67.9
29,5,67.8
29,6,67.7
29,7,67.7
29,8,67.6
29,9,67.5
29,10,67.4
29,11,67.3
29,12,67.2
29,13,67.1
29,14,67.0
29,15,66.9
29,16,66.8
29,17,66.7
29,18,66.6
29,19,66.6
29,20,66.5
29,21,66.4
29,22,66.3
29,23,66.2
29,24,66.1
29,25,66.0
29,26,66.0
29,27,65.9
29,28,65.8
29,29,65.7
29,30,65.7
29,31,65.6
29,32,65.5
29,33,65.5
29,34,65.4
29,35,65.4
29,36,65.3
29,37,65.3
29,38,65.2
29,39,65.2
29,40,65.1
29,41,65.1
29,42,65.1
29,43,65.0
29,44,65.0
29,45,65.0
29,46,65.0
29,47,64.9
29,48,64.9
29,49,64.9
29,50,64.9
29,51,64.9
29,52,64.9
29,53,64.9
29,54,65.0
29,55,65.0
29,56,65.0
29,57,65.0
29,58,65.1
29,59,65.1
29,60,65.1
29,61,65.2
29,62,65.2
29,63,65.3
29,64,65.3
29,65,65.4
29,66,65.4
29,67,65.5
29,68,65.5
29,69,65.6
29,70,65.7
29,71,65.7
29,72,65.8
29,73,65.9
29,74,66.0
29,75,66.0
29,76,66.1
29,77,66.2
29,78,66.3
29,79,71.4
29,80,71.5
29,81,71.6
29,82,71.6
29,83,71.7
29,84,66.8
29,85,66.9
29,86,67.0
29,87,67.1
29,88,67.2
29,89,67.3
29,90,67.4
29,91,67.5
29,92,67.6
29,93,67.7
29,94,67.7
29,95,67.8
29,96,67.9
29,97,68.0
29,98,68.1
29,99,68.2
30,0,68.2
30,1,68.1
30,2,68.0
30,3,67.9
30,4,67.8
30,5,67.7
30,6,67.6
30,7,67.6
30,8,67.5
30,9,67.4
30,10,67.3
30,11,67.2
30,12,67.1
30,13,67.0
30,14,66.9
30,15,66.8
30,16,66.7
30,17,66.6
30,18,66.5
30,19,66.4
30,20,66.3
30,21,66.2
30,22,66.2
30,23,66.1
30,24,66.0
30,25,65.9
30,26,65.8
30,27,65.7
30,28,65.7
30,29,65.6
30,30,65.5
30,31,65.4
30,32,65.4
30,33,65.3
30,34,65.3
30,35,65.2
30,36,65.1
30,37,65.1
30,38,65.0
30,39,65.0
30,40,64.9
30,41,64.9
30,42,64.9
30,43,64.8
30,44,64.8
30,45,64.8
30,46,64.8
30,47,64.8
30,48,64.7
30,49,64.7
30,50,64.7
30,51,64.7
30,52,64.7
30,53,64.8
30,54,64.8
30,55,64.8
30,56,64.8
30,57,64.8
30,58,64.9
30,59,64.9
30,60,64.9
30,61,65.0
30,62,65.0
30,63,65.1
30,64,65.1
30,65,65.2
30,66,65.3
30,67,65.3
30,68,65.4
30,69,65.4
30,70,65.5
30,71,65.6
30,72,65.7
30,73,65.7
30,74,65.8
30,75,65.9
30,76,66.0
30,77,66.1
30,78,71.2
30,79,71.2
30,80,71.3
30,81,71.4
30,82,71.5
30,83,66.6
30,84,66.7
30,85,66.8
30,86,66.9
30,87,67.0
30,88,67.1
30,89,67.2
30,90,67.3
30,91,67.4
30,92,67.5
30,93,67.6
30,94,67.6
30,95,67.7
30,96,67.8
30,97,67.9
30,98,68.0
30,99,68.1
31,0,68.1
31,1,68.0
31,2,67.9
31,3,67.8
31,4,67.7
31,5,67.6
31,6,67.5
31,7,67.5
31,8,67.4
31,9,67.3
31,10,67.2
31,11,67.1
31,12,67.0
31,13,66.9
31,14,66.8
31,15,66.7
31,16,66.6
31,17,66.5
31,18,66.4
31,19,66.3
31,20,66.2
31,21,66.1
31,22,66.0
31,23,65.9
31,24,65.8
31,25,65.8
31,26,65.7
31,27,65.6
31,28,65.5
31,29,65.4
31,30,65.4
31,31,65.3
31,32,65.2
31,33,65.1
31,34,65.1
31,35,65.0
31,36,65.0
31,37,64.9
31,38,64.9
31,39,64.8
31,40,64.8
31,41,64.7
31,42,64.7
31,43,64.6
31,44,64.6
31,45,64.6
31,46,64.6
31,47,64.6
31,48,64.5
31,49,64.5
31,50,64.5
31,51,64.5
31,52,64.5
31,53,64.6
31,54,64.6
31,55,64.6
31,56,64.6
31,57,64.6
31,58,64.7
31,59,64.7
31,60,64.8
31,61,64.8
31,62,64.9
31,63,64.9
31,64,65.0
31,65,65.0
31,66,65.1
31,67,65.1
31,68,65.2
31,69,65.3
31,70,65.4
31,71,65.4
31,72,65.5
31,73,65.6
31,74,65.7
31,75,65.8
31,76,65.8
31,77,65.9
31,78,71.0
31,79,71.1
31,80,71.2
31,81,71.3
31,82,71.4
31,83,66.5
31,84,66.6
31,85,66.7
31,86,66.8
31,87,66.9
31,88,67.0
31,89,67.1
31,90,67.2
31,91,67.3
31,92,67.4
31,93,67.5
31,94,67.5
31,95,67.6
31,96,67.7
31,97,67.8
31,98,67.9
31,99,68.0
32,0,68.1
32,1,68.0
32,2,67.9
32,3,67.8
32,4,67.7
32,5,67.6
32,6,67.5
32,7,67.3
32,8,67.2
32,9,67.1
32,10,67.0
32,11,66.9
32,12,66.8
32,13,66.7
32,14,66.6
32,15,66.5
32,16,66.4
32,17,66.4
32,18,66.3
32,19,66.2
32,20,66.1
32,21,66.0
32,22,65.9
32,23,65.8
32,24,65.7
32,25,65.6
32,26,65.5
32,27,65.4
32,28,65.3
32,29,65.3
32,30,65.2
32,31,65.1
32,32,65.0
32,33,65.0
32,34,64.9
32,35,64.8
32,36,64.8
32,37,64.7
32,38,64.7
32,39,64.6
32,40,64.6
32,41,64.5
32,42,64.5
32,43,64.5
32,44,64.4
32,45,64.4
32,46,64.4
32,47,64.4
32,48,64.3
32,49,64.3
32,50,64.3
32,51,64.3
32,52,64.3
32,53,64.4
32,54,64.4
32,55,64.4
32,56,64.4
32,57,64.5
32,58,64.5
32,59,64.5
32,60,64.6
32,61,64.6
32,62,64.7
32,63,64.7
32,64,64.8
32,65,64.8
32,66,64.9
32,67,65.0
32,68,65.0
32,69,65.1
32,70,65.2
32,71,65.3
32,72,65.3
32,73,65.4
32,74,65.5
32,75,65.6
32,76,65.7
32,77,70.8
32,78,70.9
32,79,71.0
32,80,71.1
32,81,71.2
32,82,66.3
32,83,66.4
32,84,66.4
32,85,66.5
32,86,66.6
32,87,66.7
32,88,66.8
32,89,66.9
32,90,67.0
32,91,67.1
32,92,67.2
32,93,67.3
32,94,67.5
32,95,67.6
32,96,67.7
32,97,67.8
32,98,67.9
32,99,68.0
33,0,68.0
33,1,67.9
33,2,67.8
33,3,67.7
33,4,67.6
33,5,67.5
33,6,67.4
33,7,67.2
33,8,67.1
33,9,67.0
33,10,66.9
33,11,66.8
33,12,66.7
33,13,66.6
33,14,66.5
33,15,66.4
33,16,66.3
33,17,66.2
33,18,66.1
33,19,66.0
33,20,65.9
33,21,65.8
33,22,65.7
33,23,65.6
33,24,65.5
33,25,65.5
33,26,65.4
33,27,65.3
33,28,65.2
33,29,65.1
33,30,65.0
33,31,64.9
33,32,64.9
33,33,64.8
33,34,64.7
33,35,64.7
33,36,64.6
33,37,64.5
33,38,64.5
33,39,64.4
33,40,64.4
33,41,64.3
33,42,64.3
33,43,64.3
33,44,64.2
33,45,64.2
33,46,64.2
33,47,64.2
33,48,64.1
33,49,64.1
33,50,64.1
33,51,64.1
33,52,64.1
33,53,64.2
33,54,64.2
33,55,64.2
33,56,64.2
33,57,64.3
33,58,64.3
33,59,64.3
33,60,64.4
33,61,64.4
33,62,64.5
33,63,64.5
33,64,64.6
33,65,64.7
33,66,64.7
33,67,64.8
33,68,64.9
33,69,64.9
33,70,65.0
33,71,65.1
33,72,65.2
33,73,65.3
33,74,65.4
33,75,65.5
33,76,70.5
33,77,70.6
33,78,70.7
33,79,70.8
33,80,70.9
33,81,66.0
33,82,66.1
33,83,66.2
33,84,66.3
33,85,66.4
33,86,66.5
33,87,66.6
33,88,66.7
33,89,66.8
33,90,66.9
33,91,67.0
33,92,67.1
33,93,67.2
33,94,67.4
33,95,67.5
33,96,67.6
33,97,67.7
33,98,67.8
33,99,67.9
34,0,67.9
34,1,67.8
34,2,67.7
34,3,67.6
34,4,67.5
34,5,67.4
34,6,67.3
34,7,67.1
34,8,67.0
34,9,66.9
34,10,66.8
34,11,66.7
34,12,66.6
34,13,66.5
34,14,66.4
34,15,66.3
34,16,66.2
34,17,66.1
34,18,66.0
34,19,65.9
34,20,65.8
34,21,65.7
34,22,65.6
34,23,65.5
34,24,65.4
34,25,65.3
34,26,65.2
34,27,65.1
34,28,65.0
34,29,64.9
34,30,64.9
34,31,64.8
34,32,64.7
34,33,64.6
34,34,64.5
34,35,64.5
34,36,64.4
34,37,64.3
34,38,64.3
34,39,64.2
34,40,64.2
34,41,64.1
34,42,64.1
34,43,64.1
34,44,64.0
34,45,64.0
34,46,64.0
34,47,63.9
34,48,63.9
34,49,63.9
34,50,63.9
34,51,63.9
34,52,63.9
34,53,63.9
34,54,64.0
34,55,64.0
34,56,64.0
34,57,64.1
34,58,64.1
34,59,64.1
34,60,64.2
34,61,64.2
34,62,64.3
34,63,64.3
34,64,64.4
34,65,64.5
34,66,64.5
34,67,64.6
34,68,64.7
34,69,64.8
34,70,64.9
34,71,64.9
34,72,65.0
34,73,65.1
34,74,65.2
34,75,65.3
34,76,70.4
34,77,70.5
34,78,70.6
34,79,70.7
34,80,65.8
34,81,65.9
34,82,66.0
34,83,66.1
34,84,66.2
34,85,66.3
34,86,66.4
34,87,66.5
34,88,66.6
34,89,66.7
34,90,66.8
34,91,66.9
34,92,67.0
34,93,67.1
34,94,67.3
34,95,67.4
34,96,67.5
34,97,67.6
34,98,67.7
34,99,72.8
35,0,67.8
35,1,67.7
35,2,67.6
35,3,67.5
35,4,67.4
35,5,67.3
35,6,67.2
35,7,67.0
35,8,66.9
35,9,66.8
35,10,66.7
35,11,66.6
35,12,66.5
35,13,66.4
35,14,66.3
35,15,66.2
35,16,66.1
35,17,66.0
35,18,65.9
35,19,65.8
35,20,65.6
35,21,65.5
35,22,65.4
35,23,65.3
35,24,65.2
35,25,65.1
35,26,65.0
35,27,65.0
35,28,64.9
35,29,64.8
35,30,64.7
35,31,64.6
35,32,64.5
35,33,64.4
35,34,64.4
35,35,64.3
35,36,64.2
35,37,64.1
35,38,64.1
35,39,64.0
35,40,64.0
35,41,63.9
35,42,63.9
35,43,63.8
35,44,63.8
35,45,63.8
35,46,63.8
35,47,63.7
35,48,63.7
35,49,63.7
35,50,63.7
35,51,63.7
35,52,63.7
35,53,63.7
35,54,63.8
35,55,63.8
35,56,63.8
35,57,63.8
35,58,63.9
35,59,63.9
35,60,64.0
35,61,64.0
35,62,64.1
35,63,64.1
35,64,64.2
35,65,64.3
35,66,64.4
35,67,64.4
35,68,64.5
35,69,64.6
35,70,64.7
35,71,64.8
35,72,64.9
35,73,65.0
35,74,65.0
35,75,70.1
35,76,70.2
35,77,70.3
35,78,70.4
35,79,70.5
35,80,65.6
35,81,65.8
35,82,65.9
35,83,66.0
35,84,66.1
35,85,66.2
35,86,66.3
35,87,66.4
35,88,66.5
35,89,66.6
35,90,66.7
35,91,66.8
35,92,66.9
35,93,67.0
35,94,67.2
35,95,67.3
35,96,67.4
35,97,72.5
35,98,72.6
35,99,72.7
36,0,67.7
36,1,67.6
36,2,67.5
36,3,67.4
36,4,67.3
36,5,67.2
36,6,67.1
36,7,66.9
36,8,66.8
36,9,66.7
36,10,66.6
36,11,66.5
36,12,66.4
36,13,66.3
36,14,66.2
36,15,66.1
36,16,65.9
36,17,65.8
36,18,65.7
36,19,65.6
36,20,65.5
36,21,65.4
36,22,65.3
36,23,65.2
36,24,65.1
36,25,65.0
36,26,64.9
36,27,64.8
36,28,64.7
36,29,64.6
36,30,64.5
36,31,64.4
36,32,64.3
36,33,64.2
36,34,64.2
36,35,64.1
36,36,64.0
36,37,63.9
36,38,63.9
36,39,63.8
36,40,63.8
36,41,63.7
36,42,63.7
36,43,63.6
36,44,63.6
36,45,63.6
36,46,63.5
36,47,63.5
36,48,63.5
36,49,63.5
36,50,63.5
36,51,63.5
36,52,63.5
36,53,63.5
36,54,63.5
36,55,63.6
36,56,63.6
36,57,63.6
36,58,63.7
36,59,63.7
36,60,63.8
36,61,63.8
36,62,63.9
36,63,63.9
36,64,64.0
36,65,64.1
36,66,64.2
36,67,64.2
36,68,64.3
36,69,64.4
36,70,64.5
36,71,64.6
36,72,64.7
36,73,64.8
36,74,64.9
36,75,70.0
36,76,70.1
36,77,70.2
36,78,70.3
36,79,65.4
36,80,65.5
36,81,65.6
36,82,65.7
36,83,65.8
36,84,65.9
36,85,66.1
36,86,66.2
36,87,66.3
36,88,66.4
36,89,66.5
36,90,66.6
36,91,66.7
36,92,66.8
36,93,66.9
36,94,67.1
36,95,67.2
36,96,72.3
36,97,72.4
36,98,72.5
36,99,72.6
37,0,67.6
37,1,67.5
37,2,67.4
37,3,67.3
37,4,67.2
37,5,67.1
37,6,67.0
37,7,66.8
37,8,66.7
37,9,66.6
37,10,66.5
37,11,66.4
37,12,66.3
37,13,66.2
37,14,66.0
37,15,65.9
37,16,65.8
37,17,65.7
37,18,65.6
37,19,65.5
37,20,65.4
37,21,65.3
37,22,65.1
37,23,65.0
37,24,64.9
37,25,64.8
37,26,64.7
37,27,64.6
37,28,64.5
37,29,64.4
37,30,64.3
37,31,64.2
37,32,64.1
37,33,64.1
37,34,64.0
37,35,63.9
37,36,63.8
37,37,63.7
37,38,63.7
37,39,63.6
37,40,63.6
37,41,63.5
37,42,63.5
37,43,63.4
37,44,63.4
37,45,63.3
37,46,63.3
37,47,63.3
37,48,63.3
37,49,63.3
37,50,63.3
37,51,63.3
37,52,63.3
37,53,63.3
37,54,63.3
37,55,63.3
37,56,63.4
37,57,63.4
37,58,63.5
37,59,63.5
37,60,63.6
37,61,63.6
37,62,63.7
37,63,63.7
37,64,63.8
37,65,63.9
37,66,64.0
37,67,64.1
37,68,64.1
37,69,64.2
37,70,64.3
37,71,64.4
37,72,64.5
37,73,64.6
37,74,69.7
37,75,69.8
37,76,69.9
37,77,70.0
37,78,65.1
37,79,65.3
37,80,65.4
37,81,65.5
37,82,65.6
37,83,65.7
37,84,65.8
37,85,65.9
37,86,66.0
37,87,66.2
37,88,66.3
37,89,66.4
37,90,66.5
37,91,66.6
37,92,66.7
37,93,66.8
37,94,67.0
37,95,72.1
37,96,72.2
37,97,72.3
37,98,72.4
37,99,72.5
38,0,67.5
38,1,67.4
38,2,67.3
38,3,67.2
38,4,67.1
38,5,67.0
38,6,66.9
38,7,66.7
38,8,66.6
38,9,66.5
38,10,66.4
38,11,66.3
38,12,66.2
38,13,66.0
38,14,65.9
38,15,65.8
38,16,65.7
38,17,65.6
38,18,65.5
38,19,65.3
38,20,65.2
38,21,65.1
38,22,65.0
38,23,64.9
38,24,64.8
38,25,64.7
38,26,64.6
38,27,64.5
38,28,64.3
38,29,64.2
38,30,64.1
38,31,64.1
38,32,64.0
38,33,63.9
38,34,63.8
38,35,63.7
38,36,63.6
38,37,63.5
38,38,63.5
38,39,63.4
38,40,63.3
38,41,63.3
38,42,63.2
38,43,63.2
38,44,63.1
38,45,63.1
38,46,63.1
38,47,63.1
38,48,63.0
38,49,63.0
38,50,63.0
38,51,63.0
38,52,63.0
38,53,63.1
38,54,63.1
38,55,63.1
38,56,63.1
38,57,63.2
38,58,63.2
38,59,63.3
38,60,63.3
38,61,63.4
38,62,63.5
38,63,63.5
38,64,63.6
38,65,63.7
38,66,63.8
38,67,63.9
38,68,64.0
38,69,64.1
38,70,64.1
38,71,64.2
38,72,64.3
38,73,69.5
38,74,69.6
38,75,69.7
38,76,69.8
38,77,69.9
38,78,65.0
38,79,65.1
38,80,65.2
38,81,65.3
38,82,65.5
38,83,65.6
38,84,65.7
38,85,65.8
38,86,65.9
38,87,66.0
38,88,66.2
38,89,66.3
38,90,66.4
38,91,66.5
38,92,66.6
38,93,66.7
38,94,71.9
38,95,72.0
38,96,72.1
38,97,72.2
38,98,72.3
38,99,72.4
39,0,67.5
39,1,67.3
39,2,67.2
39,3,67.1
39,4,67.0
39,5,66.9
39,6,66.8
39,7,66.6
39,8,66.5
39,9,66.4
39,10,66.3
39,11,66.2
39,12,66.0
39,13,65.9
39,14,65.8
39,15,65.7
39,16,65.6
39,17,65.4
39,18,65.3
39,19,65.2
39,20,65.1
39,21,65.0
39,22,64.9
39,23,64.7
39,24,64.6
39,25,64.5
39,26,64.4
39,27,64.3
39,28,64.2
39,29,64.1
39,30,64.0
39,31,63.9
39,32,63.8
39,33,63.7
39,34,63.6
39,35,63.5
39,36,63.4
39,37,63.3
39,38,63.3
39,39,63.2
39,40,63.1
39,41,63.1
39,42,63.0
39,43,63.0
39,44,62.9
39,45,62.9
39,46,62.8
39,47,62.8
39,48,62.8
39,49,62.8
39,50,62.8
39,51,62.8
39,52,62.8
39,53,62.8
39,54,62.8
39,55,62.9
39,56,62.9
39,57,63.0
39,58,63.0
39,59,63.1
39,60,63.1
39,61,63.2
39,62,63.3
39,63,63.3
39,64,63.4
39,65,63.5
39,66,63.6
39,67,63.7
39,68,63.8
39,69,63.9
39,70,64.0
39,71,64.1
39,72,64.2
39,73,69.3
39,74,69.4
39,75,69.5
39,76,69.6
39,77,64.7
39,78,64.9
39,79,65.0
39,80,65.1
39,81,65.2
39,82,65.3
39,83,65.4
39,84,65.6
39,85,65.7
39,86,65.8
39,87,65.9
39,88,66.0
39,89,66.2
39,90,66.3
39,91,66.4
39,92,66.5
39,93,71.6
39,94,71.8
39,95,71.9
39,96,72.0
39,97,72.1
39,98,72.2
39,99,72.3
40,0,67.4
40,1,67.3
40,2,67.1
40,3,67.0
40,4,66.9
40,5,66.8
40,6,66.7
40,7,66.5
40,8,66.4
40,9,66.3
40,10,66.2
40,11,66.1
40,12,65.9
40,13,65.8
40,14,65.7
40,15,65.6
40,16,65.4
40,17,65.3
40,18,65.2
40,19,65.1
40,20,64.9
40,21,64.8
40,22,64.7
40,23,64.6
40,24,64.5
40,25,64.3
40,26,64.2
40,27,64.1
40,28,64.0
40,29,63.9
40,30,63.8
40,31,63.7
40,32,63.6
40,33,63.5
40,34,63.4
40,35,63.3
40,36,63.2
40,37,63.1
40,38,63.0
40,39,63.0
40,40,62.9
40,41,62.8
40,42,62.8
40,43,62.7
40,44,62.7
40,45,62.6
40,46,62.6
40,47,62.6
40,48,62.6
40,49,62.6
40,50,62.6
40,51,62.6
40,52,62.6
40,53,62.6
40,54,62.6
40,55,62.6
40,56,62.7
40,57,62.7
40,58,62.8
40,59,62.8
40,60,62.9
40,61,63.0
40,62,63.0
40,63,63.1
40,64,63.2
40,65,63.3
40,66,63.4
40,67,63.5
40,68,63.6
40,69,63.7
40,70,63.8
40,71,63.9
40,72,69.0
40,73,69.1
40,74,69.2
40,75,69.3
40,76,64.5
40,77,64.6
40,78,64.7
40,79,64.8
40,80,64.9
40,81,65.1
40,82,65.2
40,83,65.3
40,84,65.4
40,85,65.6
40,86,65.7
40,87,65.8
40,88,65.9
40,89,66.1
40,90,66.2
40,91,71.3
40,92,71.4
40,93,71.5
40,94,71.7
40,95,71.8
40,96,71.9
40,97,72.0
40,98,72.1
40,99,72.3
41,0,67.3
41,1,67.2
41,2,67.1
41,3,66.9
41,4,66.8
41,5,66.7
41,6,66.6
41,7,66.4
41,8,66.3
41,9,66.2
41,10,66.1
41,11,65.9
41,12,65.8
41,13,65.7
41,14,65.6
41,15,65.4
41,16,65.3
41,17,65.2
41,18,65.1
41,19,64.9
41,20,64.8
41,21,64.7
41,22,64.5
41,23,64.4
41,24,64.3
41,25,64.2
41,26,64.1
41,27,63.9
41,28,63.8
41,29,63.7
41,30,63.6
41,31,63.5
41,32,63.4
41,33,63.3
41,34,63.2
41,35,63.1
41,36,63.0
41,37,62.9
41,38,62.8
41,39,62.7
41,40,62.7
41,41,62.6
41,42,62.5
41,43,62.5
41,44,62.4
41,45,62.4
41,46,62.4
41,47,62.3
41,48,62.3
41,49,62.3
41,50,62.3
41,51,62.3
41,52,62.3
41,53,62.3
41,54,62.4
41,55,62.4
41,56,62.4
41,57,62.5
41,58,62.5
41,59,62.6
41,60,62.7
41,61,62.7
41,62,62.8
41,63,62.9
41,64,63.0
41,65,63.1
41,66,63.2
41,67,63.3
41,68,63.4
41,69,63.5
41,70,63.6
41,71,68.7
41,72,68.8
41,73,68.9
41,74,69.1
41,75,64.2
41,76,64.3
41,77,64.4
41,78,64.5
41,79,64.7
41,80,64.8
41,81,64.9
41,82,65.1
41,83,65.2
41,84,65.3
41,85,65.4
41,86,65.6
41,87,65.7
41,88,65.8
41,89,65.9
41,90,71.1
41,91,71.2
41,92,71.3
41,93,71.4
41,94,71.6
41,95,71.7
41,96,71.8
41,97,71.9
41,98,72.1
41,99,67.2
42,0,67.2
42,1,67.1
42,2,67.0
42,3,66.9
42,4,66.7
42,5,66.6
42,6,66.5
42,7,66.4
42,8,66.2
42,9,66.1
42,10,66.0
42,11,65.8
42,12,65.7
42,13,65.6
42,14,65.4
42,15,65.3
42,16,65.2
42,17,65.1
42,18,64.9
42,19,64.8
42,20,64.7
42,21,64.5
42,22,64.4
42,23,64.3
42,24,64.1
42,25,64.0
42,26,63.9
42,27,63.8
42,28,63.6
42,29,63.5
42,30,63.4
42,31,63.3
42,32,63.2
42,33,63.1
42,34,63.0
42,35,62.9
42,36,62.8
42,37,62.7
42,38,62.6
42,39,62.5
42,40,62.4
42,41,62.4
42,42,62.3
42,43,62.2
42,44,62.2
42,45,62.1
42,46,62.1
42,47,62.1
42,48,62.1
42,49,62.0
42,50,62.0
42,51,62.0
42,52,62.1
42,53,62.1
42,54,62.1
42,55,62.1
42,56,62.2
42,57,62.2
42,58,62.3
42,59,62.4
42,60,62.4
42,61,62.5
42,62,62.6
42,63,62.7
42,64,62.8
42,65,62.9
42,66,63.0
42,67,63.1
42,68,63.2
42,69,63.3
42,70,63.4
42,71,68.5
42,72,68.6
42,73,68.8
42,74,68.9
42,75,64.0
42,76,64.1
42,77,64.3
42,78,64.4
42,79,64.5
42,80,64.7
42,81,64.8
42,82,64.9
42,83,65.1
42,84,65.2
42,85,65.3
42,86,65.4
42,87,65.6
42,88,65.7
42,89,70.8
42,90,71.0
42,91,71.1
42,92,71.2
42,93,71.4
42,94,71.5
42,95,71.6
42,96,71.7
42,97,71.9
42,98,67.0
42,99,67.1
43,0,82.1
43,1,82.0
43,2,66.9
43,3,66.8
43,4,66.6
43,5,66.5
43,6,66.4
43,7,66.3
43,8,66.1
43,9,66.0
43,10,65.9
43,11,65.7
43,12,65.6
43,13,65.5
43,14,65.3
43,15,65.2
43,16,65.1
43,17,64.9
43,18,64.8
43,19,64.6
43,20,64.5
43,21,64.4
43,22,64.2
43,23,64.1
43,24,64.0
43,25,63.8
43,26,63.7
43,27,63.6
43,28,63.5
43,29,63.3
43,30,63.2
43,31,63.1
43,32,63.0
43,33,62.9
43,34,62.7
43,35,62.6
43,36,62.5
43,37,62.4
43,38,62.3
43,39,62.3
43,40,62.2
43,41,62.1
43,42,62.0
43,43,62.0
43,44,61.9
43,45,61.9
43,46,61.8
43,47,61.8
43,48,61.8
43,49,61.8
43,50,61.8
43,51,61.8
43,52,61.8
43,53,61.8
43,54,61.8
43,55,61.9
43,56,61.9
43,57,62.0
43,58,62.0
43,59,62.1
43,60,62.2
43,61,62.3
43,62,62.3
43,63,62.4
43,64,62.5
43,65,62.6
43,66,62.7
43,67,62.9
43,68,63.0
43,69,63.1
43,70,68.2
43,71,68.3
43,72,68.5
43,73,68.6
43,74,63.7
43,75,63.8
43,76,64.0
43,77,64.1
43,78,64.2
43,79,64.4
43,80,64.5
43,81,64.6
43,82,64.8
43,83,64.9
43,84,65.1
43,85,65.2
43,86,65.3
43,87,65.5
43,88,70.6
43,89,70.7
43,90,70.9
43,91,71.0
43,92,71.1
43,93,71.3
43,94,71.4
43,95,71.5
43,96,66.6
43,97,66.8
43,98,66.9
43,99,67.0
44,0,82.1
44,1,81.9
44,2,81.8
44,3,66.7
44,4,66.6
44,5,66.4
44,6,66.3
44,7,66.2
44,8,66.0
44,9,65.9
44,10,65.8
44,11,65.6
44,12,65.5
44,13,65.3
44,14,65.2
44,15,65.1
44,16,64.9
44,17,64.8
44,18,64.6
44,19,64.5
44,20,64.4
44,21,64.2
44,22,64.1
44,23,63.9
44,24,63.8
44,25,63.7
44,26,63.5
44,27,63.4
44,28,63.3
44,29,63.1
44,30,63.0
44,31,62.9
44,32,62.8
44,33,62.6
44,34,62.5
44,35,62.4
44,36,62.3
44,37,62.2
44,38,62.1
44,39,62.0
44,40,61.9
44,41,61.8
44,42,61.8
44,43,61.7
44,44,61.7
44,45,61.6
44,46,61.6
44,47,61.5
44,48,61.5
44,49,61.5
44,50,61.5
44,51,61.5
44,52,61.5
44,53,61.5
44,54,61.6
44,55,61.6
44,56,61.7
44,57,61.7
44,58,61.8
44,59,61.8
44,60,61.9
44,61,62.0
44,62,62.1
44,63,62.2
44,64,62.3
44,65,62.4
44,66,62.5
44,67,62.6
44,68,62.8
44,69,62.9
44,70,68.0
44,71,68.1
44,72,68.3
44,73,63.4
44,74,63.5
44,75,63.7
44,76,63.8
44,77,63.9
44,78,64.1
44,79,64.2
44,80,64.4
44,81,64.5
44,82,64.6
44,83,64.8
44,84,64.9
44,85,65.1
44,86,65.2
44,87,70.3
44,88,70.5
44,89,70.6
44,90,70.8
44,91,70.9
44,92,71.0
44,93,71.2
44,94,71.3
44,95,66.4
44,96,66.6
44,97,66.7
44,98,66.8
44,99,66.9
45,0,87.0
45,1,86.9
45,2,81.7
45,3,81.6
45,4,81.5
45,5,66.3
45,6,66.2
45,7,66.1
45,8,65.9
45,9,65.8
45,10,65.6
45,11,65.5
45,12,65.4
45,13,65.2
45,14,65.1
45,15,64.9
45,16,64.8
45,17,64.7
45,18,64.5
45,19,64.4
45,20,64.2
45,21,64.1
45,22,63.9
45,23,63.8
45,24,63.6
45,25,63.5
45,26,63.4
45,27,63.2
45,28,63.1
45,29,62.9
45,30,62.8
45,31,62.7
45,32,62.5
45,33,62.4
45,34,62.3
45,35,62.2
45,36,62.1
45,37,62.0
45,38,61.9
45,39,61.8
45,40,61.7
45,41,61.6
45,42,61.5
45,43,61.4
45,44,61.4
45,45,61.3
45,46,61.3
45,47,61.3
45,48,61.2
45,49,61.2
45,50,61.2
45,51,61.2
45,52,61.2
45,53,61.3
45,54,61.3
45,55,61.3
45,56,61.4
45,57,61.4
45,58,61.5
45,59,61.6
45,60,61.7
45,61,61.8
45,62,61.9
45,63,62.0
45,64,62.1
45,65,62.2
45,66,62.3
45,67,62.4
45,68,62.5
45,69,67.7
45,70,67.8
45,71,67.9
45,72,63.1
45,73,63.2
45,74,63.4
45,75,63.5
45,76,63.6
45,77,63.8
45,78,63.9
45,79,64.1
45,80,64.2
45,81,64.4
45,82,64.5
45,83,64.7
45,84,64.8
45,85,64.9
45,86,70.1
45,87,70.2
45,88,70.4
45,89,70.5
45,90,70.6
45,91,70.8
45,92,70.9
45,93,66.1
45,94,66.2
45,95,66.3
45,96,66.5
45,97,66.6
45,98,66.7
45,99,66.9
46,0,71.9
46,1,71.8
46,2,86.6
46,3,86.5
46,4,81.4
46,5,81.2
46,6,66.1
46,7,66.0
46,8,65.8
46,9,65.7
46,10,65.5
46,11,65.4
46,12,65.3
46,13,65.1
46,14,65.0
46,15,64.8
46,16,64.7
46,17,64.5
46,18,64.4
46,19,64.2
46,20,64.1
46,21,63.9
46,22,63.8
46,23,63.6
46,24,63.5
46,25,63.3
46,26,63.2
46,27,63.0
46,28,62.9
46,29,62.7
46,30,62.6
46,31,62.5
46,32,62.3
46,33,62.2
46,34,62.1
46,35,61.9
46,36,61.8
46,37,61.7
46,38,61.6
46,39,61.5
46,40,61.4
46,41,61.3
46,42,61.2
46,43,61.2
46,44,61.1
46,45,61.0
46,46,61.0
46,47,61.0
46,48,60.9
46,49,60.9
46,50,60.9
46,51,60.9
46,52,60.9
46,53,61.0
46,54,61.0
46,55,61.0
46,56,61.1
46,57,61.2
46,58,61.2
46,59,61.3
46,60,61.4
46,61,61.5
46,62,61.6
46,63,61.7
46,64,61.8
46,65,61.9
46,66,62.1
46,67,62.2
46,68,67.3
46,69,67.5
46,70,67.6
46,71,67.7
46,72,62.9
46,73,63.0
46,74,63.2
46,75,63.3
46,76,63.5
46,77,63.6
46,78,63.8
46,79,63.9
46,80,64.1
46,81,64.2
46,82,64.4
46,83,64.5
46,84,69.7
46,85,69.8
46,86,70.0
46,87,70.1
46,88,70.3
46,89,70.4
46,90,70.5
46,91,70.7
46,92,65.8
46,93,66.0
46,94,66.1
46,95,66.2
46,96,66.4
46,97,66.5
46,98,66.6
46,99,66.8
47,0,71.8
47,1,71.7
47,2,71.6
47,3,71.4
47,4,86.3
47,5,81.2
47,6,81.0
47,7,80.9
47,8,65.7
47,9,65.6
47,10,65.4
47,11,65.3
47,12,65.1
47,13,65.0
47,14,64.9
47,15,64.7
47,16,64.5
47,17,64.4
47,18,64.2
47,19,64.1
47,20,63.9
47,21,63.8
47,22,63.6
47,23,63.5
47,24,63.3
47,25,63.2
47,26,63.0
47,27,62.9
47,28,62.7
47,29,62.6
47,30,62.4
47,31,62.3
47,32,62.1
47,33,62.0
47,34,61.8
47,35,61.7
47,36,61.6
47,37,61.5
47,38,61.3
47,39,61.2
47,40,61.1
47,41,61.0
47,42,61.0
47,43,60.9
47,44,60.8
47,45,60.7
47,46,60.7
47,47,60.7
47,48,60.6
47,49,60.6
47,50,60.6
47,51,60.6
47,52,60.6
47,53,60.7
47,54,60.7
47,55,60.7
47,56,60.8
47,57,60.9
47,58,61.0
47,59,61.0
47,60,61.1
47,61,61.2
47,62,61.3
47,63,61.5
47,64,61.6
47,65,61.7
47,66,61.8
47,67,62.0
47,68,67.1
47,69,67.3
47,70,67.4
47,71,62.6
47,72,62.7
47,73,62.9
47,74,63.0
47,75,63.2
47,76,63.3
47,77,63.5
47,78,63.6
47,79,63.8
47,80,63.9
47,81,64.1
47,82,64.2
47,83,69.4
47,84,69.5
47,85,69.7
47,86,69.9
47,87,70.0
47,88,70.1
47,89,70.3
47,90,70.4
47,91,65.6
47,92,65.7
47,93,65.9
47,94,66.0
47,95,66.2
47,96,66.3
47,97,66.4
47,98,66.6
47,99,66.7
48,0,66.8
48,1,71.6
48,2,71.5
48,3,71.4
48,4,71.2
48,5,86.1
48,6,85.9
48,7,80.8
48,8,80.6
48,9,65.5
48,10,65.3
48,11,65.2
48,12,65.0
48,13,64.9
48,14,64.7
48,15,64.6
48,16,64.4
48,17,64.3
48,18,64.1
48,19,63.9
48,20,63.8
48,21,63.6
48,22,63.5
48,23,63.3
48,24,63.1
48,25,63.0
48,26,62.8
48,27,62.7
48,28,62.5
48,29,62.4
48,30,62.2
48,31,62.0
48,32,61.9
48,33,61.7
48,34,61.6
48,35,61.5
48,36,61.3
48,37,61.2
48,38,61.1
48,39,61.0
48,40,60.9
48,41,60.8
48,42,60.7
48,43,60.6
48,44,60.5
48,45,60.4
48,46,60.4
48,47,60.4
48,48,60.3
48,49,60.3
48,50,60.3
48,51,60.3
48,52,60.3
48,53,60.4
48,54,60.4
48,55,60.4
48,56,60.5
48,57,60.6
48,58,60.7
48,59,60.8
48,60,60.9
48,61,61.0
48,62,61.1
48,63,61.2
48,64,61.3
48,65,61.5
48,66,61.6
48,67,66.7
48,68,66.9
48,69,67.0
48,70,62.2
48,71,62.4
48,72,62.5
48,73,62.7
48,74,62.8
48,75,63.0
48,76,63.1
48,77,63.3
48,78,63.5
48,79,63.6
48,80,63.8
48,81,63.9
48,82,69.1
48,83,69.3
48,84,69.4
48,85,69.6
48,86,69.7
48,87,69.9
48,88,70.0
48,89,65.2
48,90,65.3
48,91,65.5
48,92,65.6
48,93,65.8
48,94,65.9
48,95,66.1
48,96,66.2
48,97,66.4
48,98,66.5
48,99,66.6
49,0,66.7
49,1,66.6
49,2,66.4
49,3,71.3
49,4,71.1
49,5,71.0
49,6,70.8
49,7,85.7
49,8,85.5
49,9,80.4
49,10,80.2
49,11,65.1
49,12,64.9
49,13,64.8
49,14,64.6
49,15,64.5
49,16,64.3
49,17,64.1
49,18,64.0
49,19,63.8
49,20,63.6
49,21,63.5
49,22,63.3
49,23,63.1
49,24,63.0
49,25,62.8
49,26,62.6
49,27,62.5
49,28,62.3
49,29,62.2
49,30,62.0
49,31,61.8
49,32,61.7
49,33,61.5
49,34,61.4
49,35,61.2
49,36,61.1
49,37,60.9
49,38,60.8
49,39,60.7
49,40,60.6
49,41,60.5
49,42,60.4
49,43,60.3
49,44,60.2
49,45,60.1
49,46,60.1
49,47,60.0
49,48,60.0
49,49,60.0
49,50,60.0
49,51,60.0
49,52,60.0
49,53,60.0
49,54,60.1
49,55,60.1
49,56,60.2
49,57,60.3
49,58,60.4
49,59,60.5
49,60,60.6
49,61,60.7
49,62,60.8
49,63,60.9
49,64,61.1
49,65,61.2
49,66,61.4
49,67,66.5
49,68,66.7
49,69,61.8
49,70,62.0
49,71,62.2
49,72,62.3
49,73,62.5
49,74,62.6
49,75,62.8
49,76,63.0
49,77,63.1
49,78,63.3
49,79,63.5
49,80,63.6
49,81,68.8
49,82,69.0
49,83,69.1
49,84,69.3
49,85,69.5
49,86,69.6
49,87,69.8
49,88,64.9
49,89,65.1
49,90,65.2
49,91,65.4
49,92,65.5
49,93,65.7
49,94,65.8
49,95,66.0
49,96,66.1
49,97,66.3
49,98,66.4
49,99,66.6
50,0,66.6
50,1,66.5
50,2,66.3
50,3,66.2
50,4,66.0
50,5,70.9
50,6,70.8
50,7,70.6
50,8,70.5
50,9,85.3
50,10,80.1
50,11,65.0
50,12,64.8
50,13,64.7
50,14,64.5
50,15,64.3
50,16,64.2
50,17,64.0
50,18,63.8
50,19,63.7
50,20,63.5
50,21,63.3
50,22,63.2
50,23,63.0
50,24,62.8
50,25,62.6
50,26,62.5
50,27,62.3
50,28,62.1
50,29,61.9
50,30,61.8
50,31,61.6
50,32,61.4
50,33,61.3
50,34,61.1
50,35,61.0
50,36,60.8
50,37,60.7
50,38,60.5
50,39,60.4
50,40,60.3
50,41,60.2
50,42,60.1
50,43,60.0
50,44,59.9
50,45,59.8
50,46,59.7
50,47,59.7
50,48,59.7
50,49,59.6
50,50,59.6
50,51,59.6
50,52,59.7
50,53,59.7
50,54,59.7
50,55,59.8
50,56,59.9
50,57,60.0
50,58,60.1
50,59,60.2
50,60,60.3
50,61,60.4
50,62,60.5
50,63,60.7
50,64,60.8
50,65,61.0
50,66,66.1
50,67,66.3
50,68,66.4
50,69,61.6
50,70,61.8
50,71,61.9
50,72,62.1
50,73,62.3
50,74,62.5
50,75,62.6
50,76,62.8
50,77,63.0
50,78,63.2
50,79,63.3
50,80,68.5
50,81,68.7
50,82,68.8
50,83,69.0
50,84,69.2
50,85,69.3
50,86,64.5
50,87,64.7
50,88,64.8
50,89,65.0
50,90,65.1
50,91,65.3
50,92,65.5
50,93,65.6
50,94,65.8
50,95,65.9
50,96,66.0
50,97,66.2
50,98,66.3
50,99,66.5
51,0,66.6
51,1,66.4
51,2,66.3
51,3,66.1
51,4,66.0
51,5,65.8
51,6,65.7
51,7,70.5
51,8,70.4
51,9,70.2
51,10,70.0
51,11,69.9
51,12,64.7
51,13,64.6
51,14,64.4
51,15,64.2
51,16,64.1
51,17,63.9
51,18,63.7
51,19,63.5
51,20,63.4
51,21,63.2
51,22,63.0
51,23,62.8
51,24,62.6
51,25,62.5
51,26,62.3
51,27,62.1
51,28,61.9
51,29,61.7
51,30,61.6
51,31,61.4
51,32,61.2
51,33,61.0
51,34,60.9
51,35,60.7
51,36,60.5
51,37,60.4
51,38,60.2
51,39,60.1
51,40,60.0
51,41,59.8
51,42,59.7
51,43,59.6
51,44,59.5
51,45,59.5
51,46,59.4
51,47,59.3
51,48,59.3
51,49,59.3
51,50,59.3
51,51,59.3
51,52,59.3
51,53,59.3
51,54,59.4
51,55,59.5
51,56,59.5
51,57,59.6
51,58,59.7
51,59,59.8
51,60,60.0
51,61,60.1
51,62,60.2
51,63,60.4
51,64,60.5
51,65,65.7
51,66,65.9
51,67,66.0
51,68,61.2
51,69,61.4
51,70,61.6
51,71,61.7
51,72,61.9
51,73,62.1
51,74,62.3
51,75,62.5
51,76,62.6
51,77,62.8
51,78,63.0
51,79,68.2
51,80,68.4
51,81,68.5
51,82,68.7
51,83,68.9
51,84,69.1
51,85,64.2
51,86,64.4
51,87,64.6
51,88,64.7
51,89,64.9
51,90,65.0
51,91,65.2
51,92,65.4
51,93,65.5
51,94,65.7
51,95,65.8
51,96,66.0
51,97,66.1
51,98,66.3
51,99,66.4
52,0,66.5
52,1,66.3
52,2,66.2
52,3,66.0
52,4,65.9
52,5,65.7
52,6,65.6
52,7,65.4
52,8,70.3
52,9,70.1
52,10,70.0
52,11,69.8
52,12,69.6
52,13,64.5
52,14,64.3
52,15,64.1
52,16,63.9
52,17,63.8
52,18,63.6
52,19,63.4
52,20,63.2
52,21,63.0
52,22,62.9
52,23,62.7
52,24,62.5
52,25,62.3
52,26,62.1
52,27,61.9
52,28,61.7
52,29,61.5
52,30,61.4
52,31,61.2
52,32,61.0
52,33,60.8
52,34,60.6
52,35,60.4
52,36,60.3
52,37,60.1
52,38,60.0
52,39,59.8
52,40,59.7
52,41,59.5
52,42,59.4
52,43,59.3
52,44,59.2
52,45,59.1
52,46,59.0
52,47,59.0
52,48,58.9
52,49,58.9
52,50,58.9
52,51,58.9
52,52,58.9
52,53,59.0
52,54,59.0
52,55,59.1
52,56,59.2
52,57,59.3
52,58,59.4
52,59,59.5
52,60,59.7
52,61,59.8
52,62,60.0
52,63,60.1
52,64,60.3
52,65,65.4
52,66,65.6
52,67,60.8
52,68,61.0
52,69,61.2
52,70,61.4
52,71,61.5
52,72,61.7
52,73,61.9
52,74,62.1
52,75,62.3
52,76,62.5
52,77,67.7
52,78,67.9
52,79,68.0
52,80,68.2
52,81,68.4
52,82,68.6
52,83,63.8
52,84,63.9
52,85,64.1
52,86,64.3
52,87,64.5
52,88,64.6
52,89,64.8
52,90,65.0
52,91,65.1
52,92,65.3
52,93,65.4
52,94,65.6
52,95,65.7
52,96,65.9
52,97,66.0
52,98,66.2
52,99,66.3
53,0,66.4
53,1,66.3
53,2,66.1
53,3,66.0
53,4,65.8
53,5,65.7
53,6,65.5
53,7,65.3
53,8,65.2
53,9,65.0
53,10,69.9
53,11,69.7
53,12,69.5
53,13,69.3
53,14,69.2
53,15,64.0
53,16,63.8
53,17,63.6
53,18,63.5
53,19,63.3
53,20,63.1
53,21,62.9
53,22,62.7
53,23,62.5
53,24,62.3
53,25,62.1
53,26,61.9
53,27,61.7
53,28,61.5
53,29,61.3
53,30,61.1
53,31,60.9
53,32,60.7
53,33,60.6
53,34,60.4
53,35,60.2
53,36,60.0
53,37,59.8
53,38,59.6
53,39,59.5
53,40,59.3
53,41,59.2
53,42,59.1
53,43,58.9
53,44,58.8
53,45,58.7
53,46,58.7
53,47,58.6
53,48,58.6
53,49,58.5
53,50,58.5
53,51,58.5
53,52,58.6
53,53,58.6
53,54,58.7
53,55,58.7
53,56,58.8
53,57,58.9
53,58,59.1
53,59,59.2
53,60,59.3
53,61,59.5
53,62,59.6
53,63,59.8
53,64,65.0
53,65,65.2
53,66,65.4
53,67,60.6
53,68,60.7
53,69,60.9
53,70,61.1
53,71,61.3
53,72,61.5
53,73,61.7
53,74,61.9
53,75,62.1
53,76,67.3
53,77,67.5
53,78,67.7
53,79,67.9
53,80,68.1
53,81,68.3
53,82,63.5
53,83,63.6
53,84,63.8
53,85,64.0
53,86,64.2
53,87,64.3
53,88,64.5
53,89,64.7
53,90,64.9
53,91,65.0
53,92,65.2
53,93,65.3
53,94,65.5
53,95,65.7
53,96,65.8
53,97,66.0
53,98,66.1
53,99,66.3
54,0,66.4
54,1,66.2
54,2,66.1
54,3,65.9
54,4,65.7
54,5,65.6
54,6,65.4
54,7,65.3
54,8,65.1
54,9,64.9
54,10,64.8
54,11,64.6
54,12,69.4
54,13,69.2
54,14,69.1
54,15,68.9
54,16,68.7
54,17,63.5
54,18,63.3
54,19,63.1
54,20,62.9
54,21,62.7
54,22,62.6
54,23,62.4
54,24,62.2
54,25,61.9
54,26,61.7
54,27,61.5
54,28,61.3
54,29,61.1
54,30,60.9
54,31,60.7
54,32,60.5
54,33,60.3
54,34,60.1
54,35,59.9
54,36,59.7
54,37,59.5
54,38,59.3
54,39,59.2
54,40,59.0
54,41,58.8
54,42,58.7
54,43,58.6
54,44,58.5
54,45,58.4
54,46,58.3
54,47,58.2
54,48,58.2
54,49,58.1
54,50,58.1
54,51,58.1
54,52,58.2
54,53,58.2
54,54,58.3
54,55,58.4
54,56,58.5
54,57,58.6
54,58,58.7
54,59,58.8
54,60,59.0
54,61,59.2
54,62,59.3
54,63,59.5
54,64,59.7
54,65,59.9
54,66,60.1
54,67,60.3
54,68,60.5
54,69,60.7
54,70,60.9
54,71,61.1
54,72,61.3
54,73,61.5
54,74,61.7
54,75,66.9
54,76,67.2
54,77,67.4
54,78,67.6
54,79,67.7
54,80,67.9
54,81,63.1
54,82,63.3
54,83,63.5
54,84,63.7
54,85,63.9
54,86,64.1
54,87,64.2
54,88,64.4
54,89,64.6
54,90,64.8
54,91,64.9
54,92,65.1
54,93,65.3
54,94,65.4
54,95,65.6
54,96,65.7
54,97,65.9
54,98,66.1
54,99,66.2
55,0,66.3
55,1,66.1
55,2,66.0
55,3,65.8
55,4,65.7
55,5,65.5
55,6,65.4
55,7,65.2
55,8,65.0
55,9,64.9
55,10,64.7
55,11,64.5
55,12,64.3
55,13,64.1
55,14,69.0
55,15,68.8
55,16,68.6
55,17,68.4
55,18,63.2
55,19,63.0
55,20,62.8
55,21,62.6
55,22,62.4
55,23,62.2
55,24,62.0
55,25,61.8
55,26,61.6
55,27,61.4
55,28,61.1
55,29,60.9
55,30,60.7
55,31,60.5
55,32,60.3
55,33,60.1
55,34,59.8
55,35,59.6
55,36,59.4
55,37,59.2
55,38,59.0
55,39,58.8
55,40,58.7
55,41,58.5
55,42,58.3
55,43,58.2
55,44,58.1
55,45,58.0
55,46,57.9
55,47,57.8
55,48,57.7
55,49,57.7
55,50,57.7
55,51,57.7
55,52,57.7
55,53,57.8
55,54,57.9
55,55,58.0
55,56,58.1
55,57,58.2
55,58,58.3
55,59,58.5
55,60,58.7
55,61,58.8
55,62,59.0
55,63,59.2
55,64,59.4
55,65,59.6
55,66,59.8
55,67,60.1
55,68,60.3
55,69,60.5
55,70,60.7
55,71,60.9
55,72,61.1
55,73,61.4
55,74,66.6
55,75,66.8
55,76,67.0
55,77,67.2
55,78,67.4
55,79,62.6
55,80,62.8
55,81,63.0
55,82,63.2
55,83,63.4
55,84,63.6
55,85,63.8
55,86,64.0
55,87,64.1
55,88,64.3
55,89,64.5
55,90,64.7
55,91,64.9
55,92,65.0
55,93,65.2
55,94,65.4
55,95,65.5
55,96,65.7
55,97,65.8
55,98,66.0
55,99,66.1
56,0,66.2
56,1,66.1
56,2,65.9
56,3,65.8
56,4,65.6
56,5,65.4
56,6,65.3
56,7,65.1
56,8,64.9
56,9,64.8
56,10,64.6
56,11,64.4
56,12,64.2
56,13,64.1
56,14,63.9
56,15,63.7
56,16,68.5
56,17,68.3
56,18,63.1
56,19,62.9
56,20,62.7
56,21,62.5
56,22,62.3
56,23,62.0
56,24,61.8
56,25,61.6
56,26,61.4
56,27,61.2
56,28,60.9
56,29,60.7
56,30,60.5
56,31,60.3
56,32,60.0
56,33,59.8
56,34,59.6
56,35,59.3
56,36,59.1
56,37,58.9
56,38,58.7
56,39,58.5
56,40,58.3
56,41,58.1
56,42,58.0
56,43,57.8
56,44,57.7
56,45,57.5
56,46,57.4
56,47,57.4
56,48,57.3
56,49,57.3
56,50,57.2
56,51,57.3
56,52,57.3
56,53,57.4
56,54,57.4
56,55,57.5
56,56,57.7
56,57,57.8
56,58,58.0
56,59,58.1
56,60,58.3
56,61,58.5
56,62,58.7
56,63,58.9
56,64,59.1
56,65,59.3
56,66,59.6
56,67,59.8
56,68,60.0
56,69,60.3
56,70,60.5
56,71,60.7
56,72,60.9
56,73,66.2
56,74,66.4
56,75,66.6
56,76,66.8
56,77,67.0
56,78,62.3
56,79,62.5
56,80,62.7
56,81,62.9
56,82,63.1
56,83,63.3
56,84,63.5
56,85,63.7
56,86,63.9
56,87,64.1
56,88,64.2
56,89,64.4
56,90,64.6
56,91,64.8
56,92,64.9
56,93,65.1
56,94,65.3
56,95,65.4
56,96,65.6
56,97,65.8
56,98,65.9
56,99,71.1
57,0,66.2
57,1,66.0
57,2,65.9
57,3,65.7
57,4,65.5
57,5,65.4
57,6,65.2
57,7,65.0
57,8,64.9
57,9,64.7
57,10,64.5
57,11,64.3
57,12,64.1
57,13,64.0
57,14,63.8
57,15,63.6
57,16,63.4
57,17,63.2
57,18,63.0
57,19,62.8
57,20,62.5
57,21,62.3
57,22,62.1
57,23,61.9
57,24,61.7
57,25,61.4
57,26,61.2
57,27,61.0
57,28,60.7
57,29,60.5
57,30,60.3
57,31,60.0
57,32,59.8
57,33,59.5
57,34,59.3
57,35,59.1
57,36,58.8
57,37,58.6
57,38,58.4
57,39,58.2
57,40,57.9
57,41,57.7
57,42,57.6
57,43,57.4
57,44,57.2
57,45,57.1
57,46,57.0
57,47,56.9
57,48,56.8
57,49,56.8
57,50,56.8
57,51,56.8
57,52,56.8
57,53,56.9
57,54,57.0
57,55,57.1
57,56,57.2
57,57,57.4
57,58,57.6
57,59,57.7
57,60,57.9
57,61,58.2
57,62,58.4
57,63,58.6
57,64,58.8
57,65,59.1
57,66,59.3
57,67,59.5
57,68,59.8
57,69,60.0
57,70,60.3
57,71,60.5
57,72,65.7
57,73,66.0
57,74,66.2
57,75,66.4
57,76,61.7
57,77,61.9
57,78,62.1
57,79,62.3
57,80,62.5
57,81,62.8
57,82,63.0
57,83,63.2
57,84,63.4
57,85,63.6
57,86,63.8
57,87,64.0
57,88,64.1
57,89,64.3
57,90,64.5
57,91,64.7
57,92,64.9
57,93,65.0
57,94,65.2
57,95,65.4
57,96,65.5
57,97,70.7
57,98,70.9
57,99,71.0
58,0,66.1
58,1,66.0
58,2,65.8
58,3,65.6
58,4,65.5
58,5,65.3
58,6,65.1
58,7,65.0
58,8,64.8
58,9,64.6
58,10,64.4
58,11,64.2
58,12,64.1
58,13,63.9
58,14,63.7
58,15,63.5
58,16,63.3
58,17,63.1
58,18,62.9
58,19,62.6
58,20,62.4
58,21,62.2
58,22,62.0
58,23,61.7
58,24,61.5
58,25,61.3
58,26,61.0
58,27,60.8
58,28,60.6
58,29,60.3
58,30,60.1
58,31,59.8
58,32,59.5
58,33,59.3
58,34,59.0
58,35,58.8
58,36,58.5
58,37,58.3
58,38,58.0
58,39,57.8
58,40,57.6
58,41,57.4
58,42,57.1
58,43,57.0
58,44,56.8
58,45,56.6
58,46,56.5
58,47,56.4
58,48,56.3
58,49,56.3
58,50,56.3
58,51,56.3
58,52,56.3
58,53,56.4
58,54,56.5
58,55,56.6
58,56,56.8
58,57,57.0
58,58,57.1
58,59,57.4
58,60,57.6
58,61,57.8
58,62,58.0
58,63,58.3
58,64,58.5
58,65,58.8
58,66,59.0
58,67,59.3
58,68,59.5
58,69,59.8
58,70,65.1
58,71,65.3
58,72,65.6
58,73,65.8
58,74,66.0
58,75,61.3
58,76,61.5
58,77,61.7
58,78,62.0
58,79,62.2
58,80,62.4
58,81,62.6
58,82,62.9
58,83,63.1
58,84,63.3
58,85,63.5
58,86,63.7
58,87,63.9
58,88,64.1
58,89,64.2
58,90,64.4
58,91,64.6
58,92,64.8
58,93,65.0
58,94,70.1
58,95,70.3
58,96,70.5
58,97,70.6
58,98,70.8
58,99,71.0
59,0,66.1
59,1,65.9
59,2,65.8
59,3,65.6
59,4,65.4
59,5,65.3
59,6,65.1
59,7,64.9
59,8,64.7
59,9,64.5
59,10,64.4
59,11,64.2
59,12,64.0
59,13,63.8
59,14,63.6
59,15,63.4
59,16,63.2
59,17,63.0
59,18,62.7
59,19,62.5
59,20,62.3
59,21,62.1
59,22,61.8
59,23,61.6
59,24,61.4
59,25,61.1
59,26,60.9
59,27,60.6
59,28,60.4
59,29,60.1
59,30,59.8
59,31,59.6
59,32,59.3
59,33,59.0
59,34,58.8
59,35,58.5
59,36,58.2
59,37,58.0
59,38,57.7
59,39,57.4
59,40,57.2
59,41,56.9
59,42,56.7
59,43,56.5
59,44,56.3
59,45,56.2
59,46,56.0
59,47,55.9
59,48,55.8
59,49,55.8
59,50,55.8
59,51,55.8
59,52,55.8
59,53,55.9
59,54,56.0
59,55,56.2
59,56,56.3
59,57,56.5
59,58,56.7
59,59,56.9
59,60,57.2
59,61,57.4
59,62,57.7
59,63,58.0
59,64,58.2
59,65,58.5
59,66,58.8
59,67,59.0
59,68,59.3
59,69,64.6
59,70,64.8
59,71,65.1
59,72,65.4
59,73,60.6
59,74,60.9
59,75,61.1
59,76,61.4
59,77,61.6
59,78,61.8
59,79,62.1
59,80,62.3
59,81,62.5
59,82,62.7
59,83,63.0
59,84,63.2
59,85,63.4
59,86,63.6
59,87,63.8
59,88,64.0
59,89,64.2
59,90,64.4
59,91,64.5
59,92,69.7
59,93,69.9
59,94,70.1
59,95,70.3
59,96,70.4
59,97,70.6
59,98,70.8
59,99,70.9
60,0,66.0
60,1,65.9
60,2,65.7
60,3,65.5
60,4,65.4
60,5,65.2
60,6,65.0
60,7,64.8
60,8,64.7
60,9,64.5
60,10,64.3
60,11,64.1
60,12,63.9
60,13,63.7
60,14,63.5
60,15,63.3
60,16,63.1
60,17,62.9
60,18,62.6
60,19,62.4
60,20,62.2
60,21,61.9
60,22,61.7
60,23,61.5
60,24,61.2
60,25,61.0
60,26,60.7
60,27,60.4
60,28,60.2
60,29,59.9
60,30,59.6
60,31,59.3
60,32,59.1
60,33,58.8
60,34,58.5
60,35,58.2
60,36,57.9
60,37,57.6
60,38,57.3
60,39,57.1
60,40,56.8
60,41,56.5
60,42,56.3
60,43,56.0
60,44,55.8
60,45,55.6
60,46,55.5
60,47,55.4
60,48,55.3
60,49,55.2
60,50,55.2
60,51,55.2
60,52,55.3
60,53,55.4
60,54,55.5
60,55,55.6
60,56,55.8
60,57,56.0
60,58,56.3
60,59,56.5
60,60,56.8
60,61,57.1
60,62,57.3
60,63,57.6
60,64,57.9
60,65,58.2
60,66,58.5
60,67,58.8
60,68,64.1
60,69,64.3
60,70,64.6
60,71,64.9
60,72,60.2
60,73,60.4
60,74,60.7
60,75,61.0
60,76,61.2
60,77,61.5
60,78,61.7
60,79,61.9
60,80,62.2
60,81,62.4
60,82,62.6
60,83,62.9
60,84,63.1
60,85,63.3
60,86,63.5
60,87,63.7
60,88,63.9
60,89,69.1
60,90,69.3
60,91,69.5
60,92,69.7
60,93,69.8
60,94,70.0
60,95,70.2
60,96,70.4
60,97,70.5
60,98,70.7
60,99,70.9
61,0,66.0
61,1,65.8
61,2,65.6
61,3,65.5
61,4,65.3
61,5,65.1
61,6,65.0
61,7,64.8
61,8,64.6
61,9,64.4
61,10,64.2
61,11,64.0
61,12,63.8
61,13,63.6
61,14,63.4
61,15,63.2
61,16,63.0
61,17,62.8
61,18,62.5
61,19,62.3
61,20,62.1
61,21,61.8
61,22,61.6
61,23,61.3
61,24,61.1
61,25,60.8
61,26,60.5
61,27,60.3
61,28,60.0
61,29,59.7
61,30,59.4
61,31,59.1
61,32,58.8
61,33,58.5
61,34,58.2
61,35,57.9
61,36,57.6
61,37,57.3
61,38,57.0
61,39,56.7
61,40,56.4
61,41,56.1
61,42,55.8
61,43,55.6
61,44,55.3
61,45,55.1
61,46,54.9
61,47,54.8
61,48,54.7
61,49,54.6
61,50,54.6
61,51,54.6
61,52,54.7
61,53,54.8
61,54,54.9
61,55,55.1
61,56,55.3
61,57,55.6
61,58,55.8
61,59,56.1
61,60,56.4
61,61,56.7
61,62,57.0
61,63,57.3
61,64,57.6
61,65,57.9
61,66,58.2
61,67,63.5
61,68,63.8
61,69,64.1
61,70,64.4
61,71,59.7
61,72,60.0
61,73,60.3
61,74,60.5
61,75,60.8
61,76,61.1
61,77,61.3
61,78,61.6
61,79,61.8
61,80,62.1
61,81,62.3
61,82,62.5
61,83,62.8
61,84,63.0
61,85,63.2
61,86,68.4
61,87,68.6
61,88,68.8
61,89,69.0
61,90,69.2
61,91,69.4
61,92,69.6
61,93,69.8
61,94,70.0
61,95,70.1
61,96,70.3
61,97,70.5
61,98,70.6
61,99,70.8
62,0,65.9
62,1,65.8
62,2,65.6
62,3,65.4
62,4,65.3
62,5,65.1
62,6,64.9
62,7,64.7
62,8,64.5
62,9,64.3
62,10,64.1
62,11,63.9
62,12,63.7
62,13,63.5
62,14,63.3
62,15,63.1
62,16,62.9
62,17,62.7
62,18,62.4
62,19,62.2
62,20,62.0
62,21,61.7
62,22,61.5
62,23,61.2
62,24,60.9
62,25,60.7
62,26,60.4
62,27,60.1
62,28,59.8
62,29,59.5
62,30,59.2
62,31,58.9
62,32,58.6
62,33,58.3
62,34,58.0
62,35,57.6
62,36,57.3
62,37,57.0
62,38,56.6
62,39,56.3
62,40,56.0
62,41,55.6
62,42,55.3
62,43,55.1
62,44,54.8
62,45,54.5
62,46,54.3
62,47,54.2
62,48,54.1
62,49,54.0
62,50,53.9
62,51,54.0
62,52,54.1
62,53,54.2
62,54,54.3
62,55,54.5
62,56,54.8
62,57,55.1
62,58,55.3
62,59,55.6
62,60,56.0
62,61,56.3
62,62,56.6
62,63,57.0
62,64,57.3
62,65,57.6
62,66,63.0
62,67,63.3
62,68,63.6
62,69,58.9
62,70,59.2
62,71,59.5
62,72,59.8
62,73,60.1
62,74,60.4
62,75,60.7
62,76,60.9
62,77,61.2
62,78,61.5
62,79,61.7
62,80,62.0
62,81,62.2
62,82,62.4
62,83,62.7
62,84,67.9
62,85,68.1
62,86,68.3
62,87,68.5
62,88,68.7
62,89,68.9
62,90,69.1
62,91,69.3
62,92,69.5
62,93,69.7
62,94,69.9
62,95,70.1
62,96,70.3
62,97,70.4
62,98,70.6
62,99,65.8
63,0,65.9
63,1,65.7
63,2,65.6
63,3,65.4
63,4,65.2
63,5,65.0
63,6,64.9
63,7,64.7
63,8,64.5
63,9,64.3
63,10,64.1
63,11,63.9
63,12,63.7
63,13,63.5
63,14,63.3
63,15,63.0
63,16,62.8
63,17,62.6
63,18,62.3
63,19,62.1
63,20,61.9
63,21,61.6
63,22,61.3
63,23,61.1
63,24,60.8
63,25,60.5
63,26,60.2
63,27,60.0
63,28,59.6
63,29,59.3
63,30,59.0
63,31,58.7
63,32,58.4
63,33,58.0
63,34,57.7
63,35,57.3
63,36,57.0
63,37,56.6
63,38,56.3
63,39,55.9
63,40,55.5
63,41,55.2
63,42,54.9
63,43,54.5
63,44,54.2
63,45,53.9
63,46,53.7
63,47,53.5
63,48,53.4
63,49,53.3
63,50,53.3
63,51,53.3
63,52,53.4
63,53,53.5
63,54,53.7
63,55,53.9
63,56,54.2
63,57,54.5
63,58,54.9
63,59,55.2
63,60,55.5
63,61,55.9
63,62,56.3
63,63,56.6
63,64,57.0
63,65,57.3
63,66,57.7
63,67,63.0
63,68,58.4
63,69,58.7
63,70,59.0
63,71,59.3
63,72,59.6
63,73,60.0
63,74,60.2
63,75,60.5
63,76,60.8
63,77,61.1
63,78,61.3
63,79,61.6
63,80,61.9
63,81,67.1
63,82,67.3
63,83,67.6
63,84,67.8
63,85,68.0
63,86,68.3
63,87,68.5
63,88,68.7
63,89,68.9
63,90,69.1
63,91,69.3
63,92,69.5
63,93,69.7
63,94,69.9
63,95,70.0
63,96,65.2
63,97,65.4
63,98,65.6
63,99,65.7
64,0,65.9
64,1,65.7
64,2,65.5
64,3,65.3
64,4,65.2
64,5,65.0
64,6,64.8
64,7,64.6
64,8,64.4
64,9,64.2
64,10,64.0
64,11,63.8
64,12,63.6
64,13,63.4
64,14,63.2
64,15,63.0
64,16,62.7
64,17,62.5
64,18,62.3
64,19,62.0
64,20,61.8
64,21,61.5
64,22,61.2
64,23,61.0
64,24,60.7
64,25,60.4
64,26,60.1
64,27,59.8
64,28,59.5
64,29,59.2
64,30,58.8
64,31,58.5
64,32,58.2
64,33,57.8
64,34,57.4
64,35,57.1
64,36,56.7
64,37,56.3
64,38,55.9
64,39,55.5
64,40,55.1
64,41,54.7
64,42,54.3
64,43,54.0
64,44,53.6
64,45,53.3
64,46,53.0
64,47,52.8
64,48,52.6
64,49,52.5
64,50,52.5
64,51,52.5
64,52,52.6
64,53,52.8
64,54,53.0
64,55,53.3
64,56,53.6
64,57,54.0
64,58,54.3
64,59,54.7
64,60,55.1
64,61,55.5
64,62,55.9
64,63,56.3
64,64,56.7
64,65,57.1
64,66,57.4
64,67,57.8
64,68,58.2
64,69,58.5
64,70,58.8
64,71,59.2
64,72,59.5
64,73,59.8
64,74,60.1
64,75,60.4
64,76,60.7
64,77,61.0
64,78,61.2
64,79,66.5
64,80,66.8
64,81,67.0
64,82,67.3
64,83,67.5
64,84,67.7
64,85,68.0
64,86,68.2
64,87,68.4
64,88,68.6
64,89,68.8
64,90,69.0
64,91,69.2
64,92,64.4
64,93,64.6
64,94,64.8
64,95,65.0
64,96,65.2
64,97,65.3
64,98,65.5
64,99,65.7
65,0,65.8
65,1,65.7
65,2,65.5
65,3,65.3
65,4,65.1
65,5,64.9
65,6,64.8
65,7,64.6
65,8,64.4
65,9,64.2
65,10,64.0
65,11,63.8
65,12,63.6
65,13,63.3
65,14,63.1
65,15,62.9
65,16,62.7
65,17,62.4
65,18,62.2
65,19,61.9
65,20,61.7
65,21,61.4
65,22,61.1
65,23,60.9
65,24,60.6
65,25,60.3
65,26,60.0
65,27,59.7
65,28,59.3
65,29,59.0
65,30,58.7
65,31,58.3
65,32,57.9
65,33,57.6
65,34,57.2
65,35,56.8
65,36,56.4
65,37,56.0
65,38,55.5
65,39,55.1
65,40,54.7
65,41,54.2
65,42,53.8
65,43,53.4
65,44,53.0
65,45,52.6
65,46,52.3
65,47,52.0
65,48,51.8
65,49,51.7
65,50,51.7
65,51,51.7
65,52,51.8
65,53,52.0
65,54,52.3
65,55,52.6
65,56,53.0
65,57,53.4
65,58,53.8
65,59,54.2
65,60,54.7
65,61,55.1
65,62,55.5
65,63,56.0
65,64,56.4
65,65,56.8
65,66,57.2
65,67,57.6
65,68,57.9
65,69,58.3
65,70,58.7
65,71,59.0
65,72,59.3
65,73,59.7
65,74,60.0
65,75,60.3
65,76,65.6
65,77,65.9
65,78,66.1
65,79,66.4
65,80,66.7
65,81,66.9
65,82,67.2
65,83,67.4
65,84,67.7
65,85,67.9
65,86,68.1
65,87,68.3
65,88,63.6
65,89,63.8
65,90,64.0
65,91,64.2
65,92,64.4
65,93,64.6
65,94,64.8
65,95,64.9
65,96,65.1
65,97,65.3
65,98,65.5
65,99,65.7
66,0,65.8
66,1,65.6
66,2,65.4
66,3,65.3
66,4,65.1
66,5,64.9
66,6,64.7
66,7,64.5
66,8,64.3
66,9,64.1
66,10,63.9
66,11,63.7
66,12,63.5
66,13,63.3
66,14,63.1
66,15,62.8
66,16,62.6
66,17,62.4
66,18,62.1
66,19,61.8
66,20,61.6
66,21,61.3
66,22,61.0
66,23,60.8
66,24,60.5
66,25,60.2
66,26,59.8
66,27,59.5
66,28,59.2
66,29,58.8
66,30,58.5
66,31,58.1
66,32,57.7
66,33,57.4
66,34,56.9
66,35,56.5
66,36,56.1
66,37,55.6
66,38,55.2
66,39,54.7
66,40,54.2
66,41,53.8
66,42,53.3
66,43,52.8
66,44,52.4
66,45,51.9
66,46,51.5
66,47,51.2
66,48,51.0
66,49,50.8
66,50,50.8
66,51,50.8
66,52,51.0
66,53,51.2
66,54,51.5
66,55,51.9
66,56,52.4
66,57,52.8
66,58,53.3
66,59,53.8
66,60,54.2
66,61,54.7
66,62,55.2
66,63,55.6
66,64,56.1
66,65,56.5
66,66,56.9
66,67,57.4
66,68,57.7
66,69,58.1
66,70,58.5
66,71,58.8
66,72,59.2
66,73,59.5
66,74,64.8
66,75,65.2
66,76,65.5
66,77,65.8
66,78,66.0
66,79,66.3
66,80,66.6
66,81,66.8
66,82,67.1
66,83,67.4
66,84,62.6
66,85,62.8
66,86,63.1
66,87,63.3
66,88,63.5
66,89,63.7
66,90,63.9
66,91,64.1
66,92,64.3
66,93,64.5
66,94,64.7
66,95,64.9
66,96,65.1
66,97,65.3
66,98,65.4
66,99,65.6
67,0,65.8
67,1,65.6
67,2,65.4
67,3,65.2
67,4,65.1
67,5,64.9
67,6,64.7
67,7,64.5
67,8,64.3
67,9,64.1
67,10,63.9
67,11,63.7
67,12,63.5
67,13,63.2
67,14,63.0
67,15,62.8
67,16,62.5
67,17,62.3
67,18,62.0
67,19,61.8
67,20,61.5
67,21,61.2
67,22,61.0
67,23,60.7
67,24,60.4
67,25,60.1
67,26,59.7
67,27,59.4
67,28,59.1
67,29,58.7
67,30,58.3
67,31,58.0
67,32,57.6
67,33,57.1
67,34,56.7
67,35,56.3
67,36,55.8
67,37,55.3
67,38,54.9
67,39,54.3
67,40,53.8
67,41,53.3
67,42,52.7
67,43,52.2
67,44,51.7
67,45,51.2
67,46,50.7
67,47,50.3
67,48,50.0
67,49,49.8
67,50,49.7
67,51,49.8
67,52,50.0
67,53,50.3
67,54,50.7
67,55,51.2
67,56,51.7
67,57,52.2
67,58,52.7
67,59,53.3
67,60,53.8
67,61,54.3
67,62,54.9
67,63,55.3
67,64,55.8
67,65,56.3
67,66,56.7
67,67,57.1
67,68,57.6
67,69,58.0
67,70,58.3
67,71,63.7
67,72,64.1
67,73,64.4
67,74,64.7
67,75,65.1
67,76,65.4
67,77,65.7
67,78,66.0
67,79,66.2
67,80,66.5
67,81,61.8
67,82,62.0
67,83,62.3
67,84,62.5
67,85,62.8
67,86,63.0
67,87,63.2
67,88,63.5
67,89,63.7
67,90,63.9
67,91,64.1
67,92,64.3
67,93,64.5
67,94,64.7
67,95,64.9
67,96,65.1
67,97,65.2
67,98,65.4
67,99,65.6
68,0,65.7
68,1,65.6
68,2,65.4
68,3,65.2
68,4,65.0
68,5,64.8
68,6,64.6
68,7,64.5
68,8,64.3
68,9,64.1
68,10,63.8
68,11,63.6
68,12,63.4
68,13,63.2
68,14,63.0
68,15,62.7
68,16,62.5
68,17,62.2
68,18,62.0
68,19,61.7
68,20,61.4
68,21,61.2
68,22,60.9
68,23,60.6
68,24,60.3
68,25,60.0
68,26,59.6
68,27,59.3
68,28,58.9
68,29,58.6
68,30,58.2
68,31,57.8
68,32,57.4
68,33,57.0
68,34,56.5
68,35,56.0
68,36,55.6
68,37,55.1
68,38,54.5
68,39,54.0
68,40,53.4
68,41,52.8
68,42,52.2
68,43,51.6
68,44,51.0
68,45,50.4
68,46,49.8
68,47,49.3
68,48,48.9
68,49,48.7
68,50,48.6
68,51,48.7
68,52,48.9
68,53,49.3
68,54,49.8
68,55,50.4
68,56,51.0
68,57,51.6
68,58,52.2
68,59,52.8
68,60,53.4
68,61,54.0
68,62,54.5
68,63,55.1
68,64,55.6
68,65,56.0
68,66,56.5
68,67,57.0
68,68,62.4
68,69,62.8
68,70,63.2
68,71,63.6
68,72,63.9
68,73,64.3
68,74,64.6
68,75,65.0
68,76,65.3
68,77,60.6
68,78,60.9
68,79,61.2
68,80,61.4
68,81,61.7
68,82,62.0
68,83,62.2
68,84,62.5
68,85,62.7
68,86,63.0
68,87,63.2
68,88,63.4
68,89,63.6
68,90,63.8
68,91,64.1
68,92,64.3
68,93,64.5
68,94,64.6
68,95,64.8
68,96,65.0
68,97,65.2
68,98,65.4
68,99,65.6
69,0,65.7
69,1,65.5
69,2,65.4
69,3,65.2
69,4,65.0
69,5,64.8
69,6,64.6
69,7,64.4
69,8,64.2
69,9,64.0
69,10,63.8
69,11,63.6
69,12,63.4
69,13,63.1
69,14,62.9
69,15,62.7
69,16,62.4
69,17,62.2
69,18,61.9
69,19,61.7
69,20,61.4
69,21,61.1
69,22,60.8
69,23,60.5
69,24,60.2
69,25,59.9
69,26,59.5
69,27,59.2
69,28,58.8
69,29,58.5
69,30,58.1
69,31,57.7
69,32,57.2
69,33,56.8
69,34,56.3
69,35,55.8
69,36,55.3
69,37,54.8
69,38,54.2
69,39,53.6
69,40,53.0
69,41,52.4
69,42,51.7
69,43,51.0
69,44,50.2
69,45,49.5
69,46,48.8
69,47,48.2
69,48,47.7
69,49,47.4
69,50,47.2
69,51,47.4
69,52,47.7
69,53,48.2
69,54,48.8
69,55,49.5
69,56,50.2
69,57,51.0
69,58,51.7
69,59,52.4
69,60,53.0
69,61,53.6
69,62,54.2
69,63,54.8
69,64,55.3
69,65,55.8
69,66,56.3
69,67,61.8
69,68,62.2
69,69,62.7
69,70,63.1
69,71,63.5
69,72,63.8
69,73,59.2
69,74,59.5
69,75,59.9
69,76,60.2
69,77,60.5
69,78,60.8
69,79,61.1
69,80,61.4
69,81,61.7
69,82,61.9
69,83,62.2
69,84,62.4
69,85,62.7
69,86,62.9
69,87,63.1
69,88,63.4
69,89,63.6
69,90,63.8
69,91,64.0
69,92,64.2
69,93,64.4
69,94,64.6
69,95,64.8
69,96,65.0
69,97,65.2
69,98,65.4
69,99,65.5
70,0,65.7
70,1,65.5
70,2,65.3
70,3,65.2
70,4,65.0
70,5,64.8
70,6,64.6
70,7,64.4
70,8,64.2
70,9,64.0
70,10,63.8
70,11,63.6
70,12,63.3
70,13,63.1
70,14,62.9
70,15,62.6
70,16,62.4
70,17,62.1
70,18,61.9
70,19,61.6
70,20,61.3
70,21,61.0
70,22,60.7
70,23,60.4
70,24,60.1
70,25,59.8
70,26,59.5
70,27,59.1
70,28,58.7
70,29,58.4
70,30,58.0
70,31,57.5
70,32,57.1
70,33,56.6
70,34,56.2
70,35,55.6
70,36,55.1
70,37,54.5
70,38,53.9
70,39,53.3
70,40,52.6
70,41,51.9
70,42,51.2
70,43,50.4
70,44,49.5
70,45,48.7
70,46,47.8
70,47,47.0
70,48,46.3
70,49,45.8
70,50,45.6
70,51,45.8
70,52,46.3
70,53,47.0
70,54,47.8
70,55,48.7
70,56,49.5
70,57,50.4
70,58,51.2
70,59,51.9
70,60,52.6
70,61,53.3
70,62,53.9
70,63,54.5
70,64,55.1
70,65,55.6
70,66,56.2
70,67,56.6
70,68,62.1
70,69,57.5
70,70,58.0
70,71,58.4
70,72,58.7
70,73,59.1
70,74,59.5
70,75,59.8
70,76,60.1
70,77,60.4
70,78,60.7
70,79,61.0
70,80,61.3
70,81,61.6
70,82,61.9
70,83,62.1
70,84,62.4
70,85,62.6
70,86,62.9
70,87,63.1
70,88,63.3
70,89,63.6
70,90,63.8
70,91,64.0
70,92,64.2
70,93,64.4
70,94,64.6
70,95,64.8
70,96,65.0
70,97,65.2
70,98,65.3
70,99,65.5
71,0,65.7
71,1,65.5
71,2,65.3
71,3,65.1
71,4,65.0
71,5,64.8
71,6,64.6
71,7,64.4
71,8,64.2
71,9,64.0
71,10,63.8
71,11,63.5
71,12,63.3
71,13,63.1
71,14,62.8
71,15,62.6
71,16,62.4
71,17,62.1
71,18,61.8
71,19,61.6
71,20,61.3
71,21,61.0
71,22,60.7
71,23,60.4
71,24,60.1
71,25,59.7
71,26,59.4
71,27,59.0
71,28,58.7
71,29,58.3
71,30,57.9
71,31,57.4
71,32,57.0
71,33,56.5
71,34,56.0
71,35,55.5
71,36,54.9
71,37,54.3
71,38,53.7
71,39,53.0
71,40,52.3
71,41,51.5
71,42,50.7
71,43,49.8
71,44,48.8
71,45,47.8
71,46,46.7
71,47,45.6
71,48,44.7
71,49,44.0
71,50,43.7
71,51,44.0
71,52,44.7
71,53,45.6
71,54,46.7
71,55,47.8
71,56,48.8
71,57,49.8
71,58,50.7
71,59,51.5
71,60,52.3
71,61,53.0
71,62,53.7
71,63,54.3
71,64,54.9
71,65,55.5
71,66,56.0
71,67,56.5
71,68,57.0
71,69,57.4
71,70,57.9
71,71,58.3
71,72,58.7
71,73,59.0
71,74,59.4
71,75,59.7
71,76,60.1
71,77,60.4
71,78,60.7
71,79,61.0
71,80,61.3
71,81,61.6
71,82,61.8
71,83,62.1
71,84,62.4
71,85,62.6
71,86,62.8
71,87,63.1
71,88,63.3
71,89,63.5
71,90,63.8
71,91,64.0
71,92,64.2
71,93,64.4
71,94,64.6
71,95,64.8
71,96,65.0
71,97,65.1
71,98,65.3
71,99,65.5
72,0,65.7
72,1,65.5
72,2,65.3
72,3,65.1
72,4,64.9
72,5,64.8
72,6,64.6
72,7,64.4
72,8,64.2
72,9,63.9
72,10,63.7
72,11,63.5
72,12,63.3
72,13,63.1
72,14,62.8
72,15,62.6
72,16,62.3
72,17,62.1
72,18,61.8
72,19,61.5
72,20,61.3
72,21,61.0
72,22,60.7
72,23,60.4
72,24,60.0
72,25,59.7
72,26,59.3
72,27,59.0
72,28,58.6
72,29,58.2
72,30,57.8
72,31,57.4
72,32,56.9
72,33,56.4
72,34,55.9
72,35,55.4
72,36,54.8
72,37,54.2
72,38,53.5
72,39,52.8
72,40,52.0
72,41,51.2
72,42,50.3
72,43,49.3
72,44,48.2
72,45,47.0
72,46,45.6
72,47,44.2
72,48,42.8
72,49,41.7
72,50,41.2
72,51,41.7
72,52,42.8
72,53,44.2
72,54,45.6
72,55,47.0
72,56,48.2
72,57,49.3
72,58,50.3
72,59,51.2
72,60,52.0
72,61,52.8
72,62,53.5
72,63,54.2
72,64,54.8
72,65,55.4
72,66,55.9
72,67,56.4
72,68,56.9
72,69,57.4
72,70,57.8
72,71,58.2
72,72,58.6
72,73,59.0
72,74,59.3
72,75,59.7
72,76,60.0
72,77,60.4
72,78,60.7
72,79,61.0
72,80,61.3
72,81,61.5
72,82,61.8
72,83,62.1
72,84,62.3
72,85,62.6
72,86,62.8
72,87,63.1
72,88,63.3
72,89,63.5
72,90,63.7
72,91,63.9
72,92,64.2
72,93,64.4
72,94,64.6
72,95,64.8
72,96,64.9
72,97,65.1
72,98,65.3
72,99,65.5
73,0,65.7
73,1,65.5
73,2,65.3
73,3,65.1
73,4,64.9
73,5,64.7
73,6,64.5
73,7,64.3
73,8,64.1
73,9,63.9
73,10,63.7
73,11,63.5
73,12,63.3
73,13,63.0
73,14,62.8
73,15,62.6
73,16,62.3
73,17,62.1
73,18,61.8
73,19,61.5
73,20,61.2
73,21,60.9
73,22,60.6
73,23,60.3
73,24,60.0
73,25,59.7
73,26,59.3
73,27,58.9
73,28,58.6
73,29,58.2
73,30,57.7
73,31,57.3
73,32,56.8
73,33,56.3
73,34,55.8
73,35,55.3
73,36,54.7
73,37,54.1
73,38,53.4
73,39,52.6
73,40,51.8
73,41,51.0
73,42,50.0
73,43,48.9
73,44,47.7
73,45,46.3
73,46,44.7
73,47,42.8
73,48,40.7
73,49,38.7
73,50,37.7
73,51,38.7
73,52,40.7
73,53,42.8
73,54,44.7
73,55,46.3
73,56,47.7
73,57,48.9
73,58,50.0
73,59,51.0
73,60,51.8
73,61,52.6
73,62,53.4
73,63,54.1
73,64,54.7
73,65,55.3
73,66,55.8
73,67,56.3
73,68,56.8
73,69,57.3
73,70,57.7
73,71,58.2
73,72,58.6
73,73,58.9
73,74,59.3
73,75,59.7
73,76,60.0
73,77,60.3
73,78,60.6
73,79,60.9
73,80,61.2
73,81,61.5
73,82,61.8
73,83,62.1
73,84,62.3
73,85,62.6
73,86,62.8
73,87,63.0
73,88,63.3
73,89,63.5
73,90,63.7
73,91,63.9
73,92,64.1
73,93,64.3
73,94,64.5
73,95,64.7
73,96,64.9
73,97,65.1
73,98,65.3
73,99,65.5
74,0,65.7
74,1,65.5
74,2,65.3
74,3,65.1
74,4,64.9
74,5,64.7
74,6,64.5
74,7,64.3
74,8,64.1
74,9,63.9
74,10,63.7
74,11,63.5
74,12,63.3
74,13,63.0
74,14,62.8
74,15,62.6
74,16,62.3
74,17,62.0
74,18,61.8
74,19,61.5
74,20,61.2
74,21,60.9
74,22,60.6
74,23,60.3
74,24,60.0
74,25,59.6
74,26,59.3
74,27,58.9
74,28,58.5
74,29,58.1
74,30,57.7
74,31,57.3
74,32,56.8
74,33,56.3
74,34,55.8
74,35,55.2
74,36,54.6
74,37,54.0
74,38,53.3
74,39,52.5
74,40,51.7
74,41,50.8
74,42,49.8
74,43,48.7
74,44,47.4
74,45,45.8
74,46,44.0
74,47,41.7
74,48,38.7
74,49,34.7
74,50,31.7
74,51,34.7
74,52,38.7
74,53,41.7
74,54,44.0
74,55,45.8
74,56,47.4
74,57,48.7
74,58,49.8
74,59,50.8
74,60,51.7
74,61,52.5
74,62,53.3
74,63,54.0
74,64,54.6
74,65,55.2
74,66,55.8
74,67,56.3
74,68,56.8
74,69,57.3
74,70,57.7
74,71,58.1
74,72,58.5
74,73,58.9
74,74,59.3
74,75,59.6
74,76,60.0
74,77,60.3
74,78,60.6
74,79,60.9
74,80,61.2
74,81,61.5
74,82,61.8
74,83,62.0
74,84,62.3
74,85,62.6
74,86,62.8
74,87,63.0
74,88,63.3
74,89,63.5
74,90,63.7
74,91,63.9
74,92,64.1
74,93,64.3
74,94,64.5
74,95,64.7
74,96,64.9
74,97,65.1
74,98,65.3
74,99,65.5
75,0,65.6
75,1,65.5
75,2,65.3
75,3,65.1
75,4,64.9
75,5,64.7
75,6,64.5
75,7,64.3
75,8,64.1
75,9,63.9
75,10,63.7
75,11,63.5
75,12,63.3
75,13,63.0
75,14,62.8
75,15,62.6
75,16,62.3
75,17,62.0
75,18,61.8
75,19,61.5
75,20,61.2
75,21,60.9
75,22,60.6
75,23,60.3
75,24,60.0
75,25,59.6
75,26,59.3
75,27,58.9
75,28,58.5
75,29,58.1
75,30,57.7
75,31,57.2
75,32,56.8
75,33,56.3
75,34,55.8
75,35,55.2
75,36,54.6
75,37,53.9
75,38,53.3
75,39,52.5
75,40,51.7
75,41,50.8
75,42,49.7
75,43,48.6
75,44,47.2
75,45,45.6
75,46,43.7
75,47,41.2
75,48,37.7
75,49,31.7
75,51,31.7
75,52,37.7
75,53,41.2
75,54,43.7
75,55,45.6
75,56,47.2
75,57,48.6
75,58,49.7
75,59,50.8
75,60,51.7
75,61,52.5
75,62,53.3
75,63,53.9
75,64,54.6
75,65,55.2
75,66,55.8
75,67,56.3
75,68,56.8
75,69,57.2
75,70,57.7
75,71,58.1
75,72,58.5
75,73,58.9
75,74,59.3
75,75,59.6
75,76,60.0
75,77,60.3
75,78,60.6
75,79,60.9
75,80,61.2
75,81,61.5
75,82,61.8
75,83,62.0
75,84,62.3
75,85,62.6
75,86,62.8
75,87,63.0
75,88,63.3
75,89,63.5
75,90,63.7
75,91,63.9
75,92,64.1
75,93,64.3
75,94,64.5
75,95,64.7
75,96,64.9
75,97,65.1
75,98,65.3
75,99,65.5
76,0,65.7
76,1,65.5
76,2,65.3
76,3,65.1
76,4,64.9
76,5,64.7
76,6,64.5
76,7,64.3
76,8,64.1
76,9,63.9
76,10,63.7
76,11,63.5
76,12,63.3
76,13,63.0
76,14,62.8
76,15,62.6
76,16,62.3
76,17,62.0
76,18,61.8
76,19,61.5
76,20,61.2
76,21,60.9
76,22,60.6
76,23,60.3
76,24,60.0
76,25,59.6
76,26,59.3
76,27,58.9
76,28,58.5
76,29,58.1
76,30,57.7
76,31,57.3
76,32,56.8
76,33,56.3
76,34,55.8
76,35,55.2
76,36,54.6
76,37,54.0
76,38,53.3
76,39,52.5
76,40,51.7
76,41,50.8
76,42,49.8
76,43,48.7
76,44,47.4
76,45,45.8
76,46,44.0
76,47,41.7
76,48,38.7
76,49,34.7
76,50,31.7
76,51,34.7
76,52,38.7
76,53,41.7
76,54,44.0
76,55,45.8
76,56,47.4
76,57,48.7
76,58,49.8
76,59,50.8
76,60,51.7
76,61,52.5
76,62,53.3
76,63,54.0
76,64,54.6
76,65,55.2
76,66,55.8
76,67,56.3
76,68,56.8
76,69,57.3
76,70,57.7
76,71,58.1
76,72,58.5
76,73,58.9
76,74,59.3
76,75,59.6
76,76,60.0
76,77,60.3
76,78,60.6
76,79,60.9
76,80,61.2
76,81,61.5
76,82,61.8
76,83,62.0
76,84,62.3
76,85,62.6
76,86,62.8
76,87,63.0
76,88,63.3
76,89,63.5
76,90,63.7
76,91,63.9
76,92,64.1
76,93,64.3
76,94,64.5
76,95,64.7
76,96,64.9
76,97,65.1
76,98,65.3
76,99,65.5
77,0,65.7
77,1,65.5
77,2,65.3
77,3,65.1
77,4,64.9
77,5,64.7
77,6,64.5
77,7,64.3
77,8,64.1
77,9,63.9
77,10,63.7
77,11,63.5
77,12,63.3
77,13,63.0
77,14,62.8
77,15,62.6
77,16,62.3
77,17,62.1
77,18,61.8
77,19,61.5
77,20,61.2
77,21,60.9
77,22,60.6
77,23,60.3
77,24,60.0
77,25,59.7
77,26,59.3
77,27,58.9
77,28,58.6
77,29,58.2
77,30,57.7
77,31,57.3
77,32,56.8
77,33,56.3
77,34,55.8
77,35,55.3
77,36,54.7
77,37,54.1
77,38,53.4
77,39,52.6
77,40,51.8
77,41,51.0
77,42,50.0
77,43,48.9
77,44,47.7
77,45,46.3
77,46,44.7
77,47,42.8
77,48,40.7
77,49,38.7
77,50,37.7
77,51,38.7
77,52,40.7
77,53,42.8
77,54,44.7
77,55,46.3
77,56,47.7
77,57,48.9
77,58,50.0
77,59,51.0
77,60,51.8
77,61,52.6
77,62,53.4
77,63,54.1
77,64,54.7
77,65,55.3
77,66,55.8
77,67,56.3
77,68,56.8
77,69,57.3
77,70,57.7
77,71,58.2
77,72,58.6
77,73,58.9
77,74,59.3
77,75,59.7
77,76,60.0
77,77,60.3
77,78,60.6
77,79,60.9
77,80,61.2
77,81,61.5
77,82,61.8
77,83,62.1
77,84,62.3
77,85,62.6
77,86,62.8
77,87,63.0
77,88,63.3
77,89,63.5
77,90,63.7
77,91,63.9
77,92,64.1
77,93,64.3
77,94,64.5
77,95,64.7
77,96,64.9
77,97,65.1
77,98,65.3
77,99,65.5
78,0,65.7
78,1,65.5
78,2,65.3
78,3,65.1
78,4,64.9
78,5,64.8
78,6,64.6
78,7,64.4
78,8,64.2
78,9,63.9
78,10,63.7
78,11,63.5
78,12,63.3
78,13,63.1
78,14,62.8
78,15,62.6
78,16,62.3
78,17,62.1
78,18,61.8
78,19,61.5
78,20,61.3
78,21,61.0
78,22,60.7
78,23,60.4
78,24,60.0
78,25,59.7
78,26,59.3
78,27,59.0
78,28,58.6
78,29,58.2
78,30,57.8
78,31,57.4
78,32,56.9
78,33,56.4
78,34,55.9
78,35,55.4
78,36,54.8
78,37,54.2
78,38,53.5
78,39,52.8
78,40,52.0
78,41,51.2
78,42,50.3
78,43,49.3
78,44,48.2
78,45,47.0
78,46,45.6
78,47,44.2
78,48,42.8
78,49,41.7
78,50,41.2
78,51,41.7
78,52,42.8
78,53,44.2
78,54,45.6
78,55,47.0
78,56,48.2
78,57,49.3
78,58,50.3
78,59,51.2
78,60,52.0
78,61,52.8
78,62,53.5
78,63,54.2
78,64,54.8
78,65,55.4
78,66,55.9
78,67,56.4
78,68,56.9
78,69,57.4
78,70,57.8
78,71,58.2
78,72,58.6
78,73,59.0
78,74,59.3
78,75,59.7
78,76,60.0
78,77,60.4
78,78,60.7
78,79,61.0
78,80,61.3
78,81,61.5
78,82,61.8
78,83,62.1
78,84,62.3
78,85,62.6
78,86,62.8
78,87,63.1
78,88,63.3
78,89,63.5
78,90,63.7
78,91,63.9
78,92,64.2
78,93,64.4
78,94,64.6
78,95,64.8
78,96,64.9
78,97,65.1
78,98,65.3
78,99,65.5
79,0,65.7
79,1,65.5
79,2,65.3
79,3,65.1
79,4,65.0
79,5,64.8
79,6,64.6
79,7,64.4
79,8,64.2
79,9,64.0
79,10,63.8
79,11,63.5
79,12,63.3
79,13,63.1
79,14,62.8
79,15,62.6
79,16,62.4
79,17,62.1
79,18,61.8
79,19,61.6
79,20,61.3
79,21,61.0
79,22,60.7
79,23,60.4
79,24,60.1
79,25,59.7
79,26,59.4
79,27,59.0
79,28,58.7
79,29,58.3
79,30,57.9
79,31,57.4
79,32,57.0
79,33,56.5
79,34,56.0
79,35,55.5
79,36,54.9
79,37,54.3
79,38,53.7
79,39,53.0
79,40,52.3
79,41,51.5
79,42,50.7
79,43,49.8
79,44,48.8
79,45,47.8
79,46,46.7
79,47,45.6
79,48,44.7
79,49,44.0
79,50,43.7
79,51,44.0
79,52,44.7
79,53,45.6
79,54,46.7
79,55,47.8
79,56,48.8
79,57,49.8
79,58,50.7
79,59,51.5
79,60,52.3
79,61,53.0
79,62,53.7
79,63,54.3
79,64,54.9
79,65,55.5
79,66,56.0
79,67,56.5
79,68,57.0
79,69,57.4
79,70,57.9
79,71,58.3
79,72,58.7
79,73,59.0
79,74,59.4
79,75,59.7
79,76,60.1
79,77,60.4
79,78,60.7
79,79,61.0
79,80,61.3
79,81,61.6
79,82,61.8
79,83,62.1
79,84,62.4
79,85,62.6
79,86,62.8
79,87,63.1
79,88,63.3
79,89,63.5
79,90,63.8
79,91,64.0
79,92,64.2
79,93,64.4
79,94,64.6
79,95,64.8
79,96,65.0
79,97,65.1
79,98,65.3
79,99,65.5
80,0,65.7
80,1,65.5
80,2,65.3
80,3,65.2
80,4,65.0
80,5,64.8
80,6,64.6
80,7,64.4
80,8,64.2
80,9,64.0
80,10,63.8
80,11,63.6
80,12,63.3
80,13,63.1
80,14,62.9
80,15,62.6
80,16,62.4
80,17,62.1
80,18,61.9
80,19,61.6
80,20,61.3
80,21,61.0
80,22,60.7
80,23,60.4
80,24,60.1
80,25,59.8
80,26,59.5
80,27,59.1
80,28,58.7
80,29,58.4
80,30,58.0
80,31,57.5
80,32,57.1
80,33,56.6
80,34,56.2
80,35,55.6
80,36,55.1
80,37,54.5
80,38,53.9
80,39,53.3
80,40,52.6
80,41,51.9
80,42,51.2
80,43,50.4
80,44,49.5
80,45,48.7
80,46,47.8
80,47,47.0
80,48,46.3
80,49,45.8
80,50,45.6
80,51,45.8
80,52,46.3
80,53,47.0
80,54,47.8
80,55,48.7
80,56,49.5
80,57,50.4
80,58,51.2
80,59,51.9
80,60,52.6
80,61,53.3
80,62,53.9
80,63,54.5
80,64,55.1
80,65,55.6
80,66,56.2
80,67,56.6
80,68,57.1
80,69,57.5
80,70,58.0
80,71,58.4
80,72,58.7
80,73,59.1
80,74,59.5
80,75,59.8
80,76,60.1
80,77,60.4
80,78,60.7
80,79,61.0
80,80,61.3
80,81,61.6
80,82,61.9
80,83,62.1
80,84,62.4
80,85,62.6
80,86,62.9
80,87,63.1
80,88,63.3
80,89,63.6
80,90,63.8
80,91,64.0
80,92,64.2
80,93,64.4
80,94,64.6
80,95,64.8
80,96,65.0
80,97,65.2
80,98,65.3
80,99,65.5
81,0,65.7
81,1,65.5
81,2,65.4
81,3,65.2
81,4,65.0
81,5,64.8
81,6,64.6
81,7,64.4
81,8,64.2
81,9,64.0
81,10,63.8
81,11,63.6
81,12,63.4
81,13,63.1
81,14,62.9
81,15,62.7
81,16,62.4
81,17,62.2
81,18,61.9
81,19,61.7
81,20,61.4
81,21,61.1
81,22,60.8
81,23,60.5
81,24,60.2
81,25,59.9
81,26,59.5
81,27,59.2
81,28,58.8
81,29,58.5
81,30,58.1
81,31,57.7
81,32,57.2
81,33,56.8
81,34,56.3
81,35,55.8
81,36,55.3
81,37,54.8
81,38,54.2
81,39,53.6
81,40,53.0
81,41,52.4
81,42,51.7
81,43,51.0
81,44,50.2
81,45,49.5
81,46,48.8
81,47,48.2
81,48,47.7
81,49,47.4
81,50,47.2
81,51,47.4
81,52,47.7
81,53,48.2
81,54,48.8
81,55,49.5
81,56,50.2
81,57,51.0
81,58,51.7
81,59,52.4
81,60,53.0
81,61,53.6
81,62,54.2
81,63,54.8
81,64,55.3
81,65,55.8
81,66,56.3
81,67,56.8
81,68,57.2
81,69,57.7
81,70,58.1
81,71,58.5
81,72,58.8
81,73,59.2
81,74,59.5
81,75,59.9
81,76,60.2
81,77,60.5
81,78,60.8
81,79,61.1
81,80,61.4
81,81,61.7
81,82,61.9
81,83,62.2
81,84,62.4
81,85,62.7
81,86,62.9
81,87,63.1
81,88,63.4
81,89,63.6
81,90,63.8
81,91,64.0
81,92,64.2
81,93,64.4
81,94,64.6
81,95,64.8
81,96,65.0
81,97,65.2
81,98,65.4
81,99,65.5
82,0,65.7
82,1,65.6
82,2,65.4
82,3,65.2
82,4,65.0
82,5,64.8
82,6,64.6
82,7,64.5
82,8,64.3
82,9,64.1
82,10,63.8
82,11,63.6
82,12,63.4
82,13,63.2
82,14,63.0
82,15,62.7
82,16,62.5
82,17,62.2
82,18,62.0
82,19,61.7
82,20,61.4
82,21,61.2
82,22,60.9
82,23,60.6
82,24,60.3
82,25,60.0
82,26,59.6
82,27,59.3
82,28,58.9
82,29,58.6
82,30,58.2
82,31,57.8
82,32,57.4
82,33,57.0
82,34,56.5
82,35,56.0
82,36,55.6
82,37,55.1
82,38,54.5
82,39,54.0
82,40,53.4
82,41,52.8
82,42,52.2
82,43,51.6
82,44,51.0
82,45,50.4
82,46,49.8
82,47,49.3
82,48,48.9
82,49,48.7
82,50,48.6
82,51,48.7
82,52,48.9
82,53,49.3
82,54,49.8
82,55,50.4
82,56,51.0
82,57,51.6
82,58,52.2
82,59,52.8
82,60,53.4
82,61,54.0
82,62,54.5
82,63,55.1
82,64,55.6
82,65,56.0
82,66,56.5
82,67,57.0
82,68,57.4
82,69,57.8
82,70,58.2
82,71,58.6
82,72,58.9
82,73,59.3
82,74,59.6
82,75,60.0
82,76,60.3
82,77,60.6
82,78,60.9
82,79,61.2
82,80,61.4
82,81,61.7
82,82,62.0
82,83,62.2
82,84,62.5
82,85,62.7
82,86,63.0
82,87,63.2
82,88,63.4
82,89,63.6
82,90,63.8
82,91,64.1
82,92,64.3
82,93,64.5
82,94,64.6
82,95,64.8
82,96,65.0
82,97,65.2
82,98,65.4
82,99,65.6
83,0,65.8
83,1,65.6
83,2,65.4
83,3,65.2
83,4,65.1
83,5,64.9
83,6,64.7
83,7,64.5
83,8,64.3
83,9,64.1
83,10,63.9
83,11,63.7
83,12,63.5
83,13,63.2
83,14,63.0
83,15,62.8
83,16,62.5
83,17,62.3
83,18,62.0
83,19,61.8
83,20,61.5
83,21,61.2
83,22,61.0
83,23,60.7
83,24,60.4
83,25,60.1
83,26,59.7
83,27,59.4
83,28,59.1
83,29,58.7
83,30,58.3
83,31,58.0
83,32,57.6
83,33,57.1
83,34,56.7
83,35,56.3
83,36,55.8
83,37,55.3
83,38,54.9
83,39,54.3
83,40,53.8
83,41,53.3
83,42,52.7
83,43,52.2
83,44,51.7
83,45,51.2
83,46,50.7
83,47,50.3
83,48,50.0
83,49,49.8
83,50,49.7
83,51,49.8
83,52,50.0
83,53,50.3
83,54,50.7
83,55,51.2
83,56,51.7
83,57,52.2
83,58,52.7
83,59,53.3
83,60,53.8
83,61,54.3
83,62,54.9
83,63,55.3
83,64,55.8
83,65,56.3
83,66,56.7
83,67,57.1
83,68,57.6
83,69,58.0
83,70,58.3
83,71,58.7
83,72,59.1
83,73,59.4
83,74,59.7
83,75,60.1
83,76,60.4
83,77,60.7
83,78,61.0
83,79,61.2
83,80,61.5
83,81,61.8
83,82,62.0
83,83,62.3
83,84,62.5
83,85,62.8
83,86,63.0
83,87,63.2
83,88,63.5
83,89,63.7
83,90,63.9
83,91,64.1
83,92,64.3
83,93,64.5
83,94,64.7
83,95,64.9
83,96,65.1
83,97,65.2
83,98,65.4
83,99,65.6
84,0,65.8
84,1,65.6
84,2,65.4
84,3,65.3
84,4,65.1
84,5,64.9
84,6,64.7
84,7,64.5
84,8,64.3
84,9,64.1
84,10,63.9
84,11,63.7
84,12,63.5
84,13,63.3
84,14,63.1
84,15,62.8
84,16,62.6
84,17,62.4
84,18,62.1
84,19,61.8
84,20,61.6
84,21,61.3
84,22,61.0
84,23,60.8
84,24,60.5
84,25,60.2
84,26,59.8
84,27,59.5
84,28,59.2
84,29,58.8
84,30,58.5
84,31,58.1
84,32,57.7
84,33,57.4
84,34,56.9
84,35,56.5
84,36,56.1
84,37,55.6
84,38,55.2
84,39,54.7
84,40,54.2
84,41,53.8
84,42,53.3
84,43,52.8
84,44,52.4
84,45,51.9
84,46,51.5
84,47,51.2
84,48,51.0
84,49,50.8
84,50,50.8
84,51,50.8
84,52,51.0
84,53,51.2
84,54,51.5
84,55,51.9
84,56,52.4
84,57,52.8
84,58,53.3
84,59,53.8
84,60,54.2
84,61,54.7
84,62,55.2
84,63,55.6
84,64,56.1
84,65,56.5
84,66,56.9
84,67,57.4
84,68,57.7
84,69,58.1
84,70,58.5
84,71,58.8
84,72,59.2
84,73,59.5
84,74,59.8
84,75,60.2
84,76,60.5
84,77,60.8
84,78,61.0
84,79,61.3
84,80,61.6
84,81,61.8
84,82,62.1
84,83,62.4
84,84,62.6
84,85,62.8
84,86,63.1
84,87,63.3
84,88,63.5
84,89,63.7
84,90,63.9
84,91,64.1
84,92,64.3
84,93,64.5
84,94,64.7
84,95,64.9
84,96,65.1
84,97,65.3
84,98,65.4
84,99,65.6
85,0,65.8
85,1,65.7
85,2,65.5
85,3,65.3
85,4,65.1
85,5,64.9
85,6,64.8
85,7,64.6
85,8,64.4
85,9,64.2
85,10,64.0
85,11,63.8
85,12,63.6
85,13,63.3
85,14,63.1
85,15,62.9
85,16,62.7
85,17,62.4
85,18,62.2
85,19,61.9
85,20,61.7
85,21,61.4
85,22,61.1
85,23,60.9
85,24,60.6
85,25,60.3
85,26,60.0
85,27,59.7
85,28,59.3
85,29,59.0
85,30,58.7
85,31,58.3
85,32,57.9
85,33,57.6
85,34,57.2
85,35,56.8
85,36,56.4
85,37,56.0
85,38,55.5
85,39,55.1
85,40,54.7
85,41,54.2
85,42,53.8
85,43,53.4
85,44,53.0
85,45,52.6
85,46,52.3
85,47,52.0
85,48,51.8
85,49,51.7
85,50,51.7
85,51,51.7
85,52,51.8
85,53,52.0
85,54,52.3
85,55,52.6
85,56,53.0
85,57,53.4
85,58,53.8
85,59,54.2
85,60,54.7
85,61,55.1
85,62,55.5
85,63,56.0
85,64,56.4
85,65,56.8
85,66,57.2
85,67,57.6
85,68,57.9
85,69,58.3
85,70,58.7
85,71,59.0
85,72,59.3
85,73,59.7
85,74,60.0
85,75,60.3
85,76,60.6
85,77,60.9
85,78,61.1
85,79,61.4
85,80,61.7
85,81,61.9
85,82,62.2
85,83,62.4
85,84,62.7
85,85,62.9
85,86,63.1
85,87,63.3
85,88,63.6
85,89,63.8
85,90,64.0
85,91,64.2
85,92,64.4
85,93,64.6
85,94,64.8
85,95,64.9
85,96,65.1
85,97,65.3
85,98,65.5
85,99,65.7
86,0,65.9
86,1,65.7
86,2,65.5
86,3,65.3
86,4,65.2
86,5,65.0
86,6,64.8
86,7,64.6
86,8,64.4
86,9,64.2
86,10,64.0
86,11,63.8
86,12,63.6
86,13,63.4
86,14,63.2
86,15,63.0
86,16,62.7
86,17,62.5
86,18,62.3
86,19,62.0
86,20,61.8
86,21,61.5
86,22,61.2
86,23,61.0
86,24,60.7
86,25,60.4
86,26,60.1
86,27,59.8
86,28,59.5
86,29,59.2
86,30,58.8
86,31,58.5
86,32,58.2
86,33,57.8
86,34,57.4
86,35,57.1
86,36,56.7
86,37,56.3
86,38,55.9
86,39,55.5
86,40,55.1
86,41,54.7
86,42,54.3
86,43,54.0
86,44,53.6
86,45,53.3
86,46,53.0
86,47,52.8
86,48,52.6
86,49,52.5
86,50,52.5
86,51,52.5
86,52,52.6
86,53,52.8
86,54,53.0
86,55,53.3
86,56,53.6
86,57,54.0
86,58,54.3
86,59,54.7
86,60,55.1
86,61,55.5
86,62,55.9
86,63,56.3
86,64,56.7
86,65,57.1
86,66,57.4
86,67,57.8
86,68,58.2
86,69,58.5
86,70,58.8
86,71,59.2
86,72,59.5
86,73,59.8
86,74,60.1
86,75,60.4
86,76,60.7
86,77,61.0
86,78,61.2
86,79,61.5
86,80,61.8
86,81,62.0
86,82,62.3
86,83,62.5
86,84,62.7
86,85,63.0
86,86,63.2
86,87,63.4
86,88,63.6
86,89,63.8
86,90,64.0
86,91,64.2
86,92,64.4
86,93,64.6
86,94,64.8
86,95,65.0
86,96,65.2
86,97,65.3
86,98,65.5
86,99,65.7
87,0,65.9
87,1,65.7
87,2,65.6
87,3,65.4
87,4,65.2
87,5,65.0
87,6,64.9
87,7,64.7
87,8,64.5
87,9,64.3
87,10,64.1
87,11,63.9
87,12,63.7
87,13,63.5
87,14,63.3
87,15,63.0
87,16,62.8
87,17,62.6
87,18,62.3
87,19,62.1
87,20,61.9
87,21,61.6
87,22,61.3
87,23,61.1
87,24,60.8
87,25,60.5
87,26,60.2
87,27,60.0
87,28,59.6
87,29,59.3
87,30,59.0
87,31,58.7
87,32,58.4
87,33,58.0
87,34,57.7
87,35,57.3
87,36,57.0
87,37,56.6
87,38,56.3
87,39,55.9
87,40,55.5
87,41,55.2
87,42,54.9
87,43,54.5
87,44,54.2
87,45,53.9
87,46,53.7
87,47,53.5
87,48,53.4
87,49,53.3
87,50,53.3
87,51,53.3
87,52,53.4
87,53,53.5
87,54,53.7
87,55,53.9
87,56,54.2
87,57,54.5
87,58,54.9
87,59,55.2
87,60,55.5
87,61,55.9
87,62,56.3
87,63,56.6
87,64,57.0
87,65,57.3
87,66,57.7
87,67,58.0
87,68,58.4
87,69,58.7
87,70,59.0
87,71,59.3
87,72,59.6
87,73,60.0
87,74,60.2
87,75,60.5
87,76,60.8
87,77,61.1
87,78,61.3
87,79,61.6
87,80,61.9
87,81,62.1
87,82,62.3
87,83,62.6
87,84,62.8
87,85,63.0
87,86,63.3
87,87,63.5
87,88,63.7
87,89,63.9
87,90,64.1
87,91,64.3
87,92,64.5
87,93,64.7
87,94,64.9
87,95,65.0
87,96,65.2
87,97,65.4
87,98,65.6
87,99,65.7
88,0,65.9
88,1,65.8
88,2,65.6
88,3,65.4
88,4,65.3
88,5,65.1
88,6,64.9
88,7,64.7
88,8,64.5
88,9,64.3
88,10,64.1
88,11,63.9
88,12,63.7
88,13,63.5
88,14,63.3
88,15,63.1
88,16,62.9
88,17,62.7
88,18,62.4
88,19,62.2
88,20,62.0
88,21,61.7
88,22,61.5
88,23,61.2
88,24,60.9
88,25,60.7
88,26,60.4
88,27,60.1
88,28,59.8
88,29,59.5
88,30,59.2
88,31,58.9
88,32,58.6
88,33,58.3
88,34,58.0
88,35,57.6
88,36,57.3
88,37,57.0
88,38,56.6
88,39,56.3
88,40,56.0
88,41,55.6
88,42,55.3
88,43,55.1
88,44,54.8
88,45,54.5
88,46,54.3
88,47,54.2
88,48,54.1
88,49,54.0
88,50,53.9
88,51,54.0
88,52,54.1
88,53,54.2
88,54,54.3
88,55,54.5
88,56,54.8
88,57,55.1
88,58,55.3
88,59,55.6
88,60,56.0
88,61,56.3
88,62,56.6
88,63,57.0
88,64,57.3
88,65,57.6
88,66,58.0
88,67,58.3
88,68,58.6
88,69,58.9
88,70,59.2
88,71,59.5
88,72,59.8
88,73,60.1
88,74,60.4
88,75,60.7
88,76,60.9
88,77,61.2
88,78,61.5
88,79,61.7
88,80,62.0
88,81,62.2
88,82,62.4
88,83,62.7
88,84,62.9
88,85,63.1
88,86,63.3
88,87,63.5
88,88,63.7
88,89,63.9
88,90,64.1
88,91,64.3
88,92,64.5
88,93,64.7
88,94,64.9
88,95,65.1
88,96,65.3
88,97,65.4
88,98,65.6
88,99,65.8
89,0,66.0
89,1,65.8
89,2,65.6
89,3,65.5
89,4,65.3
89,5,65.1
89,6,65.0
89,7,64.8
89,8,64.6
89,9,64.4
89,10,64.2
89,11,64.0
89,12,63.8
89,13,63.6
89,14,63.4
89,15,63.2
89,16,63.0
89,17,62.8
89,18,62.5
89,19,62.3
89,20,62.1
89,21,61.8
89,22,61.6
89,23,61.3
89,24,61.1
89,25,60.8
89,26,60.5
89,27,60.3
89,28,60.0
89,29,59.7
89,30,59.4
89,31,59.1
89,32,58.8
89,33,58.5
89,34,58.2
89,35,57.9
89,36,57.6
89,37,57.3
89,38,57.0
89,39,56.7
89,40,56.4
89,41,56.1
89,42,55.8
89,43,55.6
89,44,55.3
89,45,55.1
89,46,54.9
89,47,54.8
89,48,54.7
89,49,54.6
89,50,54.6
89,51,54.6
89,52,54.7
89,53,54.8
89,54,54.9
89,55,55.1
89,56,55.3
89,57,55.6
89,58,55.8
89,59,56.1
89,60,56.4
89,61,56.7
89,62,57.0
89,63,57.3
89,64,57.6
89,65,57.9
89,66,58.2
89,67,58.5
89,68,58.8
89,69,59.1
89,70,59.4
89,71,59.7
89,72,60.0
89,73,60.3
89,74,60.5
89,75,60.8
89,76,61.1
89,77,61.3
89,78,61.6
89,79,61.8
89,80,62.1
89,81,62.3
89,82,62.5
89,83,62.8
89,84,63.0
89,85,63.2
89,86,63.4
89,87,63.6
89,88,63.8
89,89,64.0
89,90,64.2
89,91,64.4
89,92,64.6
89,93,64.8
89,94,65.0
89,95,65.1
89,96,65.3
89,97,65.5
89,98,65.6
89,99,65.8
90,0,66.0
90,1,65.9
90,2,65.7
90,3,65.5
90,4,65.4
90,5,65.2
90,6,65.0
90,7,64.8
90,8,64.7
90,9,64.5
90,10,64.3
90,11,64.1
90,12,63.9
90,13,63.7
90,14,63.5
90,15,63.3
90,16,63.1
90,17,62.9
90,18,62.6
90,19,62.4
90,20,62.2
90,21,61.9
90,22,61.7
90,23,61.5
90,24,61.2
90,25,61.0
90,26,60.7
90,27,60.4
90,28,60.2
90,29,59.9
90,30,59.6
90,31,59.3
90,32,59.1
90,33,58.8
90,34,58.5
90,35,58.2
90,36,57.9
90,37,57.6
90,38,57.3
90,39,57.1
90,40,56.8
90,41,56.5
90,42,56.3
90,43,56.0
90,44,55.8
90,45,55.6
90,46,55.5
90,47,55.4
90,48,55.3
90,49,55.2
90,50,55.2
90,51,55.2
90,52,55.3
90,53,55.4
90,54,55.5
90,55,55.6
90,56,55.8
90,57,56.0
90,58,56.3
90,59,56.5
90,60,56.8
90,61,57.1
90,62,57.3
90,63,57.6
90,64,57.9
90,65,58.2
90,66,58.5
90,67,58.8
90,68,59.1
90,69,59.3
90,70,59.6
90,71,59.9
90,72,60.2
90,73,60.4
90,74,60.7
90,75,61.0
90,76,61.2
90,77,61.5
90,78,61.7
90,79,61.9
90,80,62.2
90,81,62.4
90,82,62.6
90,83,62.9
90,84,63.1
90,85,63.3
90,86,63.5
90,87,63.7
90,88,63.9
90,89,64.1
90,90,64.3
90,91,64.5
90,92,64.7
90,93,64.8
90,94,65.0
90,95,65.2
90,96,65.4
90,97,65.5
90,98,65.7
90,99,65.9
91,0,66.1
91,1,65.9
91,2,65.8
91,3,65.6
91,4,65.4
91,5,65.3
91,6,65.1
91,7,64.9
91,8,64.7
91,9,64.5
91,10,64.4
91,11,64.2
91,12,64.0
91,13,63.8
91,14,63.6
91,15,63.4
91,16,63.2
91,17,63.0
91,18,62.7
91,19,62.5
91,20,62.3
91,21,62.1
91,22,61.8
91,23,61.6
91,24,61.4
91,25,61.1
91,26,60.9
91,27,60.6
91,28,60.4
91,29,60.1
91,30,59.8
91,31,59.6
91,32,59.3
91,33,59.0
91,34,58.8
91,35,58.5
91,36,58.2
91,37,58.0
91,38,57.7
91,39,57.4
91,40,57.2
91,41,56.9
91,42,56.7
91,43,56.5
91,44,56.3
91,45,56.2
91,46,56.0
91,47,55.9
91,48,55.8
91,49,55.8
91,50,55.8
91,51,55.8
91,52,55.8
91,53,55.9
91,54,56.0
91,55,56.2
91,56,56.3
91,57,56.5
91,58,56.7
91,59,56.9
91,60,57.2
91,61,57.4
91,62,57.7
91,63,58.0
91,64,58.2
91,65,58.5
91,66,58.8
91,67,59.0
91,68,59.3
91,69,59.6
91,70,59.8
91,71,60.1
91,72,60.4
91,73,60.6
91,74,60.9
91,75,61.1
91,76,61.4
91,77,61.6
91,78,61.8
91,79,62.1
91,80,62.3
91,81,62.5
91,82,62.7
91,83,63.0
91,84,63.2
91,85,63.4
91,86,63.6
91,87,63.8
91,88,64.0
91,89,64.2
91,90,64.4
91,91,64.5
91,92,64.7
91,93,64.9
91,94,65.1
91,95,65.3
91,96,65.4
91,97,65.6
91,98,65.8
91,99,65.9
92,0,66.1
92,1,66.0
92,2,65.8
92,3,65.6
92,4,65.5
92,5,65.3
92,6,65.1
92,7,65.0
92,8,64.8
92,9,64.6
92,10,64.4
92,11,64.2
92,12,64.1
92,13,63.9
92,14,63.7
92,15,63.5
92,16,63.3
92,17,63.1
92,18,62.9
92,19,62.6
92,20,62.4
92,21,62.2
92,22,62.0
92,23,61.7
92,24,61.5
92,25,61.3
92,26,61.0
92,27,60.8
92,28,60.6
92,29,60.3
92,30,60.1
92,31,59.8
92,32,59.5
92,33,59.3
92,34,59.0
92,35,58.8
92,36,58.5
92,37,58.3
92,38,58.0
92,39,57.8
92,40,57.6
92,41,57.4
92,42,57.1
92,43,57.0
92,44,56.8
92,45,56.6
92,46,56.5
92,47,56.4
92,48,56.3
92,49,56.3
92,50,56.3
92,51,56.3
92,52,56.3
92,53,56.4
92,54,56.5
92,55,56.6
92,56,56.8
92,57,57.0
92,58,57.1
92,59,57.4
92,60,57.6
92,61,57.8
92,62,58.0
92,63,58.3
92,64,58.5
92,65,58.8
92,66,59.0
92,67,59.3
92,68,59.5
92,69,59.8
92,70,60.1
92,71,60.3
92,72,60.6
92,73,60.8
92,74,61.0
92,75,61.3
92,76,61.5
92,77,61.7
92,78,62.0
92,79,62.2
92,80,62.4
92,81,62.6
92,82,62.9
92,83,63.1
92,84,63.3
92,85,63.5
92,86,63.7
92,87,63.9
92,88,64.1
92,89,64.2
92,90,64.4
92,91,64.6
92,92,64.8
92,93,65.0
92,94,65.1
92,95,65.3
92,96,65.5
92,97,65.6
92,98,65.8
92,99,66.0
93,0,66.2
93,1,66.0
93,2,65.9
93,3,65.7
93,4,65.5
93,5,65.4
93,6,65.2
93,7,65.0
93,8,64.9
93,9,64.7
93,10,64.5
93,11,64.3
93,12,64.1
93,13,64.0
93,14,63.8
93,15,63.6
93,16,63.4
93,17,63.2
93,18,63.0
93,19,62.8
93,20,62.5
93,21,62.3
93,22,62.1
93,23,61.9
93,24,61.7
93,25,61.4
93,26,61.2
93,27,61.0
93,28,60.7
93,29,60.5
93,30,60.3
93,31,60.0
93,32,59.8
93,33,59.5
93,34,59.3
93,35,59.1
93,36,58.8
93,37,58.6
93,38,58.4
93,39,58.2
93,40,57.9
93,41,57.7
93,42,57.6
93,43,57.4
93,44,57.2
93,45,57.1
93,46,57.0
93,47,56.9
93,48,56.8
93,49,56.8
93,50,56.8
93,51,56.8
93,52,56.8
93,53,56.9
93,54,57.0
93,55,57.1
93,56,57.2
93,57,57.4
93,58,57.6
93,59,57.7
93,60,57.9
93,61,58.2
93,62,58.4
93,63,58.6
93,64,58.8
93,65,59.1
93,66,59.3
93,67,59.5
93,68,59.8
93,69,60.0
93,70,60.3
93,71,60.5
93,72,60.7
93,73,61.0
93,74,61.2
93,75,61.4
93,76,61.7
93,77,61.9
93,78,62.1
93,79,62.3
93,80,62.5
93,81,62.8
93,82,63.0
93,83,63.2
93,84,63.4
93,85,63.6
93,86,63.8
93,87,64.0
93,88,64.1
93,89,64.3
93,90,64.5
93,91,64.7
93,92,64.9
93,93,65.0
93,94,65.2
93,95,65.4
93,96,65.5
93,97,65.7
93,98,65.9
93,99,66.0
94,0,66.2
94,1,66.1
94,2,65.9
94,3,65.8
94,4,65.6
94,5,65.4
94,6,65.3
94,7,65.1
94,8,64.9
94,9,64.8
94,10,64.6
94,11,64.4
94,12,64.2
94,13,64.1
94,14,63.9
94,15,63.7
94,16,63.5
94,17,63.3
94,18,63.1
94,19,62.9
94,20,62.7
94,21,62.5
94,22,62.3
94,23,62.0
94,24,61.8
94,25,61.6
94,26,61.4
94,27,61.2
94,28,60.9
94,29,60.7
94,30,60.5
94,31,60.3
94,32,60.0
94,33,59.8
94,34,59.6
94,35,59.3
94,36,59.1
94,37,58.9
94,38,58.7
94,39,58.5
94,40,58.3
94,41,58.1
94,42,58.0
94,43,57.8
94,44,57.7
94,45,57.5
94,46,57.4
94,47,57.4
94,48,57.3
94,49,57.3
94,50,57.2
94,51,57.3
94,52,57.3
94,53,57.4
94,54,57.4
94,55,57.5
94,56,57.7
94,57,57.8
94,58,58.0
94,59,58.1
94,60,58.3
94,61,58.5
94,62,58.7
94,63,58.9
94,64,59.1
94,65,59.3
94,66,59.6
94,67,59.8
94,68,60.0
94,69,60.3
94,70,60.5
94,71,60.7
94,72,60.9
94,73,61.2
94,74,61.4
94,75,61.6
94,76,61.8
94,77,62.0
94,78,62.3
94,79,62.5
94,80,62.7
94,81,62.9
94,82,63.1
94,83,63.3
94,84,63.5
94,85,63.7
94,86,63.9
94,87,64.1
94,88,64.2
94,89,64.4
94,90,64.6
94,91,64.8
94,92,64.9
94,93,65.1
94,94,65.3
94,95,65.4
94,96,65.6
94,97,65.8
94,98,65.9
94,99,66.1
95,0,66.3
95,1,66.1
95,2,66.0
95,3,65.8
95,4,65.7
95,5,65.5
95,6,65.4
95,7,65.2
95,8,65.0
95,9,64.9
95,10,64.7
95,11,64.5
95,12,64.3
95,13,64.1
95,14,64.0
95,15,63.8
95,16,63.6
95,17,63.4
95,18,63.2
95,19,63.0
95,20,62.8
95,21,62.6
95,22,62.4
95,23,62.2
95,24,62.0
95,25,61.8
95,26,61.6
95,27,61.4
95,28,61.1
95,29,60.9
95,30,60.7
95,31,60.5
95,32,60.3
95,33,60.1
95,34,59.8
95,35,59.6
95,36,59.4
95,37,59.2
95,38,59.0
95,39,58.8
95,40,58.7
95,41,58.5
95,42,58.3
95,43,58.2
95,44,58.1
95,45,58.0
95,46,57.9
95,47,57.8
95,48,57.7
95,49,57.7
95,50,57.7
95,51,57.7
95,52,57.7
95,53,57.8
95,54,57.9
95,55,58.0
95,56,58.1
95,57,58.2
95,58,58.3
95,59,58.5
95,60,58.7
95,61,58.8
95,62,59.0
95,63,59.2
95,64,59.4
95,65,59.6
95,66,59.8
95,67,60.1
95,68,60.3
95,69,60.5
95,70,60.7
95,71,60.9
95,72,61.1
95,73,61.4
95,74,61.6
95,75,61.8
95,76,62.0
95,77,62.2
95,78,62.4
95,79,62.6
95,80,62.8
95,81,63.0
95,82,63.2
95,83,63.4
95,84,63.6
95,85,63.8
95,86,64.0
95,87,64.1
95,88,64.3
95,89,64.5
95,90,64.7
95,91,64.9
95,92,65.0
95,93,65.2
95,94,65.4
95,95,65.5
95,96,65.7
95,97,65.8
95,98,66.0
95,99,66.1
96,0,66.4
96,1,66.2
96,2,66.1
96,3,65.9
96,4,65.7
96,5,65.6
96,6,65.4
96,7,65.3
96,8,65.1
96,9,64.9
96,10,64.8
96,11,64.6
96,12,64.4
96,13,64.2
96,14,64.1
96,15,63.9
96,16,63.7
96,17,63.5
96,18,63.3
96,19,63.1
96,20,62.9
96,21,62.7
96,22,62.6
96,23,62.4
96,24,62.2
96,25,61.9
96,26,61.7
96,27,61.5
96,28,61.3
96,29,61.1
96,30,60.9
96,31,60.7
96,32,60.5
96,33,60.3
96,34,60.1
96,35,59.9
96,36,59.7
96,37,59.5
96,38,59.3
96,39,59.2
96,40,59.0
96,41,58.8
96,42,58.7
96,43,58.6
96,44,58.5
96,45,58.4
96,46,58.3
96,47,58.2
96,48,58.2
96,49,58.1
96,50,58.1
96,51,58.1
96,52,58.2
96,53,58.2
96,54,58.3
96,55,58.4
96,56,58.5
96,57,58.6
96,58,58.7
96,59,58.8
96,60,59.0
96,61,59.2
96,62,59.3
96,63,59.5
96,64,59.7
96,65,59.9
96,66,60.1
96,67,60.3
96,68,60.5
96,69,60.7
96,70,60.9
96,71,61.1
96,72,61.3
96,73,61.5
96,74,61.7
96,75,61.9
96,76,62.2
96,77,62.4
96,78,62.6
96,79,62.7
96,80,62.9
96,81,63.1
96,82,63.3
96,83,63.5
96,84,63.7
96,85,63.9
96,86,64.1
96,87,64.2
96,88,64.4
96,89,64.6
96,90,64.8
96,91,64.9
96,92,65.1
96,93,65.3
96,94,65.4
96,95,65.6
96,96,65.7
96,97,65.9
96,98,66.1
96,99,66.2
97,0,66.4
97,1,66.3
97,2,66.1
97,3,66.0
97,4,65.8
97,5,65.7
97,6,65.5
97,7,65.3
97,8,65.2
97,9,65.0
97,10,64.9
97,11,64.7
97,12,64.5
97,13,64.3
97,14,64.2
97,15,64.0
97,16,63.8
97,17,63.6
97,18,63.5
97,19,63.3
97,20,63.1
97,21,62.9
97,22,62.7
97,23,62.5
97,24,62.3
97,25,62.1
97,26,61.9
97,27,61.7
97,28,61.5
97,29,61.3
97,30,61.1
97,31,60.9
97,32,60.7
97,33,60.6
97,34,60.4
97,35,60.2
97,36,60.0
97,37,59.8
97,38,59.6
97,39,59.5
97,40,59.3
97,41,59.2
97,42,59.1
97,43,58.9
97,44,58.8
97,45,58.7
97,46,58.7
97,47,58.6
97,48,58.6
97,49,58.5
97,50,58.5
97,51,58.5
97,52,58.6
97,53,58.6
97,54,58.7
97,55,58.7
97,56,58.8
97,57,58.9
97,58,59.1
97,59,59.2
97,60,59.3
97,61,59.5
97,62,59.6
97,63,59.8
97,64,60.0
97,65,60.2
97,66,60.4
97,67,60.6
97,68,60.7
97,69,60.9
97,70,61.1
97,71,61.3
97,72,61.5
97,73,61.7
97,74,61.9
97,75,62.1
97,76,62.3
97,77,62.5
97,78,62.7
97,79,62.9
97,80,63.1
97,81,63.3
97,82,63.5
97,83,63.6
97,84,63.8
97,85,64.0
97,86,64.2
97,87,64.3
97,88,64.5
97,89,64.7
97,90,64.9
97,91,65.0
97,92,65.2
97,93,65.3
97,94,65.5
97,95,65.7
97,96,65.8
97,97,66.0
97,98,66.1
97,99,66.3
98,0,66.5
98,1,66.3
98,2,66.2
98,3,66.0
98,4,65.9
98,5,65.7
98,6,65.6
98,7,65.4
98,8,65.3
98,9,65.1
98,10,65.0
98,11,64.8
98,12,64.6
98,13,64.5
98,14,64.3
98,15,64.1
98,16,63.9
98,17,63.8
98,18,63.6
98,19,63.4
98,20,63.2
98,21,63.0
98,22,62.9
98,23,62.7
98,24,62.5
98,25,62.3
98,26,62.1
98,27,61.9
98,28,61.7
98,29,61.5
98,30,61.4
98,31,61.2
98,32,61.0
98,33,60.8
98,34,60.6
98,35,60.4
98,36,60.3
98,37,60.1
98,38,60.0
98,39,59.8
98,40,59.7
98,41,59.5
98,42,59.4
98,43,59.3
98,44,59.2
98,45,59.1
98,46,59.0
98,47,59.0
98,48,58.9
98,49,58.9
98,50,58.9
98,51,58.9
98,52,58.9
98,53,59.0
98,54,59.0
98,55,59.1
98,56,59.2
98,57,59.3
98,58,59.4
98,59,59.5
98,60,59.7
98,61,59.8
98,62,60.0
98,63,60.1
98,64,60.3
98,65,60.4
98,66,60.6
98,67,60.8
98,68,61.0
98,69,61.2
98,70,61.4
98,71,61.5
98,72,61.7
98,73,61.9
98,74,62.1
98,75,62.3
98,76,62.5
98,77,62.7
98,78,62.9
98,79,63.0
98,80,63.2
98,81,63.4
98,82,63.6
98,83,63.8
98,84,63.9
98,85,64.1
98,86,64.3
98,87,64.5
98,88,64.6
98,89,64.8
98,90,65.0
98,91,65.1
98,92,65.3
98,93,65.4
98,94,65.6
98,95,65.7
98,96,65.9
98,97,66.0
98,98,66.2
98,99,66.3
99,0,66.6
99,1,66.4
99,2,66.3
99,3,66.1
99,4,66.0
99,5,65.8
99,6,65.7
99,7,65.5
99,8,65.4
99,9,65.2
99,10,65.0
99,11,64.9
99,12,64.7
99,13,64.6
99,14,64.4
99,15,64.2
99,16,64.1
99,17,63.9
99,18,63.7
99,19,63.5
99,20,63.4
99,21,63.2
99,22,63.0
99,23,62.8
99,24,62.6
99,25,62.5
99,26,62.3
99,27,62.1
99,28,61.9
99,29,61.7
99,30,61.6
99,31,61.4
99,32,61.2
99,33,61.0
99,34,60.9
99,35,60.7
99,36,60.5
99,37,60.4
99,38,60.2
99,39,60.1
99,40,60.0
99,41,59.8
99,42,59.7
99,43,59.6
99,44,59.5
99,45,59.5
99,46,59.4
99,47,59.3
99,48,59.3
99,49,59.3
99,50,59.3
99,51,59.3
99,52,59.3
99,53,59.3
99,54,59.4
99,55,59.5
99,56,59.5
99,57,59.6
99,58,59.7
99,59,59.8
99,60,60.0
99,61,60.1
99,62,60.2
99,63,60.4
99,64,60.5
99,65,60.7
99,66,60.9
99,67,61.0
99,68,61.2
99,69,61.4
99,70,61.6
99,71,61.7
99,72,61.9
99,73,62.1
99,74,62.3
99,75,62.5
99,76,62.6
99,77,62.8
99,78,63.0
99,79,63.2
99,80,63.4
99,81,63.5
99,82,63.7
99,83,63.9
99,84,64.1
99,85,64.2
99,86,64.4
99,87,64.6
99,88,64.7
99,89,64.9
99,90,65.0
99,91,65.2
99,92,65.4
99,93,65.5
99,94,65.7
99,95,65.8
99,96,66.0
99,97,66.1
99,98,66.3
99,99,66.4
