0.0,0.0,1.378,0.848
0.0,0.5,0.545,0.838
0.0,1.0,-0.289,0.827
0.0,1.5,-1.058,0.817
0.0,2.0,1.250,0.807
0.0,2.5,0.417,0.796
0.0,3.0,-0.353,0.786
0.0,3.5,-1.186,0.775
0.0,4.0,1.122,0.765
0.0,4.5,0.353,0.755
0.0,5.0,-0.481,0.744
0.0,5.5,-1.314,0.733
0.0,6.0,1.058,0.723
0.0,6.5,0.224,0.713
0.0,7.0,-0.609,0.702
0.0,7.5,-1.378,0.691
0.0,8.0,0.930,0.681
0.0,8.5,0.096,0.670
0.0,9.0,-0.673,0.659
0.0,9.5,-1.507,0.649
0.0,10.1,0.801,0.638
0.0,10.6,-0.032,0.627
0.0,11.1,-0.801,0.616
0.0,11.6,1.507,0.606
0.0,12.1,0.673,0.595
0.0,12.6,-0.096,0.584
0.0,13.1,-0.930,0.573
0.0,13.6,1.378,0.562
0.0,14.1,0.545,0.551
0.0,14.6,-0.224,0.540
0.0,15.1,-1.058,0.529
0.0,15.6,1.250,0.519
0.0,16.1,0.417,0.507
0.0,16.6,-0.353,0.496
0.0,17.1,-1.186,0.486
0.0,17.6,1.122,0.475
0.0,18.1,0.289,0.463
0.0,18.6,-0.481,0.452
0.0,19.1,-1.314,0.441
0.0,19.6,0.994,0.430
0.0,20.1,0.160,0.419
0.0,20.6,-0.609,0.408
0.0,21.1,-1.443,0.397
0.0,21.6,0.866,0.386
0.0,22.1,0.032,0.375
0.0,22.6,-0.801,0.363
0.0,23.1,1.571,0.352
0.0,23.6,0.737,0.341
0.0,24.1,-0.096,0.330
0.0,24.6,-0.930,0.319
0.0,25.1,1.443,0.307
0.0,25.6,0.609,0.296
0.0,26.1,-0.224,0.285
0.0,26.6,-1.058,0.274
0.0,27.1,1.250,0.262
0.0,27.6,0.481,0.251
0.0,28.1,-0.353,0.240
0.0,28.6,-1.186,0.229
0.0,29.1,1.122,0.217
0.0,29.6,0.289,0.206
0.0,30.2,-0.481,0.194
0.0,30.7,-1.314,0.183
0.0,31.2,0.994,0.172
0.0,31.7,0.160,0.160
0.0,32.2,-0.673,0.149
0.0,32.7,-1.507,0.138
0.0,33.2,0.866,0.126
0.0,33.7,0.032,0.115
0.0,34.2,-0.801,0.104
0.0,34.7,1.507,0.092
0.0,35.2,0.673,0.081
0.0,35.7,-0.160,0.069
0.0,36.2,-0.994,0.058
0.0,36.7,1.378,0.047
0.0,37.2,0.545,0.035
0.0,37.7,-0.289,0.024
0.0,38.2,-1.122,0.012
0.0,38.7,1.186,0.001
0.0,39.2,0.353,0.010
0.0,39.7,-0.481,0.022
0.0,40.2,-1.250,0.033
0.0,40.7,1.058,0.045
0.0,41.2,0.224,0.056
0.0,41.7,-0.609,0.068
0.0,42.2,-1.443,0.079
0.0,42.7,0.866,0.090
0.0,43.2,0.032,0.102
0.0,43.7,-0.801,0.113
0.0,44.2,1.507,0.125
0.0,44.7,0.737,0.136
0.0,45.2,-0.096,0.147
0.0,45.7,-0.930,0.159
0.0,46.2,1.378,0.170
0.0,46.7,0.545,0.182
0.0,47.2,-0.289,0.193
0.0,47.7,-1.122,0.204
0.0,48.2,1.186,0.216
0.0,48.7,0.353,0.227
0.0,49.2,-0.481,0.239
0.0,49.7,-1.314,0.250
0.0,50.3,1.058,0.261
0.0,50.8,0.224,0.273
0.0,51.3,-0.609,0.284
0.0,51.8,-1.443,0.295
0.0,52.3,0.866,0.307
0.0,52.8,0.032,0.318
0.0,53.3,-0.801,0.329
0.0,53.8,1.507,0.341
0.0,54.3,0.673,0.352
0.0,54.8,-0.160,0.363
0.0,55.3,-0.994,0.375
0.0,55.8,1.314,0.386
0.0,56.3,0.481,0.397
0.0,56.8,-0.353,0.408
0.0,57.3,-1.186,0.419
0.0,57.8,1.122,0.431
0.0,58.3,0.289,0.442
0.0,58.8,-0.545,0.453
0.0,59.3,-1.378,0.464
0.0,59.8,0.930,0.475
0.0,60.3,0.096,0.486
0.0,60.8,-0.737,0.498
0.0,61.3,-1.571,0.509
0.0,61.8,0.737,0.520
0.0,62.3,-0.096,0.531
0.0,62.8,-0.930,0.542
0.0,63.3,1.378,0.553
0.0,63.8,0.545,0.564
0.0,64.3,-0.289,0.575
0.0,64.8,-1.122,0.586
0.0,65.3,1.186,0.597
0.0,65.8,0.353,0.608
0.0,66.3,-0.481,0.619
0.0,66.8,-1.314,0.630
0.0,67.3,0.994,0.641
0.0,67.8,0.160,0.652
0.0,68.3,-0.673,0.663
0.0,68.8,-1.507,0.674
0.0,69.3,0.801,0.684
0.0,69.8,-0.032,0.695
0.0,70.4,-0.866,0.706
0.0,70.9,1.443,0.717
0.0,71.4,0.609,0.728
0.0,71.9,-0.224,0.738
0.0,72.4,-1.058,0.749
0.0,72.9,1.250,0.760
0.0,73.4,0.417,0.770
0.0,73.9,-0.417,0.781
0.0,74.4,-1.250,0.791
0.0,74.9,1.058,0.802
0.0,75.4,0.224,0.812
0.0,75.9,-0.609,0.823
0.0,76.4,-1.507,0.833
0.0,76.9,0.801,0.844
0.0,77.4,-0.032,0.855
0.0,77.9,-0.866,0.865
0.0,78.4,1.443,0.875
0.0,78.9,0.609,0.886
0.0,79.4,-0.224,0.896
0.0,79.9,-1.058,0.907
0.0,80.4,1.250,0.917
0.0,80.9,0.417,0.927
0.0,81.4,-0.417,0.937
0.0,81.9,-1.314,0.947
0.0,82.4,0.994,0.957
0.0,82.9,0.160,0.968
0.0,83.4,-0.673,0.978
0.0,83.9,-1.507,0.988
0.0,84.4,0.801,0.998
0.0,84.9,-0.032,1.008
0.0,85.4,-0.866,1.018
0.0,85.9,1.443,1.027
0.0,86.4,0.545,1.038
0.0,86.9,-0.289,1.048
0.0,87.4,-1.122,1.058
0.0,87.9,1.186,1.067
0.0,88.4,0.353,1.077
0.0,88.9,-0.481,1.087
0.0,89.4,-1.314,1.096
0.0,89.9,0.930,1.106
0.0,90.5,0.096,1.116
0.0,91.0,-0.737,1.125
0.0,91.5,1.571,1.135
0.0,92.0,0.737,1.144
0.0,92.5,-0.096,1.154
0.0,93.0,-0.994,1.163
0.0,93.5,1.314,1.173
0.0,94.0,0.481,1.182
0.0,94.5,-0.353,1.192
0.0,95.0,-1.186,1.201
0.0,95.5,1.122,1.210
0.0,96.0,0.224,1.219
0.0,96.5,-0.609,1.228
0.0,97.0,-1.443,1.238
0.0,97.5,0.866,1.247
0.0,98.0,0.032,1.256
0.0,98.5,-0.866,1.264
0.0,99.0,1.443,1.274
0.0,99.5,0.609,1.283
0.0,100.0,-0.224,1.292
0.5,0.0,-0.609,0.868
0.5,0.5,-1.443,0.858
0.5,1.0,0.930,0.848
0.5,1.5,0.096,0.838
0.5,2.0,-0.737,0.827
0.5,2.5,-1.507,0.817
0.5,3.0,0.801,0.807
0.5,3.5,-0.032,0.796
0.5,4.0,-0.801,0.786
0.5,4.5,1.507,0.775
0.5,5.0,0.673,0.765
0.5,5.5,-0.096,0.754
0.5,6.0,-0.930,0.744
0.5,6.5,1.378,0.733
0.5,7.0,0.609,0.723
0.5,7.5,-0.224,0.712
0.5,8.0,-1.058,0.702
0.5,8.5,1.250,0.691
0.5,9.0,0.481,0.681
0.5,9.5,-0.353,0.670
0.5,10.1,-1.186,0.659
0.5,10.6,1.186,0.648
0.5,11.1,0.353,0.638
0.5,11.6,-0.481,0.627
0.5,12.1,-1.250,0.616
0.5,12.6,1.058,0.606
0.5,13.1,0.224,0.595
0.5,13.6,-0.609,0.584
0.5,14.1,-1.378,0.573
0.5,14.6,0.930,0.562
0.5,15.1,0.096,0.551
0.5,15.6,-0.737,0.540
0.5,16.1,-1.507,0.529
0.5,16.6,0.801,0.518
0.5,17.1,-0.032,0.507
0.5,17.6,-0.866,0.496
0.5,18.1,1.507,0.485
0.5,18.6,0.673,0.475
0.5,19.1,-0.160,0.463
0.5,19.6,-0.994,0.452
0.5,20.1,1.378,0.441
0.5,20.6,0.545,0.430
0.5,21.1,-0.289,0.419
0.5,21.6,-1.122,0.408
0.5,22.1,1.250,0.397
0.5,22.6,0.417,0.386
0.5,23.1,-0.417,0.375
0.5,23.6,-1.250,0.363
0.5,24.1,1.122,0.352
0.5,24.6,0.289,0.341
0.5,25.1,-0.545,0.330
0.5,25.6,-1.378,0.319
0.5,26.1,0.930,0.307
0.5,26.6,0.160,0.296
0.5,27.1,-0.673,0.285
0.5,27.6,-1.507,0.274
0.5,28.1,0.801,0.262
0.5,28.6,-0.032,0.251
0.5,29.1,-0.801,0.240
0.5,29.6,1.507,0.228
0.5,30.2,0.673,0.217
0.5,30.7,-0.160,0.206
0.5,31.2,-0.994,0.194
0.5,31.7,1.378,0.183
0.5,32.2,0.545,0.172
0.5,32.7,-0.289,0.160
0.5,33.2,-1.122,0.149
0.5,33.7,1.186,0.138
0.5,34.2,0.353,0.126
0.5,34.7,-0.417,0.115
0.5,35.2,-1.250,0.103
0.5,35.7,1.058,0.092
0.5,36.2,0.224,0.081
0.5,36.7,-0.609,0.069
0.5,37.2,-1.443,0.058
0.5,37.7,0.866,0.046
0.5,38.2,0.096,0.035
0.5,38.7,-0.737,0.024
0.5,39.2,1.571,0.012
0.5,39.7,0.737,0.001
0.5,40.2,-0.096,0.011
0.5,40.7,-0.930,0.022
0.5,41.2,1.378,0.033
0.5,41.7,0.609,0.045
0.5,42.2,-0.224,0.056
0.5,42.7,-1.058,0.068
0.5,43.2,1.250,0.079
0.5,43.7,0.417,0.091
0.5,44.2,-0.417,0.102
0.5,44.7,-1.250,0.113
0.5,45.2,1.058,0.125
0.5,45.7,0.224,0.136
0.5,46.2,-0.545,0.148
0.5,46.7,-1.378,0.159
0.5,47.2,0.930,0.170
0.5,47.7,0.096,0.182
0.5,48.2,-0.737,0.193
0.5,48.7,-1.571,0.205
0.5,49.2,0.737,0.216
0.5,49.7,-0.096,0.227
0.5,50.3,-0.930,0.239
0.5,50.8,1.378,0.250
0.5,51.3,0.545,0.262
0.5,51.8,-0.289,0.273
0.5,52.3,-1.058,0.284
0.5,52.8,1.250,0.296
0.5,53.3,0.417,0.307
0.5,53.8,-0.417,0.318
0.5,54.3,-1.250,0.330
0.5,54.8,1.058,0.341
0.5,55.3,0.224,0.352
0.5,55.8,-0.609,0.364
0.5,56.3,-1.443,0.375
0.5,56.8,0.866,0.386
0.5,57.3,0.032,0.397
0.5,57.8,-0.801,0.409
0.5,58.3,1.507,0.420
0.5,58.8,0.673,0.431
0.5,59.3,-0.160,0.442
0.5,59.8,-0.994,0.453
0.5,60.3,1.314,0.465
0.5,60.8,0.481,0.476
0.5,61.3,-0.353,0.487
0.5,61.8,-1.186,0.498
0.5,62.3,1.122,0.509
0.5,62.8,0.289,0.520
0.5,63.3,-0.545,0.531
0.5,63.8,-1.378,0.542
0.5,64.3,0.930,0.553
0.5,64.8,0.096,0.564
0.5,65.3,-0.737,0.575
0.5,65.8,-1.571,0.586
0.5,66.3,0.737,0.597
0.5,66.8,-0.096,0.608
0.5,67.3,-0.930,0.619
0.5,67.8,1.378,0.630
0.5,68.3,0.545,0.641
0.5,68.8,-0.289,0.652
0.5,69.3,-1.122,0.663
0.5,69.8,1.186,0.674
0.5,70.4,0.353,0.685
0.5,70.9,-0.481,0.696
0.5,71.4,-1.314,0.706
0.5,71.9,0.994,0.717
0.5,72.4,0.160,0.728
0.5,72.9,-0.673,0.739
0.5,73.4,-1.507,0.749
0.5,73.9,0.801,0.760
0.5,74.4,-0.032,0.771
0.5,74.9,-0.866,0.781
0.5,75.4,1.443,0.792
0.5,75.9,0.609,0.802
0.5,76.4,-0.289,0.813
0.5,76.9,-1.122,0.823
0.5,77.4,1.186,0.834
0.5,77.9,0.353,0.844
0.5,78.4,-0.481,0.855
0.5,78.9,-1.314,0.865
0.5,79.4,0.994,0.876
0.5,79.9,0.160,0.886
0.5,80.4,-0.673,0.896
0.5,80.9,-1.507,0.907
0.5,81.4,0.801,0.917
0.5,81.9,-0.032,0.927
0.5,82.4,-0.930,0.937
0.5,82.9,1.378,0.948
0.5,83.4,0.545,0.958
0.5,83.9,-0.289,0.968
0.5,84.4,-1.122,0.978
0.5,84.9,1.186,0.988
0.5,85.4,0.353,0.998
0.5,85.9,-0.481,1.008
0.5,86.4,-1.314,1.018
0.5,86.9,0.930,1.028
0.5,87.4,0.096,1.038
0.5,87.9,-0.737,1.048
0.5,88.4,1.571,1.058
0.5,88.9,0.737,1.068
0.5,89.4,-0.096,1.077
0.5,89.9,-0.930,1.087
0.5,90.5,1.314,1.097
0.5,91.0,0.481,1.106
0.5,91.5,-0.353,1.116
0.5,92.0,-1.186,1.126
0.5,92.5,1.122,1.135
0.5,93.0,0.289,1.145
0.5,93.5,-0.609,1.154
0.5,94.0,-1.443,1.164
0.5,94.5,0.866,1.173
0.5,95.0,0.032,1.183
0.5,95.5,-0.801,1.192
0.5,96.0,1.507,1.201
0.5,96.5,0.609,1.210
0.5,97.0,-0.224,1.220
0.5,97.5,-1.058,1.229
0.5,98.0,1.250,1.238
0.5,98.5,0.417,1.247
0.5,99.0,-0.481,1.256
0.5,99.5,-1.314,1.265
0.5,100.0,0.994,1.274
1.0,0.0,0.545,0.888
1.0,0.5,-0.289,0.878
1.0,1.0,-1.058,0.868
1.0,1.5,1.250,0.858
1.0,2.0,0.417,0.847
1.0,2.5,-0.353,0.838
1.0,3.0,-1.186,0.827
1.0,3.5,1.186,0.817
1.0,4.0,0.353,0.807
1.0,4.5,-0.481,0.796
1.0,5.0,-1.314,0.785
1.0,5.5,1.058,0.775
1.0,6.0,0.224,0.765
1.0,6.5,-0.609,0.754
1.0,7.0,-1.378,0.744
1.0,7.5,0.930,0.734
1.0,8.0,0.096,0.723
1.0,8.5,-0.673,0.712
1.0,9.0,-1.507,0.702
1.0,9.5,0.801,0.691
1.0,10.1,0.032,0.680
1.0,10.6,-0.801,0.670
1.0,11.1,1.507,0.659
1.0,11.6,0.737,0.648
1.0,12.1,-0.096,0.638
1.0,12.6,-0.930,0.627
1.0,13.1,1.378,0.616
1.0,13.6,0.609,0.605
1.0,14.1,-0.224,0.595
1.0,14.6,-1.058,0.584
1.0,15.1,1.314,0.573
1.0,15.6,0.481,0.562
1.0,16.1,-0.353,0.551
1.0,16.6,-1.186,0.540
1.0,17.1,1.186,0.529
1.0,17.6,0.353,0.518
1.0,18.1,-0.481,0.507
1.0,18.6,-1.314,0.496
1.0,19.1,1.058,0.485
1.0,19.6,0.224,0.474
1.0,20.1,-0.609,0.463
1.0,20.6,-1.443,0.452
1.0,21.1,0.930,0.441
1.0,21.6,0.096,0.430
1.0,22.1,-0.737,0.419
1.0,22.6,-1.571,0.408
1.0,23.1,0.801,0.397
1.0,23.6,-0.032,0.386
1.0,24.1,-0.866,0.374
1.0,24.6,1.443,0.363
1.0,25.1,0.609,0.352
1.0,25.6,-0.160,0.341
1.0,26.1,-0.994,0.330
1.0,26.6,1.314,0.318
1.0,27.1,0.481,0.307
1.0,27.6,-0.353,0.296
1.0,28.1,-1.122,0.285
1.0,28.6,1.186,0.273
1.0,29.1,0.353,0.262
1.0,29.6,-0.481,0.251
1.0,30.2,-1.314,0.239
1.0,30.7,1.058,0.228
1.0,31.2,0.224,0.217
1.0,31.7,-0.609,0.206
1.0,32.2,-1.443,0.194
1.0,32.7,0.866,0.183
1.0,33.2,0.096,0.172
1.0,33.7,-0.737,0.160
1.0,34.2,1.571,0.149
1.0,34.7,0.737,0.137
1.0,35.2,-0.096,0.126
1.0,35.7,-0.930,0.115
1.0,36.2,1.443,0.103
1.0,36.7,0.609,0.092
1.0,37.2,-0.224,0.081
1.0,37.7,-1.058,0.069
1.0,38.2,1.250,0.058
1.0,38.7,0.417,0.046
1.0,39.2,-0.417,0.035
1.0,39.7,-1.186,0.023
1.0,40.2,1.122,0.012
1.0,40.7,0.289,0.001
1.0,41.2,-0.545,0.011
1.0,41.7,-1.378,0.022
1.0,42.2,0.930,0.034
1.0,42.7,0.096,0.045
1.0,43.2,-0.673,0.057
1.0,43.7,-1.507,0.068
1.0,44.2,0.801,0.079
1.0,44.7,-0.032,0.091
1.0,45.2,-0.866,0.102
1.0,45.7,1.443,0.114
1.0,46.2,0.609,0.125
1.0,46.7,-0.224,0.136
1.0,47.2,-1.058,0.148
1.0,47.7,1.314,0.159
1.0,48.2,0.481,0.171
1.0,48.7,-0.353,0.182
1.0,49.2,-1.186,0.194
1.0,49.7,1.122,0.205
1.0,50.3,0.289,0.216
1.0,50.8,-0.545,0.228
1.0,51.3,-1.378,0.239
1.0,51.8,0.930,0.250
1.0,52.3,0.096,0.262
1.0,52.8,-0.737,0.273
1.0,53.3,-1.571,0.284
1.0,53.8,0.737,0.296
1.0,54.3,-0.032,0.307
1.0,54.8,-0.866,0.318
1.0,55.3,1.443,0.330
1.0,55.8,0.609,0.341
1.0,56.3,-0.224,0.352
1.0,56.8,-1.058,0.364
1.0,57.3,1.250,0.375
1.0,57.8,0.417,0.386
1.0,58.3,-0.417,0.398
1.0,58.8,-1.250,0.409
1.0,59.3,1.058,0.420
1.0,59.8,0.224,0.431
1.0,60.3,-0.609,0.442
1.0,60.8,-1.443,0.454
1.0,61.3,0.866,0.465
1.0,61.8,0.032,0.476
1.0,62.3,-0.801,0.487
1.0,62.8,1.507,0.498
1.0,63.3,0.673,0.509
1.0,63.8,-0.160,0.521
1.0,64.3,-0.994,0.532
1.0,64.8,1.314,0.543
1.0,65.3,0.481,0.554
1.0,65.8,-0.353,0.565
1.0,66.3,-1.186,0.576
1.0,66.8,1.122,0.587
1.0,67.3,0.289,0.598
1.0,67.8,-0.545,0.609
1.0,68.3,-1.378,0.620
1.0,68.8,0.930,0.631
1.0,69.3,0.096,0.642
1.0,69.8,-0.737,0.653
1.0,70.4,1.571,0.663
1.0,70.9,0.737,0.674
1.0,71.4,-0.096,0.685
1.0,71.9,-0.930,0.696
1.0,72.4,1.378,0.707
1.0,72.9,0.545,0.717
1.0,73.4,-0.289,0.728
1.0,73.9,-1.122,0.739
1.0,74.4,1.186,0.749
1.0,74.9,0.353,0.760
1.0,75.4,-0.481,0.771
1.0,75.9,-1.378,0.781
1.0,76.4,0.930,0.792
1.0,76.9,0.096,0.803
1.0,77.4,-0.737,0.813
1.0,77.9,-1.571,0.824
1.0,78.4,0.737,0.834
1.0,78.9,-0.096,0.845
1.0,79.4,-0.930,0.855
1.0,79.9,1.378,0.866
1.0,80.4,0.545,0.876
1.0,80.9,-0.289,0.886
1.0,81.4,-1.122,0.897
1.0,81.9,1.186,0.907
1.0,82.4,0.289,0.917
1.0,82.9,-0.545,0.927
1.0,83.4,-1.378,0.938
1.0,83.9,0.930,0.948
1.0,84.4,0.096,0.958
1.0,84.9,-0.737,0.968
1.0,85.4,1.571,0.979
1.0,85.9,0.737,0.988
1.0,86.4,-0.096,0.998
1.0,86.9,-0.994,1.008
1.0,87.4,1.314,1.018
1.0,87.9,0.481,1.029
1.0,88.4,-0.353,1.039
1.0,88.9,-1.186,1.048
1.0,89.4,1.122,1.058
1.0,89.9,0.289,1.068
1.0,90.5,-0.545,1.077
1.0,91.0,-1.443,1.087
1.0,91.5,0.866,1.097
1.0,92.0,0.032,1.107
1.0,92.5,-0.801,1.117
1.0,93.0,1.507,1.126
1.0,93.5,0.673,1.135
1.0,94.0,-0.224,1.145
1.0,94.5,-1.058,1.155
1.0,95.0,1.250,1.164
1.0,95.5,0.417,1.174
1.0,96.0,-0.417,1.183
1.0,96.5,-1.250,1.192
1.0,97.0,0.994,1.201
1.0,97.5,0.160,1.211
1.0,98.0,-0.673,1.220
1.0,98.5,-1.507,1.229
1.0,99.0,0.801,1.238
1.0,99.5,-0.032,1.247
1.0,100.0,-0.930,1.256
1.5,0.0,-1.443,0.909
1.5,0.5,0.930,0.898
1.5,1.0,0.096,0.889
1.5,1.5,-0.737,0.878
1.5,2.0,-1.507,0.868
1.5,2.5,0.801,0.858
1.5,3.0,-0.032,0.848
1.5,3.5,-0.801,0.837
1.5,4.0,1.507,0.827
1.5,4.5,0.673,0.817
1.5,5.0,-0.096,0.806
1.5,5.5,-0.930,0.796
1.5,6.0,1.378,0.786
1.5,6.5,0.609,0.775
1.5,7.0,-0.224,0.765
1.5,7.5,-1.058,0.754
1.5,8.0,1.314,0.744
1.5,8.5,0.481,0.734
1.5,9.0,-0.353,0.723
1.5,9.5,-1.122,0.712
1.5,10.1,1.186,0.702
1.5,10.6,0.353,0.691
1.5,11.1,-0.481,0.680
1.5,11.6,-1.250,0.670
1.5,12.1,1.058,0.659
1.5,12.6,0.224,0.648
1.5,13.1,-0.545,0.638
1.5,13.6,-1.378,0.627
1.5,14.1,0.930,0.616
1.5,14.6,0.160,0.605
1.5,15.1,-0.673,0.595
1.5,15.6,-1.507,0.584
1.5,16.1,0.801,0.573
1.5,16.6,0.032,0.562
1.5,17.1,-0.801,0.551
1.5,17.6,1.507,0.540
1.5,18.1,0.673,0.529
1.5,18.6,-0.096,0.518
1.5,19.1,-0.930,0.507
1.5,19.6,1.378,0.496
1.5,20.1,0.545,0.485
1.5,20.6,-0.224,0.474
1.5,21.1,-1.058,0.463
1.5,21.6,1.250,0.452
1.5,22.1,0.417,0.441
1.5,22.6,-0.353,0.430
1.5,23.1,-1.186,0.419
1.5,23.6,1.122,0.408
1.5,24.1,0.289,0.397
1.5,24.6,-0.481,0.385
1.5,25.1,-1.314,0.374
1.5,25.6,0.994,0.363
1.5,26.1,0.160,0.352
1.5,26.6,-0.609,0.341
1.5,27.1,-1.443,0.330
1.5,27.6,0.866,0.318
1.5,28.1,0.032,0.307
1.5,28.6,-0.801,0.296
1.5,29.1,1.571,0.284
1.5,29.6,0.737,0.273
1.5,30.2,-0.096,0.262
1.5,30.7,-0.930,0.251
1.5,31.2,1.378,0.239
1.5,31.7,0.609,0.228
1.5,32.2,-0.224,0.217
1.5,32.7,-1.058,0.205
1.5,33.2,1.250,0.194
1.5,33.7,0.417,0.183
1.5,34.2,-0.417,0.171
1.5,34.7,-1.186,0.160
1.5,35.2,1.122,0.149
1.5,35.7,0.289,0.137
1.5,36.2,-0.545,0.126
1.5,36.7,-1.378,0.115
1.5,37.2,0.930,0.103
1.5,37.7,0.160,0.092
1.5,38.2,-0.673,0.080
1.5,38.7,-1.507,0.069
1.5,39.2,0.801,0.058
1.5,39.7,-0.032,0.046
1.5,40.2,-0.866,0.035
1.5,40.7,1.443,0.023
1.5,41.2,0.673,0.012
1.5,41.7,-0.160,0.000
1.5,42.2,-0.994,0.011
1.5,42.7,1.314,0.022
1.5,43.2,0.481,0.034
1.5,43.7,-0.353,0.045
1.5,44.2,-1.186,0.057
1.5,44.7,1.186,0.068
1.5,45.2,0.353,0.080
1.5,45.7,-0.481,0.091
1.5,46.2,-1.314,0.102
1.5,46.7,0.994,0.114
1.5,47.2,0.160,0.125
1.5,47.7,-0.673,0.137
1.5,48.2,-1.507,0.148
1.5,48.7,0.801,0.159
1.5,49.2,-0.032,0.171
1.5,49.7,-0.801,0.182
1.5,50.3,1.507,0.194
1.5,50.8,0.673,0.205
1.5,51.3,-0.160,0.217
1.5,51.8,-0.994,0.228
1.5,52.3,1.314,0.239
1.5,52.8,0.481,0.251
1.5,53.3,-0.353,0.262
1.5,53.8,-1.186,0.273
1.5,54.3,1.122,0.285
1.5,54.8,0.289,0.296
1.5,55.3,-0.545,0.307
1.5,55.8,-1.378,0.319
1.5,56.3,0.930,0.330
1.5,56.8,0.160,0.341
1.5,57.3,-0.673,0.353
1.5,57.8,-1.507,0.364
1.5,58.3,0.801,0.375
1.5,58.8,-0.032,0.386
1.5,59.3,-0.866,0.398
1.5,59.8,1.443,0.409
1.5,60.3,0.609,0.420
1.5,60.8,-0.224,0.431
1.5,61.3,-1.058,0.443
1.5,61.8,1.250,0.454
1.5,62.3,0.417,0.465
1.5,62.8,-0.417,0.476
1.5,63.3,-1.250,0.487
1.5,63.8,1.058,0.499
1.5,64.3,0.224,0.510
1.5,64.8,-0.609,0.521
1.5,65.3,-1.443,0.532
1.5,65.8,0.866,0.543
1.5,66.3,0.032,0.554
1.5,66.8,-0.801,0.565
1.5,67.3,1.507,0.576
1.5,67.8,0.673,0.587
1.5,68.3,-0.160,0.598
1.5,68.8,-0.994,0.609
1.5,69.3,1.314,0.620
1.5,69.8,0.481,0.631
1.5,70.4,-0.353,0.642
1.5,70.9,-1.186,0.653
1.5,71.4,1.122,0.664
1.5,71.9,0.289,0.675
1.5,72.4,-0.545,0.685
1.5,72.9,-1.378,0.696
1.5,73.4,0.930,0.707
1.5,73.9,0.096,0.718
1.5,74.4,-0.737,0.728
1.5,74.9,1.571,0.739
1.5,75.4,0.737,0.750
1.5,75.9,-0.160,0.760
1.5,76.4,-0.994,0.771
1.5,76.9,1.314,0.782
1.5,77.4,0.481,0.792
1.5,77.9,-0.353,0.803
1.5,78.4,-1.186,0.814
1.5,78.9,1.122,0.824
1.5,79.4,0.289,0.835
1.5,79.9,-0.545,0.845
1.5,80.4,-1.378,0.856
1.5,80.9,0.930,0.866
1.5,81.4,0.096,0.876
1.5,81.9,-0.737,0.887
1.5,82.4,1.571,0.897
1.5,82.9,0.673,0.907
1.5,83.4,-0.160,0.918
1.5,83.9,-0.994,0.928
1.5,84.4,1.314,0.938
1.5,84.9,0.481,0.949
1.5,85.4,-0.353,0.959
1.5,85.9,-1.186,0.969
1.5,86.4,1.122,0.979
1.5,86.9,0.289,0.989
1.5,87.4,-0.609,0.999
1.5,87.9,-1.443,1.009
1.5,88.4,0.866,1.019
1.5,88.9,0.032,1.029
1.5,89.4,-0.801,1.039
1.5,89.9,1.507,1.049
1.5,90.5,0.673,1.058
1.5,91.0,-0.160,1.068
1.5,91.5,-1.058,1.078
1.5,92.0,1.250,1.088
1.5,92.5,0.417,1.098
1.5,93.0,-0.417,1.107
1.5,93.5,-1.250,1.117
1.5,94.0,1.058,1.126
1.5,94.5,0.224,1.136
1.5,95.0,-0.673,1.145
1.5,95.5,-1.507,1.155
1.5,96.0,0.801,1.165
1.5,96.5,-0.032,1.174
1.5,97.0,-0.866,1.183
1.5,97.5,1.378,1.192
1.5,98.0,0.545,1.202
1.5,98.5,-0.289,1.211
1.5,99.0,-1.122,1.220
1.5,99.5,1.186,1.230
1.5,100.0,0.353,1.238
2.0,0.0,-0.289,0.929
2.0,0.5,-1.058,0.919
2.0,1.0,1.250,0.909
2.0,1.5,0.417,0.898
2.0,2.0,-0.353,0.888
2.0,2.5,-1.186,0.878
2.0,3.0,1.186,0.868
2.0,3.5,0.353,0.858
2.0,4.0,-0.481,0.848
2.0,4.5,-1.250,0.837
2.0,5.0,1.058,0.827
2.0,5.5,0.224,0.817
2.0,6.0,-0.545,0.806
2.0,6.5,-1.378,0.796
2.0,7.0,0.930,0.786
2.0,7.5,0.160,0.775
2.0,8.0,-0.673,0.765
2.0,8.5,-1.507,0.754
2.0,9.0,0.866,0.744
2.0,9.5,0.032,0.733
2.0,10.1,-0.801,0.723
2.0,10.6,1.507,0.712
2.0,11.1,0.737,0.702
2.0,11.6,-0.096,0.691
2.0,12.1,-0.930,0.680
2.0,12.6,1.443,0.670
2.0,13.1,0.609,0.659
2.0,13.6,-0.224,0.648
2.0,14.1,-0.994,0.637
2.0,14.6,1.314,0.627
2.0,15.1,0.481,0.616
2.0,15.6,-0.353,0.605
2.0,16.1,-1.122,0.594
2.0,16.6,1.186,0.584
2.0,17.1,0.353,0.573
2.0,17.6,-0.481,0.562
2.0,18.1,-1.250,0.551
2.0,18.6,1.058,0.540
2.0,19.1,0.224,0.529
2.0,19.6,-0.545,0.518
2.0,20.1,-1.378,0.507
2.0,20.6,0.930,0.496
2.0,21.1,0.096,0.485
2.0,21.6,-0.673,0.474
2.0,22.1,-1.507,0.463
2.0,22.6,0.801,0.452
2.0,23.1,-0.032,0.441
2.0,23.6,-0.801,0.430
2.0,24.1,1.507,0.419
2.0,24.6,0.673,0.408
2.0,25.1,-0.160,0.397
2.0,25.6,-0.994,0.385
2.0,26.1,1.378,0.374
2.0,26.6,0.545,0.363
2.0,27.1,-0.289,0.352
2.0,27.6,-1.122,0.341
2.0,28.1,1.250,0.329
2.0,28.6,0.417,0.318
2.0,29.1,-0.417,0.307
2.0,29.6,-1.250,0.296
2.0,30.2,1.058,0.284
2.0,30.7,0.289,0.273
2.0,31.2,-0.545,0.262
2.0,31.7,-1.378,0.251
2.0,32.2,0.930,0.239
2.0,32.7,0.096,0.228
2.0,33.2,-0.673,0.217
2.0,33.7,-1.507,0.205
2.0,34.2,0.801,0.194
2.0,34.7,-0.032,0.183
2.0,35.2,-0.866,0.171
2.0,35.7,1.443,0.160
2.0,36.2,0.673,0.149
2.0,36.7,-0.160,0.137
2.0,37.2,-0.994,0.126
2.0,37.7,1.314,0.114
2.0,38.2,0.481,0.103
2.0,38.7,-0.353,0.092
2.0,39.2,-1.122,0.080
2.0,39.7,1.186,0.069
2.0,40.2,0.353,0.057
2.0,40.7,-0.481,0.046
2.0,41.2,-1.314,0.035
2.0,41.7,0.994,0.023
2.0,42.2,0.160,0.012
2.0,42.7,-0.609,0.000
2.0,43.2,-1.443,0.011
2.0,43.7,0.866,0.023
2.0,44.2,0.032,0.034
2.0,44.7,-0.801,0.045
2.0,45.2,1.507,0.057
2.0,45.7,0.673,0.068
2.0,46.2,-0.160,0.080
2.0,46.7,-0.930,0.091
2.0,47.2,1.378,0.103
2.0,47.7,0.545,0.114
2.0,48.2,-0.289,0.125
2.0,48.7,-1.122,0.137
2.0,49.2,1.186,0.148
2.0,49.7,0.353,0.160
2.0,50.3,-0.481,0.171
2.0,50.8,-1.314,0.182
2.0,51.3,0.994,0.194
2.0,51.8,0.224,0.205
2.0,52.3,-0.609,0.217
2.0,52.8,-1.443,0.228
2.0,53.3,0.866,0.240
2.0,53.8,0.032,0.251
2.0,54.3,-0.801,0.262
2.0,54.8,1.507,0.274
2.0,55.3,0.673,0.285
2.0,55.8,-0.160,0.296
2.0,56.3,-0.994,0.308
2.0,56.8,1.314,0.319
2.0,57.3,0.481,0.330
2.0,57.8,-0.353,0.342
2.0,58.3,-1.186,0.353
2.0,58.8,1.122,0.364
2.0,59.3,0.353,0.375
2.0,59.8,-0.481,0.387
2.0,60.3,-1.314,0.398
2.0,60.8,0.994,0.409
2.0,61.3,0.160,0.420
2.0,61.8,-0.673,0.432
2.0,62.3,-1.507,0.443
2.0,62.8,0.801,0.454
2.0,63.3,-0.032,0.465
2.0,63.8,-0.866,0.477
2.0,64.3,1.443,0.488
2.0,64.8,0.609,0.499
2.0,65.3,-0.224,0.510
2.0,65.8,-1.058,0.521
2.0,66.3,1.250,0.532
2.0,66.8,0.417,0.543
2.0,67.3,-0.417,0.554
2.0,67.8,-1.250,0.565
2.0,68.3,1.058,0.576
2.0,68.8,0.224,0.587
2.0,69.3,-0.609,0.598
2.0,69.8,-1.443,0.609
2.0,70.4,0.866,0.620
2.0,70.9,0.032,0.631
2.0,71.4,-0.801,0.642
2.0,71.9,1.507,0.653
2.0,72.4,0.673,0.664
2.0,72.9,-0.160,0.675
2.0,73.4,-0.994,0.686
2.0,73.9,1.314,0.696
2.0,74.4,0.481,0.707
2.0,74.9,-0.353,0.718
2.0,75.4,-1.250,0.729
2.0,75.9,1.058,0.739
2.0,76.4,0.224,0.750
2.0,76.9,-0.609,0.761
2.0,77.4,-1.443,0.772
2.0,77.9,0.866,0.782
2.0,78.4,0.032,0.793
2.0,78.9,-0.801,0.803
2.0,79.4,1.507,0.814
2.0,79.9,0.673,0.825
2.0,80.4,-0.160,0.835
2.0,80.9,-0.994,0.845
2.0,81.4,1.314,0.856
2.0,81.9,0.481,0.866
2.0,82.4,-0.353,0.876
2.0,82.9,-1.250,0.887
2.0,83.4,1.058,0.897
2.0,83.9,0.224,0.908
2.0,84.4,-0.609,0.918
2.0,84.9,-1.443,0.928
2.0,85.4,0.866,0.939
2.0,85.9,0.032,0.949
2.0,86.4,-0.801,0.959
2.0,86.9,1.507,0.969
2.0,87.4,0.673,0.979
2.0,87.9,-0.224,0.989
2.0,88.4,-1.058,0.999
2.0,88.9,1.250,1.009
2.0,89.4,0.417,1.019
2.0,89.9,-0.417,1.029
2.0,90.5,-1.250,1.039
2.0,91.0,1.058,1.049
2.0,91.5,0.224,1.058
2.0,92.0,-0.673,1.068
2.0,92.5,-1.507,1.078
2.0,93.0,0.801,1.088
2.0,93.5,-0.032,1.098
2.0,94.0,-0.866,1.108
2.0,94.5,1.443,1.117
2.0,95.0,0.609,1.126
2.0,95.5,-0.289,1.136
2.0,96.0,-1.122,1.146
2.0,96.5,1.186,1.155
2.0,97.0,0.353,1.165
2.0,97.5,-0.481,1.174
2.0,98.0,-1.314,1.183
2.0,98.5,0.930,1.193
2.0,99.0,0.096,1.202
2.0,99.5,-0.737,1.212
2.0,100.0,1.571,1.221
2.5,0.0,0.866,0.948
2.5,0.5,0.096,0.939
2.5,1.0,-0.737,0.929
2.5,1.5,-1.507,0.918
2.5,2.0,0.801,0.909
2.5,2.5,-0.032,0.898
2.5,3.0,-0.801,0.888
2.5,3.5,1.507,0.878
2.5,4.0,0.673,0.868
2.5,4.5,-0.096,0.858
2.5,5.0,-0.930,0.848
2.5,5.5,1.378,0.837
2.5,6.0,0.609,0.827
2.5,6.5,-0.224,0.817
2.5,7.0,-1.058,0.806
2.5,7.5,1.314,0.796
2.5,8.0,0.481,0.786
2.5,8.5,-0.353,0.775
2.5,9.0,-1.122,0.765
2.5,9.5,1.186,0.755
2.5,10.1,0.353,0.744
2.5,10.6,-0.417,0.733
2.5,11.1,-1.250,0.723
2.5,11.6,1.058,0.712
2.5,12.1,0.289,0.702
2.5,12.6,-0.545,0.691
2.5,13.1,-1.378,0.680
2.5,13.6,0.994,0.670
2.5,14.1,0.160,0.659
2.5,14.6,-0.673,0.648
2.5,15.1,-1.507,0.637
2.5,15.6,0.866,0.627
2.5,16.1,0.032,0.616
2.5,16.6,-0.801,0.605
2.5,17.1,1.571,0.594
2.5,17.6,0.737,0.584
2.5,18.1,-0.096,0.573
2.5,18.6,-0.930,0.562
2.5,19.1,1.443,0.551
2.5,19.6,0.609,0.540
2.5,20.1,-0.224,0.529
2.5,20.6,-1.058,0.518
2.5,21.1,1.314,0.507
2.5,21.6,0.481,0.496
2.5,22.1,-0.353,0.485
2.5,22.6,-1.186,0.474
2.5,23.1,1.186,0.463
2.5,23.6,0.353,0.452
2.5,24.1,-0.481,0.441
2.5,24.6,-1.314,0.430
2.5,25.1,1.058,0.419
2.5,25.6,0.224,0.408
2.5,26.1,-0.609,0.397
2.5,26.6,-1.443,0.385
2.5,27.1,0.930,0.374
2.5,27.6,0.096,0.363
2.5,28.1,-0.737,0.352
2.5,28.6,-1.571,0.341
2.5,29.1,0.737,0.329
2.5,29.6,-0.032,0.318
2.5,30.2,-0.866,0.307
2.5,30.7,1.443,0.296
2.5,31.2,0.609,0.284
2.5,31.7,-0.224,0.273
2.5,32.2,-0.994,0.262
2.5,32.7,1.314,0.250
2.5,33.2,0.481,0.239
2.5,33.7,-0.353,0.228
2.5,34.2,-1.186,0.216
2.5,34.7,1.186,0.205
2.5,35.2,0.353,0.194
2.5,35.7,-0.481,0.183
2.5,36.2,-1.314,0.171
2.5,36.7,0.994,0.160
2.5,37.2,0.224,0.148
2.5,37.7,-0.609,0.137
2.5,38.2,-1.443,0.126
2.5,38.7,0.866,0.114
2.5,39.2,0.032,0.103
2.5,39.7,-0.801,0.091
2.5,40.2,1.507,0.080
2.5,40.7,0.737,0.069
2.5,41.2,-0.096,0.057
2.5,41.7,-0.930,0.046
2.5,42.2,1.378,0.034
2.5,42.7,0.545,0.023
2.5,43.2,-0.289,0.012
2.5,43.7,-1.122,0.000
2.5,44.2,1.250,0.011
2.5,44.7,0.417,0.023
2.5,45.2,-0.417,0.034
2.5,45.7,-1.250,0.046
2.5,46.2,1.058,0.057
2.5,46.7,0.224,0.069
2.5,47.2,-0.609,0.080
2.5,47.7,-1.443,0.091
2.5,48.2,0.930,0.103
2.5,48.7,0.096,0.114
2.5,49.2,-0.737,0.126
2.5,49.7,1.571,0.137
2.5,50.3,0.737,0.149
2.5,50.8,-0.096,0.160
2.5,51.3,-0.930,0.171
2.5,51.8,1.378,0.183
2.5,52.3,0.545,0.194
2.5,52.8,-0.289,0.206
2.5,53.3,-1.058,0.217
2.5,53.8,1.250,0.228
2.5,54.3,0.417,0.240
2.5,54.8,-0.417,0.251
2.5,55.3,-1.250,0.262
2.5,55.8,1.058,0.274
2.5,56.3,0.224,0.285
2.5,56.8,-0.609,0.297
2.5,57.3,-1.443,0.308
2.5,57.8,0.866,0.319
2.5,58.3,0.032,0.331
2.5,58.8,-0.801,0.342
2.5,59.3,1.507,0.353
2.5,59.8,0.673,0.364
2.5,60.3,-0.160,0.376
2.5,60.8,-0.994,0.387
2.5,61.3,1.314,0.398
2.5,61.8,0.481,0.409
2.5,62.3,-0.289,0.421
2.5,62.8,-1.122,0.432
2.5,63.3,1.186,0.443
2.5,63.8,0.353,0.454
2.5,64.3,-0.481,0.466
2.5,64.8,-1.314,0.477
2.5,65.3,0.994,0.488
2.5,65.8,0.160,0.499
2.5,66.3,-0.673,0.510
2.5,66.8,-1.507,0.521
2.5,67.3,0.801,0.532
2.5,67.8,-0.032,0.543
2.5,68.3,-0.866,0.555
2.5,68.8,1.443,0.566
2.5,69.3,0.609,0.577
2.5,69.8,-0.224,0.588
2.5,70.4,-1.058,0.599
2.5,70.9,1.250,0.610
2.5,71.4,0.417,0.620
2.5,71.9,-0.417,0.631
2.5,72.4,-1.250,0.642
2.5,72.9,1.058,0.653
2.5,73.4,0.224,0.664
2.5,73.9,-0.609,0.675
2.5,74.4,-1.507,0.686
2.5,74.9,0.801,0.697
2.5,75.4,-0.032,0.707
2.5,75.9,-0.866,0.718
2.5,76.4,1.443,0.729
2.5,76.9,0.609,0.740
2.5,77.4,-0.224,0.751
2.5,77.9,-1.058,0.761
2.5,78.4,1.250,0.772
2.5,78.9,0.417,0.783
2.5,79.4,-0.417,0.793
2.5,79.9,-1.250,0.804
2.5,80.4,1.058,0.814
2.5,80.9,0.224,0.825
2.5,81.4,-0.609,0.835
2.5,81.9,-1.443,0.846
2.5,82.4,0.866,0.856
2.5,82.9,-0.032,0.866
2.5,83.4,-0.866,0.877
2.5,83.9,1.443,0.887
2.5,84.4,0.609,0.898
2.5,84.9,-0.224,0.908
2.5,85.4,-1.058,0.918
2.5,85.9,1.250,0.929
2.5,86.4,0.417,0.939
2.5,86.9,-0.417,0.949
2.5,87.4,-1.250,0.959
2.5,87.9,1.058,0.969
2.5,88.4,0.160,0.979
2.5,88.9,-0.673,0.990
2.5,89.4,-1.507,1.000
2.5,89.9,0.801,1.010
2.5,90.5,-0.032,1.020
2.5,91.0,-0.866,1.030
2.5,91.5,1.443,1.039
2.5,92.0,0.609,1.049
2.5,92.5,-0.289,1.059
2.5,93.0,-1.122,1.069
2.5,93.5,1.186,1.079
2.5,94.0,0.353,1.089
2.5,94.5,-0.481,1.098
2.5,95.0,-1.314,1.108
2.5,95.5,0.994,1.117
2.5,96.0,0.096,1.127
2.5,96.5,-0.737,1.137
2.5,97.0,-1.571,1.146
2.5,97.5,0.737,1.156
2.5,98.0,-0.096,1.165
2.5,98.5,-0.930,1.174
2.5,99.0,1.314,1.184
2.5,99.5,0.481,1.193
2.5,100.0,-0.353,1.203
3.0,0.0,-1.058,0.968
3.0,0.5,1.250,0.959
3.0,1.0,0.417,0.949
3.0,1.5,-0.353,0.939
3.0,2.0,-1.186,0.929
3.0,2.5,1.122,0.918
3.0,3.0,0.353,0.909
3.0,3.5,-0.481,0.899
3.0,4.0,-1.250,0.888
3.0,4.5,1.058,0.878
3.0,5.0,0.224,0.868
3.0,5.5,-0.545,0.858
3.0,6.0,-1.378,0.848
3.0,6.5,0.930,0.837
3.0,7.0,0.160,0.827
3.0,7.5,-0.673,0.817
3.0,8.0,-1.507,0.806
3.0,8.5,0.866,0.796
3.0,9.0,0.032,0.786
3.0,9.5,-0.801,0.775
3.0,10.1,1.571,0.765
3.0,10.6,0.737,0.754
3.0,11.1,-0.096,0.744
3.0,11.6,-0.866,0.733
3.0,12.1,1.443,0.723
3.0,12.6,0.609,0.712
3.0,13.1,-0.224,0.701
3.0,13.6,-0.994,0.691
3.0,14.1,1.314,0.680
3.0,14.6,0.481,0.670
3.0,15.1,-0.289,0.659
3.0,15.6,-1.122,0.648
3.0,16.1,1.186,0.638
3.0,16.6,0.417,0.627
3.0,17.1,-0.417,0.616
3.0,17.6,-1.250,0.605
3.0,18.1,1.058,0.594
3.0,18.6,0.289,0.584
3.0,19.1,-0.545,0.573
3.0,19.6,-1.378,0.562
3.0,20.1,0.930,0.551
3.0,20.6,0.160,0.540
3.0,21.1,-0.673,0.529
3.0,21.6,-1.507,0.518
3.0,22.1,0.866,0.507
3.0,22.6,0.032,0.496
3.0,23.1,-0.801,0.485
3.0,23.6,1.507,0.474
3.0,24.1,0.737,0.463
3.0,24.6,-0.096,0.452
3.0,25.1,-0.930,0.441
3.0,25.6,1.378,0.430
3.0,26.1,0.609,0.418
3.0,26.6,-0.224,0.408
3.0,27.1,-1.058,0.396
3.0,27.6,1.250,0.385
3.0,28.1,0.417,0.374
3.0,28.6,-0.353,0.363
3.0,29.1,-1.186,0.352
3.0,29.6,1.122,0.340
3.0,30.2,0.289,0.329
3.0,30.7,-0.481,0.318
3.0,31.2,-1.314,0.307
3.0,31.7,0.994,0.296
3.0,32.2,0.160,0.284
3.0,32.7,-0.673,0.273
3.0,33.2,-1.443,0.262
3.0,33.7,0.866,0.250
3.0,34.2,0.032,0.239
3.0,34.7,-0.801,0.228
3.0,35.2,1.507,0.216
3.0,35.7,0.673,0.205
3.0,36.2,-0.096,0.194
3.0,36.7,-0.930,0.182
3.0,37.2,1.378,0.171
3.0,37.7,0.545,0.160
3.0,38.2,-0.289,0.148
3.0,38.7,-1.058,0.137
3.0,39.2,1.250,0.125
3.0,39.7,0.417,0.114
3.0,40.2,-0.417,0.103
3.0,40.7,-1.250,0.091
3.0,41.2,1.058,0.080
3.0,41.7,0.224,0.068
3.0,42.2,-0.545,0.057
3.0,42.7,-1.378,0.046
3.0,43.2,0.930,0.034
3.0,43.7,0.096,0.023
3.0,44.2,-0.737,0.011
3.0,44.7,-1.571,0.000
3.0,45.2,0.737,0.012
3.0,45.7,-0.032,0.023
3.0,46.2,-0.866,0.034
3.0,46.7,1.443,0.046
3.0,47.2,0.609,0.057
3.0,47.7,-0.224,0.069
3.0,48.2,-1.058,0.080
3.0,48.7,1.250,0.092
3.0,49.2,0.417,0.103
3.0,49.7,-0.353,0.114
3.0,50.3,-1.186,0.126
3.0,50.8,1.122,0.137
3.0,51.3,0.289,0.149
3.0,51.8,-0.545,0.160
3.0,52.3,-1.378,0.172
3.0,52.8,0.930,0.183
3.0,53.3,0.096,0.194
3.0,53.8,-0.737,0.206
3.0,54.3,-1.571,0.217
3.0,54.8,0.737,0.228
3.0,55.3,-0.032,0.240
3.0,55.8,-0.866,0.251
3.0,56.3,1.443,0.263
3.0,56.8,0.609,0.274
3.0,57.3,-0.224,0.285
3.0,57.8,-1.058,0.297
3.0,58.3,1.250,0.308
3.0,58.8,0.417,0.319
3.0,59.3,-0.417,0.331
3.0,59.8,-1.250,0.342
3.0,60.3,1.058,0.353
3.0,60.8,0.224,0.365
3.0,61.3,-0.609,0.376
3.0,61.8,-1.443,0.387
3.0,62.3,0.866,0.398
3.0,62.8,0.032,0.410
3.0,63.3,-0.801,0.421
3.0,63.8,1.507,0.432
3.0,64.3,0.673,0.443
3.0,64.8,-0.160,0.455
3.0,65.3,-0.994,0.466
3.0,65.8,1.378,0.477
3.0,66.3,0.545,0.488
3.0,66.8,-0.289,0.499
3.0,67.3,-1.122,0.510
3.0,67.8,1.186,0.521
3.0,68.3,0.353,0.533
3.0,68.8,-0.481,0.544
3.0,69.3,-1.314,0.555
3.0,69.8,0.994,0.566
3.0,70.4,0.160,0.577
3.0,70.9,-0.673,0.588
3.0,71.4,-1.507,0.599
3.0,71.9,0.801,0.610
3.0,72.4,-0.096,0.621
3.0,72.9,-0.930,0.632
3.0,73.4,1.378,0.643
3.0,73.9,0.545,0.653
3.0,74.4,-0.289,0.664
3.0,74.9,-1.122,0.675
3.0,75.4,1.186,0.686
3.0,75.9,0.353,0.697
3.0,76.4,-0.481,0.708
3.0,76.9,-1.314,0.719
3.0,77.4,0.994,0.729
3.0,77.9,0.160,0.740
3.0,78.4,-0.673,0.751
3.0,78.9,-1.507,0.762
3.0,79.4,0.801,0.772
3.0,79.9,-0.032,0.783
3.0,80.4,-0.866,0.793
3.0,80.9,1.443,0.804
3.0,81.4,0.609,0.815
3.0,81.9,-0.224,0.825
3.0,82.4,-1.058,0.835
3.0,82.9,1.186,0.846
3.0,83.4,0.353,0.856
3.0,83.9,-0.481,0.867
3.0,84.4,-1.314,0.877
3.0,84.9,0.994,0.888
3.0,85.4,0.160,0.898
3.0,85.9,-0.673,0.909
3.0,86.4,-1.507,0.919
3.0,86.9,0.801,0.929
3.0,87.4,-0.032,0.939
3.0,87.9,-0.866,0.949
3.0,88.4,1.378,0.959
3.0,88.9,0.545,0.970
3.0,89.4,-0.289,0.980
3.0,89.9,-1.122,0.990
3.0,90.5,1.186,1.000
3.0,91.0,0.353,1.010
3.0,91.5,-0.481,1.020
3.0,92.0,-1.314,1.030
3.0,92.5,0.994,1.039
3.0,93.0,0.096,1.049
3.0,93.5,-0.737,1.060
3.0,94.0,-1.571,1.069
3.0,94.5,0.737,1.079
3.0,95.0,-0.096,1.089
3.0,95.5,-0.930,1.098
3.0,96.0,1.378,1.108
3.0,96.5,0.481,1.118
3.0,97.0,-0.353,1.127
3.0,97.5,-1.186,1.137
3.0,98.0,1.122,1.147
3.0,98.5,0.289,1.156
3.0,99.0,-0.545,1.165
3.0,99.5,-1.443,1.175
3.0,100.0,0.866,1.184
3.5,0.0,0.096,0.988
3.5,0.5,-0.737,0.978
3.5,1.0,-1.571,0.968
3.5,1.5,0.801,0.959
3.5,2.0,-0.032,0.949
3.5,2.5,-0.801,0.938
3.5,3.0,1.507,0.929
3.5,3.5,0.673,0.919
3.5,4.0,-0.096,0.909
3.5,4.5,-0.930,0.899
3.5,5.0,1.378,0.888
3.5,5.5,0.609,0.878
3.5,6.0,-0.224,0.868
3.5,6.5,-1.058,0.858
3.5,7.0,1.314,0.848
3.5,7.5,0.481,0.838
3.5,8.0,-0.353,0.827
3.5,8.5,-1.122,0.817
3.5,9.0,1.186,0.807
3.5,9.5,0.353,0.796
3.5,10.1,-0.417,0.786
3.5,10.6,-1.250,0.775
3.5,11.1,1.058,0.765
3.5,11.6,0.289,0.754
3.5,12.1,-0.545,0.744
3.5,12.6,-1.378,0.733
3.5,13.1,0.994,0.723
3.5,13.6,0.160,0.712
3.5,14.1,-0.673,0.702
3.5,14.6,-1.443,0.691
3.5,15.1,0.866,0.680
3.5,15.6,0.032,0.670
3.5,16.1,-0.737,0.659
3.5,16.6,1.571,0.648
3.5,17.1,0.737,0.638
3.5,17.6,-0.096,0.627
3.5,18.1,-0.866,0.616
3.5,18.6,1.443,0.605
3.5,19.1,0.609,0.594
3.5,19.6,-0.160,0.583
3.5,20.1,-0.994,0.573
3.5,20.6,1.314,0.562
3.5,21.1,0.481,0.551
3.5,21.6,-0.289,0.540
3.5,22.1,-1.122,0.529
3.5,22.6,1.186,0.518
3.5,23.1,0.353,0.507
3.5,23.6,-0.417,0.496
3.5,24.1,-1.250,0.485
3.5,24.6,1.058,0.474
3.5,25.1,0.224,0.463
3.5,25.6,-0.545,0.452
3.5,26.1,-1.378,0.441
3.5,26.6,0.930,0.430
3.5,27.1,0.096,0.419
3.5,27.6,-0.673,0.407
3.5,28.1,-1.507,0.396
3.5,28.6,0.801,0.385
3.5,29.1,-0.032,0.374
3.5,29.6,-0.801,0.363
3.5,30.2,1.507,0.352
3.5,30.7,0.673,0.340
3.5,31.2,-0.160,0.329
3.5,31.7,-0.994,0.318
3.5,32.2,1.378,0.307
3.5,32.7,0.545,0.295
3.5,33.2,-0.289,0.284
3.5,33.7,-1.122,0.273
3.5,34.2,1.186,0.261
3.5,34.7,0.417,0.250
3.5,35.2,-0.417,0.239
3.5,35.7,-1.250,0.228
3.5,36.2,1.058,0.216
3.5,36.7,0.224,0.205
3.5,37.2,-0.545,0.193
3.5,37.7,-1.378,0.182
3.5,38.2,0.930,0.171
3.5,38.7,0.096,0.159
3.5,39.2,-0.737,0.148
3.5,39.7,-1.571,0.137
3.5,40.2,0.801,0.125
3.5,40.7,-0.032,0.114
3.5,41.2,-0.866,0.103
3.5,41.7,1.443,0.091
3.5,42.2,0.609,0.080
3.5,42.7,-0.224,0.068
3.5,43.2,-1.058,0.057
3.5,43.7,1.314,0.045
3.5,44.2,0.481,0.034
3.5,44.7,-0.353,0.023
3.5,45.2,-1.186,0.011
3.5,45.7,1.122,0.000
3.5,46.2,0.289,0.012
3.5,46.7,-0.545,0.023
3.5,47.2,-1.314,0.035
3.5,47.7,0.994,0.046
3.5,48.2,0.160,0.057
3.5,48.7,-0.673,0.069
3.5,49.2,-1.507,0.080
3.5,49.7,0.801,0.092
3.5,50.3,-0.032,0.103
3.5,50.8,-0.866,0.115
3.5,51.3,1.443,0.126
3.5,51.8,0.673,0.137
3.5,52.3,-0.160,0.149
3.5,52.8,-0.994,0.160
3.5,53.3,1.314,0.172
3.5,53.8,0.481,0.183
3.5,54.3,-0.353,0.195
3.5,54.8,-1.186,0.206
3.5,55.3,1.122,0.217
3.5,55.8,0.289,0.229
3.5,56.3,-0.545,0.240
3.5,56.8,-1.378,0.251
3.5,57.3,0.994,0.263
3.5,57.8,0.160,0.274
3.5,58.3,-0.673,0.286
3.5,58.8,-1.507,0.297
3.5,59.3,0.801,0.308
3.5,59.8,-0.032,0.320
3.5,60.3,-0.866,0.331
3.5,60.8,1.443,0.342
3.5,61.3,0.609,0.354
3.5,61.8,-0.224,0.365
3.5,62.3,-1.058,0.376
3.5,62.8,1.250,0.388
3.5,63.3,0.417,0.399
3.5,63.8,-0.417,0.410
3.5,64.3,-1.250,0.421
3.5,64.8,1.058,0.432
3.5,65.3,0.224,0.444
3.5,65.8,-0.609,0.455
3.5,66.3,-1.443,0.466
3.5,66.8,0.866,0.477
3.5,67.3,0.032,0.488
3.5,67.8,-0.801,0.500
3.5,68.3,1.507,0.511
3.5,68.8,0.673,0.522
3.5,69.3,-0.160,0.533
3.5,69.8,-0.994,0.544
3.5,70.4,1.314,0.555
3.5,70.9,0.481,0.566
3.5,71.4,-0.353,0.577
3.5,71.9,-1.186,0.588
3.5,72.4,1.122,0.599
3.5,72.9,0.289,0.610
3.5,73.4,-0.545,0.621
3.5,73.9,-1.378,0.632
3.5,74.4,0.930,0.643
3.5,74.9,0.096,0.654
3.5,75.4,-0.737,0.665
3.5,75.9,-1.571,0.676
3.5,76.4,0.737,0.687
3.5,76.9,-0.096,0.697
3.5,77.4,-0.930,0.708
3.5,77.9,1.378,0.719
3.5,78.4,0.545,0.730
3.5,78.9,-0.289,0.741
3.5,79.4,-1.122,0.751
3.5,79.9,1.186,0.762
3.5,80.4,0.353,0.773
3.5,80.9,-0.481,0.783
3.5,81.4,-1.314,0.794
3.5,81.9,0.994,0.804
3.5,82.4,0.160,0.815
3.5,82.9,-0.737,0.825
3.5,83.4,-1.571,0.836
3.5,83.9,0.737,0.846
3.5,84.4,-0.096,0.857
3.5,84.9,-0.930,0.867
3.5,85.4,1.378,0.878
3.5,85.9,0.545,0.888
3.5,86.4,-0.289,0.899
3.5,86.9,-1.122,0.909
3.5,87.4,1.186,0.919
3.5,87.9,0.353,0.929
3.5,88.4,-0.481,0.939
3.5,88.9,-1.378,0.949
3.5,89.4,0.930,0.960
3.5,89.9,0.096,0.970
3.5,90.5,-0.737,0.980
3.5,91.0,1.571,0.990
3.5,91.5,0.737,1.000
3.5,92.0,-0.096,1.010
3.5,92.5,-0.930,1.020
3.5,93.0,1.314,1.030
3.5,93.5,0.481,1.040
3.5,94.0,-0.353,1.050
3.5,94.5,-1.186,1.060
3.5,95.0,1.122,1.070
3.5,95.5,0.289,1.079
3.5,96.0,-0.545,1.089
3.5,96.5,-1.378,1.099
3.5,97.0,0.866,1.108
3.5,97.5,0.032,1.118
3.5,98.0,-0.801,1.128
3.5,98.5,1.507,1.137
3.5,99.0,0.673,1.147
3.5,99.5,-0.160,1.156
3.5,100.0,-1.058,1.166
4.0,0.0,1.250,1.008
4.0,0.5,0.417,0.998
4.0,1.0,-0.353,0.988
4.0,1.5,-1.186,0.978
4.0,2.0,1.122,0.968
4.0,2.5,0.353,0.959
4.0,3.0,-0.481,0.949
4.0,3.5,-1.314,0.938
4.0,4.0,1.058,0.929
4.0,4.5,0.224,0.919
4.0,5.0,-0.545,0.908
4.0,5.5,-1.378,0.899
4.0,6.0,0.930,0.888
4.0,6.5,0.160,0.878
4.0,7.0,-0.673,0.868
4.0,7.5,-1.507,0.858
4.0,8.0,0.866,0.848
4.0,8.5,0.032,0.838
4.0,9.0,-0.801,0.827
4.0,9.5,1.571,0.817
4.0,10.1,0.737,0.807
4.0,10.6,-0.096,0.796
4.0,11.1,-0.866,0.786
4.0,11.6,1.443,0.775
4.0,12.1,0.609,0.765
4.0,12.6,-0.160,0.754
4.0,13.1,-0.994,0.744
4.0,13.6,1.314,0.733
4.0,14.1,0.545,0.723
4.0,14.6,-0.289,0.712
4.0,15.1,-1.122,0.702
4.0,15.6,1.186,0.691
4.0,16.1,0.417,0.680
4.0,16.6,-0.417,0.670
4.0,17.1,-1.250,0.659
4.0,17.6,1.122,0.648
4.0,18.1,0.289,0.638
4.0,18.6,-0.545,0.627
4.0,19.1,-1.314,0.616
4.0,19.6,0.994,0.605
4.0,20.1,0.160,0.594
4.0,20.6,-0.673,0.583
4.0,21.1,-1.443,0.573
4.0,21.6,0.866,0.562
4.0,22.1,0.032,0.551
4.0,22.6,-0.801,0.540
4.0,23.1,1.571,0.529
4.0,23.6,0.737,0.518
4.0,24.1,-0.096,0.507
4.0,24.6,-0.866,0.496
4.0,25.1,1.443,0.485
4.0,25.6,0.609,0.474
4.0,26.1,-0.224,0.463
4.0,26.6,-0.994,0.452
4.0,27.1,1.314,0.441
4.0,27.6,0.481,0.430
4.0,28.1,-0.353,0.418
4.0,28.6,-1.186,0.407
4.0,29.1,1.186,0.396
4.0,29.6,0.353,0.385
4.0,30.2,-0.481,0.374
4.0,30.7,-1.314,0.363
4.0,31.2,1.058,0.351
4.0,31.7,0.224,0.340
4.0,32.2,-0.609,0.329
4.0,32.7,-1.443,0.318
4.0,33.2,0.866,0.306
4.0,33.7,0.096,0.295
4.0,34.2,-0.737,0.284
4.0,34.7,-1.571,0.273
4.0,35.2,0.737,0.261
4.0,35.7,-0.096,0.250
4.0,36.2,-0.866,0.239
4.0,36.7,1.443,0.227
4.0,37.2,0.609,0.216
4.0,37.7,-0.224,0.205
4.0,38.2,-1.058,0.193
4.0,38.7,1.314,0.182
4.0,39.2,0.481,0.171
4.0,39.7,-0.353,0.159
4.0,40.2,-1.186,0.148
4.0,40.7,1.122,0.137
4.0,41.2,0.289,0.125
4.0,41.7,-0.481,0.114
4.0,42.2,-1.314,0.102
4.0,42.7,0.994,0.091
4.0,43.2,0.160,0.080
4.0,43.7,-0.673,0.068
4.0,44.2,-1.507,0.057
4.0,44.7,0.801,0.045
4.0,45.2,0.032,0.034
4.0,45.7,-0.801,0.022
4.0,46.2,1.507,0.011
4.0,46.7,0.673,0.000
4.0,47.2,-0.160,0.012
4.0,47.7,-0.994,0.023
4.0,48.2,1.314,0.035
4.0,48.7,0.545,0.046
4.0,49.2,-0.289,0.058
4.0,49.7,-1.122,0.069
4.0,50.3,1.186,0.081
4.0,50.8,0.353,0.092
4.0,51.3,-0.481,0.103
4.0,51.8,-1.314,0.115
4.0,52.3,0.994,0.126
4.0,52.8,0.160,0.138
4.0,53.3,-0.609,0.149
4.0,53.8,-1.443,0.161
4.0,54.3,0.866,0.172
4.0,54.8,0.032,0.183
4.0,55.3,-0.801,0.195
4.0,55.8,1.507,0.206
4.0,56.3,0.673,0.218
4.0,56.8,-0.160,0.229
4.0,57.3,-0.994,0.240
4.0,57.8,1.314,0.252
4.0,58.3,0.481,0.263
4.0,58.8,-0.353,0.274
4.0,59.3,-1.122,0.286
4.0,59.8,1.186,0.297
4.0,60.3,0.353,0.309
4.0,60.8,-0.481,0.320
4.0,61.3,-1.314,0.331
4.0,61.8,0.994,0.343
4.0,62.3,0.160,0.354
4.0,62.8,-0.673,0.365
4.0,63.3,-1.507,0.377
4.0,63.8,0.801,0.388
4.0,64.3,-0.032,0.399
4.0,64.8,-0.866,0.410
4.0,65.3,1.443,0.422
4.0,65.8,0.609,0.433
4.0,66.3,-0.224,0.444
4.0,66.8,-1.058,0.455
4.0,67.3,1.250,0.466
4.0,67.8,0.417,0.478
4.0,68.3,-0.417,0.489
4.0,68.8,-1.250,0.500
4.0,69.3,1.058,0.511
4.0,69.8,0.224,0.522
4.0,70.4,-0.609,0.533
4.0,70.9,-1.443,0.544
4.0,71.4,0.866,0.555
4.0,71.9,0.032,0.566
4.0,72.4,-0.801,0.577
4.0,72.9,1.507,0.589
4.0,73.4,0.673,0.600
4.0,73.9,-0.160,0.611
4.0,74.4,-0.994,0.621
4.0,74.9,1.314,0.632
4.0,75.4,0.481,0.643
4.0,75.9,-0.353,0.654
4.0,76.4,-1.186,0.665
4.0,76.9,1.122,0.676
4.0,77.4,0.289,0.687
4.0,77.9,-0.545,0.698
4.0,78.4,-1.378,0.709
4.0,78.9,0.930,0.719
4.0,79.4,0.096,0.730
4.0,79.9,-0.737,0.741
4.0,80.4,1.571,0.751
4.0,80.9,0.737,0.762
4.0,81.4,-0.096,0.773
4.0,81.9,-0.930,0.783
4.0,82.4,1.378,0.794
4.0,82.9,0.481,0.804
4.0,83.4,-0.353,0.815
4.0,83.9,-1.186,0.826
4.0,84.4,1.122,0.836
4.0,84.9,0.289,0.847
4.0,85.4,-0.545,0.857
4.0,85.9,-1.378,0.868
4.0,86.4,0.930,0.878
4.0,86.9,0.096,0.888
4.0,87.4,-0.737,0.899
4.0,87.9,1.571,0.909
4.0,88.4,0.737,0.919
4.0,88.9,-0.160,0.929
4.0,89.4,-0.994,0.940
4.0,89.9,1.314,0.950
4.0,90.5,0.481,0.960
4.0,91.0,-0.353,0.970
4.0,91.5,-1.186,0.981
4.0,92.0,1.122,0.991
4.0,92.5,0.289,1.001
4.0,93.0,-0.545,1.010
4.0,93.5,-1.443,1.020
4.0,94.0,0.866,1.030
4.0,94.5,0.032,1.040
4.0,95.0,-0.801,1.050
4.0,95.5,1.507,1.060
4.0,96.0,0.673,1.070
4.0,96.5,-0.160,1.080
4.0,97.0,-0.994,1.089
4.0,97.5,1.250,1.099
4.0,98.0,0.417,1.109
4.0,98.5,-0.417,1.119
4.0,99.0,-1.250,1.128
4.0,99.5,1.058,1.138
4.0,100.0,0.224,1.147
4.5,0.0,-0.737,1.027
4.5,0.5,-1.571,1.018
4.5,1.0,0.801,1.008
4.5,1.5,-0.032,0.998
4.5,2.0,-0.866,0.988
4.5,2.5,1.507,0.978
4.5,3.0,0.673,0.969
4.5,3.5,-0.096,0.958
4.5,4.0,-0.930,0.949
4.5,4.5,1.378,0.939
4.5,5.0,0.609,0.929
4.5,5.5,-0.224,0.919
4.5,6.0,-1.058,0.908
4.5,6.5,1.314,0.899
4.5,7.0,0.481,0.889
4.5,7.5,-0.353,0.878
4.5,8.0,-1.122,0.868
4.5,8.5,1.186,0.858
4.5,9.0,0.417,0.847
4.5,9.5,-0.417,0.837
4.5,10.1,-1.250,0.827
4.5,10.6,1.122,0.817
4.5,11.1,0.289,0.807
4.5,11.6,-0.545,0.796
4.5,12.1,-1.314,0.785
4.5,12.6,0.994,0.775
4.5,13.1,0.160,0.765
4.5,13.6,-0.673,0.754
4.5,14.1,-1.443,0.744
4.5,14.6,0.866,0.733
4.5,15.1,0.032,0.723
4.5,15.6,-0.737,0.712
4.5,16.1,-1.571,0.702
4.5,16.6,0.737,0.691
4.5,17.1,-0.032,0.680
4.5,17.6,-0.866,0.670
4.5,18.1,1.443,0.659
4.5,18.6,0.673,0.648
4.5,19.1,-0.160,0.637
4.5,19.6,-0.994,0.627
4.5,20.1,1.314,0.616
4.5,20.6,0.545,0.605
4.5,21.1,-0.289,0.594
4.5,21.6,-1.122,0.583
4.5,22.1,1.250,0.572
4.5,22.6,0.417,0.562
4.5,23.1,-0.417,0.551
4.5,23.6,-1.250,0.540
4.5,24.1,1.122,0.529
4.5,24.6,0.289,0.518
4.5,25.1,-0.545,0.507
4.5,25.6,-1.378,0.496
4.5,26.1,0.994,0.485
4.5,26.6,0.160,0.474
4.5,27.1,-0.673,0.463
4.5,27.6,-1.507,0.452
4.5,28.1,0.866,0.441
4.5,28.6,0.032,0.430
4.5,29.1,-0.801,0.418
4.5,29.6,1.507,0.407
4.5,30.2,0.737,0.396
4.5,30.7,-0.096,0.385
4.5,31.2,-0.930,0.374
4.5,31.7,1.378,0.363
4.5,32.2,0.545,0.351
4.5,32.7,-0.224,0.340
4.5,33.2,-1.058,0.329
4.5,33.7,1.250,0.318
4.5,34.2,0.417,0.306
4.5,34.7,-0.353,0.295
4.5,35.2,-1.186,0.284
4.5,35.7,1.122,0.273
4.5,36.2,0.289,0.261
4.5,36.7,-0.545,0.250
4.5,37.2,-1.378,0.239
4.5,37.7,0.994,0.227
4.5,38.2,0.160,0.216
4.5,38.7,-0.673,0.205
4.5,39.2,-1.507,0.193
4.5,39.7,0.801,0.182
4.5,40.2,0.032,0.171
4.5,40.7,-0.801,0.159
4.5,41.2,1.507,0.148
4.5,41.7,0.673,0.136
4.5,42.2,-0.160,0.125
4.5,42.7,-0.994,0.114
4.5,43.2,1.378,0.102
4.5,43.7,0.545,0.091
4.5,44.2,-0.289,0.079
4.5,44.7,-1.122,0.068
4.5,45.2,1.186,0.057
4.5,45.7,0.353,0.045
4.5,46.2,-0.481,0.034
4.5,46.7,-1.250,0.022
4.5,47.2,1.058,0.011
4.5,47.7,0.224,0.001
4.5,48.2,-0.609,0.012
4.5,48.7,-1.443,0.024
4.5,49.2,0.866,0.035
4.5,49.7,0.032,0.046
4.5,50.3,-0.737,0.058
4.5,50.8,1.571,0.069
4.5,51.3,0.737,0.081
4.5,51.8,-0.096,0.092
4.5,52.3,-0.930,0.104
4.5,52.8,1.378,0.115
4.5,53.3,0.545,0.126
4.5,53.8,-0.289,0.138
4.5,54.3,-1.122,0.149
4.5,54.8,1.250,0.161
4.5,55.3,0.417,0.172
4.5,55.8,-0.417,0.184
4.5,56.3,-1.250,0.195
4.5,56.8,1.058,0.206
4.5,57.3,0.224,0.218
4.5,57.8,-0.609,0.229
4.5,58.3,-1.443,0.241
4.5,58.8,0.866,0.252
4.5,59.3,0.032,0.263
4.5,59.8,-0.801,0.275
4.5,60.3,1.507,0.286
4.5,60.8,0.673,0.297
4.5,61.3,-0.096,0.309
4.5,61.8,-0.930,0.320
4.5,62.3,1.378,0.331
4.5,62.8,0.545,0.343
4.5,63.3,-0.289,0.354
4.5,63.8,-1.122,0.365
4.5,64.3,1.186,0.377
4.5,64.8,0.353,0.388
4.5,65.3,-0.481,0.399
4.5,65.8,-1.314,0.411
4.5,66.3,0.994,0.422
4.5,66.8,0.160,0.433
4.5,67.3,-0.673,0.444
4.5,67.8,-1.507,0.456
4.5,68.3,0.801,0.467
4.5,68.8,-0.032,0.478
4.5,69.3,-0.866,0.489
4.5,69.8,1.443,0.500
4.5,70.4,0.609,0.511
4.5,70.9,-0.224,0.522
4.5,71.4,-1.058,0.534
4.5,71.9,1.250,0.545
4.5,72.4,0.417,0.556
4.5,72.9,-0.417,0.567
4.5,73.4,-1.250,0.578
4.5,73.9,1.058,0.589
4.5,74.4,0.224,0.600
4.5,74.9,-0.609,0.611
4.5,75.4,-1.443,0.622
4.5,75.9,0.866,0.633
4.5,76.4,0.032,0.644
4.5,76.9,-0.801,0.655
4.5,77.4,1.507,0.665
4.5,77.9,0.673,0.676
4.5,78.4,-0.160,0.687
4.5,78.9,-0.994,0.698
4.5,79.4,1.314,0.709
4.5,79.9,0.481,0.720
4.5,80.4,-0.353,0.730
4.5,80.9,-1.186,0.741
4.5,81.4,1.122,0.752
4.5,81.9,0.289,0.762
4.5,82.4,-0.545,0.773
4.5,82.9,-1.443,0.783
4.5,83.4,0.866,0.794
4.5,83.9,0.032,0.805
4.5,84.4,-0.801,0.815
4.5,84.9,1.507,0.826
4.5,85.4,0.673,0.837
4.5,85.9,-0.160,0.847
4.5,86.4,-0.994,0.858
4.5,86.9,1.314,0.868
4.5,87.4,0.481,0.878
4.5,87.9,-0.353,0.889
4.5,88.4,-1.186,0.899
4.5,88.9,1.122,0.909
4.5,89.4,0.224,0.919
4.5,89.9,-0.609,0.930
4.5,90.5,-1.443,0.940
4.5,91.0,0.866,0.950
4.5,91.5,0.032,0.961
4.5,92.0,-0.801,0.971
4.5,92.5,1.507,0.981
4.5,93.0,0.673,0.991
4.5,93.5,-0.160,1.001
4.5,94.0,-1.058,1.011
4.5,94.5,1.250,1.021
4.5,95.0,0.417,1.031
4.5,95.5,-0.417,1.041
4.5,96.0,-1.250,1.051
4.5,96.5,1.058,1.061
4.5,97.0,0.224,1.070
4.5,97.5,-0.609,1.080
4.5,98.0,-1.507,1.090
4.5,98.5,0.801,1.100
4.5,99.0,-0.032,1.109
4.5,99.5,-0.866,1.119
4.5,100.0,1.443,1.129
5.0,0.0,0.417,1.047
5.0,0.5,-0.417,1.037
5.0,1.0,-1.186,1.027
5.0,1.5,1.122,1.018
5.0,2.0,0.353,1.007
5.0,2.5,-0.481,0.998
5.0,3.0,-1.314,0.988
5.0,3.5,1.058,0.978
5.0,4.0,0.224,0.969
5.0,4.5,-0.609,0.958
5.0,5.0,-1.378,0.949
5.0,5.5,0.930,0.939
5.0,6.0,0.160,0.928
5.0,6.5,-0.673,0.919
5.0,7.0,-1.507,0.909
5.0,7.5,0.866,0.898
5.0,8.0,0.032,0.889
5.0,8.5,-0.801,0.878
5.0,9.0,1.571,0.868
5.0,9.5,0.737,0.858
5.0,10.1,-0.096,0.848
5.0,10.6,-0.866,0.837
5.0,11.1,1.443,0.827
5.0,11.6,0.609,0.817
5.0,12.1,-0.160,0.806
5.0,12.6,-0.994,0.796
5.0,13.1,1.314,0.786
5.0,13.6,0.545,0.775
5.0,14.1,-0.289,0.765
5.0,14.6,-1.122,0.754
5.0,15.1,1.250,0.744
5.0,15.6,0.417,0.733
5.0,16.1,-0.417,0.723
5.0,16.6,-1.186,0.712
5.0,17.1,1.122,0.702
5.0,17.6,0.289,0.691
5.0,18.1,-0.481,0.680
5.0,18.6,-1.314,0.670
5.0,19.1,0.994,0.659
5.0,19.6,0.160,0.648
5.0,20.1,-0.609,0.637
5.0,20.6,-1.443,0.627
5.0,21.1,0.866,0.616
5.0,21.6,0.096,0.605
5.0,22.1,-0.737,0.594
5.0,22.6,-1.571,0.583
5.0,23.1,0.737,0.572
5.0,23.6,-0.032,0.562
5.0,24.1,-0.866,0.551
5.0,24.6,1.443,0.540
5.0,25.1,0.609,0.529
5.0,25.6,-0.160,0.518
5.0,26.1,-0.994,0.507
5.0,26.6,1.314,0.496
5.0,27.1,0.481,0.485
5.0,27.6,-0.289,0.474
5.0,28.1,-1.122,0.463
5.0,28.6,1.186,0.452
5.0,29.1,0.353,0.440
5.0,29.6,-0.417,0.429
5.0,30.2,-1.250,0.418
5.0,30.7,1.058,0.407
5.0,31.2,0.224,0.396
5.0,31.7,-0.545,0.385
5.0,32.2,-1.378,0.374
5.0,32.7,0.930,0.363
5.0,33.2,0.096,0.351
5.0,33.7,-0.673,0.340
5.0,34.2,-1.507,0.329
5.0,34.7,0.801,0.318
5.0,35.2,-0.032,0.306
5.0,35.7,-0.866,0.295
5.0,36.2,1.507,0.284
5.0,36.7,0.673,0.272
5.0,37.2,-0.160,0.261
5.0,37.7,-0.994,0.250
5.0,38.2,1.314,0.238
5.0,38.7,0.545,0.227
5.0,39.2,-0.289,0.216
5.0,39.7,-1.122,0.205
5.0,40.2,1.186,0.193
5.0,40.7,0.353,0.182
5.0,41.2,-0.481,0.170
5.0,41.7,-1.250,0.159
5.0,42.2,1.058,0.148
5.0,42.7,0.224,0.136
5.0,43.2,-0.609,0.125
5.0,43.7,-1.443,0.113
5.0,44.2,0.866,0.102
5.0,44.7,0.096,0.091
5.0,45.2,-0.737,0.079
5.0,45.7,1.571,0.068
5.0,46.2,0.737,0.056
5.0,46.7,-0.096,0.045
5.0,47.2,-0.930,0.033
5.0,47.7,1.378,0.022
5.0,48.2,0.609,0.011
5.0,48.7,-0.224,0.001
5.0,49.2,-1.058,0.012
5.0,49.7,1.250,0.024
5.0,50.3,0.417,0.035
5.0,50.8,-0.417,0.047
5.0,51.3,-1.250,0.058
5.0,51.8,1.122,0.069
5.0,52.3,0.289,0.081
5.0,52.8,-0.545,0.092
5.0,53.3,-1.378,0.104
5.0,53.8,0.930,0.115
5.0,54.3,0.096,0.127
5.0,54.8,-0.737,0.138
5.0,55.3,-1.571,0.150
5.0,55.8,0.737,0.161
5.0,56.3,-0.096,0.172
5.0,56.8,-0.866,0.184
5.0,57.3,1.443,0.195
5.0,57.8,0.609,0.207
5.0,58.3,-0.224,0.218
5.0,58.8,-1.058,0.229
5.0,59.3,1.250,0.241
5.0,59.8,0.417,0.252
5.0,60.3,-0.417,0.264
5.0,60.8,-1.250,0.275
5.0,61.3,1.058,0.286
5.0,61.8,0.224,0.298
5.0,62.3,-0.609,0.309
5.0,62.8,-1.443,0.320
5.0,63.3,0.866,0.332
5.0,63.8,0.096,0.343
5.0,64.3,-0.737,0.354
5.0,64.8,1.571,0.366
5.0,65.3,0.737,0.377
5.0,65.8,-0.096,0.388
5.0,66.3,-0.930,0.400
5.0,66.8,1.378,0.411
5.0,67.3,0.545,0.422
5.0,67.8,-0.289,0.433
5.0,68.3,-1.122,0.445
5.0,68.8,1.186,0.456
5.0,69.3,0.353,0.467
5.0,69.8,-0.481,0.478
5.0,70.4,-1.314,0.489
5.0,70.9,0.994,0.500
5.0,71.4,0.160,0.512
5.0,71.9,-0.673,0.523
5.0,72.4,-1.507,0.534
5.0,72.9,0.801,0.545
5.0,73.4,-0.032,0.556
5.0,73.9,-0.866,0.567
5.0,74.4,1.443,0.578
5.0,74.9,0.609,0.589
5.0,75.4,-0.224,0.600
5.0,75.9,-1.058,0.611
5.0,76.4,1.250,0.622
5.0,76.9,0.417,0.633
5.0,77.4,-0.417,0.644
5.0,77.9,-1.250,0.655
5.0,78.4,1.058,0.666
5.0,78.9,0.224,0.677
5.0,79.4,-0.609,0.687
5.0,79.9,-1.443,0.698
5.0,80.4,0.866,0.709
5.0,80.9,0.032,0.720
5.0,81.4,-0.801,0.730
5.0,81.9,1.507,0.741
5.0,82.4,0.609,0.752
5.0,82.9,-0.224,0.763
5.0,83.4,-1.058,0.773
5.0,83.9,1.250,0.784
5.0,84.4,0.417,0.795
5.0,84.9,-0.417,0.805
5.0,85.4,-1.250,0.816
5.0,85.9,1.058,0.826
5.0,86.4,0.224,0.837
5.0,86.9,-0.609,0.847
5.0,87.4,-1.443,0.858
5.0,87.9,0.866,0.868
5.0,88.4,0.032,0.879
5.0,88.9,-0.801,0.889
5.0,89.4,1.443,0.899
5.0,89.9,0.609,0.910
5.0,90.5,-0.224,0.920
5.0,91.0,-1.058,0.930
5.0,91.5,1.250,0.941
5.0,92.0,0.417,0.951
5.0,92.5,-0.417,0.961
5.0,93.0,-1.250,0.971
5.0,93.5,1.058,0.981
5.0,94.0,0.224,0.991
5.0,94.5,-0.673,1.001
5.0,95.0,-1.507,1.011
5.0,95.5,0.801,1.021
5.0,96.0,-0.032,1.031
5.0,96.5,-0.866,1.041
5.0,97.0,1.443,1.051
5.0,97.5,0.609,1.061
5.0,98.0,-0.224,1.070
5.0,98.5,-1.122,1.080
5.0,99.0,1.186,1.090
5.0,99.5,0.353,1.100
5.0,100.0,-0.481,1.110
5.5,0.0,-1.571,1.066
5.5,0.5,0.737,1.056
5.5,1.0,-0.032,1.047
5.5,1.5,-0.866,1.037
5.5,2.0,1.507,1.027
5.5,2.5,0.673,1.018
5.5,3.0,-0.160,1.008
5.5,3.5,-0.930,0.998
5.5,4.0,1.378,0.988
5.5,4.5,0.609,0.978
5.5,5.0,-0.224,0.969
5.5,5.5,-1.058,0.959
5.5,6.0,1.314,0.949
5.5,6.5,0.481,0.939
5.5,7.0,-0.353,0.929
5.5,7.5,-1.122,0.919
5.5,8.0,1.186,0.909
5.5,8.5,0.353,0.898
5.5,9.0,-0.417,0.889
5.5,9.5,-1.250,0.878
5.5,10.1,1.122,0.868
5.5,10.6,0.289,0.858
5.5,11.1,-0.545,0.848
5.5,11.6,-1.314,0.837
5.5,12.1,0.994,0.827
5.5,12.6,0.160,0.817
5.5,13.1,-0.609,0.806
5.5,13.6,-1.443,0.796
5.5,14.1,0.866,0.786
5.5,14.6,0.096,0.775
5.5,15.1,-0.737,0.765
5.5,15.6,-1.571,0.754
5.5,16.1,0.801,0.744
5.5,16.6,-0.032,0.733
5.5,17.1,-0.866,0.723
5.5,17.6,1.443,0.712
5.5,18.1,0.673,0.702
5.5,18.6,-0.160,0.691
5.5,19.1,-0.994,0.680
5.5,19.6,1.378,0.669
5.5,20.1,0.545,0.659
5.5,20.6,-0.289,0.648
5.5,21.1,-1.058,0.637
5.5,21.6,1.250,0.627
5.5,22.1,0.417,0.616
5.5,22.6,-0.417,0.605
5.5,23.1,-1.186,0.594
5.5,23.6,1.122,0.583
5.5,24.1,0.289,0.572
5.5,24.6,-0.481,0.561
5.5,25.1,-1.314,0.551
5.5,25.6,0.994,0.540
5.5,26.1,0.160,0.529
5.5,26.6,-0.609,0.518
5.5,27.1,-1.443,0.507
5.5,27.6,0.866,0.496
5.5,28.1,0.032,0.485
5.5,28.6,-0.737,0.474
5.5,29.1,1.571,0.463
5.5,29.6,0.737,0.452
5.5,30.2,-0.096,0.440
5.5,30.7,-0.866,0.429
5.5,31.2,1.443,0.418
5.5,31.7,0.609,0.407
5.5,32.2,-0.224,0.396
5.5,32.7,-1.058,0.385
5.5,33.2,1.314,0.374
5.5,33.7,0.481,0.362
5.5,34.2,-0.353,0.351
5.5,34.7,-1.186,0.340
5.5,35.2,1.186,0.329
5.5,35.7,0.353,0.317
5.5,36.2,-0.481,0.306
5.5,36.7,-1.314,0.295
5.5,37.2,0.994,0.284
5.5,37.7,0.224,0.272
5.5,38.2,-0.609,0.261
5.5,38.7,-1.443,0.250
5.5,39.2,0.866,0.238
5.5,39.7,0.032,0.227
5.5,40.2,-0.737,0.216
5.5,40.7,1.571,0.204
5.5,41.2,0.737,0.193
5.5,41.7,-0.096,0.182
5.5,42.2,-0.930,0.170
5.5,42.7,1.378,0.159
5.5,43.2,0.609,0.147
5.5,43.7,-0.224,0.136
5.5,44.2,-1.058,0.125
5.5,44.7,1.250,0.113
5.5,45.2,0.417,0.102
5.5,45.7,-0.417,0.090
5.5,46.2,-1.186,0.079
5.5,46.7,1.122,0.068
5.5,47.2,0.289,0.056
5.5,47.7,-0.545,0.045
5.5,48.2,-1.378,0.033
5.5,48.7,0.930,0.022
5.5,49.2,0.096,0.010
5.5,49.7,-0.673,0.001
5.5,50.3,-1.507,0.012
5.5,50.8,0.801,0.024
5.5,51.3,-0.032,0.035
5.5,51.8,-0.866,0.047
5.5,52.3,1.443,0.058
5.5,52.8,0.609,0.070
5.5,53.3,-0.224,0.081
5.5,53.8,-0.994,0.093
5.5,54.3,1.314,0.104
5.5,54.8,0.481,0.115
5.5,55.3,-0.353,0.127
5.5,55.8,-1.186,0.138
5.5,56.3,1.122,0.150
5.5,56.8,0.289,0.161
5.5,57.3,-0.545,0.173
5.5,57.8,-1.378,0.184
5.5,58.3,0.930,0.195
5.5,58.8,0.160,0.207
5.5,59.3,-0.673,0.218
5.5,59.8,-1.507,0.230
5.5,60.3,0.801,0.241
5.5,60.8,-0.032,0.252
5.5,61.3,-0.866,0.264
5.5,61.8,1.443,0.275
5.5,62.3,0.609,0.287
5.5,62.8,-0.224,0.298
5.5,63.3,-1.058,0.309
5.5,63.8,1.250,0.321
5.5,64.3,0.417,0.332
5.5,64.8,-0.417,0.343
5.5,65.3,-1.250,0.355
5.5,65.8,1.058,0.366
5.5,66.3,0.289,0.377
5.5,66.8,-0.545,0.388
5.5,67.3,-1.378,0.400
5.5,67.8,0.930,0.411
5.5,68.3,0.096,0.422
5.5,68.8,-0.737,0.434
5.5,69.3,1.571,0.445
5.5,69.8,0.737,0.456
5.5,70.4,-0.096,0.467
5.5,70.9,-0.930,0.478
5.5,71.4,1.378,0.490
5.5,71.9,0.545,0.501
5.5,72.4,-0.289,0.512
5.5,72.9,-1.122,0.523
5.5,73.4,1.186,0.534
5.5,73.9,0.353,0.545
5.5,74.4,-0.481,0.556
5.5,74.9,-1.314,0.567
5.5,75.4,0.994,0.578
5.5,75.9,0.160,0.589
5.5,76.4,-0.673,0.600
5.5,76.9,-1.507,0.611
5.5,77.4,0.801,0.622
5.5,77.9,-0.032,0.633
5.5,78.4,-0.866,0.644
5.5,78.9,1.443,0.655
5.5,79.4,0.609,0.666
5.5,79.9,-0.224,0.677
5.5,80.4,-1.058,0.688
5.5,80.9,1.250,0.698
5.5,81.4,0.417,0.709
5.5,81.9,-0.481,0.720
5.5,82.4,-1.314,0.731
5.5,82.9,0.994,0.742
5.5,83.4,0.160,0.752
5.5,83.9,-0.673,0.763
5.5,84.4,-1.507,0.774
5.5,84.9,0.801,0.784
5.5,85.4,-0.032,0.795
5.5,85.9,-0.866,0.806
5.5,86.4,1.443,0.816
5.5,86.9,0.609,0.827
5.5,87.4,-0.224,0.837
5.5,87.9,-1.058,0.848
5.5,88.4,1.250,0.858
5.5,88.9,0.417,0.868
5.5,89.4,-0.417,0.879
5.5,89.9,-1.314,0.889
5.5,90.5,0.994,0.900
5.5,91.0,0.160,0.910
5.5,91.5,-0.673,0.920
5.5,92.0,-1.507,0.931
5.5,92.5,0.801,0.941
5.5,93.0,-0.032,0.951
5.5,93.5,-0.866,0.961
5.5,94.0,1.443,0.971
5.5,94.5,0.545,0.981
5.5,95.0,-0.289,0.991
5.5,95.5,-1.122,1.002
5.5,96.0,1.186,1.012
5.5,96.5,0.353,1.022
5.5,97.0,-0.481,1.032
5.5,97.5,-1.314,1.041
5.5,98.0,0.994,1.051
5.5,98.5,0.096,1.061
5.5,99.0,-0.737,1.071
5.5,99.5,-1.571,1.081
5.5,100.0,0.737,1.091
6.0,0.0,-0.417,1.085
6.0,0.5,-1.250,1.075
6.0,1.0,1.122,1.066
6.0,1.5,0.289,1.056
6.0,2.0,-0.481,1.047
6.0,2.5,-1.314,1.037
6.0,3.0,0.994,1.027
6.0,3.5,0.224,1.018
6.0,4.0,-0.609,1.008
6.0,4.5,-1.378,0.998
6.0,5.0,0.930,0.988
6.0,5.5,0.096,0.978
6.0,6.0,-0.673,0.969
6.0,6.5,-1.507,0.959
6.0,7.0,0.866,0.948
6.0,7.5,0.032,0.939
6.0,8.0,-0.801,0.929
6.0,8.5,1.571,0.919
6.0,9.0,0.737,0.909
6.0,9.5,-0.096,0.899
6.0,10.1,-0.866,0.888
6.0,10.6,1.443,0.878
6.0,11.1,0.609,0.868
6.0,11.6,-0.160,0.858
6.0,12.1,-0.994,0.848
6.0,12.6,1.314,0.837
6.0,13.1,0.545,0.827
6.0,13.6,-0.289,0.817
6.0,14.1,-1.122,0.806
6.0,14.6,1.250,0.796
6.0,15.1,0.417,0.786
6.0,15.6,-0.417,0.775
6.0,16.1,-1.186,0.765
6.0,16.6,1.122,0.754
6.0,17.1,0.289,0.744
6.0,17.6,-0.481,0.733
6.0,18.1,-1.314,0.723
6.0,18.6,0.994,0.712
6.0,19.1,0.224,0.701
6.0,19.6,-0.609,0.691
6.0,20.1,-1.443,0.680
6.0,20.6,0.930,0.669
6.0,21.1,0.096,0.659
6.0,21.6,-0.737,0.648
6.0,22.1,-1.571,0.637
6.0,22.6,0.801,0.627
6.0,23.1,-0.032,0.616
6.0,23.6,-0.866,0.605
6.0,24.1,1.507,0.594
6.0,24.6,0.673,0.583
6.0,25.1,-0.160,0.572
6.0,25.6,-0.994,0.561
6.0,26.1,1.378,0.550
6.0,26.6,0.545,0.540
6.0,27.1,-0.289,0.529
6.0,27.6,-1.122,0.518
6.0,28.1,1.250,0.507
6.0,28.6,0.417,0.496
6.0,29.1,-0.417,0.485
6.0,29.6,-1.250,0.473
6.0,30.2,1.122,0.462
6.0,30.7,0.289,0.452
6.0,31.2,-0.545,0.440
6.0,31.7,-1.378,0.429
6.0,32.2,0.994,0.418
6.0,32.7,0.160,0.407
6.0,33.2,-0.673,0.396
6.0,33.7,-1.507,0.385
6.0,34.2,0.866,0.373
6.0,34.7,0.032,0.362
6.0,35.2,-0.801,0.351
6.0,35.7,1.507,0.340
6.0,36.2,0.673,0.328
6.0,36.7,-0.096,0.317
6.0,37.2,-0.930,0.306
6.0,37.7,1.378,0.295
6.0,38.2,0.545,0.284
6.0,38.7,-0.289,0.272
6.0,39.2,-1.058,0.261
6.0,39.7,1.250,0.250
6.0,40.2,0.417,0.238
6.0,40.7,-0.417,0.227
6.0,41.2,-1.250,0.216
6.0,41.7,1.122,0.204
6.0,42.2,0.289,0.193
6.0,42.7,-0.545,0.182
6.0,43.2,-1.378,0.170
6.0,43.7,0.930,0.159
6.0,44.2,0.160,0.147
6.0,44.7,-0.673,0.136
6.0,45.2,-1.507,0.125
6.0,45.7,0.801,0.113
6.0,46.2,-0.032,0.102
6.0,46.7,-0.866,0.090
6.0,47.2,1.443,0.079
6.0,47.7,0.673,0.067
6.0,48.2,-0.160,0.056
6.0,48.7,-0.994,0.045
6.0,49.2,1.314,0.033
6.0,49.7,0.481,0.022
6.0,50.3,-0.353,0.010
6.0,50.8,-1.186,0.001
6.0,51.3,1.186,0.013
6.0,51.8,0.353,0.024
6.0,52.3,-0.481,0.036
6.0,52.8,-1.314,0.047
6.0,53.3,0.994,0.058
6.0,53.8,0.160,0.070
6.0,54.3,-0.673,0.081
6.0,54.8,-1.507,0.093
6.0,55.3,0.866,0.104
6.0,55.8,0.032,0.116
6.0,56.3,-0.801,0.127
6.0,56.8,1.507,0.139
6.0,57.3,0.673,0.150
6.0,57.8,-0.160,0.161
6.0,58.3,-0.994,0.173
6.0,58.8,1.314,0.184
6.0,59.3,0.481,0.196
6.0,59.8,-0.353,0.207
6.0,60.3,-1.122,0.218
6.0,60.8,1.186,0.230
6.0,61.3,0.353,0.241
6.0,61.8,-0.481,0.253
6.0,62.3,-1.314,0.264
6.0,62.8,0.994,0.275
6.0,63.3,0.160,0.287
6.0,63.8,-0.673,0.298
6.0,64.3,-1.507,0.310
6.0,64.8,0.801,0.321
6.0,65.3,-0.032,0.332
6.0,65.8,-0.866,0.344
6.0,66.3,1.443,0.355
6.0,66.8,0.609,0.366
6.0,67.3,-0.224,0.377
6.0,67.8,-1.058,0.389
6.0,68.3,1.250,0.400
6.0,68.8,0.417,0.411
6.0,69.3,-0.353,0.422
6.0,69.8,-1.186,0.434
6.0,70.4,1.122,0.445
6.0,70.9,0.289,0.456
6.0,71.4,-0.545,0.467
6.0,71.9,-1.378,0.479
6.0,72.4,0.930,0.490
6.0,72.9,0.096,0.501
6.0,73.4,-0.737,0.512
6.0,73.9,1.571,0.523
6.0,74.4,0.737,0.534
6.0,74.9,-0.096,0.545
6.0,75.4,-0.930,0.556
6.0,75.9,1.378,0.568
6.0,76.4,0.545,0.579
6.0,76.9,-0.289,0.590
6.0,77.4,-1.122,0.601
6.0,77.9,1.186,0.612
6.0,78.4,0.353,0.623
6.0,78.9,-0.481,0.633
6.0,79.4,-1.314,0.644
6.0,79.9,0.994,0.655
6.0,80.4,0.160,0.666
6.0,80.9,-0.737,0.677
6.0,81.4,-1.571,0.688
6.0,81.9,0.737,0.699
6.0,82.4,-0.096,0.710
6.0,82.9,-0.930,0.720
6.0,83.4,1.378,0.731
6.0,83.9,0.545,0.742
6.0,84.4,-0.289,0.753
6.0,84.9,-1.122,0.763
6.0,85.4,1.186,0.774
6.0,85.9,0.353,0.785
6.0,86.4,-0.481,0.795
6.0,86.9,-1.314,0.806
6.0,87.4,0.994,0.817
6.0,87.9,0.160,0.827
6.0,88.4,-0.673,0.837
6.0,88.9,-1.507,0.848
6.0,89.4,0.801,0.858
6.0,89.9,-0.096,0.869
6.0,90.5,-0.930,0.879
6.0,91.0,1.378,0.890
6.0,91.5,0.545,0.900
6.0,92.0,-0.289,0.910
6.0,92.5,-1.122,0.921
6.0,93.0,1.186,0.931
6.0,93.5,0.353,0.941
6.0,94.0,-0.481,0.951
6.0,94.5,-1.314,0.961
6.0,95.0,0.930,0.971
6.0,95.5,0.096,0.982
6.0,96.0,-0.737,0.992
6.0,96.5,-1.571,1.002
6.0,97.0,0.737,1.012
6.0,97.5,-0.096,1.022
6.0,98.0,-0.930,1.032
6.0,98.5,1.378,1.042
6.0,99.0,0.481,1.051
6.0,99.5,-0.353,1.061
6.0,100.0,-1.186,1.071
6.5,0.0,0.737,1.104
6.5,0.5,-0.096,1.094
6.5,1.0,-0.866,1.085
6.5,1.5,1.443,1.075
6.5,2.0,0.673,1.066
6.5,2.5,-0.160,1.056
6.5,3.0,-0.930,1.046
6.5,3.5,1.378,1.037
6.5,4.0,0.545,1.027
6.5,4.5,-0.224,1.018
6.5,5.0,-1.058,1.008
6.5,5.5,1.250,0.998
6.5,6.0,0.481,0.988
6.5,6.5,-0.353,0.979
6.5,7.0,-1.122,0.968
6.5,7.5,1.186,0.959
6.5,8.0,0.353,0.949
6.5,8.5,-0.417,0.939
6.5,9.0,-1.250,0.929
6.5,9.5,1.058,0.918
6.5,10.1,0.289,0.909
6.5,10.6,-0.545,0.899
6.5,11.1,-1.314,0.888
6.5,11.6,0.994,0.878
6.5,12.1,0.160,0.868
6.5,12.6,-0.609,0.858
6.5,13.1,-1.443,0.848
6.5,13.6,0.866,0.837
6.5,14.1,0.096,0.827
6.5,14.6,-0.737,0.817
6.5,15.1,-1.571,0.806
6.5,15.6,0.801,0.796
6.5,16.1,-0.032,0.786
6.5,16.6,-0.866,0.775
6.5,17.1,1.507,0.765
6.5,17.6,0.673,0.754
6.5,18.1,-0.160,0.744
6.5,18.6,-0.930,0.733
6.5,19.1,1.378,0.723
6.5,19.6,0.545,0.712
6.5,20.1,-0.289,0.701
6.5,20.6,-1.058,0.691
6.5,21.1,1.250,0.680
6.5,21.6,0.417,0.669
6.5,22.1,-0.353,0.659
6.5,22.6,-1.186,0.648
6.5,23.1,1.122,0.637
6.5,23.6,0.353,0.626
6.5,24.1,-0.481,0.616
6.5,24.6,-1.314,0.605
6.5,25.1,0.994,0.594
6.5,25.6,0.224,0.583
6.5,26.1,-0.609,0.572
6.5,26.6,-1.443,0.561
6.5,27.1,0.930,0.550
6.5,27.6,0.096,0.540
6.5,28.1,-0.737,0.529
6.5,28.6,-1.571,0.518
6.5,29.1,0.801,0.506
6.5,29.6,-0.032,0.496
6.5,30.2,-0.866,0.485
6.5,30.7,1.443,0.473
6.5,31.2,0.673,0.462
6.5,31.7,-0.160,0.451
6.5,32.2,-0.994,0.440
6.5,32.7,1.314,0.429
6.5,33.2,0.545,0.418
6.5,33.7,-0.289,0.407
6.5,34.2,-1.122,0.396
6.5,34.7,1.186,0.385
6.5,35.2,0.353,0.373
6.5,35.7,-0.417,0.362
6.5,36.2,-1.250,0.351
6.5,36.7,1.058,0.340
6.5,37.2,0.224,0.328
6.5,37.7,-0.545,0.317
6.5,38.2,-1.378,0.306
6.5,38.7,0.930,0.295
6.5,39.2,0.096,0.283
6.5,39.7,-0.737,0.272
6.5,40.2,-1.507,0.261
6.5,40.7,0.801,0.249
6.5,41.2,-0.032,0.238
6.5,41.7,-0.866,0.227
6.5,42.2,1.443,0.215
6.5,42.7,0.609,0.204
6.5,43.2,-0.160,0.193
6.5,43.7,-0.994,0.181
6.5,44.2,1.314,0.170
6.5,44.7,0.481,0.159
6.5,45.2,-0.353,0.147
6.5,45.7,-1.122,0.136
6.5,46.2,1.186,0.124
6.5,46.7,0.353,0.113
6.5,47.2,-0.481,0.102
6.5,47.7,-1.314,0.090
6.5,48.2,0.994,0.079
6.5,48.7,0.160,0.067
6.5,49.2,-0.609,0.056
6.5,49.7,-1.443,0.044
6.5,50.3,0.866,0.033
6.5,50.8,0.032,0.022
6.5,51.3,-0.801,0.010
6.5,51.8,1.507,0.001
6.5,52.3,0.673,0.013
6.5,52.8,-0.096,0.024
6.5,53.3,-0.930,0.036
6.5,53.8,1.378,0.047
6.5,54.3,0.545,0.059
6.5,54.8,-0.289,0.070
6.5,55.3,-1.122,0.082
6.5,55.8,1.186,0.093
6.5,56.3,0.353,0.104
6.5,56.8,-0.417,0.116
6.5,57.3,-1.250,0.127
6.5,57.8,1.058,0.139
6.5,58.3,0.224,0.150
6.5,58.8,-0.609,0.162
6.5,59.3,-1.443,0.173
6.5,59.8,0.866,0.184
6.5,60.3,0.032,0.196
6.5,60.8,-0.801,0.207
6.5,61.3,1.507,0.219
6.5,61.8,0.673,0.230
6.5,62.3,-0.096,0.241
6.5,62.8,-0.930,0.253
6.5,63.3,1.378,0.264
6.5,63.8,0.545,0.276
6.5,64.3,-0.289,0.287
6.5,64.8,-1.122,0.298
6.5,65.3,1.186,0.310
6.5,65.8,0.353,0.321
6.5,66.3,-0.481,0.333
6.5,66.8,-1.314,0.344
6.5,67.3,0.994,0.355
6.5,67.8,0.160,0.366
6.5,68.3,-0.673,0.378
6.5,68.8,-1.507,0.389
6.5,69.3,0.801,0.400
6.5,69.8,-0.032,0.412
6.5,70.4,-0.866,0.423
6.5,70.9,1.443,0.434
6.5,71.4,0.609,0.445
6.5,71.9,-0.224,0.456
6.5,72.4,-1.058,0.468
6.5,72.9,1.250,0.479
6.5,73.4,0.481,0.490
6.5,73.9,-0.353,0.501
6.5,74.4,-1.186,0.512
6.5,74.9,1.122,0.523
6.5,75.4,0.289,0.534
6.5,75.9,-0.545,0.546
6.5,76.4,-1.378,0.557
6.5,76.9,0.930,0.568
6.5,77.4,0.096,0.579
6.5,77.9,-0.737,0.590
6.5,78.4,1.571,0.601
6.5,78.9,0.673,0.612
6.5,79.4,-0.160,0.623
6.5,79.9,-0.994,0.634
6.5,80.4,1.314,0.645
6.5,80.9,0.481,0.656
6.5,81.4,-0.353,0.666
6.5,81.9,-1.186,0.677
6.5,82.4,1.122,0.688
6.5,82.9,0.289,0.699
6.5,83.4,-0.545,0.710
6.5,83.9,-1.378,0.721
6.5,84.4,0.930,0.732
6.5,84.9,0.096,0.742
6.5,85.4,-0.737,0.753
6.5,85.9,1.571,0.764
6.5,86.4,0.737,0.774
6.5,86.9,-0.096,0.785
6.5,87.4,-0.930,0.796
6.5,87.9,1.378,0.806
6.5,88.4,0.545,0.817
6.5,88.9,-0.289,0.827
6.5,89.4,-1.122,0.838
6.5,89.9,1.122,0.848
6.5,90.5,0.289,0.859
6.5,91.0,-0.545,0.869
6.5,91.5,-1.378,0.880
6.5,92.0,0.930,0.890
6.5,92.5,0.096,0.901
6.5,93.0,-0.737,0.911
6.5,93.5,1.571,0.921
6.5,94.0,0.737,0.931
6.5,94.5,-0.096,0.941
6.5,95.0,-0.930,0.951
6.5,95.5,1.314,0.962
6.5,96.0,0.481,0.972
6.5,96.5,-0.353,0.982
6.5,97.0,-1.186,0.992
6.5,97.5,1.122,1.002
6.5,98.0,0.289,1.012
6.5,98.5,-0.545,1.022
6.5,99.0,-1.378,1.032
6.5,99.5,0.866,1.042
6.5,100.0,0.032,1.052
7.0,0.0,-1.250,1.123
7.0,0.5,1.122,1.113
7.0,1.0,0.289,1.104
7.0,1.5,-0.545,1.094
7.0,2.0,-1.314,1.085
7.0,2.5,0.994,1.076
7.0,3.0,0.224,1.066
7.0,3.5,-0.609,1.056
7.0,4.0,-1.443,1.047
7.0,4.5,0.930,1.037
7.0,5.0,0.096,1.027
7.0,5.5,-0.673,1.017
7.0,6.0,-1.507,1.008
7.0,6.5,0.801,0.998
7.0,7.0,0.032,0.988
7.0,7.5,-0.801,0.979
7.0,8.0,1.507,0.968
7.0,8.5,0.737,0.959
7.0,9.0,-0.096,0.949
7.0,9.5,-0.866,0.939
7.0,10.1,1.443,0.929
7.0,10.6,0.609,0.919
7.0,11.1,-0.160,0.909
7.0,11.6,-0.994,0.899
7.0,12.1,1.314,0.888
7.0,12.6,0.545,0.878
7.0,13.1,-0.289,0.868
7.0,13.6,-1.122,0.858
7.0,14.1,1.250,0.848
7.0,14.6,0.417,0.837
7.0,15.1,-0.417,0.827
7.0,15.6,-1.186,0.817
7.0,16.1,1.122,0.806
7.0,16.6,0.289,0.796
7.0,17.1,-0.481,0.786
7.0,17.6,-1.314,0.775
7.0,18.1,0.994,0.764
7.0,18.6,0.224,0.754
7.0,19.1,-0.609,0.744
7.0,19.6,-1.443,0.733
7.0,20.1,0.930,0.723
7.0,20.6,0.096,0.712
7.0,21.1,-0.737,0.701
7.0,21.6,-1.507,0.691
7.0,22.1,0.801,0.680
7.0,22.6,-0.032,0.669
7.0,23.1,-0.801,0.659
7.0,23.6,1.507,0.648
7.0,24.1,0.673,0.637
7.0,24.6,-0.160,0.626
7.0,25.1,-0.930,0.616
7.0,25.6,1.378,0.605
7.0,26.1,0.545,0.594
7.0,26.6,-0.224,0.583
7.0,27.1,-1.058,0.572
7.0,27.6,1.250,0.561
7.0,28.1,0.417,0.550
7.0,28.6,-0.353,0.539
7.0,29.1,-1.186,0.529
7.0,29.6,1.122,0.518
7.0,30.2,0.289,0.506
7.0,30.7,-0.481,0.495
7.0,31.2,-1.314,0.485
7.0,31.7,0.994,0.473
7.0,32.2,0.160,0.462
7.0,32.7,-0.609,0.451
7.0,33.2,-1.443,0.440
7.0,33.7,0.866,0.429
7.0,34.2,0.032,0.418
7.0,34.7,-0.737,0.407
7.0,35.2,1.571,0.396
7.0,35.7,0.737,0.384
7.0,36.2,-0.096,0.373
7.0,36.7,-0.866,0.362
7.0,37.2,1.443,0.351
7.0,37.7,0.609,0.340
7.0,38.2,-0.224,0.328
7.0,38.7,-1.058,0.317
7.0,39.2,1.314,0.306
7.0,39.7,0.481,0.295
7.0,40.2,-0.353,0.283
7.0,40.7,-1.186,0.272
7.0,41.2,1.122,0.261
7.0,41.7,0.353,0.249
7.0,42.2,-0.481,0.238
7.0,42.7,-1.314,0.227
7.0,43.2,0.994,0.215
7.0,43.7,0.160,0.204
7.0,44.2,-0.609,0.193
7.0,44.7,-1.443,0.181
7.0,45.2,0.866,0.170
7.0,45.7,0.032,0.158
7.0,46.2,-0.801,0.147
7.0,46.7,1.507,0.136
7.0,47.2,0.737,0.124
7.0,47.7,-0.096,0.113
7.0,48.2,-0.930,0.101
7.0,48.7,1.378,0.090
7.0,49.2,0.545,0.079
7.0,49.7,-0.289,0.067
7.0,50.3,-1.122,0.056
7.0,50.8,1.250,0.044
7.0,51.3,0.417,0.033
7.0,51.8,-0.417,0.021
7.0,52.3,-1.250,0.010
7.0,52.8,1.058,0.002
7.0,53.3,0.224,0.013
7.0,53.8,-0.609,0.024
7.0,54.3,-1.378,0.036
7.0,54.8,0.930,0.047
7.0,55.3,0.096,0.059
7.0,55.8,-0.737,0.070
7.0,56.3,-1.571,0.082
7.0,56.8,0.737,0.093
7.0,57.3,-0.096,0.105
7.0,57.8,-0.930,0.116
7.0,58.3,1.378,0.127
7.0,58.8,0.609,0.139
7.0,59.3,-0.224,0.150
7.0,59.8,-1.058,0.162
7.0,60.3,1.250,0.173
7.0,60.8,0.417,0.185
7.0,61.3,-0.417,0.196
7.0,61.8,-1.250,0.208
7.0,62.3,1.058,0.219
7.0,62.8,0.224,0.230
7.0,63.3,-0.609,0.242
7.0,63.8,-1.443,0.253
7.0,64.3,0.930,0.264
7.0,64.8,0.096,0.276
7.0,65.3,-0.737,0.287
7.0,65.8,1.571,0.299
7.0,66.3,0.737,0.310
7.0,66.8,-0.096,0.321
7.0,67.3,-0.930,0.333
7.0,67.8,1.378,0.344
7.0,68.3,0.545,0.355
7.0,68.8,-0.289,0.367
7.0,69.3,-1.122,0.378
7.0,69.8,1.186,0.389
7.0,70.4,0.353,0.401
7.0,70.9,-0.481,0.412
7.0,71.4,-1.314,0.423
7.0,71.9,0.994,0.434
7.0,72.4,0.160,0.446
7.0,72.9,-0.673,0.457
7.0,73.4,-1.507,0.468
7.0,73.9,0.801,0.479
7.0,74.4,-0.032,0.490
7.0,74.9,-0.866,0.501
7.0,75.4,1.443,0.513
7.0,75.9,0.609,0.524
7.0,76.4,-0.224,0.535
7.0,76.9,-1.058,0.546
7.0,77.4,1.250,0.557
7.0,77.9,0.417,0.568
7.0,78.4,-0.417,0.579
7.0,78.9,-1.250,0.590
7.0,79.4,1.058,0.601
7.0,79.9,0.224,0.612
7.0,80.4,-0.609,0.623
7.0,80.9,-1.443,0.634
7.0,81.4,0.866,0.645
7.0,81.9,0.032,0.656
7.0,82.4,-0.801,0.667
7.0,82.9,1.507,0.678
7.0,83.4,0.673,0.689
7.0,83.9,-0.160,0.700
7.0,84.4,-0.994,0.710
7.0,84.9,1.314,0.721
7.0,85.4,0.481,0.732
7.0,85.9,-0.353,0.743
7.0,86.4,-1.186,0.753
7.0,86.9,1.122,0.764
7.0,87.4,0.289,0.775
7.0,87.9,-0.545,0.785
7.0,88.4,-1.378,0.796
7.0,88.9,0.930,0.806
7.0,89.4,0.096,0.817
7.0,89.9,-0.801,0.827
7.0,90.5,1.507,0.838
7.0,91.0,0.673,0.849
7.0,91.5,-0.160,0.859
7.0,92.0,-0.994,0.870
7.0,92.5,1.314,0.880
7.0,93.0,0.481,0.890
7.0,93.5,-0.353,0.901
7.0,94.0,-1.186,0.911
7.0,94.5,1.122,0.921
7.0,95.0,0.289,0.931
7.0,95.5,-0.609,0.942
7.0,96.0,-1.443,0.952
7.0,96.5,0.866,0.962
7.0,97.0,0.032,0.972
7.0,97.5,-0.801,0.983
7.0,98.0,1.507,0.993
7.0,98.5,0.673,1.003
7.0,99.0,-0.160,1.013
7.0,99.5,-0.994,1.022
7.0,100.0,1.250,1.032
7.5,0.0,-0.096,1.141
7.5,0.5,-0.866,1.132
7.5,1.0,1.443,1.123
7.5,1.5,0.609,1.113
7.5,2.0,-0.160,1.104
7.5,2.5,-0.994,1.094
7.5,3.0,1.378,1.085
7.5,3.5,0.545,1.076
7.5,4.0,-0.289,1.066
7.5,4.5,-1.058,1.056
7.5,5.0,1.250,1.047
7.5,5.5,0.481,1.037
7.5,6.0,-0.353,1.028
7.5,6.5,-1.186,1.017
7.5,7.0,1.186,1.008
7.5,7.5,0.353,0.998
7.5,8.0,-0.417,0.988
7.5,8.5,-1.250,0.979
7.5,9.0,1.058,0.969
7.5,9.5,0.289,0.959
7.5,10.1,-0.545,0.949
7.5,10.6,-1.378,0.939
7.5,11.1,0.994,0.929
7.5,11.6,0.160,0.919
7.5,12.1,-0.609,0.908
7.5,12.6,-1.443,0.899
7.5,13.1,0.866,0.888
7.5,13.6,0.096,0.878
7.5,14.1,-0.737,0.868
7.5,14.6,-1.571,0.858
7.5,15.1,0.801,0.848
7.5,15.6,-0.032,0.838
7.5,16.1,-0.866,0.827
7.5,16.6,1.507,0.817
7.5,17.1,0.673,0.807
7.5,17.6,-0.160,0.796
7.5,18.1,-0.930,0.786
7.5,18.6,1.378,0.775
7.5,19.1,0.545,0.765
7.5,19.6,-0.224,0.754
7.5,20.1,-1.058,0.744
7.5,20.6,1.250,0.733
7.5,21.1,0.481,0.722
7.5,21.6,-0.353,0.712
7.5,22.1,-1.186,0.701
7.5,22.6,1.186,0.690
7.5,23.1,0.353,0.680
7.5,23.6,-0.481,0.669
7.5,24.1,-1.314,0.659
7.5,24.6,1.058,0.648
7.5,25.1,0.224,0.637
7.5,25.6,-0.609,0.626
7.5,26.1,-1.378,0.615
7.5,26.6,0.930,0.605
7.5,27.1,0.096,0.594
7.5,27.6,-0.737,0.583
7.5,28.1,-1.507,0.572
7.5,28.6,0.801,0.561
7.5,29.1,-0.032,0.550
7.5,29.6,-0.866,0.539
7.5,30.2,1.507,0.528
7.5,30.7,0.673,0.518
7.5,31.2,-0.160,0.506
7.5,31.7,-0.930,0.495
7.5,32.2,1.378,0.484
7.5,32.7,0.545,0.473
7.5,33.2,-0.289,0.462
7.5,33.7,-1.058,0.451
7.5,34.2,1.250,0.440
7.5,34.7,0.417,0.429
7.5,35.2,-0.417,0.418
7.5,35.7,-1.250,0.407
7.5,36.2,1.122,0.396
7.5,36.7,0.289,0.384
7.5,37.2,-0.545,0.373
7.5,37.7,-1.378,0.362
7.5,38.2,0.994,0.351
7.5,38.7,0.160,0.340
7.5,39.2,-0.673,0.328
7.5,39.7,-1.507,0.317
7.5,40.2,0.801,0.306
7.5,40.7,0.032,0.294
7.5,41.2,-0.801,0.283
7.5,41.7,1.507,0.272
7.5,42.2,0.673,0.261
7.5,42.7,-0.160,0.249
7.5,43.2,-0.930,0.238
7.5,43.7,1.378,0.227
7.5,44.2,0.545,0.215
7.5,44.7,-0.289,0.204
7.5,45.2,-1.122,0.192
7.5,45.7,1.250,0.181
7.5,46.2,0.417,0.170
7.5,46.7,-0.417,0.158
7.5,47.2,-1.250,0.147
7.5,47.7,1.058,0.136
7.5,48.2,0.224,0.124
7.5,48.7,-0.545,0.113
7.5,49.2,-1.378,0.101
7.5,49.7,0.930,0.090
7.5,50.3,0.096,0.078
7.5,50.8,-0.737,0.067
7.5,51.3,-1.571,0.056
7.5,51.8,0.737,0.044
7.5,52.3,-0.032,0.033
7.5,52.8,-0.866,0.021
7.5,53.3,1.443,0.010
7.5,53.8,0.609,0.002
7.5,54.3,-0.224,0.013
7.5,54.8,-1.058,0.025
7.5,55.3,1.250,0.036
7.5,55.8,0.481,0.048
7.5,56.3,-0.353,0.059
7.5,56.8,-1.186,0.070
7.5,57.3,1.122,0.082
7.5,57.8,0.289,0.093
7.5,58.3,-0.545,0.105
7.5,58.8,-1.378,0.116
7.5,59.3,0.930,0.128
7.5,59.8,0.096,0.139
7.5,60.3,-0.673,0.151
7.5,60.8,-1.507,0.162
7.5,61.3,0.801,0.173
7.5,61.8,-0.032,0.185
7.5,62.3,-0.866,0.196
7.5,62.8,1.443,0.208
7.5,63.3,0.609,0.219
7.5,63.8,-0.224,0.231
7.5,64.3,-1.058,0.242
7.5,64.8,1.250,0.253
7.5,65.3,0.417,0.265
7.5,65.8,-0.417,0.276
7.5,66.3,-1.186,0.287
7.5,66.8,1.122,0.299
7.5,67.3,0.289,0.310
7.5,67.8,-0.545,0.322
7.5,68.3,-1.378,0.333
7.5,68.8,0.930,0.344
7.5,69.3,0.096,0.356
7.5,69.8,-0.737,0.367
7.5,70.4,1.571,0.378
7.5,70.9,0.737,0.390
7.5,71.4,-0.096,0.401
7.5,71.9,-0.930,0.412
7.5,72.4,1.378,0.423
7.5,72.9,0.545,0.435
7.5,73.4,-0.289,0.446
7.5,73.9,-1.122,0.457
7.5,74.4,1.186,0.468
7.5,74.9,0.353,0.479
7.5,75.4,-0.481,0.491
7.5,75.9,-1.314,0.502
7.5,76.4,0.994,0.513
7.5,76.9,0.160,0.524
7.5,77.4,-0.673,0.535
7.5,77.9,-1.507,0.546
7.5,78.4,0.801,0.557
7.5,78.9,-0.032,0.568
7.5,79.4,-0.866,0.579
7.5,79.9,1.443,0.591
7.5,80.4,0.609,0.602
7.5,80.9,-0.224,0.613
7.5,81.4,-1.058,0.624
7.5,81.9,1.250,0.634
7.5,82.4,0.417,0.645
7.5,82.9,-0.417,0.656
7.5,83.4,-1.250,0.667
7.5,83.9,1.058,0.678
7.5,84.4,0.224,0.689
7.5,84.9,-0.609,0.700
7.5,85.4,-1.443,0.711
7.5,85.9,0.866,0.721
7.5,86.4,0.032,0.732
7.5,86.9,-0.801,0.743
7.5,87.4,1.507,0.754
7.5,87.9,0.673,0.764
7.5,88.4,-0.160,0.775
7.5,88.9,-0.994,0.785
7.5,89.4,1.314,0.796
7.5,89.9,0.417,0.807
7.5,90.5,-0.417,0.817
7.5,91.0,-1.250,0.828
7.5,91.5,1.058,0.839
7.5,92.0,0.224,0.849
7.5,92.5,-0.609,0.860
7.5,93.0,-1.443,0.870
7.5,93.5,0.866,0.880
7.5,94.0,0.032,0.891
7.5,94.5,-0.801,0.901
7.5,95.0,1.507,0.911
7.5,95.5,0.673,0.921
7.5,96.0,-0.224,0.932
7.5,96.5,-1.058,0.942
7.5,97.0,1.250,0.952
7.5,97.5,0.417,0.963
7.5,98.0,-0.417,0.973
7.5,98.5,-1.250,0.983
7.5,99.0,1.058,0.993
7.5,99.5,0.224,1.003
7.5,100.0,-0.609,1.013
8.0,0.0,1.058,1.160
8.0,0.5,0.289,1.150
8.0,1.0,-0.545,1.141
8.0,1.5,-1.378,1.132
8.0,2.0,0.994,1.123
8.0,2.5,0.160,1.113
8.0,3.0,-0.609,1.104
8.0,3.5,-1.443,1.095
8.0,4.0,0.866,1.085
8.0,4.5,0.096,1.076
8.0,5.0,-0.737,1.066
8.0,5.5,-1.507,1.056
8.0,6.0,0.801,1.047
8.0,6.5,-0.032,1.037
8.0,7.0,-0.801,1.028
8.0,7.5,1.507,1.018
8.0,8.0,0.737,1.008
8.0,8.5,-0.096,0.998
8.0,9.0,-0.930,0.988
8.0,9.5,1.443,0.979
8.0,10.1,0.609,0.969
8.0,10.6,-0.160,0.959
8.0,11.1,-0.994,0.949
8.0,11.6,1.314,0.939
8.0,12.1,0.545,0.929
8.0,12.6,-0.289,0.919
8.0,13.1,-1.122,0.909
8.0,13.6,1.250,0.899
8.0,14.1,0.417,0.889
8.0,14.6,-0.417,0.878
8.0,15.1,-1.186,0.868
8.0,15.6,1.122,0.858
8.0,16.1,0.353,0.847
8.0,16.6,-0.481,0.837
8.0,17.1,-1.314,0.827
8.0,17.6,1.058,0.817
8.0,18.1,0.224,0.806
8.0,18.6,-0.609,0.796
8.0,19.1,-1.378,0.785
8.0,19.6,0.930,0.775
8.0,20.1,0.096,0.765
8.0,20.6,-0.673,0.754
8.0,21.1,-1.507,0.744
8.0,21.6,0.801,0.733
8.0,22.1,-0.032,0.722
8.0,22.6,-0.801,0.712
8.0,23.1,1.507,0.701
8.0,23.6,0.673,0.691
8.0,24.1,-0.096,0.680
8.0,24.6,-0.930,0.669
8.0,25.1,1.378,0.659
8.0,25.6,0.609,0.648
8.0,26.1,-0.224,0.637
8.0,26.6,-1.058,0.626
8.0,27.1,1.250,0.615
8.0,27.6,0.481,0.605
8.0,28.1,-0.353,0.594
8.0,28.6,-1.186,0.583
8.0,29.1,1.186,0.572
8.0,29.6,0.353,0.561
8.0,30.2,-0.481,0.550
8.0,30.7,-1.314,0.539
8.0,31.2,1.058,0.528
8.0,31.7,0.224,0.517
8.0,32.2,-0.609,0.506
8.0,32.7,-1.443,0.495
8.0,33.2,0.930,0.484
8.0,33.7,0.096,0.473
8.0,34.2,-0.737,0.462
8.0,34.7,-1.571,0.451
8.0,35.2,0.801,0.440
8.0,35.7,-0.032,0.429
8.0,36.2,-0.866,0.418
8.0,36.7,1.443,0.407
8.0,37.2,0.673,0.395
8.0,37.7,-0.160,0.384
8.0,38.2,-0.994,0.373
8.0,38.7,1.314,0.362
8.0,39.2,0.481,0.351
8.0,39.7,-0.289,0.339
8.0,40.2,-1.122,0.328
8.0,40.7,1.186,0.317
8.0,41.2,0.353,0.306
8.0,41.7,-0.417,0.294
8.0,42.2,-1.250,0.283
8.0,42.7,1.058,0.272
8.0,43.2,0.224,0.260
8.0,43.7,-0.609,0.249
8.0,44.2,-1.378,0.238
8.0,44.7,0.930,0.226
8.0,45.2,0.096,0.215
8.0,45.7,-0.737,0.204
8.0,46.2,-1.571,0.192
8.0,46.7,0.737,0.181
8.0,47.2,-0.032,0.170
8.0,47.7,-0.866,0.158
8.0,48.2,1.443,0.147
8.0,48.7,0.609,0.135
8.0,49.2,-0.224,0.124
8.0,49.7,-1.058,0.113
8.0,50.3,1.314,0.101
8.0,50.8,0.481,0.090
8.0,51.3,-0.353,0.078
8.0,51.8,-1.186,0.067
8.0,52.3,1.122,0.055
8.0,52.8,0.289,0.044
8.0,53.3,-0.545,0.032
8.0,53.8,-1.314,0.021
8.0,54.3,0.994,0.010
8.0,54.8,0.160,0.002
8.0,55.3,-0.673,0.013
8.0,55.8,-1.507,0.025
8.0,56.3,0.801,0.036
8.0,56.8,-0.032,0.048
8.0,57.3,-0.801,0.059
8.0,57.8,1.507,0.071
8.0,58.3,0.673,0.082
8.0,58.8,-0.160,0.094
8.0,59.3,-0.994,0.105
8.0,59.8,1.314,0.116
8.0,60.3,0.481,0.128
8.0,60.8,-0.353,0.139
8.0,61.3,-1.186,0.151
8.0,61.8,1.186,0.162
8.0,62.3,0.353,0.174
8.0,62.8,-0.481,0.185
8.0,63.3,-1.314,0.197
8.0,63.8,0.994,0.208
8.0,64.3,0.160,0.219
8.0,64.8,-0.673,0.231
8.0,65.3,-1.507,0.242
8.0,65.8,0.801,0.254
8.0,66.3,-0.032,0.265
8.0,66.8,-0.866,0.276
8.0,67.3,1.443,0.288
8.0,67.8,0.609,0.299
8.0,68.3,-0.224,0.310
8.0,68.8,-0.994,0.322
8.0,69.3,1.314,0.333
8.0,69.8,0.481,0.344
8.0,70.4,-0.353,0.356
8.0,70.9,-1.186,0.367
8.0,71.4,1.122,0.379
8.0,71.9,0.289,0.390
8.0,72.4,-0.545,0.401
8.0,72.9,-1.378,0.412
8.0,73.4,0.930,0.424
8.0,73.9,0.096,0.435
8.0,74.4,-0.737,0.446
8.0,74.9,-1.571,0.457
8.0,75.4,0.737,0.469
8.0,75.9,-0.096,0.480
8.0,76.4,-0.930,0.491
8.0,76.9,1.378,0.502
8.0,77.4,0.545,0.513
8.0,77.9,-0.289,0.524
8.0,78.4,-1.122,0.536
8.0,78.9,1.186,0.547
8.0,79.4,0.353,0.558
8.0,79.9,-0.481,0.569
8.0,80.4,-1.314,0.580
8.0,80.9,0.994,0.591
8.0,81.4,0.160,0.602
8.0,81.9,-0.673,0.613
8.0,82.4,-1.507,0.624
8.0,82.9,0.801,0.635
8.0,83.4,-0.032,0.646
8.0,83.9,-0.866,0.657
8.0,84.4,1.443,0.668
8.0,84.9,0.609,0.678
8.0,85.4,-0.224,0.689
8.0,85.9,-1.058,0.700
8.0,86.4,1.250,0.711
8.0,86.9,0.417,0.722
8.0,87.4,-0.417,0.732
8.0,87.9,-1.250,0.743
8.0,88.4,1.058,0.754
8.0,88.9,0.224,0.764
8.0,89.4,-0.673,0.775
8.0,89.9,-1.507,0.786
8.0,90.5,0.801,0.796
8.0,91.0,-0.032,0.807
8.0,91.5,-0.866,0.818
8.0,92.0,1.443,0.828
8.0,92.5,0.609,0.839
8.0,93.0,-0.224,0.849
8.0,93.5,-1.058,0.860
8.0,94.0,1.250,0.870
8.0,94.5,0.417,0.881
8.0,95.0,-0.417,0.891
8.0,95.5,-1.250,0.901
8.0,96.0,0.994,0.911
8.0,96.5,0.160,0.922
8.0,97.0,-0.673,0.932
8.0,97.5,-1.507,0.943
8.0,98.0,0.801,0.953
8.0,98.5,-0.032,0.963
8.0,99.0,-0.866,0.973
8.0,99.5,1.443,0.983
8.0,100.0,0.609,0.993
8.5,0.0,-0.930,1.178
8.5,0.5,1.443,1.169
8.5,1.0,0.609,1.160
8.5,1.5,-0.224,1.150
8.5,2.0,-0.994,1.141
8.5,2.5,1.314,1.132
8.5,3.0,0.545,1.123
8.5,3.5,-0.289,1.113
8.5,4.0,-1.058,1.104
8.5,4.5,1.250,1.095
8.5,5.0,0.417,1.085
8.5,5.5,-0.353,1.076
8.5,6.0,-1.186,1.066
8.5,6.5,1.186,1.056
8.5,7.0,0.353,1.047
8.5,7.5,-0.481,1.037
8.5,8.0,-1.250,1.028
8.5,8.5,1.058,1.018
8.5,9.0,0.289,1.008
8.5,9.5,-0.545,0.998
8.5,10.1,-1.378,0.988
8.5,10.6,0.994,0.979
8.5,11.1,0.160,0.969
8.5,11.6,-0.673,0.959
8.5,12.1,-1.443,0.949
8.5,12.6,0.866,0.939
8.5,13.1,0.096,0.929
8.5,13.6,-0.737,0.919
8.5,14.1,-1.571,0.909
8.5,14.6,0.801,0.899
8.5,15.1,-0.032,0.889
8.5,15.6,-0.866,0.878
8.5,16.1,1.507,0.868
8.5,16.6,0.673,0.858
8.5,17.1,-0.160,0.848
8.5,17.6,-0.930,0.837
8.5,18.1,1.378,0.827
8.5,18.6,0.545,0.817
8.5,19.1,-0.224,0.806
8.5,19.6,-1.058,0.796
8.5,20.1,1.250,0.785
8.5,20.6,0.481,0.775
8.5,21.1,-0.353,0.765
8.5,21.6,-1.186,0.754
8.5,22.1,1.186,0.744
8.5,22.6,0.353,0.733
8.5,23.1,-0.481,0.722
8.5,23.6,-1.250,0.712
8.5,24.1,1.058,0.701
8.5,24.6,0.224,0.691
8.5,25.1,-0.545,0.680
8.5,25.6,-1.378,0.669
8.5,26.1,0.930,0.659
8.5,26.6,0.096,0.648
8.5,27.1,-0.673,0.637
8.5,27.6,-1.507,0.626
8.5,28.1,0.801,0.615
8.5,28.6,0.032,0.605
8.5,29.1,-0.801,0.594
8.5,29.6,1.507,0.583
8.5,30.2,0.673,0.572
8.5,30.7,-0.096,0.561
8.5,31.2,-0.930,0.550
8.5,31.7,1.378,0.539
8.5,32.2,0.545,0.528
8.5,32.7,-0.224,0.517
8.5,33.2,-1.058,0.506
8.5,33.7,1.250,0.495
8.5,34.2,0.417,0.484
8.5,34.7,-0.353,0.473
8.5,35.2,-1.186,0.462
8.5,35.7,1.122,0.451
8.5,36.2,0.289,0.440
8.5,36.7,-0.481,0.429
8.5,37.2,-1.314,0.418
8.5,37.7,0.994,0.407
8.5,38.2,0.160,0.395
8.5,38.7,-0.609,0.384
8.5,39.2,-1.443,0.373
8.5,39.7,0.866,0.362
8.5,40.2,0.032,0.351
8.5,40.7,-0.737,0.339
8.5,41.2,1.571,0.328
8.5,41.7,0.737,0.317
8.5,42.2,-0.096,0.306
8.5,42.7,-0.930,0.294
8.5,43.2,1.443,0.283
8.5,43.7,0.609,0.272
8.5,44.2,-0.224,0.260
8.5,44.7,-1.058,0.249
8.5,45.2,1.250,0.238
8.5,45.7,0.481,0.226
8.5,46.2,-0.353,0.215
8.5,46.7,-1.186,0.204
8.5,47.2,1.122,0.192
8.5,47.7,0.289,0.181
8.5,48.2,-0.545,0.169
8.5,48.7,-1.314,0.158
8.5,49.2,0.994,0.147
8.5,49.7,0.160,0.135
8.5,50.3,-0.673,0.124
8.5,50.8,-1.507,0.112
8.5,51.3,0.801,0.101
8.5,51.8,0.032,0.090
8.5,52.3,-0.801,0.078
8.5,52.8,1.507,0.067
8.5,53.3,0.673,0.055
8.5,53.8,-0.160,0.044
8.5,54.3,-0.994,0.032
8.5,54.8,1.314,0.021
8.5,55.3,0.545,0.009
8.5,55.8,-0.289,0.002
8.5,56.3,-1.122,0.014
8.5,56.8,1.186,0.025
8.5,57.3,0.353,0.036
8.5,57.8,-0.481,0.048
8.5,58.3,-1.314,0.059
8.5,58.8,1.058,0.071
8.5,59.3,0.224,0.082
8.5,59.8,-0.609,0.094
8.5,60.3,-1.443,0.105
8.5,60.8,0.866,0.117
8.5,61.3,0.032,0.128
8.5,61.8,-0.801,0.140
8.5,62.3,1.507,0.151
8.5,62.8,0.673,0.162
8.5,63.3,-0.160,0.174
8.5,63.8,-0.930,0.185
8.5,64.3,1.378,0.197
8.5,64.8,0.545,0.208
8.5,65.3,-0.289,0.220
8.5,65.8,-1.122,0.231
8.5,66.3,1.186,0.242
8.5,66.8,0.353,0.254
8.5,67.3,-0.481,0.265
8.5,67.8,-1.314,0.277
8.5,68.3,0.994,0.288
8.5,68.8,0.160,0.299
8.5,69.3,-0.673,0.311
8.5,69.8,-1.507,0.322
8.5,70.4,0.801,0.333
8.5,70.9,0.032,0.345
8.5,71.4,-0.801,0.356
8.5,71.9,1.507,0.367
8.5,72.4,0.673,0.379
8.5,72.9,-0.160,0.390
8.5,73.4,-0.994,0.401
8.5,73.9,1.314,0.413
8.5,74.4,0.481,0.424
8.5,74.9,-0.353,0.435
8.5,75.4,-1.186,0.446
8.5,75.9,1.122,0.458
8.5,76.4,0.289,0.469
8.5,76.9,-0.545,0.480
8.5,77.4,-1.378,0.491
8.5,77.9,0.930,0.502
8.5,78.4,0.096,0.514
8.5,78.9,-0.737,0.525
8.5,79.4,1.571,0.536
8.5,79.9,0.737,0.547
8.5,80.4,-0.096,0.558
8.5,80.9,-0.930,0.569
8.5,81.4,1.378,0.580
8.5,81.9,0.545,0.591
8.5,82.4,-0.289,0.602
8.5,82.9,-1.122,0.613
8.5,83.4,1.186,0.624
8.5,83.9,0.353,0.635
8.5,84.4,-0.481,0.646
8.5,84.9,-1.314,0.657
8.5,85.4,0.994,0.668
8.5,85.9,0.160,0.679
8.5,86.4,-0.673,0.690
8.5,86.9,-1.507,0.700
8.5,87.4,0.801,0.711
8.5,87.9,-0.032,0.722
8.5,88.4,-0.866,0.733
8.5,88.9,1.443,0.743
8.5,89.4,0.545,0.754
8.5,89.9,-0.289,0.765
8.5,90.5,-1.122,0.776
8.5,91.0,1.186,0.786
8.5,91.5,0.353,0.797
8.5,92.0,-0.481,0.808
8.5,92.5,-1.314,0.818
8.5,93.0,0.994,0.829
8.5,93.5,0.160,0.839
8.5,94.0,-0.673,0.850
8.5,94.5,-1.507,0.860
8.5,95.0,0.801,0.871
8.5,95.5,-0.032,0.881
8.5,96.0,-0.866,0.891
8.5,96.5,1.378,0.901
8.5,97.0,0.545,0.912
8.5,97.5,-0.289,0.922
8.5,98.0,-1.122,0.933
8.5,98.5,1.186,0.943
8.5,99.0,0.353,0.953
8.5,99.5,-0.481,0.963
8.5,100.0,-1.314,0.973
9.0,0.0,0.224,1.196
9.0,0.5,-0.545,1.187
9.0,1.0,-1.378,1.178
9.0,1.5,0.930,1.169
9.0,2.0,0.160,1.160
9.0,2.5,-0.673,1.151
9.0,3.0,-1.443,1.141
9.0,3.5,0.866,1.132
9.0,4.0,0.096,1.122
9.0,4.5,-0.737,1.114
9.0,5.0,-1.571,1.104
9.0,5.5,0.801,1.095
9.0,6.0,-0.032,1.085
9.0,6.5,-0.801,1.075
9.0,7.0,1.507,1.066
9.0,7.5,0.673,1.056
9.0,8.0,-0.096,1.047
9.0,8.5,-0.930,1.037
9.0,9.0,1.443,1.027
9.0,9.5,0.609,1.018
9.0,10.1,-0.224,1.008
9.0,10.6,-0.994,0.998
9.0,11.1,1.314,0.989
9.0,11.6,0.545,0.978
9.0,12.1,-0.289,0.969
9.0,12.6,-1.122,0.959
9.0,13.1,1.250,0.949
9.0,13.6,0.417,0.939
9.0,14.1,-0.417,0.929
9.0,14.6,-1.186,0.919
9.0,15.1,1.122,0.909
9.0,15.6,0.289,0.898
9.0,16.1,-0.481,0.889
9.0,16.6,-1.314,0.878
9.0,17.1,1.058,0.868
9.0,17.6,0.224,0.858
9.0,18.1,-0.609,0.848
9.0,18.6,-1.378,0.837
9.0,19.1,0.930,0.827
9.0,19.6,0.096,0.817
9.0,20.1,-0.673,0.806
9.0,20.6,-1.507,0.796
9.0,21.1,0.801,0.786
9.0,21.6,0.032,0.775
9.0,22.1,-0.801,0.765
9.0,22.6,1.507,0.754
9.0,23.1,0.737,0.743
9.0,23.6,-0.096,0.733
9.0,24.1,-0.930,0.723
9.0,24.6,1.378,0.712
9.0,25.1,0.609,0.701
9.0,25.6,-0.224,0.691
9.0,26.1,-1.058,0.680
9.0,26.6,1.314,0.669
9.0,27.1,0.481,0.659
9.0,27.6,-0.353,0.648
9.0,28.1,-1.122,0.637
9.0,28.6,1.186,0.626
9.0,29.1,0.353,0.616
9.0,29.6,-0.481,0.604
9.0,30.2,-1.250,0.594
9.0,30.7,1.058,0.583
9.0,31.2,0.224,0.572
9.0,31.7,-0.545,0.561
9.0,32.2,-1.378,0.550
9.0,32.7,0.930,0.539
9.0,33.2,0.096,0.528
9.0,33.7,-0.673,0.517
9.0,34.2,-1.507,0.506
9.0,34.7,0.801,0.495
9.0,35.2,-0.032,0.484
9.0,35.7,-0.801,0.473
9.0,36.2,1.507,0.462
9.0,36.7,0.673,0.451
9.0,37.2,-0.160,0.440
9.0,37.7,-0.930,0.429
9.0,38.2,1.378,0.418
9.0,38.7,0.545,0.406
9.0,39.2,-0.289,0.395
9.0,39.7,-1.058,0.384
9.0,40.2,1.250,0.373
9.0,40.7,0.417,0.362
9.0,41.2,-0.417,0.350
9.0,41.7,-1.250,0.339
9.0,42.2,1.122,0.328
9.0,42.7,0.289,0.317
9.0,43.2,-0.545,0.305
9.0,43.7,-1.378,0.294
9.0,44.2,0.930,0.283
9.0,44.7,0.160,0.271
9.0,45.2,-0.673,0.260
9.0,45.7,-1.507,0.249
9.0,46.2,0.801,0.238
9.0,46.7,-0.032,0.226
9.0,47.2,-0.801,0.215
9.0,47.7,1.507,0.203
9.0,48.2,0.673,0.192
9.0,48.7,-0.160,0.181
9.0,49.2,-0.994,0.169
9.0,49.7,1.314,0.158
9.0,50.3,0.545,0.146
9.0,50.8,-0.289,0.135
9.0,51.3,-1.122,0.124
9.0,51.8,1.186,0.112
9.0,52.3,0.353,0.101
9.0,52.8,-0.481,0.089
9.0,53.3,-1.250,0.078
9.0,53.8,1.058,0.066
9.0,54.3,0.224,0.055
9.0,54.8,-0.609,0.044
9.0,55.3,-1.443,0.032
9.0,55.8,0.866,0.021
9.0,56.3,0.032,0.009
9.0,56.8,-0.737,0.002
9.0,57.3,1.571,0.014
9.0,57.8,0.737,0.025
9.0,58.3,-0.096,0.037
9.0,58.8,-0.930,0.048
9.0,59.3,1.378,0.060
9.0,59.8,0.545,0.071
9.0,60.3,-0.289,0.082
9.0,60.8,-1.058,0.094
9.0,61.3,1.250,0.105
9.0,61.8,0.417,0.117
9.0,62.3,-0.417,0.128
9.0,62.8,-1.250,0.140
9.0,63.3,1.058,0.151
9.0,63.8,0.224,0.163
9.0,64.3,-0.609,0.174
9.0,64.8,-1.443,0.185
9.0,65.3,0.866,0.197
9.0,65.8,0.096,0.208
9.0,66.3,-0.737,0.220
9.0,66.8,1.571,0.231
9.0,67.3,0.737,0.243
9.0,67.8,-0.096,0.254
9.0,68.3,-0.930,0.265
9.0,68.8,1.378,0.277
9.0,69.3,0.545,0.288
9.0,69.8,-0.289,0.300
9.0,70.4,-1.122,0.311
9.0,70.9,1.186,0.322
9.0,71.4,0.353,0.334
9.0,71.9,-0.481,0.345
9.0,72.4,-1.314,0.356
9.0,72.9,0.994,0.368
9.0,73.4,0.224,0.379
9.0,73.9,-0.609,0.390
9.0,74.4,-1.443,0.401
9.0,74.9,0.866,0.413
9.0,75.4,0.032,0.424
9.0,75.9,-0.801,0.435
9.0,76.4,1.507,0.447
9.0,76.9,0.673,0.458
9.0,77.4,-0.160,0.469
9.0,77.9,-0.994,0.480
9.0,78.4,1.314,0.491
9.0,78.9,0.481,0.503
9.0,79.4,-0.353,0.514
9.0,79.9,-1.186,0.525
9.0,80.4,1.122,0.536
9.0,80.9,0.289,0.547
9.0,81.4,-0.545,0.558
9.0,81.9,-1.378,0.569
9.0,82.4,0.930,0.580
9.0,82.9,0.096,0.591
9.0,83.4,-0.737,0.602
9.0,83.9,1.571,0.613
9.0,84.4,0.737,0.624
9.0,84.9,-0.096,0.635
9.0,85.4,-0.930,0.646
9.0,85.9,1.378,0.657
9.0,86.4,0.545,0.668
9.0,86.9,-0.289,0.679
9.0,87.4,-1.122,0.690
9.0,87.9,1.186,0.700
9.0,88.4,0.353,0.711
9.0,88.9,-0.545,0.722
9.0,89.4,-1.378,0.733
9.0,89.9,0.930,0.744
9.0,90.5,0.096,0.754
9.0,91.0,-0.737,0.765
9.0,91.5,-1.571,0.776
9.0,92.0,0.737,0.787
9.0,92.5,-0.096,0.797
9.0,93.0,-0.930,0.808
9.0,93.5,1.378,0.818
9.0,94.0,0.545,0.829
9.0,94.5,-0.289,0.839
9.0,95.0,-1.122,0.850
9.0,95.5,1.186,0.860
9.0,96.0,0.353,0.871
9.0,96.5,-0.545,0.881
9.0,97.0,-1.378,0.892
9.0,97.5,0.930,0.902
9.0,98.0,0.096,0.912
9.0,98.5,-0.737,0.923
9.0,99.0,-1.571,0.933
9.0,99.5,0.737,0.943
9.0,100.0,-0.096,0.953
9.5,0.0,1.378,1.215
9.5,0.5,0.609,1.205
9.5,1.0,-0.224,1.197
9.5,1.5,-1.058,1.187
9.5,2.0,1.314,1.178
9.5,2.5,0.481,1.169
9.5,3.0,-0.289,1.160
9.5,3.5,-1.122,1.151
9.5,4.0,1.250,1.141
9.5,4.5,0.417,1.132
9.5,5.0,-0.417,1.123
9.5,5.5,-1.186,1.114
9.5,6.0,1.122,1.104
9.5,6.5,0.353,1.095
9.5,7.0,-0.481,1.085
9.5,7.5,-1.314,1.075
9.5,8.0,1.058,1.066
9.5,8.5,0.224,1.056
9.5,9.0,-0.545,1.047
9.5,9.5,-1.378,1.037
9.5,10.1,0.930,1.027
9.5,10.6,0.160,1.018
9.5,11.1,-0.673,1.008
9.5,11.6,-1.443,0.998
9.5,12.1,0.866,0.989
9.5,12.6,0.032,0.978
9.5,13.1,-0.737,0.969
9.5,13.6,-1.571,0.959
9.5,14.1,0.801,0.949
9.5,14.6,-0.032,0.939
9.5,15.1,-0.866,0.929
9.5,15.6,1.507,0.919
9.5,16.1,0.673,0.909
9.5,16.6,-0.160,0.899
9.5,17.1,-0.930,0.888
9.5,17.6,1.378,0.878
9.5,18.1,0.545,0.868
9.5,18.6,-0.224,0.858
9.5,19.1,-1.058,0.848
9.5,19.6,1.250,0.837
9.5,20.1,0.481,0.827
9.5,20.6,-0.353,0.817
9.5,21.1,-1.186,0.806
9.5,21.6,1.186,0.796
9.5,22.1,0.353,0.786
9.5,22.6,-0.481,0.775
9.5,23.1,-1.250,0.765
9.5,23.6,1.058,0.754
9.5,24.1,0.224,0.743
9.5,24.6,-0.545,0.733
9.5,25.1,-1.378,0.723
9.5,25.6,0.930,0.712
9.5,26.1,0.160,0.701
9.5,26.6,-0.673,0.691
9.5,27.1,-1.507,0.680
9.5,27.6,0.866,0.669
9.5,28.1,0.032,0.659
9.5,28.6,-0.801,0.648
9.5,29.1,1.507,0.637
9.5,29.6,0.737,0.626
9.5,30.2,-0.096,0.615
9.5,30.7,-0.930,0.605
9.5,31.2,1.443,0.594
9.5,31.7,0.609,0.583
9.5,32.2,-0.224,0.572
9.5,32.7,-1.058,0.561
9.5,33.2,1.314,0.550
9.5,33.7,0.481,0.539
9.5,34.2,-0.353,0.528
9.5,34.7,-1.186,0.517
9.5,35.2,1.186,0.506
9.5,35.7,0.353,0.495
9.5,36.2,-0.481,0.484
9.5,36.7,-1.314,0.473
9.5,37.2,1.058,0.462
9.5,37.7,0.224,0.451
9.5,38.2,-0.609,0.440
9.5,38.7,-1.443,0.429
9.5,39.2,0.930,0.417
9.5,39.7,0.096,0.406
9.5,40.2,-0.737,0.395
9.5,40.7,-1.571,0.384
9.5,41.2,0.801,0.373
9.5,41.7,-0.032,0.362
9.5,42.2,-0.866,0.350
9.5,42.7,1.443,0.339
9.5,43.2,0.609,0.328
9.5,43.7,-0.160,0.317
9.5,44.2,-0.994,0.305
9.5,44.7,1.314,0.294
9.5,45.2,0.481,0.283
9.5,45.7,-0.353,0.271
9.5,46.2,-1.122,0.260
9.5,46.7,1.186,0.249
9.5,47.2,0.353,0.237
9.5,47.7,-0.481,0.226
9.5,48.2,-1.314,0.215
9.5,48.7,1.058,0.203
9.5,49.2,0.224,0.192
9.5,49.7,-0.609,0.181
9.5,50.3,-1.443,0.169
9.5,50.8,0.866,0.158
9.5,51.3,0.096,0.146
9.5,51.8,-0.737,0.135
9.5,52.3,1.571,0.124
9.5,52.8,0.737,0.112
9.5,53.3,-0.096,0.101
9.5,53.8,-0.930,0.089
9.5,54.3,1.378,0.078
9.5,54.8,0.609,0.066
9.5,55.3,-0.224,0.055
9.5,55.8,-1.058,0.043
9.5,56.3,1.250,0.032
9.5,56.8,0.417,0.021
9.5,57.3,-0.417,0.009
9.5,57.8,-1.250,0.002
9.5,58.3,1.122,0.014
9.5,58.8,0.289,0.025
9.5,59.3,-0.545,0.037
9.5,59.8,-1.378,0.048
9.5,60.3,0.930,0.060
9.5,60.8,0.096,0.071
9.5,61.3,-0.737,0.083
9.5,61.8,-1.571,0.094
9.5,62.3,0.801,0.106
9.5,62.8,-0.032,0.117
9.5,63.3,-0.866,0.129
9.5,63.8,1.443,0.140
9.5,64.3,0.609,0.151
9.5,64.8,-0.224,0.163
9.5,65.3,-1.058,0.174
9.5,65.8,1.250,0.186
9.5,66.3,0.417,0.197
9.5,66.8,-0.417,0.209
9.5,67.3,-1.186,0.220
9.5,67.8,1.122,0.231
9.5,68.3,0.289,0.243
9.5,68.8,-0.545,0.254
9.5,69.3,-1.378,0.266
9.5,69.8,0.930,0.277
9.5,70.4,0.096,0.288
9.5,70.9,-0.737,0.300
9.5,71.4,-1.571,0.311
9.5,71.9,0.737,0.323
9.5,72.4,-0.096,0.334
9.5,72.9,-0.930,0.345
9.5,73.4,1.378,0.357
9.5,73.9,0.545,0.368
9.5,74.4,-0.289,0.379
9.5,74.9,-1.122,0.390
9.5,75.4,1.186,0.402
9.5,75.9,0.353,0.413
9.5,76.4,-0.417,0.424
9.5,76.9,-1.250,0.435
9.5,77.4,1.058,0.447
9.5,77.9,0.224,0.458
9.5,78.4,-0.609,0.469
9.5,78.9,-1.443,0.480
9.5,79.4,0.866,0.492
9.5,79.9,0.032,0.503
9.5,80.4,-0.801,0.514
9.5,80.9,1.507,0.525
9.5,81.4,0.673,0.536
9.5,81.9,-0.160,0.547
9.5,82.4,-0.994,0.558
9.5,82.9,1.314,0.570
9.5,83.4,0.481,0.581
9.5,83.9,-0.353,0.592
9.5,84.4,-1.186,0.603
9.5,84.9,1.122,0.614
9.5,85.4,0.289,0.625
9.5,85.9,-0.545,0.635
9.5,86.4,-1.378,0.646
9.5,86.9,0.930,0.657
9.5,87.4,0.096,0.668
9.5,87.9,-0.801,0.679
9.5,88.4,1.507,0.690
9.5,88.9,0.673,0.701
9.5,89.4,-0.160,0.712
9.5,89.9,-0.994,0.723
9.5,90.5,1.314,0.733
9.5,91.0,0.481,0.744
9.5,91.5,-0.353,0.755
9.5,92.0,-1.186,0.766
9.5,92.5,1.122,0.776
9.5,93.0,0.289,0.787
9.5,93.5,-0.545,0.798
9.5,94.0,-1.378,0.808
9.5,94.5,0.930,0.819
9.5,95.0,0.096,0.829
9.5,95.5,-0.737,0.840
9.5,96.0,1.571,0.850
9.5,96.5,0.673,0.860
9.5,97.0,-0.160,0.871
9.5,97.5,-0.994,0.882
9.5,98.0,1.314,0.892
9.5,98.5,0.481,0.902
9.5,99.0,-0.353,0.913
9.5,99.5,-1.186,0.923
9.5,100.0,1.122,0.933
10.1,0.0,-0.609,1.232
10.1,0.5,-1.443,1.223
10.1,1.0,0.930,1.215
10.1,1.5,0.096,1.205
10.1,2.0,-0.673,1.197
10.1,2.5,-1.507,1.187
10.1,3.0,0.866,1.178
10.1,3.5,0.032,1.169
10.1,4.0,-0.737,1.160
10.1,4.5,1.571,1.151
10.1,5.0,0.737,1.141
10.1,5.5,-0.032,1.132
10.1,6.0,-0.866,1.123
10.1,6.5,1.507,1.113
10.1,7.0,0.673,1.104
10.1,7.5,-0.096,1.094
10.1,8.0,-0.930,1.085
10.1,8.5,1.378,1.076
10.1,9.0,0.609,1.066
10.1,9.5,-0.224,1.057
10.1,10.1,-0.994,1.047
10.1,10.6,1.314,1.037
10.1,11.1,0.481,1.028
10.1,11.6,-0.289,1.018
10.1,12.1,-1.122,1.008
10.1,12.6,1.186,0.998
10.1,13.1,0.417,0.989
10.1,13.6,-0.417,0.979
10.1,14.1,-1.186,0.969
10.1,14.6,1.122,0.959
10.1,15.1,0.289,0.949
10.1,15.6,-0.481,0.939
10.1,16.1,-1.314,0.929
10.1,16.6,0.994,0.919
10.1,17.1,0.224,0.909
10.1,17.6,-0.609,0.899
10.1,18.1,-1.378,0.888
10.1,18.6,0.930,0.878
10.1,19.1,0.096,0.868
10.1,19.6,-0.673,0.858
10.1,20.1,-1.507,0.848
10.1,20.6,0.801,0.837
10.1,21.1,0.032,0.827
10.1,21.6,-0.801,0.817
10.1,22.1,1.507,0.806
10.1,22.6,0.737,0.796
10.1,23.1,-0.096,0.786
10.1,23.6,-0.930,0.775
10.1,24.1,1.443,0.765
10.1,24.6,0.609,0.754
10.1,25.1,-0.224,0.744
10.1,25.6,-0.994,0.733
10.1,26.1,1.314,0.723
10.1,26.6,0.481,0.712
10.1,27.1,-0.289,0.701
10.1,27.6,-1.122,0.691
10.1,28.1,1.186,0.680
10.1,28.6,0.353,0.669
10.1,29.1,-0.417,0.658
10.1,29.6,-1.250,0.648
10.1,30.2,1.058,0.637
10.1,30.7,0.289,0.626
10.1,31.2,-0.545,0.615
10.1,31.7,-1.378,0.605
10.1,32.2,0.930,0.594
10.1,32.7,0.160,0.583
10.1,33.2,-0.673,0.572
10.1,33.7,-1.507,0.561
10.1,34.2,0.866,0.550
10.1,34.7,0.032,0.539
10.1,35.2,-0.801,0.528
10.1,35.7,1.507,0.517
10.1,36.2,0.737,0.506
10.1,36.7,-0.096,0.495
10.1,37.2,-0.930,0.484
10.1,37.7,1.378,0.473
10.1,38.2,0.609,0.462
10.1,38.7,-0.224,0.451
10.1,39.2,-1.058,0.440
10.1,39.7,1.250,0.429
10.1,40.2,0.481,0.417
10.1,40.7,-0.353,0.406
10.1,41.2,-1.186,0.395
10.1,41.7,1.122,0.384
10.1,42.2,0.289,0.373
10.1,42.7,-0.481,0.361
10.1,43.2,-1.314,0.350
10.1,43.7,0.994,0.339
10.1,44.2,0.160,0.328
10.1,44.7,-0.609,0.316
10.1,45.2,-1.443,0.305
10.1,45.7,0.866,0.294
10.1,46.2,0.032,0.283
10.1,46.7,-0.801,0.271
10.1,47.2,1.571,0.260
10.1,47.7,0.737,0.249
10.1,48.2,-0.096,0.237
10.1,48.7,-0.930,0.226
10.1,49.2,1.378,0.215
10.1,49.7,0.545,0.203
10.1,50.3,-0.224,0.192
10.1,50.8,-1.058,0.180
10.1,51.3,1.250,0.169
10.1,51.8,0.417,0.158
10.1,52.3,-0.417,0.146
10.1,52.8,-1.186,0.135
10.1,53.3,1.122,0.123
10.1,53.8,0.289,0.112
10.1,54.3,-0.545,0.100
10.1,54.8,-1.378,0.089
10.1,55.3,0.930,0.078
10.1,55.8,0.096,0.066
10.1,56.3,-0.673,0.055
10.1,56.8,-1.507,0.043
10.1,57.3,0.801,0.032
10.1,57.8,-0.032,0.020
10.1,58.3,-0.866,0.009
10.1,58.8,1.443,0.003
10.1,59.3,0.609,0.014
10.1,59.8,-0.160,0.026
10.1,60.3,-0.994,0.037
10.1,60.8,1.314,0.048
10.1,61.3,0.481,0.060
10.1,61.8,-0.353,0.071
10.1,62.3,-1.186,0.083
10.1,62.8,1.122,0.094
10.1,63.3,0.289,0.106
10.1,63.8,-0.481,0.117
10.1,64.3,-1.314,0.129
10.1,64.8,0.994,0.140
10.1,65.3,0.160,0.152
10.1,65.8,-0.673,0.163
10.1,66.3,-1.507,0.175
10.1,66.8,0.801,0.186
10.1,67.3,-0.032,0.197
10.1,67.8,-0.866,0.209
10.1,68.3,1.443,0.220
10.1,68.8,0.609,0.232
10.1,69.3,-0.160,0.243
10.1,69.8,-0.994,0.254
10.1,70.4,1.314,0.266
10.1,70.9,0.481,0.277
10.1,71.4,-0.353,0.289
10.1,71.9,-1.186,0.300
10.1,72.4,1.122,0.311
10.1,72.9,0.289,0.323
10.1,73.4,-0.545,0.334
10.1,73.9,-1.378,0.346
10.1,74.4,0.930,0.357
10.1,74.9,0.096,0.368
10.1,75.4,-0.737,0.379
10.1,75.9,-1.571,0.391
10.1,76.4,0.737,0.402
10.1,76.9,-0.096,0.413
10.1,77.4,-0.930,0.425
10.1,77.9,1.378,0.436
10.1,78.4,0.545,0.447
10.1,78.9,-0.289,0.458
10.1,79.4,-1.122,0.469
10.1,79.9,1.186,0.481
10.1,80.4,0.353,0.492
10.1,80.9,-0.417,0.503
10.1,81.4,-1.250,0.514
10.1,81.9,1.058,0.525
10.1,82.4,0.224,0.536
10.1,82.9,-0.609,0.547
10.1,83.4,-1.443,0.559
10.1,83.9,0.866,0.570
10.1,84.4,0.032,0.581
10.1,84.9,-0.801,0.592
10.1,85.4,1.443,0.603
10.1,85.9,0.609,0.614
10.1,86.4,-0.224,0.625
10.1,86.9,-1.058,0.636
10.1,87.4,1.250,0.647
10.1,87.9,0.417,0.658
10.1,88.4,-0.417,0.669
10.1,88.9,-1.250,0.680
10.1,89.4,1.058,0.690
10.1,89.9,0.224,0.701
10.1,90.5,-0.609,0.712
10.1,91.0,-1.443,0.723
10.1,91.5,0.866,0.734
10.1,92.0,0.032,0.745
10.1,92.5,-0.801,0.755
10.1,93.0,1.507,0.766
10.1,93.5,0.673,0.777
10.1,94.0,-0.160,0.787
10.1,94.5,-0.994,0.798
10.1,95.0,1.314,0.808
10.1,95.5,0.481,0.819
10.1,96.0,-0.353,0.829
10.1,96.5,-1.186,0.840
10.1,97.0,1.058,0.850
10.1,97.5,0.224,0.861
10.1,98.0,-0.609,0.872
10.1,98.5,-1.443,0.882
10.1,99.0,0.866,0.892
10.1,99.5,0.032,0.903
10.1,100.0,-0.801,0.913
10.6,0.0,0.545,1.250
10.6,0.5,-0.289,1.241
10.6,1.0,-1.058,1.233
10.6,1.5,1.250,1.223
10.6,2.0,0.481,1.215
10.6,2.5,-0.353,1.206
10.6,3.0,-1.122,1.196
10.6,3.5,1.186,1.188
10.6,4.0,0.417,1.178
10.6,4.5,-0.417,1.169
10.6,5.0,-1.250,1.160
10.6,5.5,1.122,1.151
10.6,6.0,0.289,1.142
10.6,6.5,-0.481,1.132
10.6,7.0,-1.314,1.123
10.6,7.5,1.058,1.113
10.6,8.0,0.224,1.104
10.6,8.5,-0.609,1.095
10.6,9.0,-1.378,1.085
10.6,9.5,0.930,1.076
10.6,10.1,0.160,1.066
10.6,10.6,-0.673,1.057
10.6,11.1,-1.507,1.047
10.6,11.6,0.866,1.037
10.6,12.1,0.032,1.028
10.6,12.6,-0.737,1.018
10.6,13.1,1.571,1.008
10.6,13.6,0.737,0.998
10.6,14.1,-0.032,0.989
10.6,14.6,-0.866,0.979
10.6,15.1,1.443,0.968
10.6,15.6,0.673,0.959
10.6,16.1,-0.160,0.949
10.6,16.6,-0.930,0.939
10.6,17.1,1.378,0.929
10.6,17.6,0.545,0.919
10.6,18.1,-0.224,0.909
10.6,18.6,-1.058,0.899
10.6,19.1,1.250,0.888
10.6,19.6,0.481,0.878
10.6,20.1,-0.353,0.868
10.6,20.6,-1.186,0.858
10.6,21.1,1.186,0.848
10.6,21.6,0.353,0.837
10.6,22.1,-0.481,0.827
10.6,22.6,-1.250,0.817
10.6,23.1,1.058,0.806
10.6,23.6,0.224,0.796
10.6,24.1,-0.545,0.786
10.6,24.6,-1.378,0.775
10.6,25.1,0.930,0.764
10.6,25.6,0.160,0.754
10.6,26.1,-0.673,0.744
10.6,26.6,-1.507,0.733
10.6,27.1,0.866,0.722
10.6,27.6,0.032,0.712
10.6,28.1,-0.801,0.701
10.6,28.6,1.571,0.690
10.6,29.1,0.737,0.680
10.6,29.6,-0.096,0.669
10.6,30.2,-0.866,0.658
10.6,30.7,1.443,0.648
10.6,31.2,0.609,0.637
10.6,31.7,-0.224,0.626
10.6,32.2,-0.994,0.615
10.6,32.7,1.314,0.605
10.6,33.2,0.481,0.594
10.6,33.7,-0.289,0.583
10.6,34.2,-1.122,0.572
10.6,34.7,1.186,0.561
10.6,35.2,0.353,0.550
10.6,35.7,-0.417,0.539
10.6,36.2,-1.250,0.528
10.6,36.7,1.058,0.517
10.6,37.2,0.224,0.506
10.6,37.7,-0.545,0.495
10.6,38.2,-1.378,0.484
10.6,38.7,0.930,0.473
10.6,39.2,0.096,0.462
10.6,39.7,-0.673,0.451
10.6,40.2,-1.507,0.440
10.6,40.7,0.801,0.428
10.6,41.2,-0.032,0.417
10.6,41.7,-0.801,0.406
10.6,42.2,1.507,0.395
10.6,42.7,0.673,0.384
10.6,43.2,-0.160,0.373
10.6,43.7,-0.930,0.361
10.6,44.2,1.378,0.350
10.6,44.7,0.545,0.339
10.6,45.2,-0.289,0.328
10.6,45.7,-1.122,0.316
10.6,46.2,1.250,0.305
10.6,46.7,0.417,0.294
10.6,47.2,-0.417,0.282
10.6,47.7,-1.250,0.271
10.6,48.2,1.058,0.260
10.6,48.7,0.289,0.248
10.6,49.2,-0.545,0.237
10.6,49.7,-1.378,0.226
10.6,50.3,0.930,0.214
10.6,50.8,0.096,0.203
10.6,51.3,-0.673,0.192
10.6,51.8,-1.507,0.180
10.6,52.3,0.801,0.169
10.6,52.8,-0.032,0.157
10.6,53.3,-0.866,0.146
10.6,53.8,1.443,0.135
10.6,54.3,0.673,0.123
10.6,54.8,-0.160,0.112
10.6,55.3,-0.994,0.100
10.6,55.8,1.314,0.089
10.6,56.3,0.481,0.077
10.6,56.8,-0.353,0.066
10.6,57.3,-1.186,0.055
10.6,57.8,1.186,0.043
10.6,58.3,0.353,0.032
10.6,58.8,-0.481,0.020
10.6,59.3,-1.314,0.009
10.6,59.8,0.994,0.003
10.6,60.3,0.160,0.014
10.6,60.8,-0.673,0.026
10.6,61.3,-1.443,0.037
10.6,61.8,0.866,0.049
10.6,62.3,0.032,0.060
10.6,62.8,-0.801,0.072
10.6,63.3,1.507,0.083
10.6,63.8,0.673,0.095
10.6,64.3,-0.160,0.106
10.6,64.8,-0.994,0.117
10.6,65.3,1.314,0.129
10.6,65.8,0.545,0.140
10.6,66.3,-0.289,0.152
10.6,66.8,-1.122,0.163
10.6,67.3,1.186,0.175
10.6,67.8,0.353,0.186
10.6,68.3,-0.481,0.198
10.6,68.8,-1.314,0.209
10.6,69.3,0.994,0.220
10.6,69.8,0.160,0.232
10.6,70.4,-0.673,0.243
10.6,70.9,-1.507,0.255
10.6,71.4,0.866,0.266
10.6,71.9,0.032,0.277
10.6,72.4,-0.801,0.289
10.6,72.9,1.507,0.300
10.6,73.4,0.673,0.312
10.6,73.9,-0.160,0.323
10.6,74.4,-0.994,0.334
10.6,74.9,1.314,0.346
10.6,75.4,0.481,0.357
10.6,75.9,-0.353,0.368
10.6,76.4,-1.186,0.380
10.6,76.9,1.122,0.391
10.6,77.4,0.289,0.402
10.6,77.9,-0.545,0.414
10.6,78.4,-1.378,0.425
10.6,78.9,0.930,0.436
10.6,79.4,0.096,0.447
10.6,79.9,-0.737,0.459
10.6,80.4,-1.571,0.470
10.6,80.9,0.737,0.481
10.6,81.4,-0.096,0.492
10.6,81.9,-0.930,0.503
10.6,82.4,1.378,0.514
10.6,82.9,0.545,0.526
10.6,83.4,-0.289,0.537
10.6,83.9,-1.122,0.548
10.6,84.4,1.186,0.559
10.6,84.9,0.353,0.570
10.6,85.4,-0.481,0.581
10.6,85.9,-1.314,0.592
10.6,86.4,0.994,0.603
10.6,86.9,0.160,0.614
10.6,87.4,-0.673,0.625
10.6,87.9,-1.507,0.636
10.6,88.4,0.801,0.647
10.6,88.9,-0.032,0.658
10.6,89.4,-0.866,0.669
10.6,89.9,1.443,0.680
10.6,90.5,0.609,0.691
10.6,91.0,-0.224,0.702
10.6,91.5,-1.058,0.712
10.6,92.0,1.250,0.723
10.6,92.5,0.417,0.734
10.6,93.0,-0.417,0.745
10.6,93.5,-1.250,0.756
10.6,94.0,1.058,0.766
10.6,94.5,0.224,0.777
10.6,95.0,-0.609,0.787
10.6,95.5,-1.443,0.798
10.6,96.0,0.866,0.809
10.6,96.5,0.032,0.819
10.6,97.0,-0.866,0.830
10.6,97.5,1.443,0.840
10.6,98.0,0.609,0.851
10.6,98.5,-0.224,0.861
10.6,99.0,-1.058,0.872
10.6,99.5,1.250,0.882
10.6,100.0,0.417,0.893
11.1,0.0,-1.443,1.268
11.1,0.5,0.866,1.259
11.1,1.0,0.096,1.250
11.1,1.5,-0.737,1.241
11.1,2.0,-1.507,1.232
11.1,2.5,0.801,1.224
11.1,3.0,0.032,1.214
11.1,3.5,-0.801,1.206
11.1,4.0,1.571,1.196
11.1,4.5,0.737,1.188
11.1,5.0,-0.096,1.178
11.1,5.5,-0.866,1.169
11.1,6.0,1.443,1.160
11.1,6.5,0.673,1.151
11.1,7.0,-0.160,1.142
11.1,7.5,-0.930,1.132
11.1,8.0,1.378,1.123
11.1,8.5,0.545,1.113
11.1,9.0,-0.224,1.104
11.1,9.5,-1.058,1.095
11.1,10.1,1.314,1.085
11.1,10.6,0.481,1.076
11.1,11.1,-0.353,1.066
11.1,11.6,-1.122,1.057
11.1,12.1,1.186,1.047
11.1,12.6,0.417,1.037
11.1,13.1,-0.417,1.028
11.1,13.6,-1.250,1.018
11.1,14.1,1.122,1.008
11.1,14.6,0.289,0.998
11.1,15.1,-0.481,0.988
11.1,15.6,-1.314,0.979
11.1,16.1,0.994,0.969
11.1,16.6,0.224,0.959
11.1,17.1,-0.609,0.949
11.1,17.6,-1.443,0.939
11.1,18.1,0.930,0.929
11.1,18.6,0.096,0.919
11.1,19.1,-0.673,0.909
11.1,19.6,-1.507,0.899
11.1,20.1,0.801,0.889
11.1,20.6,0.032,0.878
11.1,21.1,-0.801,0.868
11.1,21.6,1.507,0.858
11.1,22.1,0.737,0.848
11.1,22.6,-0.096,0.838
11.1,23.1,-0.930,0.827
11.1,23.6,1.443,0.817
11.1,24.1,0.609,0.806
11.1,24.6,-0.224,0.796
11.1,25.1,-0.994,0.785
11.1,25.6,1.314,0.775
11.1,26.1,0.481,0.765
11.1,26.6,-0.289,0.754
11.1,27.1,-1.122,0.744
11.1,27.6,1.186,0.733
11.1,28.1,0.417,0.722
11.1,28.6,-0.417,0.712
11.1,29.1,-1.250,0.701
11.1,29.6,1.122,0.690
11.1,30.2,0.289,0.680
11.1,30.7,-0.545,0.669
11.1,31.2,-1.378,0.658
11.1,31.7,0.994,0.648
11.1,32.2,0.160,0.637
11.1,32.7,-0.673,0.626
11.1,33.2,-1.443,0.615
11.1,33.7,0.866,0.604
11.1,34.2,0.032,0.594
11.1,34.7,-0.801,0.583
11.1,35.2,1.571,0.572
11.1,35.7,0.737,0.561
11.1,36.2,-0.096,0.550
11.1,36.7,-0.866,0.539
11.1,37.2,1.443,0.528
11.1,37.7,0.609,0.517
11.1,38.2,-0.224,0.506
11.1,38.7,-0.994,0.495
11.1,39.2,1.314,0.484
11.1,39.7,0.481,0.473
11.1,40.2,-0.353,0.462
11.1,40.7,-1.122,0.450
11.1,41.2,1.186,0.440
11.1,41.7,0.353,0.428
11.1,42.2,-0.481,0.417
11.1,42.7,-1.314,0.406
11.1,43.2,1.058,0.395
11.1,43.7,0.224,0.384
11.1,44.2,-0.609,0.372
11.1,44.7,-1.443,0.361
11.1,45.2,0.930,0.350
11.1,45.7,0.096,0.339
11.1,46.2,-0.737,0.328
11.1,46.7,-1.571,0.316
11.1,47.2,0.737,0.305
11.1,47.7,-0.032,0.294
11.1,48.2,-0.866,0.282
11.1,48.7,1.443,0.271
11.1,49.2,0.609,0.260
11.1,49.7,-0.224,0.248
11.1,50.3,-0.994,0.237
11.1,50.8,1.314,0.226
11.1,51.3,0.481,0.214
11.1,51.8,-0.353,0.203
11.1,52.3,-1.186,0.191
11.1,52.8,1.186,0.180
11.1,53.3,0.353,0.169
11.1,53.8,-0.481,0.157
11.1,54.3,-1.314,0.146
11.1,54.8,0.994,0.134
11.1,55.3,0.160,0.123
11.1,55.8,-0.609,0.112
11.1,56.3,-1.443,0.100
11.1,56.8,0.866,0.089
11.1,57.3,0.032,0.077
11.1,57.8,-0.801,0.066
11.1,58.3,1.507,0.054
11.1,58.8,0.737,0.043
11.1,59.3,-0.096,0.031
11.1,59.8,-0.930,0.020
11.1,60.3,1.378,0.009
11.1,60.8,0.545,0.003
11.1,61.3,-0.289,0.014
11.1,61.8,-1.122,0.026
11.1,62.3,1.186,0.037
11.1,62.8,0.417,0.049
11.1,63.3,-0.417,0.060
11.1,63.8,-1.250,0.072
11.1,64.3,1.058,0.083
11.1,64.8,0.224,0.095
11.1,65.3,-0.609,0.106
11.1,65.8,-1.443,0.118
11.1,66.3,0.866,0.129
11.1,66.8,0.032,0.141
11.1,67.3,-0.737,0.152
11.1,67.8,1.571,0.163
11.1,68.3,0.737,0.175
11.1,68.8,-0.096,0.186
11.1,69.3,-0.930,0.198
11.1,69.8,1.378,0.209
11.1,70.4,0.545,0.221
11.1,70.9,-0.289,0.232
11.1,71.4,-1.122,0.244
11.1,71.9,1.186,0.255
11.1,72.4,0.353,0.266
11.1,72.9,-0.481,0.278
11.1,73.4,-1.250,0.289
11.1,73.9,1.058,0.300
11.1,74.4,0.224,0.312
11.1,74.9,-0.609,0.323
11.1,75.4,-1.443,0.335
11.1,75.9,0.866,0.346
11.1,76.4,0.032,0.357
11.1,76.9,-0.801,0.369
11.1,77.4,1.507,0.380
11.1,77.9,0.673,0.391
11.1,78.4,-0.160,0.403
11.1,78.9,-0.994,0.414
11.1,79.4,1.314,0.425
11.1,79.9,0.481,0.436
11.1,80.4,-0.353,0.448
11.1,80.9,-1.186,0.459
11.1,81.4,1.122,0.470
11.1,81.9,0.289,0.481
11.1,82.4,-0.545,0.493
11.1,82.9,-1.378,0.504
11.1,83.4,0.930,0.515
11.1,83.9,0.096,0.526
11.1,84.4,-0.737,0.537
11.1,84.9,-1.571,0.548
11.1,85.4,0.737,0.559
11.1,85.9,-0.096,0.570
11.1,86.4,-0.930,0.581
11.1,86.9,1.378,0.593
11.1,87.4,0.545,0.604
11.1,87.9,-0.289,0.615
11.1,88.4,-1.122,0.626
11.1,88.9,1.186,0.637
11.1,89.4,0.353,0.648
11.1,89.9,-0.481,0.658
11.1,90.5,-1.314,0.669
11.1,91.0,0.994,0.680
11.1,91.5,0.160,0.691
11.1,92.0,-0.673,0.702
11.1,92.5,-1.507,0.713
11.1,93.0,0.801,0.724
11.1,93.5,-0.032,0.734
11.1,94.0,-0.866,0.745
11.1,94.5,1.443,0.756
11.1,95.0,0.609,0.766
11.1,95.5,-0.224,0.777
11.1,96.0,-1.058,0.788
11.1,96.5,1.186,0.798
11.1,97.0,0.353,0.809
11.1,97.5,-0.481,0.820
11.1,98.0,-1.314,0.830
11.1,98.5,0.994,0.841
11.1,99.0,0.160,0.851
11.1,99.5,-0.673,0.862
11.1,100.0,-1.507,0.872
11.6,0.0,-0.289,1.285
11.6,0.5,-1.122,1.276
11.6,1.0,1.250,1.268
11.6,1.5,0.417,1.259
11.6,2.0,-0.353,1.250
11.6,2.5,-1.186,1.241
11.6,3.0,1.186,1.232
11.6,3.5,0.353,1.224
11.6,4.0,-0.417,1.214
11.6,4.5,-1.250,1.206
11.6,5.0,1.058,1.196
11.6,5.5,0.289,1.188
11.6,6.0,-0.545,1.178
11.6,6.5,-1.314,1.169
11.6,7.0,0.994,1.160
11.6,7.5,0.224,1.151
11.6,8.0,-0.609,1.142
11.6,8.5,-1.443,1.132
11.6,9.0,0.930,1.123
11.6,9.5,0.096,1.114
11.6,10.1,-0.673,1.104
11.6,10.6,-1.507,1.095
11.6,11.1,0.866,1.085
11.6,11.6,0.032,1.076
11.6,12.1,-0.801,1.066
11.6,12.6,1.571,1.057
11.6,13.1,0.737,1.047
11.6,13.6,-0.032,1.037
11.6,14.1,-0.866,1.028
11.6,14.6,1.443,1.018
11.6,15.1,0.673,1.008
11.6,15.6,-0.160,0.999
11.6,16.1,-0.994,0.988
11.6,16.6,1.378,0.979
11.6,17.1,0.545,0.969
11.6,17.6,-0.224,0.959
11.6,18.1,-1.058,0.949
11.6,18.6,1.250,0.939
11.6,19.1,0.481,0.929
11.6,19.6,-0.353,0.919
11.6,20.1,-1.186,0.909
11.6,20.6,1.186,0.899
11.6,21.1,0.353,0.889
11.6,21.6,-0.481,0.878
11.6,22.1,-1.250,0.868
11.6,22.6,1.058,0.858
11.6,23.1,0.289,0.847
11.6,23.6,-0.545,0.837
11.6,24.1,-1.378,0.827
11.6,24.6,0.994,0.817
11.6,25.1,0.160,0.806
11.6,25.6,-0.673,0.796
11.6,26.1,-1.443,0.785
11.6,26.6,0.866,0.775
11.6,27.1,0.032,0.765
11.6,27.6,-0.737,0.754
11.6,28.1,1.571,0.744
11.6,28.6,0.737,0.733
11.6,29.1,-0.096,0.722
11.6,29.6,-0.866,0.712
11.6,30.2,1.443,0.701
11.6,30.7,0.609,0.690
11.6,31.2,-0.160,0.680
11.6,31.7,-0.994,0.669
11.6,32.2,1.314,0.658
11.6,32.7,0.545,0.647
11.6,33.2,-0.289,0.637
11.6,33.7,-1.122,0.626
11.6,34.2,1.186,0.615
11.6,34.7,0.417,0.604
11.6,35.2,-0.417,0.594
11.6,35.7,-1.250,0.583
11.6,36.2,1.122,0.572
11.6,36.7,0.289,0.561
11.6,37.2,-0.545,0.550
11.6,37.7,-1.378,0.539
11.6,38.2,0.994,0.528
11.6,38.7,0.160,0.517
11.6,39.2,-0.673,0.506
11.6,39.7,-1.507,0.495
11.6,40.2,0.866,0.484
11.6,40.7,0.032,0.473
11.6,41.2,-0.801,0.462
11.6,41.7,1.507,0.450
11.6,42.2,0.737,0.439
11.6,42.7,-0.096,0.428
11.6,43.2,-0.930,0.417
11.6,43.7,1.378,0.406
11.6,44.2,0.609,0.395
11.6,44.7,-0.224,0.384
11.6,45.2,-1.058,0.372
11.6,45.7,1.250,0.361
11.6,46.2,0.417,0.350
11.6,46.7,-0.353,0.339
11.6,47.2,-1.186,0.327
11.6,47.7,1.122,0.316
11.6,48.2,0.289,0.305
11.6,48.7,-0.481,0.293
11.6,49.2,-1.314,0.282
11.6,49.7,0.994,0.271
11.6,50.3,0.160,0.260
11.6,50.8,-0.673,0.248
11.6,51.3,-1.443,0.237
11.6,51.8,0.866,0.225
11.6,52.3,0.032,0.214
11.6,52.8,-0.801,0.203
11.6,53.3,1.507,0.191
11.6,53.8,0.673,0.180
11.6,54.3,-0.096,0.169
11.6,54.8,-0.930,0.157
11.6,55.3,1.378,0.146
11.6,55.8,0.545,0.134
11.6,56.3,-0.289,0.123
11.6,56.8,-1.122,0.111
11.6,57.3,1.250,0.100
11.6,57.8,0.417,0.089
11.6,58.3,-0.417,0.077
11.6,58.8,-1.250,0.066
11.6,59.3,1.058,0.054
11.6,59.8,0.224,0.043
11.6,60.3,-0.545,0.031
11.6,60.8,-1.378,0.020
11.6,61.3,0.930,0.008
11.6,61.8,0.096,0.003
11.6,62.3,-0.737,0.015
11.6,62.8,-1.571,0.026
11.6,63.3,0.737,0.038
11.6,63.8,-0.096,0.049
11.6,64.3,-0.866,0.060
11.6,64.8,1.443,0.072
11.6,65.3,0.609,0.083
11.6,65.8,-0.224,0.095
11.6,66.3,-1.058,0.106
11.6,66.8,1.250,0.118
11.6,67.3,0.417,0.129
11.6,67.8,-0.417,0.141
11.6,68.3,-1.250,0.152
11.6,68.8,1.122,0.164
11.6,69.3,0.289,0.175
11.6,69.8,-0.545,0.187
11.6,70.4,-1.378,0.198
11.6,70.9,0.930,0.210
11.6,71.4,0.096,0.221
11.6,71.9,-0.737,0.232
11.6,72.4,-1.571,0.244
11.6,72.9,0.737,0.255
11.6,73.4,-0.096,0.267
11.6,73.9,-0.930,0.278
11.6,74.4,1.378,0.289
11.6,74.9,0.545,0.301
11.6,75.4,-0.289,0.312
11.6,75.9,-1.058,0.323
11.6,76.4,1.250,0.335
11.6,76.9,0.417,0.346
11.6,77.4,-0.417,0.358
11.6,77.9,-1.250,0.369
11.6,78.4,1.058,0.380
11.6,78.9,0.224,0.392
11.6,79.4,-0.609,0.403
11.6,79.9,-1.443,0.414
11.6,80.4,0.866,0.425
11.6,80.9,0.032,0.437
11.6,81.4,-0.801,0.448
11.6,81.9,1.507,0.459
11.6,82.4,0.673,0.470
11.6,82.9,-0.160,0.482
11.6,83.4,-0.994,0.493
11.6,83.9,1.314,0.504
11.6,84.4,0.481,0.515
11.6,84.9,-0.353,0.526
11.6,85.4,-1.186,0.537
11.6,85.9,1.122,0.549
11.6,86.4,0.289,0.560
11.6,86.9,-0.545,0.571
11.6,87.4,-1.378,0.582
11.6,87.9,0.930,0.593
11.6,88.4,0.096,0.604
11.6,88.9,-0.737,0.615
11.6,89.4,-1.571,0.626
11.6,89.9,0.737,0.637
11.6,90.5,-0.096,0.648
11.6,91.0,-0.930,0.659
11.6,91.5,1.378,0.670
11.6,92.0,0.545,0.681
11.6,92.5,-0.289,0.691
11.6,93.0,-1.122,0.702
11.6,93.5,1.186,0.713
11.6,94.0,0.353,0.724
11.6,94.5,-0.481,0.735
11.6,95.0,-1.314,0.745
11.6,95.5,0.994,0.756
11.6,96.0,0.160,0.767
11.6,96.5,-0.737,0.777
11.6,97.0,-1.571,0.788
11.6,97.5,0.737,0.799
11.6,98.0,-0.096,0.809
11.6,98.5,-0.930,0.820
11.6,99.0,1.378,0.831
11.6,99.5,0.545,0.841
11.6,100.0,-0.289,0.852
12.1,0.0,0.866,1.302
12.1,0.5,0.032,1.294
12.1,1.0,-0.737,1.285
12.1,1.5,-1.571,1.277
12.1,2.0,0.801,1.268
12.1,2.5,-0.032,1.259
12.1,3.0,-0.801,1.250
12.1,3.5,1.507,1.242
12.1,4.0,0.673,1.232
12.1,4.5,-0.096,1.224
12.1,5.0,-0.930,1.215
12.1,5.5,1.443,1.206
12.1,6.0,0.609,1.197
12.1,6.5,-0.160,1.188
12.1,7.0,-0.994,1.179
12.1,7.5,1.378,1.169
12.1,8.0,0.545,1.160
12.1,8.5,-0.289,1.151
12.1,9.0,-1.058,1.142
12.1,9.5,1.250,1.132
12.1,10.1,0.481,1.123
12.1,10.6,-0.353,1.114
12.1,11.1,-1.122,1.104
12.1,11.6,1.186,1.095
12.1,12.1,0.353,1.085
12.1,12.6,-0.417,1.076
12.1,13.1,-1.250,1.066
12.1,13.6,1.122,1.056
12.1,14.1,0.289,1.047
12.1,14.6,-0.545,1.037
12.1,15.1,-1.314,1.028
12.1,15.6,0.994,1.018
12.1,16.1,0.224,1.008
12.1,16.6,-0.609,0.999
12.1,17.1,-1.443,0.989
12.1,17.6,0.930,0.979
12.1,18.1,0.096,0.969
12.1,18.6,-0.737,0.959
12.1,19.1,-1.507,0.949
12.1,19.6,0.801,0.939
12.1,20.1,0.032,0.929
12.1,20.6,-0.801,0.919
12.1,21.1,1.507,0.909
12.1,21.6,0.737,0.899
12.1,22.1,-0.096,0.889
12.1,22.6,-0.930,0.878
12.1,23.1,1.443,0.868
12.1,23.6,0.609,0.858
12.1,24.1,-0.224,0.848
12.1,24.6,-0.994,0.837
12.1,25.1,1.314,0.827
12.1,25.6,0.481,0.817
12.1,26.1,-0.289,0.806
12.1,26.6,-1.122,0.796
12.1,27.1,1.186,0.785
12.1,27.6,0.417,0.775
12.1,28.1,-0.417,0.765
12.1,28.6,-1.250,0.754
12.1,29.1,1.122,0.743
12.1,29.6,0.289,0.733
12.1,30.2,-0.545,0.722
12.1,30.7,-1.314,0.712
12.1,31.2,0.994,0.701
12.1,31.7,0.160,0.690
12.1,32.2,-0.609,0.680
12.1,32.7,-1.443,0.669
12.1,33.2,0.866,0.658
12.1,33.7,0.032,0.647
12.1,34.2,-0.737,0.637
12.1,34.7,-1.571,0.626
12.1,35.2,0.737,0.615
12.1,35.7,-0.032,0.604
12.1,36.2,-0.866,0.594
12.1,36.7,1.443,0.583
12.1,37.2,0.609,0.572
12.1,37.7,-0.160,0.561
12.1,38.2,-0.994,0.550
12.1,38.7,1.314,0.539
12.1,39.2,0.481,0.528
12.1,39.7,-0.289,0.517
12.1,40.2,-1.122,0.506
12.1,40.7,1.186,0.495
12.1,41.2,0.417,0.484
12.1,41.7,-0.417,0.473
12.1,42.2,-1.250,0.462
12.1,42.7,1.058,0.450
12.1,43.2,0.224,0.439
12.1,43.7,-0.545,0.428
12.1,44.2,-1.378,0.417
12.1,44.7,0.930,0.406
12.1,45.2,0.096,0.395
12.1,45.7,-0.673,0.383
12.1,46.2,-1.507,0.372
12.1,46.7,0.801,0.361
12.1,47.2,-0.032,0.350
12.1,47.7,-0.801,0.338
12.1,48.2,1.507,0.327
12.1,48.7,0.673,0.316
12.1,49.2,-0.160,0.305
12.1,49.7,-0.994,0.293
12.1,50.3,1.378,0.282
12.1,50.8,0.545,0.271
12.1,51.3,-0.289,0.259
12.1,51.8,-1.122,0.248
12.1,52.3,1.186,0.237
12.1,52.8,0.417,0.225
12.1,53.3,-0.417,0.214
12.1,53.8,-1.250,0.203
12.1,54.3,1.058,0.191
12.1,54.8,0.224,0.180
12.1,55.3,-0.609,0.168
12.1,55.8,-1.378,0.157
12.1,56.3,0.930,0.146
12.1,56.8,0.096,0.134
12.1,57.3,-0.737,0.123
12.1,57.8,-1.571,0.111
12.1,58.3,0.737,0.100
12.1,58.8,-0.032,0.088
12.1,59.3,-0.866,0.077
12.1,59.8,1.443,0.066
12.1,60.3,0.609,0.054
12.1,60.8,-0.224,0.043
12.1,61.3,-1.058,0.031
12.1,61.8,1.250,0.020
12.1,62.3,0.481,0.008
12.1,62.8,-0.353,0.003
12.1,63.3,-1.186,0.015
12.1,63.8,1.122,0.026
12.1,64.3,0.289,0.038
12.1,64.8,-0.545,0.049
12.1,65.3,-1.378,0.061
12.1,65.8,0.994,0.072
12.1,66.3,0.160,0.084
12.1,66.8,-0.673,0.095
12.1,67.3,-1.507,0.107
12.1,67.8,0.801,0.118
12.1,68.3,-0.032,0.130
12.1,68.8,-0.866,0.141
12.1,69.3,1.443,0.152
12.1,69.8,0.609,0.164
12.1,70.4,-0.224,0.175
12.1,70.9,-0.994,0.187
12.1,71.4,1.314,0.198
12.1,71.9,0.481,0.210
12.1,72.4,-0.353,0.221
12.1,72.9,-1.186,0.233
12.1,73.4,1.122,0.244
12.1,73.9,0.289,0.255
12.1,74.4,-0.545,0.267
12.1,74.9,-1.378,0.278
12.1,75.4,0.930,0.290
12.1,75.9,0.096,0.301
12.1,76.4,-0.737,0.312
12.1,76.9,-1.571,0.324
12.1,77.4,0.737,0.335
12.1,77.9,-0.032,0.346
12.1,78.4,-0.866,0.358
12.1,78.9,1.443,0.369
12.1,79.4,0.609,0.380
12.1,79.9,-0.224,0.392
12.1,80.4,-1.058,0.403
12.1,80.9,1.250,0.414
12.1,81.4,0.417,0.426
12.1,81.9,-0.417,0.437
12.1,82.4,-1.250,0.448
12.1,82.9,1.058,0.459
12.1,83.4,0.224,0.471
12.1,83.9,-0.609,0.482
12.1,84.4,-1.443,0.493
12.1,84.9,0.866,0.504
12.1,85.4,0.032,0.515
12.1,85.9,-0.801,0.527
12.1,86.4,1.507,0.538
12.1,86.9,0.673,0.549
12.1,87.4,-0.160,0.560
12.1,87.9,-0.994,0.571
12.1,88.4,1.314,0.582
12.1,88.9,0.481,0.593
12.1,89.4,-0.353,0.604
12.1,89.9,-1.186,0.615
12.1,90.5,1.122,0.626
12.1,91.0,0.289,0.637
12.1,91.5,-0.545,0.648
12.1,92.0,-1.378,0.659
12.1,92.5,0.930,0.670
12.1,93.0,0.096,0.681
12.1,93.5,-0.737,0.692
12.1,94.0,1.571,0.702
12.1,94.5,0.737,0.713
12.1,95.0,-0.096,0.724
12.1,95.5,-0.930,0.735
12.1,96.0,1.314,0.745
12.1,96.5,0.481,0.756
12.1,97.0,-0.353,0.767
12.1,97.5,-1.186,0.778
12.1,98.0,1.122,0.788
12.1,98.5,0.289,0.799
12.1,99.0,-0.545,0.810
12.1,99.5,-1.378,0.820
12.1,100.0,0.930,0.831
12.6,0.0,-1.122,1.319
12.6,0.5,1.186,1.311
12.6,1.0,0.417,1.302
12.6,1.5,-0.417,1.294
12.6,2.0,-1.186,1.285
12.6,2.5,1.122,1.277
12.6,3.0,0.353,1.267
12.6,3.5,-0.481,1.259
12.6,4.0,-1.314,1.250
12.6,4.5,1.058,1.242
12.6,5.0,0.224,1.233
12.6,5.5,-0.545,1.224
12.6,6.0,-1.378,1.215
12.6,6.5,0.994,1.206
12.6,7.0,0.160,1.197
12.6,7.5,-0.609,1.187
12.6,8.0,-1.443,1.179
12.6,8.5,0.866,1.169
12.6,9.0,0.096,1.160
12.6,9.5,-0.737,1.151
12.6,10.1,-1.507,1.142
12.6,10.6,0.801,1.133
12.6,11.1,0.032,1.123
12.6,11.6,-0.801,1.114
12.6,12.1,1.507,1.104
12.6,12.6,0.737,1.095
12.6,13.1,-0.096,1.085
12.6,13.6,-0.866,1.076
12.6,14.1,1.443,1.067
12.6,14.6,0.609,1.057
12.6,15.1,-0.160,1.047
12.6,15.6,-0.994,1.038
12.6,16.1,1.378,1.028
12.6,16.6,0.545,1.018
12.6,17.1,-0.289,1.008
12.6,17.6,-1.058,0.999
12.6,18.1,1.250,0.989
12.6,18.6,0.481,0.979
12.6,19.1,-0.353,0.969
12.6,19.6,-1.186,0.959
12.6,20.1,1.186,0.949
12.6,20.6,0.353,0.939
12.6,21.1,-0.481,0.929
12.6,21.6,-1.250,0.919
12.6,22.1,1.058,0.909
12.6,22.6,0.224,0.898
12.6,23.1,-0.545,0.889
12.6,23.6,-1.378,0.878
12.6,24.1,0.994,0.868
12.6,24.6,0.160,0.858
12.6,25.1,-0.673,0.848
12.6,25.6,-1.443,0.837
12.6,26.1,0.866,0.827
12.6,26.6,0.032,0.817
12.6,27.1,-0.737,0.806
12.6,27.6,1.571,0.796
12.6,28.1,0.737,0.785
12.6,28.6,-0.032,0.775
12.6,29.1,-0.866,0.765
12.6,29.6,1.443,0.754
12.6,30.2,0.673,0.743
12.6,30.7,-0.160,0.733
12.6,31.2,-0.994,0.722
12.6,31.7,1.314,0.711
12.6,32.2,0.545,0.701
12.6,32.7,-0.289,0.690
12.6,33.2,-1.122,0.680
12.6,33.7,1.250,0.669
12.6,34.2,0.417,0.658
12.6,34.7,-0.417,0.647
12.6,35.2,-1.186,0.637
12.6,35.7,1.122,0.626
12.6,36.2,0.289,0.615
12.6,36.7,-0.545,0.604
12.6,37.2,-1.314,0.593
12.6,37.7,0.994,0.583
12.6,38.2,0.160,0.572
12.6,38.7,-0.609,0.561
12.6,39.2,-1.443,0.550
12.6,39.7,0.866,0.539
12.6,40.2,0.032,0.528
12.6,40.7,-0.737,0.517
12.6,41.2,1.571,0.506
12.6,41.7,0.737,0.495
12.6,42.2,-0.096,0.484
12.6,42.7,-0.866,0.472
12.6,43.2,1.443,0.462
12.6,43.7,0.609,0.450
12.6,44.2,-0.224,0.439
12.6,44.7,-0.994,0.428
12.6,45.2,1.314,0.417
12.6,45.7,0.481,0.406
12.6,46.2,-0.353,0.395
12.6,46.7,-1.122,0.383
12.6,47.2,1.186,0.372
12.6,47.7,0.353,0.361
12.6,48.2,-0.481,0.350
12.6,48.7,-1.314,0.338
12.6,49.2,1.058,0.327
12.6,49.7,0.224,0.316
12.6,50.3,-0.609,0.305
12.6,50.8,-1.443,0.293
12.6,51.3,0.866,0.282
12.6,51.8,0.096,0.271
12.6,52.3,-0.737,0.259
12.6,52.8,-1.571,0.248
12.6,53.3,0.737,0.237
12.6,53.8,-0.096,0.225
12.6,54.3,-0.866,0.214
12.6,54.8,1.443,0.202
12.6,55.3,0.609,0.191
12.6,55.8,-0.224,0.180
12.6,56.3,-1.058,0.168
12.6,56.8,1.250,0.157
12.6,57.3,0.481,0.145
12.6,57.8,-0.353,0.134
12.6,58.3,-1.186,0.123
12.6,58.8,1.122,0.111
12.6,59.3,0.289,0.100
12.6,59.8,-0.545,0.088
12.6,60.3,-1.314,0.077
12.6,60.8,0.994,0.065
12.6,61.3,0.160,0.054
12.6,61.8,-0.673,0.042
12.6,62.3,-1.507,0.031
12.6,62.8,0.801,0.019
12.6,63.3,-0.032,0.008
12.6,63.8,-0.801,0.003
12.6,64.3,1.507,0.015
12.6,64.8,0.673,0.026
12.6,65.3,-0.160,0.038
12.6,65.8,-0.994,0.049
12.6,66.3,1.314,0.061
12.6,66.8,0.481,0.072
12.6,67.3,-0.353,0.084
12.6,67.8,-1.122,0.095
12.6,68.3,1.186,0.107
12.6,68.8,0.353,0.118
12.6,69.3,-0.481,0.130
12.6,69.8,-1.314,0.141
12.6,70.4,0.994,0.153
12.6,70.9,0.160,0.164
12.6,71.4,-0.673,0.176
12.6,71.9,-1.507,0.187
12.6,72.4,0.801,0.198
12.6,72.9,0.032,0.210
12.6,73.4,-0.801,0.221
12.6,73.9,1.507,0.233
12.6,74.4,0.673,0.244
12.6,74.9,-0.160,0.256
12.6,75.4,-0.994,0.267
12.6,75.9,1.314,0.279
12.6,76.4,0.481,0.290
12.6,76.9,-0.353,0.301
12.6,77.4,-1.186,0.313
12.6,77.9,1.122,0.324
12.6,78.4,0.289,0.335
12.6,78.9,-0.545,0.347
12.6,79.4,-1.378,0.358
12.6,79.9,0.930,0.369
12.6,80.4,0.160,0.381
12.6,80.9,-0.673,0.392
12.6,81.4,-1.507,0.403
12.6,81.9,0.801,0.415
12.6,82.4,-0.032,0.426
12.6,82.9,-0.866,0.437
12.6,83.4,1.443,0.448
12.6,83.9,0.609,0.460
12.6,84.4,-0.224,0.471
12.6,84.9,-1.058,0.482
12.6,85.4,1.250,0.493
12.6,85.9,0.417,0.505
12.6,86.4,-0.417,0.516
12.6,86.9,-1.250,0.527
12.6,87.4,1.058,0.538
12.6,87.9,0.224,0.549
12.6,88.4,-0.609,0.560
12.6,88.9,-1.443,0.571
12.6,89.4,0.866,0.582
12.6,89.9,0.032,0.593
12.6,90.5,-0.801,0.604
12.6,91.0,1.507,0.615
12.6,91.5,0.673,0.626
12.6,92.0,-0.160,0.637
12.6,92.5,-0.994,0.648
12.6,93.0,1.314,0.659
12.6,93.5,0.481,0.670
12.6,94.0,-0.353,0.681
12.6,94.5,-1.186,0.692
12.6,95.0,1.122,0.703
12.6,95.5,0.224,0.713
12.6,96.0,-0.609,0.724
12.6,96.5,-1.443,0.735
12.6,97.0,0.866,0.746
12.6,97.5,0.032,0.757
12.6,98.0,-0.801,0.767
12.6,98.5,1.507,0.778
12.6,99.0,0.673,0.789
12.6,99.5,-0.160,0.800
12.6,100.0,-0.994,0.810
13.1,0.0,0.032,1.336
13.1,0.5,-0.801,1.328
13.1,1.0,1.571,1.319
13.1,1.5,0.737,1.311
13.1,2.0,-0.096,1.302
13.1,2.5,-0.866,1.294
13.1,3.0,1.443,1.285
13.1,3.5,0.673,1.277
13.1,4.0,-0.160,1.268
13.1,4.5,-0.930,1.259
13.1,5.0,1.378,1.250
13.1,5.5,0.609,1.242
13.1,6.0,-0.224,1.233
13.1,6.5,-0.994,1.224
13.1,7.0,1.314,1.215
13.1,7.5,0.545,1.206
13.1,8.0,-0.289,1.197
13.1,8.5,-1.122,1.188
13.1,9.0,1.250,1.179
13.1,9.5,0.417,1.169
13.1,10.1,-0.353,1.160
13.1,10.6,-1.186,1.151
13.1,11.1,1.186,1.142
13.1,11.6,0.353,1.133
13.1,12.1,-0.481,1.123
13.1,12.6,-1.250,1.114
13.1,13.1,1.058,1.104
13.1,13.6,0.289,1.095
13.1,14.1,-0.545,1.086
13.1,14.6,-1.378,1.076
13.1,15.1,0.994,1.067
13.1,15.6,0.160,1.057
13.1,16.1,-0.609,1.047
13.1,16.6,-1.443,1.038
13.1,17.1,0.866,1.027
13.1,17.6,0.096,1.018
13.1,18.1,-0.737,1.008
13.1,18.6,-1.507,0.998
13.1,19.1,0.801,0.989
13.1,19.6,-0.032,0.979
13.1,20.1,-0.801,0.969
13.1,20.6,1.507,0.959
13.1,21.1,0.737,0.949
13.1,21.6,-0.096,0.939
13.1,22.1,-0.930,0.929
13.1,22.6,1.443,0.919
13.1,23.1,0.609,0.909
13.1,23.6,-0.224,0.899
13.1,24.1,-0.994,0.889
13.1,24.6,1.314,0.879
13.1,25.1,0.481,0.868
13.1,25.6,-0.289,0.858
13.1,26.1,-1.122,0.848
13.1,26.6,1.186,0.837
13.1,27.1,0.417,0.827
13.1,27.6,-0.417,0.817
13.1,28.1,-1.250,0.806
13.1,28.6,1.122,0.796
13.1,29.1,0.289,0.786
13.1,29.6,-0.545,0.775
13.1,30.2,-1.314,0.765
13.1,30.7,0.994,0.754
13.1,31.2,0.160,0.743
13.1,31.7,-0.609,0.733
13.1,32.2,-1.443,0.722
13.1,32.7,0.866,0.712
13.1,33.2,0.096,0.701
13.1,33.7,-0.737,0.690
13.1,34.2,-1.571,0.680
13.1,34.7,0.801,0.669
13.1,35.2,-0.032,0.658
13.1,35.7,-0.866,0.648
13.1,36.2,1.443,0.637
13.1,36.7,0.673,0.626
13.1,37.2,-0.160,0.615
13.1,37.7,-0.994,0.604
13.1,38.2,1.378,0.593
13.1,38.7,0.545,0.583
13.1,39.2,-0.289,0.572
13.1,39.7,-1.122,0.561
13.1,40.2,1.250,0.550
13.1,40.7,0.417,0.539
13.1,41.2,-0.417,0.528
13.1,41.7,-1.250,0.517
13.1,42.2,1.122,0.506
13.1,42.7,0.289,0.495
13.1,43.2,-0.545,0.484
13.1,43.7,-1.378,0.472
13.1,44.2,0.994,0.461
13.1,44.7,0.160,0.450
13.1,45.2,-0.673,0.439
13.1,45.7,-1.507,0.428
13.1,46.2,0.866,0.417
13.1,46.7,0.032,0.406
13.1,47.2,-0.801,0.395
13.1,47.7,1.507,0.383
13.1,48.2,0.737,0.372
13.1,48.7,-0.096,0.361
13.1,49.2,-0.930,0.350
13.1,49.7,1.378,0.338
13.1,50.3,0.545,0.327
13.1,50.8,-0.224,0.316
13.1,51.3,-1.058,0.305
13.1,51.8,1.250,0.293
13.1,52.3,0.417,0.282
13.1,52.8,-0.353,0.270
13.1,53.3,-1.186,0.259
13.1,53.8,1.122,0.248
13.1,54.3,0.289,0.237
13.1,54.8,-0.545,0.225
13.1,55.3,-1.378,0.214
13.1,55.8,0.994,0.202
13.1,56.3,0.160,0.191
13.1,56.8,-0.673,0.180
13.1,57.3,-1.507,0.168
13.1,57.8,0.801,0.157
13.1,58.3,0.032,0.145
13.1,58.8,-0.801,0.134
13.1,59.3,1.507,0.122
13.1,59.8,0.673,0.111
13.1,60.3,-0.160,0.100
13.1,60.8,-0.994,0.088
13.1,61.3,1.314,0.077
13.1,61.8,0.545,0.065
13.1,62.3,-0.289,0.054
13.1,62.8,-1.122,0.042
13.1,63.3,1.186,0.031
13.1,63.8,0.353,0.019
13.1,64.3,-0.481,0.008
13.1,64.8,-1.314,0.004
13.1,65.3,1.058,0.015
13.1,65.8,0.224,0.027
13.1,66.3,-0.609,0.038
13.1,66.8,-1.443,0.050
13.1,67.3,0.866,0.061
13.1,67.8,0.032,0.073
13.1,68.3,-0.801,0.084
13.1,68.8,1.507,0.095
13.1,69.3,0.737,0.107
13.1,69.8,-0.096,0.118
13.1,70.4,-0.930,0.130
13.1,70.9,1.378,0.141
13.1,71.4,0.545,0.153
13.1,71.9,-0.289,0.164
13.1,72.4,-1.122,0.176
13.1,72.9,1.186,0.187
13.1,73.4,0.353,0.199
13.1,73.9,-0.481,0.210
13.1,74.4,-1.250,0.222
13.1,74.9,1.058,0.233
13.1,75.4,0.224,0.244
13.1,75.9,-0.609,0.256
13.1,76.4,-1.443,0.267
13.1,76.9,0.866,0.279
13.1,77.4,0.032,0.290
13.1,77.9,-0.801,0.302
13.1,78.4,1.507,0.313
13.1,78.9,0.673,0.324
13.1,79.4,-0.160,0.336
13.1,79.9,-0.994,0.347
13.1,80.4,1.314,0.358
13.1,80.9,0.481,0.370
13.1,81.4,-0.353,0.381
13.1,81.9,-1.186,0.392
13.1,82.4,1.122,0.404
13.1,82.9,0.289,0.415
13.1,83.4,-0.481,0.426
13.1,83.9,-1.314,0.437
13.1,84.4,0.994,0.449
13.1,84.9,0.160,0.460
13.1,85.4,-0.673,0.471
13.1,85.9,-1.507,0.482
13.1,86.4,0.801,0.494
13.1,86.9,-0.032,0.505
13.1,87.4,-0.866,0.516
13.1,87.9,1.443,0.527
13.1,88.4,0.609,0.538
13.1,88.9,-0.224,0.549
13.1,89.4,-1.058,0.560
13.1,89.9,1.250,0.571
13.1,90.5,0.417,0.583
13.1,91.0,-0.417,0.594
13.1,91.5,-1.250,0.605
13.1,92.0,1.058,0.616
13.1,92.5,0.224,0.627
13.1,93.0,-0.609,0.638
13.1,93.5,-1.443,0.648
13.1,94.0,0.866,0.659
13.1,94.5,-0.032,0.670
13.1,95.0,-0.866,0.681
13.1,95.5,1.443,0.692
13.1,96.0,0.609,0.703
13.1,96.5,-0.224,0.714
13.1,97.0,-1.058,0.725
13.1,97.5,1.250,0.736
13.1,98.0,0.417,0.746
13.1,98.5,-0.417,0.757
13.1,99.0,-1.250,0.768
13.1,99.5,1.058,0.779
13.1,100.0,0.224,0.789
13.6,0.0,1.122,1.353
13.6,0.5,0.353,1.345
13.6,1.0,-0.481,1.336
13.6,1.5,-1.250,1.328
13.6,2.0,1.058,1.319
13.6,2.5,0.289,1.311
13.6,3.0,-0.545,1.302
13.6,3.5,-1.314,1.294
13.6,4.0,0.994,1.285
13.6,4.5,0.224,1.277
13.6,5.0,-0.609,1.268
13.6,5.5,-1.378,1.259
13.6,6.0,0.930,1.251
13.6,6.5,0.160,1.241
13.6,7.0,-0.673,1.233
13.6,7.5,-1.443,1.223
13.6,8.0,0.866,1.215
13.6,8.5,0.032,1.206
13.6,9.0,-0.737,1.197
13.6,9.5,-1.571,1.188
13.6,10.1,0.801,1.179
13.6,10.6,-0.032,1.170
13.6,11.1,-0.801,1.160
13.6,11.6,1.507,1.151
13.6,12.1,0.673,1.142
13.6,12.6,-0.096,1.133
13.6,13.1,-0.930,1.123
13.6,13.6,1.443,1.114
13.6,14.1,0.609,1.105
13.6,14.6,-0.160,1.095
13.6,15.1,-0.994,1.086
13.6,15.6,1.314,1.076
13.6,16.1,0.545,1.066
13.6,16.6,-0.289,1.057
13.6,17.1,-1.058,1.047
13.6,17.6,1.250,1.038
13.6,18.1,0.417,1.028
13.6,18.6,-0.353,1.018
13.6,19.1,-1.186,1.008
13.6,19.6,1.186,0.998
13.6,20.1,0.353,0.989
13.6,20.6,-0.481,0.979
13.6,21.1,-1.250,0.969
13.6,21.6,1.058,0.959
13.6,22.1,0.224,0.949
13.6,22.6,-0.545,0.939
13.6,23.1,-1.378,0.929
13.6,23.6,0.930,0.919
13.6,24.1,0.160,0.909
13.6,24.6,-0.673,0.899
13.6,25.1,-1.443,0.888
13.6,25.6,0.866,0.879
13.6,26.1,0.032,0.868
13.6,26.6,-0.737,0.858
13.6,27.1,1.571,0.848
13.6,27.6,0.737,0.837
13.6,28.1,-0.032,0.827
13.6,28.6,-0.866,0.817
13.6,29.1,1.443,0.806
13.6,29.6,0.673,0.796
13.6,30.2,-0.160,0.786
13.6,30.7,-0.994,0.775
13.6,31.2,1.378,0.764
13.6,31.7,0.545,0.754
13.6,32.2,-0.289,0.743
13.6,32.7,-1.058,0.733
13.6,33.2,1.250,0.722
13.6,33.7,0.417,0.712
13.6,34.2,-0.353,0.701
13.6,34.7,-1.186,0.690
13.6,35.2,1.122,0.680
13.6,35.7,0.289,0.669
13.6,36.2,-0.481,0.658
13.6,36.7,-1.314,0.648
13.6,37.2,0.994,0.637
13.6,37.7,0.224,0.626
13.6,38.2,-0.609,0.615
13.6,38.7,-1.443,0.604
13.6,39.2,0.866,0.593
13.6,39.7,0.096,0.582
13.6,40.2,-0.737,0.572
13.6,40.7,-1.571,0.561
13.6,41.2,0.801,0.549
13.6,41.7,-0.032,0.539
13.6,42.2,-0.866,0.528
13.6,42.7,1.443,0.517
13.6,43.2,0.673,0.505
13.6,43.7,-0.160,0.495
13.6,44.2,-0.994,0.484
13.6,44.7,1.314,0.472
13.6,45.2,0.545,0.461
13.6,45.7,-0.289,0.450
13.6,46.2,-1.122,0.439
13.6,46.7,1.186,0.428
13.6,47.2,0.417,0.417
13.6,47.7,-0.417,0.406
13.6,48.2,-1.250,0.394
13.6,48.7,1.058,0.383
13.6,49.2,0.224,0.372
13.6,49.7,-0.545,0.361
13.6,50.3,-1.378,0.350
13.6,50.8,0.930,0.338
13.6,51.3,0.096,0.327
13.6,51.8,-0.673,0.316
13.6,52.3,-1.507,0.304
13.6,52.8,0.801,0.293
13.6,53.3,-0.032,0.282
13.6,53.8,-0.866,0.270
13.6,54.3,1.507,0.259
13.6,54.8,0.673,0.248
13.6,55.3,-0.160,0.236
13.6,55.8,-0.994,0.225
13.6,56.3,1.314,0.214
13.6,56.8,0.545,0.202
13.6,57.3,-0.289,0.191
13.6,57.8,-1.122,0.179
13.6,58.3,1.186,0.168
13.6,58.8,0.353,0.157
13.6,59.3,-0.481,0.145
13.6,59.8,-1.250,0.134
13.6,60.3,1.058,0.122
13.6,60.8,0.224,0.111
13.6,61.3,-0.609,0.099
13.6,61.8,-1.443,0.088
13.6,62.3,0.866,0.076
13.6,62.8,0.032,0.065
13.6,63.3,-0.737,0.054
13.6,63.8,1.571,0.042
13.6,64.3,0.737,0.031
13.6,64.8,-0.096,0.019
13.6,65.3,-0.930,0.008
13.6,65.8,1.378,0.004
13.6,66.3,0.545,0.015
13.6,66.8,-0.224,0.027
13.6,67.3,-1.058,0.038
13.6,67.8,1.250,0.050
13.6,68.3,0.417,0.061
13.6,68.8,-0.417,0.073
13.6,69.3,-1.250,0.084
13.6,69.8,1.058,0.096
13.6,70.4,0.224,0.107
13.6,70.9,-0.545,0.119
13.6,71.4,-1.378,0.130
13.6,71.9,0.930,0.142
13.6,72.4,0.096,0.153
13.6,72.9,-0.737,0.165
13.6,73.4,-1.571,0.176
13.6,73.9,0.737,0.187
13.6,74.4,-0.096,0.199
13.6,74.9,-0.930,0.210
13.6,75.4,1.378,0.222
13.6,75.9,0.545,0.233
13.6,76.4,-0.224,0.245
13.6,76.9,-1.058,0.256
13.6,77.4,1.250,0.267
13.6,77.9,0.417,0.279
13.6,78.4,-0.417,0.290
13.6,78.9,-1.250,0.302
13.6,79.4,1.058,0.313
13.6,79.9,0.224,0.325
13.6,80.4,-0.609,0.336
13.6,80.9,-1.443,0.347
13.6,81.4,0.866,0.359
13.6,81.9,0.032,0.370
13.6,82.4,-0.801,0.381
13.6,82.9,1.507,0.393
13.6,83.4,0.673,0.404
13.6,83.9,-0.160,0.415
13.6,84.4,-0.994,0.426
13.6,84.9,1.314,0.438
13.6,85.4,0.481,0.449
13.6,85.9,-0.353,0.460
13.6,86.4,-1.186,0.471
13.6,86.9,1.122,0.483
13.6,87.4,0.289,0.494
13.6,87.9,-0.545,0.505
13.6,88.4,-1.314,0.516
13.6,88.9,0.994,0.527
13.6,89.4,0.160,0.538
13.6,89.9,-0.673,0.549
13.6,90.5,-1.507,0.561
13.6,91.0,0.801,0.572
13.6,91.5,-0.032,0.583
13.6,92.0,-0.930,0.594
13.6,92.5,1.378,0.605
13.6,93.0,0.545,0.616
13.6,93.5,-0.289,0.627
13.6,94.0,-1.122,0.638
13.6,94.5,1.186,0.649
13.6,95.0,0.353,0.660
13.6,95.5,-0.481,0.671
13.6,96.0,-1.314,0.682
13.6,96.5,0.994,0.693
13.6,97.0,0.160,0.703
13.6,97.5,-0.673,0.714
13.6,98.0,-1.507,0.725
13.6,98.5,0.801,0.736
13.6,99.0,-0.032,0.747
13.6,99.5,-0.866,0.757
13.6,100.0,1.443,0.768
14.1,0.0,-0.866,1.370
14.1,0.5,1.507,1.362
14.1,1.0,0.673,1.353
14.1,1.5,-0.096,1.345
14.1,2.0,-0.930,1.337
14.1,2.5,1.443,1.328
14.1,3.0,0.609,1.320
14.1,3.5,-0.160,1.311
14.1,4.0,-0.994,1.303
14.1,4.5,1.378,1.294
14.1,5.0,0.545,1.286
14.1,5.5,-0.224,1.277
14.1,6.0,-1.058,1.268
14.1,6.5,1.314,1.259
14.1,7.0,0.481,1.251
14.1,7.5,-0.353,1.241
14.1,8.0,-1.122,1.233
14.1,8.5,1.186,1.224
14.1,9.0,0.417,1.215
14.1,9.5,-0.417,1.206
14.1,10.1,-1.186,1.197
14.1,10.6,1.122,1.188
14.1,11.1,0.353,1.179
14.1,11.6,-0.481,1.170
14.1,12.1,-1.314,1.160
14.1,12.6,1.058,1.151
14.1,13.1,0.224,1.142
14.1,13.6,-0.545,1.133
14.1,14.1,-1.378,1.123
14.1,14.6,0.994,1.114
14.1,15.1,0.160,1.105
14.1,15.6,-0.673,1.095
14.1,16.1,-1.443,1.086
14.1,16.6,0.866,1.076
14.1,17.1,0.096,1.066
14.1,17.6,-0.737,1.057
14.1,18.1,-1.571,1.047
14.1,18.6,0.801,1.038
14.1,19.1,-0.032,1.028
14.1,19.6,-0.801,1.018
14.1,20.1,1.507,1.009
14.1,20.6,0.673,0.998
14.1,21.1,-0.096,0.989
14.1,21.6,-0.930,0.979
14.1,22.1,1.443,0.969
14.1,22.6,0.609,0.959
14.1,23.1,-0.224,0.949
14.1,23.6,-0.994,0.939
14.1,24.1,1.314,0.929
14.1,24.6,0.481,0.919
14.1,25.1,-0.289,0.909
14.1,25.6,-1.122,0.899
14.1,26.1,1.186,0.888
14.1,26.6,0.417,0.878
14.1,27.1,-0.417,0.868
14.1,27.6,-1.250,0.858
14.1,28.1,1.122,0.848
14.1,28.6,0.289,0.837
14.1,29.1,-0.481,0.827
14.1,29.6,-1.314,0.817
14.1,30.2,0.994,0.806
14.1,30.7,0.224,0.796
14.1,31.2,-0.609,0.786
14.1,31.7,-1.443,0.775
14.1,32.2,0.866,0.764
14.1,32.7,0.096,0.754
14.1,33.2,-0.737,0.744
14.1,33.7,-1.571,0.733
14.1,34.2,0.801,0.722
14.1,34.7,-0.032,0.712
14.1,35.2,-0.866,0.701
14.1,35.7,1.507,0.690
14.1,36.2,0.673,0.680
14.1,36.7,-0.160,0.669
14.1,37.2,-0.930,0.658
14.1,37.7,1.378,0.647
14.1,38.2,0.545,0.637
14.1,38.7,-0.289,0.626
14.1,39.2,-1.058,0.615
14.1,39.7,1.250,0.604
14.1,40.2,0.417,0.593
14.1,40.7,-0.353,0.582
14.1,41.2,-1.186,0.571
14.1,41.7,1.122,0.561
14.1,42.2,0.289,0.549
14.1,42.7,-0.481,0.539
14.1,43.2,-1.314,0.528
14.1,43.7,0.994,0.517
14.1,44.2,0.160,0.505
14.1,44.7,-0.609,0.494
14.1,45.2,-1.443,0.483
14.1,45.7,0.866,0.472
14.1,46.2,0.032,0.461
14.1,46.7,-0.737,0.450
14.1,47.2,1.571,0.439
14.1,47.7,0.737,0.428
14.1,48.2,-0.096,0.417
14.1,48.7,-0.866,0.405
14.1,49.2,1.443,0.394
14.1,49.7,0.609,0.383
14.1,50.3,-0.224,0.372
14.1,50.8,-0.994,0.361
14.1,51.3,1.314,0.349
14.1,51.8,0.481,0.338
14.1,52.3,-0.353,0.327
14.1,52.8,-1.186,0.315
14.1,53.3,1.186,0.304
14.1,53.8,0.353,0.293
14.1,54.3,-0.481,0.282
14.1,54.8,-1.314,0.270
14.1,55.3,0.994,0.259
14.1,55.8,0.224,0.248
14.1,56.3,-0.609,0.236
14.1,56.8,-1.443,0.225
14.1,57.3,0.866,0.213
14.1,57.8,0.032,0.202
14.1,58.3,-0.737,0.191
14.1,58.8,1.571,0.179
14.1,59.3,0.737,0.168
14.1,59.8,-0.096,0.156
14.1,60.3,-0.930,0.145
14.1,60.8,1.378,0.134
14.1,61.3,0.609,0.122
14.1,61.8,-0.224,0.111
14.1,62.3,-1.058,0.099
14.1,62.8,1.250,0.088
14.1,63.3,0.417,0.076
14.1,63.8,-0.417,0.065
14.1,64.3,-1.186,0.053
14.1,64.8,1.122,0.042
14.1,65.3,0.289,0.030
14.1,65.8,-0.545,0.019
14.1,66.3,-1.378,0.007
14.1,66.8,0.930,0.004
14.1,67.3,0.096,0.015
14.1,67.8,-0.737,0.027
14.1,68.3,-1.507,0.038
14.1,68.8,0.801,0.050
14.1,69.3,-0.032,0.061
14.1,69.8,-0.866,0.073
14.1,70.4,1.443,0.084
14.1,70.9,0.609,0.096
14.1,71.4,-0.224,0.107
14.1,71.9,-1.058,0.119
14.1,72.4,1.250,0.130
14.1,72.9,0.481,0.142
14.1,73.4,-0.353,0.153
14.1,73.9,-1.186,0.165
14.1,74.4,1.122,0.176
14.1,74.9,0.289,0.188
14.1,75.4,-0.545,0.199
14.1,75.9,-1.378,0.211
14.1,76.4,0.930,0.222
14.1,76.9,0.096,0.233
14.1,77.4,-0.737,0.245
14.1,77.9,-1.571,0.256
14.1,78.4,0.801,0.268
14.1,78.9,-0.032,0.279
14.1,79.4,-0.866,0.291
14.1,79.9,1.443,0.302
14.1,80.4,0.609,0.313
14.1,80.9,-0.224,0.325
14.1,81.4,-1.058,0.336
14.1,81.9,1.250,0.348
14.1,82.4,0.417,0.359
14.1,82.9,-0.417,0.370
14.1,83.4,-1.250,0.382
14.1,83.9,1.058,0.393
14.1,84.4,0.224,0.404
14.1,84.9,-0.609,0.415
14.1,85.4,-1.443,0.427
14.1,85.9,0.866,0.438
14.1,86.4,0.032,0.449
14.1,86.9,-0.801,0.460
14.1,87.4,1.507,0.472
14.1,87.9,0.673,0.483
14.1,88.4,-0.160,0.494
14.1,88.9,-0.994,0.505
14.1,89.4,1.314,0.516
14.1,89.9,0.481,0.528
14.1,90.5,-0.353,0.539
14.1,91.0,-1.186,0.550
14.1,91.5,1.122,0.561
14.1,92.0,0.289,0.572
14.1,92.5,-0.545,0.583
14.1,93.0,-1.378,0.594
14.1,93.5,0.930,0.605
14.1,94.0,0.096,0.616
14.1,94.5,-0.737,0.627
14.1,95.0,-1.571,0.638
14.1,95.5,0.737,0.649
14.1,96.0,-0.096,0.660
14.1,96.5,-0.930,0.671
14.1,97.0,1.378,0.682
14.1,97.5,0.545,0.693
14.1,98.0,-0.289,0.704
14.1,98.5,-1.122,0.715
14.1,99.0,1.186,0.725
14.1,99.5,0.353,0.736
14.1,100.0,-0.481,0.747
14.6,0.0,0.289,1.386
14.6,0.5,-0.481,1.378
14.6,1.0,-1.314,1.370
14.6,1.5,1.058,1.362
14.6,2.0,0.224,1.353
14.6,2.5,-0.545,1.345
14.6,3.0,-1.378,1.337
14.6,3.5,0.994,1.328
14.6,4.0,0.160,1.320
14.6,4.5,-0.609,1.311
14.6,5.0,-1.443,1.303
14.6,5.5,0.930,1.294
14.6,6.0,0.096,1.286
14.6,6.5,-0.737,1.276
14.6,7.0,-1.507,1.268
14.6,7.5,0.801,1.259
14.6,8.0,0.032,1.251
14.6,8.5,-0.801,1.242
14.6,9.0,1.571,1.233
14.6,9.5,0.737,1.224
14.6,10.1,-0.032,1.215
14.6,10.6,-0.866,1.206
14.6,11.1,1.507,1.197
14.6,11.6,0.673,1.188
14.6,12.1,-0.160,1.179
14.6,12.6,-0.930,1.170
14.6,13.1,1.378,1.160
14.6,13.6,0.609,1.151
14.6,14.1,-0.224,1.142
14.6,14.6,-0.994,1.132
14.6,15.1,1.314,1.124
14.6,15.6,0.481,1.114
14.6,16.1,-0.289,1.105
14.6,16.6,-1.122,1.095
14.6,17.1,1.250,1.086
14.6,17.6,0.417,1.076
14.6,18.1,-0.417,1.066
14.6,18.6,-1.186,1.057
14.6,19.1,1.122,1.047
14.6,19.6,0.353,1.038
14.6,20.1,-0.481,1.028
14.6,20.6,-1.314,1.018
14.6,21.1,1.058,1.009
14.6,21.6,0.224,0.999
14.6,22.1,-0.545,0.989
14.6,22.6,-1.378,0.979
14.6,23.1,0.930,0.969
14.6,23.6,0.160,0.959
14.6,24.1,-0.673,0.949
14.6,24.6,-1.507,0.939
14.6,25.1,0.866,0.929
14.6,25.6,0.032,0.919
14.6,26.1,-0.737,0.909
14.6,26.6,1.571,0.899
14.6,27.1,0.737,0.889
14.6,27.6,-0.032,0.878
14.6,28.1,-0.866,0.868
14.6,28.6,1.443,0.858
14.6,29.1,0.673,0.848
14.6,29.6,-0.160,0.837
14.6,30.2,-0.994,0.827
14.6,30.7,1.378,0.817
14.6,31.2,0.545,0.806
14.6,31.7,-0.289,0.796
14.6,32.2,-1.058,0.785
14.6,32.7,1.250,0.775
14.6,33.2,0.417,0.764
14.6,33.7,-0.353,0.754
14.6,34.2,-1.186,0.744
14.6,34.7,1.122,0.733
14.6,35.2,0.353,0.722
14.6,35.7,-0.481,0.712
14.6,36.2,-1.314,0.701
14.6,36.7,1.058,0.690
14.6,37.2,0.224,0.680
14.6,37.7,-0.609,0.669
14.6,38.2,-1.443,0.658
14.6,38.7,0.930,0.647
14.6,39.2,0.096,0.637
14.6,39.7,-0.737,0.626
14.6,40.2,-1.507,0.615
14.6,40.7,0.801,0.604
14.6,41.2,-0.032,0.593
14.6,41.7,-0.866,0.582
14.6,42.2,1.507,0.571
14.6,42.7,0.673,0.561
14.6,43.2,-0.160,0.549
14.6,43.7,-0.930,0.538
14.6,44.2,1.378,0.528
14.6,44.7,0.545,0.517
14.6,45.2,-0.289,0.505
14.6,45.7,-1.058,0.494
14.6,46.2,1.250,0.483
14.6,46.7,0.417,0.472
14.6,47.2,-0.417,0.461
14.6,47.7,-1.186,0.450
14.6,48.2,1.122,0.439
14.6,48.7,0.289,0.428
14.6,49.2,-0.545,0.417
14.6,49.7,-1.378,0.405
14.6,50.3,0.994,0.394
14.6,50.8,0.160,0.383
14.6,51.3,-0.673,0.372
14.6,51.8,-1.507,0.360
14.6,52.3,0.866,0.349
14.6,52.8,0.032,0.338
14.6,53.3,-0.801,0.327
14.6,53.8,1.507,0.315
14.6,54.3,0.673,0.304
14.6,54.8,-0.096,0.293
14.6,55.3,-0.930,0.282
14.6,55.8,1.378,0.270
14.6,56.3,0.545,0.259
14.6,56.8,-0.289,0.247
14.6,57.3,-1.058,0.236
14.6,57.8,1.250,0.225
14.6,58.3,0.417,0.213
14.6,58.8,-0.417,0.202
14.6,59.3,-1.250,0.190
14.6,59.8,1.122,0.179
14.6,60.3,0.289,0.168
14.6,60.8,-0.545,0.156
14.6,61.3,-1.378,0.145
14.6,61.8,0.930,0.133
14.6,62.3,0.096,0.122
14.6,62.8,-0.673,0.110
14.6,63.3,-1.507,0.099
14.6,63.8,0.801,0.088
14.6,64.3,-0.032,0.076
14.6,64.8,-0.866,0.065
14.6,65.3,1.443,0.053
14.6,65.8,0.673,0.042
14.6,66.3,-0.160,0.030
14.6,66.8,-0.994,0.019
14.6,67.3,1.314,0.007
14.6,67.8,0.481,0.004
14.6,68.3,-0.353,0.016
14.6,68.8,-1.186,0.027
14.6,69.3,1.122,0.039
14.6,69.8,0.353,0.050
14.6,70.4,-0.481,0.062
14.6,70.9,-1.314,0.073
14.6,71.4,0.994,0.085
14.6,71.9,0.160,0.096
14.6,72.4,-0.673,0.108
14.6,72.9,-1.507,0.119
14.6,73.4,0.801,0.131
14.6,73.9,-0.032,0.142
14.6,74.4,-0.801,0.153
14.6,74.9,1.507,0.165
14.6,75.4,0.673,0.176
14.6,75.9,-0.160,0.188
14.6,76.4,-0.994,0.199
14.6,76.9,1.314,0.211
14.6,77.4,0.481,0.222
14.6,77.9,-0.353,0.234
14.6,78.4,-1.186,0.245
14.6,78.9,1.122,0.257
14.6,79.4,0.289,0.268
14.6,79.9,-0.545,0.279
14.6,80.4,-1.314,0.291
14.6,80.9,0.994,0.302
14.6,81.4,0.160,0.314
14.6,81.9,-0.673,0.325
14.6,82.4,-1.507,0.336
14.6,82.9,0.801,0.348
14.6,83.4,-0.032,0.359
14.6,83.9,-0.866,0.370
14.6,84.4,1.443,0.382
14.6,84.9,0.609,0.393
14.6,85.4,-0.224,0.404
14.6,85.9,-1.058,0.416
14.6,86.4,1.250,0.427
14.6,86.9,0.417,0.438
14.6,87.4,-0.417,0.450
14.6,87.9,-1.250,0.461
14.6,88.4,1.058,0.472
14.6,88.9,0.224,0.483
14.6,89.4,-0.609,0.494
14.6,89.9,-1.443,0.506
14.6,90.5,0.866,0.517
14.6,91.0,0.032,0.528
14.6,91.5,-0.801,0.539
14.6,92.0,1.507,0.550
14.6,92.5,0.673,0.561
14.6,93.0,-0.160,0.572
14.6,93.5,-0.994,0.583
14.6,94.0,1.314,0.595
14.6,94.5,0.481,0.606
14.6,95.0,-0.353,0.617
14.6,95.5,-1.186,0.628
14.6,96.0,1.122,0.639
14.6,96.5,0.289,0.650
14.6,97.0,-0.545,0.661
14.6,97.5,-1.378,0.671
14.6,98.0,0.930,0.682
14.6,98.5,0.096,0.693
14.6,99.0,-0.737,0.704
14.6,99.5,1.571,0.715
14.6,100.0,0.737,0.726
15.1,0.0,1.443,1.403
15.1,0.5,0.673,1.394
15.1,1.0,-0.160,1.386
15.1,1.5,-0.930,1.378
15.1,2.0,1.378,1.370
15.1,2.5,0.609,1.361
15.1,3.0,-0.224,1.354
15.1,3.5,-0.994,1.345
15.1,4.0,1.314,1.337
15.1,4.5,0.481,1.328
15.1,5.0,-0.289,1.320
15.1,5.5,-1.122,1.311
15.1,6.0,1.250,1.303
15.1,6.5,0.417,1.294
15.1,7.0,-0.353,1.286
15.1,7.5,-1.186,1.277
15.1,8.0,1.186,1.268
15.1,8.5,0.353,1.260
15.1,9.0,-0.417,1.251
15.1,9.5,-1.250,1.242
15.1,10.1,1.122,1.233
15.1,10.6,0.289,1.224
15.1,11.1,-0.481,1.215
15.1,11.6,-1.314,1.206
15.1,12.1,0.994,1.197
15.1,12.6,0.224,1.188
15.1,13.1,-0.609,1.179
15.1,13.6,-1.378,1.170
15.1,14.1,0.930,1.161
15.1,14.6,0.160,1.151
15.1,15.1,-0.673,1.142
15.1,15.6,-1.507,1.132
15.1,16.1,0.866,1.124
15.1,16.6,0.032,1.114
15.1,17.1,-0.737,1.105
15.1,17.6,-1.571,1.095
15.1,18.1,0.801,1.085
15.1,18.6,-0.032,1.076
15.1,19.1,-0.866,1.066
15.1,19.6,1.507,1.057
15.1,20.1,0.673,1.047
15.1,20.6,-0.096,1.037
15.1,21.1,-0.930,1.028
15.1,21.6,1.378,1.018
15.1,22.1,0.609,1.008
15.1,22.6,-0.224,0.999
15.1,23.1,-1.058,0.988
15.1,23.6,1.314,0.979
15.1,24.1,0.481,0.969
15.1,24.6,-0.289,0.959
15.1,25.1,-1.122,0.949
15.1,25.6,1.186,0.939
15.1,26.1,0.417,0.929
15.1,26.6,-0.417,0.919
15.1,27.1,-1.250,0.909
15.1,27.6,1.122,0.899
15.1,28.1,0.289,0.889
15.1,28.6,-0.481,0.878
15.1,29.1,-1.314,0.868
15.1,29.6,0.994,0.858
15.1,30.2,0.224,0.847
15.1,30.7,-0.609,0.837
15.1,31.2,-1.443,0.827
15.1,31.7,0.930,0.816
15.1,32.2,0.096,0.806
15.1,32.7,-0.737,0.796
15.1,33.2,-1.507,0.785
15.1,33.7,0.801,0.775
15.1,34.2,-0.032,0.764
15.1,34.7,-0.801,0.754
15.1,35.2,1.507,0.743
15.1,35.7,0.673,0.733
15.1,36.2,-0.160,0.722
15.1,36.7,-0.930,0.712
15.1,37.2,1.378,0.701
15.1,37.7,0.545,0.690
15.1,38.2,-0.224,0.680
15.1,38.7,-1.058,0.669
15.1,39.2,1.250,0.658
15.1,39.7,0.481,0.647
15.1,40.2,-0.353,0.637
15.1,40.7,-1.186,0.626
15.1,41.2,1.122,0.615
15.1,41.7,0.353,0.604
15.1,42.2,-0.481,0.593
15.1,42.7,-1.314,0.582
15.1,43.2,1.058,0.571
15.1,43.7,0.224,0.560
15.1,44.2,-0.609,0.549
15.1,44.7,-1.443,0.538
15.1,45.2,0.930,0.527
15.1,45.7,0.096,0.516
15.1,46.2,-0.737,0.505
15.1,46.7,-1.571,0.494
15.1,47.2,0.801,0.483
15.1,47.7,-0.032,0.472
15.1,48.2,-0.866,0.461
15.1,48.7,1.443,0.450
15.1,49.2,0.673,0.439
15.1,49.7,-0.160,0.428
15.1,50.3,-0.994,0.417
15.1,50.8,1.314,0.405
15.1,51.3,0.545,0.394
15.1,51.8,-0.289,0.383
15.1,52.3,-1.122,0.372
15.1,52.8,1.186,0.360
15.1,53.3,0.353,0.349
15.1,53.8,-0.417,0.338
15.1,54.3,-1.250,0.327
15.1,54.8,1.058,0.315
15.1,55.3,0.224,0.304
15.1,55.8,-0.545,0.293
15.1,56.3,-1.378,0.281
15.1,56.8,0.930,0.270
15.1,57.3,0.096,0.259
15.1,57.8,-0.737,0.247
15.1,58.3,-1.507,0.236
15.1,58.8,0.801,0.225
15.1,59.3,-0.032,0.213
15.1,59.8,-0.866,0.202
15.1,60.3,1.443,0.190
15.1,60.8,0.609,0.179
15.1,61.3,-0.160,0.168
15.1,61.8,-0.994,0.156
15.1,62.3,1.314,0.145
15.1,62.8,0.481,0.133
15.1,63.3,-0.353,0.122
15.1,63.8,-1.186,0.110
15.1,64.3,1.186,0.099
15.1,64.8,0.353,0.087
15.1,65.3,-0.481,0.076
15.1,65.8,-1.314,0.065
15.1,66.3,0.994,0.053
15.1,66.8,0.160,0.042
15.1,67.3,-0.609,0.030
15.1,67.8,-1.443,0.019
15.1,68.3,0.866,0.007
15.1,68.8,0.032,0.004
15.1,69.3,-0.801,0.016
15.1,69.8,1.507,0.027
15.1,70.4,0.673,0.039
15.1,70.9,-0.160,0.050
15.1,71.4,-0.930,0.062
15.1,71.9,1.378,0.073
15.1,72.4,0.545,0.085
15.1,72.9,-0.289,0.096
15.1,73.4,-1.122,0.108
15.1,73.9,1.186,0.119
15.1,74.4,0.353,0.131
15.1,74.9,-0.481,0.142
15.1,75.4,-1.314,0.154
15.1,75.9,1.058,0.165
15.1,76.4,0.224,0.177
15.1,76.9,-0.609,0.188
15.1,77.4,-1.443,0.200
15.1,77.9,0.866,0.211
15.1,78.4,0.032,0.223
15.1,78.9,-0.801,0.234
15.1,79.4,1.507,0.245
15.1,79.9,0.673,0.257
15.1,80.4,-0.160,0.268
15.1,80.9,-0.994,0.280
15.1,81.4,1.314,0.291
15.1,81.9,0.481,0.302
15.1,82.4,-0.353,0.314
15.1,82.9,-1.122,0.325
15.1,83.4,1.186,0.337
15.1,83.9,0.353,0.348
15.1,84.4,-0.481,0.359
15.1,84.9,-1.314,0.371
15.1,85.4,0.994,0.382
15.1,85.9,0.160,0.393
15.1,86.4,-0.673,0.405
15.1,86.9,-1.507,0.416
15.1,87.4,0.801,0.427
15.1,87.9,-0.032,0.439
15.1,88.4,-0.866,0.450
15.1,88.9,1.443,0.461
15.1,89.4,0.609,0.472
15.1,89.9,-0.224,0.484
15.1,90.5,-1.058,0.495
15.1,91.0,1.250,0.506
15.1,91.5,0.417,0.517
15.1,92.0,-0.417,0.528
15.1,92.5,-1.250,0.539
15.1,93.0,1.058,0.551
15.1,93.5,0.224,0.562
15.1,94.0,-0.609,0.573
15.1,94.5,-1.443,0.584
15.1,95.0,0.866,0.595
15.1,95.5,0.032,0.606
15.1,96.0,-0.801,0.617
15.1,96.5,1.507,0.628
15.1,97.0,0.673,0.639
15.1,97.5,-0.160,0.650
15.1,98.0,-0.994,0.661
15.1,98.5,1.314,0.672
15.1,99.0,0.481,0.683
15.1,99.5,-0.353,0.694
15.1,100.0,-1.186,0.704
15.6,0.0,-0.545,1.419
15.6,0.5,-1.378,1.410
15.6,1.0,0.994,1.403
15.6,1.5,0.160,1.394
15.6,2.0,-0.609,1.387
15.6,2.5,-1.443,1.378
15.6,3.0,0.930,1.370
15.6,3.5,0.096,1.362
15.6,4.0,-0.673,1.354
15.6,4.5,-1.507,1.345
15.6,5.0,0.866,1.337
15.6,5.5,0.032,1.328
15.6,6.0,-0.737,1.320
15.6,6.5,-1.571,1.311
15.6,7.0,0.801,1.303
15.6,7.5,-0.032,1.294
15.6,8.0,-0.801,1.286
15.6,8.5,1.507,1.277
15.6,9.0,0.737,1.268
15.6,9.5,-0.096,1.260
15.6,10.1,-0.866,1.251
15.6,10.6,1.443,1.242
15.6,11.1,0.609,1.233
15.6,11.6,-0.160,1.224
15.6,12.1,-0.994,1.215
15.6,12.6,1.378,1.206
15.6,13.1,0.545,1.197
15.6,13.6,-0.224,1.188
15.6,14.1,-1.058,1.179
15.6,14.6,1.314,1.170
15.6,15.1,0.481,1.161
15.6,15.6,-0.353,1.151
15.6,16.1,-1.122,1.142
15.6,16.6,1.186,1.133
15.6,17.1,0.417,1.123
15.6,17.6,-0.417,1.114
15.6,18.1,-1.186,1.104
15.6,18.6,1.122,1.095
15.6,19.1,0.289,1.086
15.6,19.6,-0.481,1.076
15.6,20.1,-1.314,1.067
15.6,20.6,1.058,1.057
15.6,21.1,0.224,1.048
15.6,21.6,-0.609,1.038
15.6,22.1,-1.378,1.028
15.6,22.6,0.930,1.018
15.6,23.1,0.160,1.008
15.6,23.6,-0.673,0.999
15.6,24.1,-1.507,0.989
15.6,24.6,0.866,0.979
15.6,25.1,0.032,0.969
15.6,25.6,-0.801,0.959
15.6,26.1,1.571,0.949
15.6,26.6,0.737,0.939
15.6,27.1,-0.032,0.929
15.6,27.6,-0.866,0.919
15.6,28.1,1.443,0.909
15.6,28.6,0.673,0.899
15.6,29.1,-0.160,0.889
15.6,29.6,-0.994,0.878
15.6,30.2,1.378,0.868
15.6,30.7,0.545,0.858
15.6,31.2,-0.289,0.848
15.6,31.7,-1.058,0.837
15.6,32.2,1.250,0.827
15.6,32.7,0.417,0.816
15.6,33.2,-0.353,0.806
15.6,33.7,-1.186,0.796
15.6,34.2,1.122,0.785
15.6,34.7,0.353,0.775
15.6,35.2,-0.481,0.765
15.6,35.7,-1.314,0.754
15.6,36.2,1.058,0.743
15.6,36.7,0.224,0.733
15.6,37.2,-0.609,0.722
15.6,37.7,-1.378,0.711
15.6,38.2,0.930,0.701
15.6,38.7,0.096,0.690
15.6,39.2,-0.673,0.679
15.6,39.7,-1.507,0.669
15.6,40.2,0.801,0.658
15.6,40.7,-0.032,0.647
15.6,41.2,-0.801,0.636
15.6,41.7,1.507,0.626
15.6,42.2,0.673,0.615
15.6,42.7,-0.096,0.604
15.6,43.2,-0.930,0.593
15.6,43.7,1.378,0.582
15.6,44.2,0.545,0.571
15.6,44.7,-0.224,0.560
15.6,45.2,-1.058,0.549
15.6,45.7,1.250,0.538
15.6,46.2,0.417,0.527
15.6,46.7,-0.353,0.516
15.6,47.2,-1.186,0.505
15.6,47.7,1.122,0.494
15.6,48.2,0.353,0.483
15.6,48.7,-0.481,0.472
15.6,49.2,-1.314,0.461
15.6,49.7,0.994,0.450
15.6,50.3,0.224,0.439
15.6,50.8,-0.609,0.428
15.6,51.3,-1.443,0.416
15.6,51.8,0.866,0.405
15.6,52.3,0.032,0.394
15.6,52.8,-0.737,0.383
15.6,53.3,1.571,0.372
15.6,53.8,0.737,0.360
15.6,54.3,-0.096,0.349
15.6,54.8,-0.866,0.338
15.6,55.3,1.443,0.327
15.6,55.8,0.609,0.315
15.6,56.3,-0.224,0.304
15.6,56.8,-1.058,0.293
15.6,57.3,1.314,0.281
15.6,57.8,0.481,0.270
15.6,58.3,-0.353,0.259
15.6,58.8,-1.186,0.247
15.6,59.3,1.122,0.236
15.6,59.8,0.353,0.224
15.6,60.3,-0.481,0.213
15.6,60.8,-1.314,0.202
15.6,61.3,0.994,0.190
15.6,61.8,0.160,0.179
15.6,62.3,-0.673,0.167
15.6,62.8,-1.443,0.156
15.6,63.3,0.866,0.145
15.6,63.8,0.032,0.133
15.6,64.3,-0.801,0.122
15.6,64.8,1.507,0.110
15.6,65.3,0.673,0.099
15.6,65.8,-0.096,0.087
15.6,66.3,-0.930,0.076
15.6,66.8,1.378,0.064
15.6,67.3,0.545,0.053
15.6,67.8,-0.289,0.041
15.6,68.3,-1.122,0.030
15.6,68.8,1.250,0.018
15.6,69.3,0.417,0.007
15.6,69.8,-0.417,0.005
15.6,70.4,-1.250,0.016
15.6,70.9,1.058,0.028
15.6,71.4,0.224,0.039
15.6,71.9,-0.609,0.051
15.6,72.4,-1.443,0.062
15.6,72.9,0.930,0.073
15.6,73.4,0.096,0.085
15.6,73.9,-0.737,0.096
15.6,74.4,1.571,0.108
15.6,74.9,0.737,0.119
15.6,75.4,-0.096,0.131
15.6,75.9,-0.930,0.142
15.6,76.4,1.378,0.154
15.6,76.9,0.545,0.165
15.6,77.4,-0.289,0.177
15.6,77.9,-1.058,0.188
15.6,78.4,1.250,0.200
15.6,78.9,0.417,0.211
15.6,79.4,-0.417,0.223
15.6,79.9,-1.250,0.234
15.6,80.4,1.058,0.246
15.6,80.9,0.224,0.257
15.6,81.4,-0.609,0.268
15.6,81.9,-1.443,0.280
15.6,82.4,0.866,0.291
15.6,82.9,0.032,0.303
15.6,83.4,-0.801,0.314
15.6,83.9,1.507,0.325
15.6,84.4,0.673,0.337
15.6,84.9,-0.096,0.348
15.6,85.4,-0.930,0.359
15.6,85.9,1.378,0.371
15.6,86.4,0.545,0.382
15.6,86.9,-0.289,0.394
15.6,87.4,-1.122,0.405
15.6,87.9,1.186,0.416
15.6,88.4,0.353,0.427
15.6,88.9,-0.481,0.439
15.6,89.4,-1.314,0.450
15.6,89.9,0.994,0.461
15.6,90.5,0.160,0.473
15.6,91.0,-0.673,0.484
15.6,91.5,-1.507,0.495
15.6,92.0,0.801,0.506
15.6,92.5,-0.032,0.517
15.6,93.0,-0.866,0.529
15.6,93.5,1.443,0.540
15.6,94.0,0.609,0.551
15.6,94.5,-0.224,0.562
15.6,95.0,-1.058,0.573
15.6,95.5,1.250,0.584
15.6,96.0,0.417,0.595
15.6,96.5,-0.417,0.606
15.6,97.0,-1.250,0.617
15.6,97.5,1.058,0.628
15.6,98.0,0.224,0.639
15.6,98.5,-0.609,0.650
15.6,99.0,-1.443,0.661
15.6,99.5,0.866,0.672
15.6,100.0,0.032,0.683
16.1,0.0,0.609,1.434
16.1,0.5,-0.224,1.427
16.1,1.0,-0.994,1.419
16.1,1.5,1.314,1.411
16.1,2.0,0.545,1.403
16.1,2.5,-0.289,1.395
16.1,3.0,-1.058,1.387
16.1,3.5,1.250,1.378
16.1,4.0,0.481,1.370
16.1,4.5,-0.353,1.362
16.1,5.0,-1.122,1.354
16.1,5.5,1.186,1.345
16.1,6.0,0.417,1.337
16.1,6.5,-0.417,1.329
16.1,7.0,-1.186,1.320
16.1,7.5,1.122,1.312
16.1,8.0,0.353,1.303
16.1,8.5,-0.481,1.295
16.1,9.0,-1.250,1.286
16.1,9.5,1.058,1.277
16.1,10.1,0.289,1.268
16.1,10.6,-0.545,1.260
16.1,11.1,-1.378,1.251
16.1,11.6,0.994,1.242
16.1,12.1,0.160,1.233
16.1,12.6,-0.609,1.224
16.1,13.1,-1.443,1.215
16.1,13.6,0.930,1.206
16.1,14.1,0.096,1.197
16.1,14.6,-0.673,1.188
16.1,15.1,-1.507,1.179
16.1,15.6,0.801,1.170
16.1,16.1,0.032,1.161
16.1,16.6,-0.801,1.151
16.1,17.1,1.571,1.142
16.1,17.6,0.737,1.133
16.1,18.1,-0.032,1.123
16.1,18.6,-0.866,1.114
16.1,19.1,1.443,1.104
16.1,19.6,0.673,1.095
16.1,20.1,-0.160,1.086
16.1,20.6,-0.930,1.076
16.1,21.1,1.378,1.067
16.1,21.6,0.545,1.057
16.1,22.1,-0.224,1.048
16.1,22.6,-1.058,1.038
16.1,23.1,1.314,1.028
16.1,23.6,0.481,1.018
16.1,24.1,-0.353,1.008
16.1,24.6,-1.122,0.999
16.1,25.1,1.186,0.989
16.1,25.6,0.417,0.979
16.1,26.1,-0.417,0.969
16.1,26.6,-1.250,0.959
16.1,27.1,1.122,0.949
16.1,27.6,0.289,0.939
16.1,28.1,-0.545,0.929
16.1,28.6,-1.314,0.919
16.1,29.1,0.994,0.909
16.1,29.6,0.224,0.898
16.1,30.2,-0.609,0.889
16.1,30.7,-1.443,0.878
16.1,31.2,0.930,0.868
16.1,31.7,0.096,0.858
16.1,32.2,-0.737,0.848
16.1,32.7,-1.507,0.837
16.1,33.2,0.801,0.827
16.1,33.7,-0.032,0.817
16.1,34.2,-0.801,0.806
16.1,34.7,1.507,0.796
16.1,35.2,0.673,0.785
16.1,35.7,-0.096,0.775
16.1,36.2,-0.930,0.765
16.1,36.7,1.378,0.754
16.1,37.2,0.609,0.743
16.1,37.7,-0.224,0.733
16.1,38.2,-1.058,0.722
16.1,38.7,1.314,0.711
16.1,39.2,0.481,0.701
16.1,39.7,-0.353,0.690
16.1,40.2,-1.186,0.679
16.1,40.7,1.186,0.669
16.1,41.2,0.353,0.658
16.1,41.7,-0.481,0.647
16.1,42.2,-1.250,0.636
16.1,42.7,1.058,0.626
16.1,43.2,0.224,0.615
16.1,43.7,-0.609,0.604
16.1,44.2,-1.378,0.593
16.1,44.7,0.930,0.582
16.1,45.2,0.096,0.571
16.1,45.7,-0.673,0.560
16.1,46.2,-1.507,0.549
16.1,46.7,0.801,0.538
16.1,47.2,-0.032,0.527
16.1,47.7,-0.801,0.516
16.1,48.2,1.507,0.505
16.1,48.7,0.673,0.494
16.1,49.2,-0.160,0.483
16.1,49.7,-0.930,0.472
16.1,50.3,1.378,0.461
16.1,50.8,0.545,0.450
16.1,51.3,-0.289,0.439
16.1,51.8,-1.058,0.427
16.1,52.3,1.250,0.416
16.1,52.8,0.417,0.405
16.1,53.3,-0.417,0.394
16.1,53.8,-1.186,0.383
16.1,54.3,1.122,0.371
16.1,54.8,0.289,0.360
16.1,55.3,-0.545,0.349
16.1,55.8,-1.378,0.338
16.1,56.3,0.994,0.326
16.1,56.8,0.160,0.315
16.1,57.3,-0.673,0.304
16.1,57.8,-1.507,0.292
16.1,58.3,0.801,0.281
16.1,58.8,0.032,0.270
16.1,59.3,-0.801,0.258
16.1,59.8,1.507,0.247
16.1,60.3,0.673,0.236
16.1,60.8,-0.160,0.224
16.1,61.3,-0.930,0.213
16.1,61.8,1.378,0.202
16.1,62.3,0.545,0.190
16.1,62.8,-0.289,0.179
16.1,63.3,-1.122,0.167
16.1,63.8,1.250,0.156
16.1,64.3,0.417,0.144
16.1,64.8,-0.417,0.133
16.1,65.3,-1.250,0.122
16.1,65.8,1.058,0.110
16.1,66.3,0.224,0.099
16.1,66.8,-0.609,0.087
16.1,67.3,-1.378,0.076
16.1,67.8,0.930,0.064
16.1,68.3,0.096,0.053
16.1,68.8,-0.737,0.041
16.1,69.3,-1.571,0.030
16.1,69.8,0.737,0.018
16.1,70.4,-0.096,0.007
16.1,70.9,-0.866,0.005
16.1,71.4,1.443,0.016
16.1,71.9,0.609,0.028
16.1,72.4,-0.224,0.039
16.1,72.9,-1.058,0.051
16.1,73.4,1.250,0.062
16.1,73.9,0.417,0.074
16.1,74.4,-0.417,0.085
16.1,74.9,-1.186,0.097
16.1,75.4,1.122,0.108
16.1,75.9,0.289,0.120
16.1,76.4,-0.545,0.131
16.1,76.9,-1.378,0.143
16.1,77.4,0.930,0.154
16.1,77.9,0.096,0.166
16.1,78.4,-0.737,0.177
16.1,78.9,-1.571,0.189
16.1,79.4,0.737,0.200
16.1,79.9,-0.032,0.211
16.1,80.4,-0.866,0.223
16.1,80.9,1.443,0.234
16.1,81.4,0.609,0.246
16.1,81.9,-0.224,0.257
16.1,82.4,-1.058,0.269
16.1,82.9,1.250,0.280
16.1,83.4,0.417,0.292
16.1,83.9,-0.417,0.303
16.1,84.4,-1.250,0.314
16.1,84.9,1.058,0.326
16.1,85.4,0.224,0.337
16.1,85.9,-0.609,0.348
16.1,86.4,-1.443,0.360
16.1,86.9,0.866,0.371
16.1,87.4,0.032,0.382
16.1,87.9,-0.737,0.394
16.1,88.4,1.571,0.405
16.1,88.9,0.737,0.416
16.1,89.4,-0.096,0.428
16.1,89.9,-0.930,0.439
16.1,90.5,1.378,0.450
16.1,91.0,0.545,0.462
16.1,91.5,-0.289,0.473
16.1,92.0,-1.122,0.484
16.1,92.5,1.186,0.495
16.1,93.0,0.353,0.506
16.1,93.5,-0.481,0.518
16.1,94.0,-1.314,0.529
16.1,94.5,0.994,0.540
16.1,95.0,0.160,0.551
16.1,95.5,-0.673,0.562
16.1,96.0,-1.507,0.573
16.1,96.5,0.801,0.584
16.1,97.0,-0.032,0.595
16.1,97.5,-0.866,0.606
16.1,98.0,1.443,0.617
16.1,98.5,0.609,0.628
16.1,99.0,-0.224,0.639
16.1,99.5,-1.058,0.650
16.1,100.0,1.250,0.661
16.6,0.0,-1.378,1.450
16.6,0.5,0.930,1.443
16.6,1.0,0.160,1.434
16.6,1.5,-0.673,1.427
16.6,2.0,-1.443,1.418
16.6,2.5,0.866,1.411
16.6,3.0,0.096,1.403
16.6,3.5,-0.737,1.395
16.6,4.0,-1.507,1.386
16.6,4.5,0.801,1.379
16.6,5.0,0.032,1.370
16.6,5.5,-0.801,1.362
16.6,6.0,1.571,1.353
16.6,6.5,0.737,1.346
16.6,7.0,-0.032,1.337
16.6,7.5,-0.866,1.329
16.6,8.0,1.507,1.320
16.6,8.5,0.673,1.312
16.6,9.0,-0.096,1.303
16.6,9.5,-0.930,1.295
16.6,10.1,1.378,1.286
16.6,10.6,0.609,1.277
16.6,11.1,-0.224,1.268
16.6,11.6,-0.994,1.260
16.6,12.1,1.314,1.251
16.6,12.6,0.545,1.242
16.6,13.1,-0.289,1.233
16.6,13.6,-1.058,1.224
16.6,14.1,1.250,1.215
16.6,14.6,0.481,1.206
16.6,15.1,-0.353,1.197
16.6,15.6,-1.186,1.188
16.6,16.1,1.186,1.179
16.6,16.6,0.353,1.170
16.6,17.1,-0.417,1.161
16.6,17.6,-1.250,1.152
16.6,18.1,1.122,1.142
16.6,18.6,0.289,1.133
16.6,19.1,-0.545,1.123
16.6,19.6,-1.314,1.114
16.6,20.1,0.994,1.105
16.6,20.6,0.224,1.095
16.6,21.1,-0.609,1.086
16.6,21.6,-1.378,1.076
16.6,22.1,0.930,1.067
16.6,22.6,0.096,1.057
16.6,23.1,-0.673,1.047
16.6,23.6,-1.507,1.038
16.6,24.1,0.801,1.028
16.6,24.6,0.032,1.018
16.6,25.1,-0.801,1.009
16.6,25.6,1.571,0.999
16.6,26.1,0.737,0.989
16.6,26.6,-0.096,0.979
16.6,27.1,-0.866,0.969
16.6,27.6,1.443,0.959
16.6,28.1,0.673,0.949
16.6,28.6,-0.160,0.939
16.6,29.1,-0.994,0.929
16.6,29.6,1.378,0.919
16.6,30.2,0.545,0.909
16.6,30.7,-0.289,0.899
16.6,31.2,-1.058,0.889
16.6,31.7,1.250,0.879
16.6,32.2,0.417,0.868
16.6,32.7,-0.353,0.858
16.6,33.2,-1.186,0.848
16.6,33.7,1.122,0.837
16.6,34.2,0.353,0.827
16.6,34.7,-0.481,0.817
16.6,35.2,-1.314,0.806
16.6,35.7,1.058,0.796
16.6,36.2,0.224,0.785
16.6,36.7,-0.609,0.775
16.6,37.2,-1.378,0.764
16.6,37.7,0.930,0.754
16.6,38.2,0.096,0.743
16.6,38.7,-0.673,0.733
16.6,39.2,-1.507,0.722
16.6,39.7,0.801,0.711
16.6,40.2,0.032,0.701
16.6,40.7,-0.801,0.690
16.6,41.2,1.507,0.679
16.6,41.7,0.737,0.669
16.6,42.2,-0.096,0.658
16.6,42.7,-0.930,0.647
16.6,43.2,1.378,0.636
16.6,43.7,0.609,0.626
16.6,44.2,-0.224,0.615
16.6,44.7,-1.058,0.604
16.6,45.2,1.314,0.593
16.6,45.7,0.481,0.582
16.6,46.2,-0.353,0.571
16.6,46.7,-1.186,0.560
16.6,47.2,1.186,0.549
16.6,47.7,0.353,0.538
16.6,48.2,-0.481,0.527
16.6,48.7,-1.314,0.516
16.6,49.2,1.058,0.505
16.6,49.7,0.224,0.494
16.6,50.3,-0.609,0.483
16.6,50.8,-1.443,0.472
16.6,51.3,0.930,0.461
16.6,51.8,0.096,0.450
16.6,52.3,-0.737,0.439
16.6,52.8,-1.571,0.427
16.6,53.3,0.801,0.416
16.6,53.8,-0.032,0.405
16.6,54.3,-0.866,0.394
16.6,54.8,1.443,0.383
16.6,55.3,0.673,0.371
16.6,55.8,-0.160,0.360
16.6,56.3,-0.994,0.349
16.6,56.8,1.314,0.338
16.6,57.3,0.481,0.326
16.6,57.8,-0.289,0.315
16.6,58.3,-1.122,0.304
16.6,58.8,1.186,0.292
16.6,59.3,0.353,0.281
16.6,59.8,-0.417,0.270
16.6,60.3,-1.250,0.258
16.6,60.8,1.058,0.247
16.6,61.3,0.224,0.236
16.6,61.8,-0.609,0.224
16.6,62.3,-1.443,0.213
16.6,62.8,0.930,0.201
16.6,63.3,0.096,0.190
16.6,63.8,-0.737,0.179
16.6,64.3,-1.571,0.167
16.6,64.8,0.737,0.156
16.6,65.3,-0.032,0.144
16.6,65.8,-0.866,0.133
16.6,66.3,1.443,0.121
16.6,66.8,0.609,0.110
16.6,67.3,-0.224,0.098
16.6,67.8,-1.058,0.087
16.6,68.3,1.250,0.075
16.6,68.8,0.481,0.064
16.6,69.3,-0.353,0.053
16.6,69.8,-1.186,0.041
16.6,70.4,1.122,0.030
16.6,70.9,0.289,0.018
16.6,71.4,-0.545,0.007
16.6,71.9,-1.378,0.005
16.6,72.4,0.994,0.016
16.6,72.9,0.160,0.028
16.6,73.4,-0.673,0.039
16.6,73.9,-1.507,0.051
16.6,74.4,0.801,0.062
16.6,74.9,-0.032,0.074
16.6,75.4,-0.866,0.085
16.6,75.9,1.443,0.097
16.6,76.4,0.673,0.108
16.6,76.9,-0.160,0.120
16.6,77.4,-0.994,0.131
16.6,77.9,1.314,0.143
16.6,78.4,0.481,0.154
16.6,78.9,-0.353,0.166
16.6,79.4,-1.186,0.177
16.6,79.9,1.122,0.189
16.6,80.4,0.289,0.200
16.6,80.9,-0.545,0.212
16.6,81.4,-1.314,0.223
16.6,81.9,0.994,0.235
16.6,82.4,0.160,0.246
16.6,82.9,-0.673,0.257
16.6,83.4,-1.507,0.269
16.6,83.9,0.801,0.280
16.6,84.4,-0.032,0.292
16.6,84.9,-0.866,0.303
16.6,85.4,1.443,0.315
16.6,85.9,0.609,0.326
16.6,86.4,-0.224,0.337
16.6,86.9,-1.058,0.349
16.6,87.4,1.250,0.360
16.6,87.9,0.417,0.371
16.6,88.4,-0.417,0.383
16.6,88.9,-1.250,0.394
16.6,89.4,1.058,0.405
16.6,89.9,0.224,0.417
16.6,90.5,-0.609,0.428
16.6,91.0,-1.378,0.439
16.6,91.5,0.930,0.450
16.6,92.0,0.096,0.462
16.6,92.5,-0.737,0.473
16.6,93.0,1.571,0.484
16.6,93.5,0.737,0.495
16.6,94.0,-0.096,0.507
16.6,94.5,-0.930,0.518
16.6,95.0,1.378,0.529
16.6,95.5,0.545,0.540
16.6,96.0,-0.289,0.551
16.6,96.5,-1.122,0.562
16.6,97.0,1.186,0.573
16.6,97.5,0.353,0.585
16.6,98.0,-0.481,0.596
16.6,98.5,-1.314,0.607
16.6,99.0,0.994,0.618
16.6,99.5,0.160,0.629
16.6,100.0,-0.673,0.640
17.1,0.0,-0.289,1.465
17.1,0.5,-1.058,1.458
17.1,1.0,1.250,1.450
17.1,1.5,0.481,1.443
17.1,2.0,-0.353,1.434
17.1,2.5,-1.122,1.427
17.1,3.0,1.186,1.418
17.1,3.5,0.417,1.411
17.1,4.0,-0.417,1.402
17.1,4.5,-1.186,1.395
17.1,5.0,1.122,1.386
17.1,5.5,0.353,1.379
17.1,6.0,-0.481,1.370
17.1,6.5,-1.250,1.362
17.1,7.0,1.058,1.353
17.1,7.5,0.289,1.346
17.1,8.0,-0.545,1.337
17.1,8.5,-1.314,1.329
17.1,9.0,0.994,1.320
17.1,9.5,0.224,1.312
17.1,10.1,-0.609,1.303
17.1,10.6,-1.378,1.295
17.1,11.1,0.930,1.286
17.1,11.6,0.160,1.277
17.1,12.1,-0.673,1.269
17.1,12.6,-1.443,1.260
17.1,13.1,0.866,1.251
17.1,13.6,0.096,1.242
17.1,14.1,-0.737,1.233
17.1,14.6,-1.507,1.224
17.1,15.1,0.801,1.216
17.1,15.6,-0.032,1.206
17.1,16.1,-0.801,1.197
17.1,16.6,1.507,1.188
17.1,17.1,0.737,1.179
17.1,17.6,-0.096,1.170
17.1,18.1,-0.866,1.161
17.1,18.6,1.443,1.152
17.1,19.1,0.609,1.142
17.1,19.6,-0.160,1.133
17.1,20.1,-0.994,1.124
17.1,20.6,1.378,1.114
17.1,21.1,0.545,1.105
17.1,21.6,-0.224,1.095
17.1,22.1,-1.058,1.086
17.1,22.6,1.250,1.076
17.1,23.1,0.481,1.067
17.1,23.6,-0.353,1.057
17.1,24.1,-1.122,1.047
17.1,24.6,1.186,1.038
17.1,25.1,0.353,1.028
17.1,25.6,-0.417,1.018
17.1,26.1,-1.250,1.009
17.1,26.6,1.122,0.998
17.1,27.1,0.289,0.989
17.1,27.6,-0.545,0.979
17.1,28.1,-1.314,0.969
17.1,28.6,0.994,0.959
17.1,29.1,0.160,0.949
17.1,29.6,-0.609,0.939
17.1,30.2,-1.443,0.929
17.1,30.7,0.930,0.919
17.1,31.2,0.096,0.909
17.1,31.7,-0.737,0.899
17.1,32.2,-1.507,0.888
17.1,32.7,0.801,0.879
17.1,33.2,-0.032,0.868
17.1,33.7,-0.801,0.858
17.1,34.2,1.507,0.848
17.1,34.7,0.673,0.837
17.1,35.2,-0.096,0.827
17.1,35.7,-0.930,0.817
17.1,36.2,1.378,0.806
17.1,36.7,0.609,0.796
17.1,37.2,-0.224,0.785
17.1,37.7,-1.058,0.775
17.1,38.2,1.314,0.764
17.1,38.7,0.481,0.754
17.1,39.2,-0.353,0.743
17.1,39.7,-1.122,0.733
17.1,40.2,1.186,0.722
17.1,40.7,0.353,0.711
17.1,41.2,-0.417,0.701
17.1,41.7,-1.250,0.690
17.1,42.2,1.058,0.679
17.1,42.7,0.224,0.669
17.1,43.2,-0.545,0.658
17.1,43.7,-1.378,0.647
17.1,44.2,0.930,0.636
17.1,44.7,0.160,0.625
17.1,45.2,-0.673,0.615
17.1,45.7,-1.507,0.604
17.1,46.2,0.801,0.593
17.1,46.7,0.032,0.582
17.1,47.2,-0.801,0.571
17.1,47.7,1.507,0.560
17.1,48.2,0.737,0.549
17.1,48.7,-0.096,0.538
17.1,49.2,-0.930,0.527
17.1,49.7,1.378,0.516
17.1,50.3,0.609,0.505
17.1,50.8,-0.224,0.494
17.1,51.3,-1.058,0.483
17.1,51.8,1.250,0.472
17.1,52.3,0.481,0.461
17.1,52.8,-0.353,0.450
17.1,53.3,-1.186,0.439
17.1,53.8,1.122,0.427
17.1,54.3,0.353,0.416
17.1,54.8,-0.481,0.405
17.1,55.3,-1.314,0.394
17.1,55.8,0.994,0.383
17.1,56.3,0.160,0.371
17.1,56.8,-0.609,0.360
17.1,57.3,-1.443,0.349
17.1,57.8,0.866,0.338
17.1,58.3,0.032,0.326
17.1,58.8,-0.737,0.315
17.1,59.3,1.571,0.304
17.1,59.8,0.737,0.292
17.1,60.3,-0.096,0.281
17.1,60.8,-0.930,0.270
17.1,61.3,1.443,0.258
17.1,61.8,0.609,0.247
17.1,62.3,-0.224,0.235
17.1,62.8,-1.058,0.224
17.1,63.3,1.250,0.213
17.1,63.8,0.481,0.201
17.1,64.3,-0.353,0.190
17.1,64.8,-1.186,0.178
17.1,65.3,1.122,0.167
17.1,65.8,0.289,0.156
17.1,66.3,-0.545,0.144
17.1,66.8,-1.314,0.133
17.1,67.3,0.994,0.121
17.1,67.8,0.160,0.110
17.1,68.3,-0.673,0.098
17.1,68.8,-1.507,0.087
17.1,69.3,0.801,0.075
17.1,69.8,0.032,0.064
17.1,70.4,-0.801,0.052
17.1,70.9,1.507,0.041
17.1,71.4,0.673,0.029
17.1,71.9,-0.160,0.018
17.1,72.4,-0.994,0.006
17.1,72.9,1.314,0.005
17.1,73.4,0.481,0.017
17.1,73.9,-0.289,0.028
17.1,74.4,-1.122,0.040
17.1,74.9,1.186,0.051
17.1,75.4,0.353,0.063
17.1,75.9,-0.481,0.074
17.1,76.4,-1.314,0.086
17.1,76.9,0.994,0.097
17.1,77.4,0.160,0.109
17.1,77.9,-0.609,0.120
17.1,78.4,-1.443,0.132
17.1,78.9,0.866,0.143
17.1,79.4,0.032,0.155
17.1,79.9,-0.801,0.166
17.1,80.4,1.507,0.178
17.1,80.9,0.673,0.189
17.1,81.4,-0.160,0.200
17.1,81.9,-0.994,0.212
17.1,82.4,1.314,0.223
17.1,82.9,0.481,0.235
17.1,83.4,-0.289,0.246
17.1,83.9,-1.122,0.258
17.1,84.4,1.186,0.269
17.1,84.9,0.353,0.281
17.1,85.4,-0.481,0.292
17.1,85.9,-1.314,0.303
17.1,86.4,0.994,0.315
17.1,86.9,0.160,0.326
17.1,87.4,-0.673,0.338
17.1,87.9,-1.507,0.349
17.1,88.4,0.801,0.360
17.1,88.9,-0.032,0.372
17.1,89.4,-0.866,0.383
17.1,89.9,1.443,0.394
17.1,90.5,0.609,0.406
17.1,91.0,-0.224,0.417
17.1,91.5,-1.058,0.428
17.1,92.0,1.250,0.439
17.1,92.5,0.417,0.451
17.1,93.0,-0.417,0.462
17.1,93.5,-1.250,0.473
17.1,94.0,1.058,0.484
17.1,94.5,0.224,0.496
17.1,95.0,-0.609,0.507
17.1,95.5,-1.443,0.518
17.1,96.0,0.866,0.529
17.1,96.5,0.096,0.540
17.1,97.0,-0.737,0.551
17.1,97.5,1.507,0.563
17.1,98.0,0.673,0.574
17.1,98.5,-0.160,0.585
17.1,99.0,-0.994,0.596
17.1,99.5,1.314,0.607
17.1,100.0,0.481,0.618
17.6,0.0,0.866,1.481
17.6,0.5,0.096,1.473
17.6,1.0,-0.737,1.466
17.6,1.5,-1.507,1.458
17.6,2.0,0.801,1.450
17.6,2.5,0.032,1.443
17.6,3.0,-0.801,1.435
17.6,3.5,1.571,1.427
17.6,4.0,0.737,1.419
17.6,4.5,-0.032,1.411
17.6,5.0,-0.866,1.403
17.6,5.5,1.507,1.395
17.6,6.0,0.673,1.387
17.6,6.5,-0.096,1.379
17.6,7.0,-0.930,1.370
17.6,7.5,1.443,1.362
17.6,8.0,0.609,1.354
17.6,8.5,-0.160,1.346
17.6,9.0,-0.994,1.337
17.6,9.5,1.378,1.329
17.6,10.1,0.545,1.320
17.6,10.6,-0.224,1.312
17.6,11.1,-1.058,1.303
17.6,11.6,1.314,1.295
17.6,12.1,0.481,1.286
17.6,12.6,-0.289,1.277
17.6,13.1,-1.122,1.269
17.6,13.6,1.250,1.260
17.6,14.1,0.417,1.251
17.6,14.6,-0.417,1.242
17.6,15.1,-1.186,1.234
17.6,15.6,1.122,1.224
17.6,16.1,0.353,1.216
17.6,16.6,-0.481,1.206
17.6,17.1,-1.250,1.197
17.6,17.6,1.058,1.188
17.6,18.1,0.289,1.179
17.6,18.6,-0.545,1.170
17.6,19.1,-1.378,1.161
17.6,19.6,0.994,1.152
17.6,20.1,0.160,1.142
17.6,20.6,-0.609,1.133
17.6,21.1,-1.443,1.124
17.6,21.6,0.930,1.114
17.6,22.1,0.096,1.105
17.6,22.6,-0.737,1.095
17.6,23.1,-1.507,1.086
17.6,23.6,0.801,1.076
17.6,24.1,0.032,1.067
17.6,24.6,-0.801,1.057
17.6,25.1,1.507,1.047
17.6,25.6,0.737,1.038
17.6,26.1,-0.096,1.028
17.6,26.6,-0.866,1.018
17.6,27.1,1.443,1.009
17.6,27.6,0.609,0.999
17.6,28.1,-0.160,0.989
17.6,28.6,-0.994,0.979
17.6,29.1,1.378,0.969
17.6,29.6,0.545,0.959
17.6,30.2,-0.289,0.949
17.6,30.7,-1.058,0.939
17.6,31.2,1.250,0.929
17.6,31.7,0.417,0.919
17.6,32.2,-0.353,0.909
17.6,32.7,-1.186,0.899
17.6,33.2,1.122,0.888
17.6,33.7,0.353,0.879
17.6,34.2,-0.481,0.868
17.6,34.7,-1.314,0.858
17.6,35.2,1.058,0.848
17.6,35.7,0.224,0.837
17.6,36.2,-0.545,0.827
17.6,36.7,-1.378,0.817
17.6,37.2,0.930,0.806
17.6,37.7,0.160,0.796
17.6,38.2,-0.673,0.785
17.6,38.7,-1.507,0.775
17.6,39.2,0.866,0.764
17.6,39.7,0.032,0.754
17.6,40.2,-0.801,0.743
17.6,40.7,1.507,0.732
17.6,41.2,0.737,0.722
17.6,41.7,-0.096,0.712
17.6,42.2,-0.930,0.701
17.6,42.7,1.443,0.690
17.6,43.2,0.609,0.679
17.6,43.7,-0.224,0.669
17.6,44.2,-0.994,0.658
17.6,44.7,1.314,0.647
17.6,45.2,0.481,0.636
17.6,45.7,-0.353,0.625
17.6,46.2,-1.122,0.615
17.6,46.7,1.186,0.604
17.6,47.2,0.353,0.593
17.6,47.7,-0.417,0.582
17.6,48.2,-1.250,0.571
17.6,48.7,1.058,0.560
17.6,49.2,0.224,0.549
17.6,49.7,-0.545,0.538
17.6,50.3,-1.378,0.527
17.6,50.8,0.930,0.516
17.6,51.3,0.096,0.505
17.6,51.8,-0.673,0.494
17.6,52.3,-1.507,0.483
17.6,52.8,0.801,0.472
17.6,53.3,-0.032,0.461
17.6,53.8,-0.801,0.450
17.6,54.3,1.507,0.438
17.6,54.8,0.673,0.427
17.6,55.3,-0.160,0.416
17.6,55.8,-0.930,0.405
17.6,56.3,1.378,0.394
17.6,56.8,0.545,0.382
17.6,57.3,-0.289,0.371
17.6,57.8,-1.058,0.360
17.6,58.3,1.250,0.349
17.6,58.8,0.417,0.337
17.6,59.3,-0.417,0.326
17.6,59.8,-1.250,0.315
17.6,60.3,1.122,0.303
17.6,60.8,0.289,0.292
17.6,61.3,-0.545,0.281
17.6,61.8,-1.378,0.269
17.6,62.3,0.930,0.258
17.6,62.8,0.160,0.247
17.6,63.3,-0.673,0.235
17.6,63.8,-1.507,0.224
17.6,64.3,0.801,0.213
17.6,64.8,-0.032,0.201
17.6,65.3,-0.801,0.190
17.6,65.8,1.507,0.178
17.6,66.3,0.673,0.167
17.6,66.8,-0.160,0.155
17.6,67.3,-0.994,0.144
17.6,67.8,1.314,0.132
17.6,68.3,0.545,0.121
17.6,68.8,-0.289,0.110
17.6,69.3,-1.122,0.098
17.6,69.8,1.186,0.087
17.6,70.4,0.353,0.075
17.6,70.9,-0.481,0.064
17.6,71.4,-1.250,0.052
17.6,71.9,1.058,0.041
17.6,72.4,0.224,0.029
17.6,72.9,-0.609,0.018
17.6,73.4,-1.443,0.006
17.6,73.9,0.866,0.005
17.6,74.4,0.032,0.017
17.6,74.9,-0.801,0.028
17.6,75.4,1.571,0.040
17.6,75.9,0.737,0.051
17.6,76.4,-0.096,0.063
17.6,76.9,-0.930,0.074
17.6,77.4,1.378,0.086
17.6,77.9,0.545,0.097
17.6,78.4,-0.289,0.109
17.6,78.9,-1.122,0.120
17.6,79.4,1.186,0.132
17.6,79.9,0.417,0.143
17.6,80.4,-0.417,0.155
17.6,80.9,-1.250,0.166
17.6,81.4,1.058,0.178
17.6,81.9,0.224,0.189
17.6,82.4,-0.609,0.201
17.6,82.9,-1.443,0.212
17.6,83.4,0.866,0.224
17.6,83.9,0.032,0.235
17.6,84.4,-0.801,0.246
17.6,84.9,1.507,0.258
17.6,85.4,0.737,0.269
17.6,85.9,-0.096,0.281
17.6,86.4,-0.930,0.292
17.6,86.9,1.378,0.304
17.6,87.4,0.545,0.315
17.6,87.9,-0.289,0.326
17.6,88.4,-1.122,0.338
17.6,88.9,1.186,0.349
17.6,89.4,0.353,0.361
17.6,89.9,-0.481,0.372
17.6,90.5,-1.314,0.383
17.6,91.0,0.994,0.395
17.6,91.5,0.160,0.406
17.6,92.0,-0.673,0.417
17.6,92.5,-1.507,0.429
17.6,93.0,0.801,0.440
17.6,93.5,-0.032,0.451
17.6,94.0,-0.866,0.462
17.6,94.5,1.443,0.474
17.6,95.0,0.609,0.485
17.6,95.5,-0.224,0.496
17.6,96.0,-1.058,0.507
17.6,96.5,1.250,0.518
17.6,97.0,0.417,0.530
17.6,97.5,-0.417,0.541
17.6,98.0,-1.250,0.552
17.6,98.5,1.058,0.563
17.6,99.0,0.224,0.574
17.6,99.5,-0.609,0.585
17.6,100.0,-1.443,0.596
18.1,0.0,-1.122,1.496
18.1,0.5,1.186,1.488
18.1,1.0,0.417,1.481
18.1,1.5,-0.353,1.473
18.1,2.0,-1.186,1.466
18.1,2.5,1.186,1.458
18.1,3.0,0.353,1.451
18.1,3.5,-0.417,1.442
18.1,4.0,-1.250,1.435
18.1,4.5,1.122,1.427
18.1,5.0,0.289,1.419
18.1,5.5,-0.481,1.411
18.1,6.0,-1.314,1.403
18.1,6.5,1.058,1.395
18.1,7.0,0.224,1.387
18.1,7.5,-0.545,1.379
18.1,8.0,-1.378,1.371
18.1,8.5,0.994,1.362
18.1,9.0,0.160,1.354
18.1,9.5,-0.609,1.346
18.1,10.1,-1.443,1.337
18.1,10.6,0.930,1.329
18.1,11.1,0.096,1.321
18.1,11.6,-0.673,1.312
18.1,12.1,-1.507,1.304
18.1,12.6,0.866,1.294
18.1,13.1,0.032,1.286
18.1,13.6,-0.801,1.277
18.1,14.1,1.571,1.269
18.1,14.6,0.737,1.260
18.1,15.1,-0.032,1.251
18.1,15.6,-0.866,1.242
18.1,16.1,1.507,1.233
18.1,16.6,0.673,1.225
18.1,17.1,-0.096,1.215
18.1,17.6,-0.930,1.207
18.1,18.1,1.443,1.197
18.1,18.6,0.609,1.189
18.1,19.1,-0.224,1.179
18.1,19.6,-0.994,1.170
18.1,20.1,1.314,1.161
18.1,20.6,0.545,1.152
18.1,21.1,-0.289,1.142
18.1,21.6,-1.058,1.133
18.1,22.1,1.250,1.124
18.1,22.6,0.417,1.114
18.1,23.1,-0.353,1.105
18.1,23.6,-1.186,1.095
18.1,24.1,1.186,1.086
18.1,24.6,0.353,1.077
18.1,25.1,-0.481,1.066
18.1,25.6,-1.250,1.057
18.1,26.1,1.058,1.048
18.1,26.6,0.289,1.038
18.1,27.1,-0.545,1.028
18.1,27.6,-1.378,1.018
18.1,28.1,0.994,1.009
18.1,28.6,0.160,0.999
18.1,29.1,-0.609,0.989
18.1,29.6,-1.443,0.979
18.1,30.2,0.866,0.969
18.1,30.7,0.096,0.959
18.1,31.2,-0.737,0.949
18.1,31.7,-1.571,0.939
18.1,32.2,0.801,0.929
18.1,32.7,-0.032,0.919
18.1,33.2,-0.801,0.909
18.1,33.7,1.507,0.899
18.1,34.2,0.673,0.889
18.1,34.7,-0.096,0.878
18.1,35.2,-0.930,0.868
18.1,35.7,1.378,0.858
18.1,36.2,0.609,0.848
18.1,36.7,-0.224,0.837
18.1,37.2,-1.058,0.827
18.1,37.7,1.314,0.817
18.1,38.2,0.481,0.806
18.1,38.7,-0.353,0.796
18.1,39.2,-1.122,0.785
18.1,39.7,1.186,0.775
18.1,40.2,0.353,0.764
18.1,40.7,-0.417,0.754
18.1,41.2,-1.250,0.743
18.1,41.7,1.058,0.733
18.1,42.2,0.289,0.722
18.1,42.7,-0.545,0.712
18.1,43.2,-1.378,0.701
18.1,43.7,0.994,0.690
18.1,44.2,0.160,0.679
18.1,44.7,-0.673,0.669
18.1,45.2,-1.507,0.658
18.1,45.7,0.866,0.647
18.1,46.2,0.032,0.636
18.1,46.7,-0.801,0.625
18.1,47.2,1.571,0.614
18.1,47.7,0.737,0.604
18.1,48.2,-0.096,0.593
18.1,48.7,-0.930,0.582
18.1,49.2,1.443,0.571
18.1,49.7,0.609,0.560
18.1,50.3,-0.224,0.549
18.1,50.8,-0.994,0.538
18.1,51.3,1.314,0.527
18.1,51.8,0.481,0.516
18.1,52.3,-0.353,0.505
18.1,52.8,-1.122,0.494
18.1,53.3,1.186,0.483
18.1,53.8,0.353,0.472
18.1,54.3,-0.481,0.461
18.1,54.8,-1.250,0.449
18.1,55.3,1.058,0.438
18.1,55.8,0.224,0.427
18.1,56.3,-0.609,0.416
18.1,56.8,-1.378,0.405
18.1,57.3,0.930,0.394
18.1,57.8,0.096,0.382
18.1,58.3,-0.737,0.371
18.1,58.8,-1.571,0.360
18.1,59.3,0.801,0.348
18.1,59.8,-0.032,0.337
18.1,60.3,-0.866,0.326
18.1,60.8,1.443,0.315
18.1,61.3,0.609,0.303
18.1,61.8,-0.160,0.292
18.1,62.3,-0.994,0.281
18.1,62.8,1.314,0.269
18.1,63.3,0.481,0.258
18.1,63.8,-0.353,0.246
18.1,64.3,-1.122,0.235
18.1,64.8,1.186,0.224
18.1,65.3,0.353,0.212
18.1,65.8,-0.481,0.201
18.1,66.3,-1.314,0.190
18.1,66.8,1.058,0.178
18.1,67.3,0.224,0.167
18.1,67.8,-0.609,0.155
18.1,68.3,-1.443,0.144
18.1,68.8,0.866,0.132
18.1,69.3,0.032,0.121
18.1,69.8,-0.737,0.109
18.1,70.4,1.571,0.098
18.1,70.9,0.737,0.086
18.1,71.4,-0.096,0.075
18.1,71.9,-0.930,0.064
18.1,72.4,1.378,0.052
18.1,72.9,0.609,0.041
18.1,73.4,-0.224,0.029
18.1,73.9,-1.058,0.018
18.1,74.4,1.250,0.006
18.1,74.9,0.417,0.005
18.1,75.4,-0.417,0.017
18.1,75.9,-1.250,0.028
18.1,76.4,1.058,0.040
18.1,76.9,0.289,0.051
18.1,77.4,-0.545,0.063
18.1,77.9,-1.378,0.074
18.1,78.4,0.930,0.086
18.1,78.9,0.096,0.097
18.1,79.4,-0.737,0.109
18.1,79.9,-1.571,0.120
18.1,80.4,0.737,0.132
18.1,80.9,-0.096,0.143
18.1,81.4,-0.866,0.155
18.1,81.9,1.443,0.166
18.1,82.4,0.609,0.178
18.1,82.9,-0.224,0.189
18.1,83.4,-1.058,0.201
18.1,83.9,1.250,0.212
18.1,84.4,0.417,0.224
18.1,84.9,-0.417,0.235
18.1,85.4,-1.250,0.247
18.1,85.9,1.058,0.258
18.1,86.4,0.224,0.270
18.1,86.9,-0.609,0.281
18.1,87.4,-1.378,0.292
18.1,87.9,0.930,0.304
18.1,88.4,0.096,0.315
18.1,88.9,-0.737,0.327
18.1,89.4,1.571,0.338
18.1,89.9,0.737,0.349
18.1,90.5,-0.096,0.361
18.1,91.0,-0.930,0.372
18.1,91.5,1.378,0.384
18.1,92.0,0.545,0.395
18.1,92.5,-0.289,0.406
18.1,93.0,-1.122,0.418
18.1,93.5,1.186,0.429
18.1,94.0,0.353,0.440
18.1,94.5,-0.481,0.451
18.1,95.0,-1.314,0.463
18.1,95.5,0.994,0.474
18.1,96.0,0.160,0.485
18.1,96.5,-0.673,0.496
18.1,97.0,-1.507,0.508
18.1,97.5,0.801,0.519
18.1,98.0,-0.032,0.530
18.1,98.5,-0.866,0.541
18.1,99.0,1.443,0.552
18.1,99.5,0.609,0.563
18.1,100.0,-0.224,0.574
18.6,0.0,0.032,1.511
18.6,0.5,-0.801,1.504
18.6,1.0,1.571,1.496
18.6,1.5,0.737,1.489
18.6,2.0,-0.032,1.481
18.6,2.5,-0.866,1.473
18.6,3.0,1.507,1.466
18.6,3.5,0.673,1.458
18.6,4.0,-0.096,1.451
18.6,4.5,-0.930,1.442
18.6,5.0,1.443,1.435
18.6,5.5,0.673,1.427
18.6,6.0,-0.160,1.419
18.6,6.5,-0.930,1.411
18.6,7.0,1.378,1.403
18.6,7.5,0.609,1.395
18.6,8.0,-0.224,1.387
18.6,8.5,-0.994,1.378
18.6,9.0,1.314,1.371
18.6,9.5,0.545,1.362
18.6,10.1,-0.289,1.354
18.6,10.6,-1.058,1.345
18.6,11.1,1.250,1.338
18.6,11.6,0.481,1.328
18.6,12.1,-0.353,1.321
18.6,12.6,-1.186,1.312
18.6,13.1,1.186,1.304
18.6,13.6,0.353,1.295
18.6,14.1,-0.417,1.286
18.6,14.6,-1.250,1.277
18.6,15.1,1.122,1.269
18.6,15.6,0.289,1.260
18.6,16.1,-0.481,1.251
18.6,16.6,-1.314,1.242
18.6,17.1,1.058,1.233
18.6,17.6,0.224,1.225
18.6,18.1,-0.545,1.215
18.6,18.6,-1.378,1.207
18.6,19.1,0.930,1.197
18.6,19.6,0.160,1.189
18.6,20.1,-0.673,1.179
18.6,20.6,-1.443,1.170
18.6,21.1,0.866,1.161
18.6,21.6,0.096,1.152
18.6,22.1,-0.737,1.143
18.6,22.6,-1.571,1.133
18.6,23.1,0.801,1.124
18.6,23.6,-0.032,1.114
18.6,24.1,-0.801,1.105
18.6,24.6,1.507,1.096
18.6,25.1,0.737,1.086
18.6,25.6,-0.096,1.077
18.6,26.1,-0.930,1.067
18.6,26.6,1.443,1.057
18.6,27.1,0.609,1.048
18.6,27.6,-0.160,1.038
18.6,28.1,-0.994,1.028
18.6,28.6,1.314,1.018
18.6,29.1,0.545,1.009
18.6,29.6,-0.289,0.999
18.6,30.2,-1.122,0.989
18.6,30.7,1.250,0.979
18.6,31.2,0.417,0.969
18.6,31.7,-0.353,0.959
18.6,32.2,-1.186,0.949
18.6,32.7,1.122,0.939
18.6,33.2,0.353,0.929
18.6,33.7,-0.481,0.919
18.6,34.2,-1.314,0.909
18.6,34.7,1.058,0.899
18.6,35.2,0.224,0.889
18.6,35.7,-0.545,0.878
18.6,36.2,-1.378,0.868
18.6,36.7,0.930,0.858
18.6,37.2,0.160,0.847
18.6,37.7,-0.673,0.837
18.6,38.2,-1.507,0.827
18.6,38.7,0.866,0.816
18.6,39.2,0.032,0.806
18.6,39.7,-0.801,0.796
18.6,40.2,1.571,0.785
18.6,40.7,0.737,0.775
18.6,41.2,-0.096,0.764
18.6,41.7,-0.866,0.754
18.6,42.2,1.443,0.743
18.6,42.7,0.609,0.733
18.6,43.2,-0.224,0.722
18.6,43.7,-0.994,0.711
18.6,44.2,1.314,0.701
18.6,44.7,0.481,0.690
18.6,45.2,-0.289,0.679
18.6,45.7,-1.122,0.669
18.6,46.2,1.186,0.658
18.6,46.7,0.417,0.647
18.6,47.2,-0.417,0.636
18.6,47.7,-1.250,0.625
18.6,48.2,1.058,0.614
18.6,48.7,0.289,0.604
18.6,49.2,-0.545,0.593
18.6,49.7,-1.378,0.582
18.6,50.3,0.994,0.571
18.6,50.8,0.160,0.560
18.6,51.3,-0.673,0.549
18.6,51.8,-1.507,0.538
18.6,52.3,0.866,0.527
18.6,52.8,0.032,0.516
18.6,53.3,-0.801,0.505
18.6,53.8,1.507,0.494
18.6,54.3,0.737,0.483
18.6,54.8,-0.096,0.472
18.6,55.3,-0.930,0.461
18.6,55.8,1.378,0.449
18.6,56.3,0.609,0.438
18.6,56.8,-0.224,0.427
18.6,57.3,-1.058,0.416
18.6,57.8,1.250,0.405
18.6,58.3,0.481,0.393
18.6,58.8,-0.353,0.382
18.6,59.3,-1.186,0.371
18.6,59.8,1.122,0.360
18.6,60.3,0.289,0.348
18.6,60.8,-0.481,0.337
18.6,61.3,-1.314,0.326
18.6,61.8,0.994,0.315
18.6,62.3,0.160,0.303
18.6,62.8,-0.609,0.292
18.6,63.3,-1.443,0.281
18.6,63.8,0.866,0.269
18.6,64.3,0.032,0.258
18.6,64.8,-0.801,0.246
18.6,65.3,1.571,0.235
18.6,65.8,0.737,0.224
18.6,66.3,-0.096,0.212
18.6,66.8,-0.930,0.201
18.6,67.3,1.378,0.189
18.6,67.8,0.545,0.178
18.6,68.3,-0.224,0.167
18.6,68.8,-1.058,0.155
18.6,69.3,1.250,0.144
18.6,69.8,0.417,0.132
18.6,70.4,-0.417,0.121
18.6,70.9,-1.250,0.109
18.6,71.4,1.122,0.098
18.6,71.9,0.289,0.086
18.6,72.4,-0.545,0.075
18.6,72.9,-1.378,0.063
18.6,73.4,0.930,0.052
18.6,73.9,0.096,0.040
18.6,74.4,-0.673,0.029
18.6,74.9,-1.507,0.017
18.6,75.4,0.801,0.006
18.6,75.9,-0.032,0.006
18.6,76.4,-0.866,0.017
18.6,76.9,1.443,0.029
18.6,77.4,0.609,0.040
18.6,77.9,-0.224,0.052
18.6,78.4,-0.994,0.063
18.6,78.9,1.314,0.075
18.6,79.4,0.481,0.086
18.6,79.9,-0.353,0.098
18.6,80.4,-1.186,0.109
18.6,80.9,1.122,0.121
18.6,81.4,0.289,0.132
18.6,81.9,-0.545,0.144
18.6,82.4,-1.378,0.155
18.6,82.9,0.994,0.167
18.6,83.4,0.160,0.178
18.6,83.9,-0.673,0.190
18.6,84.4,-1.507,0.201
18.6,84.9,0.801,0.213
18.6,85.4,-0.032,0.224
18.6,85.9,-0.866,0.236
18.6,86.4,1.443,0.247
18.6,86.9,0.609,0.258
18.6,87.4,-0.224,0.270
18.6,87.9,-1.058,0.281
18.6,88.4,1.250,0.293
18.6,88.9,0.417,0.304
18.6,89.4,-0.417,0.315
18.6,89.9,-1.186,0.327
18.6,90.5,1.122,0.338
18.6,91.0,0.289,0.350
18.6,91.5,-0.545,0.361
18.6,92.0,-1.378,0.372
18.6,92.5,0.930,0.384
18.6,93.0,0.096,0.395
18.6,93.5,-0.737,0.406
18.6,94.0,1.571,0.418
18.6,94.5,0.737,0.429
18.6,95.0,-0.096,0.440
18.6,95.5,-0.930,0.452
18.6,96.0,1.378,0.463
18.6,96.5,0.545,0.474
18.6,97.0,-0.289,0.485
18.6,97.5,-1.122,0.497
18.6,98.0,1.186,0.508
18.6,98.5,0.353,0.519
18.6,99.0,-0.481,0.530
18.6,99.5,-1.314,0.541
18.6,100.0,0.994,0.553
19.1,0.0,1.122,1.525
19.1,0.5,0.353,1.519
19.1,1.0,-0.417,1.511
19.1,1.5,-1.250,1.504
19.1,2.0,1.122,1.496
19.1,2.5,0.289,1.489
19.1,3.0,-0.481,1.481
19.1,3.5,-1.314,1.474
19.1,4.0,1.058,1.466
19.1,4.5,0.224,1.458
19.1,5.0,-0.545,1.451
19.1,5.5,-1.378,1.443
19.1,6.0,0.994,1.435
19.1,6.5,0.160,1.427
19.1,7.0,-0.609,1.419
19.1,7.5,-1.443,1.411
19.1,8.0,0.930,1.403
19.1,8.5,0.096,1.395
19.1,9.0,-0.673,1.387
19.1,9.5,-1.507,1.379
19.1,10.1,0.866,1.371
19.1,10.6,0.032,1.362
19.1,11.1,-0.737,1.354
19.1,11.6,-1.571,1.346
19.1,12.1,0.801,1.338
19.1,12.6,-0.032,1.329
19.1,13.1,-0.801,1.321
19.1,13.6,1.507,1.312
19.1,14.1,0.737,1.304
19.1,14.6,-0.096,1.295
19.1,15.1,-0.866,1.286
19.1,15.6,1.443,1.278
19.1,16.1,0.673,1.269
19.1,16.6,-0.160,1.260
19.1,17.1,-0.930,1.251
19.1,17.6,1.378,1.243
19.1,18.1,0.609,1.233
19.1,18.6,-0.224,1.225
19.1,19.1,-1.058,1.215
19.1,19.6,1.314,1.207
19.1,20.1,0.481,1.198
19.1,20.6,-0.289,1.189
19.1,21.1,-1.122,1.180
19.1,21.6,1.250,1.170
19.1,22.1,0.417,1.161
19.1,22.6,-0.417,1.151
19.1,23.1,-1.186,1.143
19.1,23.6,1.122,1.133
19.1,24.1,0.353,1.124
19.1,24.6,-0.481,1.115
19.1,25.1,-1.250,1.105
19.1,25.6,1.058,1.096
19.1,26.1,0.224,1.086
19.1,26.6,-0.545,1.077
19.1,27.1,-1.378,1.067
19.1,27.6,0.994,1.057
19.1,28.1,0.160,1.048
19.1,28.6,-0.673,1.038
19.1,29.1,-1.443,1.028
19.1,29.6,0.866,1.019
19.1,30.2,0.096,1.008
19.1,30.7,-0.737,0.999
19.1,31.2,-1.571,0.989
19.1,31.7,0.801,0.979
19.1,32.2,-0.032,0.969
19.1,32.7,-0.866,0.959
19.1,33.2,1.507,0.949
19.1,33.7,0.673,0.939
19.1,34.2,-0.096,0.929
19.1,34.7,-0.930,0.919
19.1,35.2,1.378,0.909
19.1,35.7,0.609,0.899
19.1,36.2,-0.224,0.889
19.1,36.7,-1.058,0.878
19.1,37.2,1.314,0.868
19.1,37.7,0.481,0.858
19.1,38.2,-0.353,0.847
19.1,38.7,-1.122,0.837
19.1,39.2,1.186,0.827
19.1,39.7,0.353,0.816
19.1,40.2,-0.417,0.806
19.1,40.7,-1.250,0.796
19.1,41.2,1.058,0.785
19.1,41.7,0.289,0.775
19.1,42.2,-0.545,0.764
19.1,42.7,-1.378,0.754
19.1,43.2,0.994,0.743
19.1,43.7,0.160,0.733
19.1,44.2,-0.673,0.722
19.1,44.7,-1.443,0.711
19.1,45.2,0.866,0.701
19.1,45.7,0.032,0.690
19.1,46.2,-0.737,0.679
19.1,46.7,1.571,0.669
19.1,47.2,0.737,0.658
19.1,47.7,-0.096,0.647
19.1,48.2,-0.866,0.636
19.1,48.7,1.443,0.625
19.1,49.2,0.609,0.614
19.1,49.7,-0.160,0.604
19.1,50.3,-0.994,0.593
19.1,50.8,1.314,0.582
19.1,51.3,0.481,0.571
19.1,51.8,-0.289,0.560
19.1,52.3,-1.122,0.549
19.1,52.8,1.186,0.538
19.1,53.3,0.417,0.527
19.1,53.8,-0.417,0.516
19.1,54.3,-1.250,0.505
19.1,54.8,1.058,0.494
19.1,55.3,0.289,0.483
19.1,55.8,-0.545,0.472
19.1,56.3,-1.378,0.460
19.1,56.8,0.930,0.449
19.1,57.3,0.160,0.438
19.1,57.8,-0.673,0.427
19.1,58.3,-1.507,0.416
19.1,58.8,0.801,0.405
19.1,59.3,-0.032,0.393
19.1,59.8,-0.801,0.382
19.1,60.3,1.507,0.371
19.1,60.8,0.673,0.360
19.1,61.3,-0.160,0.348
19.1,61.8,-0.930,0.337
19.1,62.3,1.378,0.326
19.1,62.8,0.545,0.314
19.1,63.3,-0.289,0.303
19.1,63.8,-1.122,0.292
19.1,64.3,1.250,0.280
19.1,64.8,0.417,0.269
19.1,65.3,-0.417,0.258
19.1,65.8,-1.250,0.246
19.1,66.3,1.058,0.235
19.1,66.8,0.289,0.223
19.1,67.3,-0.545,0.212
19.1,67.8,-1.378,0.201
19.1,68.3,0.930,0.189
19.1,68.8,0.096,0.178
19.1,69.3,-0.737,0.166
19.1,69.8,-1.507,0.155
19.1,70.4,0.801,0.144
19.1,70.9,-0.032,0.132
19.1,71.4,-0.866,0.121
19.1,71.9,1.443,0.109
19.1,72.4,0.609,0.098
19.1,72.9,-0.160,0.086
19.1,73.4,-0.994,0.075
19.1,73.9,1.314,0.063
19.1,74.4,0.481,0.052
19.1,74.9,-0.353,0.040
19.1,75.4,-1.186,0.029
19.1,75.9,1.186,0.017
19.1,76.4,0.353,0.006
19.1,76.9,-0.481,0.006
19.1,77.4,-1.314,0.017
19.1,77.9,0.994,0.029
19.1,78.4,0.160,0.040
19.1,78.9,-0.673,0.052
19.1,79.4,-1.507,0.063
19.1,79.9,0.866,0.075
19.1,80.4,0.032,0.086
19.1,80.9,-0.801,0.098
19.1,81.4,1.507,0.109
19.1,81.9,0.673,0.121
19.1,82.4,-0.160,0.132
19.1,82.9,-0.994,0.144
19.1,83.4,1.314,0.155
19.1,83.9,0.481,0.167
19.1,84.4,-0.353,0.178
19.1,84.9,-1.122,0.190
19.1,85.4,1.186,0.201
19.1,85.9,0.353,0.213
19.1,86.4,-0.481,0.224
19.1,86.9,-1.314,0.236
19.1,87.4,0.994,0.247
19.1,87.9,0.160,0.259
19.1,88.4,-0.673,0.270
19.1,88.9,-1.507,0.282
19.1,89.4,0.801,0.293
19.1,89.9,-0.032,0.304
19.1,90.5,-0.866,0.316
19.1,91.0,1.443,0.327
19.1,91.5,0.609,0.338
19.1,92.0,-0.224,0.350
19.1,92.5,-0.994,0.361
19.1,93.0,1.314,0.373
19.1,93.5,0.481,0.384
19.1,94.0,-0.353,0.395
19.1,94.5,-1.186,0.407
19.1,95.0,1.122,0.418
19.1,95.5,0.289,0.429
19.1,96.0,-0.545,0.441
19.1,96.5,-1.378,0.452
19.1,97.0,0.930,0.463
19.1,97.5,0.096,0.474
19.1,98.0,-0.737,0.486
19.1,98.5,1.571,0.497
19.1,99.0,0.737,0.508
19.1,99.5,-0.096,0.519
19.1,100.0,-0.930,0.530
19.6,0.0,-0.866,1.540
19.6,0.5,1.507,1.533
19.6,1.0,0.673,1.526
19.6,1.5,-0.096,1.519
19.6,2.0,-0.930,1.511
19.6,2.5,1.443,1.504
19.6,3.0,0.673,1.496
19.6,3.5,-0.160,1.489
19.6,4.0,-0.930,1.481
19.6,4.5,1.378,1.474
19.6,5.0,0.609,1.466
19.6,5.5,-0.224,1.459
19.6,6.0,-0.994,1.451
19.6,6.5,1.314,1.443
19.6,7.0,0.545,1.435
19.6,7.5,-0.289,1.427
19.6,8.0,-1.058,1.419
19.6,8.5,1.250,1.411
19.6,9.0,0.481,1.403
19.6,9.5,-0.353,1.395
19.6,10.1,-1.122,1.387
19.6,10.6,1.186,1.379
19.6,11.1,0.417,1.371
19.6,11.6,-0.417,1.363
19.6,12.1,-1.186,1.354
19.6,12.6,1.122,1.346
19.6,13.1,0.353,1.338
19.6,13.6,-0.481,1.329
19.6,14.1,-1.250,1.321
19.6,14.6,1.058,1.312
19.6,15.1,0.289,1.303
19.6,15.6,-0.545,1.295
19.6,16.1,-1.314,1.286
19.6,16.6,0.994,1.278
19.6,17.1,0.224,1.269
19.6,17.6,-0.609,1.260
19.6,18.1,-1.443,1.251
19.6,18.6,0.930,1.243
19.6,19.1,0.096,1.233
19.6,19.6,-0.673,1.225
19.6,20.1,-1.507,1.216
19.6,20.6,0.866,1.207
19.6,21.1,0.032,1.198
19.6,21.6,-0.737,1.188
19.6,22.1,-1.571,1.180
19.6,22.6,0.737,1.170
19.6,23.1,-0.032,1.161
19.6,23.6,-0.866,1.152
19.6,24.1,1.507,1.143
19.6,24.6,0.673,1.133
19.6,25.1,-0.096,1.124
19.6,25.6,-0.930,1.115
19.6,26.1,1.378,1.105
19.6,26.6,0.609,1.096
19.6,27.1,-0.224,1.086
19.6,27.6,-0.994,1.076
19.6,28.1,1.314,1.067
19.6,28.6,0.481,1.057
19.6,29.1,-0.289,1.048
19.6,29.6,-1.122,1.038
19.6,30.2,1.250,1.028
19.6,30.7,0.417,1.019
19.6,31.2,-0.417,1.008
19.6,31.7,-1.186,0.999
19.6,32.2,1.122,0.989
19.6,32.7,0.353,0.979
19.6,33.2,-0.481,0.969
19.6,33.7,-1.314,0.959
19.6,34.2,1.058,0.949
19.6,34.7,0.224,0.939
19.6,35.2,-0.609,0.929
19.6,35.7,-1.378,0.919
19.6,36.2,0.930,0.909
19.6,36.7,0.160,0.899
19.6,37.2,-0.673,0.889
19.6,37.7,-1.507,0.879
19.6,38.2,0.866,0.868
19.6,38.7,0.032,0.858
19.6,39.2,-0.801,0.848
19.6,39.7,1.571,0.837
19.6,40.2,0.737,0.827
19.6,40.7,-0.096,0.817
19.6,41.2,-0.866,0.806
19.6,41.7,1.443,0.796
19.6,42.2,0.609,0.785
19.6,42.7,-0.160,0.775
19.6,43.2,-0.994,0.764
19.6,43.7,1.314,0.754
19.6,44.2,0.545,0.743
19.6,44.7,-0.289,0.733
19.6,45.2,-1.122,0.722
19.6,45.7,1.250,0.711
19.6,46.2,0.417,0.701
19.6,46.7,-0.417,0.690
19.6,47.2,-1.250,0.679
19.6,47.7,1.122,0.668
19.6,48.2,0.289,0.658
19.6,48.7,-0.545,0.647
19.6,49.2,-1.314,0.636
19.6,49.7,0.994,0.625
19.6,50.3,0.160,0.614
19.6,50.8,-0.673,0.603
19.6,51.3,-1.443,0.593
19.6,51.8,0.866,0.582
19.6,52.3,0.032,0.571
19.6,52.8,-0.737,0.560
19.6,53.3,1.571,0.549
19.6,53.8,0.737,0.538
19.6,54.3,-0.096,0.527
19.6,54.8,-0.866,0.516
19.6,55.3,1.443,0.505
19.6,55.8,0.609,0.494
19.6,56.3,-0.224,0.482
19.6,56.8,-0.994,0.471
19.6,57.3,1.314,0.460
19.6,57.8,0.481,0.449
19.6,58.3,-0.353,0.438
19.6,58.8,-1.122,0.427
19.6,59.3,1.186,0.416
19.6,59.8,0.353,0.405
19.6,60.3,-0.481,0.393
19.6,60.8,-1.250,0.382
19.6,61.3,1.058,0.371
19.6,61.8,0.224,0.360
19.6,62.3,-0.609,0.348
19.6,62.8,-1.443,0.337
19.6,63.3,0.930,0.326
19.6,63.8,0.096,0.314
19.6,64.3,-0.737,0.303
19.6,64.8,-1.571,0.292
19.6,65.3,0.737,0.280
19.6,65.8,-0.032,0.269
19.6,66.3,-0.866,0.258
19.6,66.8,1.443,0.246
19.6,67.3,0.609,0.235
19.6,67.8,-0.224,0.223
19.6,68.3,-0.994,0.212
19.6,68.8,1.314,0.201
19.6,69.3,0.481,0.189
19.6,69.8,-0.353,0.178
19.6,70.4,-1.186,0.166
19.6,70.9,1.186,0.155
19.6,71.4,0.353,0.143
19.6,71.9,-0.481,0.132
19.6,72.4,-1.314,0.120
19.6,72.9,0.994,0.109
19.6,73.4,0.160,0.097
19.6,73.9,-0.673,0.086
19.6,74.4,-1.443,0.075
19.6,74.9,0.866,0.063
19.6,75.4,0.032,0.052
19.6,75.9,-0.801,0.040
19.6,76.4,1.507,0.029
19.6,76.9,0.673,0.017
19.6,77.4,-0.096,0.006
19.6,77.9,-0.930,0.006
19.6,78.4,1.378,0.017
19.6,78.9,0.545,0.029
19.6,79.4,-0.289,0.041
19.6,79.9,-1.122,0.052
19.6,80.4,1.186,0.064
19.6,80.9,0.353,0.075
19.6,81.4,-0.481,0.087
19.6,81.9,-1.250,0.098
19.6,82.4,1.058,0.110
19.6,82.9,0.224,0.121
19.6,83.4,-0.609,0.133
19.6,83.9,-1.443,0.144
19.6,84.4,0.866,0.156
19.6,84.9,0.032,0.167
19.6,85.4,-0.801,0.179
19.6,85.9,1.507,0.190
19.6,86.4,0.673,0.201
19.6,86.9,-0.096,0.213
19.6,87.4,-0.930,0.224
19.6,87.9,1.378,0.236
19.6,88.4,0.545,0.247
19.6,88.9,-0.289,0.259
19.6,89.4,-1.122,0.270
19.6,89.9,1.186,0.282
19.6,90.5,0.353,0.293
19.6,91.0,-0.481,0.305
19.6,91.5,-1.314,0.316
19.6,92.0,0.994,0.327
19.6,92.5,0.160,0.339
19.6,93.0,-0.673,0.350
19.6,93.5,-1.507,0.361
19.6,94.0,0.801,0.373
19.6,94.5,-0.032,0.384
19.6,95.0,-0.801,0.395
19.6,95.5,1.507,0.407
19.6,96.0,0.673,0.418
19.6,96.5,-0.160,0.430
19.6,97.0,-0.994,0.441
19.6,97.5,1.314,0.452
19.6,98.0,0.481,0.463
19.6,98.5,-0.353,0.475
19.6,99.0,-1.186,0.486
19.6,99.5,1.122,0.497
19.6,100.0,0.289,0.508
20.1,0.0,0.289,1.555
20.1,0.5,-0.481,1.547
20.1,1.0,-1.314,1.541
20.1,1.5,1.058,1.533
20.1,2.0,0.224,1.526
20.1,2.5,-0.545,1.519
20.1,3.0,-1.378,1.511
20.1,3.5,0.994,1.504
20.1,4.0,0.160,1.496
20.1,4.5,-0.609,1.489
20.1,5.0,-1.443,1.481
20.1,5.5,0.930,1.474
20.1,6.0,0.160,1.466
20.1,6.5,-0.673,1.459
20.1,7.0,-1.443,1.450
20.1,7.5,0.866,1.443
20.1,8.0,0.096,1.435
20.1,8.5,-0.737,1.428
20.1,9.0,-1.507,1.419
20.1,9.5,0.801,1.412
20.1,10.1,0.032,1.403
20.1,10.6,-0.801,1.395
20.1,11.1,1.571,1.387
20.1,11.6,0.737,1.379
20.1,12.1,-0.032,1.371
20.1,12.6,-0.866,1.363
20.1,13.1,1.507,1.354
20.1,13.6,0.673,1.346
20.1,14.1,-0.096,1.337
20.1,14.6,-0.930,1.329
20.1,15.1,1.443,1.320
20.1,15.6,0.609,1.312
20.1,16.1,-0.160,1.303
20.1,16.6,-0.994,1.295
20.1,17.1,1.314,1.286
20.1,17.6,0.545,1.278
20.1,18.1,-0.289,1.269
20.1,18.6,-1.058,1.260
20.1,19.1,1.250,1.251
20.1,19.6,0.481,1.243
20.1,20.1,-0.353,1.234
20.1,20.6,-1.122,1.225
20.1,21.1,1.186,1.216
20.1,21.6,0.417,1.207
20.1,22.1,-0.417,1.198
20.1,22.6,-1.250,1.188
20.1,23.1,1.122,1.180
20.1,23.6,0.289,1.170
20.1,24.1,-0.481,1.161
20.1,24.6,-1.314,1.152
20.1,25.1,1.058,1.142
20.1,25.6,0.224,1.133
20.1,26.1,-0.609,1.124
20.1,26.6,-1.378,1.115
20.1,27.1,0.930,1.105
20.1,27.6,0.160,1.096
20.1,28.1,-0.673,1.086
20.1,28.6,-1.443,1.076
20.1,29.1,0.866,1.067
20.1,29.6,0.032,1.057
20.1,30.2,-0.737,1.048
20.1,30.7,-1.571,1.038
20.1,31.2,0.801,1.028
20.1,31.7,-0.032,1.019
20.1,32.2,-0.866,1.009
20.1,32.7,1.507,0.999
20.1,33.2,0.673,0.989
20.1,33.7,-0.160,0.979
20.1,34.2,-0.930,0.969
20.1,34.7,1.378,0.959
20.1,35.2,0.609,0.949
20.1,35.7,-0.224,0.939
20.1,36.2,-1.058,0.929
20.1,36.7,1.314,0.919
20.1,37.2,0.481,0.909
20.1,37.7,-0.353,0.899
20.1,38.2,-1.122,0.889
20.1,38.7,1.186,0.879
20.1,39.2,0.353,0.868
20.1,39.7,-0.417,0.858
20.1,40.2,-1.250,0.848
20.1,40.7,1.058,0.837
20.1,41.2,0.289,0.827
20.1,41.7,-0.545,0.817
20.1,42.2,-1.378,0.806
20.1,42.7,0.994,0.796
20.1,43.2,0.160,0.785
20.1,43.7,-0.673,0.775
20.1,44.2,-1.443,0.764
20.1,44.7,0.866,0.754
20.1,45.2,0.032,0.743
20.1,45.7,-0.737,0.733
20.1,46.2,-1.571,0.722
20.1,46.7,0.737,0.711
20.1,47.2,-0.032,0.701
20.1,47.7,-0.866,0.690
20.1,48.2,1.443,0.679
20.1,48.7,0.673,0.668
20.1,49.2,-0.160,0.658
20.1,49.7,-0.994,0.647
20.1,50.3,1.314,0.636
20.1,50.8,0.545,0.625
20.1,51.3,-0.289,0.614
20.1,51.8,-1.122,0.603
20.1,52.3,1.250,0.593
20.1,52.8,0.417,0.582
20.1,53.3,-0.417,0.571
20.1,53.8,-1.250,0.560
20.1,54.3,1.122,0.549
20.1,54.8,0.289,0.538
20.1,55.3,-0.545,0.527
20.1,55.8,-1.378,0.516
20.1,56.3,0.994,0.505
20.1,56.8,0.160,0.494
20.1,57.3,-0.673,0.483
20.1,57.8,-1.443,0.471
20.1,58.3,0.866,0.460
20.1,58.8,0.032,0.449
20.1,59.3,-0.801,0.438
20.1,59.8,1.507,0.427
20.1,60.3,0.737,0.416
20.1,60.8,-0.096,0.404
20.1,61.3,-0.930,0.393
20.1,61.8,1.378,0.382
20.1,62.3,0.609,0.371
20.1,62.8,-0.224,0.359
20.1,63.3,-1.058,0.348
20.1,63.8,1.250,0.337
20.1,64.3,0.417,0.325
20.1,64.8,-0.353,0.314
20.1,65.3,-1.186,0.303
20.1,65.8,1.122,0.292
20.1,66.3,0.289,0.280
20.1,66.8,-0.481,0.269
20.1,67.3,-1.314,0.257
20.1,67.8,0.994,0.246
20.1,68.3,0.160,0.235
20.1,68.8,-0.673,0.223
20.1,69.3,-1.507,0.212
20.1,69.8,0.866,0.200
20.1,70.4,0.032,0.189
20.1,70.9,-0.801,0.178
20.1,71.4,1.507,0.166
20.1,71.9,0.673,0.155
20.1,72.4,-0.096,0.143
20.1,72.9,-0.930,0.132
20.1,73.4,1.378,0.120
20.1,73.9,0.545,0.109
20.1,74.4,-0.289,0.097
20.1,74.9,-1.122,0.086
20.1,75.4,1.250,0.074
20.1,75.9,0.417,0.063
20.1,76.4,-0.417,0.051
20.1,76.9,-1.250,0.040
20.1,77.4,1.058,0.028
20.1,77.9,0.224,0.017
20.1,78.4,-0.609,0.005
20.1,78.9,-1.443,0.006
20.1,79.4,0.930,0.018
20.1,79.9,0.096,0.029
20.1,80.4,-0.737,0.041
20.1,80.9,-1.571,0.052
20.1,81.4,0.737,0.064
20.1,81.9,-0.096,0.075
20.1,82.4,-0.930,0.087
20.1,82.9,1.378,0.098
20.1,83.4,0.609,0.110
20.1,83.9,-0.224,0.121
20.1,84.4,-1.058,0.133
20.1,84.9,1.250,0.144
20.1,85.4,0.417,0.156
20.1,85.9,-0.417,0.167
20.1,86.4,-1.250,0.179
20.1,86.9,1.058,0.190
20.1,87.4,0.224,0.202
20.1,87.9,-0.609,0.213
20.1,88.4,-1.378,0.225
20.1,88.9,0.930,0.236
20.1,89.4,0.096,0.248
20.1,89.9,-0.737,0.259
20.1,90.5,1.571,0.271
20.1,91.0,0.737,0.282
20.1,91.5,-0.096,0.293
20.1,92.0,-0.930,0.305
20.1,92.5,1.378,0.316
20.1,93.0,0.545,0.328
20.1,93.5,-0.289,0.339
20.1,94.0,-1.122,0.350
20.1,94.5,1.186,0.362
20.1,95.0,0.353,0.373
20.1,95.5,-0.481,0.384
20.1,96.0,-1.314,0.396
20.1,96.5,0.994,0.407
20.1,97.0,0.160,0.418
20.1,97.5,-0.673,0.430
20.1,98.0,-1.443,0.441
20.1,98.5,0.866,0.452
20.1,99.0,0.032,0.464
20.1,99.5,-0.801,0.475
20.1,100.0,1.507,0.486
20.6,0.0,1.443,1.569
20.6,0.5,0.609,1.562
20.6,1.0,-0.160,1.555
20.6,1.5,-0.994,1.548
20.6,2.0,1.378,1.541
20.6,2.5,0.609,1.533
20.6,3.0,-0.224,1.526
20.6,3.5,-0.994,1.519
20.6,4.0,1.314,1.512
20.6,4.5,0.545,1.504
20.6,5.0,-0.289,1.497
20.6,5.5,-1.058,1.489
20.6,6.0,1.250,1.482
20.6,6.5,0.481,1.474
20.6,7.0,-0.353,1.466
20.6,7.5,-1.122,1.459
20.6,8.0,1.186,1.451
20.6,8.5,0.417,1.443
20.6,9.0,-0.417,1.435
20.6,9.5,-1.186,1.428
20.6,10.1,1.122,1.419
20.6,10.6,0.353,1.412
20.6,11.1,-0.481,1.403
20.6,11.6,-1.250,1.396
20.6,12.1,1.122,1.387
20.6,12.6,0.289,1.379
20.6,13.1,-0.545,1.370
20.6,13.6,-1.314,1.363
20.6,14.1,0.994,1.354
20.6,14.6,0.224,1.346
20.6,15.1,-0.609,1.337
20.6,15.6,-1.378,1.329
20.6,16.1,0.930,1.321
20.6,16.6,0.160,1.312
20.6,17.1,-0.673,1.304
20.6,17.6,-1.443,1.295
20.6,18.1,0.866,1.286
20.6,18.6,0.096,1.278
20.6,19.1,-0.737,1.269
20.6,19.6,-1.507,1.260
20.6,20.1,0.801,1.252
20.6,20.6,0.032,1.242
20.6,21.1,-0.801,1.234
20.6,21.6,1.571,1.224
20.6,22.1,0.737,1.216
20.6,22.6,-0.096,1.207
20.6,23.1,-0.866,1.198
20.6,23.6,1.443,1.189
20.6,24.1,0.673,1.180
20.6,24.6,-0.160,1.171
20.6,25.1,-0.930,1.161
20.6,25.6,1.378,1.152
20.6,26.1,0.545,1.142
20.6,26.6,-0.224,1.133
20.6,27.1,-1.058,1.124
20.6,27.6,1.314,1.115
20.6,28.1,0.481,1.105
20.6,28.6,-0.289,1.095
20.6,29.1,-1.122,1.086
20.6,29.6,1.186,1.076
20.6,30.2,0.417,1.067
20.6,30.7,-0.417,1.057
20.6,31.2,-1.186,1.048
20.6,31.7,1.122,1.038
20.6,32.2,0.289,1.028
20.6,32.7,-0.481,1.019
20.6,33.2,-1.314,1.009
20.6,33.7,1.058,0.999
20.6,34.2,0.224,0.989
20.6,34.7,-0.609,0.979
20.6,35.2,-1.378,0.969
20.6,35.7,0.930,0.959
20.6,36.2,0.096,0.949
20.6,36.7,-0.673,0.939
20.6,37.2,-1.507,0.929
20.6,37.7,0.866,0.919
20.6,38.2,0.032,0.909
20.6,38.7,-0.801,0.899
20.6,39.2,1.571,0.889
20.6,39.7,0.737,0.879
20.6,40.2,-0.096,0.868
20.6,40.7,-0.866,0.858
20.6,41.2,1.443,0.848
20.6,41.7,0.609,0.837
20.6,42.2,-0.160,0.827
20.6,42.7,-0.994,0.817
20.6,43.2,1.314,0.806
20.6,43.7,0.545,0.796
20.6,44.2,-0.289,0.785
20.6,44.7,-1.122,0.775
20.6,45.2,1.250,0.764
20.6,45.7,0.417,0.754
20.6,46.2,-0.417,0.743
20.6,46.7,-1.186,0.732
20.6,47.2,1.122,0.722
20.6,47.7,0.289,0.711
20.6,48.2,-0.481,0.700
20.6,48.7,-1.314,0.690
20.6,49.2,0.994,0.679
20.6,49.7,0.160,0.668
20.6,50.3,-0.609,0.658
20.6,50.8,-1.443,0.647
20.6,51.3,0.866,0.636
20.6,51.8,0.096,0.625
20.6,52.3,-0.737,0.614
20.6,52.8,-1.571,0.603
20.6,53.3,0.737,0.592
20.6,53.8,-0.032,0.582
20.6,54.3,-0.866,0.571
20.6,54.8,1.443,0.560
20.6,55.3,0.673,0.549
20.6,55.8,-0.160,0.538
20.6,56.3,-0.994,0.527
20.6,56.8,1.314,0.516
20.6,57.3,0.545,0.505
20.6,57.8,-0.289,0.494
20.6,58.3,-1.122,0.482
20.6,58.8,1.186,0.471
20.6,59.3,0.417,0.460
20.6,59.8,-0.417,0.449
20.6,60.3,-1.250,0.438
20.6,60.8,1.058,0.427
20.6,61.3,0.289,0.415
20.6,61.8,-0.545,0.404
20.6,62.3,-1.378,0.393
20.6,62.8,0.930,0.382
20.6,63.3,0.096,0.370
20.6,63.8,-0.673,0.359
20.6,64.3,-1.507,0.348
20.6,64.8,0.801,0.337
20.6,65.3,-0.032,0.325
20.6,65.8,-0.801,0.314
20.6,66.3,1.507,0.303
20.6,66.8,0.673,0.291
20.6,67.3,-0.160,0.280
20.6,67.8,-0.994,0.269
20.6,68.3,1.378,0.257
20.6,68.8,0.545,0.246
20.6,69.3,-0.289,0.235
20.6,69.8,-1.122,0.223
20.6,70.4,1.186,0.212
20.6,70.9,0.417,0.200
20.6,71.4,-0.417,0.189
20.6,71.9,-1.250,0.177
20.6,72.4,1.058,0.166
20.6,72.9,0.224,0.155
20.6,73.4,-0.609,0.143
20.6,73.9,-1.378,0.132
20.6,74.4,0.930,0.120
20.6,74.9,0.096,0.109
20.6,75.4,-0.737,0.097
20.6,75.9,-1.571,0.086
20.6,76.4,0.737,0.074
20.6,76.9,-0.032,0.063
20.6,77.4,-0.866,0.051
20.6,77.9,1.443,0.040
20.6,78.4,0.609,0.028
20.6,78.9,-0.224,0.017
20.6,79.4,-1.058,0.005
20.6,79.9,1.250,0.006
20.6,80.4,0.417,0.018
20.6,80.9,-0.353,0.029
20.6,81.4,-1.186,0.041
20.6,81.9,1.122,0.052
20.6,82.4,0.289,0.064
20.6,82.9,-0.545,0.075
20.6,83.4,-1.378,0.087
20.6,83.9,0.930,0.098
20.6,84.4,0.096,0.110
20.6,84.9,-0.673,0.121
20.6,85.4,-1.507,0.133
20.6,85.9,0.801,0.145
20.6,86.4,-0.032,0.156
20.6,86.9,-0.866,0.168
20.6,87.4,1.443,0.179
20.6,87.9,0.609,0.191
20.6,88.4,-0.224,0.202
20.6,88.9,-1.058,0.213
20.6,89.4,1.250,0.225
20.6,89.9,0.417,0.236
20.6,90.5,-0.353,0.248
20.6,91.0,-1.186,0.259
20.6,91.5,1.122,0.271
20.6,92.0,0.289,0.282
20.6,92.5,-0.545,0.294
20.6,93.0,-1.378,0.305
20.6,93.5,0.930,0.317
20.6,94.0,0.096,0.328
20.6,94.5,-0.737,0.339
20.6,95.0,-1.571,0.351
20.6,95.5,0.737,0.362
20.6,96.0,-0.096,0.373
20.6,96.5,-0.930,0.385
20.6,97.0,1.378,0.396
20.6,97.5,0.545,0.407
20.6,98.0,-0.289,0.419
20.6,98.5,-1.122,0.430
20.6,99.0,1.186,0.441
20.6,99.5,0.353,0.453
20.6,100.0,-0.481,0.464
21.1,0.0,-0.609,1.583
21.1,0.5,-1.378,1.576
21.1,1.0,0.994,1.569
21.1,1.5,0.160,1.562
21.1,2.0,-0.609,1.555
21.1,2.5,-1.443,1.548
21.1,3.0,0.930,1.541
21.1,3.5,0.096,1.533
21.1,4.0,-0.673,1.526
21.1,4.5,-1.507,1.519
21.1,5.0,0.866,1.512
21.1,5.5,0.096,1.504
21.1,6.0,-0.737,1.497
21.1,6.5,-1.507,1.489
21.1,7.0,0.801,1.482
21.1,7.5,0.032,1.474
21.1,8.0,-0.801,1.467
21.1,8.5,1.571,1.459
21.1,9.0,0.737,1.451
21.1,9.5,-0.032,1.443
21.1,10.1,-0.866,1.435
21.1,10.6,1.507,1.428
21.1,11.1,0.673,1.419
21.1,11.6,-0.096,1.412
21.1,12.1,-0.930,1.403
21.1,12.6,1.443,1.396
21.1,13.1,0.609,1.387
21.1,13.6,-0.160,1.379
21.1,14.1,-0.994,1.371
21.1,14.6,1.378,1.363
21.1,15.1,0.545,1.354
21.1,15.6,-0.224,1.346
21.1,16.1,-1.058,1.338
21.1,16.6,1.314,1.329
21.1,17.1,0.481,1.321
21.1,17.6,-0.289,1.312
21.1,18.1,-1.122,1.304
21.1,18.6,1.250,1.295
21.1,19.1,0.417,1.287
21.1,19.6,-0.353,1.278
21.1,20.1,-1.186,1.269
21.1,20.6,1.186,1.260
21.1,21.1,0.353,1.252
21.1,21.6,-0.481,1.242
21.1,22.1,-1.250,1.234
21.1,22.6,1.058,1.225
21.1,23.1,0.289,1.216
21.1,23.6,-0.545,1.207
21.1,24.1,-1.314,1.198
21.1,24.6,0.994,1.189
21.1,25.1,0.224,1.179
21.1,25.6,-0.609,1.171
21.1,26.1,-1.443,1.161
21.1,26.6,0.930,1.152
21.1,27.1,0.096,1.143
21.1,27.6,-0.673,1.133
21.1,28.1,-1.507,1.124
21.1,28.6,0.866,1.114
21.1,29.1,0.032,1.105
21.1,29.6,-0.801,1.095
21.1,30.2,1.571,1.086
21.1,30.7,0.737,1.077
21.1,31.2,-0.032,1.067
21.1,31.7,-0.866,1.058
21.1,32.2,1.443,1.048
21.1,32.7,0.673,1.038
21.1,33.2,-0.160,1.028
21.1,33.7,-0.930,1.018
21.1,34.2,1.378,1.009
21.1,34.7,0.545,0.999
21.1,35.2,-0.224,0.989
21.1,35.7,-1.058,0.979
21.1,36.2,1.314,0.969
21.1,36.7,0.481,0.959
21.1,37.2,-0.353,0.949
21.1,37.7,-1.122,0.939
21.1,38.2,1.186,0.929
21.1,38.7,0.353,0.919
21.1,39.2,-0.417,0.909
21.1,39.7,-1.250,0.899
21.1,40.2,1.058,0.888
21.1,40.7,0.289,0.879
21.1,41.2,-0.545,0.868
21.1,41.7,-1.314,0.858
21.1,42.2,0.994,0.848
21.1,42.7,0.160,0.837
21.1,43.2,-0.609,0.827
21.1,43.7,-1.443,0.817
21.1,44.2,0.866,0.806
21.1,44.7,0.096,0.796
21.1,45.2,-0.737,0.785
21.1,45.7,-1.571,0.775
21.1,46.2,0.801,0.764
21.1,46.7,-0.032,0.754
21.1,47.2,-0.866,0.743
21.1,47.7,1.443,0.732
21.1,48.2,0.673,0.722
21.1,48.7,-0.160,0.711
21.1,49.2,-0.994,0.700
21.1,49.7,1.378,0.690
21.1,50.3,0.545,0.679
21.1,50.8,-0.289,0.668
21.1,51.3,-1.058,0.657
21.1,51.8,1.250,0.647
21.1,52.3,0.417,0.636
21.1,52.8,-0.417,0.625
21.1,53.3,-1.186,0.614
21.1,53.8,1.122,0.603
21.1,54.3,0.289,0.592
21.1,54.8,-0.481,0.581
21.1,55.3,-1.314,0.571
21.1,55.8,0.994,0.560
21.1,56.3,0.160,0.549
21.1,56.8,-0.609,0.538
21.1,57.3,-1.443,0.527
21.1,57.8,0.866,0.516
21.1,58.3,0.032,0.504
21.1,58.8,-0.737,0.493
21.1,59.3,1.571,0.482
21.1,59.8,0.737,0.471
21.1,60.3,-0.096,0.460
21.1,60.8,-0.866,0.449
21.1,61.3,1.443,0.438
21.1,61.8,0.609,0.427
21.1,62.3,-0.224,0.415
21.1,62.8,-0.994,0.404
21.1,63.3,1.314,0.393
21.1,63.8,0.481,0.382
21.1,64.3,-0.353,0.370
21.1,64.8,-1.122,0.359
21.1,65.3,1.186,0.348
21.1,65.8,0.353,0.337
21.1,66.3,-0.481,0.325
21.1,66.8,-1.314,0.314
21.1,67.3,1.058,0.303
21.1,67.8,0.224,0.291
21.1,68.3,-0.609,0.280
21.1,68.8,-1.443,0.269
21.1,69.3,0.866,0.257
21.1,69.8,0.096,0.246
21.1,70.4,-0.737,0.234
21.1,70.9,-1.571,0.223
21.1,71.4,0.737,0.212
21.1,71.9,-0.096,0.200
21.1,72.4,-0.866,0.189
21.1,72.9,1.443,0.177
21.1,73.4,0.609,0.166
21.1,73.9,-0.224,0.154
21.1,74.4,-1.058,0.143
21.1,74.9,1.250,0.131
21.1,75.4,0.481,0.120
21.1,75.9,-0.353,0.109
21.1,76.4,-1.186,0.097
21.1,76.9,1.122,0.086
21.1,77.4,0.289,0.074
21.1,77.9,-0.545,0.063
21.1,78.4,-1.314,0.051
21.1,78.9,0.994,0.040
21.1,79.4,0.160,0.028
21.1,79.9,-0.673,0.017
21.1,80.4,-1.507,0.005
21.1,80.9,0.801,0.007
21.1,81.4,-0.032,0.018
21.1,81.9,-0.866,0.030
21.1,82.4,1.507,0.041
21.1,82.9,0.673,0.053
21.1,83.4,-0.160,0.064
21.1,83.9,-0.994,0.076
21.1,84.4,1.314,0.087
21.1,84.9,0.481,0.099
21.1,85.4,-0.353,0.110
21.1,85.9,-1.186,0.122
21.1,86.4,1.122,0.133
21.1,86.9,0.353,0.145
21.1,87.4,-0.481,0.156
21.1,87.9,-1.314,0.168
21.1,88.4,0.994,0.179
21.1,88.9,0.160,0.191
21.1,89.4,-0.673,0.202
21.1,89.9,-1.507,0.214
21.1,90.5,0.801,0.225
21.1,91.0,-0.032,0.237
21.1,91.5,-0.866,0.248
21.1,92.0,1.443,0.259
21.1,92.5,0.673,0.271
21.1,93.0,-0.160,0.282
21.1,93.5,-0.994,0.294
21.1,94.0,1.314,0.305
21.1,94.5,0.481,0.317
21.1,95.0,-0.353,0.328
21.1,95.5,-1.186,0.340
21.1,96.0,1.122,0.351
21.1,96.5,0.289,0.362
21.1,97.0,-0.545,0.374
21.1,97.5,-1.378,0.385
21.1,98.0,0.930,0.396
21.1,98.5,0.096,0.408
21.1,99.0,-0.737,0.419
21.1,99.5,-1.571,0.430
21.1,100.0,0.737,0.442
21.6,0.0,0.545,1.597
21.6,0.5,-0.224,1.590
21.6,1.0,-1.058,1.583
21.6,1.5,1.314,1.576
21.6,2.0,0.481,1.569
21.6,2.5,-0.289,1.562
21.6,3.0,-1.058,1.555
21.6,3.5,1.250,1.548
21.6,4.0,0.481,1.541
21.6,4.5,-0.353,1.534
21.6,5.0,-1.122,1.526
21.6,5.5,1.186,1.519
21.6,6.0,0.417,1.512
21.6,6.5,-0.417,1.504
21.6,7.0,-1.186,1.497
21.6,7.5,1.122,1.489
21.6,8.0,0.353,1.482
21.6,8.5,-0.417,1.474
21.6,9.0,-1.250,1.467
21.6,9.5,1.122,1.459
21.6,10.1,0.289,1.451
21.6,10.6,-0.481,1.443
21.6,11.1,-1.314,1.436
21.6,11.6,1.058,1.428
21.6,12.1,0.224,1.420
21.6,12.6,-0.545,1.412
21.6,13.1,-1.378,1.404
21.6,13.6,0.994,1.396
21.6,14.1,0.160,1.388
21.6,14.6,-0.609,1.379
21.6,15.1,-1.443,1.371
21.6,15.6,0.930,1.363
21.6,16.1,0.096,1.355
21.6,16.6,-0.673,1.346
21.6,17.1,-1.507,1.338
21.6,17.6,0.866,1.329
21.6,18.1,0.032,1.321
21.6,18.6,-0.737,1.312
21.6,19.1,-1.571,1.304
21.6,19.6,0.801,1.295
21.6,20.1,-0.032,1.287
21.6,20.6,-0.801,1.278
21.6,21.1,1.507,1.269
21.6,21.6,0.673,1.260
21.6,22.1,-0.096,1.252
21.6,22.6,-0.930,1.243
21.6,23.1,1.443,1.234
21.6,23.6,0.609,1.225
21.6,24.1,-0.160,1.216
21.6,24.6,-0.994,1.207
21.6,25.1,1.378,1.198
21.6,25.6,0.545,1.189
21.6,26.1,-0.289,1.179
21.6,26.6,-1.058,1.171
21.6,27.1,1.250,1.161
21.6,27.6,0.481,1.152
21.6,28.1,-0.353,1.143
21.6,28.6,-1.122,1.133
21.6,29.1,1.186,1.124
21.6,29.6,0.353,1.114
21.6,30.2,-0.417,1.105
21.6,30.7,-1.250,1.096
21.6,31.2,1.122,1.086
21.6,31.7,0.289,1.077
21.6,32.2,-0.545,1.067
21.6,32.7,-1.314,1.058
21.6,33.2,0.994,1.048
21.6,33.7,0.224,1.038
21.6,34.2,-0.609,1.029
21.6,34.7,-1.443,1.018
21.6,35.2,0.930,1.009
21.6,35.7,0.096,0.999
21.6,36.2,-0.673,0.989
21.6,36.7,-1.507,0.979
21.6,37.2,0.801,0.969
21.6,37.7,0.032,0.959
21.6,38.2,-0.801,0.949
21.6,38.7,1.571,0.939
21.6,39.2,0.737,0.929
21.6,39.7,-0.096,0.919
21.6,40.2,-0.866,0.909
21.6,40.7,1.443,0.899
21.6,41.2,0.609,0.889
21.6,41.7,-0.160,0.878
21.6,42.2,-0.994,0.868
21.6,42.7,1.314,0.858
21.6,43.2,0.545,0.848
21.6,43.7,-0.289,0.837
21.6,44.2,-1.122,0.827
21.6,44.7,1.250,0.817
21.6,45.2,0.417,0.806
21.6,45.7,-0.417,0.796
21.6,46.2,-1.186,0.785
21.6,46.7,1.122,0.775
21.6,47.2,0.289,0.764
21.6,47.7,-0.481,0.754
21.6,48.2,-1.314,0.743
21.6,48.7,0.994,0.732
21.6,49.2,0.224,0.722
21.6,49.7,-0.609,0.711
21.6,50.3,-1.443,0.701
21.6,50.8,0.930,0.690
21.6,51.3,0.096,0.679
21.6,51.8,-0.737,0.668
21.6,52.3,-1.571,0.657
21.6,52.8,0.801,0.647
21.6,53.3,-0.032,0.636
21.6,53.8,-0.866,0.625
21.6,54.3,1.507,0.614
21.6,54.8,0.673,0.603
21.6,55.3,-0.160,0.592
21.6,55.8,-0.994,0.581
21.6,56.3,1.378,0.571
21.6,56.8,0.545,0.560
21.6,57.3,-0.289,0.549
21.6,57.8,-1.058,0.537
21.6,58.3,1.250,0.527
21.6,58.8,0.417,0.516
21.6,59.3,-0.417,0.504
21.6,59.8,-1.186,0.493
21.6,60.3,1.122,0.482
21.6,60.8,0.289,0.471
21.6,61.3,-0.545,0.460
21.6,61.8,-1.314,0.449
21.6,62.3,0.994,0.438
21.6,62.8,0.160,0.427
21.6,63.3,-0.673,0.415
21.6,63.8,-1.443,0.404
21.6,64.3,0.866,0.393
21.6,64.8,0.032,0.382
21.6,65.3,-0.801,0.370
21.6,65.8,1.507,0.359
21.6,66.3,0.737,0.348
21.6,66.8,-0.096,0.337
21.6,67.3,-0.930,0.325
21.6,67.8,1.378,0.314
21.6,68.3,0.545,0.302
21.6,68.8,-0.224,0.291
21.6,69.3,-1.058,0.280
21.6,69.8,1.250,0.268
21.6,70.4,0.417,0.257
21.6,70.9,-0.417,0.246
21.6,71.4,-1.186,0.234
21.6,71.9,1.122,0.223
21.6,72.4,0.289,0.211
21.6,72.9,-0.545,0.200
21.6,73.4,-1.378,0.189
21.6,73.9,0.994,0.177
21.6,74.4,0.160,0.166
21.6,74.9,-0.673,0.154
21.6,75.4,-1.507,0.143
21.6,75.9,0.801,0.131
21.6,76.4,-0.032,0.120
21.6,76.9,-0.801,0.108
21.6,77.4,1.507,0.097
21.6,77.9,0.673,0.085
21.6,78.4,-0.160,0.074
21.6,78.9,-0.994,0.062
21.6,79.4,1.314,0.051
21.6,79.9,0.545,0.039
21.6,80.4,-0.289,0.028
21.6,80.9,-1.122,0.016
21.6,81.4,1.186,0.005
21.6,81.9,0.353,0.007
21.6,82.4,-0.481,0.018
21.6,82.9,-1.314,0.030
21.6,83.4,0.994,0.041
21.6,83.9,0.224,0.053
21.6,84.4,-0.609,0.064
21.6,84.9,-1.443,0.076
21.6,85.4,0.866,0.087
21.6,85.9,0.032,0.099
21.6,86.4,-0.801,0.110
21.6,86.9,1.507,0.122
21.6,87.4,0.673,0.133
21.6,87.9,-0.160,0.145
21.6,88.4,-0.930,0.156
21.6,88.9,1.378,0.168
21.6,89.4,0.545,0.179
21.6,89.9,-0.289,0.191
21.6,90.5,-1.122,0.202
21.6,91.0,1.186,0.214
21.6,91.5,0.353,0.225
21.6,92.0,-0.481,0.237
21.6,92.5,-1.314,0.248
21.6,93.0,0.994,0.260
21.6,93.5,0.160,0.271
21.6,94.0,-0.673,0.283
21.6,94.5,-1.507,0.294
21.6,95.0,0.866,0.305
21.6,95.5,0.032,0.317
21.6,96.0,-0.801,0.328
21.6,96.5,1.507,0.340
21.6,97.0,0.673,0.351
21.6,97.5,-0.160,0.363
21.6,98.0,-0.994,0.374
21.6,98.5,1.314,0.385
21.6,99.0,0.481,0.397
21.6,99.5,-0.353,0.408
21.6,100.0,-1.186,0.419
22.1,0.0,-1.443,1.610
22.1,0.5,0.866,1.603
22.1,1.0,0.096,1.597
22.1,1.5,-0.673,1.590
22.1,2.0,-1.507,1.583
22.1,2.5,0.866,1.576
22.1,3.0,0.032,1.569
22.1,3.5,-0.737,1.562
22.1,4.0,-1.571,1.555
22.1,4.5,0.801,1.548
22.1,5.0,0.032,1.540
22.1,5.5,-0.801,1.534
22.1,6.0,1.571,1.526
22.1,6.5,0.737,1.519
22.1,7.0,-0.032,1.512
22.1,7.5,-0.866,1.504
22.1,8.0,1.507,1.497
22.1,8.5,0.673,1.489
22.1,9.0,-0.096,1.482
22.1,9.5,-0.930,1.474
22.1,10.1,1.443,1.467
22.1,10.6,0.609,1.459
22.1,11.1,-0.160,1.451
22.1,11.6,-0.930,1.443
22.1,12.1,1.378,1.436
22.1,12.6,0.609,1.427
22.1,13.1,-0.224,1.420
22.1,13.6,-0.994,1.411
22.1,14.1,1.314,1.404
22.1,14.6,0.545,1.395
22.1,15.1,-0.289,1.388
22.1,15.6,-1.058,1.379
22.1,16.1,1.250,1.371
22.1,16.6,0.481,1.363
22.1,17.1,-0.353,1.355
22.1,17.6,-1.122,1.346
22.1,18.1,1.186,1.338
22.1,18.6,0.417,1.329
22.1,19.1,-0.417,1.321
22.1,19.6,-1.250,1.312
22.1,20.1,1.122,1.304
22.1,20.6,0.289,1.295
22.1,21.1,-0.481,1.287
22.1,21.6,-1.314,1.278
22.1,22.1,1.058,1.269
22.1,22.6,0.224,1.261
22.1,23.1,-0.545,1.252
22.1,23.6,-1.378,1.243
22.1,24.1,0.994,1.234
22.1,24.6,0.160,1.225
22.1,25.1,-0.609,1.216
22.1,25.6,-1.443,1.207
22.1,26.1,0.866,1.198
22.1,26.6,0.096,1.189
22.1,27.1,-0.737,1.180
22.1,27.6,-1.507,1.171
22.1,28.1,0.801,1.161
22.1,28.6,0.032,1.152
22.1,29.1,-0.801,1.143
22.1,29.6,1.507,1.133
22.1,30.2,0.737,1.124
22.1,30.7,-0.096,1.115
22.1,31.2,-0.866,1.105
22.1,31.7,1.443,1.096
22.1,32.2,0.673,1.086
22.1,32.7,-0.160,1.077
22.1,33.2,-0.994,1.067
22.1,33.7,1.378,1.058
22.1,34.2,0.545,1.048
22.1,34.7,-0.224,1.038
22.1,35.2,-1.058,1.029
22.1,35.7,1.250,1.019
22.1,36.2,0.481,1.009
22.1,36.7,-0.353,0.999
22.1,37.2,-1.186,0.989
22.1,37.7,1.186,0.979
22.1,38.2,0.353,0.969
22.1,38.7,-0.417,0.959
22.1,39.2,-1.250,0.950
22.1,39.7,1.058,0.939
22.1,40.2,0.289,0.929
22.1,40.7,-0.545,0.919
22.1,41.2,-1.378,0.909
22.1,41.7,0.994,0.899
22.1,42.2,0.160,0.889
22.1,42.7,-0.609,0.878
22.1,43.2,-1.443,0.868
22.1,43.7,0.866,0.858
22.1,44.2,0.096,0.847
22.1,44.7,-0.737,0.837
22.1,45.2,-1.571,0.827
22.1,45.7,0.801,0.816
22.1,46.2,-0.032,0.806
22.1,46.7,-0.866,0.796
22.1,47.2,1.507,0.785
22.1,47.7,0.673,0.775
22.1,48.2,-0.160,0.764
22.1,48.7,-0.930,0.753
22.1,49.2,1.378,0.743
22.1,49.7,0.545,0.733
22.1,50.3,-0.224,0.722
22.1,50.8,-1.058,0.711
22.1,51.3,1.250,0.701
22.1,51.8,0.417,0.690
22.1,52.3,-0.353,0.679
22.1,52.8,-1.186,0.668
22.1,53.3,1.122,0.657
22.1,53.8,0.353,0.647
22.1,54.3,-0.481,0.636
22.1,54.8,-1.314,0.625
22.1,55.3,0.994,0.614
22.1,55.8,0.224,0.603
22.1,56.3,-0.609,0.592
22.1,56.8,-1.443,0.581
22.1,57.3,0.930,0.570
22.1,57.8,0.096,0.560
22.1,58.3,-0.737,0.549
22.1,58.8,-1.571,0.537
22.1,59.3,0.801,0.526
22.1,59.8,-0.032,0.516
22.1,60.3,-0.866,0.504
22.1,60.8,1.443,0.493
22.1,61.3,0.673,0.482
22.1,61.8,-0.160,0.471
22.1,62.3,-0.994,0.460
22.1,62.8,1.314,0.449
22.1,63.3,0.545,0.438
22.1,63.8,-0.289,0.426
22.1,64.3,-1.122,0.415
22.1,64.8,1.186,0.404
22.1,65.3,0.417,0.393
22.1,65.8,-0.417,0.382
22.1,66.3,-1.250,0.370
22.1,66.8,1.058,0.359
22.1,67.3,0.289,0.348
22.1,67.8,-0.545,0.336
22.1,68.3,-1.378,0.325
22.1,68.8,0.930,0.314
22.1,69.3,0.096,0.302
22.1,69.8,-0.673,0.291
22.1,70.4,-1.507,0.280
22.1,70.9,0.801,0.268
22.1,71.4,-0.032,0.257
22.1,71.9,-0.866,0.246
22.1,72.4,1.507,0.234
22.1,72.9,0.673,0.223
22.1,73.4,-0.160,0.211
22.1,73.9,-0.994,0.200
22.1,74.4,1.314,0.188
22.1,74.9,0.481,0.177
22.1,75.4,-0.289,0.166
22.1,75.9,-1.122,0.154
22.1,76.4,1.186,0.143
22.1,76.9,0.353,0.131
22.1,77.4,-0.481,0.120
22.1,77.9,-1.314,0.108
22.1,78.4,1.058,0.097
22.1,78.9,0.224,0.085
22.1,79.4,-0.609,0.074
22.1,79.9,-1.443,0.062
22.1,80.4,0.866,0.051
22.1,80.9,0.032,0.039
22.1,81.4,-0.737,0.028
22.1,81.9,1.571,0.016
22.1,82.4,0.737,0.005
22.1,82.9,-0.096,0.007
22.1,83.4,-0.930,0.018
22.1,83.9,1.378,0.030
22.1,84.4,0.545,0.041
22.1,84.9,-0.289,0.053
22.1,85.4,-1.058,0.064
22.1,85.9,1.250,0.076
22.1,86.4,0.417,0.088
22.1,86.9,-0.417,0.099
22.1,87.4,-1.250,0.111
22.1,87.9,1.058,0.122
22.1,88.4,0.224,0.134
22.1,88.9,-0.609,0.145
22.1,89.4,-1.443,0.157
22.1,89.9,0.930,0.168
22.1,90.5,0.096,0.180
22.1,91.0,-0.737,0.191
22.1,91.5,1.571,0.203
22.1,92.0,0.737,0.214
22.1,92.5,-0.096,0.226
22.1,93.0,-0.930,0.237
22.1,93.5,1.378,0.249
22.1,94.0,0.545,0.260
22.1,94.5,-0.289,0.271
22.1,95.0,-1.122,0.283
22.1,95.5,1.186,0.294
22.1,96.0,0.353,0.306
22.1,96.5,-0.481,0.317
22.1,97.0,-1.250,0.329
22.1,97.5,1.058,0.340
22.1,98.0,0.224,0.351
22.1,98.5,-0.609,0.363
22.1,99.0,-1.443,0.374
22.1,99.5,0.866,0.386
22.1,100.0,0.032,0.397
22.6,0.0,-0.289,1.623
22.6,0.5,-1.122,1.617
22.6,1.0,1.250,1.610
22.6,1.5,0.417,1.604
22.6,2.0,-0.353,1.597
22.6,2.5,-1.186,1.590
22.6,3.0,1.186,1.584
22.6,3.5,0.417,1.576
22.6,4.0,-0.417,1.570
22.6,4.5,-1.186,1.562
22.6,5.0,1.122,1.555
22.6,5.5,0.353,1.548
22.6,6.0,-0.481,1.541
22.6,6.5,-1.250,1.534
22.6,7.0,1.058,1.526
22.6,7.5,0.289,1.520
22.6,8.0,-0.481,1.512
22.6,8.5,-1.314,1.505
22.6,9.0,1.058,1.497
22.6,9.5,0.224,1.490
22.6,10.1,-0.545,1.482
22.6,10.6,-1.378,1.474
22.6,11.1,0.994,1.467
22.6,11.6,0.160,1.459
22.6,12.1,-0.609,1.451
22.6,12.6,-1.443,1.443
22.6,13.1,0.930,1.436
22.6,13.6,0.096,1.428
22.6,14.1,-0.673,1.420
22.6,14.6,-1.507,1.412
22.6,15.1,0.866,1.404
22.6,15.6,0.032,1.395
22.6,16.1,-0.737,1.388
22.6,16.6,-1.571,1.379
22.6,17.1,0.801,1.372
22.6,17.6,-0.032,1.363
22.6,18.1,-0.801,1.355
22.6,18.6,1.507,1.346
22.6,19.1,0.737,1.338
22.6,19.6,-0.096,1.329
22.6,20.1,-0.866,1.321
22.6,20.6,1.443,1.313
22.6,21.1,0.673,1.304
22.6,21.6,-0.160,1.295
22.6,22.1,-0.930,1.287
22.6,22.6,1.378,1.278
22.6,23.1,0.609,1.269
22.6,23.6,-0.224,1.261
22.6,24.1,-0.994,1.252
22.6,24.6,1.314,1.243
22.6,25.1,0.545,1.234
22.6,25.6,-0.289,1.225
22.6,26.1,-1.122,1.216
22.6,26.6,1.250,1.207
22.6,27.1,0.417,1.198
22.6,27.6,-0.353,1.189
22.6,28.1,-1.186,1.180
22.6,28.6,1.186,1.170
22.6,29.1,0.353,1.162
22.6,29.6,-0.481,1.152
22.6,30.2,-1.250,1.143
22.6,30.7,1.058,1.133
22.6,31.2,0.289,1.124
22.6,31.7,-0.545,1.115
22.6,32.2,-1.314,1.105
22.6,32.7,0.994,1.096
22.6,33.2,0.160,1.086
22.6,33.7,-0.609,1.077
22.6,34.2,-1.443,1.067
22.6,34.7,0.930,1.057
22.6,35.2,0.096,1.048
22.6,35.7,-0.737,1.038
22.6,36.2,-1.507,1.029
22.6,36.7,0.801,1.019
22.6,37.2,0.032,1.009
22.6,37.7,-0.801,0.999
22.6,38.2,1.507,0.989
22.6,38.7,0.737,0.979
22.6,39.2,-0.096,0.969
22.6,39.7,-0.930,0.959
22.6,40.2,1.443,0.950
22.6,40.7,0.609,0.939
22.6,41.2,-0.160,0.929
22.6,41.7,-0.994,0.919
22.6,42.2,1.314,0.909
22.6,42.7,0.545,0.899
22.6,43.2,-0.289,0.889
22.6,43.7,-1.122,0.878
22.6,44.2,1.250,0.868
22.6,44.7,0.417,0.858
22.6,45.2,-0.417,0.847
22.6,45.7,-1.186,0.837
22.6,46.2,1.122,0.827
22.6,46.7,0.289,0.816
22.6,47.2,-0.481,0.806
22.6,47.7,-1.314,0.796
22.6,48.2,0.994,0.785
22.6,48.7,0.224,0.775
22.6,49.2,-0.609,0.764
22.6,49.7,-1.443,0.753
22.6,50.3,0.930,0.743
22.6,50.8,0.096,0.733
22.6,51.3,-0.737,0.722
22.6,51.8,-1.507,0.711
22.6,52.3,0.801,0.701
22.6,52.8,-0.032,0.690
22.6,53.3,-0.801,0.679
22.6,53.8,1.507,0.668
22.6,54.3,0.673,0.658
22.6,54.8,-0.160,0.646
22.6,55.3,-0.930,0.636
22.6,55.8,1.378,0.625
22.6,56.3,0.545,0.614
22.6,56.8,-0.224,0.603
22.6,57.3,-1.058,0.592
22.6,57.8,1.250,0.581
22.6,58.3,0.417,0.570
22.6,58.8,-0.353,0.559
22.6,59.3,-1.186,0.549
22.6,59.8,1.122,0.537
22.6,60.3,0.353,0.526
22.6,60.8,-0.481,0.515
22.6,61.3,-1.314,0.504
22.6,61.8,0.994,0.493
22.6,62.3,0.224,0.482
22.6,62.8,-0.609,0.471
22.6,63.3,-1.443,0.460
22.6,63.8,0.866,0.449
22.6,64.3,0.096,0.437
22.6,64.8,-0.737,0.426
22.6,65.3,-1.571,0.415
22.6,65.8,0.737,0.404
22.6,66.3,-0.096,0.393
22.6,66.8,-0.866,0.381
22.6,67.3,1.443,0.370
22.6,67.8,0.609,0.359
22.6,68.3,-0.224,0.348
22.6,68.8,-0.994,0.336
22.6,69.3,1.314,0.325
22.6,69.8,0.481,0.314
22.6,70.4,-0.353,0.302
22.6,70.9,-1.186,0.291
22.6,71.4,1.186,0.280
22.6,71.9,0.353,0.268
22.6,72.4,-0.481,0.257
22.6,72.9,-1.314,0.245
22.6,73.4,0.994,0.234
22.6,73.9,0.224,0.223
22.6,74.4,-0.609,0.211
22.6,74.9,-1.443,0.200
22.6,75.4,0.866,0.188
22.6,75.9,0.032,0.177
22.6,76.4,-0.801,0.165
22.6,76.9,1.571,0.154
22.6,77.4,0.737,0.142
22.6,77.9,-0.096,0.131
22.6,78.4,-0.930,0.120
22.6,78.9,1.378,0.108
22.6,79.4,0.545,0.097
22.6,79.9,-0.224,0.085
22.6,80.4,-1.058,0.074
22.6,80.9,1.250,0.062
22.6,81.4,0.417,0.051
22.6,81.9,-0.417,0.039
22.6,82.4,-1.250,0.027
22.6,82.9,1.122,0.016
22.6,83.4,0.289,0.004
22.6,83.9,-0.545,0.007
22.6,84.4,-1.378,0.019
22.6,84.9,0.930,0.030
22.6,85.4,0.096,0.042
22.6,85.9,-0.737,0.053
22.6,86.4,-1.571,0.065
22.6,86.9,0.801,0.076
22.6,87.4,-0.032,0.088
22.6,87.9,-0.866,0.099
22.6,88.4,1.443,0.111
22.6,88.9,0.609,0.122
22.6,89.4,-0.224,0.134
22.6,89.9,-1.058,0.145
22.6,90.5,1.250,0.157
22.6,91.0,0.417,0.168
22.6,91.5,-0.417,0.180
22.6,92.0,-1.186,0.191
22.6,92.5,1.122,0.203
22.6,93.0,0.289,0.214
22.6,93.5,-0.545,0.226
22.6,94.0,-1.378,0.237
22.6,94.5,0.930,0.249
22.6,95.0,0.096,0.260
22.6,95.5,-0.737,0.272
22.6,96.0,-1.571,0.283
22.6,96.5,0.737,0.295
22.6,97.0,-0.096,0.306
22.6,97.5,-0.930,0.317
22.6,98.0,1.378,0.329
22.6,98.5,0.545,0.340
22.6,99.0,-0.289,0.352
22.6,99.5,-1.058,0.363
22.6,100.0,1.250,0.374
23.1,0.0,0.801,1.637
23.1,0.5,0.032,1.630
23.1,1.0,-0.801,1.623
23.1,1.5,1.571,1.617
23.1,2.0,0.801,1.610
23.1,2.5,-0.032,1.604
23.1,3.0,-0.801,1.597
23.1,3.5,1.507,1.590
23.1,4.0,0.737,1.584
23.1,4.5,-0.096,1.576
23.1,5.0,-0.866,1.570
23.1,5.5,1.507,1.562
23.1,6.0,0.673,1.556
23.1,6.5,-0.096,1.548
23.1,7.0,-0.930,1.541
23.1,7.5,1.443,1.534
23.1,8.0,0.609,1.527
23.1,8.5,-0.160,1.520
23.1,9.0,-0.994,1.512
23.1,9.5,1.378,1.505
23.1,10.1,0.609,1.497
23.1,10.6,-0.224,1.490
23.1,11.1,-0.994,1.482
23.1,11.6,1.314,1.475
23.1,12.1,0.545,1.467
23.1,12.6,-0.289,1.459
23.1,13.1,-1.058,1.451
23.1,13.6,1.250,1.444
23.1,14.1,0.481,1.436
23.1,14.6,-0.353,1.428
23.1,15.1,-1.122,1.420
23.1,15.6,1.186,1.412
23.1,16.1,0.417,1.404
23.1,16.6,-0.417,1.396
23.1,17.1,-1.186,1.388
23.1,17.6,1.122,1.380
23.1,18.1,0.353,1.372
23.1,18.6,-0.481,1.363
23.1,19.1,-1.250,1.355
23.1,19.6,1.058,1.347
23.1,20.1,0.289,1.338
23.1,20.6,-0.545,1.330
23.1,21.1,-1.314,1.321
23.1,21.6,0.994,1.313
23.1,22.1,0.224,1.304
23.1,22.6,-0.609,1.296
23.1,23.1,-1.378,1.287
23.1,23.6,0.930,1.278
23.1,24.1,0.160,1.269
23.1,24.6,-0.673,1.261
23.1,25.1,-1.507,1.252
23.1,25.6,0.866,1.243
23.1,26.1,0.032,1.234
23.1,26.6,-0.737,1.225
23.1,27.1,-1.571,1.216
23.1,27.6,0.801,1.207
23.1,28.1,-0.032,1.198
23.1,28.6,-0.801,1.189
23.1,29.1,1.507,1.180
23.1,29.6,0.673,1.170
23.1,30.2,-0.096,1.162
23.1,30.7,-0.930,1.152
23.1,31.2,1.443,1.143
23.1,31.7,0.609,1.134
23.1,32.2,-0.160,1.124
23.1,32.7,-0.994,1.115
23.1,33.2,1.314,1.105
23.1,33.7,0.545,1.096
23.1,34.2,-0.289,1.086
23.1,34.7,-1.058,1.077
23.1,35.2,1.250,1.067
23.1,35.7,0.417,1.057
23.1,36.2,-0.353,1.048
23.1,36.7,-1.186,1.038
23.1,37.2,1.186,1.028
23.1,37.7,0.353,1.019
23.1,38.2,-0.481,1.009
23.1,38.7,-1.250,0.999
23.1,39.2,1.058,0.989
23.1,39.7,0.289,0.979
23.1,40.2,-0.545,0.970
23.1,40.7,-1.378,0.959
23.1,41.2,0.994,0.949
23.1,41.7,0.160,0.940
23.1,42.2,-0.673,0.929
23.1,42.7,-1.443,0.919
23.1,43.2,0.866,0.909
23.1,43.7,0.096,0.899
23.1,44.2,-0.737,0.889
23.1,44.7,-1.571,0.879
23.1,45.2,0.801,0.868
23.1,45.7,-0.032,0.858
23.1,46.2,-0.866,0.848
23.1,46.7,1.507,0.837
23.1,47.2,0.673,0.827
23.1,47.7,-0.160,0.817
23.1,48.2,-0.930,0.806
23.1,48.7,1.378,0.796
23.1,49.2,0.545,0.785
23.1,49.7,-0.224,0.775
23.1,50.3,-1.058,0.764
23.1,50.8,1.250,0.754
23.1,51.3,0.481,0.743
23.1,51.8,-0.353,0.733
23.1,52.3,-1.186,0.722
23.1,52.8,1.186,0.711
23.1,53.3,0.353,0.701
23.1,53.8,-0.481,0.690
23.1,54.3,-1.314,0.679
23.1,54.8,1.058,0.668
23.1,55.3,0.224,0.658
23.1,55.8,-0.609,0.647
23.1,56.3,-1.378,0.636
23.1,56.8,0.930,0.625
23.1,57.3,0.096,0.614
23.1,57.8,-0.737,0.603
23.1,58.3,-1.507,0.592
23.1,58.8,0.801,0.581
23.1,59.3,-0.032,0.570
23.1,59.8,-0.801,0.559
23.1,60.3,1.507,0.548
23.1,60.8,0.673,0.537
23.1,61.3,-0.160,0.526
23.1,61.8,-0.930,0.515
23.1,62.3,1.378,0.504
23.1,62.8,0.545,0.493
23.1,63.3,-0.289,0.482
23.1,63.8,-1.058,0.471
23.1,64.3,1.250,0.460
23.1,64.8,0.417,0.449
23.1,65.3,-0.417,0.437
23.1,65.8,-1.186,0.426
23.1,66.3,1.122,0.415
23.1,66.8,0.289,0.404
23.1,67.3,-0.545,0.393
23.1,67.8,-1.314,0.381
23.1,68.3,0.994,0.370
23.1,68.8,0.160,0.359
23.1,69.3,-0.673,0.348
23.1,69.8,-1.507,0.336
23.1,70.4,0.866,0.325
23.1,70.9,0.032,0.314
23.1,71.4,-0.801,0.302
23.1,71.9,1.507,0.291
23.1,72.4,0.673,0.279
23.1,72.9,-0.096,0.268
23.1,73.4,-0.930,0.257
23.1,73.9,1.378,0.245
23.1,74.4,0.545,0.234
23.1,74.9,-0.289,0.222
23.1,75.4,-1.058,0.211
23.1,75.9,1.250,0.200
23.1,76.4,0.417,0.188
23.1,76.9,-0.417,0.177
23.1,77.4,-1.250,0.165
23.1,77.9,1.122,0.154
23.1,78.4,0.289,0.142
23.1,78.9,-0.545,0.131
23.1,79.4,-1.378,0.119
23.1,79.9,0.930,0.108
23.1,80.4,0.096,0.096
23.1,80.9,-0.737,0.085
23.1,81.4,-1.507,0.073
23.1,81.9,0.801,0.062
23.1,82.4,-0.032,0.050
23.1,82.9,-0.866,0.039
23.1,83.4,1.443,0.027
23.1,83.9,0.609,0.016
23.1,84.4,-0.160,0.004
23.1,84.9,-0.994,0.007
23.1,85.4,1.314,0.019
23.1,85.9,0.481,0.030
23.1,86.4,-0.353,0.042
23.1,86.9,-1.186,0.053
23.1,87.4,1.122,0.065
23.1,87.9,0.289,0.076
23.1,88.4,-0.545,0.088
23.1,88.9,-1.314,0.099
23.1,89.4,0.994,0.111
23.1,89.9,0.160,0.123
23.1,90.5,-0.673,0.134
23.1,91.0,-1.507,0.146
23.1,91.5,0.801,0.157
23.1,92.0,-0.032,0.169
23.1,92.5,-0.866,0.180
23.1,93.0,1.443,0.192
23.1,93.5,0.609,0.203
23.1,94.0,-0.160,0.215
23.1,94.5,-0.994,0.226
23.1,95.0,1.314,0.238
23.1,95.5,0.481,0.249
23.1,96.0,-0.353,0.260
23.1,96.5,-1.186,0.272
23.1,97.0,1.122,0.283
23.1,97.5,0.289,0.295
23.1,98.0,-0.545,0.306
23.1,98.5,-1.378,0.318
23.1,99.0,0.930,0.329
23.1,99.5,0.096,0.340
23.1,100.0,-0.737,0.352
23.6,0.0,-1.186,1.650
23.6,0.5,1.122,1.643
23.6,1.0,0.353,1.637
23.6,1.5,-0.417,1.630
23.6,2.0,-1.250,1.624
23.6,2.5,1.122,1.617
23.6,3.0,0.289,1.610
23.6,3.5,-0.481,1.604
23.6,4.0,-1.250,1.597
23.6,4.5,1.058,1.591
23.6,5.0,0.289,1.583
23.6,5.5,-0.545,1.577
23.6,6.0,-1.314,1.570
23.6,6.5,0.994,1.562
23.6,7.0,0.224,1.556
23.6,7.5,-0.545,1.548
23.6,8.0,-1.378,1.542
23.6,8.5,0.994,1.534
23.6,9.0,0.160,1.527
23.6,9.5,-0.609,1.520
23.6,10.1,-1.443,1.512
23.6,10.6,0.930,1.505
23.6,11.1,0.096,1.497
23.6,11.6,-0.673,1.490
23.6,12.1,-1.507,1.482
23.6,12.6,0.866,1.475
23.6,13.1,0.096,1.466
23.6,13.6,-0.737,1.460
23.6,14.1,-1.507,1.451
23.6,14.6,0.801,1.444
23.6,15.1,0.032,1.436
23.6,15.6,-0.801,1.428
23.6,16.1,1.571,1.420
23.6,16.6,0.737,1.412
23.6,17.1,-0.032,1.404
23.6,17.6,-0.866,1.396
23.6,18.1,1.507,1.388
23.6,18.6,0.673,1.380
23.6,19.1,-0.096,1.371
23.6,19.6,-0.930,1.363
23.6,20.1,1.443,1.355
23.6,20.6,0.609,1.347
23.6,21.1,-0.160,1.338
23.6,21.6,-0.994,1.330
23.6,22.1,1.378,1.321
23.6,22.6,0.545,1.313
23.6,23.1,-0.224,1.304
23.6,23.6,-1.058,1.296
23.6,24.1,1.250,1.287
23.6,24.6,0.481,1.278
23.6,25.1,-0.353,1.269
23.6,25.6,-1.122,1.261
23.6,26.1,1.186,1.252
23.6,26.6,0.417,1.243
23.6,27.1,-0.417,1.234
23.6,27.6,-1.186,1.225
23.6,28.1,1.122,1.216
23.6,28.6,0.353,1.207
23.6,29.1,-0.481,1.198
23.6,29.6,-1.314,1.189
23.6,30.2,1.058,1.180
23.6,30.7,0.224,1.171
23.6,31.2,-0.545,1.162
23.6,31.7,-1.378,1.152
23.6,32.2,0.994,1.143
23.6,32.7,0.160,1.134
23.6,33.2,-0.673,1.124
23.6,33.7,-1.443,1.115
23.6,34.2,0.866,1.105
23.6,34.7,0.096,1.096
23.6,35.2,-0.737,1.087
23.6,35.7,-1.507,1.077
23.6,36.2,0.801,1.067
23.6,36.7,-0.032,1.058
23.6,37.2,-0.801,1.048
23.6,37.7,1.507,1.038
23.6,38.2,0.737,1.028
23.6,38.7,-0.096,1.019
23.6,39.2,-0.930,1.009
23.6,39.7,1.443,0.999
23.6,40.2,0.609,0.989
23.6,40.7,-0.224,0.979
23.6,41.2,-0.994,0.970
23.6,41.7,1.314,0.960
23.6,42.2,0.545,0.949
23.6,42.7,-0.289,0.940
23.6,43.2,-1.122,0.929
23.6,43.7,1.250,0.919
23.6,44.2,0.417,0.909
23.6,44.7,-0.417,0.899
23.6,45.2,-1.186,0.889
23.6,45.7,1.122,0.879
23.6,46.2,0.289,0.868
23.6,46.7,-0.481,0.858
23.6,47.2,-1.314,0.848
23.6,47.7,0.994,0.837
23.6,48.2,0.224,0.827
23.6,48.7,-0.609,0.817
23.6,49.2,-1.378,0.806
23.6,49.7,0.930,0.796
23.6,50.3,0.096,0.785
23.6,50.8,-0.737,0.774
23.6,51.3,-1.507,0.764
23.6,51.8,0.801,0.754
23.6,52.3,-0.032,0.743
23.6,52.8,-0.801,0.732
23.6,53.3,1.507,0.722
23.6,53.8,0.673,0.711
23.6,54.3,-0.096,0.700
23.6,54.8,-0.930,0.690
23.6,55.3,1.378,0.679
23.6,55.8,0.609,0.668
23.6,56.3,-0.224,0.657
23.6,56.8,-1.058,0.647
23.6,57.3,1.250,0.636
23.6,57.8,0.481,0.625
23.6,58.3,-0.353,0.614
23.6,58.8,-1.186,0.603
23.6,59.3,1.186,0.592
23.6,59.8,0.353,0.581
23.6,60.3,-0.481,0.570
23.6,60.8,-1.314,0.559
23.6,61.3,1.058,0.548
23.6,61.8,0.224,0.537
23.6,62.3,-0.609,0.526
23.6,62.8,-1.378,0.515
23.6,63.3,0.930,0.504
23.6,63.8,0.096,0.493
23.6,64.3,-0.737,0.482
23.6,64.8,-1.507,0.471
23.6,65.3,0.801,0.460
23.6,65.8,-0.032,0.449
23.6,66.3,-0.866,0.437
23.6,66.8,1.443,0.426
23.6,67.3,0.673,0.415
23.6,67.8,-0.160,0.404
23.6,68.3,-0.994,0.393
23.6,68.8,1.314,0.381
23.6,69.3,0.545,0.370
23.6,69.8,-0.289,0.359
23.6,70.4,-1.122,0.347
23.6,70.9,1.186,0.336
23.6,71.4,0.417,0.325
23.6,71.9,-0.417,0.313
23.6,72.4,-1.250,0.302
23.6,72.9,1.058,0.291
23.6,73.4,0.224,0.279
23.6,73.9,-0.545,0.268
23.6,74.4,-1.378,0.257
23.6,74.9,0.930,0.245
23.6,75.4,0.096,0.234
23.6,75.9,-0.737,0.222
23.6,76.4,-1.571,0.211
23.6,76.9,0.801,0.199
23.6,77.4,-0.032,0.188
23.6,77.9,-0.866,0.177
23.6,78.4,1.443,0.165
23.6,78.9,0.609,0.154
23.6,79.4,-0.160,0.142
23.6,79.9,-0.994,0.131
23.6,80.4,1.314,0.119
23.6,80.9,0.481,0.108
23.6,81.4,-0.353,0.096
23.6,81.9,-1.186,0.085
23.6,82.4,1.186,0.073
23.6,82.9,0.353,0.062
23.6,83.4,-0.481,0.050
23.6,83.9,-1.314,0.039
23.6,84.4,0.994,0.027
23.6,84.9,0.160,0.016
23.6,85.4,-0.673,0.004
23.6,85.9,-1.507,0.007
23.6,86.4,0.866,0.019
23.6,86.9,0.032,0.030
23.6,87.4,-0.801,0.042
23.6,87.9,1.507,0.054
23.6,88.4,0.673,0.065
23.6,88.9,-0.160,0.077
23.6,89.4,-0.994,0.088
23.6,89.9,1.314,0.100
23.6,90.5,0.545,0.111
23.6,91.0,-0.289,0.123
23.6,91.5,-1.122,0.134
23.6,92.0,1.186,0.146
23.6,92.5,0.353,0.157
23.6,93.0,-0.481,0.169
23.6,93.5,-1.314,0.180
23.6,94.0,0.994,0.192
23.6,94.5,0.160,0.203
23.6,95.0,-0.673,0.215
23.6,95.5,-1.443,0.226
23.6,96.0,0.866,0.238
23.6,96.5,0.032,0.249
23.6,97.0,-0.801,0.261
23.6,97.5,1.507,0.272
23.6,98.0,0.673,0.284
23.6,98.5,-0.160,0.295
23.6,99.0,-0.994,0.307
23.6,99.5,1.314,0.318
23.6,100.0,0.481,0.329
24.1,0.0,-0.032,1.662
24.1,0.5,-0.866,1.656
24.1,1.0,1.507,1.650
24.1,1.5,0.673,1.643
24.1,2.0,-0.096,1.637
24.1,2.5,-0.866,1.630
24.1,3.0,1.443,1.624
24.1,3.5,0.673,1.617
24.1,4.0,-0.160,1.611
24.1,4.5,-0.930,1.604
24.1,5.0,1.378,1.597
24.1,5.5,0.609,1.591
24.1,6.0,-0.160,1.583
24.1,6.5,-0.994,1.577
24.1,7.0,1.378,1.570
24.1,7.5,0.545,1.563
24.1,8.0,-0.224,1.556
24.1,8.5,-1.058,1.548
24.1,9.0,1.314,1.542
24.1,9.5,0.545,1.534
24.1,10.1,-0.289,1.527
24.1,10.6,-1.058,1.519
24.1,11.1,1.250,1.512
24.1,11.6,0.481,1.505
24.1,12.1,-0.353,1.497
24.1,12.6,-1.122,1.490
24.1,13.1,1.186,1.482
24.1,13.6,0.417,1.475
24.1,14.1,-0.417,1.467
24.1,14.6,-1.186,1.460
24.1,15.1,1.122,1.451
24.1,15.6,0.353,1.444
24.1,16.1,-0.481,1.436
24.1,16.6,-1.250,1.428
24.1,17.1,1.058,1.420
24.1,17.6,0.289,1.412
24.1,18.1,-0.481,1.404
24.1,18.6,-1.314,1.396
24.1,19.1,1.058,1.388
24.1,19.6,0.224,1.380
24.1,20.1,-0.545,1.371
24.1,20.6,-1.378,1.364
24.1,21.1,0.930,1.355
24.1,21.6,0.160,1.347
24.1,22.1,-0.673,1.338
24.1,22.6,-1.443,1.330
24.1,23.1,0.866,1.321
24.1,23.6,0.096,1.313
24.1,24.1,-0.737,1.304
24.1,24.6,-1.507,1.296
24.1,25.1,0.801,1.287
24.1,25.6,0.032,1.278
24.1,26.1,-0.801,1.270
24.1,26.6,1.571,1.261
24.1,27.1,0.737,1.252
24.1,27.6,-0.032,1.243
24.1,28.1,-0.866,1.234
24.1,28.6,1.507,1.225
24.1,29.1,0.673,1.217
24.1,29.6,-0.160,1.207
24.1,30.2,-0.930,1.198
24.1,30.7,1.378,1.189
24.1,31.2,0.609,1.180
24.1,31.7,-0.224,1.171
24.1,32.2,-0.994,1.161
24.1,32.7,1.314,1.153
24.1,33.2,0.481,1.143
24.1,33.7,-0.289,1.134
24.1,34.2,-1.122,1.124
24.1,34.7,1.250,1.115
24.1,35.2,0.417,1.106
24.1,35.7,-0.353,1.096
24.1,36.2,-1.186,1.087
24.1,36.7,1.122,1.077
24.1,37.2,0.353,1.067
24.1,37.7,-0.481,1.058
24.1,38.2,-1.250,1.048
24.1,38.7,1.058,1.038
24.1,39.2,0.224,1.028
24.1,39.7,-0.545,1.019
24.1,40.2,-1.378,1.009
24.1,40.7,0.994,0.999
24.1,41.2,0.160,0.989
24.1,41.7,-0.673,0.979
24.1,42.2,-1.443,0.969
24.1,42.7,0.866,0.960
24.1,43.2,0.032,0.949
24.1,43.7,-0.737,0.939
24.1,44.2,-1.571,0.929
24.1,44.7,0.801,0.919
24.1,45.2,-0.032,0.909
24.1,45.7,-0.866,0.899
24.1,46.2,1.507,0.889
24.1,46.7,0.673,0.879
24.1,47.2,-0.160,0.868
24.1,47.7,-0.930,0.858
24.1,48.2,1.378,0.848
24.1,48.7,0.545,0.837
24.1,49.2,-0.224,0.827
24.1,49.7,-1.058,0.817
24.1,50.3,1.250,0.806
24.1,50.8,0.481,0.796
24.1,51.3,-0.353,0.785
24.1,51.8,-1.186,0.775
24.1,52.3,1.186,0.764
24.1,52.8,0.353,0.754
24.1,53.3,-0.481,0.743
24.1,53.8,-1.250,0.732
24.1,54.3,1.058,0.722
24.1,54.8,0.224,0.711
24.1,55.3,-0.545,0.700
24.1,55.8,-1.378,0.690
24.1,56.3,0.930,0.679
24.1,56.8,0.096,0.668
24.1,57.3,-0.673,0.657
24.1,57.8,-1.507,0.647
24.1,58.3,0.801,0.636
24.1,58.8,0.032,0.625
24.1,59.3,-0.801,0.614
24.1,59.8,1.507,0.603
24.1,60.3,0.673,0.592
24.1,60.8,-0.096,0.581
24.1,61.3,-0.930,0.570
24.1,61.8,1.378,0.559
24.1,62.3,0.609,0.548
24.1,62.8,-0.224,0.537
24.1,63.3,-1.058,0.526
24.1,63.8,1.250,0.515
24.1,64.3,0.481,0.504
24.1,64.8,-0.353,0.493
24.1,65.3,-1.186,0.482
24.1,65.8,1.122,0.471
24.1,66.3,0.353,0.460
24.1,66.8,-0.481,0.448
24.1,67.3,-1.314,0.437
24.1,67.8,0.994,0.426
24.1,68.3,0.224,0.415
24.1,68.8,-0.609,0.404
24.1,69.3,-1.443,0.392
24.1,69.8,0.866,0.381
24.1,70.4,0.032,0.370
24.1,70.9,-0.737,0.359
24.1,71.4,1.571,0.347
24.1,71.9,0.737,0.336
24.1,72.4,-0.096,0.325
24.1,72.9,-0.866,0.313
24.1,73.4,1.443,0.302
24.1,73.9,0.609,0.291
24.1,74.4,-0.224,0.279
24.1,74.9,-1.058,0.268
24.1,75.4,1.314,0.256
24.1,75.9,0.481,0.245
24.1,76.4,-0.353,0.234
24.1,76.9,-1.186,0.222
24.1,77.4,1.122,0.211
24.1,77.9,0.353,0.199
24.1,78.4,-0.481,0.188
24.1,78.9,-1.314,0.176
24.1,79.4,0.994,0.165
24.1,79.9,0.160,0.154
24.1,80.4,-0.673,0.142
24.1,80.9,-1.443,0.131
24.1,81.4,0.866,0.119
24.1,81.9,0.032,0.108
24.1,82.4,-0.801,0.096
24.1,82.9,1.507,0.085
24.1,83.4,0.673,0.073
24.1,83.9,-0.096,0.062
24.1,84.4,-0.930,0.050
24.1,84.9,1.378,0.039
24.1,85.4,0.545,0.027
24.1,85.9,-0.289,0.015
24.1,86.4,-1.122,0.004
24.1,86.9,1.186,0.008
24.1,87.4,0.353,0.019
24.1,87.9,-0.417,0.031
24.1,88.4,-1.250,0.042
24.1,88.9,1.058,0.054
24.1,89.4,0.224,0.065
24.1,89.9,-0.609,0.077
24.1,90.5,-1.443,0.088
24.1,91.0,0.866,0.100
24.1,91.5,0.032,0.111
24.1,92.0,-0.737,0.123
24.1,92.5,1.571,0.134
24.1,93.0,0.737,0.146
24.1,93.5,-0.096,0.157
24.1,94.0,-0.930,0.169
24.1,94.5,1.378,0.181
24.1,95.0,0.545,0.192
24.1,95.5,-0.289,0.204
24.1,96.0,-1.122,0.215
24.1,96.5,1.186,0.226
24.1,97.0,0.353,0.238
24.1,97.5,-0.417,0.249
24.1,98.0,-1.250,0.261
24.1,98.5,1.058,0.272
24.1,99.0,0.224,0.284
24.1,99.5,-0.609,0.295
24.1,100.0,-1.443,0.307
24.6,0.0,1.058,1.675
24.6,0.5,0.289,1.669
24.6,1.0,-0.545,1.662
24.6,1.5,-1.314,1.657
24.6,2.0,1.058,1.650
24.6,2.5,0.224,1.644
24.6,3.0,-0.545,1.637
24.6,3.5,-1.378,1.630
24.6,4.0,0.994,1.624
24.6,4.5,0.224,1.617
24.6,5.0,-0.609,1.611
24.6,5.5,-1.378,1.604
24.6,6.0,0.930,1.597
24.6,6.5,0.160,1.591
24.6,7.0,-0.673,1.583
24.6,7.5,-1.443,1.577
24.6,8.0,0.930,1.570
24.6,8.5,0.096,1.563
24.6,9.0,-0.673,1.556
24.6,9.5,-1.507,1.549
24.6,10.1,0.866,1.542
24.6,10.6,0.032,1.534
24.6,11.1,-0.737,1.527
24.6,11.6,-1.571,1.519
24.6,12.1,0.801,1.513
24.6,12.6,0.032,1.505
24.6,13.1,-0.801,1.498
24.6,13.6,1.571,1.490
24.6,14.1,0.737,1.483
24.6,14.6,-0.032,1.475
24.6,15.1,-0.866,1.467
24.6,15.6,1.507,1.460
24.6,16.1,0.673,1.452
24.6,16.6,-0.096,1.444
24.6,17.1,-0.930,1.436
24.6,17.6,1.443,1.428
24.6,18.1,0.609,1.420
24.6,18.6,-0.160,1.412
24.6,19.1,-0.994,1.404
24.6,19.6,1.378,1.396
24.6,20.1,0.545,1.388
24.6,20.6,-0.224,1.380
24.6,21.1,-1.058,1.372
24.6,21.6,1.314,1.364
24.6,22.1,0.481,1.355
24.6,22.6,-0.289,1.347
24.6,23.1,-1.122,1.338
24.6,23.6,1.250,1.330
24.6,24.1,0.417,1.321
24.6,24.6,-0.353,1.313
24.6,25.1,-1.186,1.304
24.6,25.6,1.186,1.296
24.6,26.1,0.353,1.287
24.6,26.6,-0.417,1.278
24.6,27.1,-1.250,1.270
24.6,27.6,1.122,1.261
24.6,28.1,0.289,1.252
24.6,28.6,-0.545,1.243
24.6,29.1,-1.314,1.235
24.6,29.6,0.994,1.225
24.6,30.2,0.224,1.217
24.6,30.7,-0.609,1.207
24.6,31.2,-1.378,1.198
24.6,31.7,0.930,1.189
24.6,32.2,0.160,1.180
24.6,32.7,-0.673,1.171
24.6,33.2,-1.507,1.161
24.6,33.7,0.866,1.153
24.6,34.2,0.032,1.143
24.6,34.7,-0.737,1.134
24.6,35.2,-1.571,1.125
24.6,35.7,0.801,1.115
24.6,36.2,-0.032,1.106
24.6,36.7,-0.866,1.096
24.6,37.2,1.507,1.087
24.6,37.7,0.673,1.077
24.6,38.2,-0.096,1.067
24.6,38.7,-0.930,1.058
24.6,39.2,1.378,1.048
24.6,39.7,0.609,1.038
24.6,40.2,-0.224,1.029
24.6,40.7,-0.994,1.019
24.6,41.2,1.314,1.009
24.6,41.7,0.481,0.999
24.6,42.2,-0.289,0.989
24.6,42.7,-1.122,0.979
24.6,43.2,1.250,0.969
24.6,43.7,0.417,0.960
24.6,44.2,-0.417,0.949
24.6,44.7,-1.186,0.939
24.6,45.2,1.122,0.930
24.6,45.7,0.289,0.919
24.6,46.2,-0.481,0.909
24.6,46.7,-1.314,0.899
24.6,47.2,0.994,0.888
24.6,47.7,0.224,0.879
24.6,48.2,-0.609,0.868
24.6,48.7,-1.378,0.858
24.6,49.2,0.930,0.848
24.6,49.7,0.096,0.837
24.6,50.3,-0.673,0.827
24.6,50.8,-1.507,0.817
24.6,51.3,0.801,0.806
24.6,51.8,0.032,0.795
24.6,52.3,-0.801,0.785
24.6,52.8,1.507,0.775
24.6,53.3,0.737,0.764
24.6,53.8,-0.096,0.754
24.6,54.3,-0.930,0.743
24.6,54.8,1.378,0.732
24.6,55.3,0.609,0.722
24.6,55.8,-0.224,0.711
24.6,56.3,-1.058,0.700
24.6,56.8,1.314,0.690
24.6,57.3,0.481,0.679
24.6,57.8,-0.353,0.668
24.6,58.3,-1.122,0.657
24.6,58.8,1.186,0.647
24.6,59.3,0.353,0.636
24.6,59.8,-0.481,0.625
24.6,60.3,-1.250,0.614
24.6,60.8,1.058,0.603
24.6,61.3,0.224,0.592
24.6,61.8,-0.545,0.581
24.6,62.3,-1.378,0.570
24.6,62.8,0.930,0.559
24.6,63.3,0.096,0.548
24.6,63.8,-0.673,0.537
24.6,64.3,-1.507,0.526
24.6,64.8,0.801,0.515
24.6,65.3,-0.032,0.504
24.6,65.8,-0.801,0.493
24.6,66.3,1.507,0.482
24.6,66.8,0.673,0.471
24.6,67.3,-0.160,0.459
24.6,67.8,-0.930,0.448
24.6,68.3,1.378,0.437
24.6,68.8,0.545,0.426
24.6,69.3,-0.289,0.415
24.6,69.8,-1.058,0.404
24.6,70.4,1.250,0.392
24.6,70.9,0.417,0.381
24.6,71.4,-0.417,0.370
24.6,71.9,-1.186,0.358
24.6,72.4,1.122,0.347
24.6,72.9,0.289,0.336
24.6,73.4,-0.545,0.325
24.6,73.9,-1.378,0.313
24.6,74.4,0.994,0.302
24.6,74.9,0.160,0.291
24.6,75.4,-0.673,0.279
24.6,75.9,-1.507,0.268
24.6,76.4,0.801,0.256
24.6,76.9,0.032,0.245
24.6,77.4,-0.801,0.234
24.6,77.9,1.507,0.222
24.6,78.4,0.673,0.211
24.6,78.9,-0.160,0.199
24.6,79.4,-0.930,0.188
24.6,79.9,1.378,0.176
24.6,80.4,0.545,0.165
24.6,80.9,-0.289,0.153
24.6,81.4,-1.122,0.142
24.6,81.9,1.186,0.130
24.6,82.4,0.417,0.119
24.6,82.9,-0.417,0.107
24.6,83.4,-1.250,0.096
24.6,83.9,1.058,0.084
24.6,84.4,0.224,0.073
24.6,84.9,-0.609,0.061
24.6,85.4,-1.378,0.050
24.6,85.9,0.930,0.038
24.6,86.4,0.096,0.027
24.6,86.9,-0.737,0.015
24.6,87.4,-1.571,0.004
24.6,87.9,0.737,0.008
24.6,88.4,-0.096,0.019
24.6,88.9,-0.930,0.031
24.6,89.4,1.443,0.042
24.6,89.9,0.609,0.054
24.6,90.5,-0.224,0.065
24.6,91.0,-1.058,0.077
24.6,91.5,1.250,0.089
24.6,92.0,0.417,0.100
24.6,92.5,-0.417,0.112
24.6,93.0,-1.250,0.123
24.6,93.5,1.058,0.135
24.6,94.0,0.289,0.146
24.6,94.5,-0.545,0.158
24.6,95.0,-1.378,0.169
24.6,95.5,0.930,0.181
24.6,96.0,0.096,0.192
24.6,96.5,-0.737,0.204
24.6,97.0,-1.571,0.215
24.6,97.5,0.737,0.227
24.6,98.0,-0.096,0.238
24.6,98.5,-0.930,0.250
24.6,99.0,1.378,0.261
24.6,99.5,0.609,0.273
24.6,100.0,-0.224,0.284
25.1,0.0,-0.930,1.687
25.1,0.5,1.378,1.681
25.1,1.0,0.609,1.675
25.1,1.5,-0.160,1.669
25.1,2.0,-0.994,1.663
25.1,2.5,1.378,1.657
25.1,3.0,0.545,1.650
25.1,3.5,-0.224,1.644
25.1,4.0,-0.994,1.637
25.1,4.5,1.314,1.631
25.1,5.0,0.545,1.624
25.1,5.5,-0.289,1.617
25.1,6.0,-1.058,1.611
25.1,6.5,1.314,1.604
25.1,7.0,0.481,1.598
25.1,7.5,-0.289,1.591
25.1,8.0,-1.122,1.584
25.1,8.5,1.250,1.577
25.1,9.0,0.417,1.570
25.1,9.5,-0.353,1.563
25.1,10.1,-1.122,1.556
25.1,10.6,1.186,1.549
25.1,11.1,0.417,1.542
25.1,11.6,-0.417,1.535
25.1,12.1,-1.186,1.527
25.1,12.6,1.122,1.520
25.1,13.1,0.353,1.513
25.1,13.6,-0.481,1.505
25.1,14.1,-1.250,1.498
25.1,14.6,1.058,1.490
25.1,15.1,0.289,1.483
25.1,15.6,-0.481,1.475
25.1,16.1,-1.314,1.468
25.1,16.6,1.058,1.459
25.1,17.1,0.224,1.452
25.1,17.6,-0.545,1.444
25.1,18.1,-1.378,1.436
25.1,18.6,0.994,1.428
25.1,19.1,0.160,1.420
25.1,19.6,-0.609,1.412
25.1,20.1,-1.443,1.404
25.1,20.6,0.930,1.396
25.1,21.1,0.096,1.388
25.1,21.6,-0.673,1.380
25.1,22.1,-1.507,1.372
25.1,22.6,0.866,1.364
25.1,23.1,0.032,1.355
25.1,23.6,-0.737,1.347
25.1,24.1,-1.571,1.339
25.1,24.6,0.801,1.330
25.1,25.1,-0.032,1.322
25.1,25.6,-0.801,1.313
25.1,26.1,1.507,1.305
25.1,26.6,0.737,1.296
25.1,27.1,-0.096,1.287
25.1,27.6,-0.866,1.278
25.1,28.1,1.443,1.270
25.1,28.6,0.609,1.261
25.1,29.1,-0.160,1.252
25.1,29.6,-0.994,1.243
25.1,30.2,1.378,1.235
25.1,30.7,0.545,1.226
25.1,31.2,-0.224,1.216
25.1,31.7,-1.058,1.208
25.1,32.2,1.314,1.198
25.1,32.7,0.481,1.189
25.1,33.2,-0.353,1.180
25.1,33.7,-1.122,1.171
25.1,34.2,1.186,1.162
25.1,34.7,0.417,1.153
25.1,35.2,-0.417,1.143
25.1,35.7,-1.186,1.134
25.1,36.2,1.122,1.125
25.1,36.7,0.289,1.115
25.1,37.2,-0.481,1.106
25.1,37.7,-1.314,1.096
25.1,38.2,1.058,1.087
25.1,38.7,0.224,1.077
25.1,39.2,-0.545,1.067
25.1,39.7,-1.378,1.058
25.1,40.2,0.930,1.048
25.1,40.7,0.160,1.038
25.1,41.2,-0.673,1.029
25.1,41.7,-1.507,1.019
25.1,42.2,0.866,1.009
25.1,42.7,0.032,0.999
25.1,43.2,-0.737,0.989
25.1,43.7,-1.571,0.980
25.1,44.2,0.737,0.969
25.1,44.7,-0.032,0.960
25.1,45.2,-0.866,0.950
25.1,45.7,1.507,0.939
25.1,46.2,0.673,0.930
25.1,46.7,-0.160,0.919
25.1,47.2,-0.930,0.909
25.1,47.7,1.378,0.899
25.1,48.2,0.545,0.889
25.1,48.7,-0.224,0.879
25.1,49.2,-1.058,0.868
25.1,49.7,1.250,0.858
25.1,50.3,0.481,0.848
25.1,50.8,-0.353,0.837
25.1,51.3,-1.186,0.827
25.1,51.8,1.186,0.817
25.1,52.3,0.353,0.806
25.1,52.8,-0.481,0.795
25.1,53.3,-1.250,0.785
25.1,53.8,1.058,0.775
25.1,54.3,0.224,0.764
25.1,54.8,-0.545,0.754
25.1,55.3,-1.378,0.743
25.1,55.8,0.930,0.732
25.1,56.3,0.160,0.722
25.1,56.8,-0.673,0.711
25.1,57.3,-1.507,0.700
25.1,57.8,0.866,0.689
25.1,58.3,0.032,0.679
25.1,58.8,-0.801,0.668
25.1,59.3,1.507,0.657
25.1,59.8,0.737,0.647
25.1,60.3,-0.096,0.636
25.1,60.8,-0.930,0.625
25.1,61.3,1.443,0.614
25.1,61.8,0.609,0.603
25.1,62.3,-0.224,0.592
25.1,62.8,-1.058,0.581
25.1,63.3,1.314,0.570
25.1,63.8,0.481,0.559
25.1,64.3,-0.353,0.548
25.1,64.8,-1.122,0.537
25.1,65.3,1.186,0.526
25.1,65.8,0.353,0.515
25.1,66.3,-0.481,0.504
25.1,66.8,-1.250,0.493
25.1,67.3,1.058,0.482
25.1,67.8,0.224,0.471
25.1,68.3,-0.609,0.459
25.1,68.8,-1.378,0.448
25.1,69.3,0.930,0.437
25.1,69.8,0.096,0.426
25.1,70.4,-0.737,0.415
25.1,70.9,-1.507,0.403
25.1,71.4,0.801,0.392
25.1,71.9,-0.032,0.381
25.1,72.4,-0.866,0.370
25.1,72.9,1.443,0.358
25.1,73.4,0.673,0.347
25.1,73.9,-0.160,0.336
25.1,74.4,-0.994,0.324
25.1,74.9,1.314,0.313
25.1,75.4,0.545,0.302
25.1,75.9,-0.289,0.290
25.1,76.4,-1.122,0.279
25.1,76.9,1.186,0.268
25.1,77.4,0.353,0.256
25.1,77.9,-0.417,0.245
25.1,78.4,-1.250,0.233
25.1,78.9,1.058,0.222
25.1,79.4,0.224,0.211
25.1,79.9,-0.609,0.199
25.1,80.4,-1.443,0.188
25.1,80.9,0.930,0.176
25.1,81.4,0.096,0.165
25.1,81.9,-0.737,0.153
25.1,82.4,-1.571,0.142
25.1,82.9,0.737,0.130
25.1,83.4,-0.096,0.119
25.1,83.9,-0.866,0.107
25.1,84.4,1.443,0.096
25.1,84.9,0.609,0.084
25.1,85.4,-0.224,0.073
25.1,85.9,-1.058,0.061
25.1,86.4,1.250,0.050
25.1,86.9,0.481,0.038
25.1,87.4,-0.353,0.027
25.1,87.9,-1.186,0.015
25.1,88.4,1.122,0.004
25.1,88.9,0.289,0.008
25.1,89.4,-0.545,0.020
25.1,89.9,-1.378,0.031
25.1,90.5,0.930,0.043
25.1,91.0,0.160,0.054
25.1,91.5,-0.673,0.066
25.1,92.0,-1.507,0.077
25.1,92.5,0.801,0.089
25.1,93.0,-0.032,0.100
25.1,93.5,-0.866,0.112
25.1,94.0,1.443,0.123
25.1,94.5,0.609,0.135
25.1,95.0,-0.224,0.146
25.1,95.5,-0.994,0.158
25.1,96.0,1.314,0.169
25.1,96.5,0.481,0.181
25.1,97.0,-0.353,0.192
25.1,97.5,-1.186,0.204
25.1,98.0,1.122,0.215
25.1,98.5,0.289,0.227
25.1,99.0,-0.545,0.238
25.1,99.5,-1.378,0.250
25.1,100.0,0.930,0.261
25.6,0.0,0.160,1.699
25.6,0.5,-0.609,1.694
25.6,1.0,-1.378,1.687
25.6,1.5,0.930,1.681
25.6,2.0,0.160,1.675
25.6,2.5,-0.609,1.668
25.6,3.0,-1.443,1.663
25.6,3.5,0.930,1.657
25.6,4.0,0.096,1.650
25.6,4.5,-0.673,1.644
25.6,5.0,-1.443,1.637
25.6,5.5,0.866,1.631
25.6,6.0,0.096,1.624
25.6,6.5,-0.737,1.618
25.6,7.0,-1.507,1.611
25.6,7.5,0.801,1.604
25.6,8.0,0.032,1.598
25.6,8.5,-0.737,1.591
25.6,9.0,-1.571,1.584
25.6,9.5,0.801,1.577
25.6,10.1,-0.032,1.570
25.6,10.6,-0.801,1.563
25.6,11.1,1.507,1.556
25.6,11.6,0.737,1.549
25.6,12.1,-0.032,1.541
25.6,12.6,-0.866,1.535
25.6,13.1,1.507,1.527
25.6,13.6,0.673,1.520
25.6,14.1,-0.096,1.513
25.6,14.6,-0.930,1.505
25.6,15.1,1.443,1.498
25.6,15.6,0.609,1.490
25.6,16.1,-0.160,1.483
25.6,16.6,-0.994,1.475
25.6,17.1,1.378,1.468
25.6,17.6,0.545,1.459
25.6,18.1,-0.224,1.452
25.6,18.6,-0.994,1.444
25.6,19.1,1.314,1.437
25.6,19.6,0.545,1.428
25.6,20.1,-0.289,1.421
25.6,20.6,-1.058,1.412
25.6,21.1,1.250,1.405
25.6,21.6,0.481,1.396
25.6,22.1,-0.353,1.388
25.6,22.6,-1.122,1.380
25.6,23.1,1.186,1.372
25.6,23.6,0.417,1.363
25.6,24.1,-0.417,1.356
25.6,24.6,-1.186,1.347
25.6,25.1,1.122,1.339
25.6,25.6,0.353,1.330
25.6,26.1,-0.481,1.322
25.6,26.6,-1.314,1.313
25.6,27.1,1.058,1.305
25.6,27.6,0.224,1.296
25.6,28.1,-0.545,1.287
25.6,28.6,-1.378,1.278
25.6,29.1,0.994,1.270
25.6,29.6,0.160,1.261
25.6,30.2,-0.609,1.252
25.6,30.7,-1.443,1.243
25.6,31.2,0.930,1.234
25.6,31.7,0.096,1.226
25.6,32.2,-0.673,1.216
25.6,32.7,-1.507,1.208
25.6,33.2,0.801,1.198
25.6,33.7,0.032,1.190
25.6,34.2,-0.801,1.180
25.6,34.7,1.571,1.171
25.6,35.2,0.737,1.162
25.6,35.7,-0.032,1.152
25.6,36.2,-0.866,1.143
25.6,36.7,1.443,1.134
25.6,37.2,0.673,1.125
25.6,37.7,-0.160,1.115
25.6,38.2,-0.930,1.106
25.6,38.7,1.378,1.096
25.6,39.2,0.609,1.086
25.6,39.7,-0.224,1.077
25.6,40.2,-1.058,1.067
25.6,40.7,1.314,1.058
25.6,41.2,0.481,1.048
25.6,41.7,-0.289,1.038
25.6,42.2,-1.122,1.029
25.6,42.7,1.186,1.019
25.6,43.2,0.417,1.009
25.6,43.7,-0.417,0.999
25.6,44.2,-1.186,0.989
25.6,44.7,1.122,0.980
25.6,45.2,0.289,0.970
25.6,45.7,-0.481,0.959
25.6,46.2,-1.314,0.950
25.6,46.7,0.994,0.939
25.6,47.2,0.224,0.929
25.6,47.7,-0.609,0.919
25.6,48.2,-1.443,0.909
25.6,48.7,0.930,0.899
25.6,49.2,0.096,0.889
25.6,49.7,-0.673,0.878
25.6,50.3,-1.507,0.868
25.6,50.8,0.801,0.858
25.6,51.3,0.032,0.848
25.6,51.8,-0.801,0.837
25.6,52.3,1.507,0.827
25.6,52.8,0.737,0.816
25.6,53.3,-0.096,0.806
25.6,53.8,-0.930,0.796
25.6,54.3,1.443,0.785
25.6,54.8,0.609,0.775
25.6,55.3,-0.224,0.764
25.6,55.8,-0.994,0.753
25.6,56.3,1.314,0.743
25.6,56.8,0.481,0.732
25.6,57.3,-0.289,0.721
25.6,57.8,-1.122,0.711
25.6,58.3,1.186,0.700
25.6,58.8,0.353,0.689
25.6,59.3,-0.417,0.679
25.6,59.8,-1.250,0.668
25.6,60.3,1.058,0.657
25.6,60.8,0.289,0.646
25.6,61.3,-0.545,0.636
25.6,61.8,-1.378,0.625
25.6,62.3,0.930,0.614
25.6,62.8,0.160,0.603
25.6,63.3,-0.673,0.592
25.6,63.8,-1.507,0.581
25.6,64.3,0.866,0.570
25.6,64.8,0.032,0.559
25.6,65.3,-0.801,0.548
25.6,65.8,1.507,0.537
25.6,66.3,0.737,0.526
25.6,66.8,-0.096,0.515
25.6,67.3,-0.930,0.504
25.6,67.8,1.378,0.493
25.6,68.3,0.609,0.482
25.6,68.8,-0.224,0.471
25.6,69.3,-1.058,0.459
25.6,69.8,1.250,0.448
25.6,70.4,0.481,0.437
25.6,70.9,-0.353,0.426
25.6,71.4,-1.186,0.415
25.6,71.9,1.122,0.403
25.6,72.4,0.353,0.392
25.6,72.9,-0.481,0.381
25.6,73.4,-1.314,0.370
25.6,73.9,0.994,0.358
25.6,74.4,0.224,0.347
25.6,74.9,-0.609,0.336
25.6,75.4,-1.443,0.324
25.6,75.9,0.866,0.313
25.6,76.4,0.032,0.302
25.6,76.9,-0.737,0.290
25.6,77.4,1.571,0.279
25.6,77.9,0.737,0.268
25.6,78.4,-0.096,0.256
25.6,78.9,-0.930,0.245
25.6,79.4,1.443,0.233
25.6,79.9,0.609,0.222
25.6,80.4,-0.224,0.210
25.6,80.9,-1.058,0.199
25.6,81.4,1.250,0.187
25.6,81.9,0.417,0.176
25.6,82.4,-0.353,0.165
25.6,82.9,-1.186,0.153
25.6,83.4,1.122,0.142
25.6,83.9,0.289,0.130
25.6,84.4,-0.545,0.119
25.6,84.9,-1.378,0.107
25.6,85.4,0.994,0.096
25.6,85.9,0.160,0.084
25.6,86.4,-0.673,0.073
25.6,86.9,-1.507,0.061
25.6,87.4,0.801,0.050
25.6,87.9,-0.032,0.038
25.6,88.4,-0.801,0.026
25.6,88.9,1.507,0.015
25.6,89.4,0.673,0.003
25.6,89.9,-0.160,0.008
25.6,90.5,-0.994,0.020
25.6,91.0,1.314,0.031
25.6,91.5,0.481,0.043
25.6,92.0,-0.353,0.054
25.6,92.5,-1.122,0.066
25.6,93.0,1.186,0.077
25.6,93.5,0.353,0.089
25.6,94.0,-0.481,0.100
25.6,94.5,-1.314,0.112
25.6,95.0,0.994,0.124
25.6,95.5,0.160,0.135
25.6,96.0,-0.673,0.147
25.6,96.5,-1.507,0.158
25.6,97.0,0.801,0.170
25.6,97.5,0.032,0.181
25.6,98.0,-0.801,0.193
25.6,98.5,1.507,0.204
25.6,99.0,0.673,0.216
25.6,99.5,-0.160,0.227
25.6,100.0,-0.994,0.239
26.1,0.0,1.314,1.711
26.1,0.5,0.545,1.705
26.1,1.0,-0.289,1.699
26.1,1.5,-1.058,1.694
26.1,2.0,1.314,1.687
26.1,2.5,0.481,1.682
26.1,3.0,-0.289,1.675
26.1,3.5,-1.122,1.669
26.1,4.0,1.250,1.663
26.1,4.5,0.481,1.656
26.1,5.0,-0.353,1.650
26.1,5.5,-1.122,1.644
26.1,6.0,1.186,1.637
26.1,6.5,0.417,1.631
26.1,7.0,-0.353,1.624
26.1,7.5,-1.186,1.618
26.1,8.0,1.186,1.611
26.1,8.5,0.353,1.604
26.1,9.0,-0.417,1.598
26.1,9.5,-1.250,1.591
26.1,10.1,1.122,1.584
26.1,10.6,0.353,1.577
26.1,11.1,-0.481,1.570
26.1,11.6,-1.250,1.563
26.1,12.1,1.058,1.556
26.1,12.6,0.289,1.549
26.1,13.1,-0.545,1.542
26.1,13.6,-1.314,1.535
26.1,14.1,0.994,1.527
26.1,14.6,0.224,1.520
26.1,15.1,-0.545,1.512
26.1,15.6,-1.378,1.505
26.1,16.1,0.994,1.498
26.1,16.6,0.160,1.490
26.1,17.1,-0.609,1.483
26.1,17.6,-1.443,1.475
26.1,18.1,0.930,1.468
26.1,18.6,0.096,1.460
26.1,19.1,-0.673,1.452
26.1,19.6,-1.507,1.444
26.1,20.1,0.866,1.437
26.1,20.6,0.032,1.428
26.1,21.1,-0.737,1.421
26.1,21.6,-1.571,1.412
26.1,22.1,0.801,1.405
26.1,22.6,-0.032,1.396
26.1,23.1,-0.801,1.389
26.1,23.6,1.507,1.380
26.1,24.1,0.737,1.372
26.1,24.6,-0.096,1.363
26.1,25.1,-0.866,1.356
26.1,25.6,1.443,1.347
26.1,26.1,0.673,1.339
26.1,26.6,-0.160,1.330
26.1,27.1,-0.930,1.322
26.1,27.6,1.378,1.313
26.1,28.1,0.609,1.305
26.1,28.6,-0.224,1.296
26.1,29.1,-0.994,1.287
26.1,29.6,1.314,1.279
26.1,30.2,0.545,1.270
26.1,30.7,-0.289,1.261
26.1,31.2,-1.058,1.252
26.1,31.7,1.250,1.244
26.1,32.2,0.481,1.234
26.1,32.7,-0.353,1.226
26.1,33.2,-1.186,1.216
26.1,33.7,1.186,1.208
26.1,34.2,0.353,1.198
26.1,34.7,-0.417,1.189
26.1,35.2,-1.250,1.180
26.1,35.7,1.122,1.171
26.1,36.2,0.289,1.162
26.1,36.7,-0.545,1.152
26.1,37.2,-1.314,1.143
26.1,37.7,0.994,1.134
26.1,38.2,0.224,1.125
26.1,38.7,-0.609,1.115
26.1,39.2,-1.378,1.105
26.1,39.7,0.930,1.096
26.1,40.2,0.096,1.086
26.1,40.7,-0.673,1.077
26.1,41.2,-1.507,1.068
26.1,41.7,0.866,1.058
26.1,42.2,0.032,1.048
26.1,42.7,-0.801,1.038
26.1,43.2,1.571,1.029
26.1,43.7,0.737,1.019
26.1,44.2,-0.032,1.009
26.1,44.7,-0.866,0.999
26.1,45.2,1.443,0.989
26.1,45.7,0.673,0.980
26.1,46.2,-0.160,0.970
26.1,46.7,-0.930,0.959
26.1,47.2,1.378,0.950
26.1,47.7,0.545,0.940
26.1,48.2,-0.224,0.929
26.1,48.7,-1.058,0.919
26.1,49.2,1.250,0.909
26.1,49.7,0.481,0.899
26.1,50.3,-0.353,0.889
26.1,50.8,-1.186,0.878
26.1,51.3,1.186,0.868
26.1,51.8,0.353,0.858
26.1,52.3,-0.481,0.847
26.1,52.8,-1.250,0.837
26.1,53.3,1.058,0.827
26.1,53.8,0.224,0.816
26.1,54.3,-0.545,0.806
26.1,54.8,-1.378,0.796
26.1,55.3,0.930,0.785
26.1,55.8,0.160,0.775
26.1,56.3,-0.673,0.764
26.1,56.8,-1.507,0.753
26.1,57.3,0.866,0.743
26.1,57.8,0.032,0.732
26.1,58.3,-0.801,0.722
26.1,58.8,1.571,0.711
26.1,59.3,0.737,0.700
26.1,59.8,-0.096,0.689
26.1,60.3,-0.866,0.679
26.1,60.8,1.443,0.668
26.1,61.3,0.609,0.657
26.1,61.8,-0.224,0.646
26.1,62.3,-0.994,0.636
26.1,62.8,1.314,0.625
26.1,63.3,0.481,0.614
26.1,63.8,-0.289,0.603
26.1,64.3,-1.122,0.592
26.1,64.8,1.186,0.581
26.1,65.3,0.353,0.570
26.1,65.8,-0.417,0.559
26.1,66.3,-1.250,0.548
26.1,66.8,1.058,0.537
26.1,67.3,0.289,0.526
26.1,67.8,-0.545,0.515
26.1,68.3,-1.378,0.504
26.1,68.8,0.930,0.493
26.1,69.3,0.160,0.481
26.1,69.8,-0.673,0.470
26.1,70.4,-1.507,0.459
26.1,70.9,0.801,0.448
26.1,71.4,0.032,0.437
26.1,71.9,-0.801,0.426
26.1,72.4,1.507,0.415
26.1,72.9,0.673,0.403
26.1,73.4,-0.160,0.392
26.1,73.9,-0.930,0.381
26.1,74.4,1.378,0.370
26.1,74.9,0.545,0.358
26.1,75.4,-0.289,0.347
26.1,75.9,-1.058,0.335
26.1,76.4,1.250,0.324
26.1,76.9,0.417,0.313
26.1,77.4,-0.417,0.302
26.1,77.9,-1.250,0.290
26.1,78.4,1.122,0.279
26.1,78.9,0.289,0.267
26.1,79.4,-0.545,0.256
26.1,79.9,-1.378,0.245
26.1,80.4,0.930,0.233
26.1,80.9,0.160,0.222
26.1,81.4,-0.673,0.210
26.1,81.9,-1.507,0.199
26.1,82.4,0.801,0.187
26.1,82.9,-0.032,0.176
26.1,83.4,-0.866,0.164
26.1,83.9,1.507,0.153
26.1,84.4,0.673,0.141
26.1,84.9,-0.160,0.130
26.1,85.4,-0.994,0.118
26.1,85.9,1.314,0.107
26.1,86.4,0.481,0.095
26.1,86.9,-0.289,0.084
26.1,87.4,-1.122,0.072
26.1,87.9,1.186,0.061
26.1,88.4,0.353,0.049
26.1,88.9,-0.481,0.038
26.1,89.4,-1.314,0.026
26.1,89.9,1.058,0.015
26.1,90.5,0.224,0.003
26.1,91.0,-0.609,0.008
26.1,91.5,-1.443,0.020
26.1,92.0,0.866,0.031
26.1,92.5,0.032,0.043
26.1,93.0,-0.801,0.054
26.1,93.5,1.507,0.066
26.1,94.0,0.737,0.078
26.1,94.5,-0.096,0.089
26.1,95.0,-0.930,0.101
26.1,95.5,1.378,0.112
26.1,96.0,0.545,0.124
26.1,96.5,-0.289,0.135
26.1,97.0,-1.122,0.147
26.1,97.5,1.186,0.158
26.1,98.0,0.353,0.170
26.1,98.5,-0.481,0.181
26.1,99.0,-1.250,0.193
26.1,99.5,1.058,0.204
26.1,100.0,0.224,0.216
26.6,0.0,-0.673,1.723
26.6,0.5,-1.507,1.717
26.6,1.0,0.866,1.712
26.6,1.5,0.096,1.705
26.6,2.0,-0.737,1.700
26.6,2.5,-1.507,1.694
26.6,3.0,0.801,1.687
26.6,3.5,0.032,1.682
26.6,4.0,-0.737,1.675
26.6,4.5,-1.571,1.669
26.6,5.0,0.801,1.663
26.6,5.5,-0.032,1.656
26.6,6.0,-0.801,1.651
26.6,6.5,1.571,1.644
26.6,7.0,0.737,1.638
26.6,7.5,-0.032,1.631
26.6,8.0,-0.866,1.624
26.6,8.5,1.507,1.618
26.6,9.0,0.737,1.611
26.6,9.5,-0.096,1.605
26.6,10.1,-0.866,1.598
26.6,10.6,1.443,1.591
26.6,11.1,0.673,1.584
26.6,11.6,-0.160,1.577
26.6,12.1,-0.930,1.571
26.6,12.6,1.443,1.563
26.6,13.1,0.609,1.556
26.6,13.6,-0.160,1.549
26.6,14.1,-0.994,1.542
26.6,14.6,1.378,1.535
26.6,15.1,0.545,1.527
26.6,15.6,-0.224,1.520
26.6,16.1,-1.058,1.512
26.6,16.6,1.314,1.506
26.6,17.1,0.545,1.497
26.6,17.6,-0.289,1.491
26.6,18.1,-1.058,1.483
26.6,18.6,1.250,1.475
26.6,19.1,0.481,1.468
26.6,19.6,-0.353,1.460
26.6,20.1,-1.122,1.452
26.6,20.6,1.186,1.444
26.6,21.1,0.417,1.437
26.6,21.6,-0.417,1.429
26.6,22.1,-1.186,1.421
26.6,22.6,1.122,1.413
26.6,23.1,0.353,1.405
26.6,23.6,-0.481,1.397
26.6,24.1,-1.250,1.389
26.6,24.6,1.058,1.380
26.6,25.1,0.289,1.372
26.6,25.6,-0.545,1.364
26.6,26.1,-1.314,1.356
26.6,26.6,0.994,1.347
26.6,27.1,0.224,1.339
26.6,27.6,-0.609,1.330
26.6,28.1,-1.378,1.322
26.6,28.6,0.930,1.313
26.6,29.1,0.160,1.305
26.6,29.6,-0.673,1.296
26.6,30.2,-1.443,1.287
26.6,30.7,0.866,1.279
26.6,31.2,0.096,1.270
26.6,31.7,-0.737,1.261
26.6,32.2,-1.571,1.252
26.6,32.7,0.801,1.244
26.6,33.2,-0.032,1.234
26.6,33.7,-0.801,1.226
26.6,34.2,1.507,1.217
26.6,34.7,0.737,1.208
26.6,35.2,-0.096,1.199
26.6,35.7,-0.866,1.189
26.6,36.2,1.443,1.181
26.6,36.7,0.609,1.171
26.6,37.2,-0.160,1.162
26.6,37.7,-0.994,1.153
26.6,38.2,1.378,1.143
26.6,38.7,0.545,1.134
26.6,39.2,-0.224,1.124
26.6,39.7,-1.058,1.115
26.6,40.2,1.250,1.105
26.6,40.7,0.481,1.096
26.6,41.2,-0.353,1.087
26.6,41.7,-1.122,1.077
26.6,42.2,1.186,1.068
26.6,42.7,0.353,1.058
26.6,43.2,-0.417,1.048
26.6,43.7,-1.250,1.038
26.6,44.2,1.122,1.029
26.6,44.7,0.289,1.019
26.6,45.2,-0.545,1.009
26.6,45.7,-1.314,0.999
26.6,46.2,0.994,0.989
26.6,46.7,0.224,0.979
26.6,47.2,-0.609,0.970
26.6,47.7,-1.443,0.959
26.6,48.2,0.930,0.950
26.6,48.7,0.096,0.940
26.6,49.2,-0.737,0.929
26.6,49.7,-1.507,0.919
26.6,50.3,0.801,0.909
26.6,50.8,0.032,0.899
26.6,51.3,-0.801,0.889
26.6,51.8,1.507,0.879
26.6,52.3,0.737,0.868
26.6,52.8,-0.096,0.858
26.6,53.3,-0.930,0.848
26.6,53.8,1.443,0.837
26.6,54.3,0.609,0.827
26.6,54.8,-0.224,0.816
26.6,55.3,-0.994,0.806
26.6,55.8,1.314,0.796
26.6,56.3,0.481,0.785
26.6,56.8,-0.289,0.775
26.6,57.3,-1.122,0.764
26.6,57.8,1.186,0.753
26.6,58.3,0.417,0.743
26.6,58.8,-0.417,0.732
26.6,59.3,-1.250,0.722
26.6,59.8,1.122,0.711
26.6,60.3,0.289,0.700
26.6,60.8,-0.545,0.690
26.6,61.3,-1.378,0.679
26.6,61.8,0.994,0.668
26.6,62.3,0.160,0.657
26.6,62.8,-0.673,0.646
26.6,63.3,-1.443,0.635
26.6,63.8,0.866,0.625
26.6,64.3,0.032,0.614
26.6,64.8,-0.801,0.603
26.6,65.3,1.571,0.592
26.6,65.8,0.737,0.581
26.6,66.3,-0.096,0.570
26.6,66.8,-0.866,0.559
26.6,67.3,1.443,0.548
26.6,67.8,0.609,0.537
26.6,68.3,-0.224,0.526
26.6,68.8,-0.994,0.515
26.6,69.3,1.314,0.504
26.6,69.8,0.481,0.493
26.6,70.4,-0.353,0.481
26.6,70.9,-1.122,0.470
26.6,71.4,1.186,0.459
26.6,71.9,0.353,0.448
26.6,72.4,-0.481,0.437
26.6,72.9,-1.250,0.426
26.6,73.4,1.058,0.414
26.6,73.9,0.224,0.403
26.6,74.4,-0.609,0.392
26.6,74.9,-1.378,0.381
26.6,75.4,0.930,0.369
26.6,75.9,0.096,0.358
26.6,76.4,-0.737,0.347
26.6,76.9,-1.571,0.335
26.6,77.4,0.801,0.324
26.6,77.9,-0.032,0.313
26.6,78.4,-0.866,0.301
26.6,78.9,1.443,0.290
26.6,79.4,0.609,0.279
26.6,79.9,-0.160,0.267
26.6,80.4,-0.994,0.256
26.6,80.9,1.314,0.244
26.6,81.4,0.481,0.233
26.6,81.9,-0.353,0.221
26.6,82.4,-1.122,0.210
26.6,82.9,1.186,0.199
26.6,83.4,0.353,0.187
26.6,83.9,-0.481,0.176
26.6,84.4,-1.314,0.164
26.6,84.9,1.058,0.153
26.6,85.4,0.224,0.141
26.6,85.9,-0.609,0.130
26.6,86.4,-1.443,0.118
26.6,86.9,0.866,0.107
26.6,87.4,0.032,0.095
26.6,87.9,-0.737,0.084
26.6,88.4,1.571,0.072
26.6,88.9,0.737,0.061
26.6,89.4,-0.096,0.049
26.6,89.9,-0.930,0.038
26.6,90.5,1.378,0.026
26.6,91.0,0.545,0.015
26.6,91.5,-0.224,0.003
26.6,92.0,-1.058,0.009
26.6,92.5,1.250,0.020
26.6,93.0,0.417,0.032
26.6,93.5,-0.417,0.043
26.6,94.0,-1.250,0.055
26.6,94.5,1.058,0.066
26.6,95.0,0.224,0.078
26.6,95.5,-0.609,0.089
26.6,96.0,-1.378,0.101
26.6,96.5,0.930,0.112
26.6,97.0,0.096,0.124
26.6,97.5,-0.737,0.135
26.6,98.0,-1.571,0.147
26.6,98.5,0.737,0.159
26.6,99.0,-0.096,0.170
26.6,99.5,-0.930,0.182
26.6,100.0,1.378,0.193
27.1,0.0,0.417,1.734
27.1,0.5,-0.353,1.729
27.1,1.0,-1.122,1.722
27.1,1.5,1.186,1.717
27.1,2.0,0.417,1.712
27.1,2.5,-0.417,1.705
27.1,3.0,-1.186,1.700
27.1,3.5,1.186,1.694
27.1,4.0,0.353,1.688
27.1,4.5,-0.417,1.682
27.1,5.0,-1.250,1.675
27.1,5.5,1.122,1.670
27.1,6.0,0.353,1.663
27.1,6.5,-0.481,1.657
27.1,7.0,-1.250,1.651
27.1,7.5,1.058,1.644
27.1,8.0,0.289,1.638
27.1,8.5,-0.481,1.631
27.1,9.0,-1.314,1.625
27.1,9.5,1.058,1.618
27.1,10.1,0.224,1.611
27.1,10.6,-0.545,1.605
27.1,11.1,-1.314,1.598
27.1,11.6,0.994,1.591
27.1,12.1,0.224,1.584
27.1,12.6,-0.609,1.577
27.1,13.1,-1.378,1.571
27.1,13.6,0.930,1.563
27.1,14.1,0.160,1.557
27.1,14.6,-0.609,1.549
27.1,15.1,-1.443,1.542
27.1,15.6,0.930,1.535
27.1,16.1,0.096,1.528
27.1,16.6,-0.673,1.520
27.1,17.1,-1.507,1.513
27.1,17.6,0.866,1.506
27.1,18.1,0.032,1.498
27.1,18.6,-0.737,1.491
27.1,19.1,-1.571,1.483
27.1,19.6,0.801,1.476
27.1,20.1,0.032,1.467
27.1,20.6,-0.801,1.460
27.1,21.1,1.571,1.452
27.1,21.6,0.737,1.445
27.1,22.1,-0.032,1.436
27.1,22.6,-0.866,1.429
27.1,23.1,1.507,1.421
27.1,23.6,0.673,1.413
27.1,24.1,-0.096,1.405
27.1,24.6,-0.930,1.397
27.1,25.1,1.443,1.388
27.1,25.6,0.609,1.381
27.1,26.1,-0.160,1.372
27.1,26.6,-0.994,1.364
27.1,27.1,1.378,1.355
27.1,27.6,0.545,1.347
27.1,28.1,-0.224,1.339
27.1,28.6,-1.058,1.331
27.1,29.1,1.314,1.322
27.1,29.6,0.481,1.314
27.1,30.2,-0.289,1.304
27.1,30.7,-1.122,1.296
27.1,31.2,1.186,1.287
27.1,31.7,0.417,1.279
27.1,32.2,-0.417,1.270
27.1,32.7,-1.186,1.261
27.1,33.2,1.122,1.252
27.1,33.7,0.353,1.244
27.1,34.2,-0.481,1.235
27.1,34.7,-1.250,1.226
27.1,35.2,1.058,1.217
27.1,35.7,0.289,1.208
27.1,36.2,-0.545,1.199
27.1,36.7,-1.378,1.189
27.1,37.2,0.994,1.181
27.1,37.7,0.160,1.171
27.1,38.2,-0.609,1.162
27.1,38.7,-1.443,1.153
27.1,39.2,0.930,1.143
27.1,39.7,0.096,1.134
27.1,40.2,-0.737,1.124
27.1,40.7,-1.507,1.115
27.1,41.2,0.801,1.106
27.1,41.7,0.032,1.096
27.1,42.2,-0.801,1.087
27.1,42.7,1.571,1.077
27.1,43.2,0.737,1.068
27.1,43.7,-0.096,1.058
27.1,44.2,-0.866,1.048
27.1,44.7,1.443,1.039
27.1,45.2,0.673,1.029
27.1,45.7,-0.160,1.019
27.1,46.2,-0.994,1.009
27.1,46.7,1.378,0.999
27.1,47.2,0.545,0.990
27.1,47.7,-0.289,0.979
27.1,48.2,-1.058,0.970
27.1,48.7,1.250,0.960
27.1,49.2,0.481,0.949
27.1,49.7,-0.353,0.940
27.1,50.3,-1.186,0.929
27.1,50.8,1.186,0.919
27.1,51.3,0.353,0.909
27.1,51.8,-0.481,0.899
27.1,52.3,-1.250,0.889
27.1,52.8,1.058,0.879
27.1,53.3,0.224,0.868
27.1,53.8,-0.545,0.858
27.1,54.3,-1.378,0.848
27.1,54.8,0.994,0.837
27.1,55.3,0.160,0.827
27.1,55.8,-0.673,0.817
27.1,56.3,-1.443,0.806
27.1,56.8,0.866,0.796
27.1,57.3,0.032,0.785
27.1,57.8,-0.737,0.774
27.1,58.3,1.571,0.764
27.1,58.8,0.737,0.754
27.1,59.3,-0.096,0.743
27.1,59.8,-0.866,0.732
27.1,60.3,1.443,0.722
27.1,60.8,0.609,0.711
27.1,61.3,-0.160,0.700
27.1,61.8,-0.994,0.690
27.1,62.3,1.314,0.679
27.1,62.8,0.545,0.668
27.1,63.3,-0.289,0.657
27.1,63.8,-1.122,0.646
27.1,64.3,1.250,0.635
27.1,64.8,0.417,0.625
27.1,65.3,-0.417,0.614
27.1,65.8,-1.250,0.603
27.1,66.3,1.122,0.592
27.1,66.8,0.289,0.581
27.1,67.3,-0.545,0.570
27.1,67.8,-1.378,0.559
27.1,68.3,0.994,0.548
27.1,68.8,0.160,0.537
27.1,69.3,-0.673,0.526
27.1,69.8,-1.443,0.515
27.1,70.4,0.866,0.504
27.1,70.9,0.032,0.493
27.1,71.4,-0.801,0.481
27.1,71.9,1.571,0.470
27.1,72.4,0.737,0.459
27.1,72.9,-0.096,0.448
27.1,73.4,-0.930,0.437
27.1,73.9,1.378,0.425
27.1,74.4,0.609,0.414
27.1,74.9,-0.224,0.403
27.1,75.4,-1.058,0.392
27.1,75.9,1.250,0.380
27.1,76.4,0.481,0.369
27.1,76.9,-0.353,0.358
27.1,77.4,-1.186,0.347
27.1,77.9,1.122,0.335
27.1,78.4,0.353,0.324
27.1,78.9,-0.481,0.313
27.1,79.4,-1.314,0.301
27.1,79.9,0.994,0.290
27.1,80.4,0.160,0.278
27.1,80.9,-0.609,0.267
27.1,81.4,-1.443,0.256
27.1,81.9,0.866,0.244
27.1,82.4,0.032,0.233
27.1,82.9,-0.801,0.221
27.1,83.4,1.507,0.210
27.1,83.9,0.737,0.199
27.1,84.4,-0.096,0.187
27.1,84.9,-0.930,0.176
27.1,85.4,1.378,0.164
27.1,85.9,0.545,0.153
27.1,86.4,-0.224,0.141
27.1,86.9,-1.058,0.130
27.1,87.4,1.250,0.118
27.1,87.9,0.417,0.107
27.1,88.4,-0.417,0.095
27.1,88.9,-1.250,0.084
27.1,89.4,1.122,0.072
27.1,89.9,0.289,0.061
27.1,90.5,-0.545,0.049
27.1,91.0,-1.378,0.037
27.1,91.5,0.930,0.026
27.1,92.0,0.096,0.014
27.1,92.5,-0.737,0.003
27.1,93.0,-1.507,0.009
27.1,93.5,0.801,0.020
27.1,94.0,-0.032,0.032
27.1,94.5,-0.866,0.043
27.1,95.0,1.443,0.055
27.1,95.5,0.609,0.066
27.1,96.0,-0.224,0.078
27.1,96.5,-1.058,0.089
27.1,97.0,1.250,0.101
27.1,97.5,0.481,0.113
27.1,98.0,-0.353,0.124
27.1,98.5,-1.186,0.136
27.1,99.0,1.122,0.147
27.1,99.5,0.289,0.159
27.1,100.0,-0.545,0.170
27.6,0.0,1.571,1.746
27.6,0.5,0.737,1.739
27.6,1.0,-0.032,1.735
27.6,1.5,-0.801,1.729
27.6,2.0,1.507,1.723
27.6,2.5,0.737,1.718
27.6,3.0,-0.032,1.711
27.6,3.5,-0.866,1.706
27.6,4.0,1.507,1.700
27.6,4.5,0.673,1.693
27.6,5.0,-0.096,1.688
27.6,5.5,-0.866,1.682
27.6,6.0,1.443,1.676
27.6,6.5,0.673,1.670
27.6,7.0,-0.096,1.663
27.6,7.5,-0.930,1.657
27.6,8.0,1.443,1.651
27.6,8.5,0.609,1.644
27.6,9.0,-0.160,1.638
27.6,9.5,-0.930,1.631
27.6,10.1,1.378,1.625
27.6,10.6,0.609,1.618
27.6,11.1,-0.224,1.612
27.6,11.6,-0.994,1.605
27.6,12.1,1.314,1.598
27.6,12.6,0.545,1.592
27.6,13.1,-0.224,1.584
27.6,13.6,-1.058,1.578
27.6,14.1,1.314,1.571
27.6,14.6,0.481,1.564
27.6,15.1,-0.289,1.557
27.6,15.6,-1.122,1.549
27.6,16.1,1.250,1.542
27.6,16.6,0.481,1.534
27.6,17.1,-0.353,1.528
27.6,17.6,-1.122,1.520
27.6,18.1,1.186,1.513
27.6,18.6,0.417,1.506
27.6,19.1,-0.417,1.498
27.6,19.6,-1.186,1.491
27.6,20.1,1.122,1.483
27.6,20.6,0.353,1.476
27.6,21.1,-0.481,1.468
27.6,21.6,-1.250,1.460
27.6,22.1,1.058,1.452
27.6,22.6,0.289,1.445
27.6,23.1,-0.545,1.436
27.6,23.6,-1.314,1.429
27.6,24.1,0.994,1.420
27.6,24.6,0.224,1.413
27.6,25.1,-0.545,1.404
27.6,25.6,-1.378,1.397
27.6,26.1,0.994,1.388
27.6,26.6,0.160,1.381
27.6,27.1,-0.609,1.372
27.6,27.6,-1.443,1.364
27.6,28.1,0.930,1.355
27.6,28.6,0.096,1.348
27.6,29.1,-0.737,1.339
27.6,29.6,-1.507,1.331
27.6,30.2,0.801,1.322
27.6,30.7,0.032,1.314
27.6,31.2,-0.801,1.305
27.6,31.7,1.571,1.296
27.6,32.2,0.737,1.288
27.6,32.7,-0.032,1.279
27.6,33.2,-0.866,1.270
27.6,33.7,1.507,1.261
27.6,34.2,0.673,1.253
27.6,34.7,-0.096,1.244
27.6,35.2,-0.930,1.235
27.6,35.7,1.443,1.226
27.6,36.2,0.609,1.217
27.6,36.7,-0.224,1.208
27.6,37.2,-0.994,1.199
27.6,37.7,1.314,1.190
27.6,38.2,0.545,1.181
27.6,38.7,-0.289,1.171
27.6,39.2,-1.058,1.162
27.6,39.7,1.250,1.153
27.6,40.2,0.417,1.143
27.6,40.7,-0.353,1.134
27.6,41.2,-1.186,1.125
27.6,41.7,1.186,1.115
27.6,42.2,0.353,1.106
27.6,42.7,-0.417,1.096
27.6,43.2,-1.250,1.087
27.6,43.7,1.058,1.077
27.6,44.2,0.289,1.068
27.6,44.7,-0.545,1.058
27.6,45.2,-1.314,1.048
27.6,45.7,0.994,1.039
27.6,46.2,0.160,1.029
27.6,46.7,-0.609,1.019
27.6,47.2,-1.443,1.009
27.6,47.7,0.930,0.999
27.6,48.2,0.096,0.990
27.6,48.7,-0.737,0.979
27.6,49.2,-1.507,0.970
27.6,49.7,0.801,0.960
27.6,50.3,-0.032,0.949
27.6,50.8,-0.801,0.940
27.6,51.3,1.507,0.930
27.6,51.8,0.737,0.919
27.6,52.3,-0.096,0.909
27.6,52.8,-0.930,0.899
27.6,53.3,1.443,0.889
27.6,53.8,0.609,0.879
27.6,54.3,-0.224,0.868
27.6,54.8,-0.994,0.858
27.6,55.3,1.314,0.848
27.6,55.8,0.481,0.837
27.6,56.3,-0.289,0.827
27.6,56.8,-1.122,0.817
27.6,57.3,1.186,0.806
27.6,57.8,0.417,0.796
27.6,58.3,-0.417,0.785
27.6,58.8,-1.250,0.774
27.6,59.3,1.122,0.764
27.6,59.8,0.289,0.754
27.6,60.3,-0.545,0.743
27.6,60.8,-1.314,0.732
27.6,61.3,0.994,0.722
27.6,61.8,0.160,0.711
27.6,62.3,-0.609,0.700
27.6,62.8,-1.443,0.690
27.6,63.3,0.866,0.679
27.6,63.8,0.032,0.668
27.6,64.3,-0.737,0.657
27.6,64.8,-1.571,0.646
27.6,65.3,0.737,0.635
27.6,65.8,-0.032,0.624
27.6,66.3,-0.866,0.614
27.6,66.8,1.443,0.603
27.6,67.3,0.609,0.592
27.6,67.8,-0.160,0.581
27.6,68.3,-0.994,0.570
27.6,68.8,1.314,0.559
27.6,69.3,0.545,0.548
27.6,69.8,-0.289,0.537
27.6,70.4,-1.122,0.526
27.6,70.9,1.186,0.515
27.6,71.4,0.417,0.504
27.6,71.9,-0.417,0.493
27.6,72.4,-1.250,0.481
27.6,72.9,1.058,0.470
27.6,73.4,0.289,0.459
27.6,73.9,-0.545,0.448
27.6,74.4,-1.378,0.437
27.6,74.9,0.930,0.425
27.6,75.4,0.160,0.414
27.6,75.9,-0.673,0.403
27.6,76.4,-1.507,0.392
27.6,76.9,0.801,0.380
27.6,77.4,0.032,0.369
27.6,77.9,-0.801,0.358
27.6,78.4,1.507,0.347
27.6,78.9,0.673,0.335
27.6,79.4,-0.160,0.324
27.6,79.9,-0.930,0.312
27.6,80.4,1.378,0.301
27.6,80.9,0.545,0.290
27.6,81.4,-0.289,0.278
27.6,81.9,-1.122,0.267
27.6,82.4,1.250,0.256
27.6,82.9,0.417,0.244
27.6,83.4,-0.417,0.233
27.6,83.9,-1.250,0.221
27.6,84.4,1.058,0.210
27.6,84.9,0.289,0.198
27.6,85.4,-0.545,0.187
27.6,85.9,-1.378,0.175
27.6,86.4,0.930,0.164
27.6,86.9,0.096,0.152
27.6,87.4,-0.737,0.141
27.6,87.9,-1.507,0.129
27.6,88.4,0.801,0.118
27.6,88.9,-0.032,0.106
27.6,89.4,-0.866,0.095
27.6,89.9,1.443,0.083
27.6,90.5,0.609,0.072
27.6,91.0,-0.160,0.060
27.6,91.5,-0.994,0.049
27.6,92.0,1.314,0.037
27.6,92.5,0.481,0.026
27.6,93.0,-0.353,0.014
27.6,93.5,-1.186,0.003
27.6,94.0,1.122,0.009
27.6,94.5,0.289,0.020
27.6,95.0,-0.481,0.032
27.6,95.5,-1.314,0.044
27.6,96.0,0.994,0.055
27.6,96.5,0.160,0.067
27.6,97.0,-0.673,0.078
27.6,97.5,-1.507,0.090
27.6,98.0,0.801,0.101
27.6,98.5,-0.032,0.113
27.6,99.0,-0.801,0.124
27.6,99.5,1.507,0.136
27.6,100.0,0.673,0.147
28.1,0.0,-0.481,1.756
28.1,0.5,-1.250,1.751
28.1,1.0,1.122,1.746
28.1,1.5,0.289,1.740
28.1,2.0,-0.481,1.735
28.1,2.5,-1.250,1.729
28.1,3.0,1.058,1.723
28.1,3.5,0.289,1.718
28.1,4.0,-0.545,1.711
28.1,4.5,-1.314,1.706
28.1,5.0,1.058,1.700
28.1,5.5,0.224,1.694
28.1,6.0,-0.545,1.688
28.1,6.5,-1.314,1.682
28.1,7.0,0.994,1.676
28.1,7.5,0.224,1.670
28.1,8.0,-0.609,1.663
28.1,8.5,-1.378,1.657
28.1,9.0,0.994,1.651
28.1,9.5,0.160,1.645
28.1,10.1,-0.609,1.638
28.1,10.6,-1.443,1.631
28.1,11.1,0.930,1.625
28.1,11.6,0.160,1.618
28.1,12.1,-0.673,1.612
28.1,12.6,-1.443,1.605
28.1,13.1,0.866,1.598
28.1,13.6,0.096,1.592
28.1,14.1,-0.737,1.584
28.1,14.6,-1.507,1.578
28.1,15.1,0.866,1.570
28.1,15.6,0.032,1.564
28.1,16.1,-0.737,1.557
28.1,16.6,-1.571,1.550
28.1,17.1,0.801,1.542
28.1,17.6,-0.032,1.535
28.1,18.1,-0.801,1.528
28.1,18.6,1.507,1.520
28.1,19.1,0.737,1.513
28.1,19.6,-0.032,1.505
28.1,20.1,-0.866,1.498
28.1,20.6,1.507,1.491
28.1,21.1,0.673,1.483
28.1,21.6,-0.096,1.476
28.1,22.1,-0.930,1.468
28.1,22.6,1.443,1.460
28.1,23.1,0.609,1.452
28.1,23.6,-0.160,1.445
28.1,24.1,-0.994,1.437
28.1,24.6,1.378,1.429
28.1,25.1,0.545,1.421
28.1,25.6,-0.224,1.413
28.1,26.1,-1.058,1.405
28.1,26.6,1.314,1.397
28.1,27.1,0.481,1.389
28.1,27.6,-0.289,1.381
28.1,28.1,-1.122,1.372
28.1,28.6,1.250,1.364
28.1,29.1,0.417,1.356
28.1,29.6,-0.353,1.348
28.1,30.2,-1.186,1.339
28.1,30.7,1.186,1.331
28.1,31.2,0.353,1.322
28.1,31.7,-0.417,1.314
28.1,32.2,-1.250,1.305
28.1,32.7,1.122,1.296
28.1,33.2,0.289,1.288
28.1,33.7,-0.481,1.279
28.1,34.2,-1.314,1.270
28.1,34.7,1.058,1.261
28.1,35.2,0.224,1.253
28.1,35.7,-0.545,1.243
28.1,36.2,-1.378,1.235
28.1,36.7,0.930,1.226
28.1,37.2,0.160,1.217
28.1,37.7,-0.673,1.208
28.1,38.2,-1.443,1.199
28.1,38.7,0.866,1.190
28.1,39.2,0.096,1.180
28.1,39.7,-0.737,1.172
28.1,40.2,-1.571,1.162
28.1,40.7,0.801,1.153
28.1,41.2,-0.032,1.143
28.1,41.7,-0.801,1.134
28.1,42.2,1.507,1.125
28.1,42.7,0.737,1.115
28.1,43.2,-0.096,1.106
28.1,43.7,-0.930,1.096
28.1,44.2,1.443,1.087
28.1,44.7,0.609,1.077
28.1,45.2,-0.160,1.068
28.1,45.7,-0.994,1.058
28.1,46.2,1.314,1.048
28.1,46.7,0.545,1.039
28.1,47.2,-0.289,1.029
28.1,47.7,-1.058,1.019
28.1,48.2,1.250,1.009
28.1,48.7,0.417,0.999
28.1,49.2,-0.353,0.990
28.1,49.7,-1.186,0.980
28.1,50.3,1.186,0.969
28.1,50.8,0.353,0.960
28.1,51.3,-0.481,0.950
28.1,51.8,-1.250,0.940
28.1,52.3,1.058,0.930
28.1,52.8,0.224,0.919
28.1,53.3,-0.545,0.909
28.1,53.8,-1.378,0.899
28.1,54.3,0.930,0.889
28.1,54.8,0.160,0.879
28.1,55.3,-0.673,0.868
28.1,55.8,-1.443,0.858
28.1,56.3,0.866,0.848
28.1,56.8,0.032,0.837
28.1,57.3,-0.737,0.827
28.1,57.8,1.571,0.817
28.1,58.3,0.737,0.806
28.1,58.8,-0.032,0.795
28.1,59.3,-0.866,0.785
28.1,59.8,1.443,0.775
28.1,60.3,0.673,0.764
28.1,60.8,-0.160,0.754
28.1,61.3,-0.994,0.743
28.1,61.8,1.378,0.732
28.1,62.3,0.545,0.722
28.1,62.8,-0.289,0.711
28.1,63.3,-1.122,0.700
28.1,63.8,1.250,0.689
28.1,64.3,0.417,0.679
28.1,64.8,-0.417,0.668
28.1,65.3,-1.186,0.657
28.1,65.8,1.122,0.646
28.1,66.3,0.289,0.635
28.1,66.8,-0.481,0.624
28.1,67.3,-1.314,0.614
28.1,67.8,0.994,0.603
28.1,68.3,0.160,0.592
28.1,68.8,-0.609,0.581
28.1,69.3,-1.443,0.570
28.1,69.8,0.866,0.559
28.1,70.4,0.032,0.548
28.1,70.9,-0.737,0.537
28.1,71.4,1.571,0.526
28.1,71.9,0.737,0.515
28.1,72.4,-0.096,0.503
28.1,72.9,-0.866,0.492
28.1,73.4,1.443,0.481
28.1,73.9,0.609,0.470
28.1,74.4,-0.224,0.459
28.1,74.9,-0.994,0.448
28.1,75.4,1.314,0.437
28.1,75.9,0.481,0.425
28.1,76.4,-0.353,0.414
28.1,76.9,-1.122,0.403
28.1,77.4,1.186,0.392
28.1,77.9,0.353,0.380
28.1,78.4,-0.481,0.369
28.1,78.9,-1.250,0.358
28.1,79.4,1.058,0.346
28.1,79.9,0.224,0.335
28.1,80.4,-0.609,0.324
28.1,80.9,-1.443,0.312
28.1,81.4,0.930,0.301
28.1,81.9,0.096,0.290
28.1,82.4,-0.737,0.278
28.1,82.9,-1.571,0.267
28.1,83.4,0.737,0.255
28.1,83.9,-0.032,0.244
28.1,84.4,-0.866,0.233
28.1,84.9,1.443,0.221
28.1,85.4,0.609,0.210
28.1,85.9,-0.224,0.198
28.1,86.4,-0.994,0.187
28.1,86.9,1.314,0.175
28.1,87.4,0.481,0.164
28.1,87.9,-0.353,0.152
28.1,88.4,-1.186,0.141
28.1,88.9,1.122,0.129
28.1,89.4,0.353,0.118
28.1,89.9,-0.481,0.106
28.1,90.5,-1.314,0.095
28.1,91.0,0.994,0.083
28.1,91.5,0.160,0.072
28.1,92.0,-0.673,0.060
28.1,92.5,-1.443,0.049
28.1,93.0,0.866,0.037
28.1,93.5,0.032,0.026
28.1,94.0,-0.801,0.014
28.1,94.5,1.507,0.003
28.1,95.0,0.673,0.009
28.1,95.5,-0.160,0.021
28.1,96.0,-0.994,0.032
28.1,96.5,1.378,0.044
28.1,97.0,0.545,0.055
28.1,97.5,-0.289,0.067
28.1,98.0,-1.122,0.078
28.1,98.5,1.186,0.090
28.1,99.0,0.353,0.101
28.1,99.5,-0.481,0.113
28.1,100.0,-1.314,0.125
28.6,0.0,0.673,1.768
28.6,0.5,-0.096,1.762
28.6,1.0,-0.930,1.757
28.6,1.5,1.443,1.751
28.6,2.0,0.673,1.745
28.6,2.5,-0.160,1.740
28.6,3.0,-0.930,1.735
28.6,3.5,1.378,1.729
28.6,4.0,0.609,1.724
28.6,4.5,-0.160,1.718
28.6,5.0,-0.994,1.712
28.6,5.5,1.378,1.706
28.6,6.0,0.609,1.700
28.6,6.5,-0.224,1.694
28.6,7.0,-0.994,1.688
28.6,7.5,1.314,1.682
28.6,8.0,0.545,1.676
28.6,8.5,-0.224,1.670
28.6,9.0,-1.058,1.664
28.6,9.5,1.314,1.657
28.6,10.1,0.481,1.650
28.6,10.6,-0.289,1.645
28.6,11.1,-1.058,1.638
28.6,11.6,1.250,1.632
28.6,12.1,0.481,1.625
28.6,12.6,-0.353,1.618
28.6,13.1,-1.122,1.612
28.6,13.6,1.250,1.605
28.6,14.1,0.417,1.599
28.6,14.6,-0.353,1.592
28.6,15.1,-1.186,1.585
28.6,15.6,1.186,1.578
28.6,16.1,0.353,1.570
28.6,16.6,-0.417,1.564
28.6,17.1,-1.186,1.556
28.6,17.6,1.122,1.550
28.6,18.1,0.353,1.542
28.6,18.6,-0.481,1.535
28.6,19.1,-1.250,1.528
28.6,19.6,1.058,1.521
28.6,20.1,0.289,1.513
28.6,20.6,-0.545,1.506
28.6,21.1,-1.314,1.499
28.6,21.6,0.994,1.490
28.6,22.1,0.224,1.484
28.6,22.6,-0.545,1.475
28.6,23.1,-1.378,1.468
28.6,23.6,0.994,1.460
28.6,24.1,0.160,1.453
28.6,24.6,-0.609,1.445
28.6,25.1,-1.443,1.437
28.6,25.6,0.930,1.429
28.6,26.1,0.096,1.421
28.6,26.6,-0.673,1.413
28.6,27.1,-1.507,1.405
28.6,27.6,0.866,1.397
28.6,28.1,0.032,1.389
28.6,28.6,-0.737,1.381
28.6,29.1,-1.571,1.373
28.6,29.6,0.801,1.364
28.6,30.2,-0.032,1.356
28.6,30.7,-0.801,1.347
28.6,31.2,1.507,1.339
28.6,31.7,0.737,1.331
28.6,32.2,-0.096,1.322
28.6,32.7,-0.866,1.314
28.6,33.2,1.443,1.305
28.6,33.7,0.673,1.296
28.6,34.2,-0.160,1.288
28.6,34.7,-0.930,1.279
28.6,35.2,1.378,1.271
28.6,35.7,0.545,1.261
28.6,36.2,-0.224,1.253
28.6,36.7,-1.058,1.244
28.6,37.2,1.314,1.235
28.6,37.7,0.481,1.226
28.6,38.2,-0.289,1.217
28.6,38.7,-1.122,1.208
28.6,39.2,1.250,1.199
28.6,39.7,0.417,1.190
28.6,40.2,-0.417,1.180
28.6,40.7,-1.186,1.172
28.6,41.2,1.122,1.162
28.6,41.7,0.353,1.153
28.6,42.2,-0.481,1.144
28.6,42.7,-1.250,1.134
28.6,43.2,1.058,1.125
28.6,43.7,0.224,1.115
28.6,44.2,-0.545,1.106
28.6,44.7,-1.378,1.096
28.6,45.2,0.994,1.087
28.6,45.7,0.160,1.077
28.6,46.2,-0.609,1.067
28.6,46.7,-1.443,1.058
28.6,47.2,0.866,1.048
28.6,47.7,0.096,1.039
28.6,48.2,-0.737,1.029
28.6,48.7,-1.507,1.019
28.6,49.2,0.801,1.009
28.6,49.7,-0.032,0.999
28.6,50.3,-0.801,0.989
28.6,50.8,1.507,0.980
28.6,51.3,0.673,0.969
28.6,51.8,-0.096,0.960
28.6,52.3,-0.930,0.950
28.6,52.8,1.443,0.939
28.6,53.3,0.609,0.930
28.6,53.8,-0.224,0.919
28.6,54.3,-0.994,0.909
28.6,54.8,1.314,0.899
28.6,55.3,0.481,0.889
28.6,55.8,-0.289,0.879
28.6,56.3,-1.122,0.868
28.6,56.8,1.186,0.858
28.6,57.3,0.417,0.848
28.6,57.8,-0.417,0.837
28.6,58.3,-1.250,0.827
28.6,58.8,1.122,0.817
28.6,59.3,0.289,0.806
28.6,59.8,-0.545,0.795
28.6,60.3,-1.314,0.785
28.6,60.8,0.994,0.775
28.6,61.3,0.160,0.764
28.6,61.8,-0.609,0.753
28.6,62.3,-1.443,0.743
28.6,62.8,0.866,0.732
28.6,63.3,0.096,0.721
28.6,63.8,-0.737,0.711
28.6,64.3,-1.571,0.700
28.6,64.8,0.801,0.689
28.6,65.3,-0.032,0.679
28.6,65.8,-0.866,0.668
28.6,66.3,1.443,0.657
28.6,66.8,0.673,0.646
28.6,67.3,-0.160,0.635
28.6,67.8,-0.994,0.624
28.6,68.3,1.378,0.613
28.6,68.8,0.545,0.603
28.6,69.3,-0.289,0.592
28.6,69.8,-1.122,0.581
28.6,70.4,1.250,0.570
28.6,70.9,0.417,0.559
28.6,71.4,-0.417,0.548
28.6,71.9,-1.186,0.537
28.6,72.4,1.122,0.526
28.6,72.9,0.289,0.515
28.6,73.4,-0.545,0.503
28.6,73.9,-1.314,0.492
28.6,74.4,0.994,0.481
28.6,74.9,0.160,0.470
28.6,75.4,-0.673,0.459
28.6,75.9,-1.443,0.448
28.6,76.4,0.866,0.437
28.6,76.9,0.032,0.425
28.6,77.4,-0.801,0.414
28.6,77.9,1.571,0.403
28.6,78.4,0.737,0.392
28.6,78.9,-0.096,0.380
28.6,79.4,-0.930,0.369
28.6,79.9,1.378,0.358
28.6,80.4,0.609,0.346
28.6,80.9,-0.224,0.335
28.6,81.4,-1.058,0.324
28.6,81.9,1.250,0.312
28.6,82.4,0.481,0.301
28.6,82.9,-0.353,0.290
28.6,83.4,-1.186,0.278
28.6,83.9,1.122,0.267
28.6,84.4,0.289,0.255
28.6,84.9,-0.481,0.244
28.6,85.4,-1.314,0.232
28.6,85.9,0.994,0.221
28.6,86.4,0.160,0.210
28.6,86.9,-0.673,0.198
28.6,87.4,-1.507,0.187
28.6,87.9,0.866,0.175
28.6,88.4,0.032,0.164
28.6,88.9,-0.801,0.152
28.6,89.4,1.507,0.141
28.6,89.9,0.673,0.129
28.6,90.5,-0.160,0.118
28.6,91.0,-0.930,0.106
28.6,91.5,1.378,0.095
28.6,92.0,0.545,0.083
28.6,92.5,-0.289,0.072
28.6,93.0,-1.122,0.060
28.6,93.5,1.186,0.048
28.6,94.0,0.417,0.037
28.6,94.5,-0.417,0.025
28.6,95.0,-1.250,0.014
28.6,95.5,1.058,0.002
28.6,96.0,0.224,0.009
28.6,96.5,-0.609,0.021
28.6,97.0,-1.443,0.032
28.6,97.5,0.866,0.044
28.6,98.0,0.096,0.055
28.6,98.5,-0.737,0.067
28.6,99.0,1.571,0.079
28.6,99.5,0.737,0.090
28.6,100.0,-0.096,0.102
29.1,0.0,-1.314,1.777
29.1,0.5,0.994,1.773
29.1,1.0,0.224,1.768
29.1,1.5,-0.609,1.762
29.1,2.0,-1.378,1.757
29.1,2.5,0.994,1.751
29.1,3.0,0.160,1.746
29.1,3.5,-0.609,1.741
29.1,4.0,-1.378,1.735
29.1,4.5,0.930,1.729
29.1,5.0,0.160,1.724
29.1,5.5,-0.609,1.717
29.1,6.0,-1.443,1.712
29.1,6.5,0.930,1.706
29.1,7.0,0.096,1.700
29.1,7.5,-0.673,1.695
29.1,8.0,-1.443,1.688
29.1,8.5,0.866,1.682
29.1,9.0,0.096,1.676
29.1,9.5,-0.673,1.669
29.1,10.1,-1.507,1.664
29.1,10.6,0.866,1.657
29.1,11.1,0.032,1.651
29.1,11.6,-0.737,1.645
29.1,12.1,-1.507,1.638
29.1,12.6,0.801,1.632
29.1,13.1,0.032,1.625
29.1,13.6,-0.801,1.619
29.1,14.1,1.571,1.612
29.1,14.6,0.737,1.605
29.1,15.1,-0.032,1.599
29.1,15.6,-0.801,1.591
29.1,16.1,1.507,1.585
29.1,16.6,0.737,1.578
29.1,17.1,-0.096,1.571
29.1,17.6,-0.866,1.564
29.1,18.1,1.443,1.557
29.1,18.6,0.673,1.550
29.1,19.1,-0.096,1.542
29.1,19.6,-0.930,1.536
29.1,20.1,1.443,1.528
29.1,20.6,0.609,1.521
29.1,21.1,-0.160,1.513
29.1,21.6,-0.994,1.506
29.1,22.1,1.378,1.499
29.1,22.6,0.545,1.491
29.1,23.1,-0.224,1.484
29.1,23.6,-1.058,1.476
29.1,24.1,1.314,1.468
29.1,24.6,0.481,1.460
29.1,25.1,-0.289,1.453
29.1,25.6,-1.058,1.444
29.1,26.1,1.250,1.437
29.1,26.6,0.481,1.429
29.1,27.1,-0.353,1.421
29.1,27.6,-1.122,1.413
29.1,28.1,1.186,1.405
29.1,28.6,0.417,1.397
29.1,29.1,-0.417,1.389
29.1,29.6,-1.186,1.381
29.1,30.2,1.122,1.373
29.1,30.7,0.353,1.364
29.1,31.2,-0.481,1.356
29.1,31.7,-1.250,1.347
29.1,32.2,1.058,1.339
29.1,32.7,0.289,1.330
29.1,33.2,-0.545,1.322
29.1,33.7,-1.378,1.313
29.1,34.2,0.994,1.305
29.1,34.7,0.160,1.296
29.1,35.2,-0.609,1.288
29.1,35.7,-1.443,1.279
29.1,36.2,0.930,1.271
29.1,36.7,0.096,1.262
29.1,37.2,-0.673,1.253
29.1,37.7,-1.507,1.244
29.1,38.2,0.866,1.235
29.1,38.7,0.032,1.226
29.1,39.2,-0.737,1.217
29.1,39.7,-1.571,1.208
29.1,40.2,0.737,1.199
29.1,40.7,-0.032,1.190
29.1,41.2,-0.866,1.181
29.1,41.7,1.507,1.172
29.1,42.2,0.673,1.162
29.1,42.7,-0.096,1.153
29.1,43.2,-0.930,1.144
29.1,43.7,1.378,1.134
29.1,44.2,0.609,1.125
29.1,44.7,-0.224,1.115
29.1,45.2,-0.994,1.106
29.1,45.7,1.314,1.097
29.1,46.2,0.545,1.087
29.1,46.7,-0.289,1.078
29.1,47.2,-1.122,1.068
29.1,47.7,1.250,1.058
29.1,48.2,0.417,1.049
29.1,48.7,-0.353,1.038
29.1,49.2,-1.186,1.029
29.1,49.7,1.122,1.019
29.1,50.3,0.353,1.009
29.1,50.8,-0.481,1.000
29.1,51.3,-1.250,0.989
29.1,51.8,1.058,0.980
29.1,52.3,0.224,0.970
29.1,52.8,-0.545,0.960
29.1,53.3,-1.378,0.950
29.1,53.8,0.930,0.939
29.1,54.3,0.160,0.930
29.1,54.8,-0.673,0.919
29.1,55.3,-1.507,0.909
29.1,55.8,0.866,0.899
29.1,56.3,0.032,0.889
29.1,56.8,-0.737,0.878
29.1,57.3,1.571,0.868
29.1,57.8,0.737,0.858
29.1,58.3,-0.032,0.848
29.1,58.8,-0.866,0.837
29.1,59.3,1.443,0.827
29.1,59.8,0.673,0.816
29.1,60.3,-0.160,0.806
29.1,60.8,-0.994,0.796
29.1,61.3,1.378,0.785
29.1,61.8,0.545,0.775
29.1,62.3,-0.289,0.764
29.1,62.8,-1.058,0.753
29.1,63.3,1.250,0.743
29.1,63.8,0.417,0.732
29.1,64.3,-0.353,0.721
29.1,64.8,-1.186,0.711
29.1,65.3,1.122,0.700
29.1,65.8,0.289,0.689
29.1,66.3,-0.481,0.679
29.1,66.8,-1.314,0.668
29.1,67.3,0.994,0.657
29.1,67.8,0.224,0.646
29.1,68.3,-0.609,0.635
29.1,68.8,-1.443,0.624
29.1,69.3,0.930,0.613
29.1,69.8,0.096,0.603
29.1,70.4,-0.737,0.592
29.1,70.9,-1.571,0.581
29.1,71.4,0.801,0.570
29.1,71.9,-0.032,0.559
29.1,72.4,-0.866,0.548
29.1,72.9,1.443,0.536
29.1,73.4,0.673,0.526
29.1,73.9,-0.160,0.515
29.1,74.4,-0.994,0.503
29.1,74.9,1.314,0.492
29.1,75.4,0.545,0.481
29.1,75.9,-0.289,0.470
29.1,76.4,-1.122,0.459
29.1,76.9,1.186,0.447
29.1,77.4,0.417,0.436
29.1,77.9,-0.417,0.425
29.1,78.4,-1.250,0.414
29.1,78.9,1.058,0.403
29.1,79.4,0.289,0.391
29.1,79.9,-0.545,0.380
29.1,80.4,-1.378,0.369
29.1,80.9,0.930,0.358
29.1,81.4,0.160,0.346
29.1,81.9,-0.673,0.335
29.1,82.4,-1.507,0.324
29.1,82.9,0.801,0.312
29.1,83.4,-0.032,0.301
29.1,83.9,-0.801,0.289
29.1,84.4,1.507,0.278
29.1,84.9,0.673,0.267
29.1,85.4,-0.160,0.255
29.1,85.9,-0.994,0.244
29.1,86.4,1.378,0.232
29.1,86.9,0.545,0.221
29.1,87.4,-0.289,0.209
29.1,87.9,-1.122,0.198
29.1,88.4,1.186,0.186
29.1,88.9,0.353,0.175
29.1,89.4,-0.417,0.164
29.1,89.9,-1.250,0.152
29.1,90.5,1.058,0.141
29.1,91.0,0.224,0.129
29.1,91.5,-0.609,0.118
29.1,92.0,-1.443,0.106
29.1,92.5,0.930,0.094
29.1,93.0,0.096,0.083
29.1,93.5,-0.737,0.071
29.1,94.0,-1.571,0.060
29.1,94.5,0.737,0.048
29.1,95.0,-0.096,0.037
29.1,95.5,-0.866,0.025
29.1,96.0,1.443,0.014
29.1,96.5,0.609,0.002
29.1,97.0,-0.224,0.009
29.1,97.5,-1.058,0.021
29.1,98.0,1.250,0.033
29.1,98.5,0.417,0.044
29.1,99.0,-0.417,0.056
29.1,99.5,-1.186,0.067
29.1,100.0,1.122,0.079
29.6,0.0,-0.224,1.788
29.6,0.5,-0.994,1.783
29.6,1.0,1.314,1.778
29.6,1.5,0.545,1.773
29.6,2.0,-0.224,1.767
29.6,2.5,-1.058,1.762
29.6,3.0,1.314,1.757
29.6,3.5,0.545,1.751
29.6,4.0,-0.289,1.746
29.6,4.5,-1.058,1.741
29.6,5.0,1.314,1.734
29.6,5.5,0.481,1.729
29.6,6.0,-0.289,1.724
29.6,6.5,-1.122,1.717
29.6,7.0,1.250,1.712
29.6,7.5,0.481,1.706
29.6,8.0,-0.353,1.700
29.6,8.5,-1.122,1.695
29.6,9.0,1.250,1.688
29.6,9.5,0.417,1.682
29.6,10.1,-0.353,1.676
29.6,10.6,-1.186,1.670
29.6,11.1,1.186,1.664
29.6,11.6,0.417,1.657
29.6,12.1,-0.417,1.651
29.6,12.6,-1.186,1.645
29.6,13.1,1.122,1.638
29.6,13.6,0.353,1.632
29.6,14.1,-0.417,1.625
29.6,14.6,-1.250,1.619
29.6,15.1,1.122,1.612
29.6,15.6,0.289,1.605
29.6,16.1,-0.481,1.599
29.6,16.6,-1.314,1.591
29.6,17.1,1.058,1.585
29.6,17.6,0.289,1.578
29.6,18.1,-0.545,1.571
29.6,18.6,-1.314,1.564
29.6,19.1,0.994,1.557
29.6,19.6,0.224,1.550
29.6,20.1,-0.609,1.542
29.6,20.6,-1.378,1.536
29.6,21.1,0.930,1.528
29.6,21.6,0.160,1.521
29.6,22.1,-0.609,1.513
29.6,22.6,-1.443,1.506
29.6,23.1,0.930,1.499
29.6,23.6,0.096,1.491
29.6,24.1,-0.673,1.484
29.6,24.6,-1.507,1.476
29.6,25.1,0.866,1.468
29.6,25.6,0.032,1.460
29.6,26.1,-0.737,1.453
29.6,26.6,-1.571,1.445
29.6,27.1,0.801,1.437
29.6,27.6,-0.032,1.429
29.6,28.1,-0.801,1.421
29.6,28.6,1.507,1.413
29.6,29.1,0.737,1.405
29.6,29.6,-0.096,1.397
29.6,30.2,-0.866,1.389
29.6,30.7,1.443,1.380
29.6,31.2,0.673,1.373
29.6,31.7,-0.160,1.364
29.6,32.2,-0.930,1.356
29.6,32.7,1.378,1.347
29.6,33.2,0.609,1.339
29.6,33.7,-0.224,1.331
29.6,34.2,-0.994,1.323
29.6,34.7,1.314,1.314
29.6,35.2,0.545,1.305
29.6,35.7,-0.289,1.297
29.6,36.2,-1.058,1.288
29.6,36.7,1.250,1.279
29.6,37.2,0.481,1.270
29.6,37.7,-0.353,1.262
29.6,38.2,-1.122,1.253
29.6,38.7,1.186,1.244
29.6,39.2,0.417,1.235
29.6,39.7,-0.417,1.226
29.6,40.2,-1.250,1.217
29.6,40.7,1.122,1.208
29.6,41.2,0.289,1.199
29.6,41.7,-0.481,1.190
29.6,42.2,-1.314,1.181
29.6,42.7,1.058,1.171
29.6,43.2,0.224,1.162
29.6,43.7,-0.545,1.153
29.6,44.2,-1.378,1.144
29.6,44.7,0.930,1.134
29.6,45.2,0.160,1.125
29.6,45.7,-0.673,1.116
29.6,46.2,-1.443,1.106
29.6,46.7,0.866,1.097
29.6,47.2,0.032,1.087
29.6,47.7,-0.737,1.078
29.6,48.2,-1.571,1.068
29.6,48.7,0.801,1.058
29.6,49.2,-0.032,1.049
29.6,49.7,-0.866,1.038
29.6,50.3,1.507,1.029
29.6,50.8,0.673,1.019
29.6,51.3,-0.096,1.009
29.6,51.8,-0.930,1.000
29.6,52.3,1.378,0.989
29.6,52.8,0.609,0.980
29.6,53.3,-0.224,0.970
29.6,53.8,-0.994,0.959
29.6,54.3,1.314,0.950
29.6,54.8,0.481,0.940
29.6,55.3,-0.289,0.929
29.6,55.8,-1.122,0.920
29.6,56.3,1.186,0.909
29.6,56.8,0.417,0.899
29.6,57.3,-0.417,0.889
29.6,57.8,-1.250,0.878
29.6,58.3,1.122,0.868
29.6,58.8,0.289,0.858
29.6,59.3,-0.545,0.847
29.6,59.8,-1.314,0.837
29.6,60.3,0.994,0.827
29.6,60.8,0.160,0.816
29.6,61.3,-0.609,0.806
29.6,61.8,-1.443,0.796
29.6,62.3,0.866,0.785
29.6,62.8,0.096,0.775
29.6,63.3,-0.737,0.764
29.6,63.8,-1.571,0.753
29.6,64.3,0.801,0.743
29.6,64.8,-0.032,0.732
29.6,65.3,-0.866,0.721
29.6,65.8,1.507,0.711
29.6,66.3,0.673,0.700
29.6,66.8,-0.160,0.689
29.6,67.3,-0.930,0.678
29.6,67.8,1.378,0.668
29.6,68.3,0.545,0.657
29.6,68.8,-0.224,0.646
29.6,69.3,-1.058,0.635
29.6,69.8,1.250,0.624
29.6,70.4,0.417,0.613
29.6,70.9,-0.353,0.602
29.6,71.4,-1.186,0.592
29.6,71.9,1.122,0.581
29.6,72.4,0.289,0.569
29.6,72.9,-0.481,0.559
29.6,73.4,-1.314,0.548
29.6,73.9,0.994,0.537
29.6,74.4,0.224,0.525
29.6,74.9,-0.609,0.514
29.6,75.4,-1.443,0.503
29.6,75.9,0.866,0.492
29.6,76.4,0.096,0.481
29.6,76.9,-0.737,0.470
29.6,77.4,-1.571,0.459
29.6,77.9,0.737,0.447
29.6,78.4,-0.032,0.436
29.6,78.9,-0.866,0.425
29.6,79.4,1.443,0.414
29.6,79.9,0.609,0.403
29.6,80.4,-0.224,0.391
29.6,80.9,-0.994,0.380
29.6,81.4,1.314,0.369
29.6,81.9,0.481,0.357
29.6,82.4,-0.353,0.346
29.6,82.9,-1.122,0.335
29.6,83.4,1.186,0.323
29.6,83.9,0.353,0.312
29.6,84.4,-0.481,0.301
29.6,84.9,-1.314,0.289
29.6,85.4,1.058,0.278
29.6,85.9,0.224,0.267
29.6,86.4,-0.609,0.255
29.6,86.9,-1.443,0.244
29.6,87.4,0.866,0.232
29.6,87.9,0.096,0.221
29.6,88.4,-0.737,0.209
29.6,88.9,1.571,0.198
29.6,89.4,0.737,0.186
29.6,89.9,-0.096,0.175
29.6,90.5,-0.866,0.163
29.6,91.0,1.443,0.152
29.6,91.5,0.609,0.140
29.6,92.0,-0.224,0.129
29.6,92.5,-1.058,0.117
29.6,93.0,1.250,0.106
29.6,93.5,0.417,0.094
29.6,94.0,-0.353,0.083
29.6,94.5,-1.186,0.071
29.6,95.0,1.122,0.060
29.6,95.5,0.289,0.048
29.6,96.0,-0.545,0.037
29.6,96.5,-1.378,0.025
29.6,97.0,0.994,0.014
29.6,97.5,0.160,0.002
29.6,98.0,-0.673,0.010
29.6,98.5,-1.507,0.021
29.6,99.0,0.801,0.033
29.6,99.5,-0.032,0.044
29.6,100.0,-0.866,0.056
30.2,0.0,0.930,1.798
30.2,0.5,0.096,1.793
30.2,1.0,-0.673,1.788
30.2,1.5,-1.443,1.783
30.2,2.0,0.866,1.778
30.2,2.5,0.096,1.773
30.2,3.0,-0.673,1.767
30.2,3.5,-1.507,1.762
30.2,4.0,0.866,1.757
30.2,4.5,0.032,1.751
30.2,5.0,-0.737,1.746
30.2,5.5,-1.507,1.741
30.2,6.0,0.801,1.735
30.2,6.5,0.032,1.730
30.2,7.0,-0.737,1.724
30.2,7.5,-1.571,1.718
30.2,8.0,0.801,1.712
30.2,8.5,0.032,1.706
30.2,9.0,-0.801,1.701
30.2,9.5,1.571,1.695
30.2,10.1,0.737,1.688
30.2,10.6,-0.032,1.683
30.2,11.1,-0.801,1.676
30.2,11.6,1.507,1.670
30.2,12.1,0.737,1.664
30.2,12.6,-0.096,1.657
30.2,13.1,-0.866,1.652
30.2,13.6,1.507,1.645
30.2,14.1,0.673,1.639
30.2,14.6,-0.096,1.632
30.2,15.1,-0.930,1.625
30.2,15.6,1.443,1.619
30.2,16.1,0.673,1.612
30.2,16.6,-0.160,1.606
30.2,17.1,-0.930,1.599
30.2,17.6,1.378,1.592
30.2,18.1,0.609,1.585
30.2,18.6,-0.224,1.578
30.2,19.1,-0.994,1.571
30.2,19.6,1.378,1.564
30.2,20.1,0.545,1.557
30.2,20.6,-0.224,1.550
30.2,21.1,-1.058,1.543
30.2,21.6,1.314,1.536
30.2,22.1,0.481,1.528
30.2,22.6,-0.289,1.521
30.2,23.1,-1.122,1.513
30.2,23.6,1.250,1.506
30.2,24.1,0.481,1.498
30.2,24.6,-0.353,1.491
30.2,25.1,-1.122,1.483
30.2,25.6,1.186,1.476
30.2,26.1,0.417,1.468
30.2,26.6,-0.417,1.461
30.2,27.1,-1.186,1.453
30.2,27.6,1.122,1.445
30.2,28.1,0.353,1.437
30.2,28.6,-0.481,1.429
30.2,29.1,-1.250,1.421
30.2,29.6,1.058,1.413
30.2,30.2,0.289,1.405
30.2,30.7,-0.545,1.397
30.2,31.2,-1.314,1.389
30.2,31.7,0.994,1.381
30.2,32.2,0.224,1.373
30.2,32.7,-0.609,1.364
30.2,33.2,-1.378,1.356
30.2,33.7,0.930,1.348
30.2,34.2,0.160,1.339
30.2,34.7,-0.673,1.331
30.2,35.2,-1.443,1.322
30.2,35.7,0.866,1.314
30.2,36.2,0.096,1.305
30.2,36.7,-0.737,1.297
30.2,37.2,-1.507,1.288
30.2,37.7,0.801,1.280
30.2,38.2,0.032,1.270
30.2,38.7,-0.801,1.262
30.2,39.2,1.507,1.253
30.2,39.7,0.737,1.244
30.2,40.2,-0.096,1.235
30.2,40.7,-0.866,1.226
30.2,41.2,1.443,1.217
30.2,41.7,0.673,1.208
30.2,42.2,-0.160,1.199
30.2,42.7,-0.930,1.190
30.2,43.2,1.378,1.181
30.2,43.7,0.545,1.171
30.2,44.2,-0.224,1.163
30.2,44.7,-1.058,1.153
30.2,45.2,1.314,1.144
30.2,45.7,0.481,1.134
30.2,46.2,-0.289,1.125
30.2,46.7,-1.122,1.116
30.2,47.2,1.186,1.106
30.2,47.7,0.417,1.097
30.2,48.2,-0.417,1.087
30.2,48.7,-1.186,1.077
30.2,49.2,1.122,1.068
30.2,49.7,0.353,1.058
30.2,50.3,-0.481,1.049
30.2,50.8,-1.314,1.039
30.2,51.3,1.058,1.029
30.2,51.8,0.224,1.019
30.2,52.3,-0.609,1.009
30.2,52.8,-1.378,1.000
30.2,53.3,0.930,0.990
30.2,53.8,0.160,0.980
30.2,54.3,-0.673,0.970
30.2,54.8,-1.507,0.960
30.2,55.3,0.866,0.950
30.2,55.8,0.032,0.940
30.2,56.3,-0.801,0.929
30.2,56.8,1.571,0.920
30.2,57.3,0.737,0.909
30.2,57.8,-0.032,0.899
30.2,58.3,-0.866,0.889
30.2,58.8,1.443,0.879
30.2,59.3,0.673,0.868
30.2,59.8,-0.160,0.858
30.2,60.3,-0.994,0.848
30.2,60.8,1.378,0.837
30.2,61.3,0.545,0.827
30.2,61.8,-0.289,0.816
30.2,62.3,-1.058,0.806
30.2,62.8,1.250,0.796
30.2,63.3,0.417,0.785
30.2,63.8,-0.353,0.774
30.2,64.3,-1.186,0.764
30.2,64.8,1.122,0.753
30.2,65.3,0.353,0.743
30.2,65.8,-0.481,0.732
30.2,66.3,-1.314,0.721
30.2,66.8,1.058,0.711
30.2,67.3,0.224,0.700
30.2,67.8,-0.609,0.689
30.2,68.3,-1.443,0.678
30.2,68.8,0.930,0.668
30.2,69.3,0.096,0.657
30.2,69.8,-0.737,0.646
30.2,70.4,-1.507,0.635
30.2,70.9,0.801,0.624
30.2,71.4,-0.032,0.613
30.2,71.9,-0.801,0.602
30.2,72.4,1.507,0.592
30.2,72.9,0.673,0.581
30.2,73.4,-0.160,0.570
30.2,73.9,-0.930,0.558
30.2,74.4,1.378,0.548
30.2,74.9,0.545,0.537
30.2,75.4,-0.289,0.525
30.2,75.9,-1.058,0.514
30.2,76.4,1.250,0.503
30.2,76.9,0.417,0.492
30.2,77.4,-0.417,0.481
30.2,77.9,-1.186,0.470
30.2,78.4,1.122,0.459
30.2,78.9,0.289,0.447
30.2,79.4,-0.545,0.436
30.2,79.9,-1.314,0.425
30.2,80.4,0.994,0.414
30.2,80.9,0.160,0.403
30.2,81.4,-0.673,0.391
30.2,81.9,-1.443,0.380
30.2,82.4,0.866,0.369
30.2,82.9,0.032,0.357
30.2,83.4,-0.801,0.346
30.2,83.9,1.507,0.335
30.2,84.4,0.737,0.323
30.2,84.9,-0.096,0.312
30.2,85.4,-0.930,0.301
30.2,85.9,1.378,0.289
30.2,86.4,0.545,0.278
30.2,86.9,-0.224,0.266
30.2,87.4,-1.058,0.255
30.2,87.9,1.250,0.244
30.2,88.4,0.417,0.232
30.2,88.9,-0.417,0.221
30.2,89.4,-1.186,0.209
30.2,89.9,1.122,0.198
30.2,90.5,0.289,0.186
30.2,91.0,-0.545,0.175
30.2,91.5,-1.378,0.163
30.2,92.0,0.994,0.152
30.2,92.5,0.160,0.140
30.2,93.0,-0.673,0.129
30.2,93.5,-1.507,0.117
30.2,94.0,0.801,0.106
30.2,94.5,-0.032,0.094
30.2,95.0,-0.801,0.083
30.2,95.5,1.507,0.071
30.2,96.0,0.673,0.060
30.2,96.5,-0.160,0.048
30.2,97.0,-0.994,0.036
30.2,97.5,1.314,0.025
30.2,98.0,0.481,0.013
30.2,98.5,-0.289,0.002
30.2,99.0,-1.122,0.010
30.2,99.5,1.186,0.021
30.2,100.0,0.353,0.033
30.7,0.0,-1.122,1.808
30.7,0.5,1.250,1.803
30.7,1.0,0.417,1.798
30.7,1.5,-0.353,1.794
30.7,2.0,-1.122,1.788
30.7,2.5,1.186,1.783
30.7,3.0,0.417,1.778
30.7,3.5,-0.353,1.773
30.7,4.0,-1.186,1.767
30.7,4.5,1.186,1.763
30.7,5.0,0.417,1.757
30.7,5.5,-0.417,1.752
30.7,6.0,-1.186,1.747
30.7,6.5,1.186,1.740
30.7,7.0,0.353,1.735
30.7,7.5,-0.417,1.730
30.7,8.0,-1.186,1.723
30.7,8.5,1.122,1.718
30.7,9.0,0.353,1.712
30.7,9.5,-0.481,1.706
30.7,10.1,-1.250,1.701
30.7,10.6,1.122,1.694
30.7,11.1,0.289,1.689
30.7,11.6,-0.481,1.683
30.7,12.1,-1.314,1.676
30.7,12.6,1.058,1.670
30.7,13.1,0.289,1.664
30.7,13.6,-0.545,1.658
30.7,14.1,-1.314,1.652
30.7,14.6,0.994,1.644
30.7,15.1,0.224,1.639
30.7,15.6,-0.545,1.632
30.7,16.1,-1.378,1.626
30.7,16.6,0.994,1.619
30.7,17.1,0.160,1.612
30.7,17.6,-0.609,1.606
30.7,18.1,-1.378,1.598
30.7,18.6,0.930,1.592
30.7,19.1,0.160,1.585
30.7,19.6,-0.673,1.578
30.7,20.1,-1.443,1.571
30.7,20.6,0.866,1.564
30.7,21.1,0.096,1.557
30.7,21.6,-0.673,1.550
30.7,22.1,-1.507,1.543
30.7,22.6,0.866,1.536
30.7,23.1,0.032,1.529
30.7,23.6,-0.737,1.521
30.7,24.1,-1.571,1.514
30.7,24.6,0.801,1.506
30.7,25.1,-0.032,1.499
30.7,25.6,-0.801,1.492
30.7,26.1,1.507,1.483
30.7,26.6,0.737,1.476
30.7,27.1,-0.032,1.468
30.7,27.6,-0.866,1.461
30.7,28.1,1.507,1.453
30.7,28.6,0.673,1.445
30.7,29.1,-0.096,1.437
30.7,29.6,-0.930,1.430
30.7,30.2,1.443,1.421
30.7,30.7,0.609,1.414
30.7,31.2,-0.160,1.405
30.7,31.7,-0.994,1.398
30.7,32.2,1.378,1.389
30.7,32.7,0.545,1.381
30.7,33.2,-0.224,1.373
30.7,33.7,-1.058,1.365
30.7,34.2,1.314,1.356
30.7,34.7,0.481,1.348
30.7,35.2,-0.289,1.339
30.7,35.7,-1.122,1.331
30.7,36.2,1.250,1.322
30.7,36.7,0.417,1.314
30.7,37.2,-0.353,1.305
30.7,37.7,-1.186,1.297
30.7,38.2,1.122,1.288
30.7,38.7,0.353,1.280
30.7,39.2,-0.481,1.270
30.7,39.7,-1.250,1.262
30.7,40.2,1.058,1.253
30.7,40.7,0.289,1.244
30.7,41.2,-0.545,1.235
30.7,41.7,-1.314,1.226
30.7,42.2,0.994,1.217
30.7,42.7,0.224,1.208
30.7,43.2,-0.609,1.199
30.7,43.7,-1.443,1.190
30.7,44.2,0.930,1.181
30.7,44.7,0.096,1.172
30.7,45.2,-0.673,1.162
30.7,45.7,-1.507,1.153
30.7,46.2,0.866,1.144
30.7,46.7,0.032,1.135
30.7,47.2,-0.801,1.125
30.7,47.7,1.571,1.116
30.7,48.2,0.737,1.106
30.7,48.7,-0.032,1.097
30.7,49.2,-0.866,1.087
30.7,49.7,1.507,1.077
30.7,50.3,0.673,1.068
30.7,50.8,-0.160,1.058
30.7,51.3,-0.930,1.049
30.7,51.8,1.378,1.039
30.7,52.3,0.609,1.029
30.7,52.8,-0.224,1.019
30.7,53.3,-1.058,1.009
30.7,53.8,1.314,1.000
30.7,54.3,0.481,0.990
30.7,54.8,-0.353,0.979
30.7,55.3,-1.122,0.970
30.7,55.8,1.186,0.960
30.7,56.3,0.417,0.950
30.7,56.8,-0.417,0.940
30.7,57.3,-1.250,0.929
30.7,57.8,1.122,0.919
30.7,58.3,0.289,0.909
30.7,58.8,-0.545,0.899
30.7,59.3,-1.314,0.889
30.7,59.8,0.994,0.879
30.7,60.3,0.160,0.868
30.7,60.8,-0.609,0.858
30.7,61.3,-1.443,0.848
30.7,61.8,0.930,0.837
30.7,62.3,0.096,0.827
30.7,62.8,-0.737,0.817
30.7,63.3,-1.507,0.806
30.7,63.8,0.801,0.796
30.7,64.3,-0.032,0.785
30.7,64.8,-0.801,0.774
30.7,65.3,1.507,0.764
30.7,65.8,0.673,0.753
30.7,66.3,-0.160,0.742
30.7,66.8,-0.930,0.732
30.7,67.3,1.378,0.721
30.7,67.8,0.545,0.711
30.7,68.3,-0.224,0.700
30.7,68.8,-1.058,0.689
30.7,69.3,1.250,0.678
30.7,69.8,0.481,0.668
30.7,70.4,-0.353,0.657
30.7,70.9,-1.186,0.646
30.7,71.4,1.186,0.635
30.7,71.9,0.353,0.624
30.7,72.4,-0.481,0.613
30.7,72.9,-1.314,0.602
30.7,73.4,1.058,0.591
30.7,73.9,0.224,0.581
30.7,74.4,-0.609,0.570
30.7,74.9,-1.443,0.558
30.7,75.4,0.930,0.547
30.7,75.9,0.096,0.537
30.7,76.4,-0.737,0.525
30.7,76.9,-1.507,0.514
30.7,77.4,0.801,0.503
30.7,77.9,-0.032,0.492
30.7,78.4,-0.866,0.481
30.7,78.9,1.507,0.470
30.7,79.4,0.673,0.459
30.7,79.9,-0.160,0.447
30.7,80.4,-0.994,0.436
30.7,80.9,1.378,0.425
30.7,81.4,0.545,0.414
30.7,81.9,-0.289,0.402
30.7,82.4,-1.122,0.391
30.7,82.9,1.186,0.380
30.7,83.4,0.417,0.369
30.7,83.9,-0.417,0.357
30.7,84.4,-1.250,0.346
30.7,84.9,1.058,0.335
30.7,85.4,0.289,0.323
30.7,85.9,-0.545,0.312
30.7,86.4,-1.378,0.300
30.7,86.9,0.930,0.289
30.7,87.4,0.096,0.278
30.7,87.9,-0.673,0.266
30.7,88.4,-1.507,0.255
30.7,88.9,0.801,0.243
30.7,89.4,-0.032,0.232
30.7,89.9,-0.866,0.220
30.7,90.5,1.507,0.209
30.7,91.0,0.673,0.198
30.7,91.5,-0.160,0.186
30.7,92.0,-0.994,0.175
30.7,92.5,1.314,0.163
30.7,93.0,0.481,0.152
30.7,93.5,-0.289,0.140
30.7,94.0,-1.122,0.129
30.7,94.5,1.186,0.117
30.7,95.0,0.353,0.106
30.7,95.5,-0.481,0.094
30.7,96.0,-1.314,0.082
30.7,96.5,1.058,0.071
30.7,97.0,0.224,0.059
30.7,97.5,-0.609,0.048
30.7,98.0,-1.443,0.036
30.7,98.5,0.866,0.025
30.7,99.0,0.032,0.013
30.7,99.5,-0.801,0.002
30.7,100.0,1.571,0.010
31.2,0.0,0.032,1.817
31.2,0.5,-0.801,1.813
31.2,1.0,1.571,1.808
31.2,1.5,0.801,1.803
31.2,2.0,-0.032,1.798
31.2,2.5,-0.801,1.794
31.2,3.0,1.571,1.788
31.2,3.5,0.737,1.783
31.2,4.0,-0.032,1.779
31.2,4.5,-0.801,1.773
31.2,5.0,1.507,1.768
31.2,5.5,0.737,1.763
31.2,6.0,-0.032,1.757
31.2,6.5,-0.866,1.752
31.2,7.0,1.507,1.747
31.2,7.5,0.673,1.740
31.2,8.0,-0.096,1.736
31.2,8.5,-0.866,1.730
31.2,9.0,1.443,1.724
31.2,9.5,0.673,1.719
31.2,10.1,-0.096,1.712
31.2,10.6,-0.930,1.707
31.2,11.1,1.443,1.701
31.2,11.6,0.609,1.694
31.2,12.1,-0.160,1.689
31.2,12.6,-0.930,1.683
31.2,13.1,1.378,1.676
31.2,13.6,0.609,1.671
31.2,14.1,-0.160,1.664
31.2,14.6,-0.994,1.658
31.2,15.1,1.378,1.652
31.2,15.6,0.545,1.645
31.2,16.1,-0.224,1.639
31.2,16.6,-0.994,1.632
31.2,17.1,1.314,1.626
31.2,17.6,0.545,1.619
31.2,18.1,-0.289,1.612
31.2,18.6,-1.058,1.606
31.2,19.1,1.250,1.599
31.2,19.6,0.481,1.592
31.2,20.1,-0.289,1.585
31.2,20.6,-1.122,1.579
31.2,21.1,1.250,1.571
31.2,21.6,0.417,1.564
31.2,22.1,-0.353,1.557
31.2,22.6,-1.186,1.550
31.2,23.1,1.186,1.543
31.2,23.6,0.417,1.535
31.2,24.1,-0.417,1.529
31.2,24.6,-1.186,1.521
31.2,25.1,1.122,1.514
31.2,25.6,0.353,1.506
31.2,26.1,-0.481,1.499
31.2,26.6,-1.250,1.492
31.2,27.1,1.058,1.484
31.2,27.6,0.289,1.476
31.2,28.1,-0.545,1.468
31.2,28.6,-1.314,1.461
31.2,29.1,0.994,1.453
31.2,29.6,0.224,1.446
31.2,30.2,-0.609,1.437
31.2,30.7,-1.378,1.430
31.2,31.2,0.994,1.421
31.2,31.7,0.160,1.414
31.2,32.2,-0.609,1.405
31.2,32.7,-1.443,1.398
31.2,33.2,0.930,1.389
31.2,33.7,0.096,1.381
31.2,34.2,-0.673,1.373
31.2,34.7,-1.507,1.365
31.2,35.2,0.866,1.356
31.2,35.7,0.032,1.348
31.2,36.2,-0.801,1.339
31.2,36.7,1.571,1.331
31.2,37.2,0.737,1.322
31.2,37.7,-0.032,1.314
31.2,38.2,-0.866,1.305
31.2,38.7,1.507,1.297
31.2,39.2,0.673,1.288
31.2,39.7,-0.096,1.280
31.2,40.2,-0.930,1.271
31.2,40.7,1.443,1.262
31.2,41.2,0.609,1.253
31.2,41.7,-0.160,1.244
31.2,42.2,-0.994,1.235
31.2,42.7,1.378,1.226
31.2,43.2,0.545,1.218
31.2,43.7,-0.289,1.208
31.2,44.2,-1.058,1.199
31.2,44.7,1.250,1.190
31.2,45.2,0.481,1.181
31.2,45.7,-0.353,1.172
31.2,46.2,-1.122,1.162
31.2,46.7,1.186,1.153
31.2,47.2,0.417,1.143
31.2,47.7,-0.417,1.135
31.2,48.2,-1.250,1.125
31.2,48.7,1.122,1.116
31.2,49.2,0.289,1.106
31.2,49.7,-0.481,1.096
31.2,50.3,-1.314,1.087
31.2,50.8,0.994,1.077
31.2,51.3,0.224,1.068
31.2,51.8,-0.609,1.058
31.2,52.3,-1.378,1.048
31.2,52.8,0.930,1.039
31.2,53.3,0.096,1.029
31.2,53.8,-0.673,1.019
31.2,54.3,-1.507,1.010
31.2,54.8,0.866,0.999
31.2,55.3,0.032,0.990
31.2,55.8,-0.801,0.980
31.2,56.3,1.571,0.970
31.2,56.8,0.737,0.960
31.2,57.3,-0.096,0.949
31.2,57.8,-0.866,0.940
31.2,58.3,1.443,0.930
31.2,58.8,0.673,0.919
31.2,59.3,-0.160,0.909
31.2,59.8,-0.994,0.899
31.2,60.3,1.378,0.889
31.2,60.8,0.545,0.879
31.2,61.3,-0.289,0.868
31.2,61.8,-1.058,0.858
31.2,62.3,1.250,0.848
31.2,62.8,0.417,0.837
31.2,63.3,-0.353,0.827
31.2,63.8,-1.186,0.817
31.2,64.3,1.122,0.806
31.2,64.8,0.353,0.796
31.2,65.3,-0.481,0.785
31.2,65.8,-1.314,0.774
31.2,66.3,1.058,0.764
31.2,66.8,0.224,0.753
31.2,67.3,-0.609,0.743
31.2,67.8,-1.378,0.732
31.2,68.3,0.930,0.721
31.2,68.8,0.096,0.711
31.2,69.3,-0.673,0.700
31.2,69.8,-1.507,0.689
31.2,70.4,0.801,0.678
31.2,70.9,-0.032,0.667
31.2,71.4,-0.801,0.657
31.2,71.9,1.507,0.646
31.2,72.4,0.673,0.635
31.2,72.9,-0.096,0.624
31.2,73.4,-0.930,0.613
31.2,73.9,1.378,0.602
31.2,74.4,0.609,0.591
31.2,74.9,-0.224,0.580
31.2,75.4,-1.058,0.570
31.2,75.9,1.250,0.558
31.2,76.4,0.481,0.547
31.2,76.9,-0.353,0.536
31.2,77.4,-1.186,0.525
31.2,77.9,1.122,0.514
31.2,78.4,0.353,0.503
31.2,78.9,-0.481,0.492
31.2,79.4,-1.314,0.481
31.2,79.9,0.994,0.470
31.2,80.4,0.224,0.458
31.2,80.9,-0.609,0.447
31.2,81.4,-1.443,0.436
31.2,81.9,0.866,0.425
31.2,82.4,0.096,0.414
31.2,82.9,-0.737,0.402
31.2,83.4,-1.571,0.391
31.2,83.9,0.737,0.380
31.2,84.4,-0.032,0.368
31.2,84.9,-0.866,0.357
31.2,85.4,1.443,0.346
31.2,85.9,0.609,0.334
31.2,86.4,-0.224,0.323
31.2,86.9,-0.994,0.312
31.2,87.4,1.314,0.300
31.2,87.9,0.481,0.289
31.2,88.4,-0.353,0.278
31.2,88.9,-1.186,0.266
31.2,89.4,1.186,0.255
31.2,89.9,0.353,0.243
31.2,90.5,-0.481,0.232
31.2,91.0,-1.314,0.220
31.2,91.5,0.994,0.209
31.2,92.0,0.224,0.197
31.2,92.5,-0.609,0.186
31.2,93.0,-1.443,0.174
31.2,93.5,0.866,0.163
31.2,94.0,0.032,0.151
31.2,94.5,-0.801,0.140
31.2,95.0,1.571,0.128
31.2,95.5,0.737,0.117
31.2,96.0,-0.096,0.105
31.2,96.5,-0.930,0.094
31.2,97.0,1.378,0.082
31.2,97.5,0.545,0.071
31.2,98.0,-0.224,0.059
31.2,98.5,-1.058,0.048
31.2,99.0,1.250,0.036
31.2,99.5,0.417,0.025
31.2,100.0,-0.417,0.013
31.7,0.0,1.122,1.827
31.7,0.5,0.353,1.822
31.7,1.0,-0.481,1.817
31.7,1.5,-1.250,1.813
31.7,2.0,1.122,1.808
31.7,2.5,0.289,1.803
31.7,3.0,-0.481,1.799
31.7,3.5,-1.250,1.794
31.7,4.0,1.058,1.788
31.7,4.5,0.289,1.784
31.7,5.0,-0.481,1.779
31.7,5.5,-1.314,1.773
31.7,6.0,1.058,1.768
31.7,6.5,0.289,1.763
31.7,7.0,-0.545,1.757
31.7,7.5,-1.314,1.752
31.7,8.0,1.058,1.746
31.7,8.5,0.224,1.741
31.7,9.0,-0.545,1.736
31.7,9.5,-1.314,1.729
31.7,10.1,0.994,1.724
31.7,10.6,0.224,1.719
31.7,11.1,-0.609,1.712
31.7,11.6,-1.378,1.707
31.7,12.1,0.994,1.701
31.7,12.6,0.160,1.695
31.7,13.1,-0.609,1.689
31.7,13.6,-1.378,1.682
31.7,14.1,0.930,1.677
31.7,14.6,0.160,1.671
31.7,15.1,-0.673,1.664
31.7,15.6,-1.443,1.658
31.7,16.1,0.930,1.651
31.7,16.6,0.096,1.645
31.7,17.1,-0.673,1.639
31.7,17.6,-1.507,1.632
31.7,18.1,0.866,1.626
31.7,18.6,0.096,1.619
31.7,19.1,-0.737,1.613
31.7,19.6,-1.507,1.606
31.7,20.1,0.801,1.599
31.7,20.6,0.032,1.592
31.7,21.1,-0.801,1.585
31.7,21.6,-1.571,1.579
31.7,22.1,0.801,1.571
31.7,22.6,-0.032,1.565
31.7,23.1,-0.801,1.557
31.7,23.6,1.507,1.550
31.7,24.1,0.737,1.543
31.7,24.6,-0.096,1.536
31.7,25.1,-0.866,1.529
31.7,25.6,1.443,1.521
31.7,26.1,0.673,1.514
31.7,26.6,-0.096,1.506
31.7,27.1,-0.930,1.499
31.7,27.6,1.443,1.491
31.7,28.1,0.609,1.484
31.7,28.6,-0.160,1.476
31.7,29.1,-0.994,1.469
31.7,29.6,1.378,1.461
31.7,30.2,0.545,1.453
31.7,30.7,-0.224,1.446
31.7,31.2,-1.058,1.437
31.7,31.7,1.314,1.430
31.7,32.2,0.481,1.422
31.7,32.7,-0.289,1.414
31.7,33.2,-1.122,1.405
31.7,33.7,1.250,1.398
31.7,34.2,0.417,1.389
31.7,34.7,-0.353,1.381
31.7,35.2,-1.186,1.373
31.7,35.7,1.186,1.365
31.7,36.2,0.353,1.356
31.7,36.7,-0.417,1.348
31.7,37.2,-1.250,1.340
31.7,37.7,1.122,1.331
31.7,38.2,0.289,1.323
31.7,38.7,-0.481,1.314
31.7,39.2,-1.314,1.306
31.7,39.7,1.058,1.297
31.7,40.2,0.224,1.288
31.7,40.7,-0.545,1.279
31.7,41.2,-1.378,1.271
31.7,41.7,0.994,1.262
31.7,42.2,0.160,1.253
31.7,42.7,-0.609,1.244
31.7,43.2,-1.443,1.236
31.7,43.7,0.866,1.226
31.7,44.2,0.096,1.218
31.7,44.7,-0.737,1.208
31.7,45.2,-1.507,1.199
31.7,45.7,0.801,1.190
31.7,46.2,0.032,1.181
31.7,46.7,-0.801,1.172
31.7,47.2,1.571,1.162
31.7,47.7,0.737,1.153
31.7,48.2,-0.096,1.144
31.7,48.7,-0.866,1.135
31.7,49.2,1.443,1.125
31.7,49.7,0.673,1.116
31.7,50.3,-0.160,1.106
31.7,50.8,-0.994,1.096
31.7,51.3,1.378,1.087
31.7,51.8,0.545,1.078
31.7,52.3,-0.224,1.068
31.7,52.8,-1.058,1.058
31.7,53.3,1.250,1.048
31.7,53.8,0.481,1.039
31.7,54.3,-0.353,1.029
31.7,54.8,-1.122,1.019
31.7,55.3,1.186,1.010
31.7,55.8,0.353,0.999
31.7,56.3,-0.417,0.990
31.7,56.8,-1.250,0.980
31.7,57.3,1.122,0.970
31.7,57.8,0.289,0.960
31.7,58.3,-0.545,0.950
31.7,58.8,-1.314,0.940
31.7,59.3,0.994,0.930
31.7,59.8,0.160,0.919
31.7,60.3,-0.609,0.909
31.7,60.8,-1.443,0.899
31.7,61.3,0.930,0.889
31.7,61.8,0.096,0.879
31.7,62.3,-0.737,0.868
31.7,62.8,-1.507,0.858
31.7,63.3,0.801,0.848
31.7,63.8,-0.032,0.837
31.7,64.3,-0.801,0.827
31.7,64.8,1.507,0.817
31.7,65.3,0.673,0.806
31.7,65.8,-0.096,0.795
31.7,66.3,-0.930,0.785
31.7,66.8,1.378,0.774
31.7,67.3,0.609,0.764
31.7,67.8,-0.224,0.753
31.7,68.3,-1.058,0.743
31.7,68.8,1.314,0.732
31.7,69.3,0.481,0.721
31.7,69.8,-0.353,0.711
31.7,70.4,-1.186,0.700
31.7,70.9,1.186,0.689
31.7,71.4,0.353,0.678
31.7,71.9,-0.481,0.668
31.7,72.4,-1.250,0.657
31.7,72.9,1.058,0.646
31.7,73.4,0.224,0.635
31.7,73.9,-0.545,0.624
31.7,74.4,-1.378,0.613
31.7,74.9,0.930,0.602
31.7,75.4,0.096,0.591
31.7,75.9,-0.673,0.580
31.7,76.4,-1.507,0.569
31.7,76.9,0.801,0.558
31.7,77.4,-0.032,0.547
31.7,77.9,-0.801,0.536
31.7,78.4,1.507,0.525
31.7,78.9,0.673,0.514
31.7,79.4,-0.096,0.503
31.7,79.9,-0.930,0.492
31.7,80.4,1.378,0.481
31.7,80.9,0.545,0.470
31.7,81.4,-0.224,0.458
31.7,81.9,-1.058,0.447
31.7,82.4,1.250,0.436
31.7,82.9,0.417,0.425
31.7,83.4,-0.417,0.413
31.7,83.9,-1.186,0.402
31.7,84.4,1.122,0.391
31.7,84.9,0.289,0.380
31.7,85.4,-0.545,0.368
31.7,85.9,-1.314,0.357
31.7,86.4,0.994,0.346
31.7,86.9,0.160,0.334
31.7,87.4,-0.673,0.323
31.7,87.9,-1.507,0.312
31.7,88.4,0.866,0.300
31.7,88.9,0.032,0.289
31.7,89.4,-0.801,0.277
31.7,89.9,1.507,0.266
31.7,90.5,0.673,0.254
31.7,91.0,-0.096,0.243
31.7,91.5,-0.930,0.232
31.7,92.0,1.378,0.220
31.7,92.5,0.545,0.209
31.7,93.0,-0.289,0.197
31.7,93.5,-1.058,0.186
31.7,94.0,1.250,0.174
31.7,94.5,0.417,0.163
31.7,95.0,-0.417,0.151
31.7,95.5,-1.250,0.140
31.7,96.0,1.058,0.128
31.7,96.5,0.289,0.117
31.7,97.0,-0.545,0.105
31.7,97.5,-1.378,0.094
31.7,98.0,0.930,0.082
31.7,98.5,0.096,0.071
31.7,99.0,-0.737,0.059
31.7,99.5,-1.507,0.047
31.7,100.0,0.801,0.036
32.2,0.0,-0.866,1.836
32.2,0.5,1.443,1.832
32.2,1.0,0.673,1.827
32.2,1.5,-0.096,1.822
32.2,2.0,-0.930,1.818
32.2,2.5,1.443,1.813
32.2,3.0,0.673,1.808
32.2,3.5,-0.160,1.803
32.2,4.0,-0.930,1.799
32.2,4.5,1.443,1.794
32.2,5.0,0.609,1.789
32.2,5.5,-0.160,1.784
32.2,6.0,-0.930,1.778
32.2,6.5,1.378,1.773
32.2,7.0,0.609,1.768
32.2,7.5,-0.160,1.763
32.2,8.0,-0.994,1.758
32.2,8.5,1.378,1.752
32.2,9.0,0.609,1.746
32.2,9.5,-0.224,1.741
32.2,10.1,-0.994,1.736
32.2,10.6,1.314,1.729
32.2,11.1,0.545,1.724
32.2,11.6,-0.224,1.718
32.2,12.1,-1.058,1.713
32.2,12.6,1.314,1.707
32.2,13.1,0.545,1.701
32.2,13.6,-0.289,1.695
32.2,14.1,-1.058,1.689
32.2,14.6,1.250,1.683
32.2,15.1,0.481,1.677
32.2,15.6,-0.289,1.670
32.2,16.1,-1.122,1.664
32.2,16.6,1.250,1.658
32.2,17.1,0.417,1.651
32.2,17.6,-0.353,1.646
32.2,18.1,-1.122,1.639
32.2,18.6,1.186,1.633
32.2,19.1,0.417,1.626
32.2,19.6,-0.417,1.619
32.2,20.1,-1.186,1.613
32.2,20.6,1.186,1.606
32.2,21.1,0.353,1.599
32.2,21.6,-0.417,1.592
32.2,22.1,-1.250,1.585
32.2,22.6,1.122,1.579
32.2,23.1,0.289,1.571
32.2,23.6,-0.481,1.565
32.2,24.1,-1.250,1.557
32.2,24.6,1.058,1.551
32.2,25.1,0.289,1.543
32.2,25.6,-0.545,1.536
32.2,26.1,-1.314,1.529
32.2,26.6,0.994,1.521
32.2,27.1,0.224,1.514
32.2,27.6,-0.609,1.506
32.2,28.1,-1.378,1.499
32.2,28.6,0.994,1.491
32.2,29.1,0.160,1.484
32.2,29.6,-0.609,1.476
32.2,30.2,-1.443,1.469
32.2,30.7,0.930,1.461
32.2,31.2,0.096,1.453
32.2,31.7,-0.673,1.445
32.2,32.2,-1.507,1.438
32.2,32.7,0.866,1.430
32.2,33.2,0.032,1.422
32.2,33.7,-0.737,1.414
32.2,34.2,-1.571,1.406
32.2,34.7,0.801,1.398
32.2,35.2,-0.032,1.390
32.2,35.7,-0.801,1.381
32.2,36.2,1.507,1.373
32.2,36.7,0.737,1.365
32.2,37.2,-0.096,1.357
32.2,37.7,-0.866,1.348
32.2,38.2,1.443,1.340
32.2,38.7,0.673,1.331
32.2,39.2,-0.160,1.323
32.2,39.7,-0.930,1.314
32.2,40.2,1.378,1.306
32.2,40.7,0.609,1.297
32.2,41.2,-0.224,1.289
32.2,41.7,-0.994,1.279
32.2,42.2,1.314,1.271
32.2,42.7,0.481,1.262
32.2,43.2,-0.289,1.253
32.2,43.7,-1.122,1.244
32.2,44.2,1.250,1.236
32.2,44.7,0.417,1.226
32.2,45.2,-0.353,1.217
32.2,45.7,-1.186,1.209
32.2,46.2,1.186,1.199
32.2,46.7,0.353,1.190
32.2,47.2,-0.417,1.181
32.2,47.7,-1.250,1.172
32.2,48.2,1.058,1.162
32.2,48.7,0.289,1.153
32.2,49.2,-0.545,1.144
32.2,49.7,-1.314,1.134
32.2,50.3,0.994,1.125
32.2,50.8,0.160,1.115
32.2,51.3,-0.609,1.106
32.2,51.8,-1.443,1.097
32.2,52.3,0.930,1.087
32.2,52.8,0.096,1.078
32.2,53.3,-0.673,1.068
32.2,53.8,-1.507,1.059
32.2,54.3,0.801,1.049
32.2,54.8,0.032,1.039
32.2,55.3,-0.801,1.029
32.2,55.8,1.571,1.019
32.2,56.3,0.737,1.010
32.2,56.8,-0.096,1.000
32.2,57.3,-0.866,0.990
32.2,57.8,1.443,0.980
32.2,58.3,0.609,0.970
32.2,58.8,-0.160,0.960
32.2,59.3,-0.994,0.950
32.2,59.8,1.378,0.939
32.2,60.3,0.545,0.930
32.2,60.8,-0.289,0.919
32.2,61.3,-1.058,0.909
32.2,61.8,1.250,0.899
32.2,62.3,0.417,0.889
32.2,62.8,-0.353,0.879
32.2,63.3,-1.186,0.868
32.2,63.8,1.122,0.858
32.2,64.3,0.353,0.848
32.2,64.8,-0.481,0.837
32.2,65.3,-1.314,0.827
32.2,65.8,1.058,0.817
32.2,66.3,0.224,0.806
32.2,66.8,-0.609,0.795
32.2,67.3,-1.378,0.785
32.2,67.8,0.930,0.775
32.2,68.3,0.096,0.764
32.2,68.8,-0.673,0.753
32.2,69.3,-1.507,0.743
32.2,69.8,0.801,0.732
32.2,70.4,0.032,0.721
32.2,70.9,-0.801,0.711
32.2,71.4,1.507,0.700
32.2,71.9,0.737,0.689
32.2,72.4,-0.096,0.678
32.2,72.9,-0.930,0.668
32.2,73.4,1.443,0.657
32.2,73.9,0.609,0.646
32.2,74.4,-0.224,0.635
32.2,74.9,-1.058,0.624
32.2,75.4,1.314,0.613
32.2,75.9,0.481,0.602
32.2,76.4,-0.353,0.591
32.2,76.9,-1.122,0.580
32.2,77.4,1.186,0.569
32.2,77.9,0.353,0.558
32.2,78.4,-0.481,0.547
32.2,78.9,-1.250,0.536
32.2,79.4,1.058,0.525
32.2,79.9,0.224,0.514
32.2,80.4,-0.609,0.503
32.2,80.9,-1.378,0.492
32.2,81.4,0.930,0.481
32.2,81.9,0.096,0.470
32.2,82.4,-0.737,0.458
32.2,82.9,-1.507,0.447
32.2,83.4,0.801,0.436
32.2,83.9,-0.032,0.425
32.2,84.4,-0.866,0.413
32.2,84.9,1.507,0.402
32.2,85.4,0.673,0.391
32.2,85.9,-0.160,0.380
32.2,86.4,-0.994,0.368
32.2,86.9,1.314,0.357
32.2,87.4,0.545,0.346
32.2,87.9,-0.289,0.334
32.2,88.4,-1.122,0.323
32.2,88.9,1.186,0.311
32.2,89.4,0.417,0.300
32.2,89.9,-0.417,0.289
32.2,90.5,-1.250,0.277
32.2,91.0,1.058,0.266
32.2,91.5,0.224,0.254
32.2,92.0,-0.545,0.243
32.2,92.5,-1.378,0.232
32.2,93.0,0.930,0.220
32.2,93.5,0.096,0.209
32.2,94.0,-0.737,0.197
32.2,94.5,-1.571,0.186
32.2,95.0,0.801,0.174
32.2,95.5,-0.032,0.163
32.2,96.0,-0.866,0.151
32.2,96.5,1.443,0.140
32.2,97.0,0.609,0.128
32.2,97.5,-0.224,0.117
32.2,98.0,-0.994,0.105
32.2,98.5,1.314,0.094
32.2,99.0,0.481,0.082
32.2,99.5,-0.353,0.070
32.2,100.0,-1.186,0.059
32.7,0.0,0.224,1.845
32.7,0.5,-0.545,1.841
32.7,1.0,-1.378,1.836
32.7,1.5,0.994,1.832
32.7,2.0,0.224,1.827
32.7,2.5,-0.609,1.822
32.7,3.0,-1.378,1.818
32.7,3.5,0.994,1.813
32.7,4.0,0.224,1.808
32.7,4.5,-0.609,1.804
32.7,5.0,-1.378,1.799
32.7,5.5,0.994,1.793
32.7,6.0,0.160,1.789
32.7,6.5,-0.609,1.784
32.7,7.0,-1.378,1.778
32.7,7.5,0.930,1.774
32.7,8.0,0.160,1.768
32.7,8.5,-0.673,1.762
32.7,9.0,-1.443,1.758
32.7,9.5,0.930,1.752
32.7,10.1,0.096,1.746
32.7,10.6,-0.673,1.741
32.7,11.1,-1.443,1.736
32.7,11.6,0.866,1.730
32.7,12.1,0.096,1.725
32.7,12.6,-0.673,1.718
32.7,13.1,-1.507,1.713
32.7,13.6,0.866,1.707
32.7,14.1,0.032,1.701
32.7,14.6,-0.737,1.695
32.7,15.1,-1.507,1.689
32.7,15.6,0.801,1.683
32.7,16.1,0.032,1.677
32.7,16.6,-0.737,1.670
32.7,17.1,-1.571,1.665
32.7,17.6,0.801,1.658
32.7,18.1,-0.032,1.652
32.7,18.6,-0.801,1.646
32.7,19.1,1.571,1.638
32.7,19.6,0.737,1.633
32.7,20.1,-0.032,1.626
32.7,20.6,-0.866,1.619
32.7,21.1,1.507,1.613
32.7,21.6,0.673,1.606
32.7,22.1,-0.096,1.600
32.7,22.6,-0.866,1.592
32.7,23.1,1.443,1.586
32.7,23.6,0.673,1.579
32.7,24.1,-0.160,1.572
32.7,24.6,-0.930,1.565
32.7,25.1,1.378,1.557
32.7,25.6,0.609,1.551
32.7,26.1,-0.160,1.543
32.7,26.6,-0.994,1.536
32.7,27.1,1.378,1.529
32.7,27.6,0.545,1.522
32.7,28.1,-0.224,1.514
32.7,28.6,-1.058,1.507
32.7,29.1,1.314,1.499
32.7,29.6,0.481,1.492
32.7,30.2,-0.289,1.484
32.7,30.7,-1.122,1.476
32.7,31.2,1.250,1.469
32.7,31.7,0.417,1.461
32.7,32.2,-0.353,1.454
32.7,32.7,-1.122,1.445
32.7,33.2,1.186,1.438
32.7,33.7,0.417,1.430
32.7,34.2,-0.417,1.422
32.7,34.7,-1.186,1.414
32.7,35.2,1.122,1.406
32.7,35.7,0.353,1.398
32.7,36.2,-0.481,1.390
32.7,36.7,-1.250,1.381
32.7,37.2,1.058,1.373
32.7,37.7,0.289,1.365
32.7,38.2,-0.545,1.357
32.7,38.7,-1.314,1.348
32.7,39.2,0.994,1.340
32.7,39.7,0.224,1.331
32.7,40.2,-0.609,1.323
32.7,40.7,-1.378,1.314
32.7,41.2,0.930,1.306
32.7,41.7,0.096,1.297
32.7,42.2,-0.673,1.289
32.7,42.7,-1.507,1.280
32.7,43.2,0.866,1.271
32.7,43.7,0.032,1.262
32.7,44.2,-0.737,1.253
32.7,44.7,-1.571,1.244
32.7,45.2,0.801,1.235
32.7,45.7,-0.032,1.227
32.7,46.2,-0.801,1.217
32.7,46.7,1.507,1.209
32.7,47.2,0.673,1.199
32.7,47.7,-0.096,1.190
32.7,48.2,-0.930,1.181
32.7,48.7,1.443,1.172
32.7,49.2,0.609,1.163
32.7,49.7,-0.160,1.153
32.7,50.3,-0.994,1.144
32.7,50.8,1.378,1.134
32.7,51.3,0.545,1.125
32.7,51.8,-0.289,1.116
32.7,52.3,-1.058,1.106
32.7,52.8,1.250,1.097
32.7,53.3,0.481,1.087
32.7,53.8,-0.353,1.078
32.7,54.3,-1.186,1.068
32.7,54.8,1.186,1.058
32.7,55.3,0.353,1.049
32.7,55.8,-0.417,1.039
32.7,56.3,-1.250,1.029
32.7,56.8,1.058,1.019
32.7,57.3,0.289,1.010
32.7,57.8,-0.545,1.000
32.7,58.3,-1.314,0.989
32.7,58.8,0.994,0.980
32.7,59.3,0.160,0.970
32.7,59.8,-0.609,0.960
32.7,60.3,-1.443,0.950
32.7,60.8,0.866,0.940
32.7,61.3,0.096,0.930
32.7,61.8,-0.737,0.920
32.7,62.3,-1.507,0.909
32.7,62.8,0.801,0.899
32.7,63.3,-0.032,0.889
32.7,63.8,-0.801,0.878
32.7,64.3,1.507,0.868
32.7,64.8,0.673,0.858
32.7,65.3,-0.096,0.848
32.7,65.8,-0.930,0.837
32.7,66.3,1.378,0.827
32.7,66.8,0.609,0.816
32.7,67.3,-0.224,0.806
32.7,67.8,-1.058,0.795
32.7,68.3,1.314,0.785
32.7,68.8,0.481,0.775
32.7,69.3,-0.353,0.764
32.7,69.8,-1.122,0.753
32.7,70.4,1.186,0.743
32.7,70.9,0.353,0.732
32.7,71.4,-0.417,0.721
32.7,71.9,-1.250,0.711
32.7,72.4,1.058,0.700
32.7,72.9,0.224,0.689
32.7,73.4,-0.545,0.678
32.7,73.9,-1.378,0.668
32.7,74.4,0.930,0.657
32.7,74.9,0.160,0.646
32.7,75.4,-0.673,0.635
32.7,75.9,-1.507,0.624
32.7,76.4,0.866,0.613
32.7,76.9,0.032,0.602
32.7,77.4,-0.801,0.591
32.7,77.9,1.507,0.580
32.7,78.4,0.737,0.569
32.7,78.9,-0.096,0.558
32.7,79.4,-0.930,0.547
32.7,79.9,1.378,0.536
32.7,80.4,0.609,0.525
32.7,80.9,-0.224,0.514
32.7,81.4,-1.058,0.503
32.7,81.9,1.250,0.492
32.7,82.4,0.481,0.481
32.7,82.9,-0.353,0.469
32.7,83.4,-1.186,0.458
32.7,83.9,1.122,0.447
32.7,84.4,0.353,0.436
32.7,84.9,-0.481,0.425
32.7,85.4,-1.314,0.413
32.7,85.9,0.994,0.402
32.7,86.4,0.224,0.391
32.7,86.9,-0.609,0.379
32.7,87.4,-1.443,0.368
32.7,87.9,0.866,0.357
32.7,88.4,0.096,0.345
32.7,88.9,-0.737,0.334
32.7,89.4,1.571,0.323
32.7,89.9,0.737,0.311
32.7,90.5,-0.096,0.300
32.7,91.0,-0.866,0.289
32.7,91.5,1.443,0.277
32.7,92.0,0.609,0.266
32.7,92.5,-0.224,0.254
32.7,93.0,-1.058,0.243
32.7,93.5,1.314,0.231
32.7,94.0,0.481,0.220
32.7,94.5,-0.353,0.209
32.7,95.0,-1.186,0.197
32.7,95.5,1.122,0.186
32.7,96.0,0.289,0.174
32.7,96.5,-0.481,0.162
32.7,97.0,-1.314,0.151
32.7,97.5,0.994,0.140
32.7,98.0,0.160,0.128
32.7,98.5,-0.673,0.116
32.7,99.0,-1.507,0.105
32.7,99.5,0.866,0.093
32.7,100.0,0.032,0.082
33.2,0.0,1.378,1.853
33.2,0.5,0.545,1.850
33.2,1.0,-0.224,1.845
33.2,1.5,-0.994,1.840
33.2,2.0,1.314,1.836
33.2,2.5,0.545,1.832
33.2,3.0,-0.224,1.827
33.2,3.5,-1.058,1.823
33.2,4.0,1.314,1.818
33.2,4.5,0.545,1.813
33.2,5.0,-0.289,1.808
33.2,5.5,-1.058,1.804
33.2,6.0,1.314,1.799
33.2,6.5,0.481,1.794
33.2,7.0,-0.289,1.789
33.2,7.5,-1.058,1.784
33.2,8.0,1.250,1.779
33.2,8.5,0.481,1.774
33.2,9.0,-0.289,1.768
33.2,9.5,-1.122,1.763
33.2,10.1,1.250,1.758
33.2,10.6,0.481,1.752
33.2,11.1,-0.353,1.747
33.2,11.6,-1.122,1.742
33.2,12.1,1.250,1.735
33.2,12.6,0.417,1.730
33.2,13.1,-0.353,1.725
33.2,13.6,-1.186,1.718
33.2,14.1,1.186,1.713
33.2,14.6,0.417,1.707
33.2,15.1,-0.417,1.701
33.2,15.6,-1.186,1.695
33.2,16.1,1.186,1.689
33.2,16.6,0.353,1.683
33.2,17.1,-0.417,1.677
33.2,17.6,-1.250,1.671
33.2,18.1,1.122,1.665
33.2,18.6,0.353,1.658
33.2,19.1,-0.481,1.652
33.2,19.6,-1.250,1.646
33.2,20.1,1.058,1.639
33.2,20.6,0.289,1.633
33.2,21.1,-0.481,1.626
33.2,21.6,-1.314,1.620
33.2,22.1,1.058,1.613
33.2,22.6,0.224,1.606
33.2,23.1,-0.545,1.600
33.2,23.6,-1.378,1.592
33.2,24.1,0.994,1.586
33.2,24.6,0.224,1.579
33.2,25.1,-0.609,1.572
33.2,25.6,-1.378,1.565
33.2,26.1,0.930,1.558
33.2,26.6,0.160,1.551
33.2,27.1,-0.673,1.543
33.2,27.6,-1.443,1.536
33.2,28.1,0.930,1.528
33.2,28.6,0.096,1.522
33.2,29.1,-0.673,1.514
33.2,29.6,-1.507,1.507
33.2,30.2,0.866,1.499
33.2,30.7,0.032,1.492
33.2,31.2,-0.737,1.484
33.2,31.7,-1.571,1.477
33.2,32.2,0.801,1.469
33.2,32.7,-0.032,1.461
33.2,33.2,-0.801,1.454
33.2,33.7,1.507,1.445
33.2,34.2,0.737,1.438
33.2,34.7,-0.096,1.430
33.2,35.2,-0.866,1.422
33.2,35.7,1.443,1.414
33.2,36.2,0.673,1.406
33.2,36.7,-0.160,1.397
33.2,37.2,-0.930,1.390
33.2,37.7,1.378,1.381
33.2,38.2,0.609,1.374
33.2,38.7,-0.224,1.365
33.2,39.2,-0.994,1.357
33.2,39.7,1.314,1.348
33.2,40.2,0.545,1.340
33.2,40.7,-0.289,1.331
33.2,41.2,-1.058,1.323
33.2,41.7,1.250,1.314
33.2,42.2,0.481,1.306
33.2,42.7,-0.353,1.297
33.2,43.2,-1.122,1.289
33.2,43.7,1.186,1.280
33.2,44.2,0.417,1.271
33.2,44.7,-0.417,1.262
33.2,45.2,-1.186,1.253
33.2,45.7,1.122,1.245
33.2,46.2,0.353,1.235
33.2,46.7,-0.481,1.227
33.2,47.2,-1.314,1.217
33.2,47.7,1.058,1.209
33.2,48.2,0.224,1.199
33.2,48.7,-0.545,1.190
33.2,49.2,-1.378,1.181
33.2,49.7,0.994,1.172
33.2,50.3,0.160,1.163
33.2,50.8,-0.609,1.153
33.2,51.3,-1.443,1.144
33.2,51.8,0.866,1.135
33.2,52.3,0.096,1.125
33.2,52.8,-0.737,1.116
33.2,53.3,-1.507,1.106
33.2,53.8,0.801,1.097
33.2,54.3,-0.032,1.087
33.2,54.8,-0.801,1.078
33.2,55.3,1.507,1.068
33.2,55.8,0.737,1.058
33.2,56.3,-0.096,1.049
33.2,56.8,-0.930,1.039
33.2,57.3,1.443,1.029
33.2,57.8,0.609,1.019
33.2,58.3,-0.160,1.009
33.2,58.8,-0.994,1.000
33.2,59.3,1.314,0.990
33.2,59.8,0.545,0.980
33.2,60.3,-0.289,0.970
33.2,60.8,-1.058,0.960
33.2,61.3,1.250,0.950
33.2,61.8,0.417,0.940
33.2,62.3,-0.353,0.930
33.2,62.8,-1.186,0.920
33.2,63.3,1.122,0.909
33.2,63.8,0.353,0.899
33.2,64.3,-0.481,0.889
33.2,64.8,-1.314,0.878
33.2,65.3,1.058,0.868
33.2,65.8,0.224,0.858
33.2,66.3,-0.609,0.847
33.2,66.8,-1.378,0.837
33.2,67.3,0.930,0.827
33.2,67.8,0.160,0.816
33.2,68.3,-0.673,0.806
33.2,68.8,-1.507,0.796
33.2,69.3,0.801,0.785
33.2,69.8,0.032,0.774
33.2,70.4,-0.801,0.764
33.2,70.9,1.507,0.753
33.2,71.4,0.737,0.743
33.2,71.9,-0.096,0.732
33.2,72.4,-0.930,0.721
33.2,72.9,1.443,0.711
33.2,73.4,0.609,0.700
33.2,73.9,-0.224,0.689
33.2,74.4,-0.994,0.678
33.2,74.9,1.314,0.668
33.2,75.4,0.481,0.657
33.2,75.9,-0.289,0.646
33.2,76.4,-1.122,0.635
33.2,76.9,1.186,0.624
33.2,77.4,0.353,0.613
33.2,77.9,-0.417,0.602
33.2,78.4,-1.250,0.591
33.2,78.9,1.058,0.580
33.2,79.4,0.224,0.569
33.2,79.9,-0.545,0.558
33.2,80.4,-1.378,0.547
33.2,80.9,0.930,0.536
33.2,81.4,0.160,0.525
33.2,81.9,-0.673,0.514
33.2,82.4,-1.507,0.503
33.2,82.9,0.801,0.492
33.2,83.4,0.032,0.480
33.2,83.9,-0.801,0.469
33.2,84.4,1.507,0.458
33.2,84.9,0.673,0.447
33.2,85.4,-0.096,0.436
33.2,85.9,-0.930,0.424
33.2,86.4,1.378,0.413
33.2,86.9,0.545,0.402
33.2,87.4,-0.224,0.391
33.2,87.9,-1.058,0.379
33.2,88.4,1.250,0.368
33.2,88.9,0.417,0.357
33.2,89.4,-0.417,0.345
33.2,89.9,-1.186,0.334
33.2,90.5,1.122,0.323
33.2,91.0,0.289,0.311
33.2,91.5,-0.545,0.300
33.2,92.0,-1.378,0.288
33.2,92.5,0.994,0.277
33.2,93.0,0.160,0.266
33.2,93.5,-0.673,0.254
33.2,94.0,-1.507,0.243
33.2,94.5,0.801,0.231
33.2,95.0,0.032,0.220
33.2,95.5,-0.801,0.208
33.2,96.0,1.507,0.197
33.2,96.5,0.673,0.185
33.2,97.0,-0.160,0.174
33.2,97.5,-0.930,0.162
33.2,98.0,1.378,0.151
33.2,98.5,0.545,0.139
33.2,99.0,-0.289,0.128
33.2,99.5,-1.122,0.116
33.2,100.0,1.186,0.105
33.7,0.0,-0.673,1.862
33.7,0.5,-1.443,1.858
33.7,1.0,0.866,1.854
33.7,1.5,0.096,1.850
33.7,2.0,-0.673,1.845
33.7,2.5,-1.507,1.840
33.7,3.0,0.866,1.837
33.7,3.5,0.096,1.832
33.7,4.0,-0.673,1.827
33.7,4.5,-1.507,1.823
33.7,5.0,0.866,1.818
33.7,5.5,0.096,1.813
33.7,6.0,-0.737,1.809
33.7,6.5,-1.507,1.804
33.7,7.0,0.866,1.799
33.7,7.5,0.032,1.794
33.7,8.0,-0.737,1.789
33.7,8.5,-1.507,1.784
33.7,9.0,0.801,1.779
33.7,9.5,0.032,1.774
33.7,10.1,-0.737,1.768
33.7,10.6,-1.571,1.763
33.7,11.1,0.801,1.758
33.7,11.6,-0.032,1.752
33.7,12.1,-0.801,1.747
33.7,12.6,1.571,1.742
33.7,13.1,0.737,1.736
33.7,13.6,-0.032,1.731
33.7,14.1,-0.801,1.724
33.7,14.6,1.507,1.719
33.7,15.1,0.737,1.713
33.7,15.6,-0.032,1.707
33.7,16.1,-0.866,1.702
33.7,16.6,1.507,1.695
33.7,17.1,0.673,1.689
33.7,17.6,-0.096,1.684
33.7,18.1,-0.866,1.677
33.7,18.6,1.443,1.671
33.7,19.1,0.673,1.665
33.7,19.6,-0.160,1.658
33.7,20.1,-0.930,1.652
33.7,20.6,1.443,1.646
33.7,21.1,0.609,1.639
33.7,21.6,-0.160,1.633
33.7,22.1,-0.994,1.626
33.7,22.6,1.378,1.620
33.7,23.1,0.609,1.613
33.7,23.6,-0.224,1.606
33.7,24.1,-0.994,1.600
33.7,24.6,1.314,1.593
33.7,25.1,0.545,1.586
33.7,25.6,-0.289,1.579
33.7,26.1,-1.058,1.572
33.7,26.6,1.314,1.565
33.7,27.1,0.481,1.558
33.7,27.6,-0.289,1.551
33.7,28.1,-1.122,1.544
33.7,28.6,1.250,1.536
33.7,29.1,0.417,1.529
33.7,29.6,-0.353,1.522
33.7,30.2,-1.186,1.514
33.7,30.7,1.186,1.507
33.7,31.2,0.417,1.499
33.7,31.7,-0.417,1.492
33.7,32.2,-1.186,1.484
33.7,32.7,1.122,1.477
33.7,33.2,0.353,1.469
33.7,33.7,-0.481,1.462
33.7,34.2,-1.250,1.454
33.7,34.7,1.058,1.446
33.7,35.2,0.289,1.438
33.7,35.7,-0.545,1.430
33.7,36.2,-1.314,1.422
33.7,36.7,0.994,1.414
33.7,37.2,0.224,1.406
33.7,37.7,-0.609,1.398
33.7,38.2,-1.378,1.390
33.7,38.7,0.930,1.382
33.7,39.2,0.160,1.374
33.7,39.7,-0.673,1.365
33.7,40.2,-1.443,1.357
33.7,40.7,0.866,1.348
33.7,41.2,0.096,1.340
33.7,41.7,-0.737,1.332
33.7,42.2,-1.507,1.323
33.7,42.7,0.801,1.315
33.7,43.2,0.032,1.306
33.7,43.7,-0.801,1.297
33.7,44.2,1.571,1.288
33.7,44.7,0.737,1.280
33.7,45.2,-0.032,1.271
33.7,45.7,-0.866,1.263
33.7,46.2,1.443,1.253
33.7,46.7,0.673,1.245
33.7,47.2,-0.160,1.235
33.7,47.7,-0.930,1.227
33.7,48.2,1.378,1.218
33.7,48.7,0.609,1.209
33.7,49.2,-0.224,1.200
33.7,49.7,-0.994,1.190
33.7,50.3,1.314,1.181
33.7,50.8,0.545,1.172
33.7,51.3,-0.289,1.163
33.7,51.8,-1.122,1.153
33.7,52.3,1.250,1.144
33.7,52.8,0.417,1.135
33.7,53.3,-0.353,1.125
33.7,53.8,-1.186,1.116
33.7,54.3,1.122,1.106
33.7,54.8,0.353,1.097
33.7,55.3,-0.481,1.087
33.7,55.8,-1.250,1.078
33.7,56.3,1.058,1.068
33.7,56.8,0.289,1.058
33.7,57.3,-0.545,1.049
33.7,57.8,-1.378,1.039
33.7,58.3,0.994,1.029
33.7,58.8,0.160,1.020
33.7,59.3,-0.673,1.009
33.7,59.8,-1.443,1.000
33.7,60.3,0.866,0.990
33.7,60.8,0.096,0.980
33.7,61.3,-0.737,0.970
33.7,61.8,-1.571,0.960
33.7,62.3,0.801,0.950
33.7,62.8,-0.032,0.940
33.7,63.3,-0.801,0.929
33.7,63.8,1.507,0.920
33.7,64.3,0.673,0.909
33.7,64.8,-0.096,0.899
33.7,65.3,-0.930,0.889
33.7,65.8,1.378,0.879
33.7,66.3,0.609,0.868
33.7,66.8,-0.224,0.858
33.7,67.3,-1.058,0.848
33.7,67.8,1.314,0.837
33.7,68.3,0.481,0.827
33.7,68.8,-0.353,0.816
33.7,69.3,-1.122,0.806
33.7,69.8,1.186,0.796
33.7,70.4,0.353,0.785
33.7,70.9,-0.417,0.774
33.7,71.4,-1.250,0.764
33.7,71.9,1.058,0.753
33.7,72.4,0.289,0.742
33.7,72.9,-0.545,0.732
33.7,73.4,-1.378,0.721
33.7,73.9,0.994,0.710
33.7,74.4,0.160,0.700
33.7,74.9,-0.673,0.689
33.7,75.4,-1.507,0.678
33.7,75.9,0.866,0.667
33.7,76.4,0.032,0.657
33.7,76.9,-0.801,0.646
33.7,77.4,1.571,0.635
33.7,77.9,0.737,0.624
33.7,78.4,-0.096,0.613
33.7,78.9,-0.866,0.602
33.7,79.4,1.443,0.591
33.7,79.9,0.609,0.580
33.7,80.4,-0.224,0.569
33.7,80.9,-0.994,0.558
33.7,81.4,1.314,0.547
33.7,81.9,0.481,0.536
33.7,82.4,-0.353,0.525
33.7,82.9,-1.122,0.514
33.7,83.4,1.186,0.503
33.7,83.9,0.353,0.492
33.7,84.4,-0.481,0.480
33.7,84.9,-1.250,0.469
33.7,85.4,1.058,0.458
33.7,85.9,0.224,0.447
33.7,86.4,-0.609,0.436
33.7,86.9,-1.378,0.424
33.7,87.4,0.930,0.413
33.7,87.9,0.096,0.402
33.7,88.4,-0.737,0.391
33.7,88.9,-1.507,0.379
33.7,89.4,0.801,0.368
33.7,89.9,-0.032,0.357
33.7,90.5,-0.866,0.345
33.7,91.0,1.443,0.334
33.7,91.5,0.673,0.323
33.7,92.0,-0.160,0.311
33.7,92.5,-0.994,0.300
33.7,93.0,1.314,0.288
33.7,93.5,0.545,0.277
33.7,94.0,-0.289,0.265
33.7,94.5,-1.122,0.254
33.7,95.0,1.186,0.243
33.7,95.5,0.353,0.231
33.7,96.0,-0.481,0.220
33.7,96.5,-1.250,0.208
33.7,97.0,1.058,0.197
33.7,97.5,0.224,0.185
33.7,98.0,-0.609,0.174
33.7,98.5,-1.443,0.162
33.7,99.0,0.930,0.151
33.7,99.5,0.096,0.139
33.7,100.0,-0.737,0.128
34.2,0.0,0.417,1.870
34.2,0.5,-0.353,1.866
34.2,1.0,-1.122,1.862
34.2,1.5,1.250,1.857
34.2,2.0,0.417,1.854
34.2,2.5,-0.353,1.850
34.2,3.0,-1.122,1.845
34.2,3.5,1.186,1.841
34.2,4.0,0.417,1.837
34.2,4.5,-0.353,1.832
34.2,5.0,-1.186,1.827
34.2,5.5,1.186,1.823
34.2,6.0,0.417,1.818
34.2,6.5,-0.417,1.813
34.2,7.0,-1.186,1.809
34.2,7.5,1.186,1.804
34.2,8.0,0.353,1.799
34.2,8.5,-0.417,1.794
34.2,9.0,-1.186,1.789
34.2,9.5,1.122,1.784
34.2,10.1,0.353,1.779
34.2,10.6,-0.417,1.774
34.2,11.1,-1.250,1.768
34.2,11.6,1.122,1.764
34.2,12.1,0.353,1.758
34.2,12.6,-0.481,1.752
34.2,13.1,-1.250,1.747
34.2,13.6,1.122,1.741
34.2,14.1,0.289,1.736
34.2,14.6,-0.481,1.731
34.2,15.1,-1.250,1.724
34.2,15.6,1.058,1.719
34.2,16.1,0.289,1.713
34.2,16.6,-0.545,1.707
34.2,17.1,-1.314,1.702
34.2,17.6,1.058,1.695
34.2,18.1,0.224,1.690
34.2,18.6,-0.545,1.684
34.2,19.1,-1.378,1.677
34.2,19.6,0.994,1.671
34.2,20.1,0.224,1.665
34.2,20.6,-0.609,1.659
34.2,21.1,-1.378,1.652
34.2,21.6,0.930,1.645
34.2,22.1,0.160,1.640
34.2,22.6,-0.609,1.633
34.2,23.1,-1.443,1.626
34.2,23.6,0.930,1.620
34.2,24.1,0.096,1.613
34.2,24.6,-0.673,1.607
34.2,25.1,-1.443,1.599
34.2,25.6,0.866,1.593
34.2,26.1,0.096,1.586
34.2,26.6,-0.737,1.579
34.2,27.1,-1.507,1.572
34.2,27.6,0.801,1.565
34.2,28.1,0.032,1.558
34.2,28.6,-0.737,1.550
34.2,29.1,-1.571,1.544
34.2,29.6,0.801,1.536
34.2,30.2,-0.032,1.529
34.2,30.7,-0.801,1.522
34.2,31.2,1.507,1.514
34.2,31.7,0.737,1.507
34.2,32.2,-0.096,1.499
34.2,32.7,-0.866,1.492
34.2,33.2,1.443,1.484
34.2,33.7,0.673,1.477
34.2,34.2,-0.096,1.469
34.2,34.7,-0.930,1.462
34.2,35.2,1.443,1.453
34.2,35.7,0.609,1.446
34.2,36.2,-0.160,1.438
34.2,36.7,-0.994,1.430
34.2,37.2,1.378,1.422
34.2,37.7,0.545,1.414
34.2,38.2,-0.224,1.406
34.2,38.7,-1.058,1.398
34.2,39.2,1.314,1.390
34.2,39.7,0.481,1.382
34.2,40.2,-0.289,1.373
34.2,40.7,-1.122,1.365
34.2,41.2,1.250,1.357
34.2,41.7,0.417,1.349
34.2,42.2,-0.353,1.340
34.2,42.7,-1.186,1.332
34.2,43.2,1.186,1.323
34.2,43.7,0.353,1.315
34.2,44.2,-0.417,1.306
34.2,44.7,-1.250,1.298
34.2,45.2,1.122,1.288
34.2,45.7,0.289,1.280
34.2,46.2,-0.545,1.271
34.2,46.7,-1.314,1.263
34.2,47.2,0.994,1.253
34.2,47.7,0.224,1.245
34.2,48.2,-0.609,1.236
34.2,48.7,-1.378,1.227
34.2,49.2,0.930,1.218
34.2,49.7,0.160,1.209
34.2,50.3,-0.673,1.200
34.2,50.8,-1.507,1.190
34.2,51.3,0.866,1.181
34.2,51.8,0.032,1.172
34.2,52.3,-0.737,1.163
34.2,52.8,-1.571,1.154
34.2,53.3,0.801,1.144
34.2,53.8,-0.032,1.135
34.2,54.3,-0.801,1.125
34.2,54.8,1.507,1.116
34.2,55.3,0.673,1.106
34.2,55.8,-0.096,1.097
34.2,56.3,-0.930,1.088
34.2,56.8,1.443,1.078
34.2,57.3,0.609,1.068
34.2,57.8,-0.224,1.058
34.2,58.3,-0.994,1.049
34.2,58.8,1.314,1.039
34.2,59.3,0.545,1.029
34.2,59.8,-0.289,1.020
34.2,60.3,-1.122,1.010
34.2,60.8,1.250,1.000
34.2,61.3,0.417,0.990
34.2,61.8,-0.353,0.980
34.2,62.3,-1.186,0.970
34.2,62.8,1.122,0.960
34.2,63.3,0.353,0.950
34.2,63.8,-0.481,0.940
34.2,64.3,-1.314,0.930
34.2,64.8,1.058,0.920
34.2,65.3,0.224,0.909
34.2,65.8,-0.609,0.899
34.2,66.3,-1.378,0.889
34.2,66.8,0.930,0.879
34.2,67.3,0.160,0.868
34.2,67.8,-0.673,0.858
34.2,68.3,-1.507,0.848
34.2,68.8,0.866,0.837
34.2,69.3,0.032,0.827
34.2,69.8,-0.801,0.816
34.2,70.4,1.571,0.806
34.2,70.9,0.737,0.796
34.2,71.4,-0.096,0.785
34.2,71.9,-0.866,0.774
34.2,72.4,1.443,0.764
34.2,72.9,0.609,0.753
34.2,73.4,-0.160,0.742
34.2,73.9,-0.994,0.732
34.2,74.4,1.314,0.721
34.2,74.9,0.481,0.710
34.2,75.4,-0.289,0.700
34.2,75.9,-1.122,0.689
34.2,76.4,1.186,0.678
34.2,76.9,0.417,0.667
34.2,77.4,-0.417,0.657
34.2,77.9,-1.250,0.646
34.2,78.4,1.122,0.635
34.2,78.9,0.289,0.624
34.2,79.4,-0.545,0.613
34.2,79.9,-1.378,0.602
34.2,80.4,0.994,0.591
34.2,80.9,0.160,0.580
34.2,81.4,-0.673,0.569
34.2,81.9,-1.507,0.558
34.2,82.4,0.866,0.547
34.2,82.9,0.032,0.536
34.2,83.4,-0.801,0.525
34.2,83.9,1.571,0.514
34.2,84.4,0.737,0.503
34.2,84.9,-0.096,0.492
34.2,85.4,-0.930,0.480
34.2,85.9,1.443,0.469
34.2,86.4,0.609,0.458
34.2,86.9,-0.224,0.447
34.2,87.4,-1.058,0.436
34.2,87.9,1.314,0.424
34.2,88.4,0.481,0.413
34.2,88.9,-0.353,0.402
34.2,89.4,-1.186,0.390
34.2,89.9,1.122,0.379
34.2,90.5,0.353,0.368
34.2,91.0,-0.481,0.357
34.2,91.5,-1.314,0.345
34.2,92.0,0.994,0.334
34.2,92.5,0.224,0.322
34.2,93.0,-0.609,0.311
34.2,93.5,-1.443,0.300
34.2,94.0,0.866,0.288
34.2,94.5,0.032,0.277
34.2,95.0,-0.737,0.265
34.2,95.5,1.571,0.254
34.2,96.0,0.737,0.243
34.2,96.5,-0.096,0.231
34.2,97.0,-0.930,0.220
34.2,97.5,1.443,0.208
34.2,98.0,0.609,0.197
34.2,98.5,-0.224,0.185
34.2,99.0,-1.058,0.174
34.2,99.5,1.250,0.162
34.2,100.0,0.417,0.151
34.7,0.0,1.571,1.878
34.7,0.5,0.801,1.874
34.7,1.0,-0.032,1.870
34.7,1.5,-0.801,1.867
34.7,2.0,1.571,1.862
34.7,2.5,0.737,1.858
34.7,3.0,-0.032,1.854
34.7,3.5,-0.801,1.850
34.7,4.0,1.507,1.845
34.7,4.5,0.737,1.841
34.7,5.0,-0.032,1.837
34.7,5.5,-0.801,1.832
34.7,6.0,1.507,1.828
34.7,6.5,0.737,1.823
34.7,7.0,-0.032,1.818
34.7,7.5,-0.866,1.814
34.7,8.0,1.507,1.809
34.7,8.5,0.737,1.804
34.7,9.0,-0.096,1.799
34.7,9.5,-0.866,1.795
34.7,10.1,1.507,1.789
34.7,10.6,0.673,1.784
34.7,11.1,-0.096,1.779
34.7,11.6,-0.866,1.774
34.7,12.1,1.443,1.769
34.7,12.6,0.673,1.764
34.7,13.1,-0.096,1.758
34.7,13.6,-0.930,1.753
34.7,14.1,1.443,1.747
34.7,14.6,0.609,1.741
34.7,15.1,-0.160,1.736
34.7,15.6,-0.930,1.731
34.7,16.1,1.378,1.725
34.7,16.6,0.609,1.719
34.7,17.1,-0.160,1.713
34.7,17.6,-0.994,1.708
34.7,18.1,1.378,1.702
34.7,18.6,0.545,1.695
34.7,19.1,-0.224,1.690
34.7,19.6,-0.994,1.684
34.7,20.1,1.314,1.677
34.7,20.6,0.545,1.671
34.7,21.1,-0.224,1.665
34.7,21.6,-1.058,1.659
34.7,22.1,1.314,1.652
34.7,22.6,0.481,1.646
34.7,23.1,-0.289,1.640
34.7,23.6,-1.058,1.633
34.7,24.1,1.250,1.627
34.7,24.6,0.481,1.620
34.7,25.1,-0.353,1.613
34.7,25.6,-1.122,1.607
34.7,26.1,1.186,1.599
34.7,26.6,0.417,1.593
34.7,27.1,-0.353,1.586
34.7,27.6,-1.186,1.579
34.7,28.1,1.186,1.572
34.7,28.6,0.353,1.565
34.7,29.1,-0.417,1.558
34.7,29.6,-1.250,1.551
34.7,30.2,1.122,1.544
34.7,30.7,0.353,1.536
34.7,31.2,-0.481,1.530
34.7,31.7,-1.250,1.522
34.7,32.2,1.058,1.515
34.7,32.7,0.289,1.507
34.7,33.2,-0.545,1.500
34.7,33.7,-1.314,1.492
34.7,34.2,0.994,1.485
34.7,34.7,0.224,1.477
34.7,35.2,-0.609,1.469
34.7,35.7,-1.378,1.462
34.7,36.2,0.930,1.453
34.7,36.7,0.160,1.446
34.7,37.2,-0.673,1.438
34.7,37.7,-1.443,1.430
34.7,38.2,0.930,1.422
34.7,38.7,0.096,1.415
34.7,39.2,-0.673,1.406
34.7,39.7,-1.507,1.398
34.7,40.2,0.866,1.390
34.7,40.7,0.032,1.382
34.7,41.2,-0.737,1.373
34.7,41.7,-1.571,1.366
34.7,42.2,0.801,1.357
34.7,42.7,-0.032,1.349
34.7,43.2,-0.866,1.340
34.7,43.7,1.507,1.332
34.7,44.2,0.673,1.323
34.7,44.7,-0.096,1.315
34.7,45.2,-0.930,1.306
34.7,45.7,1.443,1.298
34.7,46.2,0.609,1.289
34.7,46.7,-0.160,1.280
34.7,47.2,-0.994,1.271
34.7,47.7,1.378,1.263
34.7,48.2,0.545,1.254
34.7,48.7,-0.224,1.245
34.7,49.2,-1.058,1.236
34.7,49.7,1.314,1.227
34.7,50.3,0.481,1.218
34.7,50.8,-0.353,1.208
34.7,51.3,-1.122,1.200
34.7,51.8,1.186,1.190
34.7,52.3,0.417,1.181
34.7,52.8,-0.417,1.172
34.7,53.3,-1.186,1.163
34.7,53.8,1.122,1.154
34.7,54.3,0.353,1.144
34.7,54.8,-0.481,1.135
34.7,55.3,-1.314,1.125
34.7,55.8,1.058,1.116
34.7,56.3,0.224,1.107
34.7,56.8,-0.545,1.097
34.7,57.3,-1.378,1.088
34.7,57.8,0.930,1.078
34.7,58.3,0.160,1.068
34.7,58.8,-0.673,1.059
34.7,59.3,-1.443,1.049
34.7,59.8,0.866,1.039
34.7,60.3,0.032,1.029
34.7,60.8,-0.737,1.020
34.7,61.3,-1.571,1.010
34.7,61.8,0.801,1.000
34.7,62.3,-0.032,0.990
34.7,62.8,-0.866,0.980
34.7,63.3,1.507,0.970
34.7,63.8,0.673,0.960
34.7,64.3,-0.160,0.950
34.7,64.8,-0.930,0.940
34.7,65.3,1.378,0.930
34.7,65.8,0.609,0.919
34.7,66.3,-0.224,0.910
34.7,66.8,-1.058,0.899
34.7,67.3,1.314,0.889
34.7,67.8,0.481,0.879
34.7,68.3,-0.353,0.868
34.7,68.8,-1.122,0.858
34.7,69.3,1.186,0.848
34.7,69.8,0.353,0.837
34.7,70.4,-0.417,0.827
34.7,70.9,-1.250,0.817
34.7,71.4,1.058,0.806
34.7,71.9,0.289,0.795
34.7,72.4,-0.545,0.785
34.7,72.9,-1.378,0.774
34.7,73.4,0.994,0.764
34.7,73.9,0.160,0.753
34.7,74.4,-0.673,0.742
34.7,74.9,-1.443,0.732
34.7,75.4,0.866,0.721
34.7,75.9,0.032,0.710
34.7,76.4,-0.737,0.700
34.7,76.9,1.571,0.689
34.7,77.4,0.737,0.678
34.7,77.9,-0.032,0.667
34.7,78.4,-0.866,0.657
34.7,78.9,1.443,0.646
34.7,79.4,0.609,0.635
34.7,79.9,-0.160,0.624
34.7,80.4,-0.994,0.613
34.7,80.9,1.314,0.602
34.7,81.4,0.545,0.591
34.7,81.9,-0.289,0.580
34.7,82.4,-1.122,0.569
34.7,82.9,1.186,0.558
34.7,83.4,0.417,0.547
34.7,83.9,-0.417,0.536
34.7,84.4,-1.250,0.525
34.7,84.9,1.058,0.514
34.7,85.4,0.289,0.503
34.7,85.9,-0.545,0.491
34.7,86.4,-1.378,0.480
34.7,86.9,0.930,0.469
34.7,87.4,0.160,0.458
34.7,87.9,-0.673,0.447
34.7,88.4,-1.507,0.435
34.7,88.9,0.801,0.424
34.7,89.4,0.032,0.413
34.7,89.9,-0.801,0.402
34.7,90.5,1.507,0.390
34.7,91.0,0.673,0.379
34.7,91.5,-0.096,0.368
34.7,92.0,-0.930,0.356
34.7,92.5,1.378,0.345
34.7,93.0,0.545,0.334
34.7,93.5,-0.289,0.322
34.7,94.0,-1.058,0.311
34.7,94.5,1.250,0.300
34.7,95.0,0.417,0.288
34.7,95.5,-0.417,0.277
34.7,96.0,-1.250,0.265
34.7,96.5,1.122,0.254
34.7,97.0,0.289,0.242
34.7,97.5,-0.545,0.231
34.7,98.0,-1.378,0.219
34.7,98.5,0.930,0.208
34.7,99.0,0.160,0.196
34.7,99.5,-0.673,0.185
34.7,100.0,-1.507,0.173
35.2,0.0,-0.481,1.886
35.2,0.5,-1.250,1.882
35.2,1.0,1.122,1.878
35.2,1.5,0.289,1.874
35.2,2.0,-0.481,1.871
35.2,2.5,-1.250,1.867
35.2,3.0,1.122,1.862
35.2,3.5,0.289,1.858
35.2,4.0,-0.481,1.854
35.2,4.5,-1.250,1.850
35.2,5.0,1.058,1.845
35.2,5.5,0.289,1.841
35.2,6.0,-0.481,1.837
35.2,6.5,-1.314,1.832
35.2,7.0,1.058,1.828
35.2,7.5,0.289,1.823
35.2,8.0,-0.545,1.818
35.2,8.5,-1.314,1.814
35.2,9.0,1.058,1.809
35.2,9.5,0.224,1.804
35.2,10.1,-0.545,1.800
35.2,10.6,-1.314,1.795
35.2,11.1,0.994,1.789
35.2,11.6,0.224,1.785
35.2,12.1,-0.545,1.779
35.2,12.6,-1.378,1.774
35.2,13.1,0.994,1.769
35.2,13.6,0.224,1.764
35.2,14.1,-0.609,1.758
35.2,14.6,-1.378,1.753
35.2,15.1,0.994,1.747
35.2,15.6,0.160,1.742
35.2,16.1,-0.609,1.737
35.2,16.6,-1.378,1.730
35.2,17.1,0.930,1.725
35.2,17.6,0.160,1.719
35.2,18.1,-0.673,1.713
35.2,18.6,-1.443,1.708
35.2,19.1,0.930,1.702
35.2,19.6,0.096,1.696
35.2,20.1,-0.673,1.690
35.2,20.6,-1.443,1.683
35.2,21.1,0.866,1.678
35.2,21.6,0.096,1.671
35.2,22.1,-0.737,1.665
35.2,22.6,-1.507,1.659
35.2,23.1,0.866,1.652
35.2,23.6,0.032,1.646
35.2,24.1,-0.737,1.640
35.2,24.6,-1.571,1.633
35.2,25.1,0.801,1.627
35.2,25.6,0.032,1.620
35.2,26.1,-0.801,1.614
35.2,26.6,1.571,1.607
35.2,27.1,0.737,1.600
35.2,27.6,-0.032,1.593
35.2,28.1,-0.866,1.586
35.2,28.6,1.507,1.580
35.2,29.1,0.737,1.572
35.2,29.6,-0.096,1.565
35.2,30.2,-0.866,1.558
35.2,30.7,1.443,1.551
35.2,31.2,0.673,1.544
35.2,31.7,-0.160,1.536
35.2,32.2,-0.930,1.530
35.2,32.7,1.378,1.522
35.2,33.2,0.609,1.515
35.2,33.7,-0.160,1.507
35.2,34.2,-0.994,1.500
35.2,34.7,1.378,1.492
35.2,35.2,0.545,1.485
35.2,35.7,-0.224,1.477
35.2,36.2,-1.058,1.469
35.2,36.7,1.314,1.462
35.2,37.2,0.481,1.454
35.2,37.7,-0.289,1.446
35.2,38.2,-1.122,1.438
35.2,38.7,1.250,1.431
35.2,39.2,0.417,1.422
35.2,39.7,-0.353,1.415
35.2,40.2,-1.186,1.406
35.2,40.7,1.186,1.398
35.2,41.2,0.353,1.390
35.2,41.7,-0.417,1.382
35.2,42.2,-1.250,1.373
35.2,42.7,1.122,1.366
35.2,43.2,0.289,1.357
35.2,43.7,-0.481,1.349
35.2,44.2,-1.314,1.340
35.2,44.7,1.058,1.332
35.2,45.2,0.224,1.323
35.2,45.7,-0.545,1.315
35.2,46.2,-1.378,1.306
35.2,46.7,0.994,1.298
35.2,47.2,0.160,1.289
35.2,47.7,-0.609,1.280
35.2,48.2,-1.443,1.272
35.2,48.7,0.930,1.262
35.2,49.2,0.096,1.254
35.2,49.7,-0.673,1.244
35.2,50.3,-1.507,1.236
35.2,50.8,0.801,1.227
35.2,51.3,0.032,1.218
35.2,51.8,-0.801,1.209
35.2,52.3,1.571,1.200
35.2,52.8,0.737,1.191
35.2,53.3,-0.032,1.181
35.2,53.8,-0.866,1.172
35.2,54.3,1.507,1.163
35.2,54.8,0.673,1.154
35.2,55.3,-0.160,1.144
35.2,55.8,-0.930,1.135
35.2,56.3,1.378,1.126
35.2,56.8,0.609,1.116
35.2,57.3,-0.224,1.107
35.2,57.8,-1.058,1.097
35.2,58.3,1.314,1.088
35.2,58.8,0.481,1.078
35.2,59.3,-0.289,1.068
35.2,59.8,-1.122,1.059
35.2,60.3,1.186,1.049
35.2,60.8,0.417,1.039
35.2,61.3,-0.417,1.029
35.2,61.8,-1.186,1.020
35.2,62.3,1.122,1.010
35.2,62.8,0.289,1.000
35.2,63.3,-0.481,0.990
35.2,63.8,-1.314,0.980
35.2,64.3,1.058,0.970
35.2,64.8,0.224,0.960
35.2,65.3,-0.609,0.950
35.2,65.8,-1.378,0.940
35.2,66.3,0.930,0.930
35.2,66.8,0.096,0.919
35.2,67.3,-0.673,0.909
35.2,67.8,-1.507,0.899
35.2,68.3,0.866,0.889
35.2,68.8,0.032,0.879
35.2,69.3,-0.801,0.868
35.2,69.8,1.571,0.858
35.2,70.4,0.737,0.848
35.2,70.9,-0.096,0.837
35.2,71.4,-0.866,0.827
35.2,71.9,1.443,0.817
35.2,72.4,0.609,0.806
35.2,72.9,-0.160,0.795
35.2,73.4,-0.994,0.785
35.2,73.9,1.314,0.774
35.2,74.4,0.545,0.764
35.2,74.9,-0.289,0.753
35.2,75.4,-1.122,0.743
35.2,75.9,1.250,0.732
35.2,76.4,0.417,0.721
35.2,76.9,-0.417,0.711
35.2,77.4,-1.250,0.699
35.2,77.9,1.122,0.689
35.2,78.4,0.289,0.678
35.2,78.9,-0.545,0.667
35.2,79.4,-1.314,0.656
35.2,79.9,0.994,0.646
35.2,80.4,0.160,0.635
35.2,80.9,-0.609,0.624
35.2,81.4,-1.443,0.613
35.2,81.9,0.866,0.602
35.2,82.4,0.032,0.591
35.2,82.9,-0.737,0.580
35.2,83.4,1.571,0.569
35.2,83.9,0.737,0.558
35.2,84.4,-0.096,0.547
35.2,84.9,-0.866,0.536
35.2,85.4,1.443,0.525
35.2,85.9,0.609,0.514
35.2,86.4,-0.160,0.502
35.2,86.9,-0.994,0.491
35.2,87.4,1.314,0.480
35.2,87.9,0.481,0.469
35.2,88.4,-0.289,0.458
35.2,88.9,-1.122,0.447
35.2,89.4,1.186,0.435
35.2,89.9,0.353,0.424
35.2,90.5,-0.481,0.413
35.2,91.0,-1.250,0.402
35.2,91.5,1.058,0.390
35.2,92.0,0.224,0.379
35.2,92.5,-0.609,0.368
35.2,93.0,-1.378,0.356
35.2,93.5,0.930,0.345
35.2,94.0,0.096,0.334
35.2,94.5,-0.737,0.322
35.2,95.0,-1.571,0.311
35.2,95.5,0.801,0.299
35.2,96.0,-0.032,0.288
35.2,96.5,-0.866,0.277
35.2,97.0,1.443,0.265
35.2,97.5,0.609,0.254
35.2,98.0,-0.160,0.242
35.2,98.5,-0.994,0.231
35.2,99.0,1.314,0.219
35.2,99.5,0.481,0.208
35.2,100.0,-0.353,0.196
35.7,0.0,0.673,1.893
35.7,0.5,-0.160,1.889
35.7,1.0,-0.930,1.886
35.7,1.5,1.443,1.882
35.7,2.0,0.673,1.878
35.7,2.5,-0.160,1.875
35.7,3.0,-0.930,1.871
35.7,3.5,1.443,1.866
35.7,4.0,0.609,1.862
35.7,4.5,-0.160,1.859
35.7,5.0,-0.930,1.854
35.7,5.5,1.378,1.849
35.7,6.0,0.609,1.846
35.7,6.5,-0.160,1.842
35.7,7.0,-0.930,1.836
35.7,7.5,1.378,1.832
35.7,8.0,0.609,1.828
35.7,8.5,-0.160,1.823
35.7,9.0,-0.994,1.819
35.7,9.5,1.378,1.814
35.7,10.1,0.609,1.809
35.7,10.6,-0.224,1.804
35.7,11.1,-0.994,1.800
35.7,11.6,1.378,1.794
35.7,12.1,0.545,1.789
35.7,12.6,-0.224,1.785
35.7,13.1,-0.994,1.779
35.7,13.6,1.314,1.774
35.7,14.1,0.545,1.769
35.7,14.6,-0.224,1.763
35.7,15.1,-1.058,1.758
35.7,15.6,1.314,1.753
35.7,16.1,0.545,1.747
35.7,16.6,-0.289,1.742
35.7,17.1,-1.058,1.737
35.7,17.6,1.250,1.730
35.7,18.1,0.481,1.725
35.7,18.6,-0.289,1.719
35.7,19.1,-1.122,1.713
35.7,19.6,1.250,1.708
35.7,20.1,0.481,1.701
35.7,20.6,-0.353,1.696
35.7,21.1,-1.122,1.690
35.7,21.6,1.186,1.683
35.7,22.1,0.417,1.678
35.7,22.6,-0.353,1.671
35.7,23.1,-1.186,1.665
35.7,23.6,1.186,1.659
35.7,24.1,0.353,1.652
35.7,24.6,-0.417,1.646
35.7,25.1,-1.186,1.640
35.7,25.6,1.122,1.633
35.7,26.1,0.353,1.627
35.7,26.6,-0.481,1.620
35.7,27.1,-1.250,1.614
35.7,27.6,1.122,1.606
35.7,28.1,0.289,1.600
35.7,28.6,-0.481,1.593
35.7,29.1,-1.314,1.586
35.7,29.6,1.058,1.580
35.7,30.2,0.224,1.572
35.7,30.7,-0.545,1.566
35.7,31.2,-1.314,1.558
35.7,31.7,0.994,1.551
35.7,32.2,0.224,1.544
35.7,32.7,-0.609,1.537
35.7,33.2,-1.378,1.530
35.7,33.7,0.930,1.522
35.7,34.2,0.160,1.515
35.7,34.7,-0.673,1.507
35.7,35.2,-1.443,1.500
35.7,35.7,0.930,1.492
35.7,36.2,0.096,1.485
35.7,36.7,-0.673,1.477
35.7,37.2,-1.507,1.470
35.7,37.7,0.866,1.462
35.7,38.2,0.032,1.454
35.7,38.7,-0.737,1.446
35.7,39.2,-1.571,1.438
35.7,39.7,0.801,1.430
35.7,40.2,-0.032,1.423
35.7,40.7,-0.801,1.415
35.7,41.2,1.507,1.406
35.7,41.7,0.737,1.398
35.7,42.2,-0.096,1.390
35.7,42.7,-0.866,1.382
35.7,43.2,1.443,1.374
35.7,43.7,0.673,1.366
35.7,44.2,-0.160,1.357
35.7,44.7,-0.930,1.349
35.7,45.2,1.378,1.340
35.7,45.7,0.609,1.332
35.7,46.2,-0.224,1.324
35.7,46.7,-0.994,1.315
35.7,47.2,1.314,1.306
35.7,47.7,0.545,1.297
35.7,48.2,-0.289,1.289
35.7,48.7,-1.058,1.280
35.7,49.2,1.250,1.272
35.7,49.7,0.417,1.262
35.7,50.3,-0.353,1.254
35.7,50.8,-1.186,1.245
35.7,51.3,1.186,1.236
35.7,51.8,0.353,1.227
35.7,52.3,-0.417,1.218
35.7,52.8,-1.250,1.209
35.7,53.3,1.122,1.200
35.7,53.8,0.289,1.191
35.7,54.3,-0.481,1.181
35.7,54.8,-1.314,1.172
35.7,55.3,0.994,1.163
35.7,55.8,0.224,1.154
35.7,56.3,-0.609,1.144
35.7,56.8,-1.378,1.135
35.7,57.3,0.930,1.126
35.7,57.8,0.160,1.116
35.7,58.3,-0.673,1.107
35.7,58.8,-1.507,1.097
35.7,59.3,0.866,1.088
35.7,59.8,0.032,1.078
35.7,60.3,-0.737,1.068
35.7,60.8,1.571,1.059
35.7,61.3,0.737,1.049
35.7,61.8,-0.032,1.039
35.7,62.3,-0.866,1.030
35.7,62.8,1.507,1.019
35.7,63.3,0.673,1.010
35.7,63.8,-0.160,1.000
35.7,64.3,-0.930,0.990
35.7,64.8,1.378,0.980
35.7,65.3,0.545,0.970
35.7,65.8,-0.224,0.960
35.7,66.3,-1.058,0.950
35.7,66.8,1.314,0.940
35.7,67.3,0.481,0.930
35.7,67.8,-0.353,0.920
35.7,68.3,-1.122,0.909
35.7,68.8,1.186,0.899
35.7,69.3,0.353,0.889
35.7,69.8,-0.417,0.879
35.7,70.4,-1.250,0.868
35.7,70.9,1.058,0.858
35.7,71.4,0.289,0.848
35.7,71.9,-0.545,0.837
35.7,72.4,-1.378,0.827
35.7,72.9,0.994,0.816
35.7,73.4,0.160,0.806
35.7,73.9,-0.673,0.795
35.7,74.4,-1.443,0.785
35.7,74.9,0.866,0.774
35.7,75.4,0.032,0.764
35.7,75.9,-0.737,0.753
35.7,76.4,-1.571,0.743
35.7,76.9,0.737,0.732
35.7,77.4,-0.032,0.721
35.7,77.9,-0.866,0.711
35.7,78.4,1.443,0.700
35.7,78.9,0.673,0.689
35.7,79.4,-0.160,0.678
35.7,79.9,-0.994,0.667
35.7,80.4,1.378,0.656
35.7,80.9,0.545,0.646
35.7,81.4,-0.289,0.635
35.7,81.9,-1.122,0.624
35.7,82.4,1.250,0.613
35.7,82.9,0.417,0.602
35.7,83.4,-0.417,0.591
35.7,83.9,-1.186,0.580
35.7,84.4,1.122,0.569
35.7,84.9,0.289,0.558
35.7,85.4,-0.545,0.547
35.7,85.9,-1.314,0.536
35.7,86.4,0.994,0.525
35.7,86.9,0.160,0.514
35.7,87.4,-0.673,0.502
35.7,87.9,-1.443,0.491
35.7,88.4,0.866,0.480
35.7,88.9,0.032,0.469
35.7,89.4,-0.801,0.458
35.7,89.9,1.571,0.446
35.7,90.5,0.737,0.435
35.7,91.0,-0.096,0.424
35.7,91.5,-0.930,0.413
35.7,92.0,1.443,0.401
35.7,92.5,0.609,0.390
35.7,93.0,-0.224,0.379
35.7,93.5,-1.058,0.368
35.7,94.0,1.250,0.356
35.7,94.5,0.481,0.345
35.7,95.0,-0.353,0.334
35.7,95.5,-1.186,0.322
35.7,96.0,1.122,0.311
35.7,96.5,0.353,0.299
35.7,97.0,-0.481,0.288
35.7,97.5,-1.314,0.276
35.7,98.0,0.994,0.265
35.7,98.5,0.160,0.254
35.7,99.0,-0.609,0.242
35.7,99.5,-1.443,0.231
35.7,100.0,0.866,0.219
36.2,0.0,-1.378,1.901
36.2,0.5,0.994,1.897
36.2,1.0,0.224,1.893
36.2,1.5,-0.609,1.890
36.2,2.0,-1.378,1.886
36.2,2.5,0.994,1.882
36.2,3.0,0.160,1.878
36.2,3.5,-0.609,1.875
36.2,4.0,-1.378,1.871
36.2,4.5,0.994,1.866
36.2,5.0,0.160,1.863
36.2,5.5,-0.609,1.859
36.2,6.0,-1.378,1.854
36.2,6.5,0.930,1.850
36.2,7.0,0.160,1.846
36.2,7.5,-0.609,1.841
36.2,8.0,-1.443,1.837
36.2,8.5,0.930,1.833
36.2,9.0,0.160,1.828
36.2,9.5,-0.673,1.823
36.2,10.1,-1.443,1.819
36.2,10.6,0.930,1.814
36.2,11.1,0.160,1.809
36.2,11.6,-0.673,1.805
36.2,12.1,-1.443,1.800
36.2,12.6,0.930,1.794
36.2,13.1,0.096,1.790
36.2,13.6,-0.673,1.785
36.2,14.1,-1.507,1.779
36.2,14.6,0.866,1.775
36.2,15.1,0.096,1.769
36.2,15.6,-0.737,1.763
36.2,16.1,-1.507,1.759
36.2,16.6,0.866,1.753
36.2,17.1,0.032,1.747
36.2,17.6,-0.737,1.742
36.2,18.1,-1.507,1.736
36.2,18.6,0.801,1.731
36.2,19.1,0.032,1.725
36.2,19.6,-0.737,1.719
36.2,20.1,-1.571,1.714
36.2,20.6,0.801,1.708
36.2,21.1,-0.032,1.702
36.2,21.6,-0.801,1.696
36.2,22.1,1.571,1.690
36.2,22.6,0.737,1.684
36.2,23.1,-0.032,1.678
36.2,23.6,-0.801,1.671
36.2,24.1,1.507,1.666
36.2,24.6,0.737,1.659
36.2,25.1,-0.096,1.653
36.2,25.6,-0.866,1.647
36.2,26.1,1.507,1.639
36.2,26.6,0.673,1.634
36.2,27.1,-0.096,1.627
36.2,27.6,-0.930,1.620
36.2,28.1,1.443,1.614
36.2,28.6,0.609,1.607
36.2,29.1,-0.160,1.600
36.2,29.6,-0.930,1.593
36.2,30.2,1.378,1.587
36.2,30.7,0.609,1.580
36.2,31.2,-0.224,1.573
36.2,31.7,-0.994,1.566
36.2,32.2,1.314,1.558
36.2,32.7,0.545,1.552
36.2,33.2,-0.224,1.544
36.2,33.7,-1.058,1.537
36.2,34.2,1.314,1.529
36.2,34.7,0.481,1.522
36.2,35.2,-0.289,1.515
36.2,35.7,-1.122,1.508
36.2,36.2,1.250,1.500
36.2,36.7,0.417,1.492
36.2,37.2,-0.353,1.485
36.2,37.7,-1.186,1.477
36.2,38.2,1.186,1.470
36.2,38.7,0.353,1.461
36.2,39.2,-0.417,1.454
36.2,39.7,-1.186,1.446
36.2,40.2,1.122,1.439
36.2,40.7,0.353,1.430
36.2,41.2,-0.481,1.423
36.2,41.7,-1.250,1.414
36.2,42.2,1.058,1.407
36.2,42.7,0.289,1.398
36.2,43.2,-0.545,1.390
36.2,43.7,-1.314,1.382
36.2,44.2,0.994,1.374
36.2,44.7,0.224,1.365
36.2,45.2,-0.609,1.357
36.2,45.7,-1.378,1.349
36.2,46.2,0.930,1.341
36.2,46.7,0.160,1.332
36.2,47.2,-0.673,1.324
36.2,47.7,-1.443,1.315
36.2,48.2,0.866,1.307
36.2,48.7,0.032,1.297
36.2,49.2,-0.737,1.289
36.2,49.7,-1.571,1.280
36.2,50.3,0.801,1.272
36.2,50.8,-0.032,1.263
36.2,51.3,-0.801,1.254
36.2,51.8,1.507,1.245
36.2,52.3,0.737,1.236
36.2,52.8,-0.096,1.227
36.2,53.3,-0.866,1.218
36.2,53.8,1.443,1.209
36.2,54.3,0.609,1.199
36.2,54.8,-0.160,1.191
36.2,55.3,-0.994,1.181
36.2,55.8,1.378,1.172
36.2,56.3,0.545,1.163
36.2,56.8,-0.224,1.154
36.2,57.3,-1.058,1.145
36.2,57.8,1.314,1.135
36.2,58.3,0.481,1.126
36.2,58.8,-0.353,1.116
36.2,59.3,-1.122,1.107
36.2,59.8,1.186,1.097
36.2,60.3,0.417,1.087
36.2,60.8,-0.417,1.078
36.2,61.3,-1.250,1.068
36.2,61.8,1.122,1.059
36.2,62.3,0.289,1.049
36.2,62.8,-0.481,1.039
36.2,63.3,-1.314,1.030
36.2,63.8,0.994,1.019
36.2,64.3,0.224,1.010
36.2,64.8,-0.609,1.000
36.2,65.3,-1.378,0.990
36.2,65.8,0.930,0.980
36.2,66.3,0.096,0.970
36.2,66.8,-0.673,0.960
36.2,67.3,-1.507,0.950
36.2,67.8,0.801,0.940
36.2,68.3,0.032,0.930
36.2,68.8,-0.801,0.920
36.2,69.3,1.571,0.909
36.2,69.8,0.737,0.899
36.2,70.4,-0.096,0.889
36.2,70.9,-0.866,0.879
36.2,71.4,1.443,0.869
36.2,71.9,0.609,0.858
36.2,72.4,-0.160,0.848
36.2,72.9,-0.994,0.837
36.2,73.4,1.314,0.827
36.2,73.9,0.545,0.816
36.2,74.4,-0.289,0.806
36.2,74.9,-1.122,0.795
36.2,75.4,1.250,0.785
36.2,75.9,0.417,0.774
36.2,76.4,-0.417,0.764
36.2,76.9,-1.186,0.753
36.2,77.4,1.122,0.743
36.2,77.9,0.289,0.732
36.2,78.4,-0.481,0.721
36.2,78.9,-1.314,0.710
36.2,79.4,0.994,0.700
36.2,79.9,0.160,0.689
36.2,80.4,-0.609,0.678
36.2,80.9,-1.443,0.667
36.2,81.4,0.866,0.656
36.2,81.9,0.096,0.646
36.2,82.4,-0.737,0.635
36.2,82.9,-1.571,0.624
36.2,83.4,0.801,0.613
36.2,83.9,-0.032,0.602
36.2,84.4,-0.866,0.591
36.2,84.9,1.443,0.580
36.2,85.4,0.673,0.569
36.2,85.9,-0.160,0.558
36.2,86.4,-0.994,0.547
36.2,86.9,1.314,0.536
36.2,87.4,0.545,0.525
36.2,87.9,-0.289,0.514
36.2,88.4,-1.122,0.502
36.2,88.9,1.186,0.491
36.2,89.4,0.417,0.480
36.2,89.9,-0.417,0.469
36.2,90.5,-1.250,0.458
36.2,91.0,1.058,0.446
36.2,91.5,0.289,0.435
36.2,92.0,-0.545,0.424
36.2,92.5,-1.378,0.413
36.2,93.0,0.930,0.401
36.2,93.5,0.160,0.390
36.2,94.0,-0.673,0.379
36.2,94.5,-1.507,0.367
36.2,95.0,0.801,0.356
36.2,95.5,0.032,0.345
36.2,96.0,-0.801,0.333
36.2,96.5,1.507,0.322
36.2,97.0,0.673,0.311
36.2,97.5,-0.160,0.299
36.2,98.0,-0.930,0.288
36.2,98.5,1.378,0.276
36.2,99.0,0.545,0.265
36.2,99.5,-0.289,0.253
36.2,100.0,-1.122,0.242
36.7,0.0,-0.289,1.907
36.7,0.5,-1.058,1.904
36.7,1.0,1.314,1.901
36.7,1.5,0.545,1.897
36.7,2.0,-0.289,1.893
36.7,2.5,-1.058,1.890
36.7,3.0,1.314,1.886
36.7,3.5,0.545,1.882
36.7,4.0,-0.289,1.879
36.7,4.5,-1.058,1.875
36.7,5.0,1.314,1.871
36.7,5.5,0.481,1.867
36.7,6.0,-0.289,1.863
36.7,6.5,-1.058,1.859
36.7,7.0,1.250,1.854
36.7,7.5,0.481,1.850
36.7,8.0,-0.289,1.846
36.7,8.5,-1.058,1.841
36.7,9.0,1.250,1.837
36.7,9.5,0.481,1.833
36.7,10.1,-0.289,1.828
36.7,10.6,-1.122,1.823
36.7,11.1,1.250,1.819
36.7,11.6,0.481,1.814
36.7,12.1,-0.353,1.809
36.7,12.6,-1.122,1.805
36.7,13.1,1.250,1.800
36.7,13.6,0.417,1.795
36.7,14.1,-0.353,1.790
36.7,14.6,-1.122,1.785
36.7,15.1,1.186,1.779
36.7,15.6,0.417,1.775
36.7,16.1,-0.353,1.769
36.7,16.6,-1.186,1.764
36.7,17.1,1.186,1.759
36.7,17.6,0.417,1.753
36.7,18.1,-0.417,1.748
36.7,18.6,-1.186,1.742
36.7,19.1,1.186,1.736
36.7,19.6,0.353,1.731
36.7,20.1,-0.417,1.725
36.7,20.6,-1.250,1.719
36.7,21.1,1.122,1.714
36.7,21.6,0.353,1.708
36.7,22.1,-0.481,1.702
36.7,22.6,-1.250,1.696
36.7,23.1,1.122,1.690
36.7,23.6,0.289,1.684
36.7,24.1,-0.481,1.678
36.7,24.6,-1.314,1.672
36.7,25.1,1.058,1.666
36.7,25.6,0.289,1.659
36.7,26.1,-0.545,1.653
36.7,26.6,-1.314,1.647
36.7,27.1,0.994,1.640
36.7,27.6,0.224,1.634
36.7,28.1,-0.545,1.627
36.7,28.6,-1.378,1.621
36.7,29.1,0.994,1.614
36.7,29.6,0.160,1.607
36.7,30.2,-0.609,1.600
36.7,30.7,-1.443,1.593
36.7,31.2,0.930,1.587
36.7,31.7,0.160,1.579
36.7,32.2,-0.673,1.573
36.7,32.7,-1.443,1.566
36.7,33.2,0.866,1.559
36.7,33.7,0.096,1.552
36.7,34.2,-0.737,1.544
36.7,34.7,-1.507,1.537
36.7,35.2,0.866,1.529
36.7,35.7,0.032,1.523
36.7,36.2,-0.737,1.515
36.7,36.7,-1.571,1.508
36.7,37.2,0.801,1.500
36.7,37.7,-0.032,1.493
36.7,38.2,-0.801,1.485
36.7,38.7,1.507,1.477
36.7,39.2,0.737,1.470
36.7,39.7,-0.096,1.462
36.7,40.2,-0.866,1.454
36.7,40.7,1.443,1.446
36.7,41.2,0.673,1.439
36.7,41.7,-0.160,1.430
36.7,42.2,-0.930,1.423
36.7,42.7,1.378,1.414
36.7,43.2,0.609,1.407
36.7,43.7,-0.224,1.398
36.7,44.2,-0.994,1.391
36.7,44.7,1.314,1.382
36.7,45.2,0.545,1.374
36.7,45.7,-0.289,1.365
36.7,46.2,-1.058,1.358
36.7,46.7,1.250,1.349
36.7,47.2,0.481,1.341
36.7,47.7,-0.353,1.332
36.7,48.2,-1.122,1.324
36.7,48.7,1.186,1.315
36.7,49.2,0.417,1.307
36.7,49.7,-0.417,1.298
36.7,50.3,-1.186,1.289
36.7,50.8,1.122,1.280
36.7,51.3,0.353,1.272
36.7,51.8,-0.481,1.263
36.7,52.3,-1.250,1.254
36.7,52.8,1.058,1.245
36.7,53.3,0.289,1.236
36.7,53.8,-0.545,1.227
36.7,54.3,-1.378,1.218
36.7,54.8,0.994,1.209
36.7,55.3,0.160,1.200
36.7,55.8,-0.609,1.191
36.7,56.3,-1.443,1.182
36.7,56.8,0.930,1.172
36.7,57.3,0.096,1.163
36.7,57.8,-0.673,1.153
36.7,58.3,-1.507,1.145
36.7,58.8,0.801,1.135
36.7,59.3,0.032,1.126
36.7,59.8,-0.801,1.116
36.7,60.3,1.571,1.107
36.7,60.8,0.737,1.097
36.7,61.3,-0.096,1.087
36.7,61.8,-0.866,1.078
36.7,62.3,1.443,1.068
36.7,62.8,0.673,1.059
36.7,63.3,-0.160,1.049
36.7,63.8,-0.994,1.039
36.7,64.3,1.378,1.030
36.7,64.8,0.545,1.020
36.7,65.3,-0.224,1.010
36.7,65.8,-1.058,1.000
36.7,66.3,1.250,0.990
36.7,66.8,0.481,0.980
36.7,67.3,-0.353,0.970
36.7,67.8,-1.122,0.960
36.7,68.3,1.186,0.950
36.7,68.8,0.353,0.940
36.7,69.3,-0.417,0.930
36.7,69.8,-1.250,0.920
36.7,70.4,1.058,0.909
36.7,70.9,0.289,0.899
36.7,71.4,-0.545,0.889
36.7,71.9,-1.378,0.878
36.7,72.4,0.994,0.868
36.7,72.9,0.160,0.858
36.7,73.4,-0.609,0.847
36.7,73.9,-1.443,0.837
36.7,74.4,0.866,0.827
36.7,74.9,0.096,0.816
36.7,75.4,-0.737,0.806
36.7,75.9,-1.571,0.795
36.7,76.4,0.801,0.785
36.7,76.9,-0.032,0.774
36.7,77.4,-0.866,0.764
36.7,77.9,1.443,0.753
36.7,78.4,0.673,0.742
36.7,78.9,-0.160,0.732
36.7,79.4,-0.994,0.721
36.7,79.9,1.378,0.710
36.7,80.4,0.545,0.700
36.7,80.9,-0.289,0.689
36.7,81.4,-1.058,0.678
36.7,81.9,1.250,0.667
36.7,82.4,0.417,0.656
36.7,82.9,-0.353,0.645
36.7,83.4,-1.186,0.635
36.7,83.9,1.122,0.624
36.7,84.4,0.289,0.613
36.7,84.9,-0.481,0.602
36.7,85.4,-1.314,0.591
36.7,85.9,0.994,0.580
36.7,86.4,0.224,0.569
36.7,86.9,-0.609,0.558
36.7,87.4,-1.443,0.547
36.7,87.9,0.866,0.536
36.7,88.4,0.096,0.524
36.7,88.9,-0.737,0.513
36.7,89.4,-1.571,0.502
36.7,89.9,0.737,0.491
36.7,90.5,-0.032,0.480
36.7,91.0,-0.866,0.469
36.7,91.5,1.443,0.458
36.7,92.0,0.609,0.446
36.7,92.5,-0.160,0.435
36.7,93.0,-0.994,0.424
36.7,93.5,1.314,0.413
36.7,94.0,0.481,0.401
36.7,94.5,-0.289,0.390
36.7,95.0,-1.122,0.379
36.7,95.5,1.186,0.367
36.7,96.0,0.353,0.356
36.7,96.5,-0.481,0.345
36.7,97.0,-1.250,0.333
36.7,97.5,1.058,0.322
36.7,98.0,0.224,0.311
36.7,98.5,-0.609,0.299
36.7,99.0,-1.443,0.288
36.7,99.5,0.930,0.276
36.7,100.0,0.096,0.265
37.2,0.0,0.866,1.914
37.2,0.5,0.096,1.910
37.2,1.0,-0.737,1.908
37.2,1.5,-1.507,1.905
37.2,2.0,0.866,1.901
37.2,2.5,0.032,1.897
37.2,3.0,-0.737,1.894
37.2,3.5,-1.507,1.890
37.2,4.0,0.866,1.886
37.2,4.5,0.032,1.882
37.2,5.0,-0.737,1.879
37.2,5.5,-1.507,1.875
37.2,6.0,0.866,1.870
37.2,6.5,0.032,1.867
37.2,7.0,-0.737,1.863
37.2,7.5,-1.507,1.859
37.2,8.0,0.801,1.854
37.2,8.5,0.032,1.851
37.2,9.0,-0.737,1.846
37.2,9.5,-1.571,1.841
37.2,10.1,0.801,1.837
37.2,10.6,0.032,1.833
37.2,11.1,-0.737,1.828
37.2,11.6,-1.571,1.824
37.2,12.1,0.801,1.819
37.2,12.6,0.032,1.814
37.2,13.1,-0.801,1.810
37.2,13.6,1.571,1.805
37.2,14.1,0.801,1.799
37.2,14.6,-0.032,1.795
37.2,15.1,-0.801,1.790
37.2,15.6,1.571,1.784
37.2,16.1,0.737,1.780
37.2,16.6,-0.032,1.775
37.2,17.1,-0.801,1.769
37.2,17.6,1.507,1.764
37.2,18.1,0.737,1.759
37.2,18.6,-0.096,1.753
37.2,19.1,-0.866,1.748
37.2,19.6,1.507,1.742
37.2,20.1,0.673,1.737
37.2,20.6,-0.096,1.731
37.2,21.1,-0.866,1.725
37.2,21.6,1.443,1.720
37.2,22.1,0.673,1.714
37.2,22.6,-0.096,1.708
37.2,23.1,-0.930,1.702
37.2,23.6,1.443,1.696
37.2,24.1,0.609,1.690
37.2,24.6,-0.160,1.684
37.2,25.1,-0.930,1.678
37.2,25.6,1.378,1.672
37.2,26.1,0.609,1.666
37.2,26.6,-0.224,1.659
37.2,27.1,-0.994,1.653
37.2,27.6,1.378,1.646
37.2,28.1,0.545,1.640
37.2,28.6,-0.224,1.634
37.2,29.1,-1.058,1.627
37.2,29.6,1.314,1.621
37.2,30.2,0.545,1.613
37.2,30.7,-0.289,1.607
37.2,31.2,-1.058,1.600
37.2,31.7,1.250,1.593
37.2,32.2,0.481,1.587
37.2,32.7,-0.353,1.579
37.2,33.2,-1.122,1.573
37.2,33.7,1.250,1.565
37.2,34.2,0.417,1.559
37.2,34.7,-0.353,1.552
37.2,35.2,-1.186,1.544
37.2,35.7,1.186,1.537
37.2,36.2,0.353,1.530
37.2,36.7,-0.417,1.523
37.2,37.2,-1.250,1.515
37.2,37.7,1.122,1.508
37.2,38.2,0.353,1.500
37.2,38.7,-0.481,1.493
37.2,39.2,-1.250,1.485
37.2,39.7,1.058,1.478
37.2,40.2,0.289,1.470
37.2,40.7,-0.545,1.462
37.2,41.2,-1.314,1.454
37.2,41.7,0.994,1.447
37.2,42.2,0.224,1.439
37.2,42.7,-0.609,1.431
37.2,43.2,-1.378,1.423
37.2,43.7,0.930,1.415
37.2,44.2,0.160,1.407
37.2,44.7,-0.673,1.399
37.2,45.2,-1.443,1.391
37.2,45.7,0.866,1.382
37.2,46.2,0.096,1.374
37.2,46.7,-0.737,1.366
37.2,47.2,-1.507,1.358
37.2,47.7,0.801,1.349
37.2,48.2,0.032,1.341
37.2,48.7,-0.801,1.332
37.2,49.2,1.571,1.324
37.2,49.7,0.737,1.315
37.2,50.3,-0.032,1.306
37.2,50.8,-0.866,1.298
37.2,51.3,1.507,1.289
37.2,51.8,0.673,1.281
37.2,52.3,-0.096,1.271
37.2,52.8,-0.930,1.263
37.2,53.3,1.443,1.254
37.2,53.8,0.609,1.245
37.2,54.3,-0.224,1.236
37.2,54.8,-0.994,1.227
37.2,55.3,1.314,1.218
37.2,55.8,0.545,1.209
37.2,56.3,-0.289,1.200
37.2,56.8,-1.058,1.191
37.2,57.3,1.250,1.182
37.2,57.8,0.481,1.172
37.2,58.3,-0.353,1.163
37.2,58.8,-1.186,1.154
37.2,59.3,1.186,1.145
37.2,59.8,0.353,1.135
37.2,60.3,-0.417,1.126
37.2,60.8,-1.250,1.116
37.2,61.3,1.058,1.106
37.2,61.8,0.289,1.097
37.2,62.3,-0.545,1.088
37.2,62.8,-1.314,1.078
37.2,63.3,0.994,1.069
37.2,63.8,0.224,1.058
37.2,64.3,-0.609,1.049
37.2,64.8,-1.443,1.039
37.2,65.3,0.930,1.030
37.2,65.8,0.096,1.020
37.2,66.3,-0.673,1.009
37.2,66.8,-1.507,1.000
37.2,67.3,0.801,0.990
37.2,67.8,0.032,0.980
37.2,68.3,-0.801,0.970
37.2,68.8,1.507,0.960
37.2,69.3,0.737,0.950
37.2,69.8,-0.096,0.940
37.2,70.4,-0.866,0.929
37.2,70.9,1.443,0.920
37.2,71.4,0.609,0.909
37.2,71.9,-0.160,0.899
37.2,72.4,-0.994,0.889
37.2,72.9,1.314,0.879
37.2,73.4,0.545,0.868
37.2,73.9,-0.289,0.858
37.2,74.4,-1.122,0.848
37.2,74.9,1.250,0.837
37.2,75.4,0.417,0.827
37.2,75.9,-0.417,0.816
37.2,76.4,-1.186,0.806
37.2,76.9,1.122,0.796
37.2,77.4,0.289,0.785
37.2,77.9,-0.481,0.774
37.2,78.4,-1.314,0.764
37.2,78.9,0.994,0.753
37.2,79.4,0.224,0.742
37.2,79.9,-0.609,0.732
37.2,80.4,-1.443,0.721
37.2,80.9,0.930,0.710
37.2,81.4,0.096,0.700
37.2,81.9,-0.737,0.689
37.2,82.4,-1.507,0.678
37.2,82.9,0.801,0.667
37.2,83.4,-0.032,0.656
37.2,83.9,-0.866,0.645
37.2,84.4,1.507,0.635
37.2,84.9,0.673,0.624
37.2,85.4,-0.160,0.613
37.2,85.9,-0.930,0.602
37.2,86.4,1.378,0.591
37.2,86.9,0.545,0.580
37.2,87.4,-0.289,0.569
37.2,87.9,-1.058,0.558
37.2,88.4,1.250,0.547
37.2,88.9,0.417,0.536
37.2,89.4,-0.417,0.524
37.2,89.9,-1.186,0.513
37.2,90.5,1.122,0.502
37.2,91.0,0.289,0.491
37.2,91.5,-0.545,0.480
37.2,92.0,-1.314,0.469
37.2,92.5,0.994,0.458
37.2,93.0,0.160,0.446
37.2,93.5,-0.673,0.435
37.2,94.0,-1.443,0.424
37.2,94.5,0.866,0.413
37.2,95.0,0.032,0.401
37.2,95.5,-0.801,0.390
37.2,96.0,1.571,0.378
37.2,96.5,0.737,0.367
37.2,97.0,-0.096,0.356
37.2,97.5,-0.930,0.345
37.2,98.0,1.378,0.333
37.2,98.5,0.609,0.322
37.2,99.0,-0.224,0.310
37.2,99.5,-1.058,0.299
37.2,100.0,1.250,0.288
37.7,0.0,-1.186,1.921
37.7,0.5,1.186,1.918
37.7,1.0,0.417,1.914
37.7,1.5,-0.417,1.911
37.7,2.0,-1.186,1.908
37.7,2.5,1.186,1.905
37.7,3.0,0.417,1.901
37.7,3.5,-0.417,1.897
37.7,4.0,-1.186,1.894
37.7,4.5,1.186,1.890
37.7,5.0,0.417,1.886
37.7,5.5,-0.417,1.883
37.7,6.0,-1.186,1.879
37.7,6.5,1.186,1.875
37.7,7.0,0.353,1.871
37.7,7.5,-0.417,1.867
37.7,8.0,-1.186,1.863
37.7,8.5,1.186,1.858
37.7,9.0,0.353,1.855
37.7,9.5,-0.417,1.851
37.7,10.1,-1.186,1.846
37.7,10.6,1.122,1.842
37.7,11.1,0.353,1.838
37.7,11.6,-0.417,1.833
37.7,12.1,-1.250,1.828
37.7,12.6,1.122,1.824
37.7,13.1,0.353,1.819
37.7,13.6,-0.481,1.814
37.7,14.1,-1.250,1.810
37.7,14.6,1.122,1.805
37.7,15.1,0.289,1.800
37.7,15.6,-0.481,1.795
37.7,16.1,-1.250,1.790
37.7,16.6,1.058,1.785
37.7,17.1,0.289,1.780
37.7,17.6,-0.481,1.775
37.7,18.1,-1.314,1.769
37.7,18.6,1.058,1.764
37.7,19.1,0.289,1.759
37.7,19.6,-0.545,1.753
37.7,20.1,-1.314,1.748
37.7,20.6,1.058,1.742
37.7,21.1,0.224,1.737
37.7,21.6,-0.545,1.731
37.7,22.1,-1.314,1.725
37.7,22.6,0.994,1.720
37.7,23.1,0.224,1.714
37.7,23.6,-0.609,1.708
37.7,24.1,-1.378,1.703
37.7,24.6,0.994,1.696
37.7,25.1,0.160,1.690
37.7,25.6,-0.609,1.684
37.7,26.1,-1.443,1.678
37.7,26.6,0.930,1.672
37.7,27.1,0.160,1.666
37.7,27.6,-0.673,1.659
37.7,28.1,-1.443,1.653
37.7,28.6,0.866,1.646
37.7,29.1,0.096,1.641
37.7,29.6,-0.673,1.634
37.7,30.2,-1.507,1.627
37.7,30.7,0.866,1.621
37.7,31.2,0.032,1.614
37.7,31.7,-0.737,1.607
37.7,32.2,-1.507,1.600
37.7,32.7,0.801,1.594
37.7,33.2,0.032,1.587
37.7,33.7,-0.801,1.580
37.7,34.2,1.571,1.573
37.7,34.7,0.737,1.566
37.7,35.2,-0.032,1.559
37.7,35.7,-0.801,1.551
37.7,36.2,1.507,1.545
37.7,36.7,0.737,1.537
37.7,37.2,-0.096,1.530
37.7,37.7,-0.866,1.523
37.7,38.2,1.443,1.515
37.7,38.7,0.673,1.508
37.7,39.2,-0.160,1.500
37.7,39.7,-0.930,1.493
37.7,40.2,1.378,1.485
37.7,40.7,0.609,1.478
37.7,41.2,-0.160,1.470
37.7,41.7,-0.994,1.462
37.7,42.2,1.378,1.454
37.7,42.7,0.545,1.447
37.7,43.2,-0.224,1.439
37.7,43.7,-1.058,1.431
37.7,44.2,1.314,1.423
37.7,44.7,0.481,1.415
37.7,45.2,-0.289,1.407
37.7,45.7,-1.122,1.399
37.7,46.2,1.250,1.391
37.7,46.7,0.417,1.383
37.7,47.2,-0.353,1.374
37.7,47.7,-1.186,1.366
37.7,48.2,1.186,1.357
37.7,48.7,0.353,1.349
37.7,49.2,-0.417,1.341
37.7,49.7,-1.250,1.332
37.7,50.3,1.122,1.324
37.7,50.8,0.289,1.315
37.7,51.3,-0.481,1.306
37.7,51.8,-1.314,1.298
37.7,52.3,1.058,1.289
37.7,52.8,0.224,1.281
37.7,53.3,-0.609,1.271
37.7,53.8,-1.378,1.263
37.7,54.3,0.930,1.254
37.7,54.8,0.160,1.245
37.7,55.3,-0.673,1.236
37.7,55.8,-1.443,1.227
37.7,56.3,0.866,1.218
37.7,56.8,0.096,1.209
37.7,57.3,-0.737,1.200
37.7,57.8,-1.507,1.191
37.7,58.3,0.801,1.182
37.7,58.8,-0.032,1.172
37.7,59.3,-0.801,1.163
37.7,59.8,1.507,1.154
37.7,60.3,0.737,1.145
37.7,60.8,-0.096,1.135
37.7,61.3,-0.866,1.125
37.7,61.8,1.443,1.117
37.7,62.3,0.609,1.107
37.7,62.8,-0.160,1.097
37.7,63.3,-0.994,1.088
37.7,63.8,1.378,1.078
37.7,64.3,0.545,1.069
37.7,64.8,-0.289,1.059
37.7,65.3,-1.058,1.049
37.7,65.8,1.250,1.039
37.7,66.3,0.481,1.029
37.7,66.8,-0.353,1.020
37.7,67.3,-1.186,1.010
37.7,67.8,1.186,1.000
37.7,68.3,0.353,0.990
37.7,68.8,-0.417,0.980
37.7,69.3,-1.250,0.970
37.7,69.8,1.058,0.960
37.7,70.4,0.289,0.950
37.7,70.9,-0.545,0.940
37.7,71.4,-1.378,0.930
37.7,71.9,0.994,0.920
37.7,72.4,0.160,0.910
37.7,72.9,-0.673,0.899
37.7,73.4,-1.443,0.889
37.7,73.9,0.866,0.879
37.7,74.4,0.096,0.868
37.7,74.9,-0.737,0.858
37.7,75.4,-1.571,0.848
37.7,75.9,0.801,0.837
37.7,76.4,-0.032,0.827
37.7,76.9,-0.866,0.816
37.7,77.4,1.507,0.806
37.7,77.9,0.673,0.795
37.7,78.4,-0.160,0.785
37.7,78.9,-0.930,0.774
37.7,79.4,1.378,0.764
37.7,79.9,0.545,0.753
37.7,80.4,-0.224,0.742
37.7,80.9,-1.058,0.732
37.7,81.4,1.250,0.721
37.7,81.9,0.417,0.710
37.7,82.4,-0.353,0.700
37.7,82.9,-1.186,0.689
37.7,83.4,1.122,0.678
37.7,83.9,0.353,0.667
37.7,84.4,-0.481,0.656
37.7,84.9,-1.314,0.645
37.7,85.4,1.058,0.634
37.7,85.9,0.224,0.624
37.7,86.4,-0.609,0.613
37.7,86.9,-1.443,0.602
37.7,87.4,0.930,0.591
37.7,87.9,0.096,0.580
37.7,88.4,-0.737,0.569
37.7,88.9,-1.507,0.557
37.7,89.4,0.801,0.547
37.7,89.9,-0.032,0.536
37.7,90.5,-0.866,0.524
37.7,91.0,1.507,0.513
37.7,91.5,0.673,0.502
37.7,92.0,-0.160,0.491
37.7,92.5,-0.994,0.480
37.7,93.0,1.378,0.468
37.7,93.5,0.545,0.457
37.7,94.0,-0.289,0.446
37.7,94.5,-1.122,0.435
37.7,95.0,1.250,0.424
37.7,95.5,0.417,0.412
37.7,96.0,-0.417,0.401
37.7,96.5,-1.250,0.390
37.7,97.0,1.058,0.378
37.7,97.5,0.289,0.367
37.7,98.0,-0.545,0.356
37.7,98.5,-1.378,0.344
37.7,99.0,0.930,0.333
37.7,99.5,0.160,0.322
37.7,100.0,-0.673,0.310
38.2,0.0,-0.032,1.926
38.2,0.5,-0.866,1.924
38.2,1.0,1.507,1.921
38.2,1.5,0.737,1.918
38.2,2.0,-0.032,1.914
38.2,2.5,-0.866,1.911
38.2,3.0,1.507,1.908
38.2,3.5,0.737,1.904
38.2,4.0,-0.096,1.900
38.2,4.5,-0.866,1.898
38.2,5.0,1.507,1.894
38.2,5.5,0.737,1.890
38.2,6.0,-0.096,1.886
38.2,6.5,-0.866,1.883
38.2,7.0,1.507,1.879
38.2,7.5,0.737,1.875
38.2,8.0,-0.096,1.871
38.2,8.5,-0.866,1.867
38.2,9.0,1.507,1.863
38.2,9.5,0.673,1.859
38.2,10.1,-0.096,1.855
38.2,10.6,-0.866,1.851
38.2,11.1,1.443,1.846
38.2,11.6,0.673,1.842
38.2,12.1,-0.096,1.838
38.2,12.6,-0.866,1.832
38.2,13.1,1.443,1.829
38.2,13.6,0.673,1.824
38.2,14.1,-0.096,1.819
38.2,14.6,-0.930,1.815
38.2,15.1,1.443,1.810
38.2,15.6,0.673,1.805
38.2,16.1,-0.160,1.800
38.2,16.6,-0.930,1.795
38.2,17.1,1.443,1.790
38.2,17.6,0.609,1.785
38.2,18.1,-0.160,1.780
38.2,18.6,-0.930,1.774
38.2,19.1,1.378,1.770
38.2,19.6,0.609,1.765
38.2,20.1,-0.160,1.758
38.2,20.6,-0.994,1.754
38.2,21.1,1.378,1.748
38.2,21.6,0.545,1.742
38.2,22.1,-0.224,1.737
38.2,22.6,-0.994,1.731
38.2,23.1,1.314,1.726
38.2,23.6,0.545,1.720
38.2,24.1,-0.224,1.714
38.2,24.6,-1.058,1.708
38.2,25.1,1.314,1.703
38.2,25.6,0.481,1.696
38.2,26.1,-0.289,1.691
38.2,26.6,-1.058,1.684
38.2,27.1,1.250,1.678
38.2,27.6,0.481,1.672
38.2,28.1,-0.289,1.665
38.2,28.6,-1.122,1.660
38.2,29.1,1.250,1.653
38.2,29.6,0.417,1.647
38.2,30.2,-0.353,1.641
38.2,30.7,-1.122,1.633
38.2,31.2,1.186,1.628
38.2,31.7,0.417,1.621
38.2,32.2,-0.417,1.614
38.2,32.7,-1.186,1.608
38.2,33.2,1.122,1.600
38.2,33.7,0.353,1.594
38.2,34.2,-0.417,1.587
38.2,34.7,-1.250,1.580
38.2,35.2,1.122,1.573
38.2,35.7,0.289,1.566
38.2,36.2,-0.481,1.559
38.2,36.7,-1.314,1.551
38.2,37.2,1.058,1.545
38.2,37.7,0.289,1.537
38.2,38.2,-0.545,1.530
38.2,38.7,-1.314,1.523
38.2,39.2,0.994,1.516
38.2,39.7,0.224,1.508
38.2,40.2,-0.609,1.501
38.2,40.7,-1.378,1.493
38.2,41.2,0.930,1.485
38.2,41.7,0.160,1.478
38.2,42.2,-0.673,1.470
38.2,42.7,-1.443,1.463
38.2,43.2,0.866,1.454
38.2,43.7,0.096,1.447
38.2,44.2,-0.737,1.438
38.2,44.7,-1.507,1.431
38.2,45.2,0.866,1.423
38.2,45.7,0.032,1.415
38.2,46.2,-0.737,1.407
38.2,46.7,-1.571,1.399
38.2,47.2,0.801,1.390
38.2,47.7,-0.032,1.383
38.2,48.2,-0.801,1.374
38.2,48.7,1.507,1.366
38.2,49.2,0.737,1.357
38.2,49.7,-0.096,1.349
38.2,50.3,-0.866,1.340
38.2,50.8,1.443,1.333
38.2,51.3,0.609,1.323
38.2,51.8,-0.160,1.315
38.2,52.3,-0.994,1.306
38.2,52.8,1.378,1.298
38.2,53.3,0.545,1.289
38.2,53.8,-0.224,1.281
38.2,54.3,-1.058,1.272
38.2,54.8,1.314,1.263
38.2,55.3,0.481,1.254
38.2,55.8,-0.289,1.245
38.2,56.3,-1.122,1.236
38.2,56.8,1.250,1.227
38.2,57.3,0.417,1.218
38.2,57.8,-0.417,1.209
38.2,58.3,-1.186,1.200
38.2,58.8,1.122,1.191
38.2,59.3,0.353,1.182
38.2,59.8,-0.481,1.173
38.2,60.3,-1.250,1.163
38.2,60.8,1.058,1.154
38.2,61.3,0.289,1.144
38.2,61.8,-0.545,1.135
38.2,62.3,-1.378,1.126
38.2,62.8,0.994,1.116
38.2,63.3,0.160,1.107
38.2,63.8,-0.609,1.097
38.2,64.3,-1.443,1.088
38.2,64.8,0.866,1.078
38.2,65.3,0.096,1.069
38.2,65.8,-0.737,1.059
38.2,66.3,-1.507,1.049
38.2,66.8,0.801,1.040
38.2,67.3,-0.032,1.029
38.2,67.8,-0.801,1.020
38.2,68.3,1.507,1.010
38.2,68.8,0.737,1.000
38.2,69.3,-0.096,0.990
38.2,69.8,-0.930,0.980
38.2,70.4,1.443,0.970
38.2,70.9,0.609,0.960
38.2,71.4,-0.160,0.950
38.2,71.9,-0.994,0.940
38.2,72.4,1.314,0.930
38.2,72.9,0.545,0.919
38.2,73.4,-0.289,0.910
38.2,73.9,-1.122,0.899
38.2,74.4,1.250,0.889
38.2,74.9,0.417,0.879
38.2,75.4,-0.417,0.868
38.2,75.9,-1.186,0.858
38.2,76.4,1.122,0.848
38.2,76.9,0.289,0.837
38.2,77.4,-0.481,0.827
38.2,77.9,-1.314,0.816
38.2,78.4,0.994,0.806
38.2,78.9,0.224,0.795
38.2,79.4,-0.609,0.785
38.2,79.9,-1.443,0.774
38.2,80.4,0.930,0.764
38.2,80.9,0.096,0.753
38.2,81.4,-0.737,0.742
38.2,81.9,-1.507,0.732
38.2,82.4,0.801,0.721
38.2,82.9,-0.032,0.710
38.2,83.4,-0.801,0.699
38.2,83.9,1.507,0.689
38.2,84.4,0.673,0.678
38.2,84.9,-0.096,0.667
38.2,85.4,-0.930,0.656
38.2,85.9,1.378,0.645
38.2,86.4,0.545,0.634
38.2,86.9,-0.224,0.624
38.2,87.4,-1.058,0.613
38.2,87.9,1.250,0.602
38.2,88.4,0.481,0.591
38.2,88.9,-0.353,0.580
38.2,89.4,-1.186,0.569
38.2,89.9,1.122,0.558
38.2,90.5,0.353,0.546
38.2,91.0,-0.481,0.536
38.2,91.5,-1.314,0.524
38.2,92.0,0.994,0.513
38.2,92.5,0.224,0.502
38.2,93.0,-0.609,0.491
38.2,93.5,-1.443,0.480
38.2,94.0,0.866,0.468
38.2,94.5,0.096,0.457
38.2,95.0,-0.737,0.446
38.2,95.5,-1.571,0.435
38.2,96.0,0.737,0.423
38.2,96.5,-0.032,0.412
38.2,97.0,-0.866,0.401
38.2,97.5,1.443,0.390
38.2,98.0,0.609,0.378
38.2,98.5,-0.160,0.367
38.2,99.0,-0.994,0.356
38.2,99.5,1.314,0.344
38.2,100.0,0.481,0.333
38.7,0.0,1.058,1.933
38.7,0.5,0.289,1.930
38.7,1.0,-0.545,1.927
38.7,1.5,-1.314,1.924
38.7,2.0,1.058,1.921
38.7,2.5,0.289,1.918
38.7,3.0,-0.545,1.914
38.7,3.5,-1.314,1.911
38.7,4.0,1.058,1.908
38.7,4.5,0.289,1.904
38.7,5.0,-0.545,1.901
38.7,5.5,-1.314,1.898
38.7,6.0,1.058,1.894
38.7,6.5,0.289,1.890
38.7,7.0,-0.545,1.887
38.7,7.5,-1.314,1.883
38.7,8.0,1.058,1.879
38.7,8.5,0.224,1.875
38.7,9.0,-0.545,1.872
38.7,9.5,-1.314,1.867
38.7,10.1,1.058,1.863
38.7,10.6,0.224,1.859
38.7,11.1,-0.545,1.855
38.7,11.6,-1.314,1.850
38.7,12.1,0.994,1.846
38.7,12.6,0.224,1.842
38.7,13.1,-0.545,1.838
38.7,13.6,-1.378,1.833
38.7,14.1,0.994,1.829
38.7,14.6,0.224,1.824
38.7,15.1,-0.609,1.819
38.7,15.6,-1.378,1.815
38.7,16.1,0.994,1.810
38.7,16.6,0.160,1.805
38.7,17.1,-0.609,1.800
38.7,17.6,-1.378,1.795
38.7,18.1,0.930,1.790
38.7,18.6,0.160,1.785
38.7,19.1,-0.609,1.780
38.7,19.6,-1.443,1.775
38.7,20.1,0.930,1.770
38.7,20.6,0.160,1.764
38.7,21.1,-0.673,1.759
38.7,21.6,-1.443,1.754
38.7,22.1,0.930,1.748
38.7,22.6,0.096,1.743
38.7,23.1,-0.673,1.737
38.7,23.6,-1.443,1.731
38.7,24.1,0.866,1.726
38.7,24.6,0.096,1.720
38.7,25.1,-0.737,1.714
38.7,25.6,-1.507,1.709
38.7,26.1,0.866,1.703
38.7,26.6,0.032,1.696
38.7,27.1,-0.737,1.691
38.7,27.6,-1.507,1.684
38.7,28.1,0.801,1.679
38.7,28.6,0.032,1.672
38.7,29.1,-0.801,1.666
38.7,29.6,1.571,1.660
38.7,30.2,0.801,1.653
38.7,30.7,-0.032,1.647
38.7,31.2,-0.801,1.641
38.7,31.7,1.507,1.634
38.7,32.2,0.737,1.628
38.7,32.7,-0.032,1.620
38.7,33.2,-0.866,1.614
38.7,33.7,1.507,1.607
38.7,34.2,0.673,1.601
38.7,34.7,-0.096,1.594
38.7,35.2,-0.930,1.587
38.7,35.7,1.443,1.580
38.7,36.2,0.673,1.573
38.7,36.7,-0.160,1.566
38.7,37.2,-0.930,1.559
38.7,37.7,1.378,1.552
38.7,38.2,0.609,1.545
38.7,38.7,-0.224,1.537
38.7,39.2,-0.994,1.530
38.7,39.7,1.314,1.522
38.7,40.2,0.545,1.516
38.7,40.7,-0.224,1.508
38.7,41.2,-1.058,1.501
38.7,41.7,1.314,1.493
38.7,42.2,0.481,1.486
38.7,42.7,-0.289,1.478
38.7,43.2,-1.122,1.470
38.7,43.7,1.250,1.463
38.7,44.2,0.417,1.455
38.7,44.7,-0.353,1.447
38.7,45.2,-1.186,1.439
38.7,45.7,1.186,1.431
38.7,46.2,0.353,1.423
38.7,46.7,-0.417,1.415
38.7,47.2,-1.250,1.407
38.7,47.7,1.122,1.399
38.7,48.2,0.289,1.391
38.7,48.7,-0.481,1.383
38.7,49.2,-1.314,1.374
38.7,49.7,1.058,1.366
38.7,50.3,0.224,1.357
38.7,50.8,-0.545,1.350
38.7,51.3,-1.378,1.341
38.7,51.8,0.994,1.333
38.7,52.3,0.160,1.324
38.7,52.8,-0.609,1.315
38.7,53.3,-1.443,1.307
38.7,53.8,0.930,1.298
38.7,54.3,0.096,1.289
38.7,54.8,-0.673,1.281
38.7,55.3,-1.507,1.272
38.7,55.8,0.866,1.263
38.7,56.3,0.032,1.254
38.7,56.8,-0.737,1.245
38.7,57.3,1.571,1.237
38.7,57.8,0.737,1.227
38.7,58.3,-0.032,1.219
38.7,58.8,-0.866,1.209
38.7,59.3,1.507,1.200
38.7,59.8,0.673,1.191
38.7,60.3,-0.096,1.182
38.7,60.8,-0.930,1.173
38.7,61.3,1.443,1.163
38.7,61.8,0.609,1.154
38.7,62.3,-0.224,1.145
38.7,62.8,-0.994,1.135
38.7,63.3,1.314,1.126
38.7,63.8,0.545,1.116
38.7,64.3,-0.289,1.107
38.7,64.8,-1.122,1.097
38.7,65.3,1.250,1.088
38.7,65.8,0.417,1.078
38.7,66.3,-0.353,1.069
38.7,66.8,-1.186,1.059
38.7,67.3,1.186,1.049
38.7,67.8,0.353,1.040
38.7,68.3,-0.481,1.030
38.7,68.8,-1.250,1.020
38.7,69.3,1.058,1.010
38.7,69.8,0.224,1.000
38.7,70.4,-0.545,0.990
38.7,70.9,-1.378,0.980
38.7,71.4,0.994,0.970
38.7,71.9,0.160,0.960
38.7,72.4,-0.673,0.950
38.7,72.9,-1.443,0.940
38.7,73.4,0.866,0.930
38.7,73.9,0.032,0.919
38.7,74.4,-0.737,0.910
38.7,74.9,-1.571,0.899
38.7,75.4,0.801,0.889
38.7,75.9,-0.032,0.879
38.7,76.4,-0.866,0.868
38.7,76.9,1.507,0.858
38.7,77.4,0.673,0.848
38.7,77.9,-0.160,0.837
38.7,78.4,-0.930,0.827
38.7,78.9,1.378,0.816
38.7,79.4,0.545,0.806
38.7,79.9,-0.224,0.795
38.7,80.4,-1.058,0.785
38.7,80.9,1.250,0.774
38.7,81.4,0.481,0.764
38.7,81.9,-0.353,0.753
38.7,82.4,-1.186,0.742
38.7,82.9,1.186,0.731
38.7,83.4,0.353,0.721
38.7,83.9,-0.481,0.710
38.7,84.4,-1.314,0.699
38.7,84.9,1.058,0.689
38.7,85.4,0.224,0.678
38.7,85.9,-0.609,0.667
38.7,86.4,-1.378,0.656
38.7,86.9,0.930,0.645
38.7,87.4,0.096,0.634
38.7,87.9,-0.673,0.623
38.7,88.4,-1.507,0.613
38.7,88.9,0.801,0.602
38.7,89.4,-0.032,0.591
38.7,89.9,-0.801,0.580
38.7,90.5,1.507,0.569
38.7,91.0,0.673,0.558
38.7,91.5,-0.160,0.546
38.7,92.0,-0.930,0.535
38.7,92.5,1.378,0.524
38.7,93.0,0.545,0.513
38.7,93.5,-0.224,0.502
38.7,94.0,-1.058,0.491
38.7,94.5,1.250,0.480
38.7,95.0,0.417,0.468
38.7,95.5,-0.353,0.457
38.7,96.0,-1.186,0.446
38.7,96.5,1.122,0.435
38.7,97.0,0.289,0.423
38.7,97.5,-0.545,0.412
38.7,98.0,-1.314,0.401
38.7,98.5,0.994,0.390
38.7,99.0,0.160,0.378
38.7,99.5,-0.673,0.367
38.7,100.0,-1.443,0.356
39.2,0.0,-0.994,1.939
39.2,0.5,1.378,1.936
39.2,1.0,0.609,1.933
39.2,1.5,-0.224,1.929
39.2,2.0,-0.994,1.927
39.2,2.5,1.378,1.924
39.2,3.0,0.609,1.921
39.2,3.5,-0.224,1.917
39.2,4.0,-0.994,1.915
39.2,4.5,1.378,1.912
39.2,5.0,0.609,1.908
39.2,5.5,-0.224,1.904
39.2,6.0,-0.994,1.901
39.2,6.5,1.378,1.898
39.2,7.0,0.609,1.894
39.2,7.5,-0.224,1.890
39.2,8.0,-0.994,1.887
39.2,8.5,1.378,1.883
39.2,9.0,0.609,1.879
39.2,9.5,-0.224,1.875
39.2,10.1,-0.994,1.872
39.2,10.6,1.378,1.867
39.2,11.1,0.545,1.863
39.2,11.6,-0.224,1.859
39.2,12.1,-0.994,1.855
39.2,12.6,1.314,1.850
39.2,13.1,0.545,1.847
39.2,13.6,-0.224,1.842
39.2,14.1,-0.994,1.837
39.2,14.6,1.314,1.833
39.2,15.1,0.545,1.829
39.2,15.6,-0.224,1.824
39.2,16.1,-1.058,1.819
39.2,16.6,1.314,1.815
39.2,17.1,0.545,1.810
39.2,17.6,-0.289,1.805
39.2,18.1,-1.058,1.801
39.2,18.6,1.314,1.795
39.2,19.1,0.481,1.790
39.2,19.6,-0.289,1.786
39.2,20.1,-1.058,1.780
39.2,20.6,1.250,1.775
39.2,21.1,0.481,1.770
39.2,21.6,-0.289,1.764
39.2,22.1,-1.122,1.759
39.2,22.6,1.250,1.754
39.2,23.1,0.481,1.748
39.2,23.6,-0.353,1.743
39.2,24.1,-1.122,1.737
39.2,24.6,1.186,1.731
39.2,25.1,0.417,1.726
39.2,25.6,-0.353,1.720
39.2,26.1,-1.186,1.714
39.2,26.6,1.186,1.709
39.2,27.1,0.417,1.702
39.2,27.6,-0.417,1.697
39.2,28.1,-1.186,1.691
39.2,28.6,1.122,1.684
39.2,29.1,0.353,1.679
39.2,29.6,-0.417,1.672
39.2,30.2,-1.250,1.666
39.2,30.7,1.122,1.660
39.2,31.2,0.289,1.653
39.2,31.7,-0.481,1.647
39.2,32.2,-1.250,1.640
39.2,32.7,1.058,1.634
39.2,33.2,0.289,1.628
39.2,33.7,-0.545,1.621
39.2,34.2,-1.314,1.615
39.2,34.7,1.058,1.607
39.2,35.2,0.224,1.601
39.2,35.7,-0.545,1.594
39.2,36.2,-1.378,1.587
39.2,36.7,0.994,1.580
39.2,37.2,0.160,1.573
39.2,37.7,-0.609,1.566
39.2,38.2,-1.378,1.559
39.2,38.7,0.930,1.552
39.2,39.2,0.160,1.545
39.2,39.7,-0.673,1.538
39.2,40.2,-1.443,1.530
39.2,40.7,0.866,1.523
39.2,41.2,0.096,1.516
39.2,41.7,-0.737,1.508
39.2,42.2,-1.507,1.501
39.2,42.7,0.866,1.493
39.2,43.2,0.032,1.486
39.2,43.7,-0.737,1.478
39.2,44.2,-1.571,1.470
39.2,44.7,0.801,1.462
39.2,45.2,-0.032,1.455
39.2,45.7,-0.801,1.447
39.2,46.2,1.507,1.439
39.2,46.7,0.737,1.431
39.2,47.2,-0.096,1.423
39.2,47.7,-0.866,1.415
39.2,48.2,1.443,1.407
39.2,48.7,0.673,1.399
39.2,49.2,-0.160,1.391
39.2,49.7,-0.930,1.383
39.2,50.3,1.378,1.374
39.2,50.8,0.609,1.366
39.2,51.3,-0.224,1.358
39.2,51.8,-0.994,1.349
39.2,52.3,1.314,1.341
39.2,52.8,0.545,1.333
39.2,53.3,-0.289,1.324
39.2,53.8,-1.058,1.315
39.2,54.3,1.250,1.307
39.2,54.8,0.481,1.298
39.2,55.3,-0.353,1.290
39.2,55.8,-1.122,1.280
39.2,56.3,1.186,1.272
39.2,56.8,0.353,1.263
39.2,57.3,-0.417,1.255
39.2,57.8,-1.250,1.245
39.2,58.3,1.122,1.237
39.2,58.8,0.289,1.227
39.2,59.3,-0.481,1.218
39.2,59.8,-1.314,1.209
39.2,60.3,1.058,1.200
39.2,60.8,0.224,1.191
39.2,61.3,-0.545,1.182
39.2,61.8,-1.378,1.173
39.2,62.3,0.930,1.163
39.2,62.8,0.160,1.154
39.2,63.3,-0.673,1.145
39.2,63.8,-1.443,1.135
39.2,64.3,0.866,1.126
39.2,64.8,0.096,1.116
39.2,65.3,-0.737,1.107
39.2,65.8,-1.571,1.097
39.2,66.3,0.801,1.088
39.2,66.8,-0.032,1.078
39.2,67.3,-0.801,1.068
39.2,67.8,1.507,1.059
39.2,68.3,0.673,1.049
39.2,68.8,-0.096,1.040
39.2,69.3,-0.930,1.030
39.2,69.8,1.443,1.020
39.2,70.4,0.609,1.010
39.2,70.9,-0.224,1.000
39.2,71.4,-0.994,0.990
39.2,71.9,1.314,0.980
39.2,72.4,0.481,0.970
39.2,72.9,-0.289,0.960
39.2,73.4,-1.122,0.950
39.2,73.9,1.250,0.940
39.2,74.4,0.417,0.930
39.2,74.9,-0.417,0.920
39.2,75.4,-1.186,0.909
39.2,75.9,1.122,0.899
39.2,76.4,0.289,0.889
39.2,76.9,-0.481,0.879
39.2,77.4,-1.314,0.869
39.2,77.9,0.994,0.858
39.2,78.4,0.224,0.848
39.2,78.9,-0.609,0.837
39.2,79.4,-1.443,0.827
39.2,79.9,0.930,0.816
39.2,80.4,0.096,0.806
39.2,80.9,-0.737,0.795
39.2,81.4,-1.507,0.785
39.2,81.9,0.801,0.774
39.2,82.4,-0.032,0.763
39.2,82.9,-0.801,0.753
39.2,83.4,1.507,0.742
39.2,83.9,0.673,0.732
39.2,84.4,-0.096,0.721
39.2,84.9,-0.930,0.710
39.2,85.4,1.378,0.699
39.2,85.9,0.609,0.689
39.2,86.4,-0.224,0.678
39.2,86.9,-1.058,0.667
39.2,87.4,1.314,0.656
39.2,87.9,0.481,0.645
39.2,88.4,-0.353,0.634
39.2,88.9,-1.186,0.623
39.2,89.4,1.186,0.613
39.2,89.9,0.353,0.602
39.2,90.5,-0.481,0.591
39.2,91.0,-1.250,0.579
39.2,91.5,1.058,0.569
39.2,92.0,0.224,0.558
39.2,92.5,-0.609,0.546
39.2,93.0,-1.378,0.535
39.2,93.5,0.930,0.524
39.2,94.0,0.096,0.513
39.2,94.5,-0.737,0.502
39.2,95.0,-1.507,0.491
39.2,95.5,0.801,0.480
39.2,96.0,-0.032,0.468
39.2,96.5,-0.866,0.457
39.2,97.0,1.507,0.446
39.2,97.5,0.673,0.435
39.2,98.0,-0.160,0.423
39.2,98.5,-0.994,0.412
39.2,99.0,1.378,0.401
39.2,99.5,0.545,0.390
39.2,100.0,-0.289,0.378
39.7,0.0,0.160,1.943
39.7,0.5,-0.673,1.941
39.7,1.0,-1.443,1.939
39.7,1.5,0.930,1.936
39.7,2.0,0.160,1.933
39.7,2.5,-0.673,1.930
39.7,3.0,-1.443,1.927
39.7,3.5,0.930,1.924
39.7,4.0,0.160,1.921
39.7,4.5,-0.673,1.918
39.7,5.0,-1.443,1.915
39.7,5.5,0.930,1.912
39.7,6.0,0.160,1.908
39.7,6.5,-0.673,1.905
39.7,7.0,-1.443,1.902
39.7,7.5,0.930,1.898
39.7,8.0,0.096,1.894
39.7,8.5,-0.673,1.891
39.7,9.0,-1.443,1.887
39.7,9.5,0.930,1.883
39.7,10.1,0.096,1.879
39.7,10.6,-0.673,1.876
39.7,11.1,-1.443,1.872
39.7,11.6,0.930,1.867
39.7,12.1,0.096,1.864
39.7,12.6,-0.673,1.860
39.7,13.1,-1.443,1.855
39.7,13.6,0.866,1.851
39.7,14.1,0.096,1.847
39.7,14.6,-0.673,1.842
39.7,15.1,-1.507,1.838
39.7,15.6,0.866,1.834
39.7,16.1,0.096,1.829
39.7,16.6,-0.737,1.824
39.7,17.1,-1.507,1.820
39.7,17.6,0.866,1.815
39.7,18.1,0.032,1.810
39.7,18.6,-0.737,1.805
39.7,19.1,-1.507,1.801
39.7,19.6,0.866,1.795
39.7,20.1,0.032,1.791
39.7,20.6,-0.737,1.786
39.7,21.1,-1.571,1.780
39.7,21.6,0.801,1.775
39.7,22.1,0.032,1.770
39.7,22.6,-0.801,1.764
39.7,23.1,-1.571,1.760
39.7,23.6,0.801,1.754
39.7,24.1,-0.032,1.748
39.7,24.6,-0.801,1.743
39.7,25.1,1.571,1.737
39.7,25.6,0.737,1.732
39.7,26.1,-0.032,1.726
39.7,26.6,-0.801,1.720
39.7,27.1,1.507,1.715
39.7,27.6,0.737,1.709
39.7,28.1,-0.096,1.702
39.7,28.6,-0.866,1.697
39.7,29.1,1.507,1.691
39.7,29.6,0.673,1.685
39.7,30.2,-0.096,1.679
39.7,30.7,-0.866,1.672
39.7,31.2,1.443,1.666
39.7,31.7,0.673,1.660
39.7,32.2,-0.160,1.654
39.7,32.7,-0.930,1.647
39.7,33.2,1.443,1.640
39.7,33.7,0.609,1.634
39.7,34.2,-0.160,1.628
39.7,34.7,-0.994,1.621
39.7,35.2,1.378,1.615
39.7,35.7,0.545,1.607
39.7,36.2,-0.224,1.601
39.7,36.7,-0.994,1.594
39.7,37.2,1.314,1.587
39.7,37.7,0.545,1.580
39.7,38.2,-0.289,1.573
39.7,38.7,-1.058,1.567
39.7,39.2,1.250,1.559
39.7,39.7,0.481,1.552
39.7,40.2,-0.289,1.545
39.7,40.7,-1.122,1.538
39.7,41.2,1.250,1.530
39.7,41.7,0.417,1.523
39.7,42.2,-0.353,1.516
39.7,42.7,-1.186,1.508
39.7,43.2,1.186,1.501
39.7,43.7,0.353,1.493
39.7,44.2,-0.417,1.486
39.7,44.7,-1.250,1.478
39.7,45.2,1.122,1.471
39.7,45.7,0.289,1.462
39.7,46.2,-0.481,1.455
39.7,46.7,-1.250,1.447
39.7,47.2,1.058,1.439
39.7,47.7,0.289,1.431
39.7,48.2,-0.545,1.424
39.7,48.7,-1.314,1.415
39.7,49.2,0.994,1.407
39.7,49.7,0.224,1.399
39.7,50.3,-0.609,1.391
39.7,50.8,-1.378,1.383
39.7,51.3,0.930,1.375
39.7,51.8,0.160,1.366
39.7,52.3,-0.673,1.358
39.7,52.8,-1.443,1.349
39.7,53.3,0.866,1.341
39.7,53.8,0.096,1.332
39.7,54.3,-0.737,1.324
39.7,54.8,-1.507,1.315
39.7,55.3,0.801,1.307
39.7,55.8,-0.032,1.298
39.7,56.3,-0.801,1.290
39.7,56.8,1.507,1.281
39.7,57.3,0.737,1.272
39.7,57.8,-0.096,1.263
39.7,58.3,-0.866,1.254
39.7,58.8,1.443,1.246
39.7,59.3,0.673,1.237
39.7,59.8,-0.160,1.228
39.7,60.3,-0.930,1.218
39.7,60.8,1.378,1.210
39.7,61.3,0.609,1.200
39.7,61.8,-0.224,1.191
39.7,62.3,-1.058,1.182
39.7,62.8,1.314,1.173
39.7,63.3,0.481,1.164
39.7,63.8,-0.289,1.154
39.7,64.3,-1.122,1.145
39.7,64.8,1.250,1.135
39.7,65.3,0.417,1.126
39.7,65.8,-0.417,1.116
39.7,66.3,-1.186,1.107
39.7,66.8,1.122,1.098
39.7,67.3,0.353,1.088
39.7,67.8,-0.481,1.078
39.7,68.3,-1.314,1.068
39.7,68.8,1.058,1.059
39.7,69.3,0.224,1.049
39.7,69.8,-0.545,1.039
39.7,70.4,-1.378,1.030
39.7,70.9,0.930,1.020
39.7,71.4,0.160,1.010
39.7,71.9,-0.673,1.000
39.7,72.4,-1.443,0.990
39.7,72.9,0.866,0.980
39.7,73.4,0.032,0.970
39.7,73.9,-0.737,0.960
39.7,74.4,-1.571,0.950
39.7,74.9,0.737,0.940
39.7,75.4,-0.032,0.930
39.7,75.9,-0.866,0.920
39.7,76.4,1.507,0.909
39.7,76.9,0.673,0.899
39.7,77.4,-0.160,0.889
39.7,77.9,-0.930,0.879
39.7,78.4,1.378,0.869
39.7,78.9,0.545,0.858
39.7,79.4,-0.224,0.848
39.7,79.9,-1.058,0.837
39.7,80.4,1.250,0.827
39.7,80.9,0.481,0.816
39.7,81.4,-0.353,0.806
39.7,81.9,-1.186,0.795
39.7,82.4,1.186,0.785
39.7,82.9,0.353,0.774
39.7,83.4,-0.481,0.764
39.7,83.9,-1.250,0.753
39.7,84.4,1.058,0.742
39.7,84.9,0.224,0.732
39.7,85.4,-0.545,0.721
39.7,85.9,-1.378,0.710
39.7,86.4,0.930,0.699
39.7,86.9,0.160,0.688
39.7,87.4,-0.673,0.678
39.7,87.9,-1.507,0.667
39.7,88.4,0.801,0.656
39.7,88.9,0.032,0.645
39.7,89.4,-0.801,0.634
39.7,89.9,1.507,0.623
39.7,90.5,0.737,0.612
39.7,91.0,-0.096,0.602
39.7,91.5,-0.930,0.591
39.7,92.0,1.378,0.579
39.7,92.5,0.609,0.568
39.7,93.0,-0.224,0.557
39.7,93.5,-1.058,0.546
39.7,94.0,1.250,0.535
39.7,94.5,0.481,0.524
39.7,95.0,-0.353,0.513
39.7,95.5,-1.186,0.502
39.7,96.0,1.186,0.491
39.7,96.5,0.353,0.480
39.7,97.0,-0.481,0.468
39.7,97.5,-1.314,0.457
39.7,98.0,0.994,0.446
39.7,98.5,0.224,0.435
39.7,99.0,-0.609,0.423
39.7,99.5,-1.443,0.412
39.7,100.0,0.866,0.401
40.2,0.0,1.250,1.949
40.2,0.5,0.481,1.946
40.2,1.0,-0.353,1.944
40.2,1.5,-1.122,1.942
40.2,2.0,1.250,1.939
40.2,2.5,0.481,1.936
40.2,3.0,-0.353,1.933
40.2,3.5,-1.122,1.930
40.2,4.0,1.250,1.928
40.2,4.5,0.481,1.924
40.2,5.0,-0.353,1.921
40.2,5.5,-1.122,1.918
40.2,6.0,1.250,1.915
40.2,6.5,0.481,1.911
40.2,7.0,-0.353,1.908
40.2,7.5,-1.122,1.905
40.2,8.0,1.250,1.902
40.2,8.5,0.481,1.898
40.2,9.0,-0.353,1.894
40.2,9.5,-1.122,1.891
40.2,10.1,1.250,1.887
40.2,10.6,0.481,1.883
40.2,11.1,-0.353,1.879
40.2,11.6,-1.122,1.876
40.2,12.1,1.250,1.871
40.2,12.6,0.417,1.867
40.2,13.1,-0.353,1.864
40.2,13.6,-1.122,1.860
40.2,14.1,1.186,1.855
40.2,14.6,0.417,1.851
40.2,15.1,-0.353,1.847
40.2,15.6,-1.122,1.842
40.2,16.1,1.186,1.838
40.2,16.6,0.417,1.834
40.2,17.1,-0.353,1.829
40.2,17.6,-1.186,1.824
40.2,18.1,1.186,1.820
40.2,18.6,0.417,1.815
40.2,19.1,-0.417,1.810
40.2,19.6,-1.186,1.806
40.2,20.1,1.186,1.800
40.2,20.6,0.353,1.795
40.2,21.1,-0.417,1.791
40.2,21.6,-1.186,1.785
40.2,22.1,1.122,1.780
40.2,22.6,0.353,1.776
40.2,23.1,-0.417,1.770
40.2,23.6,-1.250,1.765
40.2,24.1,1.122,1.760
40.2,24.6,0.353,1.754
40.2,25.1,-0.481,1.749
40.2,25.6,-1.250,1.743
40.2,26.1,1.122,1.737
40.2,26.6,0.289,1.732
40.2,27.1,-0.481,1.726
40.2,27.6,-1.314,1.720
40.2,28.1,1.058,1.715
40.2,28.6,0.289,1.709
40.2,29.1,-0.545,1.703
40.2,29.6,-1.314,1.697
40.2,30.2,1.058,1.690
40.2,30.7,0.224,1.685
40.2,31.2,-0.545,1.679
40.2,31.7,-1.378,1.672
40.2,32.2,0.994,1.667
40.2,32.7,0.224,1.660
40.2,33.2,-0.609,1.654
40.2,33.7,-1.378,1.647
40.2,34.2,0.930,1.641
40.2,34.7,0.160,1.635
40.2,35.2,-0.609,1.627
40.2,35.7,-1.443,1.621
40.2,36.2,0.930,1.615
40.2,36.7,0.096,1.608
40.2,37.2,-0.673,1.601
40.2,37.7,-1.507,1.594
40.2,38.2,0.866,1.588
40.2,38.7,0.096,1.580
40.2,39.2,-0.737,1.574
40.2,39.7,-1.507,1.566
40.2,40.2,0.801,1.559
40.2,40.7,0.032,1.552
40.2,41.2,-0.801,1.545
40.2,41.7,1.571,1.538
40.2,42.2,0.801,1.530
40.2,42.7,-0.032,1.523
40.2,43.2,-0.801,1.516
40.2,43.7,1.507,1.509
40.2,44.2,0.737,1.501
40.2,44.7,-0.096,1.493
40.2,45.2,-0.866,1.486
40.2,45.7,1.443,1.478
40.2,46.2,0.673,1.471
40.2,46.7,-0.160,1.463
40.2,47.2,-0.930,1.455
40.2,47.7,1.378,1.447
40.2,48.2,0.609,1.440
40.2,48.7,-0.224,1.431
40.2,49.2,-0.994,1.424
40.2,49.7,1.314,1.415
40.2,50.3,0.545,1.408
40.2,50.8,-0.289,1.399
40.2,51.3,-1.058,1.391
40.2,51.8,1.250,1.382
40.2,52.3,0.481,1.375
40.2,52.8,-0.353,1.366
40.2,53.3,-1.122,1.358
40.2,53.8,1.186,1.349
40.2,54.3,0.417,1.341
40.2,54.8,-0.417,1.332
40.2,55.3,-1.186,1.324
40.2,55.8,1.122,1.315
40.2,56.3,0.353,1.307
40.2,56.8,-0.481,1.298
40.2,57.3,-1.250,1.290
40.2,57.8,1.058,1.281
40.2,58.3,0.289,1.272
40.2,58.8,-0.545,1.263
40.2,59.3,-1.314,1.254
40.2,59.8,0.994,1.246
40.2,60.3,0.224,1.236
40.2,60.8,-0.609,1.228
40.2,61.3,-1.443,1.218
40.2,61.8,0.930,1.210
40.2,62.3,0.096,1.200
40.2,62.8,-0.673,1.191
40.2,63.3,-1.507,1.182
40.2,63.8,0.866,1.173
40.2,64.3,0.032,1.164
40.2,64.8,-0.737,1.154
40.2,65.3,1.571,1.145
40.2,65.8,0.737,1.135
40.2,66.3,-0.032,1.126
40.2,66.8,-0.866,1.117
40.2,67.3,1.507,1.107
40.2,67.8,0.673,1.098
40.2,68.3,-0.160,1.088
40.2,68.8,-0.930,1.078
40.2,69.3,1.378,1.069
40.2,69.8,0.609,1.059
40.2,70.4,-0.224,1.049
40.2,70.9,-1.058,1.039
40.2,71.4,1.314,1.030
40.2,71.9,0.481,1.020
40.2,72.4,-0.289,1.010
40.2,72.9,-1.122,1.000
40.2,73.4,1.186,0.990
40.2,73.9,0.417,0.980
40.2,74.4,-0.417,0.970
40.2,74.9,-1.186,0.960
40.2,75.4,1.122,0.950
40.2,75.9,0.289,0.940
40.2,76.4,-0.481,0.930
40.2,76.9,-1.314,0.920
40.2,77.4,0.994,0.909
40.2,77.9,0.224,0.899
40.2,78.4,-0.609,0.889
40.2,78.9,-1.443,0.878
40.2,79.4,0.930,0.868
40.2,79.9,0.096,0.858
40.2,80.4,-0.673,0.847
40.2,80.9,-1.507,0.837
40.2,81.4,0.801,0.827
40.2,81.9,0.032,0.816
40.2,82.4,-0.801,0.806
40.2,82.9,1.507,0.795
40.2,83.4,0.737,0.785
40.2,83.9,-0.096,0.774
40.2,84.4,-0.930,0.764
40.2,84.9,1.378,0.753
40.2,85.4,0.609,0.742
40.2,85.9,-0.224,0.732
40.2,86.4,-1.058,0.721
40.2,86.9,1.314,0.710
40.2,87.4,0.481,0.699
40.2,87.9,-0.353,0.689
40.2,88.4,-1.122,0.678
40.2,88.9,1.186,0.667
40.2,89.4,0.353,0.656
40.2,89.9,-0.417,0.645
40.2,90.5,-1.250,0.634
40.2,91.0,1.058,0.623
40.2,91.5,0.224,0.612
40.2,92.0,-0.545,0.601
40.2,92.5,-1.378,0.591
40.2,93.0,0.930,0.579
40.2,93.5,0.160,0.568
40.2,94.0,-0.673,0.557
40.2,94.5,-1.507,0.546
40.2,95.0,0.801,0.535
40.2,95.5,0.032,0.524
40.2,96.0,-0.801,0.513
40.2,96.5,1.507,0.502
40.2,97.0,0.673,0.491
40.2,97.5,-0.096,0.479
40.2,98.0,-0.930,0.468
40.2,98.5,1.378,0.457
40.2,99.0,0.545,0.446
40.2,99.5,-0.224,0.434
40.2,100.0,-1.058,0.423
40.7,0.0,-0.801,1.954
40.7,0.5,1.571,1.952
40.7,1.0,0.801,1.949
40.7,1.5,-0.032,1.946
40.7,2.0,-0.801,1.944
40.7,2.5,1.571,1.942
40.7,3.0,0.801,1.939
40.7,3.5,0.032,1.935
40.7,4.0,-0.801,1.933
40.7,4.5,-1.571,1.931
40.7,5.0,0.801,1.928
40.7,5.5,0.032,1.924
40.7,6.0,-0.801,1.921
40.7,6.5,-1.571,1.918
40.7,7.0,0.801,1.915
40.7,7.5,0.032,1.911
40.7,8.0,-0.801,1.908
40.7,8.5,-1.571,1.905
40.7,9.0,0.801,1.902
40.7,9.5,-0.032,1.897
40.7,10.1,-0.801,1.895
40.7,10.6,1.571,1.891
40.7,11.1,0.801,1.887
40.7,11.6,-0.032,1.883
40.7,12.1,-0.801,1.880
40.7,12.6,1.571,1.876
40.7,13.1,0.801,1.871
40.7,13.6,-0.032,1.868
40.7,14.1,-0.801,1.864
40.7,14.6,1.571,1.859
40.7,15.1,0.737,1.855
40.7,15.6,-0.032,1.851
40.7,16.1,-0.801,1.847
40.7,16.6,1.507,1.842
40.7,17.1,0.737,1.838
40.7,17.6,-0.032,1.834
40.7,18.1,-0.866,1.828
40.7,18.6,1.507,1.825
40.7,19.1,0.737,1.820
40.7,19.6,-0.032,1.815
40.7,20.1,-0.866,1.811
40.7,20.6,1.507,1.806
40.7,21.1,0.737,1.800
40.7,21.6,-0.096,1.796
40.7,22.1,-0.866,1.791
40.7,22.6,1.507,1.785
40.7,23.1,0.673,1.781
40.7,23.6,-0.096,1.776
40.7,24.1,-0.866,1.770
40.7,24.6,1.443,1.765
40.7,25.1,0.673,1.760
40.7,25.6,-0.160,1.754
40.7,26.1,-0.930,1.749
40.7,26.6,1.443,1.743
40.7,27.1,0.609,1.737
40.7,27.6,-0.160,1.732
40.7,28.1,-0.930,1.726
40.7,28.6,1.378,1.721
40.7,29.1,0.609,1.715
40.7,29.6,-0.160,1.708
40.7,30.2,-0.994,1.703
40.7,30.7,1.378,1.697
40.7,31.2,0.545,1.691
40.7,31.7,-0.224,1.685
40.7,32.2,-0.994,1.679
40.7,32.7,1.314,1.673
40.7,33.2,0.545,1.667
40.7,33.7,-0.289,1.660
40.7,34.2,-1.058,1.654
40.7,34.7,1.314,1.647
40.7,35.2,0.481,1.641
40.7,35.7,-0.289,1.635
40.7,36.2,-1.122,1.628
40.7,36.7,1.250,1.622
40.7,37.2,0.481,1.614
40.7,37.7,-0.353,1.608
40.7,38.2,-1.122,1.601
40.7,38.7,1.186,1.594
40.7,39.2,0.417,1.588
40.7,39.7,-0.417,1.580
40.7,40.2,-1.186,1.574
40.7,40.7,1.186,1.566
40.7,41.2,0.353,1.560
40.7,41.7,-0.417,1.552
40.7,42.2,-1.250,1.545
40.7,42.7,1.122,1.538
40.7,43.2,0.289,1.530
40.7,43.7,-0.481,1.524
40.7,44.2,-1.314,1.516
40.7,44.7,1.058,1.509
40.7,45.2,0.289,1.501
40.7,45.7,-0.545,1.494
40.7,46.2,-1.314,1.486
40.7,46.7,0.994,1.478
40.7,47.2,0.224,1.471
40.7,47.7,-0.609,1.463
40.7,48.2,-1.378,1.455
40.7,48.7,0.930,1.447
40.7,49.2,0.160,1.439
40.7,49.7,-0.673,1.431
40.7,50.3,-1.443,1.424
40.7,50.8,0.866,1.415
40.7,51.3,0.096,1.408
40.7,51.8,-0.737,1.399
40.7,52.3,-1.507,1.391
40.7,52.8,0.801,1.383
40.7,53.3,0.032,1.375
40.7,53.8,-0.801,1.366
40.7,54.3,1.571,1.358
40.7,54.8,0.737,1.350
40.7,55.3,-0.032,1.341
40.7,55.8,-0.866,1.333
40.7,56.3,1.507,1.324
40.7,56.8,0.673,1.316
40.7,57.3,-0.096,1.307
40.7,57.8,-0.930,1.299
40.7,58.3,1.443,1.290
40.7,58.8,0.609,1.281
40.7,59.3,-0.160,1.272
40.7,59.8,-0.994,1.264
40.7,60.3,1.378,1.254
40.7,60.8,0.545,1.246
40.7,61.3,-0.289,1.236
40.7,61.8,-1.058,1.228
40.7,62.3,1.250,1.219
40.7,62.8,0.481,1.210
40.7,63.3,-0.353,1.201
40.7,63.8,-1.122,1.191
40.7,64.3,1.186,1.182
40.7,64.8,0.417,1.173
40.7,65.3,-0.417,1.164
40.7,65.8,-1.250,1.154
40.7,66.3,1.122,1.145
40.7,66.8,0.289,1.136
40.7,67.3,-0.481,1.126
40.7,67.8,-1.314,1.117
40.7,68.3,1.058,1.107
40.7,68.8,0.224,1.098
40.7,69.3,-0.609,1.088
40.7,69.8,-1.378,1.078
40.7,70.4,0.930,1.069
40.7,70.9,0.160,1.059
40.7,71.4,-0.673,1.049
40.7,71.9,-1.507,1.039
40.7,72.4,0.866,1.030
40.7,72.9,0.032,1.020
40.7,73.4,-0.737,1.010
40.7,73.9,1.571,1.000
40.7,74.4,0.737,0.990
40.7,74.9,-0.032,0.980
40.7,75.4,-0.866,0.970
40.7,75.9,1.443,0.960
40.7,76.4,0.673,0.950
40.7,76.9,-0.160,0.940
40.7,77.4,-0.930,0.930
40.7,77.9,1.378,0.920
40.7,78.4,0.545,0.910
40.7,78.9,-0.224,0.899
40.7,79.4,-1.058,0.889
40.7,79.9,1.250,0.879
40.7,80.4,0.481,0.868
40.7,80.9,-0.353,0.858
40.7,81.4,-1.186,0.848
40.7,81.9,1.186,0.837
40.7,82.4,0.353,0.827
40.7,82.9,-0.481,0.816
40.7,83.4,-1.250,0.806
40.7,83.9,1.058,0.795
40.7,84.4,0.224,0.785
40.7,84.9,-0.545,0.774
40.7,85.4,-1.378,0.764
40.7,85.9,0.930,0.753
40.7,86.4,0.160,0.742
40.7,86.9,-0.673,0.732
40.7,87.4,-1.507,0.721
40.7,87.9,0.866,0.710
40.7,88.4,0.032,0.699
40.7,88.9,-0.801,0.689
40.7,89.4,1.571,0.678
40.7,89.9,0.737,0.667
40.7,90.5,-0.096,0.656
40.7,91.0,-0.930,0.645
40.7,91.5,1.443,0.634
40.7,92.0,0.609,0.623
40.7,92.5,-0.224,0.612
40.7,93.0,-0.994,0.601
40.7,93.5,1.314,0.590
40.7,94.0,0.481,0.579
40.7,94.5,-0.353,0.568
40.7,95.0,-1.122,0.557
40.7,95.5,1.186,0.546
40.7,96.0,0.353,0.535
40.7,96.5,-0.481,0.524
40.7,97.0,-1.250,0.513
40.7,97.5,1.058,0.502
40.7,98.0,0.224,0.491
40.7,98.5,-0.609,0.479
40.7,99.0,-1.378,0.468
40.7,99.5,0.930,0.457
40.7,100.0,0.096,0.446
41.2,0.0,0.289,1.959
41.2,0.5,-0.481,1.957
41.2,1.0,-1.250,1.955
41.2,1.5,1.122,1.952
41.2,2.0,0.353,1.949
41.2,2.5,-0.481,1.947
41.2,3.0,-1.250,1.945
41.2,3.5,1.122,1.942
41.2,4.0,0.353,1.939
41.2,4.5,-0.481,1.936
41.2,5.0,-1.250,1.934
41.2,5.5,1.122,1.931
41.2,6.0,0.353,1.927
41.2,6.5,-0.481,1.924
41.2,7.0,-1.250,1.922
41.2,7.5,1.122,1.918
41.2,8.0,0.353,1.915
41.2,8.5,-0.481,1.911
41.2,9.0,-1.250,1.909
41.2,9.5,1.122,1.905
41.2,10.1,0.353,1.901
41.2,10.6,-0.481,1.898
41.2,11.1,-1.250,1.895
41.2,11.6,1.122,1.891
41.2,12.1,0.289,1.887
41.2,12.6,-0.481,1.884
41.2,13.1,-1.250,1.880
41.2,13.6,1.122,1.876
41.2,14.1,0.289,1.872
41.2,14.6,-0.481,1.868
41.2,15.1,-1.250,1.864
41.2,15.6,1.058,1.859
41.2,16.1,0.289,1.856
41.2,16.6,-0.481,1.851
41.2,17.1,-1.250,1.847
41.2,17.6,1.058,1.843
41.2,18.1,0.289,1.838
41.2,18.6,-0.481,1.834
41.2,19.1,-1.314,1.829
41.2,19.6,1.058,1.825
41.2,20.1,0.289,1.820
41.2,20.6,-0.545,1.815
41.2,21.1,-1.314,1.811
41.2,21.6,1.058,1.806
41.2,22.1,0.224,1.800
41.2,22.6,-0.545,1.796
41.2,23.1,-1.314,1.791
41.2,23.6,0.994,1.786
41.2,24.1,0.224,1.781
41.2,24.6,-0.545,1.776
41.2,25.1,-1.378,1.770
41.2,25.6,0.994,1.765
41.2,26.1,0.224,1.760
41.2,26.6,-0.609,1.754
41.2,27.1,-1.378,1.749
41.2,27.6,0.994,1.743
41.2,28.1,0.160,1.738
41.2,28.6,-0.609,1.732
41.2,29.1,-1.443,1.726
41.2,29.6,0.930,1.721
41.2,30.2,0.160,1.715
41.2,30.7,-0.673,1.709
41.2,31.2,-1.443,1.703
41.2,31.7,0.930,1.697
41.2,32.2,0.096,1.691
41.2,32.7,-0.673,1.685
41.2,33.2,-1.507,1.679
41.2,33.7,0.866,1.673
41.2,34.2,0.096,1.667
41.2,34.7,-0.737,1.660
41.2,35.2,-1.507,1.654
41.2,35.7,0.801,1.647
41.2,36.2,0.032,1.641
41.2,36.7,-0.737,1.635
41.2,37.2,-1.571,1.628
41.2,37.7,0.801,1.622
41.2,38.2,-0.032,1.614
41.2,38.7,-0.801,1.608
41.2,39.2,1.571,1.601
41.2,39.7,0.737,1.595
41.2,40.2,-0.032,1.588
41.2,40.7,-0.866,1.581
41.2,41.2,1.507,1.574
41.2,41.7,0.673,1.566
41.2,42.2,-0.096,1.560
41.2,42.7,-0.866,1.552
41.2,43.2,1.443,1.545
41.2,43.7,0.673,1.538
41.2,44.2,-0.160,1.531
41.2,44.7,-0.930,1.524
41.2,45.2,1.378,1.516
41.2,45.7,0.609,1.509
41.2,46.2,-0.224,1.501
41.2,46.7,-0.994,1.494
41.2,47.2,1.314,1.486
41.2,47.7,0.545,1.479
41.2,48.2,-0.224,1.470
41.2,48.7,-1.058,1.463
41.2,49.2,1.314,1.455
41.2,49.7,0.481,1.448
41.2,50.3,-0.289,1.439
41.2,50.8,-1.122,1.432
41.2,51.3,1.250,1.424
41.2,51.8,0.417,1.416
41.2,52.3,-0.353,1.407
41.2,52.8,-1.186,1.400
41.2,53.3,1.186,1.391
41.2,53.8,0.353,1.383
41.2,54.3,-0.417,1.375
41.2,54.8,-1.250,1.367
41.2,55.3,1.122,1.358
41.2,55.8,0.289,1.350
41.2,56.3,-0.481,1.341
41.2,56.8,-1.314,1.333
41.2,57.3,1.058,1.324
41.2,57.8,0.224,1.316
41.2,58.3,-0.545,1.307
41.2,58.8,-1.378,1.299
41.2,59.3,0.994,1.289
41.2,59.8,0.160,1.281
41.2,60.3,-0.673,1.272
41.2,60.8,-1.443,1.264
41.2,61.3,0.866,1.254
41.2,61.8,0.096,1.246
41.2,62.3,-0.737,1.237
41.2,62.8,-1.507,1.228
41.2,63.3,0.801,1.219
41.2,63.8,0.032,1.210
41.2,64.3,-0.801,1.201
41.2,64.8,1.571,1.191
41.2,65.3,0.737,1.182
41.2,65.8,-0.096,1.173
41.2,66.3,-0.866,1.164
41.2,66.8,1.443,1.154
41.2,67.3,0.673,1.145
41.2,67.8,-0.160,1.136
41.2,68.3,-0.930,1.126
41.2,68.8,1.378,1.117
41.2,69.3,0.545,1.107
41.2,69.8,-0.224,1.098
41.2,70.4,-1.058,1.088
41.2,70.9,1.314,1.078
41.2,71.4,0.481,1.069
41.2,71.9,-0.353,1.059
41.2,72.4,-1.122,1.049
41.2,72.9,1.186,1.040
41.2,73.4,0.417,1.030
41.2,73.9,-0.417,1.020
41.2,74.4,-1.250,1.010
41.2,74.9,1.122,1.000
41.2,75.4,0.289,0.990
41.2,75.9,-0.481,0.980
41.2,76.4,-1.314,0.970
41.2,76.9,0.994,0.960
41.2,77.4,0.224,0.950
41.2,77.9,-0.609,0.940
41.2,78.4,-1.443,0.930
41.2,78.9,0.930,0.920
41.2,79.4,0.096,0.910
41.2,79.9,-0.737,0.899
41.2,80.4,-1.507,0.889
41.2,80.9,0.801,0.879
41.2,81.4,0.032,0.868
41.2,81.9,-0.801,0.858
41.2,82.4,1.507,0.848
41.2,82.9,0.737,0.837
41.2,83.4,-0.096,0.827
41.2,83.9,-0.930,0.816
41.2,84.4,1.443,0.806
41.2,84.9,0.609,0.795
41.2,85.4,-0.224,0.785
41.2,85.9,-0.994,0.774
41.2,86.4,1.314,0.764
41.2,86.9,0.481,0.753
41.2,87.4,-0.289,0.742
41.2,87.9,-1.122,0.732
41.2,88.4,1.186,0.721
41.2,88.9,0.353,0.710
41.2,89.4,-0.417,0.699
41.2,89.9,-1.250,0.689
41.2,90.5,1.058,0.678
41.2,91.0,0.289,0.667
41.2,91.5,-0.545,0.656
41.2,92.0,-1.378,0.645
41.2,92.5,0.994,0.634
41.2,93.0,0.160,0.623
41.2,93.5,-0.673,0.612
41.2,94.0,-1.507,0.601
41.2,94.5,0.866,0.590
41.2,95.0,0.032,0.579
41.2,95.5,-0.801,0.568
41.2,96.0,1.571,0.557
41.2,96.5,0.737,0.546
41.2,97.0,-0.096,0.535
41.2,97.5,-0.930,0.524
41.2,98.0,1.443,0.513
41.2,98.5,0.609,0.502
41.2,99.0,-0.224,0.491
41.2,99.5,-1.058,0.479
41.2,100.0,1.314,0.468
41.7,0.0,1.443,1.963
41.7,0.5,0.609,1.961
41.7,1.0,-0.160,1.959
41.7,1.5,-0.930,1.957
41.7,2.0,1.443,1.955
41.7,2.5,0.673,1.952
41.7,3.0,-0.160,1.949
41.7,3.5,-0.930,1.947
41.7,4.0,1.443,1.945
41.7,4.5,0.673,1.942
41.7,5.0,-0.160,1.938
41.7,5.5,-0.930,1.936
41.7,6.0,1.443,1.934
41.7,6.5,0.673,1.931
41.7,7.0,-0.096,1.927
41.7,7.5,-0.930,1.925
41.7,8.0,1.443,1.922
41.7,8.5,0.673,1.918
41.7,9.0,-0.160,1.914
41.7,9.5,-0.930,1.912
41.7,10.1,1.443,1.909
41.7,10.6,0.673,1.905
41.7,11.1,-0.160,1.901
41.7,11.6,-0.930,1.898
41.7,12.1,1.443,1.895
41.7,12.6,0.673,1.891
41.7,13.1,-0.160,1.887
41.7,13.6,-0.930,1.884
41.7,14.1,1.443,1.880
41.7,14.6,0.673,1.875
41.7,15.1,-0.160,1.872
41.7,15.6,-0.930,1.868
41.7,16.1,1.443,1.864
41.7,16.6,0.609,1.860
41.7,17.1,-0.160,1.856
41.7,17.6,-0.930,1.851
41.7,18.1,1.378,1.847
41.7,18.6,0.609,1.843
41.7,19.1,-0.160,1.838
41.7,19.6,-0.930,1.833
41.7,20.1,1.378,1.829
41.7,20.6,0.609,1.825
41.7,21.1,-0.160,1.820
41.7,21.6,-0.994,1.815
41.7,22.1,1.378,1.811
41.7,22.6,0.609,1.805
41.7,23.1,-0.224,1.801
41.7,23.6,-0.994,1.796
41.7,24.1,1.378,1.791
41.7,24.6,0.545,1.786
41.7,25.1,-0.224,1.781
41.7,25.6,-0.994,1.775
41.7,26.1,1.314,1.771
41.7,26.6,0.545,1.765
41.7,27.1,-0.224,1.759
41.7,27.6,-1.058,1.755
41.7,28.1,1.314,1.749
41.7,28.6,0.481,1.743
41.7,29.1,-0.289,1.738
41.7,29.6,-1.058,1.732
41.7,30.2,1.250,1.726
41.7,30.7,0.481,1.721
41.7,31.2,-0.289,1.715
41.7,31.7,-1.122,1.709
41.7,32.2,1.250,1.703
41.7,32.7,0.417,1.697
41.7,33.2,-0.353,1.692
41.7,33.7,-1.122,1.685
41.7,34.2,1.186,1.679
41.7,34.7,0.417,1.673
41.7,35.2,-0.353,1.666
41.7,35.7,-1.186,1.661
41.7,36.2,1.186,1.654
41.7,36.7,0.353,1.648
41.7,37.2,-0.417,1.641
41.7,37.7,-1.186,1.634
41.7,38.2,1.122,1.628
41.7,38.7,0.353,1.622
41.7,39.2,-0.481,1.615
41.7,39.7,-1.250,1.608
41.7,40.2,1.058,1.601
41.7,40.7,0.289,1.595
41.7,41.2,-0.481,1.587
41.7,41.7,-1.314,1.581
41.7,42.2,1.058,1.574
41.7,42.7,0.224,1.567
41.7,43.2,-0.545,1.560
41.7,43.7,-1.378,1.552
41.7,44.2,0.994,1.546
41.7,44.7,0.224,1.538
41.7,45.2,-0.609,1.531
41.7,45.7,-1.378,1.523
41.7,46.2,0.930,1.516
41.7,46.7,0.160,1.509
41.7,47.2,-0.673,1.501
41.7,47.7,-1.443,1.494
41.7,48.2,0.866,1.486
41.7,48.7,0.096,1.479
41.7,49.2,-0.737,1.471
41.7,49.7,-1.507,1.463
41.7,50.3,0.801,1.455
41.7,50.8,0.032,1.448
41.7,51.3,-0.801,1.439
41.7,51.8,-1.571,1.432
41.7,52.3,0.801,1.423
41.7,52.8,-0.032,1.416
41.7,53.3,-0.801,1.407
41.7,53.8,1.507,1.400
41.7,54.3,0.737,1.391
41.7,54.8,-0.096,1.383
41.7,55.3,-0.866,1.375
41.7,55.8,1.443,1.367
41.7,56.3,0.673,1.358
41.7,56.8,-0.160,1.350
41.7,57.3,-0.930,1.341
41.7,57.8,1.378,1.333
41.7,58.3,0.545,1.324
41.7,58.8,-0.224,1.316
41.7,59.3,-1.058,1.307
41.7,59.8,1.314,1.299
41.7,60.3,0.481,1.290
41.7,60.8,-0.289,1.281
41.7,61.3,-1.122,1.272
41.7,61.8,1.250,1.264
41.7,62.3,0.417,1.255
41.7,62.8,-0.353,1.246
41.7,63.3,-1.186,1.237
41.7,63.8,1.186,1.228
41.7,64.3,0.353,1.219
41.7,64.8,-0.481,1.209
41.7,65.3,-1.250,1.201
41.7,65.8,1.058,1.191
41.7,66.3,0.289,1.182
41.7,66.8,-0.545,1.173
41.7,67.3,-1.314,1.164
41.7,67.8,0.994,1.155
41.7,68.3,0.224,1.145
41.7,68.8,-0.609,1.136
41.7,69.3,-1.443,1.126
41.7,69.8,0.930,1.117
41.7,70.4,0.096,1.107
41.7,70.9,-0.673,1.098
41.7,71.4,-1.507,1.088
41.7,71.9,0.801,1.078
41.7,72.4,0.032,1.069
41.7,72.9,-0.801,1.059
41.7,73.4,1.571,1.049
41.7,73.9,0.737,1.040
41.7,74.4,-0.096,1.030
41.7,74.9,-0.866,1.020
41.7,75.4,1.443,1.010
41.7,75.9,0.673,1.000
41.7,76.4,-0.160,0.990
41.7,76.9,-0.994,0.980
41.7,77.4,1.378,0.970
41.7,77.9,0.545,0.960
41.7,78.4,-0.224,0.950
41.7,78.9,-1.058,0.940
41.7,79.4,1.250,0.930
41.7,79.9,0.481,0.920
41.7,80.4,-0.353,0.910
41.7,80.9,-1.186,0.899
41.7,81.4,1.186,0.889
41.7,81.9,0.353,0.879
41.7,82.4,-0.481,0.868
41.7,82.9,-1.250,0.858
41.7,83.4,1.058,0.848
41.7,83.9,0.224,0.837
41.7,84.4,-0.545,0.827
41.7,84.9,-1.378,0.816
41.7,85.4,0.930,0.806
41.7,85.9,0.160,0.795
41.7,86.4,-0.673,0.785
41.7,86.9,-1.507,0.774
41.7,87.4,0.866,0.764
41.7,87.9,0.032,0.753
41.7,88.4,-0.801,0.742
41.7,88.9,1.571,0.732
41.7,89.4,0.737,0.721
41.7,89.9,-0.096,0.710
41.7,90.5,-0.866,0.699
41.7,91.0,1.443,0.689
41.7,91.5,0.609,0.678
41.7,92.0,-0.160,0.667
41.7,92.5,-0.994,0.656
41.7,93.0,1.314,0.645
41.7,93.5,0.481,0.634
41.7,94.0,-0.289,0.623
41.7,94.5,-1.122,0.612
41.7,95.0,1.186,0.601
41.7,95.5,0.417,0.590
41.7,96.0,-0.417,0.579
41.7,96.5,-1.250,0.568
41.7,97.0,1.058,0.557
41.7,97.5,0.289,0.546
41.7,98.0,-0.545,0.535
41.7,98.5,-1.378,0.524
41.7,99.0,0.930,0.513
41.7,99.5,0.160,0.502
41.7,100.0,-0.673,0.490
42.2,0.0,-0.609,1.968
42.2,0.5,-1.378,1.966
42.2,1.0,0.994,1.963
42.2,1.5,0.160,1.961
42.2,2.0,-0.609,1.959
42.2,2.5,-1.378,1.957
42.2,3.0,0.994,1.954
42.2,3.5,0.160,1.952
42.2,4.0,-0.609,1.950
42.2,4.5,-1.378,1.947
42.2,5.0,0.994,1.945
42.2,5.5,0.224,1.941
42.2,6.0,-0.609,1.939
42.2,6.5,-1.378,1.937
42.2,7.0,0.994,1.934
42.2,7.5,0.224,1.930
42.2,8.0,-0.609,1.927
42.2,8.5,-1.378,1.925
42.2,9.0,0.994,1.922
42.2,9.5,0.224,1.918
42.2,10.1,-0.609,1.915
42.2,10.6,-1.378,1.912
42.2,11.1,0.994,1.909
42.2,11.6,0.224,1.905
42.2,12.1,-0.609,1.902
42.2,12.6,-1.378,1.899
42.2,13.1,0.994,1.895
42.2,13.6,0.160,1.890
42.2,14.1,-0.609,1.888
42.2,14.6,-1.378,1.884
42.2,15.1,0.994,1.880
42.2,15.6,0.160,1.876
42.2,16.1,-0.609,1.872
42.2,16.6,-1.378,1.868
42.2,17.1,0.930,1.863
42.2,17.6,0.160,1.860
42.2,18.1,-0.609,1.856
42.2,18.6,-1.378,1.851
42.2,19.1,0.930,1.847
42.2,19.6,0.160,1.843
42.2,20.1,-0.609,1.838
42.2,20.6,-1.443,1.834
42.2,21.1,0.930,1.830
42.2,21.6,0.160,1.825
42.2,22.1,-0.673,1.820
42.2,22.6,-1.443,1.816
42.2,23.1,0.930,1.811
42.2,23.6,0.096,1.805
42.2,24.1,-0.673,1.801
42.2,24.6,-1.443,1.796
42.2,25.1,0.866,1.791
42.2,25.6,0.096,1.786
42.2,26.1,-0.673,1.781
42.2,26.6,-1.507,1.775
42.2,27.1,0.866,1.771
42.2,27.6,0.096,1.765
42.2,28.1,-0.737,1.760
42.2,28.6,-1.507,1.755
42.2,29.1,0.866,1.749
42.2,29.6,0.032,1.744
42.2,30.2,-0.737,1.738
42.2,30.7,-1.507,1.732
42.2,31.2,0.801,1.727
42.2,31.7,0.032,1.721
42.2,32.2,-0.801,1.715
42.2,32.7,-1.571,1.710
42.2,33.2,0.801,1.703
42.2,33.7,-0.032,1.697
42.2,34.2,-0.801,1.692
42.2,34.7,1.571,1.685
42.2,35.2,0.737,1.679
42.2,35.7,-0.032,1.673
42.2,36.2,-0.866,1.667
42.2,36.7,1.507,1.661
42.2,37.2,0.737,1.654
42.2,37.7,-0.096,1.648
42.2,38.2,-0.866,1.641
42.2,38.7,1.443,1.635
42.2,39.2,0.673,1.629
42.2,39.7,-0.096,1.621
42.2,40.2,-0.930,1.615
42.2,40.7,1.443,1.608
42.2,41.2,0.609,1.602
42.2,41.7,-0.160,1.595
42.2,42.2,-0.994,1.587
42.2,42.7,1.378,1.581
42.2,43.2,0.609,1.574
42.2,43.7,-0.224,1.567
42.2,44.2,-0.994,1.560
42.2,44.7,1.314,1.553
42.2,45.2,0.545,1.546
42.2,45.7,-0.289,1.538
42.2,46.2,-1.058,1.531
42.2,46.7,1.250,1.523
42.2,47.2,0.481,1.517
42.2,47.7,-0.289,1.509
42.2,48.2,-1.122,1.502
42.2,48.7,1.250,1.494
42.2,49.2,0.417,1.486
42.2,49.7,-0.353,1.479
42.2,50.3,-1.186,1.471
42.2,50.8,1.186,1.463
42.2,51.3,0.353,1.455
42.2,51.8,-0.417,1.448
42.2,52.3,-1.250,1.440
42.2,52.8,1.122,1.432
42.2,53.3,0.289,1.424
42.2,53.8,-0.481,1.416
42.2,54.3,-1.314,1.407
42.2,54.8,1.058,1.400
42.2,55.3,0.224,1.391
42.2,55.8,-0.545,1.383
42.2,56.3,-1.378,1.375
42.2,56.8,0.994,1.367
42.2,57.3,0.160,1.358
42.2,57.8,-0.609,1.350
42.2,58.3,-1.443,1.341
42.2,58.8,0.930,1.333
42.2,59.3,0.096,1.324
42.2,59.8,-0.673,1.316
42.2,60.3,-1.507,1.307
42.2,60.8,0.866,1.299
42.2,61.3,0.032,1.290
42.2,61.8,-0.737,1.281
42.2,62.3,-1.571,1.273
42.2,62.8,0.801,1.264
42.2,63.3,-0.032,1.255
42.2,63.8,-0.801,1.246
42.2,64.3,1.507,1.237
42.2,64.8,0.673,1.228
42.2,65.3,-0.096,1.219
42.2,65.8,-0.930,1.210
42.2,66.3,1.443,1.201
42.2,66.8,0.609,1.192
42.2,67.3,-0.160,1.182
42.2,67.8,-0.994,1.173
42.2,68.3,1.378,1.163
42.2,68.8,0.545,1.155
42.2,69.3,-0.289,1.145
42.2,69.8,-1.058,1.136
42.2,70.4,1.250,1.126
42.2,70.9,0.481,1.117
42.2,71.4,-0.353,1.107
42.2,71.9,-1.122,1.097
42.2,72.4,1.186,1.088
42.2,72.9,0.353,1.078
42.2,73.4,-0.417,1.069
42.2,73.9,-1.250,1.059
42.2,74.4,1.122,1.049
42.2,74.9,0.289,1.040
42.2,75.4,-0.545,1.030
42.2,75.9,-1.314,1.020
42.2,76.4,0.994,1.010
42.2,76.9,0.160,1.000
42.2,77.4,-0.609,0.990
42.2,77.9,-1.443,0.980
42.2,78.4,0.930,0.970
42.2,78.9,0.096,0.960
42.2,79.4,-0.737,0.950
42.2,79.9,-1.507,0.940
42.2,80.4,0.801,0.930
42.2,80.9,-0.032,0.919
42.2,81.4,-0.801,0.910
42.2,81.9,1.507,0.899
42.2,82.4,0.737,0.889
42.2,82.9,-0.096,0.879
42.2,83.4,-0.930,0.868
42.2,83.9,1.443,0.858
42.2,84.4,0.609,0.848
42.2,84.9,-0.224,0.837
42.2,85.4,-0.994,0.827
42.2,85.9,1.314,0.816
42.2,86.4,0.481,0.806
42.2,86.9,-0.289,0.795
42.2,87.4,-1.122,0.785
42.2,87.9,1.186,0.774
42.2,88.4,0.417,0.763
42.2,88.9,-0.417,0.753
42.2,89.4,-1.250,0.742
42.2,89.9,1.122,0.731
42.2,90.5,0.289,0.721
42.2,91.0,-0.545,0.710
42.2,91.5,-1.378,0.699
42.2,92.0,0.994,0.689
42.2,92.5,0.160,0.678
42.2,93.0,-0.673,0.667
42.2,93.5,-1.443,0.656
42.2,94.0,0.866,0.645
42.2,94.5,0.032,0.634
42.2,95.0,-0.737,0.623
42.2,95.5,1.571,0.612
42.2,96.0,0.737,0.601
42.2,96.5,-0.096,0.590
42.2,97.0,-0.866,0.579
42.2,97.5,1.443,0.568
42.2,98.0,0.609,0.557
42.2,98.5,-0.160,0.546
42.2,99.0,-0.994,0.535
42.2,99.5,1.314,0.524
42.2,100.0,0.481,0.513
42.7,0.0,0.481,1.972
42.7,0.5,-0.289,1.970
42.7,1.0,-1.058,1.968
42.7,1.5,1.314,1.965
42.7,2.0,0.481,1.963
42.7,2.5,-0.289,1.962
42.7,3.0,-1.058,1.959
42.7,3.5,1.314,1.957
42.7,4.0,0.545,1.954
42.7,4.5,-0.289,1.952
42.7,5.0,-1.058,1.950
42.7,5.5,1.314,1.947
42.7,6.0,0.545,1.944
42.7,6.5,-0.289,1.942
42.7,7.0,-1.058,1.939
42.7,7.5,1.314,1.937
42.7,8.0,0.545,1.934
42.7,8.5,-0.289,1.930
42.7,9.0,-1.058,1.928
42.7,9.5,1.314,1.925
42.7,10.1,0.545,1.922
42.7,10.6,-0.289,1.918
42.7,11.1,-1.058,1.915
42.7,11.6,1.314,1.912
42.7,12.1,0.545,1.909
42.7,12.6,-0.289,1.905
42.7,13.1,-1.058,1.902
42.7,13.6,1.314,1.899
42.7,14.1,0.545,1.895
42.7,14.6,-0.289,1.891
42.7,15.1,-1.058,1.888
42.7,15.6,1.314,1.884
42.7,16.1,0.545,1.879
42.7,16.6,-0.289,1.876
42.7,17.1,-1.058,1.872
42.7,17.6,1.314,1.868
42.7,18.1,0.481,1.864
42.7,18.6,-0.289,1.860
42.7,19.1,-1.058,1.856
42.7,19.6,1.250,1.851
42.7,20.1,0.481,1.847
42.7,20.6,-0.289,1.843
42.7,21.1,-1.058,1.838
42.7,21.6,1.250,1.834
42.7,22.1,0.481,1.830
42.7,22.6,-0.289,1.825
42.7,23.1,-1.122,1.820
42.7,23.6,1.250,1.816
42.7,24.1,0.481,1.811
42.7,24.6,-0.353,1.806
42.7,25.1,-1.122,1.801
42.7,25.6,1.250,1.796
42.7,26.1,0.417,1.791
42.7,26.6,-0.353,1.786
42.7,27.1,-1.122,1.781
42.7,27.6,1.186,1.776
42.7,28.1,0.417,1.771
42.7,28.6,-0.353,1.765
42.7,29.1,-1.186,1.760
42.7,29.6,1.186,1.755
42.7,30.2,0.417,1.749
42.7,30.7,-0.417,1.744
42.7,31.2,-1.186,1.738
42.7,31.7,1.122,1.732
42.7,32.2,0.353,1.727
42.7,32.7,-0.417,1.721
42.7,33.2,-1.250,1.715
42.7,33.7,1.122,1.710
42.7,34.2,0.353,1.703
42.7,34.7,-0.481,1.698
42.7,35.2,-1.250,1.692
42.7,35.7,1.058,1.685
42.7,36.2,0.289,1.680
42.7,36.7,-0.481,1.673
42.7,37.2,-1.314,1.667
42.7,37.7,1.058,1.661
42.7,38.2,0.224,1.654
42.7,38.7,-0.545,1.648
42.7,39.2,-1.314,1.641
42.7,39.7,0.994,1.635
42.7,40.2,0.224,1.629
42.7,40.7,-0.609,1.622
42.7,41.2,-1.378,1.615
42.7,41.7,0.994,1.608
42.7,42.2,0.160,1.602
42.7,42.7,-0.609,1.595
42.7,43.2,-1.443,1.588
42.7,43.7,0.930,1.581
42.7,44.2,0.096,1.574
42.7,44.7,-0.673,1.567
42.7,45.2,-1.443,1.560
42.7,45.7,0.866,1.553
42.7,46.2,0.096,1.546
42.7,46.7,-0.737,1.538
42.7,47.2,-1.507,1.531
42.7,47.7,0.801,1.524
42.7,48.2,0.032,1.517
42.7,48.7,-0.801,1.509
42.7,49.2,1.571,1.502
42.7,49.7,0.801,1.493
42.7,50.3,-0.032,1.487
42.7,50.8,-0.801,1.478
42.7,51.3,1.507,1.471
42.7,51.8,0.737,1.463
42.7,52.3,-0.096,1.456
42.7,52.8,-0.866,1.448
42.7,53.3,1.443,1.440
42.7,53.8,0.673,1.432
42.7,54.3,-0.160,1.424
42.7,54.8,-0.930,1.416
42.7,55.3,1.378,1.408
42.7,55.8,0.609,1.400
42.7,56.3,-0.224,1.392
42.7,56.8,-0.994,1.383
42.7,57.3,1.314,1.375
42.7,57.8,0.545,1.367
42.7,58.3,-0.289,1.358
42.7,58.8,-1.058,1.350
42.7,59.3,1.250,1.342
42.7,59.8,0.481,1.333
42.7,60.3,-0.353,1.325
42.7,60.8,-1.122,1.316
42.7,61.3,1.186,1.308
42.7,61.8,0.417,1.299
42.7,62.3,-0.417,1.290
42.7,62.8,-1.186,1.281
42.7,63.3,1.122,1.273
42.7,63.8,0.289,1.263
42.7,64.3,-0.481,1.255
42.7,64.8,-1.314,1.246
42.7,65.3,1.058,1.237
42.7,65.8,0.224,1.228
42.7,66.3,-0.545,1.219
42.7,66.8,-1.378,1.210
42.7,67.3,0.994,1.201
42.7,67.8,0.160,1.192
42.7,68.3,-0.609,1.182
42.7,68.8,-1.443,1.173
42.7,69.3,0.866,1.164
42.7,69.8,0.096,1.155
42.7,70.4,-0.737,1.145
42.7,70.9,-1.507,1.136
42.7,71.4,0.801,1.126
42.7,71.9,0.032,1.117
42.7,72.4,-0.801,1.108
42.7,72.9,1.507,1.098
42.7,73.4,0.737,1.088
42.7,73.9,-0.096,1.079
42.7,74.4,-0.866,1.069
42.7,74.9,1.443,1.059
42.7,75.4,0.609,1.049
42.7,75.9,-0.160,1.040
42.7,76.4,-0.994,1.030
42.7,76.9,1.378,1.020
42.7,77.4,0.545,1.010
42.7,77.9,-0.289,1.000
42.7,78.4,-1.058,0.990
42.7,78.9,1.250,0.980
42.7,79.4,0.417,0.970
42.7,79.9,-0.353,0.960
42.7,80.4,-1.186,0.950
42.7,80.9,1.186,0.940
42.7,81.4,0.353,0.930
42.7,81.9,-0.481,0.920
42.7,82.4,-1.250,0.910
42.7,82.9,1.058,0.899
42.7,83.4,0.224,0.889
42.7,83.9,-0.545,0.879
42.7,84.4,-1.378,0.869
42.7,84.9,0.930,0.858
42.7,85.4,0.160,0.848
42.7,85.9,-0.673,0.837
42.7,86.4,-1.507,0.827
42.7,86.9,0.866,0.816
42.7,87.4,0.032,0.806
42.7,87.9,-0.801,0.795
42.7,88.4,1.571,0.785
42.7,88.9,0.737,0.774
42.7,89.4,-0.096,0.763
42.7,89.9,-0.866,0.753
42.7,90.5,1.443,0.742
42.7,91.0,0.609,0.731
42.7,91.5,-0.160,0.721
42.7,92.0,-0.994,0.710
42.7,92.5,1.314,0.699
42.7,93.0,0.545,0.688
42.7,93.5,-0.289,0.678
42.7,94.0,-1.122,0.667
42.7,94.5,1.250,0.656
42.7,95.0,0.417,0.645
42.7,95.5,-0.417,0.634
42.7,96.0,-1.250,0.623
42.7,96.5,1.122,0.612
42.7,97.0,0.289,0.601
42.7,97.5,-0.545,0.590
42.7,98.0,-1.314,0.579
42.7,98.5,0.994,0.568
42.7,99.0,0.160,0.557
42.7,99.5,-0.673,0.546
42.7,100.0,-1.443,0.535
43.2,0.0,-1.571,1.975
43.2,0.5,0.801,1.973
43.2,1.0,0.032,1.972
43.2,1.5,-0.737,1.970
43.2,2.0,-1.507,1.968
43.2,2.5,0.801,1.965
43.2,3.0,0.032,1.964
43.2,3.5,-0.737,1.962
43.2,4.0,-1.507,1.959
43.2,4.5,0.866,1.957
43.2,5.0,0.032,1.954
43.2,5.5,-0.737,1.952
43.2,6.0,-1.507,1.950
43.2,6.5,0.866,1.947
43.2,7.0,0.032,1.944
43.2,7.5,-0.737,1.942
43.2,8.0,-1.507,1.940
43.2,8.5,0.866,1.937
43.2,9.0,0.096,1.933
43.2,9.5,-0.737,1.931
43.2,10.1,-1.507,1.928
43.2,10.6,0.866,1.925
43.2,11.1,0.096,1.921
43.2,11.6,-0.737,1.919
43.2,12.1,-1.507,1.916
43.2,12.6,0.866,1.912
43.2,13.1,0.096,1.908
43.2,13.6,-0.737,1.905
43.2,14.1,-1.507,1.902
43.2,14.6,0.866,1.899
43.2,15.1,0.032,1.894
43.2,15.6,-0.737,1.891
43.2,16.1,-1.507,1.888
43.2,16.6,0.866,1.884
43.2,17.1,0.032,1.880
43.2,17.6,-0.737,1.876
43.2,18.1,-1.507,1.872
43.2,18.6,0.801,1.868
43.2,19.1,0.032,1.864
43.2,19.6,-0.737,1.860
43.2,20.1,-1.507,1.856
43.2,20.6,0.801,1.852
43.2,21.1,0.032,1.848
43.2,21.6,-0.737,1.843
43.2,22.1,-1.571,1.838
43.2,22.6,0.801,1.834
43.2,23.1,0.032,1.830
43.2,23.6,-0.801,1.825
43.2,24.1,-1.571,1.821
43.2,24.6,0.801,1.816
43.2,25.1,-0.032,1.810
43.2,25.6,-0.801,1.806
43.2,26.1,1.571,1.801
43.2,26.6,0.737,1.796
43.2,27.1,-0.032,1.792
43.2,27.6,-0.801,1.786
43.2,28.1,1.507,1.781
43.2,28.6,0.737,1.776
43.2,29.1,-0.032,1.771
43.2,29.6,-0.866,1.765
43.2,30.2,1.507,1.760
43.2,30.7,0.737,1.755
43.2,31.2,-0.096,1.749
43.2,31.7,-0.866,1.744
43.2,32.2,1.507,1.738
43.2,32.7,0.673,1.733
43.2,33.2,-0.096,1.727
43.2,33.7,-0.866,1.721
43.2,34.2,1.443,1.716
43.2,34.7,0.673,1.710
43.2,35.2,-0.160,1.703
43.2,35.7,-0.930,1.698
43.2,36.2,1.443,1.692
43.2,36.7,0.609,1.686
43.2,37.2,-0.160,1.680
43.2,37.7,-0.994,1.673
43.2,38.2,1.378,1.667
43.2,38.7,0.609,1.661
43.2,39.2,-0.224,1.654
43.2,39.7,-0.994,1.648
43.2,40.2,1.378,1.641
43.2,40.7,0.545,1.635
43.2,41.2,-0.224,1.628
43.2,41.7,-1.058,1.622
43.2,42.2,1.314,1.615
43.2,42.7,0.481,1.608
43.2,43.2,-0.289,1.602
43.2,43.7,-1.058,1.595
43.2,44.2,1.250,1.588
43.2,44.7,0.481,1.581
43.2,45.2,-0.353,1.574
43.2,45.7,-1.122,1.567
43.2,46.2,1.186,1.560
43.2,46.7,0.417,1.553
43.2,47.2,-0.353,1.545
43.2,47.7,-1.186,1.539
43.2,48.2,1.186,1.531
43.2,48.7,0.353,1.524
43.2,49.2,-0.417,1.517
43.2,49.7,-1.250,1.509
43.2,50.3,1.122,1.502
43.2,50.8,0.289,1.494
43.2,51.3,-0.481,1.487
43.2,51.8,-1.314,1.478
43.2,52.3,1.058,1.471
43.2,52.8,0.289,1.463
43.2,53.3,-0.545,1.456
43.2,53.8,-1.314,1.447
43.2,54.3,0.994,1.440
43.2,54.8,0.224,1.432
43.2,55.3,-0.609,1.424
43.2,55.8,-1.378,1.416
43.2,56.3,0.930,1.408
43.2,56.8,0.160,1.400
43.2,57.3,-0.673,1.392
43.2,57.8,-1.443,1.383
43.2,58.3,0.866,1.375
43.2,58.8,0.096,1.367
43.2,59.3,-0.737,1.359
43.2,59.8,-1.507,1.350
43.2,60.3,0.801,1.342
43.2,60.8,0.032,1.333
43.2,61.3,-0.801,1.325
43.2,61.8,1.571,1.316
43.2,62.3,0.737,1.308
43.2,62.8,-0.096,1.298
43.2,63.3,-0.866,1.290
43.2,63.8,1.443,1.281
43.2,64.3,0.673,1.273
43.2,64.8,-0.160,1.264
43.2,65.3,-0.930,1.255
43.2,65.8,1.378,1.246
43.2,66.3,0.609,1.237
43.2,66.8,-0.224,1.228
43.2,67.3,-0.994,1.219
43.2,67.8,1.314,1.210
43.2,68.3,0.545,1.200
43.2,68.8,-0.289,1.192
43.2,69.3,-1.122,1.182
43.2,69.8,1.250,1.173
43.2,70.4,0.417,1.164
43.2,70.9,-0.353,1.155
43.2,71.4,-1.186,1.145
43.2,71.9,1.186,1.136
43.2,72.4,0.353,1.127
43.2,72.9,-0.481,1.117
43.2,73.4,-1.250,1.107
43.2,73.9,1.058,1.098
43.2,74.4,0.289,1.088
43.2,74.9,-0.545,1.079
43.2,75.4,-1.378,1.069
43.2,75.9,0.994,1.059
43.2,76.4,0.160,1.050
43.2,76.9,-0.609,1.040
43.2,77.4,-1.443,1.030
43.2,77.9,0.866,1.020
43.2,78.4,0.096,1.010
43.2,78.9,-0.737,1.000
43.2,79.4,-1.507,0.990
43.2,79.9,0.801,0.981
43.2,80.4,-0.032,0.970
43.2,80.9,-0.801,0.960
43.2,81.4,1.507,0.950
43.2,81.9,0.673,0.940
43.2,82.4,-0.096,0.930
43.2,82.9,-0.930,0.920
43.2,83.4,1.443,0.909
43.2,83.9,0.609,0.899
43.2,84.4,-0.224,0.889
43.2,84.9,-0.994,0.879
43.2,85.4,1.314,0.869
43.2,85.9,0.481,0.858
43.2,86.4,-0.289,0.848
43.2,86.9,-1.122,0.837
43.2,87.4,1.186,0.827
43.2,87.9,0.417,0.816
43.2,88.4,-0.417,0.806
43.2,88.9,-1.250,0.795
43.2,89.4,1.122,0.785
43.2,89.9,0.289,0.774
43.2,90.5,-0.545,0.763
43.2,91.0,-1.314,0.753
43.2,91.5,0.994,0.742
43.2,92.0,0.160,0.731
43.2,92.5,-0.609,0.721
43.2,93.0,-1.443,0.710
43.2,93.5,0.866,0.699
43.2,94.0,0.096,0.688
43.2,94.5,-0.737,0.678
43.2,95.0,-1.571,0.667
43.2,95.5,0.737,0.656
43.2,96.0,-0.032,0.645
43.2,96.5,-0.866,0.634
43.2,97.0,1.443,0.623
43.2,97.5,0.673,0.612
43.2,98.0,-0.160,0.601
43.2,98.5,-0.994,0.590
43.2,99.0,1.314,0.579
43.2,99.5,0.545,0.568
43.2,100.0,-0.289,0.557
43.7,0.0,-0.417,1.979
43.7,0.5,-1.250,1.976
43.7,1.0,1.122,1.975
43.7,1.5,0.353,1.974
43.7,2.0,-0.417,1.972
43.7,2.5,-1.186,1.970
43.7,3.0,1.186,1.967
43.7,3.5,0.353,1.966
43.7,4.0,-0.417,1.964
43.7,4.5,-1.186,1.962
43.7,5.0,1.186,1.959
43.7,5.5,0.353,1.957
43.7,6.0,-0.417,1.955
43.7,6.5,-1.186,1.953
43.7,7.0,1.186,1.950
43.7,7.5,0.417,1.947
43.7,8.0,-0.417,1.945
43.7,8.5,-1.186,1.942
43.7,9.0,1.186,1.940
43.7,9.5,0.417,1.936
43.7,10.1,-0.417,1.933
43.7,10.6,-1.186,1.931
43.7,11.1,1.186,1.928
43.7,11.6,0.417,1.925
43.7,12.1,-0.417,1.921
43.7,12.6,-1.186,1.919
43.7,13.1,1.186,1.916
43.7,13.6,0.417,1.912
43.7,14.1,-0.417,1.909
43.7,14.6,-1.186,1.906
43.7,15.1,1.186,1.902
43.7,15.6,0.417,1.898
43.7,16.1,-0.417,1.895
43.7,16.6,-1.186,1.892
43.7,17.1,1.186,1.888
43.7,17.6,0.353,1.883
43.7,18.1,-0.417,1.880
43.7,18.6,-1.186,1.877
43.7,19.1,1.186,1.872
43.7,19.6,0.353,1.868
43.7,20.1,-0.417,1.865
43.7,20.6,-1.186,1.860
43.7,21.1,1.122,1.856
43.7,21.6,0.353,1.852
43.7,22.1,-0.417,1.848
43.7,22.6,-1.186,1.843
43.7,23.1,1.122,1.839
43.7,23.6,0.353,1.835
43.7,24.1,-0.417,1.830
43.7,24.6,-1.250,1.825
43.7,25.1,1.122,1.821
43.7,25.6,0.353,1.816
43.7,26.1,-0.481,1.811
43.7,26.6,-1.250,1.807
43.7,27.1,1.122,1.801
43.7,27.6,0.289,1.796
43.7,28.1,-0.481,1.792
43.7,28.6,-1.250,1.786
43.7,29.1,1.058,1.781
43.7,29.6,0.289,1.776
43.7,30.2,-0.481,1.771
43.7,30.7,-1.314,1.766
43.7,31.2,1.058,1.761
43.7,31.7,0.289,1.755
43.7,32.2,-0.545,1.750
43.7,32.7,-1.314,1.744
43.7,33.2,1.058,1.738
43.7,33.7,0.224,1.733
43.7,34.2,-0.545,1.727
43.7,34.7,-1.378,1.721
43.7,35.2,0.994,1.716
43.7,35.7,0.224,1.710
43.7,36.2,-0.609,1.704
43.7,36.7,-1.378,1.698
43.7,37.2,0.994,1.691
43.7,37.7,0.160,1.686
43.7,38.2,-0.609,1.680
43.7,38.7,-1.443,1.673
43.7,39.2,0.930,1.667
43.7,39.7,0.160,1.661
43.7,40.2,-0.673,1.655
43.7,40.7,-1.443,1.648
43.7,41.2,0.866,1.642
43.7,41.7,0.096,1.635
43.7,42.2,-0.673,1.628
43.7,42.7,-1.507,1.622
43.7,43.2,0.866,1.615
43.7,43.7,0.032,1.609
43.7,44.2,-0.737,1.602
43.7,44.7,-1.571,1.595
43.7,45.2,0.801,1.588
43.7,45.7,0.032,1.581
43.7,46.2,-0.801,1.574
43.7,46.7,1.571,1.567
43.7,47.2,0.737,1.560
43.7,47.7,-0.032,1.553
43.7,48.2,-0.866,1.546
43.7,48.7,1.507,1.539
43.7,49.2,0.737,1.531
43.7,49.7,-0.096,1.524
43.7,50.3,-0.866,1.516
43.7,50.8,1.443,1.509
43.7,51.3,0.673,1.502
43.7,51.8,-0.160,1.494
43.7,52.3,-0.930,1.487
43.7,52.8,1.378,1.479
43.7,53.3,0.609,1.471
43.7,53.8,-0.224,1.463
43.7,54.3,-0.994,1.456
43.7,54.8,1.314,1.448
43.7,55.3,0.545,1.440
43.7,55.8,-0.289,1.432
43.7,56.3,-1.058,1.424
43.7,56.8,1.250,1.416
43.7,57.3,0.481,1.408
43.7,57.8,-0.353,1.399
43.7,58.3,-1.122,1.392
43.7,58.8,1.186,1.383
43.7,59.3,0.417,1.376
43.7,59.8,-0.417,1.367
43.7,60.3,-1.186,1.359
43.7,60.8,1.122,1.350
43.7,61.3,0.353,1.342
43.7,61.8,-0.481,1.333
43.7,62.3,-1.250,1.325
43.7,62.8,1.058,1.316
43.7,63.3,0.289,1.308
43.7,63.8,-0.545,1.299
43.7,64.3,-1.314,1.290
43.7,64.8,0.994,1.281
43.7,65.3,0.224,1.273
43.7,65.8,-0.609,1.264
43.7,66.3,-1.378,1.255
43.7,66.8,0.930,1.246
43.7,67.3,0.160,1.237
43.7,67.8,-0.673,1.228
43.7,68.3,-1.507,1.219
43.7,68.8,0.866,1.210
43.7,69.3,0.032,1.201
43.7,69.8,-0.737,1.192
43.7,70.4,-1.571,1.183
43.7,70.9,0.801,1.173
43.7,71.4,-0.032,1.164
43.7,71.9,-0.801,1.154
43.7,72.4,1.507,1.145
43.7,72.9,0.673,1.136
43.7,73.4,-0.096,1.127
43.7,73.9,-0.930,1.117
43.7,74.4,1.443,1.107
43.7,74.9,0.609,1.098
43.7,75.4,-0.224,1.088
43.7,75.9,-0.994,1.079
43.7,76.4,1.314,1.069
43.7,76.9,0.545,1.059
43.7,77.4,-0.289,1.050
43.7,77.9,-1.058,1.039
43.7,78.4,1.250,1.030
43.7,78.9,0.417,1.020
43.7,79.4,-0.353,1.010
43.7,79.9,-1.186,1.000
43.7,80.4,1.122,0.990
43.7,80.9,0.353,0.981
43.7,81.4,-0.481,0.970
43.7,81.9,-1.250,0.960
43.7,82.4,1.058,0.950
43.7,82.9,0.224,0.940
43.7,83.4,-0.545,0.930
43.7,83.9,-1.378,0.920
43.7,84.4,0.930,0.909
43.7,84.9,0.160,0.899
43.7,85.4,-0.673,0.889
43.7,85.9,-1.507,0.878
43.7,86.4,0.866,0.869
43.7,86.9,0.032,0.858
43.7,87.4,-0.737,0.847
43.7,87.9,1.571,0.837
43.7,88.4,0.737,0.827
43.7,88.9,-0.032,0.816
43.7,89.4,-0.866,0.806
43.7,89.9,1.443,0.795
43.7,90.5,0.673,0.784
43.7,91.0,-0.160,0.774
43.7,91.5,-0.994,0.764
43.7,92.0,1.378,0.753
43.7,92.5,0.545,0.742
43.7,93.0,-0.289,0.732
43.7,93.5,-1.122,0.721
43.7,94.0,1.250,0.710
43.7,94.5,0.417,0.699
43.7,95.0,-0.417,0.688
43.7,95.5,-1.186,0.678
43.7,96.0,1.122,0.667
43.7,96.5,0.289,0.656
43.7,97.0,-0.481,0.645
43.7,97.5,-1.314,0.634
43.7,98.0,0.994,0.623
43.7,98.5,0.160,0.612
43.7,99.0,-0.609,0.601
43.7,99.5,-1.443,0.590
43.7,100.0,0.866,0.579
44.2,0.0,0.673,1.982
44.2,0.5,-0.096,1.980
44.2,1.0,-0.866,1.978
44.2,1.5,1.443,1.977
44.2,2.0,0.673,1.976
44.2,2.5,-0.096,1.974
44.2,3.0,-0.866,1.972
44.2,3.5,1.507,1.969
44.2,4.0,0.673,1.968
44.2,4.5,-0.096,1.966
44.2,5.0,-0.866,1.964
44.2,5.5,1.507,1.962
44.2,6.0,0.737,1.959
44.2,6.5,-0.096,1.957
44.2,7.0,-0.866,1.955
44.2,7.5,1.507,1.953
44.2,8.0,0.737,1.950
44.2,8.5,-0.096,1.947
44.2,9.0,-0.866,1.945
44.2,9.5,1.507,1.942
44.2,10.1,0.737,1.939
44.2,10.6,-0.096,1.936
44.2,11.1,-0.866,1.934
44.2,11.6,1.507,1.931
44.2,12.1,0.737,1.928
44.2,12.6,-0.032,1.924
44.2,13.1,-0.866,1.922
44.2,13.6,1.507,1.919
44.2,14.1,0.737,1.916
44.2,14.6,-0.032,1.912
44.2,15.1,-0.866,1.909
44.2,15.6,1.507,1.906
44.2,16.1,0.737,1.902
44.2,16.6,-0.096,1.898
44.2,17.1,-0.866,1.895
44.2,17.6,1.507,1.892
44.2,18.1,0.737,1.888
44.2,18.6,-0.096,1.884
44.2,19.1,-0.866,1.881
44.2,19.6,1.507,1.876
44.2,20.1,0.673,1.872
44.2,20.6,-0.096,1.869
44.2,21.1,-0.866,1.865
44.2,21.6,1.507,1.860
44.2,22.1,0.673,1.856
44.2,22.6,-0.096,1.852
44.2,23.1,-0.866,1.848
44.2,23.6,1.443,1.843
44.2,24.1,0.673,1.839
44.2,24.6,-0.096,1.835
44.2,25.1,-0.930,1.829
44.2,25.6,1.443,1.826
44.2,26.1,0.673,1.821
44.2,26.6,-0.096,1.815
44.2,27.1,-0.930,1.811
44.2,27.6,1.443,1.807
44.2,28.1,0.673,1.801
44.2,28.6,-0.160,1.797
44.2,29.1,-0.930,1.792
44.2,29.6,1.443,1.786
44.2,30.2,0.609,1.782
44.2,30.7,-0.160,1.776
44.2,31.2,-0.994,1.770
44.2,31.7,1.378,1.766
44.2,32.2,0.609,1.761
44.2,32.7,-0.224,1.755
44.2,33.2,-0.994,1.750
44.2,33.7,1.378,1.744
44.2,34.2,0.545,1.738
44.2,34.7,-0.224,1.733
44.2,35.2,-0.994,1.727
44.2,35.7,1.314,1.721
44.2,36.2,0.545,1.716
44.2,36.7,-0.224,1.709
44.2,37.2,-1.058,1.704
44.2,37.7,1.314,1.698
44.2,38.2,0.481,1.692
44.2,38.7,-0.289,1.686
44.2,39.2,-1.058,1.679
44.2,39.7,1.250,1.674
44.2,40.2,0.481,1.667
44.2,40.7,-0.353,1.661
44.2,41.2,-1.122,1.655
44.2,41.7,1.250,1.648
44.2,42.2,0.417,1.642
44.2,42.7,-0.353,1.635
44.2,43.2,-1.186,1.629
44.2,43.7,1.186,1.622
44.2,44.2,0.417,1.615
44.2,44.7,-0.417,1.609
44.2,45.2,-1.186,1.602
44.2,45.7,1.122,1.595
44.2,46.2,0.353,1.589
44.2,46.7,-0.481,1.581
44.2,47.2,-1.250,1.575
44.2,47.7,1.122,1.567
44.2,48.2,0.289,1.560
44.2,48.7,-0.481,1.553
44.2,49.2,-1.314,1.546
44.2,49.7,1.058,1.539
44.2,50.3,0.224,1.531
44.2,50.8,-0.545,1.524
44.2,51.3,-1.378,1.516
44.2,51.8,0.994,1.510
44.2,52.3,0.224,1.501
44.2,52.8,-0.609,1.494
44.2,53.3,-1.378,1.486
44.2,53.8,0.930,1.479
44.2,54.3,0.160,1.471
44.2,54.8,-0.673,1.464
44.2,55.3,-1.443,1.456
44.2,55.8,0.866,1.448
44.2,56.3,0.096,1.440
44.2,56.8,-0.737,1.432
44.2,57.3,-1.507,1.424
44.2,57.8,0.801,1.416
44.2,58.3,0.032,1.408
44.2,58.8,-0.801,1.400
44.2,59.3,1.571,1.392
44.2,59.8,0.737,1.384
44.2,60.3,-0.032,1.376
44.2,60.8,-0.866,1.367
44.2,61.3,1.507,1.359
44.2,61.8,0.673,1.350
44.2,62.3,-0.096,1.342
44.2,62.8,-0.930,1.333
44.2,63.3,1.443,1.325
44.2,63.8,0.609,1.316
44.2,64.3,-0.160,1.308
44.2,64.8,-0.994,1.299
44.2,65.3,1.378,1.290
44.2,65.8,0.545,1.282
44.2,66.3,-0.224,1.273
44.2,66.8,-1.058,1.264
44.2,67.3,1.314,1.255
44.2,67.8,0.481,1.246
44.2,68.3,-0.353,1.237
44.2,68.8,-1.122,1.228
44.2,69.3,1.186,1.219
44.2,69.8,0.417,1.210
44.2,70.4,-0.417,1.201
44.2,70.9,-1.186,1.192
44.2,71.4,1.122,1.183
44.2,71.9,0.353,1.173
44.2,72.4,-0.481,1.164
44.2,72.9,-1.314,1.154
44.2,73.4,1.058,1.145
44.2,73.9,0.224,1.136
44.2,74.4,-0.545,1.126
44.2,74.9,-1.378,1.117
44.2,75.4,0.994,1.107
44.2,75.9,0.160,1.098
44.2,76.4,-0.673,1.088
44.2,76.9,-1.443,1.079
44.2,77.4,0.866,1.069
44.2,77.9,0.096,1.059
44.2,78.4,-0.737,1.050
44.2,78.9,-1.571,1.040
44.2,79.4,0.801,1.030
44.2,79.9,-0.032,1.020
44.2,80.4,-0.801,1.010
44.2,80.9,1.507,1.001
44.2,81.4,0.673,0.990
44.2,81.9,-0.096,0.980
44.2,82.4,-0.930,0.971
44.2,82.9,1.378,0.960
44.2,83.4,0.609,0.950
44.2,83.9,-0.224,0.940
44.2,84.4,-0.994,0.930
44.2,84.9,1.314,0.920
44.2,85.4,0.481,0.910
44.2,85.9,-0.289,0.899
44.2,86.4,-1.122,0.889
44.2,86.9,1.186,0.879
44.2,87.4,0.417,0.868
44.2,87.9,-0.417,0.858
44.2,88.4,-1.250,0.848
44.2,88.9,1.122,0.837
44.2,89.4,0.289,0.827
44.2,89.9,-0.545,0.816
44.2,90.5,-1.314,0.806
44.2,91.0,0.994,0.795
44.2,91.5,0.160,0.785
44.2,92.0,-0.609,0.774
44.2,92.5,-1.443,0.764
44.2,93.0,0.866,0.753
44.2,93.5,0.096,0.742
44.2,94.0,-0.737,0.732
44.2,94.5,-1.571,0.721
44.2,95.0,0.801,0.710
44.2,95.5,-0.032,0.699
44.2,96.0,-0.866,0.688
44.2,96.5,1.507,0.677
44.2,97.0,0.673,0.667
44.2,97.5,-0.160,0.656
44.2,98.0,-0.994,0.645
44.2,98.5,1.378,0.634
44.2,99.0,0.545,0.623
44.2,99.5,-0.289,0.612
44.2,100.0,-1.058,0.601
44.7,0.0,-1.378,1.985
44.7,0.5,0.994,1.984
44.7,1.0,0.224,1.982
44.7,1.5,-0.545,1.980
44.7,2.0,-1.378,1.978
44.7,2.5,0.994,1.977
44.7,3.0,0.224,1.976
44.7,3.5,-0.545,1.974
44.7,4.0,-1.314,1.972
44.7,4.5,0.994,1.970
44.7,5.0,0.224,1.968
44.7,5.5,-0.545,1.966
44.7,6.0,-1.314,1.964
44.7,6.5,1.058,1.961
44.7,7.0,0.224,1.959
44.7,7.5,-0.545,1.957
44.7,8.0,-1.314,1.955
44.7,8.5,1.058,1.952
44.7,9.0,0.289,1.949
44.7,9.5,-0.545,1.947
44.7,10.1,-1.314,1.945
44.7,10.6,1.058,1.942
44.7,11.1,0.289,1.939
44.7,11.6,-0.545,1.937
44.7,12.1,-1.314,1.934
44.7,12.6,1.058,1.931
44.7,13.1,0.289,1.928
44.7,13.6,-0.545,1.925
44.7,14.1,-1.314,1.922
44.7,14.6,1.058,1.919
44.7,15.1,0.289,1.915
44.7,15.6,-0.545,1.912
44.7,16.1,-1.314,1.909
44.7,16.6,1.058,1.906
44.7,17.1,0.289,1.902
44.7,17.6,-0.545,1.899
44.7,18.1,-1.314,1.896
44.7,18.6,1.058,1.892
44.7,19.1,0.224,1.887
44.7,19.6,-0.545,1.884
44.7,20.1,-1.314,1.881
44.7,20.6,1.058,1.876
44.7,21.1,0.224,1.872
44.7,21.6,-0.545,1.869
44.7,22.1,-1.314,1.865
44.7,22.6,0.994,1.860
44.7,23.1,0.224,1.856
44.7,23.6,-0.545,1.852
44.7,24.1,-1.314,1.847
44.7,24.6,0.994,1.843
44.7,25.1,0.224,1.839
44.7,25.6,-0.545,1.834
44.7,26.1,-1.378,1.830
44.7,26.6,0.994,1.826
44.7,27.1,0.224,1.821
44.7,27.6,-0.609,1.816
44.7,28.1,-1.378,1.812
44.7,28.6,0.994,1.807
44.7,29.1,0.160,1.801
44.7,29.6,-0.609,1.797
44.7,30.2,-1.378,1.792
44.7,30.7,0.930,1.786
44.7,31.2,0.160,1.782
44.7,31.7,-0.609,1.776
44.7,32.2,-1.443,1.771
44.7,32.7,0.930,1.766
44.7,33.2,0.160,1.760
44.7,33.7,-0.673,1.755
44.7,34.2,-1.443,1.750
44.7,34.7,0.930,1.744
44.7,35.2,0.096,1.739
44.7,35.7,-0.673,1.733
44.7,36.2,-1.507,1.727
44.7,36.7,0.866,1.722
44.7,37.2,0.096,1.716
44.7,37.7,-0.737,1.710
44.7,38.2,-1.507,1.704
44.7,38.7,0.866,1.698
44.7,39.2,0.032,1.692
44.7,39.7,-0.737,1.686
44.7,40.2,-1.571,1.679
44.7,40.7,0.801,1.674
44.7,41.2,0.032,1.667
44.7,41.7,-0.801,1.661
44.7,42.2,1.571,1.655
44.7,42.7,0.737,1.648
44.7,43.2,-0.032,1.642
44.7,43.7,-0.801,1.635
44.7,44.2,1.507,1.629
44.7,44.7,0.737,1.622
44.7,45.2,-0.096,1.615
44.7,45.7,-0.866,1.609
44.7,46.2,1.507,1.602
44.7,46.7,0.673,1.595
44.7,47.2,-0.096,1.588
44.7,47.7,-0.930,1.581
44.7,48.2,1.443,1.575
44.7,48.7,0.609,1.567
44.7,49.2,-0.160,1.561
44.7,49.7,-0.930,1.553
44.7,50.3,1.378,1.546
44.7,50.8,0.609,1.539
44.7,51.3,-0.224,1.532
44.7,51.8,-0.994,1.524
44.7,52.3,1.314,1.517
44.7,52.8,0.545,1.510
44.7,53.3,-0.289,1.502
44.7,53.8,-1.058,1.495
44.7,54.3,1.250,1.486
44.7,54.8,0.481,1.479
44.7,55.3,-0.289,1.471
44.7,55.8,-1.122,1.464
44.7,56.3,1.250,1.456
44.7,56.8,0.417,1.448
44.7,57.3,-0.353,1.440
44.7,57.8,-1.186,1.432
44.7,58.3,1.186,1.424
44.7,58.8,0.353,1.416
44.7,59.3,-0.417,1.408
44.7,59.8,-1.250,1.400
44.7,60.3,1.122,1.392
44.7,60.8,0.289,1.384
44.7,61.3,-0.481,1.375
44.7,61.8,-1.314,1.367
44.7,62.3,1.058,1.359
44.7,62.8,0.224,1.351
44.7,63.3,-0.545,1.342
44.7,63.8,-1.378,1.334
44.7,64.3,0.994,1.325
44.7,64.8,0.160,1.317
44.7,65.3,-0.609,1.308
44.7,65.8,-1.443,1.299
44.7,66.3,0.930,1.290
44.7,66.8,0.096,1.282
44.7,67.3,-0.737,1.272
44.7,67.8,-1.507,1.264
44.7,68.3,0.801,1.255
44.7,68.8,0.032,1.246
44.7,69.3,-0.801,1.237
44.7,69.8,1.571,1.228
44.7,70.4,0.737,1.219
44.7,70.9,-0.032,1.210
44.7,71.4,-0.866,1.201
44.7,71.9,1.507,1.192
44.7,72.4,0.673,1.183
44.7,72.9,-0.160,1.173
44.7,73.4,-0.930,1.164
44.7,73.9,1.378,1.155
44.7,74.4,0.609,1.145
44.7,74.9,-0.224,1.136
44.7,75.4,-0.994,1.126
44.7,75.9,1.314,1.117
44.7,76.4,0.481,1.107
44.7,76.9,-0.289,1.098
44.7,77.4,-1.122,1.088
44.7,77.9,1.250,1.079
44.7,78.4,0.417,1.069
44.7,78.9,-0.417,1.059
44.7,79.4,-1.186,1.050
44.7,79.9,1.122,1.040
44.7,80.4,0.353,1.030
44.7,80.9,-0.481,1.020
44.7,81.4,-1.314,1.010
44.7,81.9,1.058,1.000
44.7,82.4,0.224,0.991
44.7,82.9,-0.545,0.980
44.7,83.4,-1.378,0.971
44.7,83.9,0.930,0.960
44.7,84.4,0.160,0.950
44.7,84.9,-0.673,0.940
44.7,85.4,-1.507,0.930
44.7,85.9,0.866,0.920
44.7,86.4,0.032,0.910
44.7,86.9,-0.801,0.899
44.7,87.4,1.571,0.889
44.7,87.9,0.737,0.879
44.7,88.4,-0.032,0.868
44.7,88.9,-0.866,0.858
44.7,89.4,1.443,0.848
44.7,89.9,0.673,0.837
44.7,90.5,-0.160,0.827
44.7,91.0,-0.994,0.816
44.7,91.5,1.378,0.806
44.7,92.0,0.545,0.795
44.7,92.5,-0.289,0.785
44.7,93.0,-1.058,0.774
44.7,93.5,1.250,0.764
44.7,94.0,0.417,0.753
44.7,94.5,-0.353,0.742
44.7,95.0,-1.186,0.731
44.7,95.5,1.122,0.721
44.7,96.0,0.289,0.710
44.7,96.5,-0.481,0.699
44.7,97.0,-1.314,0.688
44.7,97.5,0.994,0.677
44.7,98.0,0.224,0.667
44.7,98.5,-0.609,0.656
44.7,99.0,-1.443,0.645
44.7,99.5,0.930,0.634
44.7,100.0,0.096,0.623
45.2,0.0,-0.289,1.987
45.2,0.5,-1.058,1.986
45.2,1.0,1.314,1.985
45.2,1.5,0.545,1.984
45.2,2.0,-0.224,1.982
45.2,2.5,-1.058,1.980
45.2,3.0,1.314,1.979
45.2,3.5,0.545,1.977
45.2,4.0,-0.224,1.976
45.2,4.5,-0.994,1.974
45.2,5.0,1.314,1.971
45.2,5.5,0.545,1.970
45.2,6.0,-0.224,1.968
45.2,6.5,-0.994,1.966
45.2,7.0,1.378,1.964
45.2,7.5,0.545,1.961
45.2,8.0,-0.224,1.960
45.2,8.5,-0.994,1.958
45.2,9.0,1.378,1.955
45.2,9.5,0.609,1.952
45.2,10.1,-0.224,1.950
45.2,10.6,-0.994,1.948
45.2,11.1,1.378,1.945
45.2,11.6,0.609,1.942
45.2,12.1,-0.224,1.939
45.2,12.6,-0.994,1.937
45.2,13.1,1.378,1.934
45.2,13.6,0.609,1.931
45.2,14.1,-0.224,1.928
45.2,14.6,-0.994,1.925
45.2,15.1,1.378,1.922
45.2,15.6,0.609,1.919
45.2,16.1,-0.224,1.915
45.2,16.6,-0.994,1.913
45.2,17.1,1.378,1.910
45.2,17.6,0.609,1.906
45.2,18.1,-0.224,1.902
45.2,18.6,-0.994,1.899
45.2,19.1,1.378,1.896
45.2,19.6,0.609,1.891
45.2,20.1,-0.224,1.888
45.2,20.6,-0.994,1.885
45.2,21.1,1.378,1.881
45.2,21.6,0.545,1.876
45.2,22.1,-0.224,1.873
45.2,22.6,-0.994,1.869
45.2,23.1,1.378,1.864
45.2,23.6,0.545,1.860
45.2,24.1,-0.224,1.857
45.2,24.6,-0.994,1.852
45.2,25.1,1.314,1.847
45.2,25.6,0.545,1.844
45.2,26.1,-0.224,1.839
45.2,26.6,-1.058,1.834
45.2,27.1,1.314,1.830
45.2,27.6,0.545,1.826
45.2,28.1,-0.224,1.820
45.2,28.6,-1.058,1.816
45.2,29.1,1.314,1.812
45.2,29.6,0.545,1.806
45.2,30.2,-0.289,1.802
45.2,30.7,-1.058,1.797
45.2,31.2,1.314,1.791
45.2,31.7,0.481,1.787
45.2,32.2,-0.289,1.782
45.2,32.7,-1.058,1.776
45.2,33.2,1.250,1.771
45.2,33.7,0.481,1.766
45.2,34.2,-0.289,1.760
45.2,34.7,-1.122,1.755
45.2,35.2,1.250,1.750
45.2,35.7,0.417,1.744
45.2,36.2,-0.353,1.739
45.2,36.7,-1.122,1.733
45.2,37.2,1.186,1.727
45.2,37.7,0.417,1.722
45.2,38.2,-0.353,1.716
45.2,38.7,-1.186,1.710
45.2,39.2,1.186,1.704
45.2,39.7,0.353,1.698
45.2,40.2,-0.417,1.692
45.2,40.7,-1.186,1.686
45.2,41.2,1.122,1.680
45.2,41.7,0.353,1.674
45.2,42.2,-0.417,1.667
45.2,42.7,-1.250,1.661
45.2,43.2,1.122,1.655
45.2,43.7,0.289,1.648
45.2,44.2,-0.481,1.642
45.2,44.7,-1.250,1.635
45.2,45.2,1.058,1.629
45.2,45.7,0.289,1.622
45.2,46.2,-0.545,1.616
45.2,46.7,-1.314,1.609
45.2,47.2,0.994,1.602
45.2,47.7,0.224,1.596
45.2,48.2,-0.545,1.588
45.2,48.7,-1.378,1.582
45.2,49.2,0.994,1.575
45.2,49.7,0.160,1.568
45.2,50.3,-0.609,1.561
45.2,50.8,-1.443,1.553
45.2,51.3,0.930,1.546
45.2,51.8,0.160,1.539
45.2,52.3,-0.673,1.532
45.2,52.8,-1.443,1.524
45.2,53.3,0.866,1.517
45.2,53.8,0.096,1.510
45.2,54.3,-0.737,1.502
45.2,54.8,-1.507,1.495
45.2,55.3,0.801,1.487
45.2,55.8,0.032,1.479
45.2,56.3,-0.801,1.471
45.2,56.8,1.571,1.464
45.2,57.3,0.737,1.456
45.2,57.8,-0.032,1.448
45.2,58.3,-0.801,1.440
45.2,58.8,1.507,1.433
45.2,59.3,0.737,1.424
45.2,59.8,-0.096,1.417
45.2,60.3,-0.866,1.408
45.2,60.8,1.443,1.400
45.2,61.3,0.673,1.392
45.2,61.8,-0.160,1.384
45.2,62.3,-0.930,1.375
45.2,62.8,1.378,1.367
45.2,63.3,0.609,1.359
45.2,63.8,-0.224,1.351
45.2,64.3,-0.994,1.342
45.2,64.8,1.314,1.334
45.2,65.3,0.481,1.325
45.2,65.8,-0.289,1.317
45.2,66.3,-1.122,1.308
45.2,66.8,1.250,1.299
45.2,67.3,0.417,1.290
45.2,67.8,-0.353,1.282
45.2,68.3,-1.186,1.273
45.2,68.8,1.186,1.264
45.2,69.3,0.353,1.255
45.2,69.8,-0.417,1.246
45.2,70.4,-1.250,1.237
45.2,70.9,1.122,1.228
45.2,71.4,0.289,1.219
45.2,71.9,-0.481,1.210
45.2,72.4,-1.314,1.201
45.2,72.9,0.994,1.192
45.2,73.4,0.224,1.183
45.2,73.9,-0.609,1.173
45.2,74.4,-1.378,1.164
45.2,74.9,0.930,1.155
45.2,75.4,0.160,1.145
45.2,75.9,-0.673,1.136
45.2,76.4,-1.507,1.126
45.2,76.9,0.866,1.117
45.2,77.4,0.032,1.108
45.2,77.9,-0.737,1.098
45.2,78.4,-1.571,1.089
45.2,78.9,0.737,1.078
45.2,79.4,-0.032,1.069
45.2,79.9,-0.866,1.059
45.2,80.4,1.507,1.050
45.2,80.9,0.673,1.040
45.2,81.4,-0.160,1.030
45.2,81.9,-0.930,1.020
45.2,82.4,1.378,1.010
45.2,82.9,0.609,1.000
45.2,83.4,-0.224,0.991
45.2,83.9,-1.058,0.980
45.2,84.4,1.314,0.971
45.2,84.9,0.481,0.961
45.2,85.4,-0.289,0.950
45.2,85.9,-1.122,0.940
45.2,86.4,1.186,0.930
45.2,86.9,0.417,0.920
45.2,87.4,-0.417,0.910
45.2,87.9,-1.250,0.899
45.2,88.4,1.122,0.889
45.2,88.9,0.289,0.879
45.2,89.4,-0.545,0.868
45.2,89.9,-1.314,0.858
45.2,90.5,0.994,0.848
45.2,91.0,0.160,0.837
45.2,91.5,-0.609,0.827
45.2,92.0,-1.443,0.816
45.2,92.5,0.866,0.806
45.2,93.0,0.096,0.795
45.2,93.5,-0.737,0.785
45.2,94.0,-1.571,0.774
45.2,94.5,0.801,0.763
45.2,95.0,-0.032,0.753
45.2,95.5,-0.866,0.742
45.2,96.0,1.507,0.731
45.2,96.5,0.673,0.721
45.2,97.0,-0.160,0.710
45.2,97.5,-0.930,0.699
45.2,98.0,1.378,0.688
45.2,98.5,0.545,0.677
45.2,99.0,-0.224,0.666
45.2,99.5,-1.058,0.656
45.2,100.0,1.250,0.645
45.7,0.0,0.866,1.989
45.7,0.5,0.032,1.988
45.7,1.0,-0.737,1.988
45.7,1.5,-1.507,1.986
45.7,2.0,0.866,1.985
45.7,2.5,0.096,1.983
45.7,3.0,-0.737,1.981
45.7,3.5,-1.507,1.980
45.7,4.0,0.866,1.979
45.7,4.5,0.096,1.978
45.7,5.0,-0.673,1.976
45.7,5.5,-1.443,1.973
45.7,6.0,0.866,1.972
45.7,6.5,0.096,1.970
45.7,7.0,-0.673,1.968
45.7,7.5,-1.443,1.966
45.7,8.0,0.930,1.963
45.7,8.5,0.096,1.962
45.7,9.0,-0.673,1.960
45.7,9.5,-1.443,1.958
45.7,10.1,0.930,1.955
45.7,10.6,0.096,1.952
45.7,11.1,-0.673,1.950
45.7,11.6,-1.443,1.948
45.7,12.1,0.930,1.945
45.7,12.6,0.160,1.942
45.7,13.1,-0.673,1.940
45.7,13.6,-1.443,1.937
45.7,14.1,0.930,1.934
45.7,14.6,0.160,1.931
45.7,15.1,-0.673,1.928
45.7,15.6,-1.443,1.926
45.7,16.1,0.930,1.922
45.7,16.6,0.160,1.919
45.7,17.1,-0.673,1.916
45.7,17.6,-1.443,1.913
45.7,18.1,0.930,1.909
45.7,18.6,0.160,1.905
45.7,19.1,-0.673,1.903
45.7,19.6,-1.443,1.899
45.7,20.1,0.930,1.895
45.7,20.6,0.096,1.891
45.7,21.1,-0.673,1.888
45.7,21.6,-1.443,1.885
45.7,22.1,0.930,1.880
45.7,22.6,0.096,1.877
45.7,23.1,-0.673,1.873
45.7,23.6,-1.443,1.869
45.7,24.1,0.866,1.864
45.7,24.6,0.096,1.861
45.7,25.1,-0.673,1.857
45.7,25.6,-1.443,1.852
45.7,26.1,0.866,1.848
45.7,26.6,0.096,1.844
45.7,27.1,-0.673,1.839
45.7,27.6,-1.507,1.835
45.7,28.1,0.866,1.831
45.7,28.6,0.096,1.826
45.7,29.1,-0.737,1.821
45.7,29.6,-1.507,1.817
45.7,30.2,0.866,1.812
45.7,30.7,0.032,1.806
45.7,31.2,-0.737,1.802
45.7,31.7,-1.507,1.797
45.7,32.2,0.801,1.792
45.7,32.7,0.032,1.787
45.7,33.2,-0.737,1.782
45.7,33.7,-1.571,1.776
45.7,34.2,0.801,1.772
45.7,34.7,0.032,1.766
45.7,35.2,-0.801,1.761
45.7,35.7,-1.571,1.756
45.7,36.2,0.801,1.750
45.7,36.7,-0.032,1.744
45.7,37.2,-0.801,1.739
45.7,37.7,1.571,1.733
45.7,38.2,0.737,1.728
45.7,38.7,-0.032,1.722
45.7,39.2,-0.866,1.716
45.7,39.7,1.507,1.710
45.7,40.2,0.737,1.704
45.7,40.7,-0.096,1.698
45.7,41.2,-0.866,1.693
45.7,41.7,1.507,1.686
45.7,42.2,0.673,1.680
45.7,42.7,-0.096,1.674
45.7,43.2,-0.930,1.667
45.7,43.7,1.443,1.662
45.7,44.2,0.673,1.655
45.7,44.7,-0.160,1.649
45.7,45.2,-0.930,1.642
45.7,45.7,1.378,1.635
45.7,46.2,0.609,1.629
45.7,46.7,-0.160,1.622
45.7,47.2,-0.994,1.616
45.7,47.7,1.378,1.609
45.7,48.2,0.545,1.602
45.7,48.7,-0.224,1.596
45.7,49.2,-1.058,1.588
45.7,49.7,1.314,1.582
45.7,50.3,0.545,1.574
45.7,50.8,-0.289,1.568
45.7,51.3,-1.058,1.561
45.7,51.8,1.250,1.554
45.7,52.3,0.481,1.546
45.7,52.8,-0.353,1.539
45.7,53.3,-1.122,1.532
45.7,53.8,1.186,1.524
45.7,54.3,0.417,1.517
45.7,54.8,-0.353,1.509
45.7,55.3,-1.186,1.502
45.7,55.8,1.186,1.494
45.7,56.3,0.353,1.487
45.7,56.8,-0.417,1.479
45.7,57.3,-1.250,1.472
45.7,57.8,1.122,1.464
45.7,58.3,0.289,1.456
45.7,58.8,-0.481,1.448
45.7,59.3,-1.314,1.440
45.7,59.8,1.058,1.433
45.7,60.3,0.224,1.424
45.7,60.8,-0.545,1.417
45.7,61.3,-1.378,1.408
45.7,61.8,0.994,1.401
45.7,62.3,0.160,1.392
45.7,62.8,-0.609,1.384
45.7,63.3,-1.443,1.375
45.7,63.8,0.930,1.368
45.7,64.3,0.096,1.359
45.7,64.8,-0.673,1.351
45.7,65.3,-1.507,1.342
45.7,65.8,0.866,1.334
45.7,66.3,0.032,1.325
45.7,66.8,-0.737,1.317
45.7,67.3,-1.571,1.308
45.7,67.8,0.801,1.299
45.7,68.3,-0.032,1.291
45.7,68.8,-0.801,1.282
45.7,69.3,1.507,1.273
45.7,69.8,0.737,1.264
45.7,70.4,-0.096,1.255
45.7,70.9,-0.866,1.246
45.7,71.4,1.443,1.238
45.7,71.9,0.609,1.228
45.7,72.4,-0.160,1.220
45.7,72.9,-0.994,1.210
45.7,73.4,1.378,1.201
45.7,73.9,0.545,1.192
45.7,74.4,-0.224,1.183
45.7,74.9,-1.058,1.174
45.7,75.4,1.314,1.164
45.7,75.9,0.481,1.155
45.7,76.4,-0.353,1.145
45.7,76.9,-1.122,1.136
45.7,77.4,1.186,1.127
45.7,77.9,0.417,1.117
45.7,78.4,-0.417,1.108
45.7,78.9,-1.186,1.098
45.7,79.4,1.122,1.089
45.7,79.9,0.289,1.079
45.7,80.4,-0.481,1.069
45.7,80.9,-1.314,1.060
45.7,81.4,1.058,1.049
45.7,81.9,0.224,1.040
45.7,82.4,-0.609,1.030
45.7,82.9,-1.378,1.020
45.7,83.4,0.930,1.011
45.7,83.9,0.160,1.000
45.7,84.4,-0.673,0.991
45.7,84.9,-1.507,0.981
45.7,85.4,0.866,0.970
45.7,85.9,0.032,0.961
45.7,86.4,-0.801,0.950
45.7,86.9,1.571,0.940
45.7,87.4,0.737,0.930
45.7,87.9,-0.096,0.920
45.7,88.4,-0.866,0.910
45.7,88.9,1.443,0.899
45.7,89.4,0.673,0.889
45.7,89.9,-0.160,0.879
45.7,90.5,-0.994,0.868
45.7,91.0,1.378,0.858
45.7,91.5,0.545,0.848
45.7,92.0,-0.289,0.837
45.7,92.5,-1.058,0.827
45.7,93.0,1.250,0.816
45.7,93.5,0.417,0.806
45.7,94.0,-0.353,0.795
45.7,94.5,-1.186,0.785
45.7,95.0,1.122,0.774
45.7,95.5,0.353,0.763
45.7,96.0,-0.481,0.753
45.7,96.5,-1.314,0.742
45.7,97.0,1.058,0.731
45.7,97.5,0.224,0.721
45.7,98.0,-0.609,0.710
45.7,98.5,-1.378,0.699
45.7,99.0,0.930,0.688
45.7,99.5,0.096,0.677
45.7,100.0,-0.737,0.666
46.2,0.0,-1.186,1.992
46.2,0.5,1.186,1.990
46.2,1.0,0.353,1.990
46.2,1.5,-0.417,1.989
46.2,2.0,-1.186,1.988
46.2,2.5,1.186,1.986
46.2,3.0,0.417,1.985
46.2,3.5,-0.417,1.983
46.2,4.0,-1.186,1.982
46.2,4.5,1.186,1.981
46.2,5.0,0.417,1.979
46.2,5.5,-0.353,1.977
46.2,6.0,-1.122,1.975
46.2,6.5,1.186,1.974
46.2,7.0,0.417,1.972
46.2,7.5,-0.353,1.970
46.2,8.0,-1.122,1.968
46.2,8.5,1.250,1.966
46.2,9.0,0.417,1.964
46.2,9.5,-0.353,1.962
46.2,10.1,-1.122,1.960
46.2,10.6,1.250,1.957
46.2,11.1,0.481,1.954
46.2,11.6,-0.353,1.953
46.2,12.1,-1.122,1.951
46.2,12.6,1.250,1.948
46.2,13.1,0.481,1.945
46.2,13.6,-0.353,1.942
46.2,14.1,-1.122,1.940
46.2,14.6,1.250,1.937
46.2,15.1,0.481,1.934
46.2,15.6,-0.353,1.931
46.2,16.1,-1.122,1.929
46.2,16.6,1.250,1.926
46.2,17.1,0.481,1.922
46.2,17.6,-0.353,1.919
46.2,18.1,-1.122,1.916
46.2,18.6,1.250,1.913
46.2,19.1,0.481,1.909
46.2,19.6,-0.353,1.906
46.2,20.1,-1.122,1.903
46.2,20.6,1.250,1.899
46.2,21.1,0.481,1.895
46.2,21.6,-0.353,1.892
46.2,22.1,-1.122,1.889
46.2,22.6,1.250,1.885
46.2,23.1,0.417,1.880
46.2,23.6,-0.353,1.877
46.2,24.1,-1.122,1.873
46.2,24.6,1.250,1.869
46.2,25.1,0.417,1.865
46.2,25.6,-0.353,1.861
46.2,26.1,-1.122,1.857
46.2,26.6,1.186,1.852
46.2,27.1,0.417,1.848
46.2,27.6,-0.353,1.844
46.2,28.1,-1.122,1.839
46.2,28.6,1.186,1.835
46.2,29.1,0.417,1.831
46.2,29.6,-0.353,1.825
46.2,30.2,-1.186,1.821
46.2,30.7,1.186,1.817
46.2,31.2,0.417,1.811
46.2,31.7,-0.417,1.807
46.2,32.2,-1.186,1.802
46.2,32.7,1.186,1.797
46.2,33.2,0.353,1.792
46.2,33.7,-0.417,1.787
46.2,34.2,-1.186,1.782
46.2,34.7,1.122,1.777
46.2,35.2,0.353,1.772
46.2,35.7,-0.417,1.766
46.2,36.2,-1.250,1.761
46.2,36.7,1.122,1.756
46.2,37.2,0.353,1.749
46.2,37.7,-0.481,1.745
46.2,38.2,-1.250,1.739
46.2,38.7,1.058,1.733
46.2,39.2,0.289,1.728
46.2,39.7,-0.481,1.722
46.2,40.2,-1.314,1.716
46.2,40.7,1.058,1.711
46.2,41.2,0.289,1.704
46.2,41.7,-0.545,1.699
46.2,42.2,-1.314,1.693
46.2,42.7,0.994,1.686
46.2,43.2,0.224,1.681
46.2,43.7,-0.545,1.674
46.2,44.2,-1.378,1.668
46.2,44.7,0.994,1.662
46.2,45.2,0.160,1.655
46.2,45.7,-0.609,1.649
46.2,46.2,-1.378,1.642
46.2,46.7,0.930,1.636
46.2,47.2,0.160,1.629
46.2,47.7,-0.673,1.622
46.2,48.2,-1.443,1.616
46.2,48.7,0.930,1.609
46.2,49.2,0.096,1.603
46.2,49.7,-0.673,1.596
46.2,50.3,-1.507,1.589
46.2,50.8,0.866,1.582
46.2,51.3,0.032,1.574
46.2,51.8,-0.737,1.568
46.2,52.3,-1.507,1.560
46.2,52.8,0.801,1.554
46.2,53.3,0.032,1.546
46.2,53.8,-0.801,1.539
46.2,54.3,1.571,1.532
46.2,54.8,0.737,1.524
46.2,55.3,-0.032,1.517
46.2,55.8,-0.866,1.509
46.2,56.3,1.507,1.502
46.2,56.8,0.737,1.494
46.2,57.3,-0.096,1.487
46.2,57.8,-0.866,1.479
46.2,58.3,1.443,1.472
46.2,58.8,0.673,1.464
46.2,59.3,-0.160,1.456
46.2,59.8,-0.930,1.448
46.2,60.3,1.378,1.441
46.2,60.8,0.609,1.433
46.2,61.3,-0.224,1.425
46.2,61.8,-0.994,1.417
46.2,62.3,1.314,1.409
46.2,62.8,0.545,1.400
46.2,63.3,-0.289,1.392
46.2,63.8,-1.058,1.384
46.2,64.3,1.250,1.376
46.2,64.8,0.481,1.368
46.2,65.3,-0.353,1.359
46.2,65.8,-1.122,1.351
46.2,66.3,1.186,1.342
46.2,66.8,0.417,1.334
46.2,67.3,-0.417,1.325
46.2,67.8,-1.186,1.317
46.2,68.3,1.122,1.308
46.2,68.8,0.353,1.299
46.2,69.3,-0.481,1.291
46.2,69.8,-1.250,1.282
46.2,70.4,1.058,1.273
46.2,70.9,0.289,1.264
46.2,71.4,-0.545,1.256
46.2,71.9,-1.378,1.246
46.2,72.4,0.994,1.238
46.2,72.9,0.160,1.228
46.2,73.4,-0.609,1.220
46.2,73.9,-1.443,1.210
46.2,74.4,0.930,1.201
46.2,74.9,0.096,1.192
46.2,75.4,-0.673,1.183
46.2,75.9,-1.507,1.174
46.2,76.4,0.801,1.164
46.2,76.9,0.032,1.155
46.2,77.4,-0.801,1.146
46.2,77.9,1.571,1.136
46.2,78.4,0.737,1.127
46.2,78.9,-0.032,1.117
46.2,79.4,-0.866,1.108
46.2,79.9,1.443,1.098
46.2,80.4,0.673,1.089
46.2,80.9,-0.160,1.079
46.2,81.4,-0.930,1.069
46.2,81.9,1.378,1.060
46.2,82.4,0.545,1.050
46.2,82.9,-0.224,1.040
46.2,83.4,-1.058,1.030
46.2,83.9,1.314,1.020
46.2,84.4,0.481,1.011
46.2,84.9,-0.353,1.000
46.2,85.4,-1.122,0.991
46.2,85.9,1.186,0.981
46.2,86.4,0.417,0.970
46.2,86.9,-0.417,0.961
46.2,87.4,-1.250,0.950
46.2,87.9,1.122,0.940
46.2,88.4,0.289,0.930
46.2,88.9,-0.545,0.920
46.2,89.4,-1.314,0.910
46.2,89.9,0.994,0.900
46.2,90.5,0.160,0.889
46.2,91.0,-0.609,0.879
46.2,91.5,-1.443,0.869
46.2,92.0,0.866,0.858
46.2,92.5,0.096,0.848
46.2,93.0,-0.737,0.837
46.2,93.5,-1.507,0.826
46.2,94.0,0.801,0.816
46.2,94.5,-0.032,0.806
46.2,95.0,-0.801,0.795
46.2,95.5,1.507,0.785
46.2,96.0,0.673,0.774
46.2,96.5,-0.160,0.763
46.2,97.0,-0.930,0.753
46.2,97.5,1.378,0.742
46.2,98.0,0.545,0.731
46.2,98.5,-0.224,0.721
46.2,99.0,-1.058,0.710
46.2,99.5,1.250,0.699
46.2,100.0,0.481,0.688
46.7,0.0,-0.096,1.994
46.7,0.5,-0.866,1.993
46.7,1.0,1.507,1.991
46.7,1.5,0.673,1.991
46.7,2.0,-0.096,1.990
46.7,2.5,-0.866,1.989
46.7,3.0,1.507,1.988
46.7,3.5,0.737,1.986
46.7,4.0,-0.032,1.984
46.7,4.5,-0.866,1.983
46.7,5.0,1.507,1.982
46.7,5.5,0.737,1.981
46.7,6.0,-0.032,1.979
46.7,6.5,-0.801,1.977
46.7,7.0,1.507,1.975
46.7,7.5,0.737,1.974
46.7,8.0,-0.032,1.972
46.7,8.5,-0.801,1.970
46.7,9.0,1.571,1.968
46.7,9.5,0.737,1.966
46.7,10.1,-0.032,1.964
46.7,10.6,-0.801,1.962
46.7,11.1,1.571,1.960
46.7,11.6,0.801,1.957
46.7,12.1,-0.032,1.955
46.7,12.6,-0.801,1.953
46.7,13.1,1.571,1.951
46.7,13.6,0.801,1.948
46.7,14.1,-0.032,1.945
46.7,14.6,-0.801,1.943
46.7,15.1,1.571,1.940
46.7,15.6,0.801,1.937
46.7,16.1,0.032,1.934
46.7,16.6,-0.801,1.931
46.7,17.1,-1.571,1.929
46.7,17.6,0.801,1.926
46.7,18.1,0.032,1.922
46.7,18.6,-0.801,1.919
46.7,19.1,-1.571,1.916
46.7,19.6,0.801,1.913
46.7,20.1,0.032,1.909
46.7,20.6,-0.801,1.906
46.7,21.1,1.571,1.903
46.7,21.6,0.801,1.899
46.7,22.1,-0.032,1.895
46.7,22.6,-0.801,1.892
46.7,23.1,1.571,1.889
46.7,23.6,0.801,1.884
46.7,24.1,-0.032,1.881
46.7,24.6,-0.801,1.877
46.7,25.1,1.571,1.873
46.7,25.6,0.737,1.868
46.7,26.1,-0.032,1.865
46.7,26.6,-0.801,1.861
46.7,27.1,1.571,1.856
46.7,27.6,0.737,1.852
46.7,28.1,-0.032,1.848
46.7,28.6,-0.801,1.844
46.7,29.1,1.507,1.839
46.7,29.6,0.737,1.835
46.7,30.2,-0.032,1.831
46.7,30.7,-0.866,1.825
46.7,31.2,1.507,1.822
46.7,31.7,0.737,1.817
46.7,32.2,-0.096,1.811
46.7,32.7,-0.866,1.807
46.7,33.2,1.507,1.802
46.7,33.7,0.673,1.797
46.7,34.2,-0.096,1.792
46.7,34.7,-0.866,1.787
46.7,35.2,1.443,1.782
46.7,35.7,0.673,1.777
46.7,36.2,-0.096,1.772
46.7,36.7,-0.930,1.766
46.7,37.2,1.443,1.761
46.7,37.7,0.673,1.756
46.7,38.2,-0.160,1.750
46.7,38.7,-0.930,1.745
46.7,39.2,1.443,1.739
46.7,39.7,0.609,1.733
46.7,40.2,-0.160,1.728
46.7,40.7,-0.930,1.722
46.7,41.2,1.378,1.716
46.7,41.7,0.609,1.711
46.7,42.2,-0.224,1.704
46.7,42.7,-0.994,1.699
46.7,43.2,1.378,1.692
46.7,43.7,0.545,1.686
46.7,44.2,-0.224,1.681
46.7,44.7,-1.058,1.674
46.7,45.2,1.314,1.668
46.7,45.7,0.545,1.662
46.7,46.2,-0.289,1.655
46.7,46.7,-1.058,1.649
46.7,47.2,1.250,1.642
46.7,47.7,0.481,1.636
46.7,48.2,-0.289,1.629
46.7,48.7,-1.122,1.623
46.7,49.2,1.250,1.616
46.7,49.7,0.417,1.609
46.7,50.3,-0.353,1.603
46.7,50.8,-1.122,1.596
46.7,51.3,1.186,1.589
46.7,51.8,0.417,1.582
46.7,52.3,-0.417,1.575
46.7,52.8,-1.186,1.568
46.7,53.3,1.122,1.561
46.7,53.8,0.353,1.554
46.7,54.3,-0.417,1.546
46.7,54.8,-1.250,1.540
46.7,55.3,1.122,1.532
46.7,55.8,0.289,1.525
46.7,56.3,-0.481,1.517
46.7,56.8,-1.314,1.510
46.7,57.3,1.058,1.503
46.7,57.8,0.224,1.495
46.7,58.3,-0.545,1.487
46.7,58.8,-1.378,1.479
46.7,59.3,0.994,1.472
46.7,59.8,0.224,1.464
46.7,60.3,-0.609,1.457
46.7,60.8,-1.378,1.448
46.7,61.3,0.930,1.441
46.7,61.8,0.160,1.432
46.7,62.3,-0.673,1.425
46.7,62.8,-1.443,1.417
46.7,63.3,0.866,1.409
46.7,63.8,0.096,1.400
46.7,64.3,-0.737,1.392
46.7,64.8,-1.507,1.384
46.7,65.3,0.801,1.376
46.7,65.8,0.032,1.367
46.7,66.3,-0.801,1.359
46.7,66.8,1.571,1.351
46.7,67.3,0.737,1.343
46.7,67.8,-0.032,1.334
46.7,68.3,-0.866,1.326
46.7,68.8,1.507,1.316
46.7,69.3,0.673,1.308
46.7,69.8,-0.096,1.299
46.7,70.4,-0.930,1.291
46.7,70.9,1.378,1.282
46.7,71.4,0.609,1.273
46.7,71.9,-0.224,1.264
46.7,72.4,-0.994,1.256
46.7,72.9,1.314,1.247
46.7,73.4,0.545,1.238
46.7,73.9,-0.289,1.229
46.7,74.4,-1.058,1.219
46.7,74.9,1.250,1.211
46.7,75.4,0.481,1.201
46.7,75.9,-0.353,1.192
46.7,76.4,-1.186,1.183
46.7,76.9,1.186,1.174
46.7,77.4,0.353,1.164
46.7,77.9,-0.417,1.155
46.7,78.4,-1.250,1.146
46.7,78.9,1.122,1.136
46.7,79.4,0.289,1.127
46.7,79.9,-0.545,1.117
46.7,80.4,-1.314,1.108
46.7,80.9,0.994,1.098
46.7,81.4,0.224,1.088
46.7,81.9,-0.609,1.079
46.7,82.4,-1.443,1.069
46.7,82.9,0.930,1.060
46.7,83.4,0.096,1.050
46.7,83.9,-0.673,1.040
46.7,84.4,-1.507,1.030
46.7,84.9,0.801,1.020
46.7,85.4,0.032,1.011
46.7,85.9,-0.801,1.001
46.7,86.4,1.571,0.990
46.7,86.9,0.737,0.981
46.7,87.4,-0.096,0.970
46.7,87.9,-0.866,0.960
46.7,88.4,1.443,0.951
46.7,88.9,0.609,0.940
46.7,89.4,-0.160,0.930
46.7,89.9,-0.994,0.920
46.7,90.5,1.378,0.909
46.7,91.0,0.545,0.900
46.7,91.5,-0.289,0.889
46.7,92.0,-1.058,0.879
46.7,92.5,1.250,0.869
46.7,93.0,0.417,0.858
46.7,93.5,-0.353,0.848
46.7,94.0,-1.186,0.837
46.7,94.5,1.122,0.827
46.7,95.0,0.353,0.816
46.7,95.5,-0.481,0.806
46.7,96.0,-1.314,0.795
46.7,96.5,1.058,0.785
46.7,97.0,0.224,0.774
46.7,97.5,-0.609,0.763
46.7,98.0,-1.378,0.753
46.7,98.5,0.930,0.742
46.7,99.0,0.096,0.731
46.7,99.5,-0.673,0.720
46.7,100.0,-1.507,0.710
47.2,0.0,0.994,1.996
47.2,0.5,0.224,1.995
47.2,1.0,-0.545,1.994
47.2,1.5,-1.314,1.992
47.2,2.0,0.994,1.992
47.2,2.5,0.224,1.991
47.2,3.0,-0.545,1.990
47.2,3.5,-1.314,1.989
47.2,4.0,1.058,1.988
47.2,4.5,0.289,1.986
47.2,5.0,-0.545,1.985
47.2,5.5,-1.314,1.984
47.2,6.0,1.058,1.982
47.2,6.5,0.289,1.981
47.2,7.0,-0.481,1.979
47.2,7.5,-1.314,1.977
47.2,8.0,1.058,1.976
47.2,8.5,0.289,1.974
47.2,9.0,-0.481,1.972
47.2,9.5,-1.250,1.970
47.2,10.1,1.058,1.968
47.2,10.6,0.289,1.966
47.2,11.1,-0.481,1.964
47.2,11.6,-1.250,1.962
47.2,12.1,1.122,1.960
47.2,12.6,0.289,1.957
47.2,13.1,-0.481,1.955
47.2,13.6,-1.250,1.953
47.2,14.1,1.122,1.951
47.2,14.6,0.353,1.947
47.2,15.1,-0.481,1.945
47.2,15.6,-1.250,1.943
47.2,16.1,1.122,1.940
47.2,16.6,0.353,1.937
47.2,17.1,-0.481,1.934
47.2,17.6,-1.250,1.932
47.2,18.1,1.122,1.929
47.2,18.6,0.353,1.925
47.2,19.1,-0.481,1.922
47.2,19.6,-1.250,1.920
47.2,20.1,1.122,1.916
47.2,20.6,0.353,1.913
47.2,21.1,-0.481,1.909
47.2,21.6,-1.250,1.907
47.2,22.1,1.122,1.903
47.2,22.6,0.353,1.899
47.2,23.1,-0.481,1.896
47.2,23.6,-1.250,1.892
47.2,24.1,1.122,1.888
47.2,24.6,0.289,1.884
47.2,25.1,-0.481,1.881
47.2,25.6,-1.250,1.877
47.2,26.1,1.122,1.873
47.2,26.6,0.289,1.869
47.2,27.1,-0.481,1.865
47.2,27.6,-1.250,1.861
47.2,28.1,1.058,1.856
47.2,28.6,0.289,1.853
47.2,29.1,-0.481,1.849
47.2,29.6,-1.250,1.843
47.2,30.2,1.058,1.840
47.2,30.7,0.289,1.835
47.2,31.2,-0.481,1.830
47.2,31.7,-1.314,1.826
47.2,32.2,1.058,1.822
47.2,32.7,0.289,1.817
47.2,33.2,-0.545,1.812
47.2,33.7,-1.314,1.807
47.2,34.2,1.058,1.802
47.2,34.7,0.224,1.797
47.2,35.2,-0.545,1.793
47.2,35.7,-1.314,1.787
47.2,36.2,0.994,1.782
47.2,36.7,0.224,1.777
47.2,37.2,-0.545,1.772
47.2,37.7,-1.378,1.766
47.2,38.2,0.994,1.761
47.2,38.7,0.224,1.755
47.2,39.2,-0.609,1.750
47.2,39.7,-1.378,1.745
47.2,40.2,0.994,1.739
47.2,40.7,0.160,1.734
47.2,41.2,-0.609,1.728
47.2,41.7,-1.443,1.722
47.2,42.2,0.930,1.717
47.2,42.7,0.160,1.710
47.2,43.2,-0.673,1.705
47.2,43.7,-1.443,1.699
47.2,44.2,0.930,1.692
47.2,44.7,0.096,1.687
47.2,45.2,-0.673,1.681
47.2,45.7,-1.507,1.674
47.2,46.2,0.866,1.668
47.2,46.7,0.096,1.661
47.2,47.2,-0.737,1.656
47.2,47.7,-1.507,1.649
47.2,48.2,0.801,1.642
47.2,48.7,0.032,1.636
47.2,49.2,-0.737,1.629
47.2,49.7,-1.571,1.623
47.2,50.3,0.801,1.616
47.2,50.8,-0.032,1.609
47.2,51.3,-0.801,1.603
47.2,51.8,1.507,1.596
47.2,52.3,0.737,1.589
47.2,52.8,-0.032,1.582
47.2,53.3,-0.866,1.575
47.2,53.8,1.507,1.568
47.2,54.3,0.673,1.561
47.2,54.8,-0.096,1.554
47.2,55.3,-0.930,1.546
47.2,55.8,1.443,1.540
47.2,56.3,0.673,1.532
47.2,56.8,-0.160,1.525
47.2,57.3,-0.930,1.517
47.2,57.8,1.378,1.510
47.2,58.3,0.609,1.502
47.2,58.8,-0.224,1.495
47.2,59.3,-0.994,1.487
47.2,59.8,1.314,1.480
47.2,60.3,0.545,1.472
47.2,60.8,-0.289,1.464
47.2,61.3,-1.058,1.457
47.2,61.8,1.250,1.448
47.2,62.3,0.481,1.441
47.2,62.8,-0.353,1.432
47.2,63.3,-1.122,1.425
47.2,63.8,1.186,1.416
47.2,64.3,0.417,1.409
47.2,64.8,-0.417,1.400
47.2,65.3,-1.186,1.393
47.2,65.8,1.122,1.384
47.2,66.3,0.353,1.376
47.2,66.8,-0.481,1.367
47.2,67.3,-1.250,1.359
47.2,67.8,1.058,1.350
47.2,68.3,0.289,1.343
47.2,68.8,-0.545,1.334
47.2,69.3,-1.314,1.326
47.2,69.8,0.994,1.317
47.2,70.4,0.224,1.308
47.2,70.9,-0.609,1.299
47.2,71.4,-1.378,1.291
47.2,71.9,0.930,1.282
47.2,72.4,0.160,1.273
47.2,72.9,-0.673,1.264
47.2,73.4,-1.443,1.255
47.2,73.9,0.866,1.247
47.2,74.4,0.096,1.237
47.2,74.9,-0.737,1.229
47.2,75.4,-1.507,1.219
47.2,75.9,0.801,1.211
47.2,76.4,-0.032,1.201
47.2,76.9,-0.801,1.192
47.2,77.4,1.507,1.183
47.2,77.9,0.737,1.174
47.2,78.4,-0.096,1.165
47.2,78.9,-0.866,1.155
47.2,79.4,1.443,1.146
47.2,79.9,0.609,1.136
47.2,80.4,-0.160,1.127
47.2,80.9,-0.994,1.117
47.2,81.4,1.378,1.108
47.2,81.9,0.545,1.098
47.2,82.4,-0.224,1.088
47.2,82.9,-1.058,1.079
47.2,83.4,1.250,1.069
47.2,83.9,0.481,1.060
47.2,84.4,-0.353,1.050
47.2,84.9,-1.122,1.040
47.2,85.4,1.186,1.030
47.2,85.9,0.353,1.020
47.2,86.4,-0.417,1.010
47.2,86.9,-1.250,1.001
47.2,87.4,1.058,0.990
47.2,87.9,0.289,0.981
47.2,88.4,-0.545,0.971
47.2,88.9,-1.314,0.960
47.2,89.4,0.994,0.951
47.2,89.9,0.160,0.940
47.2,90.5,-0.609,0.930
47.2,91.0,-1.443,0.920
47.2,91.5,0.866,0.909
47.2,92.0,0.096,0.899
47.2,92.5,-0.737,0.889
47.2,93.0,-1.507,0.879
47.2,93.5,0.801,0.869
47.2,94.0,-0.032,0.858
47.2,94.5,-0.801,0.847
47.2,95.0,1.507,0.837
47.2,95.5,0.673,0.827
47.2,96.0,-0.096,0.816
47.2,96.5,-0.930,0.806
47.2,97.0,1.378,0.795
47.2,97.5,0.609,0.784
47.2,98.0,-0.224,0.774
47.2,98.5,-1.058,0.763
47.2,99.0,1.314,0.752
47.2,99.5,0.481,0.742
47.2,100.0,-0.353,0.731
47.7,0.0,-1.058,1.997
47.7,0.5,1.314,1.996
47.7,1.0,0.545,1.996
47.7,1.5,-0.224,1.995
47.7,2.0,-0.994,1.993
47.7,2.5,1.314,1.993
47.7,3.0,0.545,1.992
47.7,3.5,-0.224,1.991
47.7,4.0,-0.994,1.990
47.7,4.5,1.378,1.989
47.7,5.0,0.609,1.987
47.7,5.5,-0.224,1.986
47.7,6.0,-0.994,1.985
47.7,6.5,1.378,1.984
47.7,7.0,0.609,1.982
47.7,7.5,-0.160,1.981
47.7,8.0,-0.994,1.978
47.7,8.5,1.378,1.977
47.7,9.0,0.609,1.976
47.7,9.5,-0.160,1.974
47.7,10.1,-0.930,1.972
47.7,10.6,1.443,1.970
47.7,11.1,0.609,1.968
47.7,11.6,-0.160,1.967
47.7,12.1,-0.930,1.965
47.7,12.6,1.443,1.962
47.7,13.1,0.609,1.959
47.7,13.6,-0.160,1.958
47.7,14.1,-0.930,1.956
47.7,14.6,1.443,1.953
47.7,15.1,0.673,1.950
47.7,15.6,-0.160,1.948
47.7,16.1,-0.930,1.946
47.7,16.6,1.443,1.943
47.7,17.1,0.673,1.940
47.7,17.6,-0.160,1.937
47.7,18.1,-0.930,1.935
47.7,18.6,1.443,1.932
47.7,19.1,0.673,1.929
47.7,19.6,-0.160,1.925
47.7,20.1,-0.930,1.923
47.7,20.6,1.443,1.920
47.7,21.1,0.673,1.916
47.7,21.6,-0.160,1.912
47.7,22.1,-0.930,1.910
47.7,22.6,1.443,1.907
47.7,23.1,0.673,1.903
47.7,23.6,-0.160,1.899
47.7,24.1,-0.930,1.896
47.7,24.6,1.443,1.892
47.7,25.1,0.673,1.888
47.7,25.6,-0.160,1.885
47.7,26.1,-0.930,1.881
47.7,26.6,1.443,1.877
47.7,27.1,0.609,1.873
47.7,27.6,-0.160,1.869
47.7,28.1,-0.930,1.865
47.7,28.6,1.443,1.861
47.7,29.1,0.609,1.857
47.7,29.6,-0.160,1.853
47.7,30.2,-0.930,1.848
47.7,30.7,1.378,1.844
47.7,31.2,0.609,1.840
47.7,31.7,-0.160,1.835
47.7,32.2,-0.994,1.830
47.7,32.7,1.378,1.826
47.7,33.2,0.609,1.822
47.7,33.7,-0.160,1.816
47.7,34.2,-0.994,1.812
47.7,34.7,1.378,1.807
47.7,35.2,0.609,1.802
47.7,35.7,-0.224,1.798
47.7,36.2,-0.994,1.793
47.7,36.7,1.378,1.787
47.7,37.2,0.545,1.782
47.7,37.7,-0.224,1.777
47.7,38.2,-1.058,1.771
47.7,38.7,1.314,1.767
47.7,39.2,0.545,1.761
47.7,39.7,-0.289,1.755
47.7,40.2,-1.058,1.751
47.7,40.7,1.314,1.745
47.7,41.2,0.481,1.739
47.7,41.7,-0.289,1.734
47.7,42.2,-1.058,1.728
47.7,42.7,1.250,1.722
47.7,43.2,0.481,1.717
47.7,43.7,-0.289,1.710
47.7,44.2,-1.122,1.705
47.7,44.7,1.250,1.699
47.7,45.2,0.417,1.693
47.7,45.7,-0.353,1.687
47.7,46.2,-1.122,1.680
47.7,46.7,1.186,1.675
47.7,47.2,0.417,1.668
47.7,47.7,-0.417,1.662
47.7,48.2,-1.186,1.656
47.7,48.7,1.186,1.649
47.7,49.2,0.353,1.643
47.7,49.7,-0.417,1.636
47.7,50.3,-1.250,1.629
47.7,50.8,1.122,1.623
47.7,51.3,0.353,1.616
47.7,51.8,-0.481,1.610
47.7,52.3,-1.250,1.603
47.7,52.8,1.058,1.596
47.7,53.3,0.289,1.589
47.7,53.8,-0.545,1.582
47.7,54.3,-1.314,1.575
47.7,54.8,1.058,1.568
47.7,55.3,0.224,1.561
47.7,55.8,-0.545,1.554
47.7,56.3,-1.378,1.547
47.7,56.8,0.994,1.540
47.7,57.3,0.160,1.532
47.7,57.8,-0.609,1.525
47.7,58.3,-1.443,1.517
47.7,58.8,0.930,1.510
47.7,59.3,0.160,1.502
47.7,59.8,-0.673,1.495
47.7,60.3,-1.443,1.487
47.7,60.8,0.866,1.480
47.7,61.3,0.096,1.472
47.7,61.8,-0.737,1.464
47.7,62.3,-1.507,1.457
47.7,62.8,0.801,1.449
47.7,63.3,0.032,1.441
47.7,63.8,-0.801,1.433
47.7,64.3,1.571,1.425
47.7,64.8,0.737,1.417
47.7,65.3,-0.032,1.409
47.7,65.8,-0.866,1.401
47.7,66.3,1.507,1.393
47.7,66.8,0.673,1.384
47.7,67.3,-0.096,1.376
47.7,67.8,-0.930,1.368
47.7,68.3,1.443,1.360
47.7,68.8,0.609,1.351
47.7,69.3,-0.160,1.343
47.7,69.8,-0.994,1.334
47.7,70.4,1.378,1.326
47.7,70.9,0.545,1.317
47.7,71.4,-0.224,1.308
47.7,71.9,-1.058,1.300
47.7,72.4,1.314,1.291
47.7,72.9,0.481,1.282
47.7,73.4,-0.289,1.273
47.7,73.9,-1.122,1.265
47.7,74.4,1.250,1.255
47.7,74.9,0.417,1.247
47.7,75.4,-0.417,1.237
47.7,75.9,-1.186,1.229
47.7,76.4,1.122,1.220
47.7,76.9,0.353,1.211
47.7,77.4,-0.481,1.201
47.7,77.9,-1.250,1.192
47.7,78.4,1.058,1.183
47.7,78.9,0.289,1.173
47.7,79.4,-0.545,1.165
47.7,79.9,-1.378,1.155
47.7,80.4,0.994,1.146
47.7,80.9,0.160,1.136
47.7,81.4,-0.609,1.127
47.7,81.9,-1.443,1.118
47.7,82.4,0.930,1.108
47.7,82.9,0.096,1.098
47.7,83.4,-0.737,1.089
47.7,83.9,-1.507,1.079
47.7,84.4,0.801,1.069
47.7,84.9,0.032,1.059
47.7,85.4,-0.801,1.050
47.7,85.9,1.507,1.040
47.7,86.4,0.737,1.030
47.7,86.9,-0.096,1.021
47.7,87.4,-0.866,1.010
47.7,87.9,1.443,1.001
47.7,88.4,0.609,0.991
47.7,88.9,-0.160,0.981
47.7,89.4,-0.994,0.971
47.7,89.9,1.314,0.960
47.7,90.5,0.545,0.951
47.7,91.0,-0.289,0.940
47.7,91.5,-1.058,0.930
47.7,92.0,1.250,0.920
47.7,92.5,0.417,0.910
47.7,93.0,-0.353,0.899
47.7,93.5,-1.186,0.889
47.7,94.0,1.122,0.879
47.7,94.5,0.353,0.868
47.7,95.0,-0.481,0.858
47.7,95.5,-1.314,0.848
47.7,96.0,1.058,0.837
47.7,96.5,0.224,0.827
47.7,97.0,-0.609,0.816
47.7,97.5,-1.378,0.806
47.7,98.0,0.930,0.795
47.7,98.5,0.096,0.784
47.7,99.0,-0.673,0.774
47.7,99.5,-1.507,0.763
47.7,100.0,0.801,0.753
48.2,0.0,0.032,1.998
48.2,0.5,-0.737,1.998
48.2,1.0,-1.507,1.997
48.2,1.5,0.866,1.996
48.2,2.0,0.096,1.995
48.2,2.5,-0.673,1.994
48.2,3.0,-1.507,1.994
48.2,3.5,0.866,1.993
48.2,4.0,0.096,1.992
48.2,4.5,-0.673,1.991
48.2,5.0,-1.443,1.990
48.2,5.5,0.930,1.989
48.2,6.0,0.096,1.987
48.2,6.5,-0.673,1.986
48.2,7.0,-1.443,1.985
48.2,7.5,0.930,1.984
48.2,8.0,0.160,1.982
48.2,8.5,-0.609,1.980
48.2,9.0,-1.443,1.979
48.2,9.5,0.930,1.978
48.2,10.1,0.160,1.976
48.2,10.6,-0.609,1.974
48.2,11.1,-1.378,1.972
48.2,11.6,0.930,1.970
48.2,12.1,0.160,1.969
48.2,12.6,-0.609,1.967
48.2,13.1,-1.378,1.964
48.2,13.6,0.994,1.962
48.2,14.1,0.160,1.960
48.2,14.6,-0.609,1.958
48.2,15.1,-1.378,1.956
48.2,15.6,0.994,1.953
48.2,16.1,0.160,1.950
48.2,16.6,-0.609,1.948
48.2,17.1,-1.378,1.946
48.2,17.6,0.994,1.943
48.2,18.1,0.224,1.940
48.2,18.6,-0.609,1.937
48.2,19.1,-1.378,1.935
48.2,19.6,0.994,1.932
48.2,20.1,0.224,1.928
48.2,20.6,-0.609,1.926
48.2,21.1,-1.378,1.923
48.2,21.6,0.994,1.920
48.2,22.1,0.224,1.916
48.2,22.6,-0.609,1.913
48.2,23.1,-1.378,1.910
48.2,23.6,0.994,1.907
48.2,24.1,0.224,1.902
48.2,24.6,-0.609,1.900
48.2,25.1,-1.378,1.896
48.2,25.6,0.994,1.892
48.2,26.1,0.160,1.888
48.2,26.6,-0.609,1.885
48.2,27.1,-1.378,1.881
48.2,27.6,0.994,1.877
48.2,28.1,0.160,1.873
48.2,28.6,-0.609,1.870
48.2,29.1,-1.378,1.865
48.2,29.6,0.930,1.861
48.2,30.2,0.160,1.857
48.2,30.7,-0.609,1.853
48.2,31.2,-1.378,1.848
48.2,31.7,0.930,1.844
48.2,32.2,0.160,1.840
48.2,32.7,-0.609,1.835
48.2,33.2,-1.443,1.831
48.2,33.7,0.930,1.827
48.2,34.2,0.160,1.822
48.2,34.7,-0.673,1.817
48.2,35.2,-1.443,1.812
48.2,35.7,0.930,1.807
48.2,36.2,0.096,1.802
48.2,36.7,-0.673,1.798
48.2,37.2,-1.443,1.793
48.2,37.7,0.866,1.787
48.2,38.2,0.096,1.783
48.2,38.7,-0.673,1.777
48.2,39.2,-1.507,1.772
48.2,39.7,0.866,1.767
48.2,40.2,0.096,1.761
48.2,40.7,-0.737,1.756
48.2,41.2,-1.507,1.751
48.2,41.7,0.866,1.745
48.2,42.2,0.032,1.740
48.2,42.7,-0.737,1.734
48.2,43.2,-1.571,1.728
48.2,43.7,0.801,1.723
48.2,44.2,0.032,1.717
48.2,44.7,-0.801,1.711
48.2,45.2,1.571,1.705
48.2,45.7,0.801,1.699
48.2,46.2,-0.032,1.693
48.2,46.7,-0.801,1.687
48.2,47.2,1.507,1.680
48.2,47.7,0.737,1.675
48.2,48.2,-0.032,1.668
48.2,48.7,-0.866,1.662
48.2,49.2,1.507,1.656
48.2,49.7,0.673,1.649
48.2,50.3,-0.096,1.643
48.2,50.8,-0.866,1.636
48.2,51.3,1.443,1.630
48.2,51.8,0.673,1.623
48.2,52.3,-0.160,1.616
48.2,52.8,-0.930,1.610
48.2,53.3,1.443,1.603
48.2,53.8,0.609,1.596
48.2,54.3,-0.160,1.589
48.2,54.8,-0.994,1.582
48.2,55.3,1.378,1.576
48.2,55.8,0.545,1.568
48.2,56.3,-0.224,1.561
48.2,56.8,-0.994,1.554
48.2,57.3,1.314,1.547
48.2,57.8,0.545,1.540
48.2,58.3,-0.289,1.532
48.2,58.8,-1.058,1.525
48.2,59.3,1.250,1.518
48.2,59.8,0.481,1.510
48.2,60.3,-0.353,1.502
48.2,60.8,-1.122,1.495
48.2,61.3,1.186,1.487
48.2,61.8,0.417,1.480
48.2,62.3,-0.353,1.472
48.2,62.8,-1.186,1.465
48.2,63.3,1.186,1.456
48.2,63.8,0.353,1.449
48.2,64.3,-0.417,1.441
48.2,64.8,-1.250,1.433
48.2,65.3,1.122,1.425
48.2,65.8,0.289,1.417
48.2,66.3,-0.481,1.409
48.2,66.8,-1.314,1.401
48.2,67.3,1.058,1.393
48.2,67.8,0.224,1.384
48.2,68.3,-0.545,1.376
48.2,68.8,-1.378,1.368
48.2,69.3,0.994,1.359
48.2,69.8,0.160,1.351
48.2,70.4,-0.609,1.343
48.2,70.9,-1.443,1.334
48.2,71.4,0.930,1.325
48.2,71.9,0.096,1.317
48.2,72.4,-0.673,1.308
48.2,72.9,-1.507,1.300
48.2,73.4,0.866,1.291
48.2,73.9,0.032,1.282
48.2,74.4,-0.801,1.273
48.2,74.9,1.571,1.265
48.2,75.4,0.737,1.255
48.2,75.9,-0.032,1.247
48.2,76.4,-0.866,1.238
48.2,76.9,1.507,1.229
48.2,77.4,0.673,1.220
48.2,77.9,-0.096,1.211
48.2,78.4,-0.930,1.202
48.2,78.9,1.443,1.192
48.2,79.4,0.609,1.183
48.2,79.9,-0.224,1.174
48.2,80.4,-0.994,1.165
48.2,80.9,1.314,1.155
48.2,81.4,0.545,1.146
48.2,81.9,-0.289,1.137
48.2,82.4,-1.058,1.127
48.2,82.9,1.250,1.118
48.2,83.4,0.417,1.108
48.2,83.9,-0.353,1.098
48.2,84.4,-1.186,1.089
48.2,84.9,1.186,1.079
48.2,85.4,0.353,1.070
48.2,85.9,-0.481,1.059
48.2,86.4,-1.250,1.050
48.2,86.9,1.058,1.040
48.2,87.4,0.289,1.030
48.2,87.9,-0.545,1.021
48.2,88.4,-1.378,1.010
48.2,88.9,0.994,1.001
48.2,89.4,0.160,0.991
48.2,89.9,-0.609,0.980
48.2,90.5,-1.443,0.971
48.2,91.0,0.866,0.960
48.2,91.5,0.096,0.950
48.2,92.0,-0.737,0.940
48.2,92.5,-1.571,0.930
48.2,93.0,0.801,0.920
48.2,93.5,-0.032,0.910
48.2,94.0,-0.801,0.899
48.2,94.5,1.507,0.889
48.2,95.0,0.673,0.879
48.2,95.5,-0.096,0.868
48.2,96.0,-0.930,0.858
48.2,96.5,1.378,0.848
48.2,97.0,0.609,0.837
48.2,97.5,-0.224,0.827
48.2,98.0,-1.058,0.816
48.2,98.5,1.314,0.806
48.2,99.0,0.481,0.795
48.2,99.5,-0.353,0.785
48.2,100.0,-1.122,0.774
48.7,0.0,1.122,1.998
48.7,0.5,0.353,1.998
48.7,1.0,-0.417,1.998
48.7,1.5,-1.186,1.998
48.7,2.0,1.186,1.997
48.7,2.5,0.417,1.996
48.7,3.0,-0.353,1.995
48.7,3.5,-1.186,1.994
48.7,4.0,1.186,1.994
48.7,4.5,0.417,1.993
48.7,5.0,-0.353,1.992
48.7,5.5,-1.122,1.991
48.7,6.0,1.250,1.990
48.7,6.5,0.417,1.988
48.7,7.0,-0.353,1.988
48.7,7.5,-1.122,1.987
48.7,8.0,1.250,1.985
48.7,8.5,0.481,1.984
48.7,9.0,-0.289,1.982
48.7,9.5,-1.122,1.981
48.7,10.1,1.250,1.979
48.7,10.6,0.481,1.978
48.7,11.1,-0.289,1.976
48.7,11.6,-1.058,1.974
48.7,12.1,1.250,1.972
48.7,12.6,0.481,1.971
48.7,13.1,-0.289,1.969
48.7,13.6,-1.058,1.967
48.7,14.1,1.314,1.964
48.7,14.6,0.481,1.962
48.7,15.1,-0.289,1.960
48.7,15.6,-1.058,1.958
48.7,16.1,1.314,1.956
48.7,16.6,0.545,1.953
48.7,17.1,-0.289,1.951
48.7,17.6,-1.058,1.948
48.7,18.1,1.314,1.946
48.7,18.6,0.545,1.943
48.7,19.1,-0.289,1.940
48.7,19.6,-1.058,1.938
48.7,20.1,1.314,1.935
48.7,20.6,0.545,1.932
48.7,21.1,-0.289,1.928
48.7,21.6,-1.058,1.926
48.7,22.1,1.314,1.923
48.7,22.6,0.545,1.920
48.7,23.1,-0.289,1.916
48.7,23.6,-1.058,1.913
48.7,24.1,1.314,1.910
48.7,24.6,0.545,1.906
48.7,25.1,-0.289,1.903
48.7,25.6,-1.058,1.900
48.7,26.1,1.314,1.896
48.7,26.6,0.545,1.892
48.7,27.1,-0.289,1.889
48.7,27.6,-1.058,1.885
48.7,28.1,1.314,1.881
48.7,28.6,0.481,1.877
48.7,29.1,-0.289,1.874
48.7,29.6,-1.058,1.870
48.7,30.2,1.314,1.865
48.7,30.7,0.481,1.861
48.7,31.2,-0.289,1.857
48.7,31.7,-1.058,1.853
48.7,32.2,1.250,1.848
48.7,32.7,0.481,1.845
48.7,33.2,-0.289,1.840
48.7,33.7,-1.122,1.835
48.7,34.2,1.250,1.831
48.7,34.7,0.481,1.827
48.7,35.2,-0.289,1.821
48.7,35.7,-1.122,1.817
48.7,36.2,1.250,1.813
48.7,36.7,0.481,1.807
48.7,37.2,-0.353,1.803
48.7,37.7,-1.122,1.798
48.7,38.2,1.250,1.792
48.7,38.7,0.417,1.788
48.7,39.2,-0.353,1.783
48.7,39.7,-1.122,1.777
48.7,40.2,1.186,1.772
48.7,40.7,0.417,1.767
48.7,41.2,-0.353,1.761
48.7,41.7,-1.186,1.756
48.7,42.2,1.186,1.751
48.7,42.7,0.353,1.745
48.7,43.2,-0.417,1.740
48.7,43.7,-1.186,1.734
48.7,44.2,1.122,1.728
48.7,44.7,0.353,1.723
48.7,45.2,-0.417,1.716
48.7,45.7,-1.250,1.711
48.7,46.2,1.122,1.705
48.7,46.7,0.289,1.699
48.7,47.2,-0.481,1.693
48.7,47.7,-1.250,1.687
48.7,48.2,1.058,1.681
48.7,48.7,0.289,1.675
48.7,49.2,-0.481,1.668
48.7,49.7,-1.314,1.662
48.7,50.3,1.058,1.656
48.7,50.8,0.224,1.649
48.7,51.3,-0.545,1.643
48.7,51.8,-1.314,1.636
48.7,52.3,0.994,1.630
48.7,52.8,0.224,1.623
48.7,53.3,-0.609,1.617
48.7,53.8,-1.378,1.610
48.7,54.3,0.930,1.603
48.7,54.8,0.160,1.597
48.7,55.3,-0.609,1.589
48.7,55.8,-1.443,1.583
48.7,56.3,0.930,1.576
48.7,56.8,0.096,1.568
48.7,57.3,-0.673,1.562
48.7,57.8,-1.507,1.554
48.7,58.3,0.866,1.547
48.7,58.8,0.096,1.539
48.7,59.3,-0.737,1.533
48.7,59.8,-1.507,1.525
48.7,60.3,0.801,1.518
48.7,60.8,0.032,1.510
48.7,61.3,-0.801,1.503
48.7,61.8,1.571,1.495
48.7,62.3,0.737,1.488
48.7,62.8,-0.032,1.480
48.7,63.3,-0.866,1.472
48.7,63.8,1.507,1.465
48.7,64.3,0.673,1.456
48.7,64.8,-0.096,1.449
48.7,65.3,-0.866,1.441
48.7,65.8,1.443,1.433
48.7,66.3,0.673,1.425
48.7,66.8,-0.160,1.417
48.7,67.3,-0.930,1.409
48.7,67.8,1.378,1.401
48.7,68.3,0.609,1.392
48.7,68.8,-0.224,1.385
48.7,69.3,-0.994,1.376
48.7,69.8,1.314,1.368
48.7,70.4,0.545,1.359
48.7,70.9,-0.289,1.351
48.7,71.4,-1.058,1.342
48.7,71.9,1.250,1.334
48.7,72.4,0.481,1.325
48.7,72.9,-0.353,1.317
48.7,73.4,-1.186,1.308
48.7,73.9,1.186,1.300
48.7,74.4,0.353,1.291
48.7,74.9,-0.417,1.282
48.7,75.4,-1.250,1.273
48.7,75.9,1.122,1.265
48.7,76.4,0.289,1.256
48.7,76.9,-0.481,1.247
48.7,77.4,-1.314,1.238
48.7,77.9,1.058,1.229
48.7,78.4,0.224,1.220
48.7,78.9,-0.545,1.210
48.7,79.4,-1.378,1.202
48.7,79.9,0.930,1.192
48.7,80.4,0.160,1.183
48.7,80.9,-0.673,1.174
48.7,81.4,-1.443,1.165
48.7,81.9,0.866,1.155
48.7,82.4,0.096,1.146
48.7,82.9,-0.737,1.137
48.7,83.4,-1.571,1.127
48.7,83.9,0.801,1.118
48.7,84.4,-0.032,1.108
48.7,84.9,-0.801,1.098
48.7,85.4,1.507,1.089
48.7,85.9,0.673,1.079
48.7,86.4,-0.096,1.070
48.7,86.9,-0.930,1.060
48.7,87.4,1.443,1.050
48.7,87.9,0.609,1.040
48.7,88.4,-0.224,1.030
48.7,88.9,-0.994,1.021
48.7,89.4,1.314,1.011
48.7,89.9,0.545,1.001
48.7,90.5,-0.289,0.991
48.7,91.0,-1.122,0.980
48.7,91.5,1.250,0.971
48.7,92.0,0.417,0.961
48.7,92.5,-0.353,0.950
48.7,93.0,-1.186,0.940
48.7,93.5,1.122,0.930
48.7,94.0,0.353,0.920
48.7,94.5,-0.481,0.910
48.7,95.0,-1.314,0.899
48.7,95.5,1.058,0.889
48.7,96.0,0.224,0.879
48.7,96.5,-0.609,0.868
48.7,97.0,-1.378,0.858
48.7,97.5,0.930,0.848
48.7,98.0,0.096,0.837
48.7,98.5,-0.673,0.827
48.7,99.0,-1.507,0.816
48.7,99.5,0.801,0.805
48.7,100.0,0.032,0.795
49.2,0.0,-0.866,1.999
49.2,0.5,1.443,1.999
49.2,1.0,0.673,1.999
49.2,1.5,-0.096,1.999
49.2,2.0,-0.866,1.998
49.2,2.5,1.507,1.998
49.2,3.0,0.737,1.997
49.2,3.5,-0.032,1.996
49.2,4.0,-0.866,1.995
49.2,4.5,1.507,1.995
49.2,5.0,0.737,1.994
49.2,5.5,-0.032,1.993
49.2,6.0,-0.801,1.992
49.2,6.5,1.571,1.991
49.2,7.0,0.737,1.990
49.2,7.5,-0.032,1.989
49.2,8.0,-0.801,1.988
49.2,8.5,1.571,1.987
49.2,9.0,0.801,1.985
49.2,9.5,0.032,1.983
49.2,10.1,-0.801,1.982
49.2,10.6,-1.571,1.981
49.2,11.1,0.801,1.980
49.2,11.6,0.032,1.978
49.2,12.1,-0.737,1.976
49.2,12.6,-1.571,1.974
49.2,13.1,0.801,1.972
49.2,13.6,0.032,1.971
49.2,14.1,-0.737,1.969
49.2,14.6,-1.507,1.966
49.2,15.1,0.801,1.964
49.2,15.6,0.032,1.962
49.2,16.1,-0.737,1.960
49.2,16.6,-1.507,1.958
49.2,17.1,0.866,1.955
49.2,17.6,0.032,1.953
49.2,18.1,-0.737,1.951
49.2,18.6,-1.507,1.949
49.2,19.1,0.866,1.946
49.2,19.6,0.032,1.942
49.2,20.1,-0.737,1.940
49.2,20.6,-1.507,1.938
49.2,21.1,0.866,1.935
49.2,21.6,0.096,1.931
49.2,22.1,-0.737,1.929
49.2,22.6,-1.507,1.926
49.2,23.1,0.866,1.923
49.2,23.6,0.096,1.919
49.2,24.1,-0.737,1.917
49.2,24.6,-1.507,1.914
49.2,25.1,0.866,1.910
49.2,25.6,0.096,1.906
49.2,26.1,-0.737,1.903
49.2,26.6,-1.507,1.900
49.2,27.1,0.866,1.896
49.2,27.6,0.032,1.892
49.2,28.1,-0.737,1.889
49.2,28.6,-1.507,1.885
49.2,29.1,0.866,1.881
49.2,29.6,0.032,1.877
49.2,30.2,-0.737,1.874
49.2,30.7,-1.507,1.870
49.2,31.2,0.801,1.865
49.2,31.7,0.032,1.862
49.2,32.2,-0.737,1.858
49.2,32.7,-1.507,1.853
49.2,33.2,0.801,1.849
49.2,33.7,0.032,1.845
49.2,34.2,-0.737,1.840
49.2,34.7,-1.571,1.835
49.2,35.2,0.801,1.831
49.2,35.7,0.032,1.826
49.2,36.2,-0.801,1.822
49.2,36.7,-1.571,1.817
49.2,37.2,0.801,1.812
49.2,37.7,-0.032,1.807
49.2,38.2,-0.801,1.803
49.2,38.7,1.571,1.798
49.2,39.2,0.737,1.792
49.2,39.7,-0.032,1.788
49.2,40.2,-0.801,1.783
49.2,40.7,1.507,1.777
49.2,41.2,0.737,1.773
49.2,41.7,-0.032,1.767
49.2,42.2,-0.866,1.761
49.2,42.7,1.507,1.757
49.2,43.2,0.737,1.751
49.2,43.7,-0.096,1.745
49.2,44.2,-0.866,1.740
49.2,44.7,1.507,1.734
49.2,45.2,0.673,1.729
49.2,45.7,-0.096,1.723
49.2,46.2,-0.930,1.716
49.2,46.7,1.443,1.711
49.2,47.2,0.673,1.705
49.2,47.7,-0.160,1.699
49.2,48.2,-0.930,1.693
49.2,48.7,1.443,1.687
49.2,49.2,0.609,1.681
49.2,49.7,-0.160,1.675
49.2,50.3,-0.994,1.668
49.2,50.8,1.378,1.663
49.2,51.3,0.609,1.656
49.2,51.8,-0.224,1.650
49.2,52.3,-0.994,1.643
49.2,52.8,1.314,1.636
49.2,53.3,0.545,1.630
49.2,53.8,-0.224,1.623
49.2,54.3,-1.058,1.617
49.2,54.8,1.314,1.610
49.2,55.3,0.481,1.603
49.2,55.8,-0.289,1.597
49.2,56.3,-1.122,1.589
49.2,56.8,1.250,1.583
49.2,57.3,0.481,1.575
49.2,57.8,-0.353,1.569
49.2,58.3,-1.122,1.561
49.2,58.8,1.186,1.554
49.2,59.3,0.417,1.547
49.2,59.8,-0.417,1.540
49.2,60.3,-1.186,1.533
49.2,60.8,1.122,1.525
49.2,61.3,0.353,1.518
49.2,61.8,-0.417,1.510
49.2,62.3,-1.250,1.503
49.2,62.8,1.122,1.495
49.2,63.3,0.289,1.488
49.2,63.8,-0.481,1.480
49.2,64.3,-1.314,1.472
49.2,64.8,1.058,1.465
49.2,65.3,0.224,1.457
49.2,65.8,-0.545,1.449
49.2,66.3,-1.378,1.441
49.2,66.8,0.994,1.433
49.2,67.3,0.160,1.425
49.2,67.8,-0.609,1.417
49.2,68.3,-1.443,1.409
49.2,68.8,0.930,1.401
49.2,69.3,0.096,1.393
49.2,69.8,-0.673,1.385
49.2,70.4,-1.507,1.376
49.2,70.9,0.866,1.368
49.2,71.4,0.032,1.359
49.2,71.9,-0.737,1.351
49.2,72.4,-1.571,1.343
49.2,72.9,0.801,1.334
49.2,73.4,-0.032,1.326
49.2,73.9,-0.801,1.317
49.2,74.4,1.507,1.308
49.2,74.9,0.737,1.300
49.2,75.4,-0.096,1.291
49.2,75.9,-0.866,1.282
49.2,76.4,1.443,1.274
49.2,76.9,0.673,1.265
49.2,77.4,-0.160,1.256
49.2,77.9,-0.930,1.247
49.2,78.4,1.378,1.238
49.2,78.9,0.545,1.229
49.2,79.4,-0.224,1.220
49.2,79.9,-1.058,1.211
49.2,80.4,1.314,1.202
49.2,80.9,0.481,1.192
49.2,81.4,-0.289,1.183
49.2,81.9,-1.122,1.174
49.2,82.4,1.250,1.164
49.2,82.9,0.417,1.155
49.2,83.4,-0.417,1.146
49.2,83.9,-1.186,1.137
49.2,84.4,1.122,1.127
49.2,84.9,0.353,1.118
49.2,85.4,-0.481,1.108
49.2,85.9,-1.250,1.098
49.2,86.4,1.058,1.089
49.2,86.9,0.224,1.079
49.2,87.4,-0.545,1.070
49.2,87.9,-1.378,1.060
49.2,88.4,0.994,1.050
49.2,88.9,0.160,1.040
49.2,89.4,-0.673,1.030
49.2,89.9,-1.443,1.021
49.2,90.5,0.866,1.011
49.2,91.0,0.096,1.000
49.2,91.5,-0.737,0.991
49.2,92.0,-1.571,0.981
49.2,92.5,0.801,0.971
49.2,93.0,-0.032,0.961
49.2,93.5,-0.866,0.950
49.2,94.0,1.507,0.940
49.2,94.5,0.673,0.930
49.2,95.0,-0.096,0.920
49.2,95.5,-0.930,0.910
49.2,96.0,1.378,0.900
49.2,96.5,0.609,0.889
49.2,97.0,-0.224,0.879
49.2,97.5,-1.058,0.868
49.2,98.0,1.314,0.858
49.2,98.5,0.481,0.848
49.2,99.0,-0.353,0.837
49.2,99.5,-1.122,0.827
49.2,100.0,1.186,0.816
49.7,0.0,0.224,1.999
49.7,0.5,-0.545,1.999
49.7,1.0,-1.378,1.999
49.7,1.5,0.994,1.999
49.7,2.0,0.224,1.999
49.7,2.5,-0.545,1.999
49.7,3.0,-1.314,1.998
49.7,3.5,1.058,1.997
49.7,4.0,0.289,1.996
49.7,4.5,-0.545,1.996
49.7,5.0,-1.314,1.996
49.7,5.5,1.058,1.995
49.7,6.0,0.289,1.994
49.7,6.5,-0.481,1.993
49.7,7.0,-1.250,1.992
49.7,7.5,1.058,1.991
49.7,8.0,0.289,1.990
49.7,8.5,-0.481,1.989
49.7,9.0,-1.250,1.988
49.7,9.5,1.122,1.987
49.7,10.1,0.353,1.985
49.7,10.6,-0.481,1.983
49.7,11.1,-1.250,1.982
49.7,11.6,1.122,1.981
49.7,12.1,0.353,1.980
49.7,12.6,-0.417,1.978
49.7,13.1,-1.186,1.975
49.7,13.6,1.122,1.974
49.7,14.1,0.353,1.973
49.7,14.6,-0.417,1.971
49.7,15.1,-1.186,1.969
49.7,15.6,1.186,1.966
49.7,16.1,0.353,1.964
49.7,16.6,-0.417,1.963
49.7,17.1,-1.186,1.961
49.7,17.6,1.186,1.958
49.7,18.1,0.353,1.955
49.7,18.6,-0.417,1.953
49.7,19.1,-1.186,1.951
49.7,19.6,1.186,1.948
49.7,20.1,0.417,1.945
49.7,20.6,-0.417,1.943
49.7,21.1,-1.186,1.941
49.7,21.6,1.186,1.938
49.7,22.1,0.417,1.935
49.7,22.6,-0.417,1.932
49.7,23.1,-1.186,1.929
49.7,23.6,1.186,1.926
49.7,24.1,0.417,1.923
49.7,24.6,-0.417,1.920
49.7,25.1,-1.186,1.917
49.7,25.6,1.186,1.914
49.7,26.1,0.417,1.910
49.7,26.6,-0.417,1.907
49.7,27.1,-1.186,1.904
49.7,27.6,1.186,1.900
49.7,28.1,0.417,1.896
49.7,28.6,-0.417,1.893
49.7,29.1,-1.186,1.889
49.7,29.6,1.186,1.885
49.7,30.2,0.353,1.881
49.7,30.7,-0.417,1.878
49.7,31.2,-1.186,1.874
49.7,31.7,1.186,1.869
49.7,32.2,0.353,1.866
49.7,32.7,-0.417,1.862
49.7,33.2,-1.186,1.857
49.7,33.7,1.122,1.853
49.7,34.2,0.353,1.849
49.7,34.7,-0.417,1.845
49.7,35.2,-1.186,1.840
49.7,35.7,1.122,1.836
49.7,36.2,0.353,1.831
49.7,36.7,-0.417,1.826
49.7,37.2,-1.250,1.822
49.7,37.7,1.122,1.818
49.7,38.2,0.353,1.812
49.7,38.7,-0.481,1.808
49.7,39.2,-1.250,1.803
49.7,39.7,1.122,1.798
49.7,40.2,0.289,1.793
49.7,40.7,-0.481,1.788
49.7,41.2,-1.250,1.782
49.7,41.7,1.058,1.778
49.7,42.2,0.289,1.773
49.7,42.7,-0.481,1.767
49.7,43.2,-1.314,1.762
49.7,43.7,1.058,1.757
49.7,44.2,0.289,1.750
49.7,44.7,-0.545,1.746
49.7,45.2,-1.314,1.740
49.7,45.7,0.994,1.734
49.7,46.2,0.224,1.729
49.7,46.7,-0.545,1.723
49.7,47.2,-1.378,1.717
49.7,47.7,0.994,1.711
49.7,48.2,0.224,1.705
49.7,48.7,-0.609,1.699
49.7,49.2,-1.378,1.693
49.7,49.7,0.930,1.687
49.7,50.3,0.160,1.681
49.7,50.8,-0.609,1.675
49.7,51.3,-1.443,1.669
49.7,51.8,0.930,1.663
49.7,52.3,0.096,1.656
49.7,52.8,-0.673,1.650
49.7,53.3,-1.443,1.643
49.7,53.8,0.866,1.637
49.7,54.3,0.096,1.630
49.7,54.8,-0.737,1.623
49.7,55.3,-1.507,1.617
49.7,55.8,0.866,1.610
49.7,56.3,0.032,1.604
49.7,56.8,-0.737,1.597
49.7,57.3,-1.571,1.590
49.7,57.8,0.801,1.583
49.7,58.3,-0.032,1.575
49.7,58.8,-0.801,1.569
49.7,59.3,1.571,1.561
49.7,59.8,0.737,1.555
49.7,60.3,-0.032,1.547
49.7,60.8,-0.866,1.540
49.7,61.3,1.507,1.533
49.7,61.8,0.673,1.525
49.7,62.3,-0.096,1.518
49.7,62.8,-0.930,1.510
49.7,63.3,1.443,1.503
49.7,63.8,0.673,1.495
49.7,64.3,-0.160,1.488
49.7,64.8,-0.930,1.480
49.7,65.3,1.378,1.473
49.7,65.8,0.609,1.465
49.7,66.3,-0.224,1.457
49.7,66.8,-0.994,1.449
49.7,67.3,1.314,1.441
49.7,67.8,0.545,1.433
49.7,68.3,-0.289,1.425
49.7,68.8,-1.058,1.417
49.7,69.3,1.250,1.409
49.7,69.8,0.481,1.401
49.7,70.4,-0.353,1.393
49.7,70.9,-1.122,1.385
49.7,71.4,1.186,1.376
49.7,71.9,0.417,1.368
49.7,72.4,-0.417,1.360
49.7,72.9,-1.186,1.351
49.7,73.4,1.122,1.343
49.7,73.9,0.353,1.334
49.7,74.4,-0.481,1.326
49.7,74.9,-1.250,1.317
49.7,75.4,1.058,1.309
49.7,75.9,0.289,1.300
49.7,76.4,-0.545,1.291
49.7,76.9,-1.314,1.282
49.7,77.4,0.994,1.274
49.7,77.9,0.224,1.264
49.7,78.4,-0.609,1.256
49.7,78.9,-1.443,1.247
49.7,79.4,0.930,1.238
49.7,79.9,0.096,1.229
49.7,80.4,-0.673,1.220
49.7,80.9,-1.507,1.211
49.7,81.4,0.866,1.202
49.7,81.9,0.032,1.193
49.7,82.4,-0.737,1.183
49.7,82.9,-1.571,1.174
49.7,83.4,0.737,1.164
49.7,83.9,-0.032,1.156
49.7,84.4,-0.866,1.146
49.7,84.9,1.507,1.137
49.7,85.4,0.673,1.127
49.7,85.9,-0.096,1.117
49.7,86.4,-0.930,1.108
49.7,86.9,1.378,1.098
49.7,87.4,0.609,1.089
49.7,87.9,-0.224,1.079
49.7,88.4,-0.994,1.069
49.7,88.9,1.314,1.060
49.7,89.4,0.481,1.050
49.7,89.9,-0.289,1.040
49.7,90.5,-1.122,1.030
49.7,91.0,1.250,1.020
49.7,91.5,0.417,1.011
49.7,92.0,-0.417,1.001
49.7,92.5,-1.186,0.991
49.7,93.0,1.122,0.981
49.7,93.5,0.353,0.970
49.7,94.0,-0.481,0.961
49.7,94.5,-1.314,0.951
49.7,95.0,1.058,0.940
49.7,95.5,0.224,0.930
49.7,96.0,-0.609,0.920
49.7,96.5,-1.378,0.910
49.7,97.0,0.930,0.900
49.7,97.5,0.096,0.889
49.7,98.0,-0.673,0.879
49.7,98.5,-1.507,0.869
49.7,99.0,0.801,0.858
49.7,99.5,0.032,0.848
49.7,100.0,-0.801,0.837
50.3,0.0,1.314,2.000
50.3,0.5,0.545,1.999
50.3,1.0,-0.289,1.999
50.3,1.5,-1.058,1.999
50.3,2.0,1.314,1.999
50.3,2.5,0.545,1.999
50.3,3.0,-0.224,1.999
50.3,3.5,-0.994,1.999
50.3,4.0,1.378,1.998
50.3,4.5,0.609,1.997
50.3,5.0,-0.224,1.997
50.3,5.5,-0.994,1.996
50.3,6.0,1.378,1.996
50.3,6.5,0.609,1.995
50.3,7.0,-0.160,1.994
50.3,7.5,-0.930,1.993
50.3,8.0,1.378,1.992
50.3,8.5,0.609,1.991
50.3,9.0,-0.160,1.990
50.3,9.5,-0.930,1.989
50.3,10.1,1.443,1.988
50.3,10.6,0.673,1.986
50.3,11.1,-0.160,1.985
50.3,11.6,-0.930,1.984
50.3,12.1,1.443,1.983
50.3,12.6,0.673,1.981
50.3,13.1,-0.096,1.979
50.3,13.6,-0.866,1.977
50.3,14.1,1.443,1.976
50.3,14.6,0.673,1.975
50.3,15.1,-0.096,1.973
50.3,15.6,-0.866,1.971
50.3,16.1,1.507,1.968
50.3,16.6,0.673,1.966
50.3,17.1,-0.096,1.965
50.3,17.6,-0.866,1.963
50.3,18.1,1.507,1.960
50.3,18.6,0.737,1.958
50.3,19.1,-0.096,1.956
50.3,19.6,-0.866,1.954
50.3,20.1,1.507,1.951
50.3,20.6,0.737,1.948
50.3,21.1,-0.096,1.945
50.3,21.6,-0.866,1.943
50.3,22.1,1.507,1.941
50.3,22.6,0.737,1.938
50.3,23.1,-0.096,1.934
50.3,23.6,-0.866,1.932
50.3,24.1,1.507,1.929
50.3,24.6,0.737,1.926
50.3,25.1,-0.032,1.922
50.3,25.6,-0.866,1.920
50.3,26.1,1.507,1.917
50.3,26.6,0.737,1.914
50.3,27.1,-0.096,1.910
50.3,27.6,-0.866,1.907
50.3,28.1,1.507,1.904
50.3,28.6,0.737,1.900
50.3,29.1,-0.096,1.896
50.3,29.6,-0.866,1.893
50.3,30.2,1.507,1.889
50.3,30.7,0.737,1.885
50.3,31.2,-0.096,1.881
50.3,31.7,-0.866,1.878
50.3,32.2,1.507,1.874
50.3,32.7,0.673,1.869
50.3,33.2,-0.096,1.866
50.3,33.7,-0.866,1.862
50.3,34.2,1.507,1.857
50.3,34.7,0.673,1.853
50.3,35.2,-0.096,1.849
50.3,35.7,-0.866,1.845
50.3,36.2,1.443,1.840
50.3,36.7,0.673,1.836
50.3,37.2,-0.096,1.831
50.3,37.7,-0.930,1.826
50.3,38.2,1.443,1.822
50.3,38.7,0.673,1.817
50.3,39.2,-0.160,1.812
50.3,39.7,-0.930,1.808
50.3,40.2,1.443,1.803
50.3,40.7,0.609,1.798
50.3,41.2,-0.160,1.793
50.3,41.7,-0.930,1.788
50.3,42.2,1.378,1.782
50.3,42.7,0.609,1.778
50.3,43.2,-0.160,1.773
50.3,43.7,-0.994,1.767
50.3,44.2,1.378,1.762
50.3,44.7,0.609,1.756
50.3,45.2,-0.224,1.751
50.3,45.7,-0.994,1.746
50.3,46.2,1.378,1.740
50.3,46.7,0.545,1.734
50.3,47.2,-0.224,1.729
50.3,47.7,-0.994,1.722
50.3,48.2,1.314,1.717
50.3,48.7,0.545,1.711
50.3,49.2,-0.289,1.705
50.3,49.7,-1.058,1.700
50.3,50.3,1.314,1.693
50.3,50.8,0.481,1.687
50.3,51.3,-0.289,1.681
50.3,51.8,-1.122,1.674
50.3,52.3,1.250,1.669
50.3,52.8,0.481,1.662
50.3,53.3,-0.353,1.656
50.3,53.8,-1.122,1.650
50.3,54.3,1.186,1.643
50.3,54.8,0.417,1.637
50.3,55.3,-0.353,1.630
50.3,55.8,-1.186,1.624
50.3,56.3,1.186,1.617
50.3,56.8,0.353,1.610
50.3,57.3,-0.417,1.604
50.3,57.8,-1.186,1.596
50.3,58.3,1.122,1.590
50.3,58.8,0.353,1.583
50.3,59.3,-0.481,1.576
50.3,59.8,-1.250,1.569
50.3,60.3,1.058,1.561
50.3,60.8,0.289,1.555
50.3,61.3,-0.481,1.547
50.3,61.8,-1.314,1.540
50.3,62.3,1.058,1.533
50.3,62.8,0.224,1.526
50.3,63.3,-0.545,1.518
50.3,63.8,-1.378,1.511
50.3,64.3,0.994,1.503
50.3,64.8,0.160,1.495
50.3,65.3,-0.609,1.488
50.3,65.8,-1.443,1.480
50.3,66.3,0.930,1.473
50.3,66.8,0.160,1.464
50.3,67.3,-0.673,1.457
50.3,67.8,-1.443,1.449
50.3,68.3,0.866,1.442
50.3,68.8,0.096,1.433
50.3,69.3,-0.737,1.426
50.3,69.8,-1.507,1.417
50.3,70.4,0.801,1.409
50.3,70.9,0.032,1.401
50.3,71.4,-0.801,1.393
50.3,71.9,1.571,1.385
50.3,72.4,0.737,1.377
50.3,72.9,-0.032,1.368
50.3,73.4,-0.866,1.360
50.3,73.9,1.507,1.351
50.3,74.4,0.673,1.343
50.3,74.9,-0.096,1.334
50.3,75.4,-0.930,1.326
50.3,75.9,1.443,1.317
50.3,76.4,0.609,1.309
50.3,76.9,-0.160,1.300
50.3,77.4,-0.994,1.292
50.3,77.9,1.314,1.282
50.3,78.4,0.545,1.274
50.3,78.9,-0.289,1.265
50.3,79.4,-1.058,1.256
50.3,79.9,1.250,1.247
50.3,80.4,0.481,1.238
50.3,80.9,-0.353,1.229
50.3,81.4,-1.122,1.220
50.3,81.9,1.186,1.211
50.3,82.4,0.417,1.201
50.3,82.9,-0.417,1.193
50.3,83.4,-1.250,1.183
50.3,83.9,1.122,1.174
50.3,84.4,0.289,1.165
50.3,84.9,-0.481,1.155
50.3,85.4,-1.314,1.146
50.3,85.9,1.058,1.136
50.3,86.4,0.224,1.127
50.3,86.9,-0.609,1.117
50.3,87.4,-1.378,1.108
50.3,87.9,0.930,1.099
50.3,88.4,0.160,1.089
50.3,88.9,-0.673,1.079
50.3,89.4,-1.507,1.069
50.3,89.9,0.866,1.060
50.3,90.5,0.032,1.050
50.3,91.0,-0.737,1.040
50.3,91.5,-1.571,1.031
50.3,92.0,0.737,1.020
50.3,92.5,-0.032,1.011
50.3,93.0,-0.866,1.001
50.3,93.5,1.507,0.991
50.3,94.0,0.673,0.981
50.3,94.5,-0.160,0.971
50.3,95.0,-0.930,0.961
50.3,95.5,1.378,0.951
50.3,96.0,0.545,0.940
50.3,96.5,-0.224,0.930
50.3,97.0,-1.058,0.920
50.3,97.5,1.314,0.910
50.3,98.0,0.481,0.900
50.3,98.5,-0.353,0.889
50.3,99.0,-1.122,0.879
50.3,99.5,1.186,0.869
50.3,100.0,0.353,0.858
50.8,0.0,-0.737,2.000
50.8,0.5,-1.507,2.000
50.8,1.0,0.866,1.999
50.8,1.5,0.032,1.999
50.8,2.0,-0.737,2.000
50.8,2.5,-1.507,2.000
50.8,3.0,0.866,2.000
50.8,3.5,0.096,1.999
50.8,4.0,-0.673,1.999
50.8,4.5,-1.443,1.998
50.8,5.0,0.930,1.997
50.8,5.5,0.096,1.997
50.8,6.0,-0.673,1.997
50.8,6.5,-1.443,1.997
50.8,7.0,0.930,1.996
50.8,7.5,0.160,1.995
50.8,8.0,-0.609,1.994
50.8,8.5,-1.443,1.993
50.8,9.0,0.930,1.992
50.8,9.5,0.160,1.991
50.8,10.1,-0.609,1.991
50.8,10.6,-1.378,1.989
50.8,11.1,0.994,1.988
50.8,11.6,0.224,1.986
50.8,12.1,-0.609,1.985
50.8,12.6,-1.378,1.984
50.8,13.1,0.994,1.983
50.8,13.6,0.224,1.981
50.8,14.1,-0.545,1.979
50.8,14.6,-1.378,1.977
50.8,15.1,0.994,1.976
50.8,15.6,0.224,1.975
50.8,16.1,-0.545,1.973
50.8,16.6,-1.314,1.970
50.8,17.1,0.994,1.968
50.8,17.6,0.224,1.967
50.8,18.1,-0.545,1.965
50.8,18.6,-1.314,1.963
50.8,19.1,1.058,1.960
50.8,19.6,0.224,1.958
50.8,20.1,-0.545,1.956
50.8,20.6,-1.314,1.954
50.8,21.1,1.058,1.951
50.8,21.6,0.289,1.948
50.8,22.1,-0.545,1.946
50.8,22.6,-1.314,1.944
50.8,23.1,1.058,1.941
50.8,23.6,0.289,1.937
50.8,24.1,-0.545,1.935
50.8,24.6,-1.314,1.932
50.8,25.1,1.058,1.929
50.8,25.6,0.289,1.926
50.8,26.1,-0.545,1.923
50.8,26.6,-1.314,1.920
50.8,27.1,1.058,1.917
50.8,27.6,0.289,1.913
50.8,28.1,-0.545,1.910
50.8,28.6,-1.314,1.907
50.8,29.1,1.058,1.904
50.8,29.6,0.289,1.900
50.8,30.2,-0.545,1.896
50.8,30.7,-1.314,1.893
50.8,31.2,1.058,1.889
50.8,31.7,0.224,1.885
50.8,32.2,-0.545,1.882
50.8,32.7,-1.314,1.878
50.8,33.2,1.058,1.874
50.8,33.7,0.224,1.870
50.8,34.2,-0.545,1.866
50.8,34.7,-1.314,1.862
50.8,35.2,0.994,1.857
50.8,35.7,0.224,1.854
50.8,36.2,-0.545,1.849
50.8,36.7,-1.314,1.844
50.8,37.2,0.994,1.841
50.8,37.7,0.224,1.836
50.8,38.2,-0.545,1.831
50.8,38.7,-1.378,1.827
50.8,39.2,0.994,1.822
50.8,39.7,0.224,1.817
50.8,40.2,-0.609,1.813
50.8,40.7,-1.378,1.808
50.8,41.2,0.994,1.803
50.8,41.7,0.160,1.798
50.8,42.2,-0.609,1.793
50.8,42.7,-1.378,1.788
50.8,43.2,0.930,1.783
50.8,43.7,0.160,1.778
50.8,44.2,-0.609,1.772
50.8,44.7,-1.443,1.767
50.8,45.2,0.930,1.762
50.8,45.7,0.160,1.756
50.8,46.2,-0.673,1.751
50.8,46.7,-1.443,1.746
50.8,47.2,0.866,1.739
50.8,47.7,0.096,1.735
50.8,48.2,-0.673,1.729
50.8,48.7,-1.507,1.723
50.8,49.2,0.866,1.718
50.8,49.7,0.096,1.711
50.8,50.3,-0.737,1.706
50.8,50.8,-1.507,1.700
50.8,51.3,0.866,1.693
50.8,51.8,0.032,1.688
50.8,52.3,-0.737,1.681
50.8,52.8,-1.571,1.675
50.8,53.3,0.801,1.669
50.8,53.8,0.032,1.662
50.8,54.3,-0.801,1.656
50.8,54.8,1.571,1.650
50.8,55.3,0.737,1.643
50.8,55.8,-0.032,1.637
50.8,56.3,-0.801,1.630
50.8,56.8,1.507,1.624
50.8,57.3,0.737,1.617
50.8,57.8,-0.096,1.610
50.8,58.3,-0.866,1.604
50.8,58.8,1.443,1.596
50.8,59.3,0.673,1.590
50.8,59.8,-0.096,1.583
50.8,60.3,-0.930,1.576
50.8,60.8,1.443,1.569
50.8,61.3,0.609,1.562
50.8,61.8,-0.160,1.555
50.8,62.3,-0.994,1.547
50.8,62.8,1.378,1.540
50.8,63.3,0.609,1.532
50.8,63.8,-0.224,1.526
50.8,64.3,-0.994,1.518
50.8,64.8,1.314,1.511
50.8,65.3,0.545,1.503
50.8,65.8,-0.289,1.496
50.8,66.3,-1.058,1.488
50.8,66.8,1.250,1.480
50.8,67.3,0.481,1.473
50.8,67.8,-0.353,1.465
50.8,68.3,-1.122,1.457
50.8,68.8,1.186,1.449
50.8,69.3,0.417,1.442
50.8,69.8,-0.417,1.433
50.8,70.4,-1.186,1.426
50.8,70.9,1.122,1.417
50.8,71.4,0.353,1.410
50.8,71.9,-0.417,1.401
50.8,72.4,-1.250,1.393
50.8,72.9,1.122,1.384
50.8,73.4,0.289,1.377
50.8,73.9,-0.481,1.368
50.8,74.4,-1.314,1.360
50.8,74.9,0.994,1.351
50.8,75.4,0.224,1.343
50.8,75.9,-0.609,1.334
50.8,76.4,-1.378,1.326
50.8,76.9,0.930,1.317
50.8,77.4,0.160,1.309
50.8,77.9,-0.673,1.300
50.8,78.4,-1.443,1.292
50.8,78.9,0.866,1.283
50.8,79.4,0.096,1.274
50.8,79.9,-0.737,1.265
50.8,80.4,-1.507,1.256
50.8,80.9,0.801,1.247
50.8,81.4,0.032,1.238
50.8,81.9,-0.801,1.229
50.8,82.4,1.571,1.220
50.8,82.9,0.737,1.211
50.8,83.4,-0.096,1.202
50.8,83.9,-0.866,1.193
50.8,84.4,1.443,1.183
50.8,84.9,0.673,1.174
50.8,85.4,-0.160,1.165
50.8,85.9,-0.930,1.155
50.8,86.4,1.378,1.146
50.8,86.9,0.545,1.136
50.8,87.4,-0.224,1.127
50.8,87.9,-1.058,1.118
50.8,88.4,1.314,1.108
50.8,88.9,0.481,1.099
50.8,89.4,-0.289,1.089
50.8,89.9,-1.122,1.079
50.8,90.5,1.186,1.070
50.8,91.0,0.417,1.060
50.8,91.5,-0.417,1.050
50.8,92.0,-1.186,1.040
50.8,92.5,1.122,1.031
50.8,93.0,0.289,1.021
50.8,93.5,-0.481,1.011
50.8,94.0,-1.314,1.001
50.8,94.5,0.994,0.990
50.8,95.0,0.224,0.981
50.8,95.5,-0.609,0.971
50.8,96.0,-1.378,0.961
50.8,96.5,0.930,0.951
50.8,97.0,0.096,0.940
50.8,97.5,-0.673,0.930
50.8,98.0,-1.507,0.920
50.8,98.5,0.801,0.910
50.8,99.0,0.032,0.900
50.8,99.5,-0.801,0.889
50.8,100.0,1.571,0.879
51.3,0.0,0.353,1.999
51.3,0.5,-0.417,1.999
51.3,1.0,-1.186,1.999
51.3,1.5,1.186,1.999
51.3,2.0,0.353,1.999
51.3,2.5,-0.417,2.000
51.3,3.0,-1.186,2.000
51.3,3.5,1.186,2.000
51.3,4.0,0.417,2.000
51.3,4.5,-0.353,1.999
51.3,5.0,-1.122,1.999
51.3,5.5,1.250,1.998
51.3,6.0,0.417,1.998
51.3,6.5,-0.353,1.998
51.3,7.0,-1.122,1.997
51.3,7.5,1.250,1.997
51.3,8.0,0.481,1.996
51.3,8.5,-0.289,1.995
51.3,9.0,-1.058,1.993
51.3,9.5,1.250,1.993
51.3,10.1,0.481,1.992
51.3,10.6,-0.289,1.992
51.3,11.1,-1.058,1.990
51.3,11.6,1.314,1.989
51.3,12.1,0.545,1.987
51.3,12.6,-0.289,1.987
51.3,13.1,-1.058,1.986
51.3,13.6,1.314,1.984
51.3,14.1,0.545,1.983
51.3,14.6,-0.224,1.981
51.3,15.1,-1.058,1.979
51.3,15.6,1.314,1.978
51.3,16.1,0.545,1.976
51.3,16.6,-0.224,1.975
51.3,17.1,-0.994,1.973
51.3,17.6,1.314,1.970
51.3,18.1,0.545,1.969
51.3,18.6,-0.224,1.967
51.3,19.1,-0.994,1.965
51.3,19.6,1.378,1.963
51.3,20.1,0.545,1.960
51.3,20.6,-0.224,1.958
51.3,21.1,-0.994,1.956
51.3,21.6,1.378,1.954
51.3,22.1,0.609,1.951
51.3,22.6,-0.224,1.948
51.3,23.1,-0.994,1.946
51.3,23.6,1.378,1.944
51.3,24.1,0.609,1.941
51.3,24.6,-0.224,1.938
51.3,25.1,-0.994,1.935
51.3,25.6,1.378,1.933
51.3,26.1,0.609,1.929
51.3,26.6,-0.224,1.926
51.3,27.1,-0.994,1.923
51.3,27.6,1.378,1.920
51.3,28.1,0.609,1.917
51.3,28.6,-0.224,1.913
51.3,29.1,-0.994,1.911
51.3,29.6,1.378,1.907
51.3,30.2,0.609,1.903
51.3,30.7,-0.224,1.900
51.3,31.2,-0.994,1.897
51.3,31.7,1.378,1.893
51.3,32.2,0.609,1.889
51.3,32.7,-0.224,1.886
51.3,33.2,-0.994,1.882
51.3,33.7,1.378,1.878
51.3,34.2,0.545,1.874
51.3,34.7,-0.224,1.870
51.3,35.2,-0.994,1.866
51.3,35.7,1.378,1.861
51.3,36.2,0.545,1.858
51.3,36.7,-0.224,1.854
51.3,37.2,-0.994,1.849
51.3,37.7,1.314,1.845
51.3,38.2,0.545,1.841
51.3,38.7,-0.224,1.836
51.3,39.2,-1.058,1.831
51.3,39.7,1.314,1.827
51.3,40.2,0.545,1.822
51.3,40.7,-0.289,1.817
51.3,41.2,-1.058,1.813
51.3,41.7,1.314,1.808
51.3,42.2,0.545,1.803
51.3,42.7,-0.289,1.798
51.3,43.2,-1.058,1.793
51.3,43.7,1.314,1.788
51.3,44.2,0.481,1.783
51.3,44.7,-0.289,1.778
51.3,45.2,-1.122,1.772
51.3,45.7,1.250,1.768
51.3,46.2,0.481,1.762
51.3,46.7,-0.353,1.756
51.3,47.2,-1.122,1.752
51.3,47.7,1.250,1.746
51.3,48.2,0.417,1.740
51.3,48.7,-0.353,1.735
51.3,49.2,-1.122,1.729
51.3,49.7,1.186,1.723
51.3,50.3,0.417,1.718
51.3,50.8,-0.353,1.711
51.3,51.3,-1.186,1.706
51.3,51.8,1.186,1.700
51.3,52.3,0.353,1.693
51.3,52.8,-0.417,1.688
51.3,53.3,-1.186,1.681
51.3,53.8,1.122,1.675
51.3,54.3,0.353,1.669
51.3,54.8,-0.481,1.662
51.3,55.3,-1.250,1.657
51.3,55.8,1.122,1.650
51.3,56.3,0.289,1.644
51.3,56.8,-0.481,1.637
51.3,57.3,-1.314,1.630
51.3,57.8,1.058,1.624
51.3,58.3,0.289,1.617
51.3,58.8,-0.545,1.611
51.3,59.3,-1.314,1.604
51.3,59.8,0.994,1.597
51.3,60.3,0.224,1.590
51.3,60.8,-0.609,1.583
51.3,61.3,-1.378,1.576
51.3,61.8,0.994,1.569
51.3,62.3,0.160,1.562
51.3,62.8,-0.609,1.555
51.3,63.3,-1.443,1.548
51.3,63.8,0.930,1.541
51.3,64.3,0.096,1.533
51.3,64.8,-0.673,1.526
51.3,65.3,-1.507,1.518
51.3,65.8,0.866,1.511
51.3,66.3,0.096,1.503
51.3,66.8,-0.737,1.496
51.3,67.3,-1.507,1.488
51.3,67.8,0.801,1.481
51.3,68.3,0.032,1.473
51.3,68.8,-0.801,1.465
51.3,69.3,1.571,1.457
51.3,69.8,0.737,1.449
51.3,70.4,-0.032,1.442
51.3,70.9,-0.866,1.434
51.3,71.4,1.507,1.426
51.3,71.9,0.673,1.417
51.3,72.4,-0.096,1.410
51.3,72.9,-0.930,1.401
51.3,73.4,1.443,1.393
51.3,73.9,0.609,1.385
51.3,74.4,-0.160,1.377
51.3,74.9,-0.994,1.368
51.3,75.4,1.378,1.360
51.3,75.9,0.545,1.351
51.3,76.4,-0.224,1.343
51.3,76.9,-1.058,1.335
51.3,77.4,1.314,1.326
51.3,77.9,0.481,1.318
51.3,78.4,-0.289,1.309
51.3,78.9,-1.122,1.300
51.3,79.4,1.250,1.291
51.3,79.9,0.417,1.283
51.3,80.4,-0.353,1.274
51.3,80.9,-1.186,1.265
51.3,81.4,1.186,1.256
51.3,81.9,0.353,1.247
51.3,82.4,-0.481,1.238
51.3,82.9,-1.250,1.229
51.3,83.4,1.058,1.220
51.3,83.9,0.289,1.211
51.3,84.4,-0.545,1.202
51.3,84.9,-1.314,1.193
51.3,85.4,0.994,1.184
51.3,85.9,0.224,1.174
51.3,86.4,-0.609,1.165
51.3,86.9,-1.443,1.155
51.3,87.4,0.930,1.146
51.3,87.9,0.096,1.137
51.3,88.4,-0.673,1.127
51.3,88.9,-1.507,1.118
51.3,89.4,0.866,1.108
51.3,89.9,0.032,1.099
51.3,90.5,-0.801,1.089
51.3,91.0,1.571,1.079
51.3,91.5,0.737,1.070
51.3,92.0,-0.032,1.060
51.3,92.5,-0.866,1.050
51.3,93.0,1.443,1.040
51.3,93.5,0.673,1.031
51.3,94.0,-0.160,1.021
51.3,94.5,-0.930,1.011
51.3,95.0,1.378,1.001
51.3,95.5,0.545,0.991
51.3,96.0,-0.224,0.981
51.3,96.5,-1.058,0.971
51.3,97.0,1.250,0.960
51.3,97.5,0.481,0.951
51.3,98.0,-0.353,0.940
51.3,98.5,-1.122,0.930
51.3,99.0,1.186,0.920
51.3,99.5,0.353,0.910
51.3,100.0,-0.417,0.899
51.8,0.0,1.443,1.999
51.8,0.5,0.673,1.999
51.8,1.0,-0.096,1.999
51.8,1.5,-0.866,1.999
51.8,2.0,1.443,1.999
51.8,2.5,0.673,1.999
51.8,3.0,-0.096,2.000
51.8,3.5,-0.866,2.000
51.8,4.0,1.507,2.000
51.8,4.5,0.737,2.000
51.8,5.0,-0.032,1.999
51.8,5.5,-0.801,1.999
51.8,6.0,1.571,1.998
51.8,6.5,0.737,1.998
51.8,7.0,-0.032,1.998
51.8,7.5,-0.801,1.998
51.8,8.0,1.571,1.997
51.8,8.5,0.801,1.997
51.8,9.0,0.032,1.996
51.8,9.5,-0.737,1.994
51.8,10.1,-1.571,1.994
51.8,10.6,0.801,1.993
51.8,11.1,0.032,1.993
51.8,11.6,-0.737,1.992
51.8,12.1,-1.507,1.990
51.8,12.6,0.866,1.989
51.8,13.1,0.032,1.988
51.8,13.6,-0.737,1.987
51.8,14.1,-1.507,1.986
51.8,14.6,0.866,1.984
51.8,15.1,0.096,1.983
51.8,15.6,-0.737,1.980
51.8,16.1,-1.507,1.980
51.8,16.6,0.866,1.978
51.8,17.1,0.096,1.977
51.8,17.6,-0.673,1.975
51.8,18.1,-1.443,1.972
51.8,18.6,0.866,1.971
51.8,19.1,0.096,1.969
51.8,19.6,-0.673,1.967
51.8,20.1,-1.443,1.965
51.8,20.6,0.930,1.962
51.8,21.1,0.096,1.960
51.8,21.6,-0.673,1.959
51.8,22.1,-1.443,1.956
51.8,22.6,0.930,1.953
51.8,23.1,0.096,1.951
51.8,23.6,-0.673,1.949
51.8,24.1,-1.443,1.946
51.8,24.6,0.930,1.944
51.8,25.1,0.160,1.940
51.8,25.6,-0.673,1.938
51.8,26.1,-1.443,1.936
51.8,26.6,0.930,1.933
51.8,27.1,0.160,1.929
51.8,27.6,-0.673,1.926
51.8,28.1,-1.443,1.924
51.8,28.6,0.930,1.920
51.8,29.1,0.160,1.917
51.8,29.6,-0.673,1.914
51.8,30.2,-1.443,1.911
51.8,30.7,0.930,1.907
51.8,31.2,0.160,1.903
51.8,31.7,-0.673,1.900
51.8,32.2,-1.443,1.897
51.8,32.7,0.930,1.893
51.8,33.2,0.096,1.889
51.8,33.7,-0.673,1.886
51.8,34.2,-1.443,1.882
51.8,34.7,0.930,1.878
51.8,35.2,0.096,1.874
51.8,35.7,-0.673,1.870
51.8,36.2,-1.443,1.866
51.8,36.7,0.866,1.862
51.8,37.2,0.096,1.858
51.8,37.7,-0.673,1.854
51.8,38.2,-1.443,1.849
51.8,38.7,0.866,1.845
51.8,39.2,0.096,1.841
51.8,39.7,-0.673,1.836
51.8,40.2,-1.507,1.832
51.8,40.7,0.866,1.827
51.8,41.2,0.096,1.822
51.8,41.7,-0.737,1.818
51.8,42.2,-1.507,1.813
51.8,42.7,0.866,1.808
51.8,43.2,0.032,1.803
51.8,43.7,-0.737,1.799
51.8,44.2,-1.507,1.793
51.8,44.7,0.801,1.788
51.8,45.2,0.032,1.784
51.8,45.7,-0.737,1.778
51.8,46.2,-1.571,1.773
51.8,46.7,0.801,1.768
51.8,47.2,0.032,1.762
51.8,47.7,-0.801,1.757
51.8,48.2,1.571,1.752
51.8,48.7,0.801,1.746
51.8,49.2,-0.032,1.740
51.8,49.7,-0.801,1.735
51.8,50.3,1.507,1.729
51.8,50.8,0.737,1.724
51.8,51.3,-0.032,1.718
51.8,51.8,-0.866,1.711
51.8,52.3,1.507,1.706
51.8,52.8,0.737,1.700
51.8,53.3,-0.096,1.694
51.8,53.8,-0.866,1.688
51.8,54.3,1.443,1.681
51.8,54.8,0.673,1.676
51.8,55.3,-0.096,1.669
51.8,55.8,-0.930,1.663
51.8,56.3,1.443,1.657
51.8,56.8,0.609,1.650
51.8,57.3,-0.160,1.644
51.8,57.8,-0.930,1.637
51.8,58.3,1.378,1.631
51.8,58.8,0.609,1.624
51.8,59.3,-0.224,1.617
51.8,59.8,-0.994,1.611
51.8,60.3,1.378,1.604
51.8,60.8,0.545,1.597
51.8,61.3,-0.224,1.590
51.8,61.8,-1.058,1.583
51.8,62.3,1.314,1.576
51.8,62.8,0.481,1.569
51.8,63.3,-0.289,1.562
51.8,63.8,-1.058,1.555
51.8,64.3,1.250,1.548
51.8,64.8,0.481,1.540
51.8,65.3,-0.353,1.533
51.8,65.8,-1.122,1.526
51.8,66.3,1.186,1.518
51.8,66.8,0.417,1.511
51.8,67.3,-0.417,1.503
51.8,67.8,-1.186,1.496
51.8,68.3,1.122,1.488
51.8,68.8,0.353,1.481
51.8,69.3,-0.417,1.473
51.8,69.8,-1.250,1.465
51.8,70.4,1.122,1.457
51.8,70.9,0.289,1.450
51.8,71.4,-0.481,1.442
51.8,71.9,-1.314,1.434
51.8,72.4,1.058,1.426
51.8,72.9,0.224,1.418
51.8,73.4,-0.545,1.410
51.8,73.9,-1.378,1.402
51.8,74.4,0.994,1.393
51.8,74.9,0.160,1.385
51.8,75.4,-0.609,1.377
51.8,75.9,-1.443,1.369
51.8,76.4,0.930,1.360
51.8,76.9,0.096,1.352
51.8,77.4,-0.673,1.343
51.8,77.9,-1.507,1.335
51.8,78.4,0.866,1.326
51.8,78.9,0.032,1.318
51.8,79.4,-0.737,1.309
51.8,79.9,-1.571,1.300
51.8,80.4,0.801,1.291
51.8,80.9,-0.032,1.283
51.8,81.4,-0.866,1.274
51.8,81.9,1.507,1.265
51.8,82.4,0.673,1.256
51.8,82.9,-0.096,1.247
51.8,83.4,-0.930,1.238
51.8,83.9,1.443,1.229
51.8,84.4,0.609,1.220
51.8,84.9,-0.160,1.211
51.8,85.4,-0.994,1.202
51.8,85.9,1.378,1.192
51.8,86.4,0.545,1.184
51.8,86.9,-0.289,1.174
51.8,87.4,-1.058,1.165
51.8,87.9,1.250,1.156
51.8,88.4,0.481,1.146
51.8,88.9,-0.353,1.137
51.8,89.4,-1.122,1.127
51.8,89.9,1.186,1.118
51.8,90.5,0.353,1.108
51.8,91.0,-0.417,1.099
51.8,91.5,-1.250,1.089
51.8,92.0,1.122,1.079
51.8,92.5,0.289,1.070
51.8,93.0,-0.545,1.060
51.8,93.5,-1.314,1.050
51.8,94.0,0.994,1.040
51.8,94.5,0.224,1.030
51.8,95.0,-0.609,1.021
51.8,95.5,-1.443,1.011
51.8,96.0,0.930,1.001
51.8,96.5,0.096,0.991
51.8,97.0,-0.673,0.981
51.8,97.5,-1.507,0.971
51.8,98.0,0.801,0.961
51.8,98.5,0.032,0.951
51.8,99.0,-0.801,0.941
51.8,99.5,1.507,0.930
51.8,100.0,0.737,0.920
52.3,0.0,-0.609,1.998
52.3,0.5,-1.378,1.998
52.3,1.0,0.994,1.998
52.3,1.5,0.224,1.999
52.3,2.0,-0.545,1.998
52.3,2.5,-1.378,1.999
52.3,3.0,0.994,1.999
52.3,3.5,0.224,2.000
52.3,4.0,-0.545,2.000
52.3,4.5,-1.314,2.000
52.3,5.0,1.058,2.000
52.3,5.5,0.289,2.000
52.3,6.0,-0.481,1.999
52.3,6.5,-1.314,1.998
52.3,7.0,1.058,1.999
52.3,7.5,0.289,1.999
52.3,8.0,-0.481,1.998
52.3,8.5,-1.250,1.998
52.3,9.0,1.122,1.997
52.3,9.5,0.353,1.996
52.3,10.1,-0.417,1.995
52.3,10.6,-1.250,1.995
52.3,11.1,1.122,1.994
52.3,11.6,0.353,1.994
52.3,12.1,-0.417,1.993
52.3,12.6,-1.186,1.991
52.3,13.1,1.186,1.990
52.3,13.6,0.353,1.989
52.3,14.1,-0.417,1.988
52.3,14.6,-1.186,1.987
52.3,15.1,1.186,1.986
52.3,15.6,0.417,1.984
52.3,16.1,-0.353,1.982
52.3,16.6,-1.186,1.981
52.3,17.1,1.186,1.980
52.3,17.6,0.417,1.978
52.3,18.1,-0.353,1.976
52.3,18.6,-1.122,1.974
52.3,19.1,1.186,1.972
52.3,19.6,0.417,1.971
52.3,20.1,-0.353,1.969
52.3,20.6,-1.122,1.967
52.3,21.1,1.250,1.965
52.3,21.6,0.417,1.963
52.3,22.1,-0.353,1.961
52.3,22.6,-1.122,1.959
52.3,23.1,1.250,1.956
52.3,23.6,0.481,1.953
52.3,24.1,-0.353,1.951
52.3,24.6,-1.122,1.949
52.3,25.1,1.250,1.946
52.3,25.6,0.481,1.943
52.3,26.1,-0.353,1.941
52.3,26.6,-1.122,1.938
52.3,27.1,1.250,1.936
52.3,27.6,0.481,1.932
52.3,28.1,-0.353,1.929
52.3,28.6,-1.122,1.927
52.3,29.1,1.250,1.924
52.3,29.6,0.481,1.920
52.3,30.2,-0.353,1.917
52.3,30.7,-1.122,1.914
52.3,31.2,1.250,1.911
52.3,31.7,0.481,1.907
52.3,32.2,-0.353,1.904
52.3,32.7,-1.122,1.901
52.3,33.2,1.250,1.897
52.3,33.7,0.481,1.893
52.3,34.2,-0.353,1.889
52.3,34.7,-1.122,1.886
52.3,35.2,1.250,1.882
52.3,35.7,0.417,1.878
52.3,36.2,-0.353,1.874
52.3,36.7,-1.122,1.870
52.3,37.2,1.250,1.866
52.3,37.7,0.417,1.862
52.3,38.2,-0.353,1.858
52.3,38.7,-1.122,1.854
52.3,39.2,1.186,1.849
52.3,39.7,0.417,1.845
52.3,40.2,-0.353,1.841
52.3,40.7,-1.186,1.836
52.3,41.2,1.186,1.832
52.3,41.7,0.417,1.827
52.3,42.2,-0.353,1.822
52.3,42.7,-1.186,1.818
52.3,43.2,1.186,1.813
52.3,43.7,0.417,1.808
52.3,44.2,-0.417,1.804
52.3,44.7,-1.186,1.799
52.3,45.2,1.186,1.793
52.3,45.7,0.353,1.789
52.3,46.2,-0.417,1.784
52.3,46.7,-1.186,1.778
52.3,47.2,1.122,1.773
52.3,47.7,0.353,1.768
52.3,48.2,-0.481,1.762
52.3,48.7,-1.250,1.757
52.3,49.2,1.122,1.752
52.3,49.7,0.289,1.746
52.3,50.3,-0.481,1.741
52.3,50.8,-1.250,1.735
52.3,51.3,1.058,1.729
52.3,51.8,0.289,1.724
52.3,52.3,-0.481,1.717
52.3,52.8,-1.314,1.712
52.3,53.3,1.058,1.706
52.3,53.8,0.224,1.699
52.3,54.3,-0.545,1.694
52.3,54.8,-1.314,1.688
52.3,55.3,0.994,1.682
52.3,55.8,0.224,1.676
52.3,56.3,-0.545,1.669
52.3,56.8,-1.378,1.663
52.3,57.3,0.994,1.657
52.3,57.8,0.160,1.650
52.3,58.3,-0.609,1.644
52.3,58.8,-1.378,1.637
52.3,59.3,0.930,1.631
52.3,59.8,0.160,1.624
52.3,60.3,-0.673,1.617
52.3,60.8,-1.443,1.611
52.3,61.3,0.866,1.604
52.3,61.8,0.096,1.597
52.3,62.3,-0.673,1.590
52.3,62.8,-1.507,1.583
52.3,63.3,0.866,1.576
52.3,63.8,0.032,1.569
52.3,64.3,-0.737,1.562
52.3,64.8,-1.571,1.555
52.3,65.3,0.801,1.548
52.3,65.8,0.032,1.540
52.3,66.3,-0.801,1.534
52.3,66.8,1.571,1.526
52.3,67.3,0.737,1.519
52.3,67.8,-0.032,1.511
52.3,68.3,-0.866,1.504
52.3,68.8,1.507,1.496
52.3,69.3,0.673,1.488
52.3,69.8,-0.096,1.481
52.3,70.4,-0.930,1.473
52.3,70.9,1.443,1.466
52.3,71.4,0.609,1.457
52.3,71.9,-0.160,1.450
52.3,72.4,-0.930,1.441
52.3,72.9,1.378,1.434
52.3,73.4,0.609,1.425
52.3,73.9,-0.224,1.418
52.3,74.4,-0.994,1.409
52.3,74.9,1.314,1.402
52.3,75.4,0.545,1.393
52.3,75.9,-0.289,1.385
52.3,76.4,-1.058,1.377
52.3,76.9,1.250,1.369
52.3,77.4,0.481,1.360
52.3,77.9,-0.353,1.352
52.3,78.4,-1.122,1.343
52.3,78.9,1.186,1.335
52.3,79.4,0.417,1.326
52.3,79.9,-0.417,1.318
52.3,80.4,-1.250,1.309
52.3,80.9,1.122,1.301
52.3,81.4,0.289,1.291
52.3,81.9,-0.481,1.283
52.3,82.4,-1.314,1.274
52.3,82.9,1.058,1.265
52.3,83.4,0.224,1.256
52.3,83.9,-0.545,1.247
52.3,84.4,-1.378,1.238
52.3,84.9,0.994,1.229
52.3,85.4,0.160,1.220
52.3,85.9,-0.609,1.211
52.3,86.4,-1.443,1.202
52.3,86.9,0.866,1.193
52.3,87.4,0.096,1.184
52.3,87.9,-0.737,1.174
52.3,88.4,-1.507,1.165
52.3,88.9,0.801,1.156
52.3,89.4,0.032,1.146
52.3,89.9,-0.801,1.137
52.3,90.5,1.507,1.127
52.3,91.0,0.737,1.118
52.3,91.5,-0.096,1.108
52.3,92.0,-0.866,1.099
52.3,92.5,1.443,1.089
52.3,93.0,0.673,1.079
52.3,93.5,-0.160,1.070
52.3,94.0,-0.994,1.060
52.3,94.5,1.378,1.050
52.3,95.0,0.545,1.041
52.3,95.5,-0.224,1.030
52.3,96.0,-1.058,1.021
52.3,96.5,1.250,1.011
52.3,97.0,0.481,1.001
52.3,97.5,-0.353,0.991
52.3,98.0,-1.186,0.981
52.3,98.5,1.186,0.971
52.3,99.0,0.353,0.961
52.3,99.5,-0.417,0.950
52.3,100.0,-1.250,0.941
52.8,0.0,0.481,1.996
52.8,0.5,-0.289,1.997
52.8,1.0,-1.058,1.997
52.8,1.5,1.314,1.998
52.8,2.0,0.545,1.998
52.8,2.5,-0.224,1.998
52.8,3.0,-1.058,1.999
52.8,3.5,1.314,1.999
52.8,4.0,0.545,2.000
52.8,4.5,-0.224,2.000
52.8,5.0,-0.994,2.000
52.8,5.5,1.378,2.000
52.8,6.0,0.609,2.000
52.8,6.5,-0.160,1.999
52.8,7.0,-0.994,1.999
52.8,7.5,1.378,1.999
52.8,8.0,0.609,1.999
52.8,8.5,-0.160,1.999
52.8,9.0,-0.930,1.998
52.8,9.5,1.443,1.998
52.8,10.1,0.673,1.997
52.8,10.6,-0.096,1.996
52.8,11.1,-0.930,1.996
52.8,11.6,1.443,1.995
52.8,12.1,0.673,1.995
52.8,12.6,-0.096,1.994
52.8,13.1,-0.866,1.992
52.8,13.6,1.507,1.991
52.8,14.1,0.673,1.990
52.8,14.6,-0.096,1.989
52.8,15.1,-0.866,1.988
52.8,15.6,1.507,1.987
52.8,16.1,0.737,1.986
52.8,16.6,-0.032,1.984
52.8,17.1,-0.866,1.982
52.8,17.6,1.507,1.981
52.8,18.1,0.737,1.980
52.8,18.6,-0.032,1.978
52.8,19.1,-0.801,1.976
52.8,19.6,1.507,1.974
52.8,20.1,0.737,1.973
52.8,20.6,-0.032,1.971
52.8,21.1,-0.801,1.969
52.8,21.6,1.571,1.967
52.8,22.1,0.737,1.965
52.8,22.6,-0.032,1.963
52.8,23.1,-0.801,1.961
52.8,23.6,1.571,1.959
52.8,24.1,0.801,1.956
52.8,24.6,-0.032,1.954
52.8,25.1,-0.801,1.952
52.8,25.6,1.571,1.949
52.8,26.1,0.801,1.946
52.8,26.6,-0.032,1.943
52.8,27.1,-0.801,1.941
52.8,27.6,1.571,1.939
52.8,28.1,0.801,1.935
52.8,28.6,0.032,1.932
52.8,29.1,-0.801,1.930
52.8,29.6,-1.571,1.927
52.8,30.2,0.801,1.924
52.8,30.7,0.032,1.920
52.8,31.2,-0.801,1.917
52.8,31.7,-1.571,1.914
52.8,32.2,0.801,1.911
52.8,32.7,-0.032,1.907
52.8,33.2,-0.801,1.904
52.8,33.7,1.571,1.901
52.8,34.2,0.801,1.897
52.8,34.7,-0.032,1.893
52.8,35.2,-0.801,1.890
52.8,35.7,1.571,1.886
52.8,36.2,0.801,1.882
52.8,36.7,-0.032,1.878
52.8,37.2,-0.801,1.875
52.8,37.7,1.571,1.870
52.8,38.2,0.737,1.866
52.8,38.7,-0.032,1.862
52.8,39.2,-0.801,1.858
52.8,39.7,1.571,1.853
52.8,40.2,0.737,1.850
52.8,40.7,-0.032,1.846
52.8,41.2,-0.801,1.841
52.8,41.7,1.507,1.836
52.8,42.2,0.737,1.832
52.8,42.7,-0.032,1.827
52.8,43.2,-0.866,1.822
52.8,43.7,1.507,1.818
52.8,44.2,0.737,1.813
52.8,44.7,-0.096,1.808
52.8,45.2,-0.866,1.804
52.8,45.7,1.507,1.799
52.8,46.2,0.673,1.793
52.8,46.7,-0.096,1.789
52.8,47.2,-0.866,1.784
52.8,47.7,1.443,1.778
52.8,48.2,0.673,1.773
52.8,48.7,-0.096,1.768
52.8,49.2,-0.930,1.762
52.8,49.7,1.443,1.757
52.8,50.3,0.673,1.751
52.8,50.8,-0.160,1.746
52.8,51.3,-0.930,1.741
52.8,51.8,1.443,1.735
52.8,52.3,0.609,1.729
52.8,52.8,-0.160,1.724
52.8,53.3,-0.994,1.717
52.8,53.8,1.378,1.712
52.8,54.3,0.609,1.706
52.8,54.8,-0.224,1.700
52.8,55.3,-0.994,1.694
52.8,55.8,1.378,1.688
52.8,56.3,0.545,1.682
52.8,56.8,-0.224,1.676
52.8,57.3,-1.058,1.669
52.8,57.8,1.314,1.663
52.8,58.3,0.545,1.656
52.8,58.8,-0.289,1.651
52.8,59.3,-1.058,1.644
52.8,59.8,1.250,1.637
52.8,60.3,0.481,1.631
52.8,60.8,-0.289,1.624
52.8,61.3,-1.122,1.618
52.8,61.8,1.250,1.611
52.8,62.3,0.417,1.604
52.8,62.8,-0.353,1.597
52.8,63.3,-1.186,1.590
52.8,63.8,1.186,1.584
52.8,64.3,0.417,1.576
52.8,64.8,-0.417,1.570
52.8,65.3,-1.186,1.562
52.8,65.8,1.122,1.555
52.8,66.3,0.353,1.548
52.8,66.8,-0.481,1.540
52.8,67.3,-1.250,1.534
52.8,67.8,1.122,1.526
52.8,68.3,0.289,1.519
52.8,68.8,-0.481,1.511
52.8,69.3,-1.314,1.504
52.8,69.8,1.058,1.496
52.8,70.4,0.224,1.489
52.8,70.9,-0.545,1.481
52.8,71.4,-1.378,1.473
52.8,71.9,0.994,1.466
52.8,72.4,0.160,1.458
52.8,72.9,-0.609,1.450
52.8,73.4,-1.443,1.442
52.8,73.9,0.930,1.434
52.8,74.4,0.096,1.426
52.8,74.9,-0.673,1.418
52.8,75.4,-1.507,1.410
52.8,75.9,0.866,1.402
52.8,76.4,0.032,1.393
52.8,76.9,-0.737,1.385
52.8,77.4,-1.571,1.377
52.8,77.9,0.801,1.369
52.8,78.4,-0.032,1.360
52.8,78.9,-0.801,1.352
52.8,79.4,1.507,1.343
52.8,79.9,0.737,1.335
52.8,80.4,-0.096,1.326
52.8,80.9,-0.866,1.318
52.8,81.4,1.443,1.309
52.8,81.9,0.673,1.301
52.8,82.4,-0.160,1.292
52.8,82.9,-0.930,1.283
52.8,83.4,1.378,1.274
52.8,83.9,0.609,1.265
52.8,84.4,-0.224,1.257
52.8,84.9,-0.994,1.247
52.8,85.4,1.314,1.239
52.8,85.9,0.545,1.229
52.8,86.4,-0.289,1.221
52.8,86.9,-1.122,1.211
52.8,87.4,1.250,1.202
52.8,87.9,0.417,1.193
52.8,88.4,-0.353,1.184
52.8,88.9,-1.186,1.175
52.8,89.4,1.186,1.165
52.8,89.9,0.353,1.156
52.8,90.5,-0.481,1.146
52.8,91.0,-1.250,1.137
52.8,91.5,1.058,1.127
52.8,92.0,0.289,1.118
52.8,92.5,-0.545,1.109
52.8,93.0,-1.314,1.098
52.8,93.5,0.994,1.089
52.8,94.0,0.160,1.079
52.8,94.5,-0.609,1.070
52.8,95.0,-1.443,1.060
52.8,95.5,0.930,1.050
52.8,96.0,0.096,1.041
52.8,96.5,-0.737,1.031
52.8,97.0,-1.507,1.021
52.8,97.5,0.801,1.011
52.8,98.0,0.032,1.001
52.8,98.5,-0.801,0.991
52.8,99.0,1.507,0.981
52.8,99.5,0.737,0.971
52.8,100.0,-0.096,0.961
53.3,0.0,-1.571,1.995
53.3,0.5,0.801,1.996
53.3,1.0,0.032,1.996
53.3,1.5,-0.737,1.997
53.3,2.0,-1.507,1.997
53.3,2.5,0.866,1.997
53.3,3.0,0.032,1.998
53.3,3.5,-0.737,1.998
53.3,4.0,-1.507,1.999
53.3,4.5,0.866,1.999
53.3,5.0,0.096,2.000
53.3,5.5,-0.673,2.000
53.3,6.0,-1.443,2.000
53.3,6.5,0.930,2.000
53.3,7.0,0.160,1.999
53.3,7.5,-0.673,1.999
53.3,8.0,-1.443,1.999
53.3,8.5,0.930,1.999
53.3,9.0,0.160,1.999
53.3,9.5,-0.609,1.999
53.3,10.1,-1.378,1.998
53.3,10.6,0.994,1.997
53.3,11.1,0.224,1.996
53.3,11.6,-0.609,1.996
53.3,12.1,-1.378,1.996
53.3,12.6,0.994,1.995
53.3,13.1,0.224,1.995
53.3,13.6,-0.545,1.993
53.3,14.1,-1.314,1.992
53.3,14.6,0.994,1.991
53.3,15.1,0.224,1.990
53.3,15.6,-0.545,1.990
53.3,16.1,-1.314,1.988
53.3,16.6,1.058,1.987
53.3,17.1,0.289,1.985
53.3,17.6,-0.545,1.984
53.3,18.1,-1.314,1.983
53.3,18.6,1.058,1.982
53.3,19.1,0.289,1.980
53.3,19.6,-0.481,1.978
53.3,20.1,-1.314,1.976
53.3,20.6,1.058,1.975
53.3,21.1,0.289,1.973
53.3,21.6,-0.481,1.971
53.3,22.1,-1.250,1.969
53.3,22.6,1.058,1.966
53.3,23.1,0.289,1.965
53.3,23.6,-0.481,1.963
53.3,24.1,-1.250,1.961
53.3,24.6,1.122,1.958
53.3,25.1,0.289,1.956
53.3,25.6,-0.481,1.954
53.3,26.1,-1.250,1.952
53.3,26.6,1.122,1.949
53.3,27.1,0.353,1.946
53.3,27.6,-0.481,1.944
53.3,28.1,-1.250,1.941
53.3,28.6,1.122,1.939
53.3,29.1,0.353,1.935
53.3,29.6,-0.481,1.932
53.3,30.2,-1.250,1.930
53.3,30.7,1.122,1.927
53.3,31.2,0.353,1.923
53.3,31.7,-0.481,1.920
53.3,32.2,-1.250,1.918
53.3,32.7,1.122,1.914
53.3,33.2,0.353,1.911
53.3,33.7,-0.481,1.907
53.3,34.2,-1.250,1.904
53.3,34.7,1.122,1.901
53.3,35.2,0.353,1.896
53.3,35.7,-0.481,1.893
53.3,36.2,-1.250,1.890
53.3,36.7,1.122,1.886
53.3,37.2,0.289,1.882
53.3,37.7,-0.481,1.879
53.3,38.2,-1.250,1.875
53.3,38.7,1.122,1.870
53.3,39.2,0.289,1.866
53.3,39.7,-0.481,1.863
53.3,40.2,-1.250,1.858
53.3,40.7,1.058,1.854
53.3,41.2,0.289,1.850
53.3,41.7,-0.481,1.845
53.3,42.2,-1.314,1.840
53.3,42.7,1.058,1.837
53.3,43.2,0.289,1.832
53.3,43.7,-0.481,1.827
53.3,44.2,-1.314,1.823
53.3,44.7,1.058,1.818
53.3,45.2,0.289,1.813
53.3,45.7,-0.545,1.809
53.3,46.2,-1.314,1.804
53.3,46.7,1.058,1.798
53.3,47.2,0.224,1.794
53.3,47.7,-0.545,1.789
53.3,48.2,-1.314,1.783
53.3,48.7,0.994,1.779
53.3,49.2,0.224,1.773
53.3,49.7,-0.545,1.768
53.3,50.3,-1.378,1.763
53.3,50.8,0.994,1.757
53.3,51.3,0.160,1.751
53.3,51.8,-0.609,1.746
53.3,52.3,-1.378,1.741
53.3,52.8,0.930,1.735
53.3,53.3,0.160,1.730
53.3,53.8,-0.609,1.724
53.3,54.3,-1.443,1.718
53.3,54.8,0.930,1.712
53.3,55.3,0.160,1.706
53.3,55.8,-0.673,1.700
53.3,56.3,-1.443,1.694
53.3,56.8,0.866,1.688
53.3,57.3,0.096,1.682
53.3,57.8,-0.673,1.676
53.3,58.3,-1.507,1.670
53.3,58.8,0.866,1.663
53.3,59.3,0.032,1.657
53.3,59.8,-0.737,1.651
53.3,60.3,-1.507,1.644
53.3,60.8,0.801,1.638
53.3,61.3,0.032,1.631
53.3,61.8,-0.801,1.624
53.3,62.3,1.571,1.618
53.3,62.8,0.801,1.611
53.3,63.3,-0.032,1.604
53.3,63.8,-0.801,1.597
53.3,64.3,1.507,1.590
53.3,64.8,0.737,1.584
53.3,65.3,-0.096,1.576
53.3,65.8,-0.866,1.570
53.3,66.3,1.507,1.562
53.3,66.8,0.673,1.555
53.3,67.3,-0.096,1.548
53.3,67.8,-0.930,1.541
53.3,68.3,1.443,1.534
53.3,68.8,0.609,1.526
53.3,69.3,-0.160,1.519
53.3,69.8,-0.994,1.511
53.3,70.4,1.378,1.504
53.3,70.9,0.609,1.496
53.3,71.4,-0.224,1.489
53.3,71.9,-0.994,1.481
53.3,72.4,1.314,1.473
53.3,72.9,0.545,1.465
53.3,73.4,-0.289,1.458
53.3,73.9,-1.058,1.450
53.3,74.4,1.250,1.442
53.3,74.9,0.481,1.434
53.3,75.4,-0.353,1.426
53.3,75.9,-1.122,1.418
53.3,76.4,1.186,1.410
53.3,76.9,0.417,1.402
53.3,77.4,-0.417,1.394
53.3,77.9,-1.186,1.385
53.3,78.4,1.122,1.377
53.3,78.9,0.353,1.369
53.3,79.4,-0.481,1.360
53.3,79.9,-1.250,1.352
53.3,80.4,1.058,1.344
53.3,80.9,0.289,1.335
53.3,81.4,-0.545,1.327
53.3,81.9,-1.314,1.318
53.3,82.4,0.994,1.309
53.3,82.9,0.224,1.300
53.3,83.4,-0.609,1.292
53.3,83.9,-1.378,1.283
53.3,84.4,0.930,1.274
53.3,84.9,0.160,1.265
53.3,85.4,-0.673,1.257
53.3,85.9,-1.507,1.247
53.3,86.4,0.866,1.239
53.3,86.9,0.032,1.229
53.3,87.4,-0.737,1.221
53.3,87.9,-1.571,1.211
53.3,88.4,0.801,1.202
53.3,88.9,-0.032,1.193
53.3,89.4,-0.801,1.183
53.3,89.9,1.507,1.175
53.3,90.5,0.673,1.165
53.3,91.0,-0.096,1.156
53.3,91.5,-0.930,1.146
53.3,92.0,1.443,1.137
53.3,92.5,0.609,1.128
53.3,93.0,-0.160,1.118
53.3,93.5,-0.994,1.109
53.3,94.0,1.314,1.099
53.3,94.5,0.545,1.089
53.3,95.0,-0.289,1.080
53.3,95.5,-1.058,1.070
53.3,96.0,1.250,1.060
53.3,96.5,0.417,1.050
53.3,97.0,-0.353,1.041
53.3,97.5,-1.186,1.031
53.3,98.0,1.186,1.021
53.3,98.5,0.353,1.011
53.3,99.0,-0.481,1.001
53.3,99.5,-1.250,0.991
53.3,100.0,1.058,0.981
53.8,0.0,-0.481,1.993
53.8,0.5,-1.250,1.994
53.8,1.0,1.122,1.995
53.8,1.5,0.353,1.995
53.8,2.0,-0.417,1.996
53.8,2.5,-1.186,1.996
53.8,3.0,1.186,1.997
53.8,3.5,0.353,1.997
53.8,4.0,-0.417,1.998
53.8,4.5,-1.186,1.999
53.8,5.0,1.186,1.999
53.8,5.5,0.417,2.000
53.8,6.0,-0.353,2.000
53.8,6.5,-1.122,2.000
53.8,7.0,1.250,1.999
53.8,7.5,0.481,1.999
53.8,8.0,-0.353,1.999
53.8,8.5,-1.122,2.000
53.8,9.0,1.250,2.000
53.8,9.5,0.481,1.999
53.8,10.1,-0.289,1.999
53.8,10.6,-1.058,1.999
53.8,11.1,1.314,1.998
53.8,11.6,0.481,1.997
53.8,12.1,-0.289,1.997
53.8,12.6,-1.058,1.997
53.8,13.1,1.314,1.996
53.8,13.6,0.545,1.995
53.8,14.1,-0.224,1.994
53.8,14.6,-0.994,1.993
53.8,15.1,1.314,1.992
53.8,15.6,0.545,1.992
53.8,16.1,-0.224,1.991
53.8,16.6,-0.994,1.990
53.8,17.1,1.378,1.988
53.8,17.6,0.609,1.987
53.8,18.1,-0.224,1.985
53.8,18.6,-0.994,1.984
53.8,19.1,1.378,1.983
53.8,19.6,0.609,1.982
53.8,20.1,-0.160,1.980
53.8,20.6,-0.930,1.978
53.8,21.1,1.378,1.976
53.8,21.6,0.609,1.975
53.8,22.1,-0.160,1.973
53.8,22.6,-0.930,1.971
53.8,23.1,1.443,1.969
53.8,23.6,0.609,1.967
53.8,24.1,-0.160,1.965
53.8,24.6,-0.930,1.963
53.8,25.1,1.443,1.961
53.8,25.6,0.673,1.958
53.8,26.1,-0.160,1.956
53.8,26.6,-0.930,1.954
53.8,27.1,1.443,1.952
53.8,27.6,0.673,1.949
53.8,28.1,-0.160,1.946
53.8,28.6,-0.930,1.944
53.8,29.1,1.443,1.941
53.8,29.6,0.673,1.938
53.8,30.2,-0.160,1.935
53.8,30.7,-0.930,1.933
53.8,31.2,1.443,1.930
53.8,31.7,0.673,1.927
53.8,32.2,-0.160,1.923
53.8,32.7,-0.930,1.921
53.8,33.2,1.443,1.918
53.8,33.7,0.673,1.914
53.8,34.2,-0.160,1.910
53.8,34.7,-0.930,1.908
53.8,35.2,1.443,1.904
53.8,35.7,0.673,1.901
53.8,36.2,-0.160,1.897
53.8,36.7,-0.930,1.894
53.8,37.2,1.443,1.890
53.8,37.7,0.673,1.886
53.8,38.2,-0.160,1.882
53.8,38.7,-0.930,1.879
53.8,39.2,1.443,1.875
53.8,39.7,0.609,1.870
53.8,40.2,-0.160,1.867
53.8,40.7,-0.930,1.863
53.8,41.2,1.443,1.858
53.8,41.7,0.609,1.854
53.8,42.2,-0.160,1.850
53.8,42.7,-0.930,1.845
53.8,43.2,1.378,1.841
53.8,43.7,0.609,1.837
53.8,44.2,-0.160,1.832
53.8,44.7,-0.994,1.827
53.8,45.2,1.378,1.823
53.8,45.7,0.609,1.818
53.8,46.2,-0.224,1.813
53.8,46.7,-0.994,1.809
53.8,47.2,1.378,1.804
53.8,47.7,0.545,1.798
53.8,48.2,-0.224,1.794
53.8,48.7,-0.994,1.789
53.8,49.2,1.314,1.783
53.8,49.7,0.545,1.779
53.8,50.3,-0.224,1.773
53.8,50.8,-1.058,1.768
53.8,51.3,1.314,1.763
53.8,51.8,0.545,1.757
53.8,52.3,-0.289,1.752
53.8,52.8,-1.058,1.747
53.8,53.3,1.314,1.741
53.8,53.8,0.481,1.735
53.8,54.3,-0.289,1.730
53.8,54.8,-1.058,1.723
53.8,55.3,1.250,1.718
53.8,55.8,0.481,1.712
53.8,56.3,-0.353,1.706
53.8,56.8,-1.122,1.701
53.8,57.3,1.250,1.694
53.8,57.8,0.417,1.688
53.8,58.3,-0.353,1.682
53.8,58.8,-1.186,1.675
53.8,59.3,1.186,1.670
53.8,59.8,0.417,1.663
53.8,60.3,-0.417,1.657
53.8,60.8,-1.186,1.651
53.8,61.3,1.122,1.644
53.8,61.8,0.353,1.638
53.8,62.3,-0.417,1.631
53.8,62.8,-1.250,1.625
53.8,63.3,1.122,1.618
53.8,63.8,0.289,1.611
53.8,64.3,-0.481,1.605
53.8,64.8,-1.250,1.597
53.8,65.3,1.058,1.591
53.8,65.8,0.289,1.584
53.8,66.3,-0.545,1.577
53.8,66.8,-1.314,1.570
53.8,67.3,0.994,1.562
53.8,67.8,0.224,1.556
53.8,68.3,-0.545,1.548
53.8,68.8,-1.378,1.541
53.8,69.3,0.994,1.534
53.8,69.8,0.160,1.526
53.8,70.4,-0.609,1.519
53.8,70.9,-1.443,1.511
53.8,71.4,0.930,1.504
53.8,71.9,0.096,1.496
53.8,72.4,-0.673,1.489
53.8,72.9,-1.507,1.481
53.8,73.4,0.866,1.474
53.8,73.9,0.096,1.465
53.8,74.4,-0.737,1.458
53.8,74.9,-1.507,1.450
53.8,75.4,0.801,1.442
53.8,75.9,0.032,1.434
53.8,76.4,-0.801,1.426
53.8,76.9,1.571,1.418
53.8,77.4,0.737,1.410
53.8,77.9,-0.032,1.402
53.8,78.4,-0.866,1.394
53.8,78.9,1.507,1.385
53.8,79.4,0.673,1.377
53.8,79.9,-0.096,1.369
53.8,80.4,-0.930,1.361
53.8,80.9,1.443,1.352
53.8,81.4,0.609,1.344
53.8,81.9,-0.160,1.335
53.8,82.4,-0.994,1.327
53.8,82.9,1.378,1.318
53.8,83.4,0.545,1.310
53.8,83.9,-0.224,1.300
53.8,84.4,-1.058,1.292
53.8,84.9,1.250,1.283
53.8,85.4,0.481,1.274
53.8,85.9,-0.353,1.265
53.8,86.4,-1.122,1.257
53.8,86.9,1.186,1.248
53.8,87.4,0.417,1.239
53.8,87.9,-0.417,1.230
53.8,88.4,-1.186,1.220
53.8,88.9,1.122,1.212
53.8,89.4,0.353,1.202
53.8,89.9,-0.481,1.193
53.8,90.5,-1.314,1.184
53.8,91.0,1.058,1.175
53.8,91.5,0.224,1.165
53.8,92.0,-0.545,1.156
53.8,92.5,-1.378,1.147
53.8,93.0,0.994,1.137
53.8,93.5,0.160,1.128
53.8,94.0,-0.673,1.118
53.8,94.5,-1.443,1.109
53.8,95.0,0.866,1.099
53.8,95.5,0.096,1.089
53.8,96.0,-0.737,1.080
53.8,96.5,-1.571,1.070
53.8,97.0,0.801,1.060
53.8,97.5,-0.032,1.050
53.8,98.0,-0.801,1.041
53.8,98.5,1.507,1.031
53.8,99.0,0.673,1.021
53.8,99.5,-0.096,1.011
53.8,100.0,-0.930,1.001
54.3,0.0,0.609,1.991
54.3,0.5,-0.160,1.992
54.3,1.0,-0.930,1.993
54.3,1.5,1.443,1.994
54.3,2.0,0.673,1.994
54.3,2.5,-0.096,1.995
54.3,3.0,-0.866,1.995
54.3,3.5,1.443,1.996
54.3,4.0,0.673,1.997
54.3,4.5,-0.096,1.998
54.3,5.0,-0.866,1.998
54.3,5.5,1.507,1.999
54.3,6.0,0.737,1.999
54.3,6.5,-0.032,1.999
54.3,7.0,-0.801,1.999
54.3,7.5,1.571,1.999
54.3,8.0,0.801,1.999
54.3,8.5,-0.032,1.999
54.3,9.0,-0.801,2.000
54.3,9.5,-1.571,2.000
54.3,10.1,0.801,2.000
54.3,10.6,0.032,1.999
54.3,11.1,-0.737,1.999
54.3,11.6,-1.507,1.998
54.3,12.1,0.801,1.997
54.3,12.6,0.032,1.997
54.3,13.1,-0.737,1.997
54.3,13.6,-1.507,1.997
54.3,14.1,0.866,1.996
54.3,14.6,0.096,1.995
54.3,15.1,-0.673,1.994
54.3,15.6,-1.507,1.993
54.3,16.1,0.866,1.992
54.3,16.6,0.096,1.992
54.3,17.1,-0.673,1.991
54.3,17.6,-1.443,1.990
54.3,18.1,0.930,1.988
54.3,18.6,0.096,1.986
54.3,19.1,-0.673,1.986
54.3,19.6,-1.443,1.985
54.3,20.1,0.930,1.983
54.3,20.6,0.160,1.981
54.3,21.1,-0.609,1.979
54.3,21.6,-1.443,1.978
54.3,22.1,0.930,1.977
54.3,22.6,0.160,1.975
54.3,23.1,-0.609,1.973
54.3,23.6,-1.378,1.971
54.3,24.1,0.930,1.969
54.3,24.6,0.160,1.967
54.3,25.1,-0.609,1.966
54.3,25.6,-1.378,1.963
54.3,26.1,0.994,1.960
54.3,26.6,0.160,1.958
54.3,27.1,-0.609,1.957
54.3,27.6,-1.378,1.954
54.3,28.1,0.994,1.952
54.3,28.6,0.160,1.948
54.3,29.1,-0.609,1.947
54.3,29.6,-1.378,1.944
54.3,30.2,0.994,1.941
54.3,30.7,0.224,1.938
54.3,31.2,-0.609,1.936
54.3,31.7,-1.378,1.933
54.3,32.2,0.994,1.930
54.3,32.7,0.224,1.927
54.3,33.2,-0.609,1.924
54.3,33.7,-1.378,1.921
54.3,34.2,0.994,1.918
54.3,34.7,0.224,1.914
54.3,35.2,-0.609,1.911
54.3,35.7,-1.378,1.908
54.3,36.2,0.994,1.904
54.3,36.7,0.224,1.900
54.3,37.2,-0.609,1.897
54.3,37.7,-1.378,1.894
54.3,38.2,0.994,1.890
54.3,38.7,0.160,1.886
54.3,39.2,-0.609,1.883
54.3,39.7,-1.378,1.879
54.3,40.2,0.994,1.874
54.3,40.7,0.160,1.871
54.3,41.2,-0.609,1.867
54.3,41.7,-1.378,1.863
54.3,42.2,0.930,1.858
54.3,42.7,0.160,1.854
54.3,43.2,-0.609,1.850
54.3,43.7,-1.378,1.845
54.3,44.2,0.930,1.841
54.3,44.7,0.160,1.837
54.3,45.2,-0.609,1.832
54.3,45.7,-1.443,1.828
54.3,46.2,0.930,1.823
54.3,46.7,0.160,1.818
54.3,47.2,-0.673,1.814
54.3,47.7,-1.443,1.809
54.3,48.2,0.930,1.804
54.3,48.7,0.096,1.799
54.3,49.2,-0.673,1.794
54.3,49.7,-1.443,1.789
54.3,50.3,0.866,1.784
54.3,50.8,0.096,1.779
54.3,51.3,-0.673,1.773
54.3,51.8,-1.507,1.768
54.3,52.3,0.866,1.763
54.3,52.8,0.096,1.757
54.3,53.3,-0.737,1.752
54.3,53.8,-1.507,1.747
54.3,54.3,0.801,1.740
54.3,54.8,0.032,1.736
54.3,55.3,-0.737,1.730
54.3,55.8,-1.571,1.724
54.3,56.3,0.801,1.718
54.3,56.8,0.032,1.712
54.3,57.3,-0.801,1.706
54.3,57.8,1.571,1.701
54.3,58.3,0.801,1.694
54.3,58.8,-0.032,1.689
54.3,59.3,-0.801,1.682
54.3,59.8,1.507,1.676
54.3,60.3,0.737,1.670
54.3,60.8,-0.032,1.663
54.3,61.3,-0.866,1.657
54.3,61.8,1.507,1.651
54.3,62.3,0.673,1.644
54.3,62.8,-0.096,1.638
54.3,63.3,-0.866,1.631
54.3,63.8,1.443,1.625
54.3,64.3,0.673,1.618
54.3,64.8,-0.160,1.611
54.3,65.3,-0.930,1.605
54.3,65.8,1.378,1.597
54.3,66.3,0.609,1.591
54.3,66.8,-0.160,1.584
54.3,67.3,-0.994,1.577
54.3,67.8,1.378,1.570
54.3,68.3,0.545,1.563
54.3,68.8,-0.224,1.556
54.3,69.3,-1.058,1.548
54.3,69.8,1.314,1.541
54.3,70.4,0.545,1.533
54.3,70.9,-0.289,1.527
54.3,71.4,-1.058,1.519
54.3,71.9,1.250,1.512
54.3,72.4,0.481,1.504
54.3,72.9,-0.353,1.497
54.3,73.4,-1.122,1.489
54.3,73.9,1.186,1.481
54.3,74.4,0.417,1.474
54.3,74.9,-0.417,1.466
54.3,75.4,-1.186,1.458
54.3,75.9,1.122,1.450
54.3,76.4,0.353,1.442
54.3,76.9,-0.481,1.434
54.3,77.4,-1.250,1.426
54.3,77.9,1.058,1.418
54.3,78.4,0.289,1.410
54.3,78.9,-0.481,1.402
54.3,79.4,-1.314,1.394
54.3,79.9,1.058,1.385
54.3,80.4,0.224,1.377
54.3,80.9,-0.545,1.369
54.3,81.4,-1.378,1.361
54.3,81.9,0.930,1.352
54.3,82.4,0.160,1.344
54.3,82.9,-0.673,1.335
54.3,83.4,-1.443,1.327
54.3,83.9,0.866,1.318
54.3,84.4,0.096,1.310
54.3,84.9,-0.737,1.301
54.3,85.4,-1.507,1.292
54.3,85.9,0.801,1.283
54.3,86.4,0.032,1.274
54.3,86.9,-0.801,1.266
54.3,87.4,1.571,1.257
54.3,87.9,0.737,1.248
54.3,88.4,-0.032,1.239
54.3,88.9,-0.866,1.230
54.3,89.4,1.507,1.220
54.3,89.9,0.673,1.212
54.3,90.5,-0.160,1.202
54.3,91.0,-0.930,1.193
54.3,91.5,1.378,1.184
54.3,92.0,0.609,1.175
54.3,92.5,-0.224,1.165
54.3,93.0,-0.994,1.156
54.3,93.5,1.314,1.147
54.3,94.0,0.481,1.137
54.3,94.5,-0.289,1.128
54.3,95.0,-1.122,1.118
54.3,95.5,1.250,1.109
54.3,96.0,0.417,1.099
54.3,96.5,-0.353,1.089
54.3,97.0,-1.186,1.080
54.3,97.5,1.122,1.070
54.3,98.0,0.353,1.060
54.3,98.5,-0.481,1.051
54.3,99.0,-1.250,1.040
54.3,99.5,1.058,1.031
54.3,100.0,0.224,1.021
54.8,0.0,-1.443,1.989
54.8,0.5,0.930,1.990
54.8,1.0,0.160,1.991
54.8,1.5,-0.609,1.992
54.8,2.0,-1.378,1.993
54.8,2.5,0.994,1.993
54.8,3.0,0.224,1.994
54.8,3.5,-0.609,1.995
54.8,4.0,-1.378,1.996
54.8,4.5,0.994,1.996
54.8,5.0,0.224,1.997
54.8,5.5,-0.545,1.998
54.8,6.0,-1.314,1.998
54.8,6.5,1.058,1.999
54.8,7.0,0.289,1.999
54.8,7.5,-0.481,1.999
54.8,8.0,-1.250,1.999
54.8,8.5,1.058,1.999
54.8,9.0,0.289,1.999
54.8,9.5,-0.481,2.000
54.8,10.1,-1.250,2.000
54.8,10.6,1.122,2.000
54.8,11.1,0.353,2.000
54.8,11.6,-0.417,1.999
54.8,12.1,-1.186,1.999
54.8,12.6,1.122,1.998
54.8,13.1,0.353,1.998
54.8,13.6,-0.417,1.998
54.8,14.1,-1.186,1.997
54.8,14.6,1.186,1.997
54.8,15.1,0.417,1.996
54.8,15.6,-0.353,1.995
54.8,16.1,-1.186,1.994
54.8,16.6,1.186,1.993
54.8,17.1,0.417,1.993
54.8,17.6,-0.353,1.992
54.8,18.1,-1.122,1.991
54.8,18.6,1.250,1.989
54.8,19.1,0.417,1.988
54.8,19.6,-0.353,1.987
54.8,20.1,-1.122,1.986
54.8,20.6,1.250,1.985
54.8,21.1,0.481,1.983
54.8,21.6,-0.289,1.981
54.8,22.1,-1.122,1.980
54.8,22.6,1.250,1.978
54.8,23.1,0.481,1.977
54.8,23.6,-0.289,1.975
54.8,24.1,-1.058,1.973
54.8,24.6,1.250,1.971
54.8,25.1,0.481,1.969
54.8,25.6,-0.289,1.968
54.8,26.1,-1.058,1.965
54.8,26.6,1.314,1.963
54.8,27.1,0.481,1.961
54.8,27.6,-0.289,1.959
54.8,28.1,-1.058,1.957
54.8,28.6,1.314,1.954
54.8,29.1,0.545,1.951
54.8,29.6,-0.289,1.949
54.8,30.2,-1.058,1.947
54.8,30.7,1.314,1.944
54.8,31.2,0.545,1.941
54.8,31.7,-0.289,1.938
54.8,32.2,-1.058,1.936
54.8,32.7,1.314,1.933
54.8,33.2,0.545,1.930
54.8,33.7,-0.289,1.927
54.8,34.2,-1.058,1.924
54.8,34.7,1.314,1.921
54.8,35.2,0.545,1.918
54.8,35.7,-0.289,1.914
54.8,36.2,-1.058,1.911
54.8,36.7,1.314,1.908
54.8,37.2,0.545,1.904
54.8,37.7,-0.289,1.901
54.8,38.2,-1.058,1.898
54.8,38.7,1.314,1.894
54.8,39.2,0.545,1.890
54.8,39.7,-0.289,1.886
54.8,40.2,-1.058,1.883
54.8,40.7,1.314,1.879
54.8,41.2,0.481,1.874
54.8,41.7,-0.289,1.871
54.8,42.2,-1.058,1.867
54.8,42.7,1.314,1.862
54.8,43.2,0.481,1.859
54.8,43.7,-0.289,1.855
54.8,44.2,-1.058,1.850
54.8,44.7,1.250,1.846
54.8,45.2,0.481,1.842
54.8,45.7,-0.289,1.837
54.8,46.2,-1.122,1.832
54.8,46.7,1.250,1.828
54.8,47.2,0.481,1.823
54.8,47.7,-0.353,1.818
54.8,48.2,-1.122,1.814
54.8,48.7,1.250,1.809
54.8,49.2,0.417,1.803
54.8,49.7,-0.353,1.799
54.8,50.3,-1.122,1.794
54.8,50.8,1.186,1.788
54.8,51.3,0.417,1.784
54.8,51.8,-0.353,1.779
54.8,52.3,-1.186,1.773
54.8,52.8,1.186,1.769
54.8,53.3,0.417,1.763
54.8,53.8,-0.417,1.757
54.8,54.3,-1.186,1.752
54.8,54.8,1.186,1.747
54.8,55.3,0.353,1.741
54.8,55.8,-0.417,1.736
54.8,56.3,-1.186,1.730
54.8,56.8,1.122,1.724
54.8,57.3,0.353,1.718
54.8,57.8,-0.417,1.712
54.8,58.3,-1.250,1.707
54.8,58.8,1.122,1.701
54.8,59.3,0.289,1.694
54.8,59.8,-0.481,1.689
54.8,60.3,-1.250,1.682
54.8,60.8,1.058,1.676
54.8,61.3,0.289,1.670
54.8,61.8,-0.545,1.663
54.8,62.3,-1.314,1.658
54.8,62.8,1.058,1.651
54.8,63.3,0.224,1.645
54.8,63.8,-0.545,1.638
54.8,64.3,-1.378,1.631
54.8,64.8,0.994,1.625
54.8,65.3,0.224,1.618
54.8,65.8,-0.609,1.612
54.8,66.3,-1.378,1.605
54.8,66.8,0.930,1.598
54.8,67.3,0.160,1.591
54.8,67.8,-0.673,1.583
54.8,68.3,-1.443,1.577
54.8,68.8,0.930,1.570
54.8,69.3,0.096,1.563
54.8,69.8,-0.673,1.556
54.8,70.4,-1.507,1.548
54.8,70.9,0.866,1.541
54.8,71.4,0.032,1.534
54.8,71.9,-0.737,1.527
54.8,72.4,-1.571,1.519
54.8,72.9,0.801,1.512
54.8,73.4,0.032,1.504
54.8,73.9,-0.801,1.497
54.8,74.4,1.571,1.489
54.8,74.9,0.737,1.481
54.8,75.4,-0.032,1.474
54.8,75.9,-0.866,1.466
54.8,76.4,1.507,1.458
54.8,76.9,0.673,1.450
54.8,77.4,-0.096,1.442
54.8,77.9,-0.930,1.434
54.8,78.4,1.443,1.427
54.8,78.9,0.609,1.418
54.8,79.4,-0.160,1.410
54.8,79.9,-0.994,1.402
54.8,80.4,1.378,1.394
54.8,80.9,0.545,1.385
54.8,81.4,-0.224,1.378
54.8,81.9,-1.058,1.369
54.8,82.4,1.314,1.361
54.8,82.9,0.481,1.352
54.8,83.4,-0.289,1.344
54.8,83.9,-1.122,1.335
54.8,84.4,1.250,1.327
54.8,84.9,0.417,1.318
54.8,85.4,-0.353,1.310
54.8,85.9,-1.186,1.301
54.8,86.4,1.186,1.292
54.8,86.9,0.353,1.283
54.8,87.4,-0.417,1.274
54.8,87.9,-1.250,1.266
54.8,88.4,1.122,1.256
54.8,88.9,0.289,1.248
54.8,89.4,-0.545,1.238
54.8,89.9,-1.314,1.230
54.8,90.5,0.994,1.220
54.8,91.0,0.224,1.212
54.8,91.5,-0.609,1.202
54.8,92.0,-1.378,1.193
54.8,92.5,0.930,1.184
54.8,93.0,0.160,1.174
54.8,93.5,-0.673,1.166
54.8,94.0,-1.507,1.156
54.8,94.5,0.866,1.147
54.8,95.0,0.032,1.137
54.8,95.5,-0.737,1.128
54.8,96.0,-1.571,1.118
54.8,96.5,0.801,1.108
54.8,97.0,-0.032,1.099
54.8,97.5,-0.866,1.089
54.8,98.0,1.507,1.080
54.8,98.5,0.673,1.070
54.8,99.0,-0.096,1.060
54.8,99.5,-0.930,1.051
54.8,100.0,1.378,1.040
55.3,0.0,-0.353,1.986
55.3,0.5,-1.122,1.987
55.3,1.0,1.250,1.989
55.3,1.5,0.481,1.990
55.3,2.0,-0.289,1.991
55.3,2.5,-1.058,1.991
55.3,3.0,1.314,1.992
55.3,3.5,0.545,1.993
55.3,4.0,-0.289,1.994
55.3,4.5,-1.058,1.995
55.3,5.0,1.314,1.996
55.3,5.5,0.545,1.997
55.3,6.0,-0.224,1.997
55.3,6.5,-0.994,1.998
55.3,7.0,1.378,1.998
55.3,7.5,0.609,1.999
55.3,8.0,-0.160,1.999
55.3,8.5,-0.930,1.999
55.3,9.0,1.378,1.999
55.3,9.5,0.609,1.999
55.3,10.1,-0.160,2.000
55.3,10.6,-0.930,2.000
55.3,11.1,1.443,2.000
55.3,11.6,0.673,2.000
55.3,12.1,-0.096,1.999
55.3,12.6,-0.866,1.999
55.3,13.1,1.443,1.998
55.3,13.6,0.673,1.998
55.3,14.1,-0.096,1.998
55.3,14.6,-0.866,1.998
55.3,15.1,1.507,1.997
55.3,15.6,0.737,1.997
55.3,16.1,-0.032,1.996
55.3,16.6,-0.866,1.995
55.3,17.1,1.507,1.994
55.3,17.6,0.737,1.994
55.3,18.1,-0.032,1.993
55.3,18.6,-0.801,1.992
55.3,19.1,1.571,1.990
55.3,19.6,0.737,1.989
55.3,20.1,-0.032,1.988
55.3,20.6,-0.801,1.987
55.3,21.1,1.571,1.986
55.3,21.6,0.801,1.985
55.3,22.1,0.032,1.983
55.3,22.6,-0.801,1.981
55.3,23.1,-1.571,1.980
55.3,23.6,0.801,1.979
55.3,24.1,0.032,1.977
55.3,24.6,-0.737,1.975
55.3,25.1,-1.571,1.972
55.3,25.6,0.801,1.971
55.3,26.1,0.032,1.970
55.3,26.6,-0.737,1.968
55.3,27.1,-1.507,1.965
55.3,27.6,0.801,1.963
55.3,28.1,0.032,1.961
55.3,28.6,-0.737,1.959
55.3,29.1,-1.507,1.957
55.3,29.6,0.866,1.954
55.3,30.2,0.032,1.951
55.3,30.7,-0.737,1.949
55.3,31.2,-1.507,1.947
55.3,31.7,0.866,1.944
55.3,32.2,0.032,1.941
55.3,32.7,-0.737,1.939
55.3,33.2,-1.507,1.936
55.3,33.7,0.866,1.933
55.3,34.2,0.096,1.930
55.3,34.7,-0.737,1.927
55.3,35.2,-1.507,1.924
55.3,35.7,0.866,1.921
55.3,36.2,0.096,1.917
55.3,36.7,-0.737,1.915
55.3,37.2,-1.507,1.912
55.3,37.7,0.866,1.908
55.3,38.2,0.032,1.904
55.3,38.7,-0.737,1.901
55.3,39.2,-1.507,1.898
55.3,39.7,0.866,1.894
55.3,40.2,0.032,1.890
55.3,40.7,-0.737,1.887
55.3,41.2,-1.507,1.883
55.3,41.7,0.866,1.878
55.3,42.2,0.032,1.875
55.3,42.7,-0.737,1.871
55.3,43.2,-1.507,1.867
55.3,43.7,0.801,1.862
55.3,44.2,0.032,1.859
55.3,44.7,-0.737,1.855
55.3,45.2,-1.507,1.850
55.3,45.7,0.801,1.846
55.3,46.2,0.032,1.842
55.3,46.7,-0.737,1.837
55.3,47.2,-1.571,1.832
55.3,47.7,0.801,1.828
55.3,48.2,0.032,1.823
55.3,48.7,-0.801,1.818
55.3,49.2,-1.571,1.814
55.3,49.7,0.801,1.809
55.3,50.3,-0.032,1.804
55.3,50.8,-0.801,1.800
55.3,51.3,1.571,1.794
55.3,51.8,0.737,1.789
55.3,52.3,-0.032,1.784
55.3,52.8,-0.801,1.779
55.3,53.3,1.507,1.774
55.3,53.8,0.737,1.769
55.3,54.3,-0.032,1.763
55.3,54.8,-0.866,1.758
55.3,55.3,1.507,1.753
55.3,55.8,0.737,1.746
55.3,56.3,-0.096,1.741
55.3,56.8,-0.866,1.736
55.3,57.3,1.443,1.729
55.3,57.8,0.673,1.724
55.3,58.3,-0.096,1.718
55.3,58.8,-0.930,1.712
55.3,59.3,1.443,1.707
55.3,59.8,0.673,1.700
55.3,60.3,-0.160,1.695
55.3,60.8,-0.930,1.689
55.3,61.3,1.378,1.682
55.3,61.8,0.609,1.677
55.3,62.3,-0.160,1.670
55.3,62.8,-0.994,1.664
55.3,63.3,1.378,1.658
55.3,63.8,0.545,1.651
55.3,64.3,-0.224,1.645
55.3,64.8,-0.994,1.638
55.3,65.3,1.314,1.632
55.3,65.8,0.545,1.625
55.3,66.3,-0.289,1.618
55.3,66.8,-1.058,1.612
55.3,67.3,1.314,1.604
55.3,67.8,0.481,1.598
55.3,68.3,-0.289,1.591
55.3,68.8,-1.122,1.584
55.3,69.3,1.250,1.577
55.3,69.8,0.417,1.570
55.3,70.4,-0.353,1.563
55.3,70.9,-1.122,1.555
55.3,71.4,1.186,1.549
55.3,71.9,0.417,1.541
55.3,72.4,-0.417,1.534
55.3,72.9,-1.186,1.527
55.3,73.4,1.122,1.519
55.3,73.9,0.353,1.512
55.3,74.4,-0.481,1.504
55.3,74.9,-1.250,1.497
55.3,75.4,1.122,1.489
55.3,75.9,0.289,1.482
55.3,76.4,-0.481,1.473
55.3,76.9,-1.314,1.466
55.3,77.4,1.058,1.458
55.3,77.9,0.224,1.450
55.3,78.4,-0.545,1.442
55.3,78.9,-1.378,1.435
55.3,79.4,0.994,1.426
55.3,79.9,0.160,1.419
55.3,80.4,-0.609,1.410
55.3,80.9,-1.443,1.402
55.3,81.4,0.930,1.394
55.3,81.9,0.096,1.386
55.3,82.4,-0.673,1.377
55.3,82.9,-1.507,1.369
55.3,83.4,0.866,1.361
55.3,83.9,0.032,1.352
55.3,84.4,-0.737,1.344
55.3,84.9,-1.571,1.335
55.3,85.4,0.801,1.327
55.3,85.9,-0.032,1.318
55.3,86.4,-0.801,1.309
55.3,86.9,1.507,1.301
55.3,87.4,0.737,1.292
55.3,87.9,-0.096,1.284
55.3,88.4,-0.866,1.274
55.3,88.9,1.443,1.266
55.3,89.4,0.609,1.256
55.3,89.9,-0.160,1.248
55.3,90.5,-0.994,1.239
55.3,91.0,1.378,1.230
55.3,91.5,0.545,1.221
55.3,92.0,-0.224,1.212
55.3,92.5,-1.058,1.203
55.3,93.0,1.314,1.193
55.3,93.5,0.481,1.184
55.3,94.0,-0.353,1.174
55.3,94.5,-1.122,1.166
55.3,95.0,1.186,1.156
55.3,95.5,0.417,1.147
55.3,96.0,-0.417,1.137
55.3,96.5,-1.186,1.127
55.3,97.0,1.122,1.118
55.3,97.5,0.289,1.108
55.3,98.0,-0.481,1.099
55.3,98.5,-1.314,1.089
55.3,99.0,1.058,1.080
55.3,99.5,0.224,1.070
55.3,100.0,-0.609,1.060
55.8,0.0,0.737,1.983
55.8,0.5,-0.032,1.985
55.8,1.0,-0.801,1.986
55.8,1.5,1.571,1.987
55.8,2.0,0.801,1.988
55.8,2.5,0.032,1.989
55.8,3.0,-0.737,1.990
55.8,3.5,-1.507,1.991
55.8,4.0,0.801,1.992
55.8,4.5,0.032,1.993
55.8,5.0,-0.737,1.994
55.8,5.5,-1.507,1.995
55.8,6.0,0.866,1.996
55.8,6.5,0.096,1.997
55.8,7.0,-0.673,1.997
55.8,7.5,-1.443,1.998
55.8,8.0,0.930,1.998
55.8,8.5,0.160,1.998
55.8,9.0,-0.673,1.998
55.8,9.5,-1.443,1.999
55.8,10.1,0.930,1.999
55.8,10.6,0.160,2.000
55.8,11.1,-0.609,2.000
55.8,11.6,-1.378,2.000
55.8,12.1,0.994,2.000
55.8,12.6,0.224,1.999
55.8,13.1,-0.545,1.999
55.8,13.6,-1.378,1.999
55.8,14.1,0.994,1.999
55.8,14.6,0.224,1.999
55.8,15.1,-0.545,1.998
55.8,15.6,-1.314,1.998
55.8,16.1,1.058,1.997
55.8,16.6,0.289,1.996
55.8,17.1,-0.545,1.995
55.8,17.6,-1.314,1.995
55.8,18.1,1.058,1.995
55.8,18.6,0.289,1.994
55.8,19.1,-0.481,1.993
55.8,19.6,-1.250,1.992
55.8,20.1,1.122,1.990
55.8,20.6,0.289,1.989
55.8,21.1,-0.481,1.989
55.8,21.6,-1.250,1.987
55.8,22.1,1.122,1.986
55.8,22.6,0.353,1.984
55.8,23.1,-0.481,1.982
55.8,23.6,-1.250,1.982
55.8,24.1,1.122,1.980
55.8,24.6,0.353,1.979
55.8,25.1,-0.417,1.977
55.8,25.6,-1.186,1.974
55.8,26.1,1.122,1.973
55.8,26.6,0.353,1.972
55.8,27.1,-0.417,1.970
55.8,27.6,-1.186,1.968
55.8,28.1,1.186,1.965
55.8,28.6,0.353,1.963
55.8,29.1,-0.417,1.961
55.8,29.6,-1.186,1.959
55.8,30.2,1.186,1.957
55.8,30.7,0.353,1.954
55.8,31.2,-0.417,1.952
55.8,31.7,-1.186,1.950
55.8,32.2,1.186,1.947
55.8,32.7,0.417,1.944
55.8,33.2,-0.417,1.941
55.8,33.7,-1.186,1.939
55.8,34.2,1.186,1.936
55.8,34.7,0.417,1.933
55.8,35.2,-0.417,1.930
55.8,35.7,-1.186,1.927
55.8,36.2,1.186,1.924
55.8,36.7,0.417,1.921
55.8,37.2,-0.417,1.918
55.8,37.7,-1.186,1.915
55.8,38.2,1.186,1.912
55.8,38.7,0.417,1.908
55.8,39.2,-0.417,1.904
55.8,39.7,-1.186,1.901
55.8,40.2,1.186,1.898
55.8,40.7,0.417,1.893
55.8,41.2,-0.417,1.890
55.8,41.7,-1.186,1.887
55.8,42.2,1.186,1.883
55.8,42.7,0.353,1.879
55.8,43.2,-0.417,1.875
55.8,43.7,-1.186,1.871
55.8,44.2,1.186,1.867
55.8,44.7,0.353,1.863
55.8,45.2,-0.417,1.859
55.8,45.7,-1.186,1.854
55.8,46.2,1.122,1.850
55.8,46.7,0.353,1.846
55.8,47.2,-0.417,1.842
55.8,47.7,-1.250,1.837
55.8,48.2,1.122,1.833
55.8,48.7,0.353,1.828
55.8,49.2,-0.417,1.823
55.8,49.7,-1.250,1.819
55.8,50.3,1.122,1.814
55.8,50.8,0.353,1.809
55.8,51.3,-0.481,1.804
55.8,51.8,-1.250,1.800
55.8,52.3,1.122,1.794
55.8,52.8,0.289,1.789
55.8,53.3,-0.481,1.784
55.8,53.8,-1.250,1.779
55.8,54.3,1.058,1.774
55.8,54.8,0.289,1.769
55.8,55.3,-0.545,1.763
55.8,55.8,-1.314,1.758
55.8,56.3,1.058,1.753
55.8,56.8,0.224,1.747
55.8,57.3,-0.545,1.742
55.8,57.8,-1.314,1.736
55.8,58.3,0.994,1.730
55.8,58.8,0.224,1.725
55.8,59.3,-0.545,1.718
55.8,59.8,-1.378,1.713
55.8,60.3,0.994,1.707
55.8,60.8,0.160,1.700
55.8,61.3,-0.609,1.695
55.8,61.8,-1.378,1.689
55.8,62.3,0.930,1.683
55.8,62.8,0.160,1.677
55.8,63.3,-0.609,1.670
55.8,63.8,-1.443,1.664
55.8,64.3,0.930,1.658
55.8,64.8,0.096,1.651
55.8,65.3,-0.673,1.645
55.8,65.8,-1.443,1.638
55.8,66.3,0.866,1.632
55.8,66.8,0.096,1.625
55.8,67.3,-0.737,1.618
55.8,67.8,-1.507,1.612
55.8,68.3,0.801,1.604
55.8,68.8,0.032,1.598
55.8,69.3,-0.737,1.591
55.8,69.8,-1.571,1.584
55.8,70.4,0.801,1.577
55.8,70.9,-0.032,1.570
55.8,71.4,-0.801,1.563
55.8,71.9,1.507,1.555
55.8,72.4,0.737,1.549
55.8,72.9,-0.032,1.541
55.8,73.4,-0.866,1.534
55.8,73.9,1.507,1.527
55.8,74.4,0.673,1.519
55.8,74.9,-0.096,1.512
55.8,75.4,-0.930,1.504
55.8,75.9,1.443,1.497
55.8,76.4,0.609,1.489
55.8,76.9,-0.160,1.482
55.8,77.4,-0.994,1.474
55.8,77.9,1.378,1.466
55.8,78.4,0.545,1.458
55.8,78.9,-0.224,1.451
55.8,79.4,-0.994,1.442
55.8,79.9,1.314,1.435
55.8,80.4,0.545,1.426
55.8,80.9,-0.289,1.419
55.8,81.4,-1.058,1.410
55.8,81.9,1.250,1.402
55.8,82.4,0.481,1.394
55.8,82.9,-0.353,1.386
55.8,83.4,-1.122,1.377
55.8,83.9,1.186,1.369
55.8,84.4,0.417,1.361
55.8,84.9,-0.417,1.353
55.8,85.4,-1.186,1.344
55.8,85.9,1.122,1.336
55.8,86.4,0.353,1.327
55.8,86.9,-0.481,1.319
55.8,87.4,-1.314,1.309
55.8,87.9,1.058,1.301
55.8,88.4,0.224,1.292
55.8,88.9,-0.545,1.284
55.8,89.4,-1.378,1.274
55.8,89.9,0.994,1.266
55.8,90.5,0.160,1.257
55.8,91.0,-0.609,1.248
55.8,91.5,-1.443,1.239
55.8,92.0,0.930,1.230
55.8,92.5,0.096,1.221
55.8,93.0,-0.673,1.211
55.8,93.5,-1.507,1.203
55.8,94.0,0.801,1.193
55.8,94.5,0.032,1.184
55.8,95.0,-0.801,1.175
55.8,95.5,1.571,1.165
55.8,96.0,0.737,1.156
55.8,96.5,-0.032,1.146
55.8,97.0,-0.866,1.137
55.8,97.5,1.443,1.127
55.8,98.0,0.673,1.118
55.8,98.5,-0.160,1.109
55.8,99.0,-0.930,1.099
55.8,99.5,1.378,1.090
55.8,100.0,0.609,1.079
56.3,0.0,-1.314,1.980
56.3,0.5,1.058,1.982
56.3,1.0,0.289,1.983
56.3,1.5,-0.481,1.984
56.3,2.0,-1.250,1.986
56.3,2.5,1.122,1.987
56.3,3.0,0.353,1.988
56.3,3.5,-0.417,1.989
56.3,4.0,-1.250,1.990
56.3,4.5,1.122,1.991
56.3,5.0,0.353,1.993
56.3,5.5,-0.417,1.994
56.3,6.0,-1.186,1.995
56.3,6.5,1.186,1.995
56.3,7.0,0.417,1.996
56.3,7.5,-0.353,1.997
56.3,8.0,-1.122,1.997
56.3,8.5,1.250,1.997
56.3,9.0,0.481,1.998
56.3,9.5,-0.353,1.998
56.3,10.1,-1.122,1.999
56.3,10.6,1.250,1.999
56.3,11.1,0.481,2.000
56.3,11.6,-0.289,2.000
56.3,12.1,-1.058,2.000
56.3,12.6,1.314,2.000
56.3,13.1,0.545,1.999
56.3,13.6,-0.224,1.999
56.3,14.1,-1.058,1.999
56.3,14.6,1.314,1.999
56.3,15.1,0.545,1.999
56.3,15.6,-0.224,1.999
56.3,16.1,-0.994,1.998
56.3,16.6,1.378,1.998
56.3,17.1,0.609,1.997
56.3,17.6,-0.224,1.996
56.3,18.1,-0.994,1.996
56.3,18.6,1.378,1.995
56.3,19.1,0.609,1.995
56.3,19.6,-0.160,1.994
56.3,20.1,-0.930,1.993
56.3,20.6,1.443,1.991
56.3,21.1,0.609,1.990
56.3,21.6,-0.160,1.990
56.3,22.1,-0.930,1.989
56.3,22.6,1.443,1.987
56.3,23.1,0.673,1.986
56.3,23.6,-0.096,1.984
56.3,24.1,-0.930,1.983
56.3,24.6,1.443,1.982
56.3,25.1,0.673,1.980
56.3,25.6,-0.096,1.979
56.3,26.1,-0.866,1.976
56.3,26.6,1.443,1.975
56.3,27.1,0.673,1.973
56.3,27.6,-0.096,1.972
56.3,28.1,-0.866,1.970
56.3,28.6,1.507,1.967
56.3,29.1,0.673,1.965
56.3,29.6,-0.096,1.964
56.3,30.2,-0.866,1.962
56.3,30.7,1.507,1.959
56.3,31.2,0.737,1.956
56.3,31.7,-0.096,1.954
56.3,32.2,-0.866,1.952
56.3,32.7,1.507,1.950
56.3,33.2,0.737,1.947
56.3,33.7,-0.096,1.944
56.3,34.2,-0.866,1.942
56.3,34.7,1.507,1.939
56.3,35.2,0.737,1.936
56.3,35.7,-0.096,1.933
56.3,36.2,-0.866,1.930
56.3,36.7,1.507,1.928
56.3,37.2,0.737,1.924
56.3,37.7,-0.096,1.920
56.3,38.2,-0.866,1.918
56.3,38.7,1.507,1.915
56.3,39.2,0.737,1.911
56.3,39.7,-0.096,1.908
56.3,40.2,-0.866,1.905
56.3,40.7,1.507,1.901
56.3,41.2,0.737,1.897
56.3,41.7,-0.096,1.894
56.3,42.2,-0.866,1.891
56.3,42.7,1.507,1.887
56.3,43.2,0.737,1.882
56.3,43.7,-0.096,1.879
56.3,44.2,-0.866,1.875
56.3,44.7,1.507,1.871
56.3,45.2,0.673,1.867
56.3,45.7,-0.096,1.863
56.3,46.2,-0.866,1.859
56.3,46.7,1.507,1.854
56.3,47.2,0.673,1.850
56.3,47.7,-0.096,1.846
56.3,48.2,-0.866,1.841
56.3,48.7,1.443,1.837
56.3,49.2,0.673,1.833
56.3,49.7,-0.096,1.828
56.3,50.3,-0.930,1.823
56.3,50.8,1.443,1.819
56.3,51.3,0.673,1.814
56.3,51.8,-0.160,1.809
56.3,52.3,-0.930,1.805
56.3,52.8,1.443,1.800
56.3,53.3,0.609,1.794
56.3,53.8,-0.160,1.790
56.3,54.3,-0.930,1.784
56.3,54.8,1.378,1.779
56.3,55.3,0.609,1.774
56.3,55.8,-0.160,1.769
56.3,56.3,-0.994,1.763
56.3,56.8,1.378,1.758
56.3,57.3,0.609,1.752
56.3,57.8,-0.224,1.747
56.3,58.3,-0.994,1.742
56.3,58.8,1.378,1.735
56.3,59.3,0.545,1.730
56.3,59.8,-0.224,1.725
56.3,60.3,-1.058,1.718
56.3,60.8,1.314,1.713
56.3,61.3,0.545,1.707
56.3,61.8,-0.289,1.701
56.3,62.3,-1.058,1.695
56.3,62.8,1.314,1.688
56.3,63.3,0.481,1.683
56.3,63.8,-0.289,1.677
56.3,64.3,-1.122,1.670
56.3,64.8,1.250,1.664
56.3,65.3,0.481,1.657
56.3,65.8,-0.353,1.651
56.3,66.3,-1.122,1.645
56.3,66.8,1.186,1.638
56.3,67.3,0.417,1.632
56.3,67.8,-0.353,1.625
56.3,68.3,-1.186,1.619
56.3,68.8,1.186,1.612
56.3,69.3,0.353,1.605
56.3,69.8,-0.417,1.598
56.3,70.4,-1.250,1.591
56.3,70.9,1.122,1.584
56.3,71.4,0.353,1.577
56.3,71.9,-0.481,1.570
56.3,72.4,-1.250,1.563
56.3,72.9,1.058,1.556
56.3,73.4,0.289,1.549
56.3,73.9,-0.545,1.541
56.3,74.4,-1.314,1.534
56.3,74.9,1.058,1.526
56.3,75.4,0.224,1.520
56.3,75.9,-0.545,1.512
56.3,76.4,-1.378,1.505
56.3,76.9,0.994,1.497
56.3,77.4,0.160,1.489
56.3,77.9,-0.609,1.482
56.3,78.4,-1.443,1.474
56.3,78.9,0.930,1.466
56.3,79.4,0.096,1.458
56.3,79.9,-0.673,1.451
56.3,80.4,-1.507,1.442
56.3,80.9,0.866,1.435
56.3,81.4,0.032,1.426
56.3,81.9,-0.737,1.419
56.3,82.4,-1.571,1.410
56.3,82.9,0.801,1.403
56.3,83.4,-0.032,1.394
56.3,83.9,-0.801,1.386
56.3,84.4,1.507,1.377
56.3,84.9,0.737,1.370
56.3,85.4,-0.096,1.361
56.3,85.9,-0.866,1.353
56.3,86.4,1.443,1.344
56.3,86.9,0.673,1.336
56.3,87.4,-0.160,1.327
56.3,87.9,-0.930,1.319
56.3,88.4,1.378,1.310
56.3,88.9,0.609,1.301
56.3,89.4,-0.224,1.292
56.3,89.9,-0.994,1.284
56.3,90.5,1.314,1.275
56.3,91.0,0.545,1.266
56.3,91.5,-0.289,1.257
56.3,92.0,-1.058,1.248
56.3,92.5,1.250,1.239
56.3,93.0,0.481,1.230
56.3,93.5,-0.353,1.221
56.3,94.0,-1.186,1.212
56.3,94.5,1.186,1.203
56.3,95.0,0.353,1.193
56.3,95.5,-0.417,1.184
56.3,96.0,-1.250,1.175
56.3,96.5,1.122,1.165
56.3,97.0,0.289,1.156
56.3,97.5,-0.545,1.146
56.3,98.0,-1.314,1.137
56.3,98.5,0.994,1.128
56.3,99.0,0.224,1.118
56.3,99.5,-0.609,1.109
56.3,100.0,-1.378,1.099
56.8,0.0,-0.224,1.977
56.8,0.5,-0.994,1.978
56.8,1.0,1.378,1.980
56.8,1.5,0.609,1.981
56.8,2.0,-0.160,1.983
56.8,2.5,-0.930,1.984
56.8,3.0,1.443,1.985
56.8,3.5,0.609,1.986
56.8,4.0,-0.160,1.988
56.8,4.5,-0.930,1.989
56.8,5.0,1.443,1.990
56.8,5.5,0.673,1.992
56.8,6.0,-0.096,1.993
56.8,6.5,-0.866,1.994
56.8,7.0,1.507,1.995
56.8,7.5,0.737,1.995
56.8,8.0,-0.032,1.996
56.8,8.5,-0.801,1.996
56.8,9.0,1.571,1.997
56.8,9.5,0.801,1.997
56.8,10.1,-0.032,1.998
56.8,10.6,-0.801,1.998
56.8,11.1,-1.571,1.999
56.8,11.6,0.801,1.999
56.8,12.1,0.032,2.000
56.8,12.6,-0.737,2.000
56.8,13.1,-1.507,2.000
56.8,13.6,0.866,1.999
56.8,14.1,0.096,1.999
56.8,14.6,-0.737,1.999
56.8,15.1,-1.507,1.999
56.8,15.6,0.866,1.999
56.8,16.1,0.096,1.999
56.8,16.6,-0.673,1.999
56.8,17.1,-1.443,1.998
56.8,17.6,0.930,1.997
56.8,18.1,0.096,1.997
56.8,18.6,-0.673,1.997
56.8,19.1,-1.443,1.996
56.8,19.6,0.930,1.996
56.8,20.1,0.160,1.995
56.8,20.6,-0.609,1.994
56.8,21.1,-1.378,1.992
56.8,21.6,0.930,1.991
56.8,22.1,0.160,1.991
56.8,22.6,-0.609,1.990
56.8,23.1,-1.378,1.989
56.8,23.6,0.994,1.987
56.8,24.1,0.224,1.985
56.8,24.6,-0.609,1.984
56.8,25.1,-1.378,1.983
56.8,25.6,0.994,1.982
56.8,26.1,0.224,1.980
56.8,26.6,-0.545,1.978
56.8,27.1,-1.378,1.976
56.8,27.6,0.994,1.975
56.8,28.1,0.224,1.974
56.8,28.6,-0.545,1.972
56.8,29.1,-1.314,1.969
56.8,29.6,0.994,1.967
56.8,30.2,0.224,1.966
56.8,30.7,-0.545,1.964
56.8,31.2,-1.314,1.961
56.8,31.7,1.058,1.959
56.8,32.2,0.224,1.956
56.8,32.7,-0.545,1.955
56.8,33.2,-1.314,1.952
56.8,33.7,1.058,1.950
56.8,34.2,0.289,1.946
56.8,34.7,-0.545,1.944
56.8,35.2,-1.314,1.942
56.8,35.7,1.058,1.939
56.8,36.2,0.289,1.936
56.8,36.7,-0.545,1.933
56.8,37.2,-1.314,1.931
56.8,37.7,1.058,1.928
56.8,38.2,0.289,1.924
56.8,38.7,-0.545,1.921
56.8,39.2,-1.314,1.918
56.8,39.7,1.058,1.915
56.8,40.2,0.289,1.911
56.8,40.7,-0.545,1.908
56.8,41.2,-1.314,1.905
56.8,41.7,1.058,1.901
56.8,42.2,0.289,1.897
56.8,42.7,-0.545,1.894
56.8,43.2,-1.314,1.891
56.8,43.7,1.058,1.887
56.8,44.2,0.224,1.883
56.8,44.7,-0.545,1.879
56.8,45.2,-1.314,1.875
56.8,45.7,1.058,1.871
56.8,46.2,0.224,1.867
56.8,46.7,-0.545,1.863
56.8,47.2,-1.314,1.859
56.8,47.7,0.994,1.855
56.8,48.2,0.224,1.851
56.8,48.7,-0.545,1.846
56.8,49.2,-1.378,1.841
56.8,49.7,0.994,1.838
56.8,50.3,0.224,1.833
56.8,50.8,-0.545,1.828
56.8,51.3,-1.378,1.824
56.8,51.8,0.994,1.819
56.8,52.3,0.224,1.814
56.8,52.8,-0.609,1.809
56.8,53.3,-1.378,1.805
56.8,53.8,0.994,1.799
56.8,54.3,0.160,1.795
56.8,54.8,-0.609,1.790
56.8,55.3,-1.378,1.784
56.8,55.8,0.930,1.779
56.8,56.3,0.160,1.774
56.8,56.8,-0.609,1.768
56.8,57.3,-1.443,1.764
56.8,57.8,0.930,1.758
56.8,58.3,0.096,1.752
56.8,58.8,-0.673,1.747
56.8,59.3,-1.443,1.742
56.8,59.8,0.866,1.736
56.8,60.3,0.096,1.731
56.8,60.8,-0.673,1.724
56.8,61.3,-1.507,1.719
56.8,61.8,0.866,1.713
56.8,62.3,0.096,1.707
56.8,62.8,-0.737,1.701
56.8,63.3,-1.507,1.695
56.8,63.8,0.801,1.689
56.8,64.3,0.032,1.683
56.8,64.8,-0.737,1.676
56.8,65.3,-1.571,1.670
56.8,65.8,0.801,1.664
56.8,66.3,-0.032,1.657
56.8,66.8,-0.801,1.652
56.8,67.3,1.571,1.645
56.8,67.8,0.737,1.638
56.8,68.3,-0.032,1.632
56.8,68.8,-0.866,1.625
56.8,69.3,1.507,1.619
56.8,69.8,0.737,1.611
56.8,70.4,-0.096,1.605
56.8,70.9,-0.866,1.598
56.8,71.4,1.443,1.591
56.8,71.9,0.673,1.585
56.8,72.4,-0.160,1.577
56.8,72.9,-0.930,1.571
56.8,73.4,1.443,1.563
56.8,73.9,0.609,1.556
56.8,74.4,-0.160,1.549
56.8,74.9,-0.994,1.542
56.8,75.4,1.378,1.534
56.8,75.9,0.545,1.527
56.8,76.4,-0.224,1.520
56.8,76.9,-1.058,1.512
56.8,77.4,1.314,1.505
56.8,77.9,0.545,1.497
56.8,78.4,-0.289,1.490
56.8,78.9,-1.058,1.482
56.8,79.4,1.250,1.474
56.8,79.9,0.481,1.466
56.8,80.4,-0.353,1.459
56.8,80.9,-1.122,1.451
56.8,81.4,1.186,1.443
56.8,81.9,0.417,1.435
56.8,82.4,-0.417,1.427
56.8,82.9,-1.186,1.419
56.8,83.4,1.122,1.411
56.8,83.9,0.353,1.403
56.8,84.4,-0.481,1.394
56.8,84.9,-1.250,1.386
56.8,85.4,1.058,1.378
56.8,85.9,0.289,1.370
56.8,86.4,-0.545,1.361
56.8,86.9,-1.314,1.353
56.8,87.4,0.994,1.344
56.8,87.9,0.224,1.336
56.8,88.4,-0.609,1.327
56.8,88.9,-1.378,1.318
56.8,89.4,0.930,1.310
56.8,89.9,0.160,1.301
56.8,90.5,-0.673,1.293
56.8,91.0,-1.443,1.283
56.8,91.5,0.866,1.275
56.8,92.0,0.096,1.266
56.8,92.5,-0.737,1.257
56.8,93.0,-1.571,1.248
56.8,93.5,0.801,1.239
56.8,94.0,-0.032,1.230
56.8,94.5,-0.801,1.221
56.8,95.0,1.507,1.212
56.8,95.5,0.737,1.203
56.8,96.0,-0.096,1.194
56.8,96.5,-0.866,1.184
56.8,97.0,1.443,1.175
56.8,97.5,0.609,1.165
56.8,98.0,-0.160,1.156
56.8,98.5,-0.994,1.147
56.8,99.0,1.378,1.137
56.8,99.5,0.545,1.128
56.8,100.0,-0.224,1.118
57.3,0.0,0.866,1.973
57.3,0.5,0.096,1.975
57.3,1.0,-0.673,1.977
57.3,1.5,-1.443,1.978
57.3,2.0,0.930,1.980
57.3,2.5,0.160,1.981
57.3,3.0,-0.609,1.982
57.3,3.5,-1.443,1.984
57.3,4.0,0.930,1.985
57.3,4.5,0.160,1.987
57.3,5.0,-0.609,1.988
57.3,5.5,-1.378,1.989
57.3,6.0,0.994,1.991
57.3,6.5,0.224,1.992
57.3,7.0,-0.545,1.993
57.3,7.5,-1.314,1.994
57.3,8.0,1.058,1.994
57.3,8.5,0.289,1.995
57.3,9.0,-0.481,1.996
57.3,9.5,-1.250,1.996
57.3,10.1,1.058,1.997
57.3,10.6,0.289,1.997
57.3,11.1,-0.481,1.998
57.3,11.6,-1.250,1.999
57.3,12.1,1.122,1.999
57.3,12.6,0.353,1.999
57.3,13.1,-0.417,2.000
57.3,13.6,-1.186,2.000
57.3,14.1,1.186,1.999
57.3,14.6,0.353,1.999
57.3,15.1,-0.417,1.999
57.3,15.6,-1.186,2.000
57.3,16.1,1.186,2.000
57.3,16.6,0.417,2.000
57.3,17.1,-0.353,1.999
57.3,17.6,-1.122,1.999
57.3,18.1,1.250,1.998
57.3,18.6,0.417,1.997
57.3,19.1,-0.353,1.997
57.3,19.6,-1.122,1.997
57.3,20.1,1.250,1.996
57.3,20.6,0.481,1.995
57.3,21.1,-0.289,1.994
57.3,21.6,-1.058,1.993
57.3,22.1,1.250,1.992
57.3,22.6,0.481,1.992
57.3,23.1,-0.289,1.991
57.3,23.6,-1.058,1.990
57.3,24.1,1.314,1.989
57.3,24.6,0.545,1.987
57.3,25.1,-0.289,1.986
57.3,25.6,-1.058,1.985
57.3,26.1,1.314,1.984
57.3,26.6,0.545,1.982
57.3,27.1,-0.224,1.980
57.3,27.6,-1.058,1.978
57.3,28.1,1.314,1.977
57.3,28.6,0.545,1.975
57.3,29.1,-0.224,1.974
57.3,29.6,-0.994,1.972
57.3,30.2,1.378,1.969
57.3,30.7,0.545,1.968
57.3,31.2,-0.224,1.966
57.3,31.7,-0.994,1.964
57.3,32.2,1.378,1.961
57.3,32.7,0.545,1.959
57.3,33.2,-0.224,1.957
57.3,33.7,-0.994,1.955
57.3,34.2,1.378,1.952
57.3,34.7,0.609,1.949
57.3,35.2,-0.224,1.947
57.3,35.7,-0.994,1.945
57.3,36.2,1.378,1.942
57.3,36.7,0.609,1.939
57.3,37.2,-0.224,1.936
57.3,37.7,-0.994,1.934
57.3,38.2,1.378,1.931
57.3,38.7,0.609,1.927
57.3,39.2,-0.224,1.924
57.3,39.7,-0.994,1.921
57.3,40.2,1.378,1.918
57.3,40.7,0.609,1.915
57.3,41.2,-0.224,1.911
57.3,41.7,-0.994,1.908
57.3,42.2,1.378,1.905
57.3,42.7,0.609,1.901
57.3,43.2,-0.224,1.898
57.3,43.7,-0.994,1.894
57.3,44.2,1.378,1.891
57.3,44.7,0.609,1.886
57.3,45.2,-0.224,1.883
57.3,45.7,-0.994,1.880
57.3,46.2,1.378,1.875
57.3,46.7,0.545,1.871
57.3,47.2,-0.224,1.868
57.3,47.7,-0.994,1.863
57.3,48.2,1.378,1.859
57.3,48.7,0.545,1.855
57.3,49.2,-0.224,1.851
57.3,49.7,-0.994,1.846
57.3,50.3,1.314,1.842
57.3,50.8,0.545,1.838
57.3,51.3,-0.224,1.833
57.3,51.8,-1.058,1.828
57.3,52.3,1.314,1.824
57.3,52.8,0.545,1.819
57.3,53.3,-0.289,1.814
57.3,53.8,-1.058,1.810
57.3,54.3,1.314,1.805
57.3,54.8,0.481,1.799
57.3,55.3,-0.289,1.795
57.3,55.8,-1.058,1.790
57.3,56.3,1.250,1.784
57.3,56.8,0.481,1.780
57.3,57.3,-0.289,1.774
57.3,57.8,-1.122,1.769
57.3,58.3,1.250,1.764
57.3,58.8,0.481,1.758
57.3,59.3,-0.353,1.753
57.3,59.8,-1.122,1.748
57.3,60.3,1.250,1.741
57.3,60.8,0.417,1.736
57.3,61.3,-0.353,1.731
57.3,61.8,-1.122,1.724
57.3,62.3,1.186,1.719
57.3,62.8,0.417,1.713
57.3,63.3,-0.417,1.707
57.3,63.8,-1.186,1.701
57.3,64.3,1.186,1.695
57.3,64.8,0.353,1.689
57.3,65.3,-0.417,1.683
57.3,65.8,-1.250,1.676
57.3,66.3,1.122,1.671
57.3,66.8,0.353,1.664
57.3,67.3,-0.481,1.658
57.3,67.8,-1.250,1.652
57.3,68.3,1.058,1.644
57.3,68.8,0.289,1.639
57.3,69.3,-0.481,1.632
57.3,69.8,-1.314,1.625
57.3,70.4,1.058,1.619
57.3,70.9,0.224,1.612
57.3,71.4,-0.545,1.605
57.3,71.9,-1.314,1.598
57.3,72.4,0.994,1.592
57.3,72.9,0.224,1.585
57.3,73.4,-0.609,1.577
57.3,73.9,-1.378,1.571
57.3,74.4,0.930,1.563
57.3,74.9,0.160,1.556
57.3,75.4,-0.609,1.549
57.3,75.9,-1.443,1.542
57.3,76.4,0.930,1.534
57.3,76.9,0.096,1.527
57.3,77.4,-0.673,1.520
57.3,77.9,-1.507,1.512
57.3,78.4,0.866,1.505
57.3,78.9,0.032,1.497
57.3,79.4,-0.737,1.490
57.3,79.9,-1.571,1.481
57.3,80.4,0.801,1.474
57.3,80.9,0.032,1.466
57.3,81.4,-0.801,1.459
57.3,81.9,1.571,1.450
57.3,82.4,0.737,1.443
57.3,82.9,-0.032,1.435
57.3,83.4,-0.866,1.427
57.3,83.9,1.507,1.419
57.3,84.4,0.673,1.411
57.3,84.9,-0.096,1.402
57.3,85.4,-0.930,1.395
57.3,85.9,1.443,1.386
57.3,86.4,0.609,1.378
57.3,86.9,-0.160,1.369
57.3,87.4,-0.994,1.361
57.3,87.9,1.378,1.353
57.3,88.4,0.545,1.344
57.3,88.9,-0.224,1.336
57.3,89.4,-1.058,1.327
57.3,89.9,1.314,1.318
57.3,90.5,0.481,1.310
57.3,91.0,-0.289,1.301
57.3,91.5,-1.122,1.293
57.3,92.0,1.186,1.283
57.3,92.5,0.417,1.275
57.3,93.0,-0.417,1.266
57.3,93.5,-1.186,1.257
57.3,94.0,1.122,1.248
57.3,94.5,0.353,1.239
57.3,95.0,-0.481,1.230
57.3,95.5,-1.250,1.221
57.3,96.0,1.058,1.212
57.3,96.5,0.289,1.202
57.3,97.0,-0.545,1.194
57.3,97.5,-1.378,1.184
57.3,98.0,0.994,1.175
57.3,98.5,0.160,1.166
57.3,99.0,-0.609,1.156
57.3,99.5,-1.443,1.147
57.3,100.0,0.930,1.137
57.8,0.0,-1.186,1.969
57.8,0.5,1.186,1.971
57.8,1.0,0.417,1.973
57.8,1.5,-0.353,1.974
57.8,2.0,-1.122,1.976
57.8,2.5,1.250,1.978
57.8,3.0,0.417,1.979
57.8,3.5,-0.353,1.981
57.8,4.0,-1.122,1.982
57.8,4.5,1.250,1.984
57.8,5.0,0.481,1.986
57.8,5.5,-0.289,1.987
57.8,6.0,-1.058,1.988
57.8,6.5,1.314,1.990
57.8,7.0,0.545,1.991
57.8,7.5,-0.224,1.992
57.8,8.0,-0.994,1.993
57.8,8.5,1.378,1.993
57.8,9.0,0.609,1.994
57.8,9.5,-0.160,1.995
57.8,10.1,-0.994,1.995
57.8,10.6,1.378,1.996
57.8,11.1,0.609,1.997
57.8,11.6,-0.160,1.998
57.8,12.1,-0.930,1.998
57.8,12.6,1.443,1.999
57.8,13.1,0.673,1.999
57.8,13.6,-0.096,1.999
57.8,14.1,-0.866,1.999
57.8,14.6,1.507,1.999
57.8,15.1,0.673,1.999
57.8,15.6,-0.096,2.000
57.8,16.1,-0.866,2.000
57.8,16.6,1.507,2.000
57.8,17.1,0.737,2.000
57.8,17.6,-0.032,1.999
57.8,18.1,-0.801,1.999
57.8,18.6,1.571,1.998
57.8,19.1,0.737,1.998
57.8,19.6,-0.032,1.998
57.8,20.1,-0.801,1.997
57.8,20.6,-1.571,1.997
57.8,21.1,0.801,1.996
57.8,21.6,0.032,1.995
57.8,22.1,-0.737,1.994
57.8,22.6,-1.571,1.993
57.8,23.1,0.801,1.993
57.8,23.6,0.032,1.992
57.8,24.1,-0.737,1.991
57.8,24.6,-1.507,1.990
57.8,25.1,0.866,1.988
57.8,25.6,0.032,1.987
57.8,26.1,-0.737,1.986
57.8,26.6,-1.507,1.985
57.8,27.1,0.866,1.984
57.8,27.6,0.096,1.982
57.8,28.1,-0.673,1.980
57.8,28.6,-1.507,1.979
57.8,29.1,0.866,1.977
57.8,29.6,0.096,1.976
57.8,30.2,-0.673,1.974
57.8,30.7,-1.443,1.971
57.8,31.2,0.866,1.970
57.8,31.7,0.096,1.968
57.8,32.2,-0.673,1.966
57.8,32.7,-1.443,1.964
57.8,33.2,0.930,1.961
57.8,33.7,0.096,1.959
57.8,34.2,-0.673,1.957
57.8,34.7,-1.443,1.955
57.8,35.2,0.930,1.952
57.8,35.7,0.096,1.949
57.8,36.2,-0.673,1.947
57.8,36.7,-1.443,1.945
57.8,37.2,0.930,1.942
57.8,37.7,0.160,1.938
57.8,38.2,-0.673,1.936
57.8,38.7,-1.443,1.934
57.8,39.2,0.930,1.931
57.8,39.7,0.160,1.927
57.8,40.2,-0.673,1.924
57.8,40.7,-1.443,1.922
57.8,41.2,0.930,1.918
57.8,41.7,0.160,1.914
57.8,42.2,-0.673,1.912
57.8,42.7,-1.443,1.909
57.8,43.2,0.930,1.905
57.8,43.7,0.096,1.901
57.8,44.2,-0.673,1.898
57.8,44.7,-1.443,1.895
57.8,45.2,0.930,1.891
57.8,45.7,0.096,1.887
57.8,46.2,-0.673,1.883
57.8,46.7,-1.443,1.880
57.8,47.2,0.930,1.875
57.8,47.7,0.096,1.871
57.8,48.2,-0.673,1.868
57.8,48.7,-1.443,1.863
57.8,49.2,0.866,1.859
57.8,49.7,0.096,1.855
57.8,50.3,-0.673,1.851
57.8,50.8,-1.507,1.846
57.8,51.3,0.866,1.842
57.8,51.8,0.096,1.838
57.8,52.3,-0.673,1.833
57.8,52.8,-1.507,1.829
57.8,53.3,0.866,1.824
57.8,53.8,0.096,1.819
57.8,54.3,-0.737,1.814
57.8,54.8,-1.507,1.810
57.8,55.3,0.866,1.805
57.8,55.8,0.032,1.800
57.8,56.3,-0.737,1.795
57.8,56.8,-1.507,1.790
57.8,57.3,0.801,1.785
57.8,57.8,0.032,1.780
57.8,58.3,-0.737,1.774
57.8,58.8,-1.571,1.769
57.8,59.3,0.801,1.764
57.8,59.8,0.032,1.758
57.8,60.3,-0.801,1.753
57.8,60.8,1.571,1.748
57.8,61.3,0.737,1.741
57.8,61.8,-0.032,1.736
57.8,62.3,-0.801,1.731
57.8,62.8,1.507,1.725
57.8,63.3,0.737,1.719
57.8,63.8,-0.032,1.713
57.8,64.3,-0.866,1.707
57.8,64.8,1.507,1.702
57.8,65.3,0.737,1.695
57.8,65.8,-0.096,1.689
57.8,66.3,-0.866,1.683
57.8,66.8,1.443,1.677
57.8,67.3,0.673,1.671
57.8,67.8,-0.096,1.664
57.8,68.3,-0.930,1.658
57.8,68.8,1.443,1.652
57.8,69.3,0.609,1.645
57.8,69.8,-0.160,1.639
57.8,70.4,-0.930,1.632
57.8,70.9,1.378,1.626
57.8,71.4,0.609,1.619
57.8,71.9,-0.224,1.612
57.8,72.4,-0.994,1.605
57.8,72.9,1.314,1.598
57.8,73.4,0.545,1.592
57.8,73.9,-0.224,1.584
57.8,74.4,-1.058,1.578
57.8,74.9,1.314,1.571
57.8,75.4,0.481,1.563
57.8,75.9,-0.289,1.556
57.8,76.4,-1.122,1.549
57.8,76.9,1.250,1.542
57.8,77.4,0.481,1.534
57.8,77.9,-0.353,1.527
57.8,78.4,-1.122,1.520
57.8,78.9,1.186,1.512
57.8,79.4,0.417,1.505
57.8,79.9,-0.417,1.497
57.8,80.4,-1.186,1.490
57.8,80.9,1.122,1.482
57.8,81.4,0.353,1.474
57.8,81.9,-0.481,1.466
57.8,82.4,-1.250,1.459
57.8,82.9,1.058,1.450
57.8,83.4,0.289,1.443
57.8,83.9,-0.545,1.435
57.8,84.4,-1.314,1.427
57.8,84.9,1.058,1.418
57.8,85.4,0.224,1.411
57.8,85.9,-0.545,1.402
57.8,86.4,-1.378,1.395
57.8,86.9,0.994,1.386
57.8,87.4,0.160,1.378
57.8,87.9,-0.609,1.369
57.8,88.4,-1.443,1.361
57.8,88.9,0.930,1.352
57.8,89.4,0.096,1.345
57.8,89.9,-0.737,1.335
57.8,90.5,-1.507,1.327
57.8,91.0,0.801,1.318
57.8,91.5,0.032,1.310
57.8,92.0,-0.801,1.301
57.8,92.5,1.571,1.293
57.8,93.0,0.737,1.284
57.8,93.5,-0.032,1.275
57.8,94.0,-0.866,1.266
57.8,94.5,1.507,1.257
57.8,95.0,0.673,1.248
57.8,95.5,-0.096,1.239
57.8,96.0,-0.930,1.230
57.8,96.5,1.443,1.221
57.8,97.0,0.609,1.212
57.8,97.5,-0.224,1.203
57.8,98.0,-0.994,1.194
57.8,98.5,1.314,1.184
57.8,99.0,0.545,1.175
57.8,99.5,-0.289,1.166
57.8,100.0,-1.058,1.156
58.3,0.0,-0.096,1.965
58.3,0.5,-0.866,1.967
58.3,1.0,1.507,1.969
58.3,1.5,0.737,1.971
58.3,2.0,-0.032,1.972
58.3,2.5,-0.866,1.974
58.3,3.0,1.507,1.976
58.3,3.5,0.737,1.978
58.3,4.0,-0.032,1.980
58.3,4.5,-0.801,1.981
58.3,5.0,-1.571,1.983
58.3,5.5,0.801,1.984
58.3,6.0,0.032,1.986
58.3,6.5,-0.737,1.987
58.3,7.0,-1.507,1.988
58.3,7.5,0.866,1.989
58.3,8.0,0.096,1.990
58.3,8.5,-0.673,1.991
58.3,9.0,-1.443,1.992
58.3,9.5,0.930,1.993
58.3,10.1,0.160,1.993
58.3,10.6,-0.673,1.995
58.3,11.1,-1.443,1.996
58.3,11.6,0.930,1.996
58.3,12.1,0.160,1.997
58.3,12.6,-0.609,1.998
58.3,13.1,-1.378,1.998
58.3,13.6,0.994,1.999
58.3,14.1,0.224,1.999
58.3,14.6,-0.545,1.999
58.3,15.1,-1.314,1.999
58.3,15.6,0.994,1.999
58.3,16.1,0.224,2.000
58.3,16.6,-0.545,2.000
58.3,17.1,-1.314,2.000
58.3,17.6,1.058,2.000
58.3,18.1,0.289,2.000
58.3,18.6,-0.481,1.999
58.3,19.1,-1.250,1.998
58.3,19.6,1.058,1.998
58.3,20.1,0.289,1.998
58.3,20.6,-0.481,1.998
58.3,21.1,-1.250,1.998
58.3,21.6,1.122,1.997
58.3,22.1,0.353,1.996
58.3,22.6,-0.417,1.995
58.3,23.1,-1.250,1.994
58.3,23.6,1.122,1.994
58.3,24.1,0.353,1.993
58.3,24.6,-0.417,1.992
58.3,25.1,-1.186,1.991
58.3,25.6,1.186,1.989
58.3,26.1,0.353,1.988
58.3,26.6,-0.417,1.987
58.3,27.1,-1.186,1.986
58.3,27.6,1.186,1.985
58.3,28.1,0.417,1.983
58.3,28.6,-0.353,1.981
58.3,29.1,-1.186,1.980
58.3,29.6,1.186,1.979
58.3,30.2,0.417,1.977
58.3,30.7,-0.353,1.975
58.3,31.2,-1.122,1.973
58.3,31.7,1.186,1.971
58.3,32.2,0.417,1.970
58.3,32.7,-0.353,1.968
58.3,33.2,-1.122,1.966
58.3,33.7,1.250,1.963
58.3,34.2,0.417,1.961
58.3,34.7,-0.353,1.959
58.3,35.2,-1.122,1.957
58.3,35.7,1.250,1.955
58.3,36.2,0.481,1.952
58.3,36.7,-0.353,1.950
58.3,37.2,-1.122,1.947
58.3,37.7,1.250,1.945
58.3,38.2,0.481,1.942
58.3,38.7,-0.353,1.939
58.3,39.2,-1.122,1.937
58.3,39.7,1.250,1.934
58.3,40.2,0.481,1.930
58.3,40.7,-0.353,1.927
58.3,41.2,-1.122,1.925
58.3,41.7,1.250,1.922
58.3,42.2,0.481,1.918
58.3,42.7,-0.353,1.915
58.3,43.2,-1.122,1.912
58.3,43.7,1.250,1.909
58.3,44.2,0.481,1.905
58.3,44.7,-0.353,1.901
58.3,45.2,-1.122,1.898
58.3,45.7,1.250,1.895
58.3,46.2,0.481,1.890
58.3,46.7,-0.353,1.887
58.3,47.2,-1.122,1.884
58.3,47.7,1.250,1.879
58.3,48.2,0.417,1.875
58.3,48.7,-0.353,1.872
58.3,49.2,-1.122,1.868
58.3,49.7,1.250,1.863
58.3,50.3,0.417,1.859
58.3,50.8,-0.353,1.855
58.3,51.3,-1.122,1.851
58.3,51.8,1.186,1.846
58.3,52.3,0.417,1.842
58.3,52.8,-0.353,1.838
58.3,53.3,-1.186,1.833
58.3,53.8,1.186,1.829
58.3,54.3,0.417,1.824
58.3,54.8,-0.417,1.819
58.3,55.3,-1.186,1.815
58.3,55.8,1.186,1.810
58.3,56.3,0.353,1.804
58.3,56.8,-0.417,1.800
58.3,57.3,-1.186,1.795
58.3,57.8,1.122,1.789
58.3,58.3,0.353,1.785
58.3,58.8,-0.417,1.780
58.3,59.3,-1.250,1.774
58.3,59.8,1.122,1.769
58.3,60.3,0.353,1.764
58.3,60.8,-0.481,1.758
58.3,61.3,-1.250,1.753
58.3,61.8,1.122,1.747
58.3,62.3,0.289,1.742
58.3,62.8,-0.481,1.737
58.3,63.3,-1.250,1.730
58.3,63.8,1.058,1.725
58.3,64.3,0.289,1.719
58.3,64.8,-0.545,1.713
58.3,65.3,-1.314,1.708
58.3,65.8,1.058,1.701
58.3,66.3,0.224,1.695
58.3,66.8,-0.545,1.690
58.3,67.3,-1.314,1.683
58.3,67.8,0.994,1.677
58.3,68.3,0.224,1.671
58.3,68.8,-0.609,1.664
58.3,69.3,-1.378,1.658
58.3,69.8,0.994,1.651
58.3,70.4,0.160,1.645
58.3,70.9,-0.609,1.639
58.3,71.4,-1.443,1.632
58.3,71.9,0.930,1.626
58.3,72.4,0.160,1.619
58.3,72.9,-0.673,1.612
58.3,73.4,-1.443,1.605
58.3,73.9,0.866,1.598
58.3,74.4,0.096,1.592
58.3,74.9,-0.737,1.584
58.3,75.4,-1.507,1.578
58.3,75.9,0.866,1.570
58.3,76.4,0.032,1.564
58.3,76.9,-0.737,1.556
58.3,77.4,-1.571,1.549
58.3,77.9,0.801,1.542
58.3,78.4,-0.032,1.534
58.3,78.9,-0.801,1.528
58.3,79.4,1.507,1.519
58.3,79.9,0.737,1.513
58.3,80.4,-0.032,1.505
58.3,80.9,-0.866,1.498
58.3,81.4,1.507,1.490
58.3,81.9,0.673,1.482
58.3,82.4,-0.096,1.474
58.3,82.9,-0.930,1.467
58.3,83.4,1.443,1.459
58.3,83.9,0.609,1.451
58.3,84.4,-0.160,1.443
58.3,84.9,-0.994,1.435
58.3,85.4,1.378,1.427
58.3,85.9,0.545,1.419
58.3,86.4,-0.224,1.411
58.3,86.9,-1.058,1.403
58.3,87.4,1.314,1.395
58.3,87.9,0.481,1.386
58.3,88.4,-0.289,1.378
58.3,88.9,-1.122,1.370
58.3,89.4,1.250,1.362
58.3,89.9,0.417,1.353
58.3,90.5,-0.353,1.345
58.3,91.0,-1.186,1.336
58.3,91.5,1.186,1.327
58.3,92.0,0.353,1.319
58.3,92.5,-0.417,1.310
58.3,93.0,-1.250,1.301
58.3,93.5,1.122,1.293
58.3,94.0,0.289,1.284
58.3,94.5,-0.481,1.275
58.3,95.0,-1.314,1.266
58.3,95.5,1.058,1.257
58.3,96.0,0.224,1.248
58.3,96.5,-0.609,1.239
58.3,97.0,-1.378,1.230
58.3,97.5,0.930,1.221
58.3,98.0,0.160,1.212
58.3,98.5,-0.673,1.203
58.3,99.0,-1.443,1.194
58.3,99.5,0.866,1.184
58.3,100.0,0.096,1.175
58.8,0.0,0.994,1.960
58.8,0.5,0.224,1.962
58.8,1.0,-0.545,1.964
58.8,1.5,-1.378,1.966
58.8,2.0,0.994,1.968
58.8,2.5,0.224,1.970
58.8,3.0,-0.545,1.972
58.8,3.5,-1.314,1.974
58.8,4.0,1.058,1.976
58.8,4.5,0.289,1.978
58.8,5.0,-0.481,1.980
58.8,5.5,-1.250,1.981
58.8,6.0,1.122,1.983
58.8,6.5,0.353,1.984
58.8,7.0,-0.417,1.986
58.8,7.5,-1.186,1.987
58.8,8.0,1.186,1.988
58.8,8.5,0.417,1.989
58.8,9.0,-0.353,1.990
58.8,9.5,-1.122,1.991
58.8,10.1,1.250,1.992
58.8,10.6,0.417,1.993
58.8,11.1,-0.353,1.994
58.8,11.6,-1.122,1.995
58.8,12.1,1.250,1.996
58.8,12.6,0.481,1.997
58.8,13.1,-0.289,1.997
58.8,13.6,-1.058,1.998
58.8,14.1,1.314,1.998
58.8,14.6,0.545,1.998
58.8,15.1,-0.224,1.998
58.8,15.6,-1.058,1.998
58.8,16.1,1.314,1.999
58.8,16.6,0.545,2.000
58.8,17.1,-0.224,2.000
58.8,17.6,-0.994,2.000
58.8,18.1,1.378,2.000
58.8,18.6,0.609,2.000
58.8,19.1,-0.160,1.999
58.8,19.6,-0.930,1.999
58.8,20.1,1.378,1.999
58.8,20.6,0.609,1.999
58.8,21.1,-0.160,1.999
58.8,21.6,-0.930,1.998
58.8,22.1,1.443,1.998
58.8,22.6,0.673,1.997
58.8,23.1,-0.096,1.996
58.8,23.6,-0.930,1.995
58.8,24.1,1.443,1.995
58.8,24.6,0.673,1.994
58.8,25.1,-0.096,1.993
58.8,25.6,-0.866,1.992
58.8,26.1,1.507,1.991
58.8,26.6,0.673,1.989
58.8,27.1,-0.096,1.989
58.8,27.6,-0.866,1.988
58.8,28.1,1.507,1.986
58.8,28.6,0.737,1.985
58.8,29.1,-0.032,1.983
58.8,29.6,-0.866,1.982
58.8,30.2,1.507,1.980
58.8,30.7,0.737,1.979
58.8,31.2,-0.032,1.977
58.8,31.7,-0.801,1.975
58.8,32.2,1.507,1.973
58.8,32.7,0.737,1.972
58.8,33.2,-0.032,1.970
58.8,33.7,-0.801,1.968
58.8,34.2,1.571,1.966
58.8,34.7,0.737,1.963
58.8,35.2,-0.032,1.962
58.8,35.7,-0.801,1.960
58.8,36.2,1.571,1.957
58.8,36.7,0.801,1.954
58.8,37.2,-0.032,1.952
58.8,37.7,-0.801,1.950
58.8,38.2,1.571,1.948
58.8,38.7,0.801,1.945
58.8,39.2,-0.032,1.941
58.8,39.7,-0.801,1.939
58.8,40.2,1.571,1.937
58.8,40.7,0.801,1.934
58.8,41.2,0.032,1.930
58.8,41.7,-0.801,1.928
58.8,42.2,-1.571,1.925
58.8,42.7,0.801,1.922
58.8,43.2,0.032,1.918
58.8,43.7,-0.801,1.915
58.8,44.2,1.571,1.912
58.8,44.7,0.801,1.909
58.8,45.2,-0.032,1.905
58.8,45.7,-0.801,1.902
58.8,46.2,1.571,1.898
58.8,46.7,0.801,1.894
58.8,47.2,-0.032,1.891
58.8,47.7,-0.801,1.887
58.8,48.2,1.571,1.884
58.8,48.7,0.801,1.879
58.8,49.2,-0.032,1.876
58.8,49.7,-0.801,1.872
58.8,50.3,1.571,1.868
58.8,50.8,0.737,1.863
58.8,51.3,-0.032,1.860
58.8,51.8,-0.801,1.855
58.8,52.3,1.507,1.850
58.8,52.8,0.737,1.847
58.8,53.3,-0.032,1.842
58.8,53.8,-0.801,1.837
58.8,54.3,1.507,1.833
58.8,54.8,0.737,1.829
58.8,55.3,-0.032,1.824
58.8,55.8,-0.866,1.819
58.8,56.3,1.507,1.815
58.8,56.8,0.737,1.810
58.8,57.3,-0.096,1.805
58.8,57.8,-0.866,1.800
58.8,58.3,1.507,1.795
58.8,58.8,0.673,1.790
58.8,59.3,-0.096,1.785
58.8,59.8,-0.866,1.780
58.8,60.3,1.443,1.775
58.8,60.8,0.673,1.770
58.8,61.3,-0.096,1.764
58.8,61.8,-0.930,1.759
58.8,62.3,1.443,1.753
58.8,62.8,0.673,1.747
58.8,63.3,-0.160,1.742
58.8,63.8,-0.930,1.737
58.8,64.3,1.378,1.730
58.8,64.8,0.609,1.725
58.8,65.3,-0.160,1.719
58.8,65.8,-0.994,1.713
58.8,66.3,1.378,1.708
58.8,66.8,0.609,1.701
58.8,67.3,-0.224,1.696
58.8,67.8,-0.994,1.690
58.8,68.3,1.314,1.683
58.8,68.8,0.545,1.677
58.8,69.3,-0.224,1.671
58.8,69.8,-1.058,1.665
58.8,70.4,1.314,1.658
58.8,70.9,0.481,1.651
58.8,71.4,-0.289,1.646
58.8,71.9,-1.058,1.639
58.8,72.4,1.250,1.632
58.8,72.9,0.481,1.626
58.8,73.4,-0.353,1.619
58.8,73.9,-1.122,1.613
58.8,74.4,1.250,1.605
58.8,74.9,0.417,1.599
58.8,75.4,-0.353,1.592
58.8,75.9,-1.186,1.585
58.8,76.4,1.186,1.578
58.8,76.9,0.353,1.570
58.8,77.4,-0.417,1.564
58.8,77.9,-1.186,1.556
58.8,78.4,1.122,1.550
58.8,78.9,0.353,1.542
58.8,79.4,-0.481,1.535
58.8,79.9,-1.250,1.528
58.8,80.4,1.058,1.520
58.8,80.9,0.289,1.513
58.8,81.4,-0.545,1.505
58.8,81.9,-1.314,1.498
58.8,82.4,1.058,1.489
58.8,82.9,0.224,1.482
58.8,83.4,-0.545,1.474
58.8,83.9,-1.378,1.467
58.8,84.4,0.994,1.459
58.8,84.9,0.160,1.451
58.8,85.4,-0.609,1.443
58.8,85.9,-1.443,1.435
58.8,86.4,0.930,1.427
58.8,86.9,0.096,1.419
58.8,87.4,-0.673,1.411
58.8,87.9,-1.507,1.403
58.8,88.4,0.866,1.395
58.8,88.9,0.032,1.386
58.8,89.4,-0.737,1.378
58.8,89.9,-1.571,1.370
58.8,90.5,0.801,1.361
58.8,91.0,-0.032,1.353
58.8,91.5,-0.801,1.345
58.8,92.0,1.507,1.336
58.8,92.5,0.737,1.327
58.8,93.0,-0.096,1.319
58.8,93.5,-0.866,1.310
58.8,94.0,1.443,1.302
58.8,94.5,0.673,1.292
58.8,95.0,-0.160,1.284
58.8,95.5,-0.930,1.275
58.8,96.0,1.378,1.266
58.8,96.5,0.545,1.257
58.8,97.0,-0.224,1.249
58.8,97.5,-1.058,1.239
58.8,98.0,1.314,1.230
58.8,98.5,0.481,1.221
58.8,99.0,-0.289,1.212
58.8,99.5,-1.122,1.203
58.8,100.0,1.250,1.193
59.3,0.0,-1.122,1.955
59.3,0.5,1.250,1.958
59.3,1.0,0.481,1.960
59.3,1.5,-0.289,1.962
59.3,2.0,-1.058,1.965
59.3,2.5,1.314,1.967
59.3,3.0,0.545,1.969
59.3,3.5,-0.224,1.971
59.3,4.0,-0.994,1.973
59.3,4.5,1.378,1.975
59.3,5.0,0.609,1.976
59.3,5.5,-0.160,1.978
59.3,6.0,-0.930,1.980
59.3,6.5,1.443,1.981
59.3,7.0,0.673,1.983
59.3,7.5,-0.096,1.984
59.3,8.0,-0.866,1.985
59.3,8.5,1.507,1.987
59.3,9.0,0.737,1.988
59.3,9.5,-0.032,1.989
59.3,10.1,-0.801,1.990
59.3,10.6,1.507,1.991
59.3,11.1,0.737,1.992
59.3,11.6,-0.032,1.993
59.3,12.1,-0.801,1.994
59.3,12.6,-1.571,1.995
59.3,13.1,0.801,1.996
59.3,13.6,0.032,1.997
59.3,14.1,-0.737,1.997
59.3,14.6,-1.507,1.998
59.3,15.1,0.866,1.998
59.3,15.6,0.096,1.998
59.3,16.1,-0.737,1.998
59.3,16.6,-1.507,1.999
59.3,17.1,0.866,1.999
59.3,17.6,0.096,2.000
59.3,18.1,-0.673,2.000
59.3,18.6,-1.443,2.000
59.3,19.1,0.930,2.000
59.3,19.6,0.160,1.999
59.3,20.1,-0.609,1.999
59.3,20.6,-1.443,1.999
59.3,21.1,0.930,1.999
59.3,21.6,0.160,1.999
59.3,22.1,-0.609,1.999
59.3,22.6,-1.378,1.998
59.3,23.1,0.994,1.997
59.3,23.6,0.224,1.996
59.3,24.1,-0.609,1.996
59.3,24.6,-1.378,1.995
59.3,25.1,0.994,1.995
59.3,25.6,0.224,1.994
59.3,26.1,-0.545,1.993
59.3,26.6,-1.314,1.992
59.3,27.1,0.994,1.990
59.3,27.6,0.224,1.990
59.3,28.1,-0.545,1.989
59.3,28.6,-1.314,1.988
59.3,29.1,1.058,1.986
59.3,29.6,0.289,1.985
59.3,30.2,-0.545,1.983
59.3,30.7,-1.314,1.982
59.3,31.2,1.058,1.981
59.3,31.7,0.289,1.979
59.3,32.2,-0.481,1.977
59.3,32.7,-1.250,1.975
59.3,33.2,1.058,1.974
59.3,33.7,0.289,1.972
59.3,34.2,-0.481,1.970
59.3,34.7,-1.250,1.968
59.3,35.2,1.122,1.965
59.3,35.7,0.289,1.964
59.3,36.2,-0.481,1.962
59.3,36.7,-1.250,1.960
59.3,37.2,1.122,1.957
59.3,37.7,0.289,1.954
59.3,38.2,-0.481,1.952
59.3,38.7,-1.250,1.950
59.3,39.2,1.122,1.947
59.3,39.7,0.353,1.944
59.3,40.2,-0.481,1.942
59.3,40.7,-1.250,1.940
59.3,41.2,1.122,1.937
59.3,41.7,0.353,1.933
59.3,42.2,-0.481,1.931
59.3,42.7,-1.250,1.928
59.3,43.2,1.122,1.925
59.3,43.7,0.353,1.921
59.3,44.2,-0.481,1.918
59.3,44.7,-1.250,1.916
59.3,45.2,1.122,1.912
59.3,45.7,0.353,1.908
59.3,46.2,-0.481,1.905
59.3,46.7,-1.250,1.902
59.3,47.2,1.122,1.898
59.3,47.7,0.353,1.894
59.3,48.2,-0.481,1.891
59.3,48.7,-1.250,1.888
59.3,49.2,1.122,1.883
59.3,49.7,0.289,1.879
59.3,50.3,-0.481,1.876
59.3,50.8,-1.250,1.872
59.3,51.3,1.122,1.867
59.3,51.8,0.289,1.864
59.3,52.3,-0.481,1.860
59.3,52.8,-1.250,1.855
59.3,53.3,1.058,1.851
59.3,53.8,0.289,1.847
59.3,54.3,-0.481,1.842
59.3,54.8,-1.314,1.838
59.3,55.3,1.058,1.834
59.3,55.8,0.289,1.829
59.3,56.3,-0.545,1.824
59.3,56.8,-1.314,1.820
59.3,57.3,1.058,1.815
59.3,57.8,0.289,1.809
59.3,58.3,-0.545,1.805
59.3,58.8,-1.314,1.800
59.3,59.3,1.058,1.795
59.3,59.8,0.224,1.790
59.3,60.3,-0.545,1.785
59.3,60.8,-1.314,1.779
59.3,61.3,0.994,1.775
59.3,61.8,0.224,1.770
59.3,62.3,-0.609,1.764
59.3,62.8,-1.378,1.759
59.3,63.3,0.994,1.753
59.3,63.8,0.160,1.747
59.3,64.3,-0.609,1.742
59.3,64.8,-1.378,1.737
59.3,65.3,0.930,1.731
59.3,65.8,0.160,1.725
59.3,66.3,-0.609,1.719
59.3,66.8,-1.443,1.714
59.3,67.3,0.930,1.708
59.3,67.8,0.096,1.701
59.3,68.3,-0.673,1.696
59.3,68.8,-1.443,1.690
59.3,69.3,0.866,1.683
59.3,69.8,0.096,1.678
59.3,70.4,-0.673,1.671
59.3,70.9,-1.507,1.665
59.3,71.4,0.866,1.658
59.3,71.9,0.032,1.652
59.3,72.4,-0.737,1.646
59.3,72.9,-1.507,1.638
59.3,73.4,0.801,1.633
59.3,73.9,0.032,1.626
59.3,74.4,-0.801,1.619
59.3,74.9,1.571,1.613
59.3,75.4,0.737,1.605
59.3,75.9,-0.032,1.599
59.3,76.4,-0.801,1.592
59.3,76.9,1.507,1.585
59.3,77.4,0.737,1.578
59.3,77.9,-0.096,1.571
59.3,78.4,-0.866,1.564
59.3,78.9,1.443,1.556
59.3,79.4,0.673,1.550
59.3,79.9,-0.096,1.542
59.3,80.4,-0.930,1.535
59.3,80.9,1.443,1.527
59.3,81.4,0.609,1.520
59.3,81.9,-0.160,1.513
59.3,82.4,-0.994,1.505
59.3,82.9,1.378,1.498
59.3,83.4,0.545,1.490
59.3,83.9,-0.224,1.483
59.3,84.4,-1.058,1.474
59.3,84.9,1.314,1.467
59.3,85.4,0.481,1.459
59.3,85.9,-0.289,1.451
59.3,86.4,-1.058,1.443
59.3,86.9,1.250,1.436
59.3,87.4,0.481,1.427
59.3,87.9,-0.353,1.419
59.3,88.4,-1.122,1.411
59.3,88.9,1.186,1.403
59.3,89.4,0.417,1.395
59.3,89.9,-0.417,1.387
59.3,90.5,-1.186,1.378
59.3,91.0,1.122,1.370
59.3,91.5,0.353,1.361
59.3,92.0,-0.481,1.353
59.3,92.5,-1.250,1.344
59.3,93.0,1.058,1.336
59.3,93.5,0.289,1.327
59.3,94.0,-0.545,1.319
59.3,94.5,-1.378,1.310
59.3,95.0,0.994,1.302
59.3,95.5,0.160,1.292
59.3,96.0,-0.609,1.284
59.3,96.5,-1.443,1.275
59.3,97.0,0.930,1.266
59.3,97.5,0.096,1.257
59.3,98.0,-0.673,1.248
59.3,98.5,-1.507,1.239
59.3,99.0,0.866,1.230
59.3,99.5,0.032,1.221
59.3,100.0,-0.737,1.212
59.8,0.0,-0.032,1.951
59.8,0.5,-0.801,1.953
59.8,1.0,-1.571,1.956
59.8,1.5,0.801,1.958
59.8,2.0,0.032,1.960
59.8,2.5,-0.737,1.963
59.8,3.0,-1.507,1.965
59.8,3.5,0.866,1.967
59.8,4.0,0.096,1.969
59.8,4.5,-0.673,1.971
59.8,5.0,-1.443,1.973
59.8,5.5,0.930,1.975
59.8,6.0,0.160,1.976
59.8,6.5,-0.609,1.978
59.8,7.0,-1.378,1.980
59.8,7.5,0.994,1.981
59.8,8.0,0.224,1.983
59.8,8.5,-0.545,1.984
59.8,9.0,-1.314,1.985
59.8,9.5,1.058,1.986
59.8,10.1,0.289,1.987
59.8,10.6,-0.545,1.989
59.8,11.1,-1.314,1.990
59.8,11.6,1.058,1.991
59.8,12.1,0.289,1.992
59.8,12.6,-0.481,1.993
59.8,13.1,-1.250,1.994
59.8,13.6,1.122,1.995
59.8,14.1,0.353,1.996
59.8,14.6,-0.417,1.996
59.8,15.1,-1.186,1.997
59.8,15.6,1.186,1.997
59.8,16.1,0.353,1.997
59.8,16.6,-0.417,1.998
59.8,17.1,-1.186,1.999
59.8,17.6,1.186,1.999
59.8,18.1,0.417,2.000
59.8,18.6,-0.353,2.000
59.8,19.1,-1.122,2.000
59.8,19.6,1.250,2.000
59.8,20.1,0.481,1.999
59.8,20.6,-0.353,1.999
59.8,21.1,-1.122,1.999
59.8,21.6,1.250,1.999
59.8,22.1,0.481,1.999
59.8,22.6,-0.289,1.999
59.8,23.1,-1.058,1.998
59.8,23.6,1.314,1.998
59.8,24.1,0.545,1.997
59.8,24.6,-0.289,1.996
59.8,25.1,-1.058,1.996
59.8,25.6,1.314,1.996
59.8,26.1,0.545,1.995
59.8,26.6,-0.224,1.994
59.8,27.1,-0.994,1.993
59.8,27.6,1.314,1.991
59.8,28.1,0.545,1.991
59.8,28.6,-0.224,1.990
59.8,29.1,-0.994,1.989
59.8,29.6,1.378,1.988
59.8,30.2,0.609,1.986
59.8,30.7,-0.224,1.984
59.8,31.2,-0.994,1.983
59.8,31.7,1.378,1.982
59.8,32.2,0.609,1.981
59.8,32.7,-0.160,1.979
59.8,33.2,-0.930,1.977
59.8,33.7,1.378,1.975
59.8,34.2,0.609,1.974
59.8,34.7,-0.160,1.972
59.8,35.2,-0.930,1.970
59.8,35.7,1.443,1.968
59.8,36.2,0.609,1.966
59.8,36.7,-0.160,1.964
59.8,37.2,-0.930,1.962
59.8,37.7,1.443,1.960
59.8,38.2,0.673,1.957
59.8,38.7,-0.160,1.955
59.8,39.2,-0.930,1.953
59.8,39.7,1.443,1.950
59.8,40.2,0.673,1.947
59.8,40.7,-0.160,1.945
59.8,41.2,-0.930,1.942
59.8,41.7,1.443,1.940
59.8,42.2,0.673,1.937
59.8,42.7,-0.160,1.933
59.8,43.2,-0.930,1.931
59.8,43.7,1.443,1.928
59.8,44.2,0.673,1.925
59.8,44.7,-0.160,1.921
59.8,45.2,-0.930,1.919
59.8,45.7,1.443,1.916
59.8,46.2,0.673,1.912
59.8,46.7,-0.160,1.908
59.8,47.2,-0.930,1.906
59.8,47.7,1.443,1.902
59.8,48.2,0.673,1.898
59.8,48.7,-0.160,1.895
59.8,49.2,-0.930,1.891
59.8,49.7,1.443,1.888
59.8,50.3,0.673,1.883
59.8,50.8,-0.160,1.880
59.8,51.3,-0.930,1.876
59.8,51.8,1.443,1.872
59.8,52.3,0.609,1.868
59.8,52.8,-0.160,1.864
59.8,53.3,-0.930,1.860
59.8,53.8,1.443,1.855
59.8,54.3,0.609,1.851
59.8,54.8,-0.160,1.847
59.8,55.3,-0.930,1.842
59.8,55.8,1.378,1.838
59.8,56.3,0.609,1.834
59.8,56.8,-0.160,1.829
59.8,57.3,-0.994,1.824
59.8,57.8,1.378,1.820
59.8,58.3,0.609,1.815
59.8,58.8,-0.224,1.810
59.8,59.3,-0.994,1.806
59.8,59.8,1.378,1.800
59.8,60.3,0.545,1.795
59.8,60.8,-0.224,1.791
59.8,61.3,-0.994,1.785
59.8,61.8,1.314,1.780
59.8,62.3,0.545,1.775
59.8,62.8,-0.224,1.769
59.8,63.3,-1.058,1.764
59.8,63.8,1.314,1.759
59.8,64.3,0.545,1.753
59.8,64.8,-0.289,1.748
59.8,65.3,-1.058,1.743
59.8,65.8,1.314,1.736
59.8,66.3,0.481,1.731
59.8,66.8,-0.289,1.725
59.8,67.3,-1.122,1.719
59.8,67.8,1.250,1.714
59.8,68.3,0.481,1.708
59.8,68.8,-0.353,1.702
59.8,69.3,-1.122,1.696
59.8,69.8,1.250,1.689
59.8,70.4,0.417,1.684
59.8,70.9,-0.353,1.677
59.8,71.4,-1.186,1.671
59.8,71.9,1.186,1.665
59.8,72.4,0.417,1.658
59.8,72.9,-0.417,1.652
59.8,73.4,-1.186,1.646
59.8,73.9,1.122,1.639
59.8,74.4,0.353,1.633
59.8,74.9,-0.417,1.626
59.8,75.4,-1.250,1.619
59.8,75.9,1.122,1.613
59.8,76.4,0.289,1.606
59.8,76.9,-0.481,1.599
59.8,77.4,-1.314,1.592
59.8,77.9,1.058,1.585
59.8,78.4,0.289,1.578
59.8,78.9,-0.545,1.571
59.8,79.4,-1.314,1.564
59.8,79.9,0.994,1.557
59.8,80.4,0.224,1.550
59.8,80.9,-0.609,1.542
59.8,81.4,-1.378,1.535
59.8,81.9,0.994,1.527
59.8,82.4,0.160,1.520
59.8,82.9,-0.609,1.513
59.8,83.4,-1.443,1.505
59.8,83.9,0.930,1.498
59.8,84.4,0.096,1.490
59.8,84.9,-0.673,1.482
59.8,85.4,-1.507,1.475
59.8,85.9,0.866,1.467
59.8,86.4,0.032,1.459
59.8,86.9,-0.737,1.451
59.8,87.4,-1.571,1.443
59.8,87.9,0.801,1.436
59.8,88.4,-0.032,1.427
59.8,88.9,-0.801,1.420
59.8,89.4,1.507,1.411
59.8,89.9,0.737,1.403
59.8,90.5,-0.096,1.394
59.8,91.0,-0.866,1.387
59.8,91.5,1.443,1.378
59.8,92.0,0.673,1.370
59.8,92.5,-0.160,1.361
59.8,93.0,-0.930,1.353
59.8,93.5,1.378,1.344
59.8,94.0,0.609,1.336
59.8,94.5,-0.224,1.327
59.8,95.0,-0.994,1.319
59.8,95.5,1.314,1.310
59.8,96.0,0.545,1.302
59.8,96.5,-0.289,1.293
59.8,97.0,-1.058,1.284
59.8,97.5,1.250,1.275
59.8,98.0,0.481,1.266
59.8,98.5,-0.353,1.258
59.8,99.0,-1.122,1.248
59.8,99.5,1.186,1.240
59.8,100.0,0.417,1.230
60.3,0.0,1.058,1.946
60.3,0.5,0.289,1.949
60.3,1.0,-0.481,1.951
60.3,1.5,-1.250,1.954
60.3,2.0,1.122,1.956
60.3,2.5,0.353,1.958
60.3,3.0,-0.417,1.961
60.3,3.5,-1.186,1.963
60.3,4.0,1.186,1.965
60.3,4.5,0.417,1.967
60.3,5.0,-0.353,1.969
60.3,5.5,-1.122,1.971
60.3,6.0,1.250,1.973
60.3,6.5,0.481,1.975
60.3,7.0,-0.289,1.976
60.3,7.5,-1.058,1.978
60.3,8.0,1.314,1.979
60.3,8.5,0.545,1.981
60.3,9.0,-0.224,1.982
60.3,9.5,-0.994,1.983
60.3,10.1,1.314,1.985
60.3,10.6,0.545,1.986
60.3,11.1,-0.224,1.988
60.3,11.6,-0.994,1.989
60.3,12.1,1.378,1.990
60.3,12.6,0.609,1.991
60.3,13.1,-0.160,1.992
60.3,13.6,-0.930,1.993
60.3,14.1,1.443,1.994
60.3,14.6,0.673,1.995
60.3,15.1,-0.096,1.996
60.3,15.6,-0.866,1.996
60.3,16.1,1.507,1.996
60.3,16.6,0.673,1.997
60.3,17.1,-0.096,1.998
60.3,17.6,-0.866,1.998
60.3,18.1,1.507,1.999
60.3,18.6,0.737,1.999
60.3,19.1,-0.032,2.000
60.3,19.6,-0.801,2.000
60.3,20.1,1.571,2.000
60.3,20.6,0.801,1.999
60.3,21.1,-0.032,1.999
60.3,21.6,-0.801,1.999
60.3,22.1,-1.571,2.000
60.3,22.6,0.801,2.000
60.3,23.1,0.032,1.999
60.3,23.6,-0.737,1.999
60.3,24.1,-1.507,1.998
60.3,24.6,0.866,1.997
60.3,25.1,0.032,1.997
60.3,25.6,-0.737,1.997
60.3,26.1,-1.507,1.996
60.3,26.6,0.866,1.996
60.3,27.1,0.096,1.995
60.3,27.6,-0.673,1.994
60.3,28.1,-1.507,1.992
60.3,28.6,0.866,1.992
60.3,29.1,0.096,1.991
60.3,29.6,-0.673,1.990
60.3,30.2,-1.443,1.989
60.3,30.7,0.930,1.987
60.3,31.2,0.096,1.986
60.3,31.7,-0.673,1.985
60.3,32.2,-1.443,1.984
60.3,32.7,0.930,1.982
60.3,33.2,0.160,1.981
60.3,33.7,-0.609,1.979
60.3,34.2,-1.443,1.977
60.3,34.7,0.930,1.976
60.3,35.2,0.160,1.974
60.3,35.7,-0.609,1.972
60.3,36.2,-1.378,1.970
60.3,36.7,0.930,1.968
60.3,37.2,0.160,1.966
60.3,37.7,-0.609,1.964
60.3,38.2,-1.378,1.962
60.3,38.7,0.994,1.959
60.3,39.2,0.160,1.957
60.3,39.7,-0.609,1.955
60.3,40.2,-1.378,1.953
60.3,40.7,0.994,1.950
60.3,41.2,0.160,1.947
60.3,41.7,-0.609,1.945
60.3,42.2,-1.378,1.943
60.3,42.7,0.994,1.940
60.3,43.2,0.224,1.936
60.3,43.7,-0.609,1.934
60.3,44.2,-1.378,1.931
60.3,44.7,0.994,1.928
60.3,45.2,0.224,1.925
60.3,45.7,-0.609,1.922
60.3,46.2,-1.378,1.919
60.3,46.7,0.994,1.916
60.3,47.2,0.224,1.912
60.3,47.7,-0.609,1.909
60.3,48.2,-1.378,1.906
60.3,48.7,0.994,1.902
60.3,49.2,0.160,1.898
60.3,49.7,-0.609,1.895
60.3,50.3,-1.378,1.892
60.3,50.8,0.994,1.887
60.3,51.3,0.160,1.883
60.3,51.8,-0.609,1.880
60.3,52.3,-1.378,1.876
60.3,52.8,0.994,1.872
60.3,53.3,0.160,1.868
60.3,53.8,-0.609,1.864
60.3,54.3,-1.378,1.860
60.3,54.8,0.930,1.855
60.3,55.3,0.160,1.852
60.3,55.8,-0.609,1.847
60.3,56.3,-1.443,1.842
60.3,56.8,0.930,1.838
60.3,57.3,0.160,1.834
60.3,57.8,-0.609,1.829
60.3,58.3,-1.443,1.825
60.3,58.8,0.930,1.820
60.3,59.3,0.160,1.815
60.3,59.8,-0.673,1.810
60.3,60.3,-1.443,1.806
60.3,60.8,0.930,1.800
60.3,61.3,0.096,1.796
60.3,61.8,-0.673,1.791
60.3,62.3,-1.443,1.785
60.3,62.8,0.866,1.780
60.3,63.3,0.096,1.775
60.3,63.8,-0.673,1.769
60.3,64.3,-1.507,1.765
60.3,64.8,0.866,1.759
60.3,65.3,0.032,1.753
60.3,65.8,-0.737,1.748
60.3,66.3,-1.507,1.743
60.3,66.8,0.801,1.737
60.3,67.3,0.032,1.731
60.3,67.8,-0.737,1.725
60.3,68.3,-1.571,1.720
60.3,68.8,0.801,1.714
60.3,69.3,0.032,1.707
60.3,69.8,-0.801,1.702
60.3,70.4,1.571,1.696
60.3,70.9,0.737,1.690
60.3,71.4,-0.032,1.684
60.3,71.9,-0.801,1.677
60.3,72.4,1.507,1.671
60.3,72.9,0.737,1.665
60.3,73.4,-0.096,1.658
60.3,73.9,-0.866,1.652
60.3,74.4,1.507,1.646
60.3,74.9,0.673,1.639
60.3,75.4,-0.096,1.633
60.3,75.9,-0.930,1.626
60.3,76.4,1.443,1.620
60.3,76.9,0.673,1.612
60.3,77.4,-0.160,1.606
60.3,77.9,-0.930,1.599
60.3,78.4,1.378,1.592
60.3,78.9,0.609,1.585
60.3,79.4,-0.224,1.578
60.3,79.9,-0.994,1.571
60.3,80.4,1.378,1.564
60.3,80.9,0.545,1.557
60.3,81.4,-0.224,1.550
60.3,81.9,-1.058,1.542
60.3,82.4,1.314,1.535
60.3,82.9,0.481,1.528
60.3,83.4,-0.289,1.521
60.3,83.9,-1.122,1.512
60.3,84.4,1.250,1.506
60.3,84.9,0.481,1.497
60.3,85.4,-0.353,1.490
60.3,85.9,-1.122,1.482
60.3,86.4,1.186,1.475
60.3,86.9,0.417,1.467
60.3,87.4,-0.417,1.459
60.3,87.9,-1.186,1.451
60.3,88.4,1.122,1.443
60.3,88.9,0.353,1.436
60.3,89.4,-0.481,1.427
60.3,89.9,-1.250,1.420
60.3,90.5,1.058,1.411
60.3,91.0,0.289,1.403
60.3,91.5,-0.545,1.395
60.3,92.0,-1.314,1.387
60.3,92.5,0.994,1.378
60.3,93.0,0.224,1.370
60.3,93.5,-0.609,1.362
60.3,94.0,-1.378,1.353
60.3,94.5,0.930,1.345
60.3,95.0,0.160,1.336
60.3,95.5,-0.673,1.328
60.3,96.0,-1.443,1.319
60.3,96.5,0.866,1.311
60.3,97.0,0.096,1.302
60.3,97.5,-0.737,1.293
60.3,98.0,-1.507,1.284
60.3,98.5,0.801,1.276
60.3,99.0,0.032,1.266
60.3,99.5,-0.801,1.258
60.3,100.0,1.507,1.248
60.8,0.0,-0.994,1.941
60.8,0.5,1.378,1.944
60.8,1.0,0.609,1.946
60.8,1.5,-0.160,1.949
60.8,2.0,-0.930,1.951
60.8,2.5,1.443,1.954
60.8,3.0,0.673,1.956
60.8,3.5,-0.096,1.958
60.8,4.0,-0.866,1.961
60.8,4.5,1.507,1.963
60.8,5.0,0.737,1.965
60.8,5.5,-0.032,1.967
60.8,6.0,-0.801,1.969
60.8,6.5,1.571,1.971
60.8,7.0,0.801,1.972
60.8,7.5,0.032,1.974
60.8,8.0,-0.737,1.976
60.8,8.5,-1.507,1.977
60.8,9.0,0.866,1.979
60.8,9.5,0.096,1.980
60.8,10.1,-0.737,1.982
60.8,10.6,-1.507,1.983
60.8,11.1,0.866,1.985
60.8,11.6,0.096,1.987
60.8,12.1,-0.673,1.988
60.8,12.6,-1.443,1.989
60.8,13.1,0.930,1.990
60.8,13.6,0.160,1.991
60.8,14.1,-0.609,1.992
60.8,14.6,-1.378,1.993
60.8,15.1,0.994,1.994
60.8,15.6,0.224,1.995
60.8,16.1,-0.545,1.995
60.8,16.6,-1.378,1.996
60.8,17.1,0.994,1.997
60.8,17.6,0.224,1.997
60.8,18.1,-0.545,1.998
60.8,18.6,-1.314,1.999
60.8,19.1,1.058,1.999
60.8,19.6,0.289,1.999
60.8,20.1,-0.481,1.999
60.8,20.6,-1.250,1.999
60.8,21.1,1.122,1.999
60.8,21.6,0.289,1.999
60.8,22.1,-0.481,2.000
60.8,22.6,-1.250,2.000
60.8,23.1,1.122,2.000
60.8,23.6,0.353,2.000
60.8,24.1,-0.417,1.999
60.8,24.6,-1.186,1.999
60.8,25.1,1.186,1.998
60.8,25.6,0.353,1.998
60.8,26.1,-0.417,1.997
60.8,26.6,-1.186,1.997
60.8,27.1,1.186,1.996
60.8,27.6,0.417,1.996
60.8,28.1,-0.353,1.995
60.8,28.6,-1.186,1.993
60.8,29.1,1.186,1.993
60.8,29.6,0.417,1.992
60.8,30.2,-0.353,1.991
60.8,30.7,-1.122,1.990
60.8,31.2,1.250,1.989
60.8,31.7,0.481,1.987
60.8,32.2,-0.353,1.986
60.8,32.7,-1.122,1.985
60.8,33.2,1.250,1.984
60.8,33.7,0.481,1.982
60.8,34.2,-0.289,1.980
60.8,34.7,-1.122,1.979
60.8,35.2,1.250,1.977
60.8,35.7,0.481,1.976
60.8,36.2,-0.289,1.974
60.8,36.7,-1.058,1.972
60.8,37.2,1.250,1.970
60.8,37.7,0.481,1.968
60.8,38.2,-0.289,1.966
60.8,38.7,-1.058,1.964
60.8,39.2,1.314,1.962
60.8,39.7,0.481,1.959
60.8,40.2,-0.289,1.957
60.8,40.7,-1.058,1.955
60.8,41.2,1.314,1.953
60.8,41.7,0.545,1.950
60.8,42.2,-0.289,1.947
60.8,42.7,-1.058,1.945
60.8,43.2,1.314,1.943
60.8,43.7,0.545,1.939
60.8,44.2,-0.289,1.937
60.8,44.7,-1.058,1.934
60.8,45.2,1.314,1.931
60.8,45.7,0.545,1.928
60.8,46.2,-0.289,1.925
60.8,46.7,-1.058,1.922
60.8,47.2,1.314,1.919
60.8,47.7,0.545,1.915
60.8,48.2,-0.289,1.912
60.8,48.7,-1.058,1.909
60.8,49.2,1.314,1.906
60.8,49.7,0.545,1.902
60.8,50.3,-0.289,1.898
60.8,50.8,-1.058,1.895
60.8,51.3,1.314,1.891
60.8,51.8,0.545,1.887
60.8,52.3,-0.289,1.884
60.8,52.8,-1.058,1.880
60.8,53.3,1.314,1.876
60.8,53.8,0.481,1.872
60.8,54.3,-0.289,1.868
60.8,54.8,-1.058,1.864
60.8,55.3,1.314,1.859
60.8,55.8,0.481,1.856
60.8,56.3,-0.289,1.852
60.8,56.8,-1.058,1.847
60.8,57.3,1.250,1.843
60.8,57.8,0.481,1.839
60.8,58.3,-0.289,1.834
60.8,58.8,-1.122,1.829
60.8,59.3,1.250,1.825
60.8,59.8,0.481,1.820
60.8,60.3,-0.353,1.815
60.8,60.8,-1.122,1.811
60.8,61.3,1.250,1.806
60.8,61.8,0.417,1.800
60.8,62.3,-0.353,1.796
60.8,62.8,-1.122,1.791
60.8,63.3,1.186,1.785
60.8,63.8,0.417,1.781
60.8,64.3,-0.353,1.775
60.8,64.8,-1.186,1.770
60.8,65.3,1.186,1.765
60.8,65.8,0.417,1.759
60.8,66.3,-0.417,1.754
60.8,66.8,-1.186,1.748
60.8,67.3,1.186,1.742
60.8,67.8,0.353,1.737
60.8,68.3,-0.417,1.732
60.8,68.8,-1.186,1.725
60.8,69.3,1.122,1.720
60.8,69.8,0.353,1.714
60.8,70.4,-0.481,1.708
60.8,70.9,-1.250,1.702
60.8,71.4,1.122,1.696
60.8,71.9,0.289,1.690
60.8,72.4,-0.481,1.684
60.8,72.9,-1.314,1.677
60.8,73.4,1.058,1.672
60.8,73.9,0.289,1.665
60.8,74.4,-0.545,1.659
60.8,74.9,-1.314,1.653
60.8,75.4,0.994,1.645
60.8,75.9,0.224,1.640
60.8,76.4,-0.545,1.633
60.8,76.9,-1.378,1.626
60.8,77.4,0.994,1.620
60.8,77.9,0.160,1.612
60.8,78.4,-0.609,1.606
60.8,78.9,-1.378,1.599
60.8,79.4,0.930,1.592
60.8,79.9,0.160,1.585
60.8,80.4,-0.673,1.578
60.8,80.9,-1.443,1.571
60.8,81.4,0.866,1.564
60.8,81.9,0.096,1.557
60.8,82.4,-0.673,1.549
60.8,82.9,-1.507,1.543
60.8,83.4,0.866,1.535
60.8,83.9,0.032,1.528
60.8,84.4,-0.737,1.521
60.8,84.9,-1.571,1.513
60.8,85.4,0.801,1.506
60.8,85.9,-0.032,1.498
60.8,86.4,-0.801,1.491
60.8,86.9,1.507,1.482
60.8,87.4,0.737,1.475
60.8,87.9,-0.032,1.467
60.8,88.4,-0.866,1.460
60.8,88.9,1.507,1.451
60.8,89.4,0.673,1.444
60.8,89.9,-0.096,1.435
60.8,90.5,-0.930,1.428
60.8,91.0,1.443,1.419
60.8,91.5,0.609,1.412
60.8,92.0,-0.160,1.403
60.8,92.5,-0.994,1.395
60.8,93.0,1.378,1.387
60.8,93.5,0.545,1.379
60.8,94.0,-0.224,1.370
60.8,94.5,-1.058,1.362
60.8,95.0,1.314,1.353
60.8,95.5,0.481,1.345
60.8,96.0,-0.289,1.336
60.8,96.5,-1.122,1.328
60.8,97.0,1.250,1.319
60.8,97.5,0.417,1.311
60.8,98.0,-0.353,1.301
60.8,98.5,-1.186,1.293
60.8,99.0,1.122,1.284
60.8,99.5,0.353,1.276
60.8,100.0,-0.481,1.266
61.3,0.0,0.096,1.935
61.3,0.5,-0.673,1.938
61.3,1.0,-1.443,1.941
61.3,1.5,0.930,1.943
61.3,2.0,0.160,1.946
61.3,2.5,-0.609,1.949
61.3,3.0,-1.378,1.951
61.3,3.5,0.994,1.953
61.3,4.0,0.224,1.956
61.3,4.5,-0.545,1.958
61.3,5.0,-1.314,1.960
61.3,5.5,1.058,1.962
61.3,6.0,0.289,1.964
61.3,6.5,-0.481,1.966
61.3,7.0,-1.250,1.968
61.3,7.5,1.122,1.970
61.3,8.0,0.353,1.972
61.3,8.5,-0.417,1.974
61.3,9.0,-1.186,1.975
61.3,9.5,1.122,1.977
61.3,10.1,0.353,1.979
61.3,10.6,-0.417,1.981
61.3,11.1,-1.186,1.982
61.3,11.6,1.186,1.984
61.3,12.1,0.417,1.985
61.3,12.6,-0.353,1.987
61.3,13.1,-1.122,1.988
61.3,13.6,1.250,1.989
61.3,14.1,0.481,1.990
61.3,14.6,-0.289,1.991
61.3,15.1,-1.058,1.992
61.3,15.6,1.314,1.993
61.3,16.1,0.545,1.994
61.3,16.6,-0.289,1.994
61.3,17.1,-1.058,1.995
61.3,17.6,1.314,1.996
61.3,18.1,0.545,1.997
61.3,18.6,-0.224,1.998
61.3,19.1,-0.994,1.998
61.3,19.6,1.378,1.999
61.3,20.1,0.609,1.999
61.3,20.6,-0.160,1.999
61.3,21.1,-0.930,1.999
61.3,21.6,1.378,1.999
61.3,22.1,0.609,1.999
61.3,22.6,-0.160,2.000
61.3,23.1,-0.930,2.000
61.3,23.6,1.443,2.000
61.3,24.1,0.673,2.000
61.3,24.6,-0.096,1.999
61.3,25.1,-0.866,1.999
61.3,25.6,1.507,1.998
61.3,26.1,0.673,1.998
61.3,26.6,-0.096,1.998
61.3,27.1,-0.866,1.998
61.3,27.6,1.507,1.997
61.3,28.1,0.737,1.996
61.3,28.6,-0.032,1.995
61.3,29.1,-0.801,1.994
61.3,29.6,1.507,1.994
61.3,30.2,0.737,1.993
61.3,30.7,-0.032,1.992
61.3,31.2,-0.801,1.991
61.3,31.7,1.571,1.990
61.3,32.2,0.801,1.988
61.3,32.7,-0.032,1.987
61.3,33.2,-0.801,1.987
61.3,33.7,-1.571,1.985
61.3,34.2,0.801,1.984
61.3,34.7,0.032,1.982
61.3,35.2,-0.801,1.980
61.3,35.7,-1.571,1.979
61.3,36.2,0.801,1.978
61.3,36.7,0.032,1.976
61.3,37.2,-0.737,1.974
61.3,37.7,-1.507,1.971
61.3,38.2,0.801,1.970
61.3,38.7,0.032,1.968
61.3,39.2,-0.737,1.966
61.3,39.7,-1.507,1.964
61.3,40.2,0.801,1.961
61.3,40.7,0.032,1.960
61.3,41.2,-0.737,1.958
61.3,41.7,-1.507,1.955
61.3,42.2,0.866,1.952
61.3,42.7,0.032,1.950
61.3,43.2,-0.737,1.948
61.3,43.7,-1.507,1.945
61.3,44.2,0.866,1.942
61.3,44.7,0.032,1.939
61.3,45.2,-0.737,1.937
61.3,45.7,-1.507,1.934
61.3,46.2,0.866,1.931
61.3,46.7,0.096,1.928
61.3,47.2,-0.737,1.925
61.3,47.7,-1.507,1.922
61.3,48.2,0.866,1.919
61.3,48.7,0.096,1.915
61.3,49.2,-0.737,1.912
61.3,49.7,-1.507,1.909
61.3,50.3,0.866,1.906
61.3,50.8,0.032,1.902
61.3,51.3,-0.737,1.899
61.3,51.8,-1.507,1.895
61.3,52.3,0.866,1.891
61.3,52.8,0.032,1.887
61.3,53.3,-0.737,1.884
61.3,53.8,-1.507,1.880
61.3,54.3,0.866,1.876
61.3,54.8,0.032,1.872
61.3,55.3,-0.737,1.869
61.3,55.8,-1.507,1.864
61.3,56.3,0.801,1.860
61.3,56.8,0.032,1.856
61.3,57.3,-0.737,1.852
61.3,57.8,-1.571,1.847
61.3,58.3,0.801,1.843
61.3,58.8,0.032,1.839
61.3,59.3,-0.737,1.833
61.3,59.8,-1.571,1.829
61.3,60.3,0.801,1.825
61.3,60.8,0.032,1.820
61.3,61.3,-0.801,1.815
61.3,61.8,1.571,1.811
61.3,62.3,0.801,1.805
61.3,62.8,-0.032,1.801
61.3,63.3,-0.801,1.796
61.3,63.8,1.571,1.790
61.3,64.3,0.737,1.786
61.3,64.8,-0.032,1.781
61.3,65.3,-0.801,1.775
61.3,65.8,1.507,1.770
61.3,66.3,0.737,1.765
61.3,66.8,-0.032,1.759
61.3,67.3,-0.866,1.754
61.3,67.8,1.507,1.748
61.3,68.3,0.673,1.742
61.3,68.8,-0.096,1.737
61.3,69.3,-0.866,1.731
61.3,69.8,1.443,1.725
61.3,70.4,0.673,1.720
61.3,70.9,-0.096,1.714
61.3,71.4,-0.930,1.708
61.3,71.9,1.443,1.702
61.3,72.4,0.673,1.696
61.3,72.9,-0.160,1.690
61.3,73.4,-0.930,1.684
61.3,73.9,1.378,1.678
61.3,74.4,0.609,1.672
61.3,74.9,-0.160,1.665
61.3,75.4,-0.994,1.659
61.3,75.9,1.378,1.653
61.3,76.4,0.545,1.646
61.3,76.9,-0.224,1.640
61.3,77.4,-0.994,1.632
61.3,77.9,1.314,1.627
61.3,78.4,0.545,1.620
61.3,78.9,-0.289,1.613
61.3,79.4,-1.058,1.606
61.3,79.9,1.250,1.599
61.3,80.4,0.481,1.593
61.3,80.9,-0.289,1.585
61.3,81.4,-1.122,1.579
61.3,81.9,1.250,1.571
61.3,82.4,0.417,1.564
61.3,82.9,-0.353,1.557
61.3,83.4,-1.186,1.550
61.3,83.9,1.186,1.543
61.3,84.4,0.417,1.535
61.3,84.9,-0.417,1.528
61.3,85.4,-1.186,1.520
61.3,85.9,1.122,1.513
61.3,86.4,0.353,1.506
61.3,86.9,-0.481,1.498
61.3,87.4,-1.250,1.491
61.3,87.9,1.058,1.483
61.3,88.4,0.289,1.475
61.3,88.9,-0.545,1.467
61.3,89.4,-1.314,1.460
61.3,89.9,0.994,1.451
61.3,90.5,0.224,1.444
61.3,91.0,-0.609,1.435
61.3,91.5,-1.378,1.428
61.3,92.0,0.994,1.419
61.3,92.5,0.160,1.412
61.3,93.0,-0.609,1.403
61.3,93.5,-1.443,1.395
61.3,94.0,0.930,1.387
61.3,94.5,0.096,1.379
61.3,95.0,-0.673,1.370
61.3,95.5,-1.507,1.362
61.3,96.0,0.866,1.353
61.3,96.5,0.032,1.345
61.3,97.0,-0.801,1.336
61.3,97.5,1.571,1.328
61.3,98.0,0.737,1.319
61.3,98.5,-0.032,1.311
61.3,99.0,-0.866,1.302
61.3,99.5,1.507,1.293
61.3,100.0,0.673,1.284
61.8,0.0,1.186,1.929
61.8,0.5,0.417,1.932
61.8,1.0,-0.353,1.935
61.8,1.5,-1.122,1.938
61.8,2.0,1.250,1.940
61.8,2.5,0.481,1.943
61.8,3.0,-0.289,1.946
61.8,3.5,-1.058,1.948
61.8,4.0,1.314,1.951
61.8,4.5,0.545,1.953
61.8,5.0,-0.224,1.955
61.8,5.5,-0.994,1.958
61.8,6.0,1.378,1.960
61.8,6.5,0.609,1.962
61.8,7.0,-0.160,1.964
61.8,7.5,-0.930,1.966
61.8,8.0,1.443,1.968
61.8,8.5,0.609,1.970
61.8,9.0,-0.160,1.972
61.8,9.5,-0.930,1.974
61.8,10.1,1.443,1.976
61.8,10.6,0.673,1.977
61.8,11.1,-0.096,1.979
61.8,11.6,-0.866,1.981
61.8,12.1,1.507,1.982
61.8,12.6,0.737,1.984
61.8,13.1,-0.032,1.985
61.8,13.6,-0.801,1.987
61.8,14.1,1.571,1.988
61.8,14.6,0.801,1.989
61.8,15.1,0.032,1.990
61.8,15.6,-0.737,1.991
61.8,16.1,-1.507,1.992
61.8,16.6,0.866,1.992
61.8,17.1,0.032,1.993
61.8,17.6,-0.737,1.995
61.8,18.1,-1.507,1.996
61.8,18.6,0.866,1.996
61.8,19.1,0.096,1.997
61.8,19.6,-0.673,1.998
61.8,20.1,-1.443,1.998
61.8,20.6,0.930,1.998
61.8,21.1,0.160,1.999
61.8,21.6,-0.609,1.999
61.8,22.1,-1.443,1.999
61.8,22.6,0.930,1.999
61.8,23.1,0.160,2.000
61.8,23.6,-0.609,2.000
61.8,24.1,-1.378,2.000
61.8,24.6,0.994,2.000
61.8,25.1,0.224,2.000
61.8,25.6,-0.545,1.999
61.8,26.1,-1.378,1.998
61.8,26.6,0.994,1.999
61.8,27.1,0.224,1.998
61.8,27.6,-0.545,1.998
61.8,28.1,-1.314,1.998
61.8,28.6,1.058,1.997
61.8,29.1,0.289,1.996
61.8,29.6,-0.481,1.995
61.8,30.2,-1.314,1.995
61.8,30.7,1.058,1.994
61.8,31.2,0.289,1.993
61.8,31.7,-0.481,1.992
61.8,32.2,-1.250,1.991
61.8,32.7,1.122,1.990
61.8,33.2,0.289,1.989
61.8,33.7,-0.481,1.988
61.8,34.2,-1.250,1.987
61.8,34.7,1.122,1.985
61.8,35.2,0.353,1.984
61.8,35.7,-0.417,1.982
61.8,36.2,-1.250,1.981
61.8,36.7,1.122,1.979
61.8,37.2,0.353,1.978
61.8,37.7,-0.417,1.976
61.8,38.2,-1.186,1.974
61.8,38.7,1.122,1.972
61.8,39.2,0.353,1.970
61.8,39.7,-0.417,1.969
61.8,40.2,-1.186,1.966
61.8,40.7,1.186,1.964
61.8,41.2,0.353,1.962
61.8,41.7,-0.417,1.960
61.8,42.2,-1.186,1.958
61.8,42.7,1.186,1.955
61.8,43.2,0.353,1.952
61.8,43.7,-0.417,1.950
61.8,44.2,-1.186,1.948
61.8,44.7,1.186,1.945
61.8,45.2,0.417,1.942
61.8,45.7,-0.417,1.940
61.8,46.2,-1.186,1.937
61.8,46.7,1.186,1.934
61.8,47.2,0.417,1.931
61.8,47.7,-0.417,1.928
61.8,48.2,-1.186,1.926
61.8,48.7,1.186,1.922
61.8,49.2,0.417,1.919
61.8,49.7,-0.417,1.916
61.8,50.3,-1.186,1.913
61.8,50.8,1.186,1.909
61.8,51.3,0.417,1.905
61.8,51.8,-0.417,1.902
61.8,52.3,-1.186,1.899
61.8,52.8,1.186,1.895
61.8,53.3,0.417,1.891
61.8,53.8,-0.417,1.888
61.8,54.3,-1.186,1.884
61.8,54.8,1.186,1.880
61.8,55.3,0.353,1.876
61.8,55.8,-0.417,1.873
61.8,56.3,-1.186,1.868
61.8,56.8,1.186,1.864
61.8,57.3,0.353,1.860
61.8,57.8,-0.417,1.856
61.8,58.3,-1.186,1.851
61.8,58.8,1.122,1.847
61.8,59.3,0.353,1.843
61.8,59.8,-0.417,1.838
61.8,60.3,-1.250,1.834
61.8,60.8,1.122,1.830
61.8,61.3,0.353,1.825
61.8,61.8,-0.481,1.820
61.8,62.3,-1.250,1.816
61.8,62.8,1.122,1.811
61.8,63.3,0.289,1.805
61.8,63.8,-0.481,1.801
61.8,64.3,-1.250,1.796
61.8,64.8,1.058,1.790
61.8,65.3,0.289,1.786
61.8,65.8,-0.481,1.781
61.8,66.3,-1.314,1.775
61.8,66.8,1.058,1.770
61.8,67.3,0.289,1.765
61.8,67.8,-0.545,1.759
61.8,68.3,-1.314,1.754
61.8,68.8,1.058,1.748
61.8,69.3,0.224,1.743
61.8,69.8,-0.545,1.737
61.8,70.4,-1.314,1.731
61.8,70.9,0.994,1.726
61.8,71.4,0.224,1.720
61.8,71.9,-0.609,1.714
61.8,72.4,-1.378,1.708
61.8,72.9,0.994,1.702
61.8,73.4,0.160,1.696
61.8,73.9,-0.609,1.690
61.8,74.4,-1.378,1.684
61.8,74.9,0.930,1.678
61.8,75.4,0.160,1.672
61.8,75.9,-0.673,1.665
61.8,76.4,-1.443,1.659
61.8,76.9,0.930,1.652
61.8,77.4,0.096,1.646
61.8,77.9,-0.673,1.640
61.8,78.4,-1.507,1.633
61.8,78.9,0.866,1.627
61.8,79.4,0.096,1.619
61.8,79.9,-0.737,1.613
61.8,80.4,-1.507,1.606
61.8,80.9,0.801,1.599
61.8,81.4,0.032,1.593
61.8,81.9,-0.801,1.585
61.8,82.4,-1.571,1.579
61.8,82.9,0.801,1.571
61.8,83.4,-0.032,1.565
61.8,83.9,-0.801,1.557
61.8,84.4,1.507,1.550
61.8,84.9,0.737,1.543
61.8,85.4,-0.096,1.535
61.8,85.9,-0.866,1.528
61.8,86.4,1.443,1.520
61.8,86.9,0.673,1.513
61.8,87.4,-0.096,1.505
61.8,87.9,-0.930,1.498
61.8,88.4,1.443,1.490
61.8,88.9,0.609,1.483
61.8,89.4,-0.160,1.475
61.8,89.9,-0.994,1.467
61.8,90.5,1.378,1.460
61.8,91.0,0.545,1.452
61.8,91.5,-0.224,1.444
61.8,92.0,-1.058,1.436
61.8,92.5,1.314,1.428
61.8,93.0,0.481,1.420
61.8,93.5,-0.289,1.412
61.8,94.0,-1.122,1.403
61.8,94.5,1.250,1.395
61.8,95.0,0.417,1.387
61.8,95.5,-0.353,1.379
61.8,96.0,-1.186,1.370
61.8,96.5,1.186,1.362
61.8,97.0,0.353,1.353
61.8,97.5,-0.417,1.345
61.8,98.0,-1.250,1.336
61.8,98.5,1.122,1.328
61.8,99.0,0.289,1.319
61.8,99.5,-0.481,1.311
61.8,100.0,-1.314,1.302
62.3,0.0,-0.866,1.923
62.3,0.5,1.507,1.926
62.3,1.0,0.737,1.929
62.3,1.5,-0.032,1.932
62.3,2.0,-0.801,1.934
62.3,2.5,1.571,1.937
62.3,3.0,0.801,1.940
62.3,3.5,0.032,1.943
62.3,4.0,-0.737,1.945
62.3,4.5,-1.507,1.948
62.3,5.0,0.866,1.950
62.3,5.5,0.096,1.952
62.3,6.0,-0.673,1.955
62.3,6.5,-1.443,1.957
62.3,7.0,0.866,1.959
62.3,7.5,0.096,1.962
62.3,8.0,-0.673,1.964
62.3,8.5,-1.443,1.966
62.3,9.0,0.930,1.968
62.3,9.5,0.160,1.970
62.3,10.1,-0.609,1.972
62.3,10.6,-1.378,1.974
62.3,11.1,0.994,1.976
62.3,11.6,0.224,1.978
62.3,12.1,-0.545,1.979
62.3,12.6,-1.314,1.981
62.3,13.1,1.058,1.982
62.3,13.6,0.289,1.984
62.3,14.1,-0.481,1.985
62.3,14.6,-1.250,1.986
62.3,15.1,1.122,1.988
62.3,15.6,0.353,1.989
62.3,16.1,-0.417,1.990
62.3,16.6,-1.186,1.990
62.3,17.1,1.122,1.992
62.3,17.6,0.353,1.993
62.3,18.1,-0.417,1.994
62.3,18.6,-1.186,1.995
62.3,19.1,1.186,1.996
62.3,19.6,0.417,1.996
62.3,20.1,-0.353,1.997
62.3,20.6,-1.122,1.998
62.3,21.1,1.250,1.998
62.3,21.6,0.481,1.998
62.3,22.1,-0.289,1.998
62.3,22.6,-1.122,1.999
62.3,23.1,1.250,1.999
62.3,23.6,0.481,2.000
62.3,24.1,-0.289,2.000
62.3,24.6,-1.058,2.000
62.3,25.1,1.314,2.000
62.3,25.6,0.545,2.000
62.3,26.1,-0.224,1.999
62.3,26.6,-1.058,1.999
62.3,27.1,1.314,1.999
62.3,27.6,0.545,1.999
62.3,28.1,-0.224,1.999
62.3,28.6,-0.994,1.998
62.3,29.1,1.378,1.998
62.3,29.6,0.609,1.997
62.3,30.2,-0.224,1.996
62.3,30.7,-0.994,1.995
62.3,31.2,1.378,1.995
62.3,31.7,0.609,1.994
62.3,32.2,-0.160,1.993
62.3,32.7,-0.930,1.992
62.3,33.2,1.443,1.991
62.3,33.7,0.609,1.990
62.3,34.2,-0.160,1.989
62.3,34.7,-0.930,1.988
62.3,35.2,1.443,1.987
62.3,35.7,0.673,1.985
62.3,36.2,-0.096,1.983
62.3,36.7,-0.930,1.982
62.3,37.2,1.443,1.981
62.3,37.7,0.673,1.979
62.3,38.2,-0.096,1.978
62.3,38.7,-0.866,1.976
62.3,39.2,1.443,1.974
62.3,39.7,0.673,1.972
62.3,40.2,-0.096,1.971
62.3,40.7,-0.866,1.969
62.3,41.2,1.507,1.966
62.3,41.7,0.673,1.964
62.3,42.2,-0.096,1.962
62.3,42.7,-0.866,1.960
62.3,43.2,1.507,1.958
62.3,43.7,0.737,1.955
62.3,44.2,-0.096,1.953
62.3,44.7,-0.866,1.951
62.3,45.2,1.507,1.948
62.3,45.7,0.737,1.945
62.3,46.2,-0.096,1.942
62.3,46.7,-0.866,1.940
62.3,47.2,1.507,1.937
62.3,47.7,0.737,1.934
62.3,48.2,-0.096,1.931
62.3,48.7,-0.866,1.928
62.3,49.2,1.507,1.926
62.3,49.7,0.737,1.922
62.3,50.3,-0.096,1.919
62.3,50.8,-0.866,1.916
62.3,51.3,1.507,1.913
62.3,51.8,0.737,1.909
62.3,52.3,-0.096,1.905
62.3,52.8,-0.866,1.903
62.3,53.3,1.507,1.899
62.3,53.8,0.737,1.895
62.3,54.3,-0.096,1.891
62.3,54.8,-0.866,1.888
62.3,55.3,1.507,1.884
62.3,55.8,0.737,1.880
62.3,56.3,-0.096,1.876
62.3,56.8,-0.866,1.873
62.3,57.3,1.507,1.868
62.3,57.8,0.673,1.864
62.3,58.3,-0.096,1.861
62.3,58.8,-0.866,1.856
62.3,59.3,1.443,1.851
62.3,59.8,0.673,1.848
62.3,60.3,-0.096,1.843
62.3,60.8,-0.866,1.838
62.3,61.3,1.443,1.834
62.3,61.8,0.673,1.830
62.3,62.3,-0.096,1.825
62.3,62.8,-0.930,1.820
62.3,63.3,1.443,1.816
62.3,63.8,0.673,1.811
62.3,64.3,-0.160,1.806
62.3,64.8,-0.930,1.801
62.3,65.3,1.443,1.796
62.3,65.8,0.609,1.791
62.3,66.3,-0.160,1.786
62.3,66.8,-0.930,1.781
62.3,67.3,1.378,1.775
62.3,67.8,0.609,1.770
62.3,68.3,-0.160,1.765
62.3,68.8,-0.994,1.760
62.3,69.3,1.378,1.754
62.3,69.8,0.609,1.748
62.3,70.4,-0.224,1.743
62.3,70.9,-0.994,1.738
62.3,71.4,1.314,1.731
62.3,71.9,0.545,1.726
62.3,72.4,-0.224,1.720
62.3,72.9,-1.058,1.714
62.3,73.4,1.314,1.709
62.3,73.9,0.545,1.702
62.3,74.4,-0.289,1.697
62.3,74.9,-1.058,1.691
62.3,75.4,1.250,1.684
62.3,75.9,0.481,1.678
62.3,76.4,-0.289,1.672
62.3,76.9,-1.122,1.666
62.3,77.4,1.250,1.659
62.3,77.9,0.417,1.652
62.3,78.4,-0.353,1.647
62.3,78.9,-1.122,1.640
62.3,79.4,1.186,1.633
62.3,79.9,0.417,1.627
62.3,80.4,-0.417,1.620
62.3,80.9,-1.186,1.613
62.3,81.4,1.186,1.606
62.3,81.9,0.353,1.600
62.3,82.4,-0.417,1.593
62.3,82.9,-1.250,1.586
62.3,83.4,1.122,1.579
62.3,83.9,0.289,1.571
62.3,84.4,-0.481,1.565
62.3,84.9,-1.250,1.557
62.3,85.4,1.058,1.550
62.3,85.9,0.289,1.543
62.3,86.4,-0.545,1.536
62.3,86.9,-1.314,1.528
62.3,87.4,0.994,1.521
62.3,87.9,0.224,1.514
62.3,88.4,-0.609,1.505
62.3,88.9,-1.378,1.498
62.3,89.4,0.994,1.490
62.3,89.9,0.160,1.483
62.3,90.5,-0.609,1.475
62.3,91.0,-1.443,1.468
62.3,91.5,0.930,1.459
62.3,92.0,0.096,1.452
62.3,92.5,-0.673,1.444
62.3,93.0,-1.507,1.436
62.3,93.5,0.866,1.428
62.3,94.0,0.032,1.420
62.3,94.5,-0.737,1.412
62.3,95.0,-1.571,1.404
62.3,95.5,0.801,1.395
62.3,96.0,-0.032,1.387
62.3,96.5,-0.801,1.379
62.3,97.0,1.507,1.371
62.3,97.5,0.737,1.362
62.3,98.0,-0.096,1.354
62.3,98.5,-0.866,1.345
62.3,99.0,1.443,1.337
62.3,99.5,0.673,1.328
62.3,100.0,-0.160,1.320
62.8,0.0,0.160,1.916
62.8,0.5,-0.609,1.919
62.8,1.0,-1.378,1.922
62.8,1.5,0.994,1.925
62.8,2.0,0.224,1.928
62.8,2.5,-0.545,1.931
62.8,3.0,-1.314,1.934
62.8,3.5,1.058,1.937
62.8,4.0,0.289,1.939
62.8,4.5,-0.481,1.942
62.8,5.0,-1.250,1.945
62.8,5.5,1.122,1.947
62.8,6.0,0.353,1.950
62.8,6.5,-0.417,1.952
62.8,7.0,-1.186,1.955
62.8,7.5,1.186,1.957
62.8,8.0,0.417,1.960
62.8,8.5,-0.353,1.962
62.8,9.0,-1.122,1.964
62.8,9.5,1.250,1.966
62.8,10.1,0.481,1.968
62.8,10.6,-0.289,1.970
62.8,11.1,-1.058,1.972
62.8,11.6,1.314,1.974
62.8,12.1,0.545,1.976
62.8,12.6,-0.224,1.978
62.8,13.1,-0.994,1.979
62.8,13.6,1.378,1.981
62.8,14.1,0.609,1.982
62.8,14.6,-0.160,1.984
62.8,15.1,-0.930,1.985
62.8,15.6,1.443,1.986
62.8,16.1,0.673,1.987
62.8,16.6,-0.096,1.988
62.8,17.1,-0.930,1.989
62.8,17.6,1.443,1.991
62.8,18.1,0.673,1.992
62.8,18.6,-0.096,1.993
62.8,19.1,-0.866,1.994
62.8,19.6,1.507,1.995
62.8,20.1,0.737,1.996
62.8,20.6,-0.032,1.996
62.8,21.1,-0.801,1.997
62.8,21.6,1.571,1.997
62.8,22.1,0.801,1.997
62.8,22.6,-0.032,1.998
62.8,23.1,-0.801,1.998
62.8,23.6,-1.571,1.999
62.8,24.1,0.801,1.999
62.8,24.6,0.032,2.000
62.8,25.1,-0.737,2.000
62.8,25.6,-1.507,2.000
62.8,26.1,0.866,2.000
62.8,26.6,0.096,1.999
62.8,27.1,-0.737,1.999
62.8,27.6,-1.507,1.999
62.8,28.1,0.866,1.999
62.8,28.6,0.096,1.999
62.8,29.1,-0.673,1.999
62.8,29.6,-1.443,1.998
62.8,30.2,0.930,1.997
62.8,30.7,0.096,1.996
62.8,31.2,-0.673,1.996
62.8,31.7,-1.443,1.996
62.8,32.2,0.930,1.995
62.8,32.7,0.160,1.994
62.8,33.2,-0.609,1.993
62.8,33.7,-1.378,1.992
62.8,34.2,0.930,1.991
62.8,34.7,0.160,1.990
62.8,35.2,-0.609,1.989
62.8,35.7,-1.378,1.988
62.8,36.2,0.994,1.987
62.8,36.7,0.224,1.985
62.8,37.2,-0.609,1.983
62.8,37.7,-1.378,1.982
62.8,38.2,0.994,1.981
62.8,38.7,0.224,1.979
62.8,39.2,-0.545,1.977
62.8,39.7,-1.378,1.975
62.8,40.2,0.994,1.974
62.8,40.7,0.224,1.973
62.8,41.2,-0.545,1.971
62.8,41.7,-1.314,1.968
62.8,42.2,0.994,1.966
62.8,42.7,0.224,1.964
62.8,43.2,-0.545,1.962
62.8,43.7,-1.314,1.960
62.8,44.2,1.058,1.957
62.8,44.7,0.224,1.955
62.8,45.2,-0.545,1.953
62.8,45.7,-1.314,1.951
62.8,46.2,1.058,1.948
62.8,46.7,0.289,1.945
62.8,47.2,-0.545,1.943
62.8,47.7,-1.314,1.940
62.8,48.2,1.058,1.937
62.8,48.7,0.289,1.934
62.8,49.2,-0.545,1.931
62.8,49.7,-1.314,1.929
62.8,50.3,1.058,1.926
62.8,50.8,0.289,1.922
62.8,51.3,-0.545,1.919
62.8,51.8,-1.314,1.916
62.8,52.3,1.058,1.913
62.8,52.8,0.289,1.909
62.8,53.3,-0.545,1.906
62.8,53.8,-1.314,1.903
62.8,54.3,1.058,1.899
62.8,54.8,0.224,1.895
62.8,55.3,-0.545,1.892
62.8,55.8,-1.314,1.888
62.8,56.3,1.058,1.884
62.8,56.8,0.224,1.880
62.8,57.3,-0.545,1.877
62.8,57.8,-1.314,1.873
62.8,58.3,1.058,1.868
62.8,58.8,0.224,1.865
62.8,59.3,-0.545,1.861
62.8,59.8,-1.314,1.856
62.8,60.3,0.994,1.852
62.8,60.8,0.224,1.848
62.8,61.3,-0.545,1.843
62.8,61.8,-1.378,1.838
62.8,62.3,0.994,1.834
62.8,62.8,0.224,1.830
62.8,63.3,-0.609,1.825
62.8,63.8,-1.378,1.821
62.8,64.3,0.994,1.816
62.8,64.8,0.224,1.810
62.8,65.3,-0.609,1.806
62.8,65.8,-1.378,1.801
62.8,66.3,0.994,1.796
62.8,66.8,0.160,1.791
62.8,67.3,-0.609,1.786
62.8,67.8,-1.378,1.780
62.8,68.3,0.930,1.776
62.8,68.8,0.160,1.770
62.8,69.3,-0.673,1.764
62.8,69.8,-1.443,1.760
62.8,70.4,0.930,1.754
62.8,70.9,0.096,1.748
62.8,71.4,-0.673,1.743
62.8,71.9,-1.443,1.737
62.8,72.4,0.866,1.732
62.8,72.9,0.096,1.726
62.8,73.4,-0.673,1.720
62.8,73.9,-1.507,1.715
62.8,74.4,0.866,1.709
62.8,74.9,0.032,1.702
62.8,75.4,-0.737,1.697
62.8,75.9,-1.507,1.690
62.8,76.4,0.801,1.684
62.8,76.9,0.032,1.678
62.8,77.4,-0.737,1.671
62.8,77.9,-1.571,1.666
62.8,78.4,0.801,1.659
62.8,78.9,-0.032,1.653
62.8,79.4,-0.801,1.647
62.8,79.9,1.571,1.639
62.8,80.4,0.737,1.634
62.8,80.9,-0.032,1.627
62.8,81.4,-0.866,1.620
62.8,81.9,1.507,1.613
62.8,82.4,0.673,1.606
62.8,82.9,-0.096,1.600
62.8,83.4,-0.866,1.592
62.8,83.9,1.443,1.586
62.8,84.4,0.673,1.579
62.8,84.9,-0.160,1.572
62.8,85.4,-0.930,1.565
62.8,85.9,1.378,1.557
62.8,86.4,0.609,1.551
62.8,86.9,-0.160,1.543
62.8,87.4,-0.994,1.536
62.8,87.9,1.378,1.528
62.8,88.4,0.545,1.521
62.8,88.9,-0.224,1.513
62.8,89.4,-1.058,1.506
62.8,89.9,1.314,1.499
62.8,90.5,0.481,1.491
62.8,91.0,-0.289,1.483
62.8,91.5,-1.122,1.475
62.8,92.0,1.250,1.468
62.8,92.5,0.417,1.459
62.8,93.0,-0.353,1.452
62.8,93.5,-1.122,1.444
62.8,94.0,1.186,1.436
62.8,94.5,0.417,1.428
62.8,95.0,-0.417,1.420
62.8,95.5,-1.186,1.412
62.8,96.0,1.122,1.404
62.8,96.5,0.353,1.395
62.8,97.0,-0.481,1.387
62.8,97.5,-1.250,1.379
62.8,98.0,1.058,1.371
62.8,98.5,0.289,1.362
62.8,99.0,-0.545,1.354
62.8,99.5,-1.314,1.345
62.8,100.0,0.994,1.337
63.3,0.0,1.250,1.910
63.3,0.5,0.481,1.913
63.3,1.0,-0.289,1.916
63.3,1.5,-1.058,1.919
63.3,2.0,1.314,1.922
63.3,2.5,0.545,1.925
63.3,3.0,-0.224,1.928
63.3,3.5,-0.994,1.931
63.3,4.0,1.378,1.934
63.3,4.5,0.609,1.937
63.3,5.0,-0.160,1.940
63.3,5.5,-0.930,1.943
63.3,6.0,1.443,1.945
63.3,6.5,0.673,1.948
63.3,7.0,-0.096,1.950
63.3,7.5,-0.866,1.953
63.3,8.0,1.507,1.955
63.3,8.5,0.737,1.958
63.3,9.0,-0.032,1.960
63.3,9.5,-0.801,1.962
63.3,10.1,-1.571,1.964
63.3,10.6,0.801,1.966
63.3,11.1,0.032,1.968
63.3,11.6,-0.737,1.970
63.3,12.1,-1.507,1.972
63.3,12.6,0.866,1.974
63.3,13.1,0.096,1.976
63.3,13.6,-0.673,1.977
63.3,14.1,-1.443,1.979
63.3,14.6,0.930,1.981
63.3,15.1,0.160,1.982
63.3,15.6,-0.609,1.983
63.3,16.1,-1.378,1.984
63.3,16.6,0.930,1.986
63.3,17.1,0.160,1.987
63.3,17.6,-0.609,1.988
63.3,18.1,-1.378,1.990
63.3,18.6,0.994,1.991
63.3,19.1,0.224,1.992
63.3,19.6,-0.545,1.993
63.3,20.1,-1.314,1.994
63.3,20.6,1.058,1.995
63.3,21.1,0.289,1.996
63.3,21.6,-0.481,1.996
63.3,22.1,-1.250,1.996
63.3,22.6,1.122,1.997
63.3,23.1,0.289,1.997
63.3,23.6,-0.481,1.998
63.3,24.1,-1.250,1.999
63.3,24.6,1.122,1.999
63.3,25.1,0.353,2.000
63.3,25.6,-0.417,2.000
63.3,26.1,-1.186,2.000
63.3,26.6,1.186,2.000
63.3,27.1,0.417,1.999
63.3,27.6,-0.417,1.999
63.3,28.1,-1.186,1.999
63.3,28.6,1.186,2.000
63.3,29.1,0.417,1.999
63.3,29.6,-0.353,1.999
63.3,30.2,-1.122,1.999
63.3,30.7,1.250,1.998
63.3,31.2,0.417,1.997
63.3,31.7,-0.353,1.997
63.3,32.2,-1.122,1.996
63.3,32.7,1.250,1.996
63.3,33.2,0.481,1.995
63.3,33.7,-0.289,1.994
63.3,34.2,-1.058,1.993
63.3,34.7,1.250,1.992
63.3,35.2,0.481,1.991
63.3,35.7,-0.289,1.990
63.3,36.2,-1.058,1.989
63.3,36.7,1.314,1.988
63.3,37.2,0.545,1.986
63.3,37.7,-0.289,1.985
63.3,38.2,-1.058,1.984
63.3,38.7,1.314,1.983
63.3,39.2,0.545,1.981
63.3,39.7,-0.224,1.979
63.3,40.2,-0.994,1.977
63.3,40.7,1.314,1.976
63.3,41.2,0.545,1.974
63.3,41.7,-0.224,1.973
63.3,42.2,-0.994,1.970
63.3,42.7,1.378,1.968
63.3,43.2,0.545,1.966
63.3,43.7,-0.224,1.965
63.3,44.2,-0.994,1.963
63.3,44.7,1.378,1.960
63.3,45.2,0.545,1.957
63.3,45.7,-0.224,1.955
63.3,46.2,-0.994,1.953
63.3,46.7,1.378,1.951
63.3,47.2,0.609,1.948
63.3,47.7,-0.224,1.945
63.3,48.2,-0.994,1.943
63.3,48.7,1.378,1.940
63.3,49.2,0.609,1.937
63.3,49.7,-0.224,1.934
63.3,50.3,-0.994,1.932
63.3,50.8,1.378,1.929
63.3,51.3,0.609,1.925
63.3,51.8,-0.224,1.922
63.3,52.3,-0.994,1.919
63.3,52.8,1.378,1.916
63.3,53.3,0.609,1.913
63.3,53.8,-0.224,1.909
63.3,54.3,-0.994,1.906
63.3,54.8,1.378,1.903
63.3,55.3,0.609,1.899
63.3,55.8,-0.224,1.895
63.3,56.3,-0.994,1.892
63.3,56.8,1.378,1.888
63.3,57.3,0.609,1.884
63.3,57.8,-0.224,1.881
63.3,58.3,-0.994,1.877
63.3,58.8,1.378,1.873
63.3,59.3,0.545,1.868
63.3,59.8,-0.224,1.865
63.3,60.3,-0.994,1.861
63.3,60.8,1.314,1.856
63.3,61.3,0.545,1.852
63.3,61.8,-0.224,1.848
63.3,62.3,-0.994,1.843
63.3,62.8,1.314,1.839
63.3,63.3,0.545,1.835
63.3,63.8,-0.224,1.830
63.3,64.3,-1.058,1.825
63.3,64.8,1.314,1.821
63.3,65.3,0.545,1.816
63.3,65.8,-0.289,1.811
63.3,66.3,-1.058,1.806
63.3,66.8,1.314,1.801
63.3,67.3,0.481,1.796
63.3,67.8,-0.289,1.791
63.3,68.3,-1.058,1.786
63.3,68.8,1.250,1.781
63.3,69.3,0.481,1.776
63.3,69.8,-0.289,1.770
63.3,70.4,-1.122,1.765
63.3,70.9,1.250,1.760
63.3,71.4,0.481,1.754
63.3,71.9,-0.353,1.749
63.3,72.4,-1.122,1.743
63.3,72.9,1.250,1.737
63.3,73.4,0.417,1.732
63.3,73.9,-0.353,1.726
63.3,74.4,-1.186,1.720
63.3,74.9,1.186,1.715
63.3,75.4,0.417,1.709
63.3,75.9,-0.417,1.703
63.3,76.4,-1.186,1.697
63.3,76.9,1.186,1.690
63.3,77.4,0.353,1.685
63.3,77.9,-0.417,1.678
63.3,78.4,-1.250,1.672
63.3,78.9,1.122,1.666
63.3,79.4,0.353,1.659
63.3,79.9,-0.481,1.653
63.3,80.4,-1.250,1.647
63.3,80.9,1.058,1.640
63.3,81.4,0.289,1.634
63.3,81.9,-0.481,1.626
63.3,82.4,-1.314,1.620
63.3,82.9,1.058,1.613
63.3,83.4,0.224,1.607
63.3,83.9,-0.545,1.600
63.3,84.4,-1.378,1.592
63.3,84.9,0.994,1.586
63.3,85.4,0.224,1.579
63.3,85.9,-0.609,1.572
63.3,86.4,-1.378,1.565
63.3,86.9,0.930,1.558
63.3,87.4,0.160,1.551
63.3,87.9,-0.673,1.543
63.3,88.4,-1.443,1.536
63.3,88.9,0.930,1.528
63.3,89.4,0.096,1.521
63.3,89.9,-0.673,1.513
63.3,90.5,-1.507,1.506
63.3,91.0,0.866,1.498
63.3,91.5,0.032,1.491
63.3,92.0,-0.737,1.483
63.3,92.5,-1.571,1.475
63.3,93.0,0.801,1.468
63.3,93.5,-0.032,1.460
63.3,94.0,-0.801,1.452
63.3,94.5,1.507,1.444
63.3,95.0,0.737,1.436
63.3,95.5,-0.096,1.428
63.3,96.0,-0.866,1.420
63.3,96.5,1.443,1.412
63.3,97.0,0.673,1.404
63.3,97.5,-0.160,1.395
63.3,98.0,-0.930,1.388
63.3,98.5,1.378,1.379
63.3,99.0,0.609,1.371
63.3,99.5,-0.224,1.362
63.3,100.0,-0.994,1.354
63.8,0.0,-0.801,1.903
63.8,0.5,-1.571,1.907
63.8,1.0,0.801,1.910
63.8,1.5,0.032,1.913
63.8,2.0,-0.737,1.916
63.8,2.5,-1.507,1.919
63.8,3.0,0.866,1.923
63.8,3.5,0.096,1.926
63.8,4.0,-0.673,1.929
63.8,4.5,-1.443,1.932
63.8,5.0,0.930,1.934
63.8,5.5,0.160,1.937
63.8,6.0,-0.609,1.940
63.8,6.5,-1.378,1.943
63.8,7.0,0.994,1.945
63.8,7.5,0.224,1.948
63.8,8.0,-0.545,1.950
63.8,8.5,-1.314,1.953
63.8,9.0,1.058,1.955
63.8,9.5,0.289,1.958
63.8,10.1,-0.481,1.960
63.8,10.6,-1.250,1.962
63.8,11.1,1.122,1.964
63.8,11.6,0.353,1.966
63.8,12.1,-0.417,1.968
63.8,12.6,-1.186,1.970
63.8,13.1,1.186,1.972
63.8,13.6,0.417,1.974
63.8,14.1,-0.353,1.975
63.8,14.6,-1.122,1.977
63.8,15.1,1.250,1.979
63.8,15.6,0.481,1.980
63.8,16.1,-0.289,1.981
63.8,16.6,-1.122,1.983
63.8,17.1,1.250,1.984
63.8,17.6,0.481,1.986
63.8,18.1,-0.289,1.987
63.8,18.6,-1.058,1.989
63.8,19.1,1.314,1.990
63.8,19.6,0.545,1.991
63.8,20.1,-0.224,1.992
63.8,20.6,-0.994,1.993
63.8,21.1,1.378,1.994
63.8,21.6,0.609,1.995
63.8,22.1,-0.160,1.995
63.8,22.6,-0.930,1.996
63.8,23.1,1.378,1.996
63.8,23.6,0.609,1.997
63.8,24.1,-0.160,1.998
63.8,24.6,-0.930,1.998
63.8,25.1,1.443,1.999
63.8,25.6,0.673,1.999
63.8,26.1,-0.096,1.999
63.8,26.6,-0.866,1.999
63.8,27.1,1.507,1.999
63.8,27.6,0.737,1.999
63.8,28.1,-0.096,1.999
63.8,28.6,-0.866,2.000
63.8,29.1,1.507,2.000
63.8,29.6,0.737,2.000
63.8,30.2,-0.032,1.999
63.8,30.7,-0.801,1.999
63.8,31.2,1.571,1.998
63.8,31.7,0.737,1.997
63.8,32.2,-0.032,1.997
63.8,32.7,-0.801,1.997
63.8,33.2,-1.571,1.997
63.8,33.7,0.801,1.996
63.8,34.2,0.032,1.995
63.8,34.7,-0.737,1.994
63.8,35.2,-1.571,1.993
63.8,35.7,0.801,1.992
63.8,36.2,0.032,1.992
63.8,36.7,-0.737,1.990
63.8,37.2,-1.507,1.989
63.8,37.7,0.866,1.988
63.8,38.2,0.032,1.986
63.8,38.7,-0.737,1.985
63.8,39.2,-1.507,1.984
63.8,39.7,0.866,1.983
63.8,40.2,0.096,1.981
63.8,40.7,-0.673,1.979
63.8,41.2,-1.507,1.978
63.8,41.7,0.866,1.976
63.8,42.2,0.096,1.975
63.8,42.7,-0.673,1.973
63.8,43.2,-1.443,1.970
63.8,43.7,0.866,1.968
63.8,44.2,0.096,1.967
63.8,44.7,-0.673,1.965
63.8,45.2,-1.443,1.962
63.8,45.7,0.930,1.960
63.8,46.2,0.096,1.958
63.8,46.7,-0.673,1.956
63.8,47.2,-1.443,1.953
63.8,47.7,0.930,1.950
63.8,48.2,0.096,1.948
63.8,48.7,-0.673,1.946
63.8,49.2,-1.443,1.943
63.8,49.7,0.930,1.940
63.8,50.3,0.160,1.937
63.8,50.8,-0.673,1.935
63.8,51.3,-1.443,1.932
63.8,51.8,0.930,1.929
63.8,52.3,0.160,1.925
63.8,52.8,-0.673,1.923
63.8,53.3,-1.443,1.920
63.8,53.8,0.930,1.916
63.8,54.3,0.160,1.912
63.8,54.8,-0.673,1.910
63.8,55.3,-1.443,1.906
63.8,55.8,0.930,1.903
63.8,56.3,0.096,1.899
63.8,56.8,-0.673,1.896
63.8,57.3,-1.443,1.892
63.8,57.8,0.930,1.888
63.8,58.3,0.096,1.884
63.8,58.8,-0.673,1.881
63.8,59.3,-1.443,1.877
63.8,59.8,0.930,1.872
63.8,60.3,0.096,1.869
63.8,60.8,-0.673,1.865
63.8,61.3,-1.443,1.860
63.8,61.8,0.866,1.856
63.8,62.3,0.096,1.852
63.8,62.8,-0.673,1.848
63.8,63.3,-1.507,1.843
63.8,63.8,0.866,1.839
63.8,64.3,0.096,1.835
63.8,64.8,-0.673,1.829
63.8,65.3,-1.507,1.825
63.8,65.8,0.866,1.821
63.8,66.3,0.096,1.815
63.8,66.8,-0.737,1.811
63.8,67.3,-1.507,1.806
63.8,67.8,0.866,1.801
63.8,68.3,0.032,1.796
63.8,68.8,-0.737,1.792
63.8,69.3,-1.507,1.786
63.8,69.8,0.801,1.781
63.8,70.4,0.032,1.776
63.8,70.9,-0.737,1.770
63.8,71.4,-1.571,1.765
63.8,71.9,0.801,1.760
63.8,72.4,-0.032,1.754
63.8,72.9,-0.801,1.749
63.8,73.4,1.571,1.743
63.8,73.9,0.737,1.737
63.8,74.4,-0.032,1.732
63.8,74.9,-0.801,1.726
63.8,75.4,1.507,1.720
63.8,75.9,0.737,1.715
63.8,76.4,-0.032,1.708
63.8,76.9,-0.866,1.703
63.8,77.4,1.507,1.697
63.8,77.9,0.673,1.690
63.8,78.4,-0.096,1.685
63.8,78.9,-0.866,1.678
63.8,79.4,1.443,1.672
63.8,79.9,0.673,1.666
63.8,80.4,-0.160,1.659
63.8,80.9,-0.930,1.653
63.8,81.4,1.443,1.646
63.8,81.9,0.609,1.640
63.8,82.4,-0.160,1.634
63.8,82.9,-0.994,1.627
63.8,83.4,1.378,1.621
63.8,83.9,0.609,1.613
63.8,84.4,-0.224,1.607
63.8,84.9,-0.994,1.600
63.8,85.4,1.314,1.593
63.8,85.9,0.545,1.586
63.8,86.4,-0.289,1.579
63.8,86.9,-1.058,1.572
63.8,87.4,1.314,1.565
63.8,87.9,0.481,1.558
63.8,88.4,-0.289,1.550
63.8,88.9,-1.122,1.543
63.8,89.4,1.250,1.536
63.8,89.9,0.417,1.528
63.8,90.5,-0.353,1.521
63.8,91.0,-1.186,1.513
63.8,91.5,1.186,1.506
63.8,92.0,0.417,1.498
63.8,92.5,-0.417,1.491
63.8,93.0,-1.186,1.483
63.8,93.5,1.122,1.476
63.8,94.0,0.353,1.468
63.8,94.5,-0.481,1.460
63.8,95.0,-1.250,1.452
63.8,95.5,1.058,1.444
63.8,96.0,0.289,1.436
63.8,96.5,-0.545,1.428
63.8,97.0,-1.314,1.420
63.8,97.5,0.994,1.412
63.8,98.0,0.224,1.404
63.8,98.5,-0.609,1.396
63.8,99.0,-1.378,1.388
63.8,99.5,0.930,1.379
63.8,100.0,0.160,1.371
64.3,0.0,0.289,1.896
64.3,0.5,-0.481,1.899
64.3,1.0,-1.250,1.903
64.3,1.5,1.122,1.906
64.3,2.0,0.353,1.910
64.3,2.5,-0.417,1.913
64.3,3.0,-1.186,1.916
64.3,3.5,1.186,1.919
64.3,4.0,0.417,1.922
64.3,4.5,-0.353,1.926
64.3,5.0,-1.122,1.929
64.3,5.5,1.250,1.931
64.3,6.0,0.481,1.934
64.3,6.5,-0.289,1.937
64.3,7.0,-1.058,1.940
64.3,7.5,1.314,1.943
64.3,8.0,0.545,1.945
64.3,8.5,-0.224,1.948
64.3,9.0,-0.994,1.950
64.3,9.5,1.378,1.953
64.3,10.1,0.609,1.955
64.3,10.6,-0.160,1.957
64.3,11.1,-0.930,1.960
64.3,11.6,1.443,1.962
64.3,12.1,0.673,1.964
64.3,12.6,-0.096,1.966
64.3,13.1,-0.866,1.968
64.3,13.6,1.507,1.970
64.3,14.1,0.737,1.972
64.3,14.6,-0.032,1.973
64.3,15.1,-0.801,1.975
64.3,15.6,1.571,1.977
64.3,16.1,0.737,1.978
64.3,16.6,-0.032,1.980
64.3,17.1,-0.801,1.982
64.3,17.6,-1.571,1.983
64.3,18.1,0.801,1.985
64.3,18.6,0.032,1.986
64.3,19.1,-0.737,1.988
64.3,19.6,-1.507,1.989
64.3,20.1,0.866,1.990
64.3,20.6,0.096,1.991
64.3,21.1,-0.673,1.992
64.3,21.6,-1.443,1.993
64.3,22.1,0.930,1.994
64.3,22.6,0.160,1.994
64.3,23.1,-0.673,1.995
64.3,23.6,-1.443,1.996
64.3,24.1,0.930,1.997
64.3,24.6,0.160,1.997
64.3,25.1,-0.609,1.998
64.3,25.6,-1.378,1.999
64.3,26.1,0.994,1.999
64.3,26.6,0.224,1.999
64.3,27.1,-0.545,1.999
64.3,27.6,-1.314,1.999
64.3,28.1,0.994,1.999
64.3,28.6,0.224,1.999
64.3,29.1,-0.545,2.000
64.3,29.6,-1.314,2.000
64.3,30.2,1.058,2.000
64.3,30.7,0.289,2.000
64.3,31.2,-0.481,1.999
64.3,31.7,-1.250,1.998
64.3,32.2,1.058,1.998
64.3,32.7,0.289,1.998
64.3,33.2,-0.481,1.998
64.3,33.7,-1.250,1.997
64.3,34.2,1.122,1.997
64.3,34.7,0.353,1.996
64.3,35.2,-0.417,1.995
64.3,35.7,-1.250,1.994
64.3,36.2,1.122,1.993
64.3,36.7,0.353,1.993
64.3,37.2,-0.417,1.992
64.3,37.7,-1.186,1.990
64.3,38.2,1.186,1.989
64.3,38.7,0.353,1.987
64.3,39.2,-0.417,1.987
64.3,39.7,-1.186,1.986
64.3,40.2,1.186,1.984
64.3,40.7,0.417,1.983
64.3,41.2,-0.353,1.981
64.3,41.7,-1.186,1.979
64.3,42.2,1.186,1.978
64.3,42.7,0.417,1.976
64.3,43.2,-0.353,1.974
64.3,43.7,-1.122,1.972
64.3,44.2,1.186,1.970
64.3,44.7,0.417,1.969
64.3,45.2,-0.353,1.967
64.3,45.7,-1.122,1.965
64.3,46.2,1.250,1.962
64.3,46.7,0.417,1.960
64.3,47.2,-0.353,1.958
64.3,47.7,-1.122,1.956
64.3,48.2,1.250,1.953
64.3,48.7,0.481,1.950
64.3,49.2,-0.353,1.948
64.3,49.7,-1.122,1.946
64.3,50.3,1.250,1.943
64.3,50.8,0.481,1.940
64.3,51.3,-0.353,1.937
64.3,51.8,-1.122,1.935
64.3,52.3,1.250,1.932
64.3,52.8,0.481,1.929
64.3,53.3,-0.353,1.925
64.3,53.8,-1.122,1.923
64.3,54.3,1.250,1.920
64.3,54.8,0.481,1.916
64.3,55.3,-0.353,1.913
64.3,55.8,-1.122,1.910
64.3,56.3,1.250,1.907
64.3,56.8,0.481,1.902
64.3,57.3,-0.353,1.899
64.3,57.8,-1.122,1.896
64.3,58.3,1.250,1.892
64.3,58.8,0.481,1.888
64.3,59.3,-0.353,1.885
64.3,59.8,-1.122,1.881
64.3,60.3,1.250,1.877
64.3,60.8,0.417,1.873
64.3,61.3,-0.353,1.869
64.3,61.8,-1.122,1.865
64.3,62.3,1.186,1.860
64.3,62.8,0.417,1.857
64.3,63.3,-0.353,1.852
64.3,63.8,-1.122,1.848
64.3,64.3,1.186,1.844
64.3,64.8,0.417,1.839
64.3,65.3,-0.353,1.834
64.3,65.8,-1.186,1.830
64.3,66.3,1.186,1.826
64.3,66.8,0.417,1.821
64.3,67.3,-0.417,1.816
64.3,67.8,-1.186,1.811
64.3,68.3,1.186,1.806
64.3,68.8,0.353,1.801
64.3,69.3,-0.417,1.797
64.3,69.8,-1.186,1.791
64.3,70.4,1.122,1.786
64.3,70.9,0.353,1.781
64.3,71.4,-0.417,1.776
64.3,71.9,-1.250,1.770
64.3,72.4,1.122,1.766
64.3,72.9,0.353,1.760
64.3,73.4,-0.481,1.754
64.3,73.9,-1.250,1.749
64.3,74.4,1.122,1.743
64.3,74.9,0.289,1.738
64.3,75.4,-0.481,1.732
64.3,75.9,-1.250,1.726
64.3,76.4,1.058,1.721
64.3,76.9,0.289,1.715
64.3,77.4,-0.545,1.709
64.3,77.9,-1.314,1.703
64.3,78.4,1.058,1.697
64.3,78.9,0.224,1.691
64.3,79.4,-0.545,1.685
64.3,79.9,-1.378,1.678
64.3,80.4,0.994,1.673
64.3,80.9,0.224,1.666
64.3,81.4,-0.609,1.660
64.3,81.9,-1.378,1.653
64.3,82.4,0.930,1.646
64.3,82.9,0.160,1.640
64.3,83.4,-0.609,1.634
64.3,83.9,-1.443,1.627
64.3,84.4,0.930,1.621
64.3,84.9,0.096,1.613
64.3,85.4,-0.673,1.607
64.3,85.9,-1.443,1.600
64.3,86.4,0.866,1.593
64.3,86.9,0.096,1.586
64.3,87.4,-0.737,1.579
64.3,87.9,-1.507,1.572
64.3,88.4,0.801,1.565
64.3,88.9,0.032,1.558
64.3,89.4,-0.737,1.550
64.3,89.9,-1.571,1.544
64.3,90.5,0.801,1.536
64.3,91.0,-0.032,1.529
64.3,91.5,-0.801,1.521
64.3,92.0,1.507,1.514
64.3,92.5,0.737,1.506
64.3,93.0,-0.096,1.498
64.3,93.5,-0.866,1.491
64.3,94.0,1.443,1.483
64.3,94.5,0.673,1.476
64.3,95.0,-0.096,1.468
64.3,95.5,-0.930,1.460
64.3,96.0,1.443,1.452
64.3,96.5,0.609,1.444
64.3,97.0,-0.160,1.436
64.3,97.5,-0.994,1.428
64.3,98.0,1.378,1.420
64.3,98.5,0.545,1.412
64.3,99.0,-0.224,1.404
64.3,99.5,-1.058,1.396
64.3,100.0,1.314,1.387
64.8,0.0,1.378,1.888
64.8,0.5,0.609,1.892
64.8,1.0,-0.160,1.895
64.8,1.5,-0.930,1.899
64.8,2.0,1.443,1.902
64.8,2.5,0.673,1.906
64.8,3.0,-0.096,1.909
64.8,3.5,-0.866,1.913
64.8,4.0,1.507,1.916
64.8,4.5,0.737,1.919
64.8,5.0,-0.032,1.922
64.8,5.5,-0.801,1.925
64.8,6.0,1.571,1.928
64.8,6.5,0.801,1.931
64.8,7.0,0.032,1.934
64.8,7.5,-0.737,1.937
64.8,8.0,-1.507,1.940
64.8,8.5,0.866,1.942
64.8,9.0,0.096,1.945
64.8,9.5,-0.673,1.948
64.8,10.1,-1.443,1.950
64.8,10.6,0.930,1.952
64.8,11.1,0.160,1.955
64.8,11.6,-0.609,1.957
64.8,12.1,-1.378,1.959
64.8,12.6,0.994,1.961
64.8,13.1,0.224,1.964
64.8,13.6,-0.545,1.966
64.8,14.1,-1.314,1.967
64.8,14.6,1.058,1.969
64.8,15.1,0.289,1.971
64.8,15.6,-0.545,1.973
64.8,16.1,-1.314,1.975
64.8,16.6,1.058,1.977
64.8,17.1,0.289,1.979
64.8,17.6,-0.481,1.980
64.8,18.1,-1.250,1.982
64.8,18.6,1.122,1.983
64.8,19.1,0.353,1.985
64.8,19.6,-0.417,1.986
64.8,20.1,-1.186,1.988
64.8,20.6,1.186,1.989
64.8,21.1,0.417,1.990
64.8,21.6,-0.353,1.991
64.8,22.1,-1.122,1.992
64.8,22.6,1.250,1.992
64.8,23.1,0.481,1.993
64.8,23.6,-0.353,1.994
64.8,24.1,-1.122,1.995
64.8,24.6,1.250,1.996
64.8,25.1,0.481,1.997
64.8,25.6,-0.289,1.998
64.8,26.1,-1.058,1.998
64.8,26.6,1.314,1.998
64.8,27.1,0.545,1.999
64.8,27.6,-0.224,1.999
64.8,28.1,-0.994,1.999
64.8,28.6,1.314,1.999
64.8,29.1,0.545,1.999
64.8,29.6,-0.224,2.000
64.8,30.2,-0.994,2.000
64.8,30.7,1.378,2.000
64.8,31.2,0.609,2.000
64.8,31.7,-0.160,1.999
64.8,32.2,-0.930,1.999
64.8,32.7,1.378,1.998
64.8,33.2,0.609,1.998
64.8,33.7,-0.160,1.998
64.8,34.2,-0.930,1.998
64.8,34.7,1.443,1.997
64.8,35.2,0.673,1.996
64.8,35.7,-0.096,1.995
64.8,36.2,-0.930,1.994
64.8,36.7,1.443,1.994
64.8,37.2,0.673,1.993
64.8,37.7,-0.096,1.993
64.8,38.2,-0.866,1.992
64.8,38.7,1.507,1.990
64.8,39.2,0.673,1.988
64.8,39.7,-0.096,1.988
64.8,40.2,-0.866,1.987
64.8,40.7,1.507,1.986
64.8,41.2,0.737,1.984
64.8,41.7,-0.032,1.982
64.8,42.2,-0.866,1.981
64.8,42.7,1.507,1.980
64.8,43.2,0.737,1.978
64.8,43.7,-0.032,1.976
64.8,44.2,-0.801,1.974
64.8,44.7,1.507,1.972
64.8,45.2,0.737,1.971
64.8,45.7,-0.032,1.969
64.8,46.2,-0.801,1.967
64.8,46.7,1.571,1.964
64.8,47.2,0.737,1.962
64.8,47.7,-0.032,1.960
64.8,48.2,-0.801,1.958
64.8,48.7,1.571,1.956
64.8,49.2,0.801,1.953
64.8,49.7,-0.032,1.951
64.8,50.3,-0.801,1.948
64.8,50.8,1.571,1.946
64.8,51.3,0.801,1.943
64.8,51.8,-0.032,1.940
64.8,52.3,-0.801,1.938
64.8,52.8,1.571,1.935
64.8,53.3,0.801,1.932
64.8,53.8,-0.032,1.928
64.8,54.3,-0.801,1.926
64.8,54.8,1.571,1.923
64.8,55.3,0.801,1.920
64.8,55.8,-0.032,1.916
64.8,56.3,-0.801,1.913
64.8,56.8,1.571,1.910
64.8,57.3,0.801,1.906
64.8,57.8,-0.032,1.902
64.8,58.3,-0.801,1.900
64.8,58.8,1.571,1.896
64.8,59.3,0.801,1.892
64.8,59.8,-0.032,1.888
64.8,60.3,-0.801,1.885
64.8,60.8,1.571,1.881
64.8,61.3,0.801,1.876
64.8,61.8,-0.032,1.873
64.8,62.3,-0.801,1.869
64.8,62.8,1.571,1.865
64.8,63.3,0.737,1.861
64.8,63.8,-0.032,1.857
64.8,64.3,-0.801,1.852
64.8,64.8,1.507,1.848
64.8,65.3,0.737,1.844
64.8,65.8,-0.032,1.839
64.8,66.3,-0.801,1.834
64.8,66.8,1.507,1.830
64.8,67.3,0.737,1.826
64.8,67.8,-0.032,1.820
64.8,68.3,-0.866,1.816
64.8,68.8,1.507,1.812
64.8,69.3,0.737,1.806
64.8,69.8,-0.096,1.802
64.8,70.4,-0.866,1.797
64.8,70.9,1.507,1.791
64.8,71.4,0.673,1.786
64.8,71.9,-0.096,1.782
64.8,72.4,-0.866,1.776
64.8,72.9,1.443,1.771
64.8,73.4,0.673,1.766
64.8,73.9,-0.096,1.760
64.8,74.4,-0.930,1.755
64.8,74.9,1.443,1.749
64.8,75.4,0.609,1.743
64.8,75.9,-0.160,1.738
64.8,76.4,-0.930,1.732
64.8,76.9,1.378,1.726
64.8,77.4,0.609,1.721
64.8,77.9,-0.160,1.715
64.8,78.4,-0.994,1.709
64.8,78.9,1.378,1.703
64.8,79.4,0.545,1.696
64.8,79.9,-0.224,1.691
64.8,80.4,-0.994,1.685
64.8,80.9,1.314,1.679
64.8,81.4,0.545,1.673
64.8,81.9,-0.224,1.666
64.8,82.4,-1.058,1.660
64.8,82.9,1.314,1.653
64.8,83.4,0.481,1.647
64.8,83.9,-0.289,1.641
64.8,84.4,-1.058,1.633
64.8,84.9,1.250,1.627
64.8,85.4,0.481,1.620
64.8,85.9,-0.353,1.614
64.8,86.4,-1.122,1.607
64.8,86.9,1.186,1.600
64.8,87.4,0.417,1.593
64.8,87.9,-0.353,1.586
64.8,88.4,-1.186,1.579
64.8,88.9,1.186,1.572
64.8,89.4,0.353,1.565
64.8,89.9,-0.417,1.558
64.8,90.5,-1.250,1.550
64.8,91.0,1.122,1.544
64.8,91.5,0.353,1.536
64.8,92.0,-0.481,1.529
64.8,92.5,-1.250,1.521
64.8,93.0,1.058,1.514
64.8,93.5,0.289,1.506
64.8,94.0,-0.545,1.499
64.8,94.5,-1.314,1.491
64.8,95.0,0.994,1.483
64.8,95.5,0.224,1.476
64.8,96.0,-0.609,1.468
64.8,96.5,-1.378,1.460
64.8,97.0,0.930,1.452
64.8,97.5,0.160,1.445
64.8,98.0,-0.673,1.436
64.8,98.5,-1.443,1.429
64.8,99.0,0.930,1.420
64.8,99.5,0.096,1.412
64.8,100.0,-0.673,1.404
65.3,0.0,-0.737,1.880
65.3,0.5,-1.507,1.884
65.3,1.0,0.866,1.888
65.3,1.5,0.096,1.891
65.3,2.0,-0.673,1.895
65.3,2.5,-1.378,1.898
65.3,3.0,0.994,1.902
65.3,3.5,0.224,1.905
65.3,4.0,-0.545,1.909
65.3,4.5,-1.314,1.912
65.3,5.0,1.058,1.915
65.3,5.5,0.289,1.919
65.3,6.0,-0.481,1.922
65.3,6.5,-1.250,1.925
65.3,7.0,1.122,1.928
65.3,7.5,0.353,1.931
65.3,8.0,-0.417,1.934
65.3,8.5,-1.186,1.936
65.3,9.0,1.186,1.939
65.3,9.5,0.417,1.942
65.3,10.1,-0.353,1.945
65.3,10.6,-1.122,1.947
65.3,11.1,1.250,1.950
65.3,11.6,0.481,1.952
65.3,12.1,-0.289,1.954
65.3,12.6,-1.058,1.957
65.3,13.1,1.314,1.959
65.3,13.6,0.545,1.961
65.3,14.1,-0.224,1.963
65.3,14.6,-1.058,1.965
65.3,15.1,1.314,1.967
65.3,15.6,0.545,1.969
65.3,16.1,-0.224,1.971
65.3,16.6,-0.994,1.973
65.3,17.1,1.378,1.975
65.3,17.6,0.609,1.977
65.3,18.1,-0.160,1.979
65.3,18.6,-0.930,1.980
65.3,19.1,1.443,1.982
65.3,19.6,0.673,1.984
65.3,20.1,-0.096,1.985
65.3,20.6,-0.866,1.986
65.3,21.1,1.507,1.987
65.3,21.6,0.737,1.989
65.3,22.1,-0.032,1.989
65.3,22.6,-0.801,1.990
65.3,23.1,1.571,1.991
65.3,23.6,0.737,1.992
65.3,24.1,-0.032,1.993
65.3,24.6,-0.801,1.994
65.3,25.1,-1.571,1.995
65.3,25.6,0.801,1.996
65.3,26.1,0.032,1.997
65.3,26.6,-0.737,1.997
65.3,27.1,-1.507,1.998
65.3,27.6,0.866,1.998
65.3,28.1,0.096,1.998
65.3,28.6,-0.673,1.998
65.3,29.1,-1.507,1.999
65.3,29.6,0.866,1.999
65.3,30.2,0.096,2.000
65.3,30.7,-0.673,2.000
65.3,31.2,-1.443,2.000
65.3,31.7,0.930,2.000
65.3,32.2,0.160,1.999
65.3,32.7,-0.609,1.999
65.3,33.2,-1.443,1.999
65.3,33.7,0.930,1.999
65.3,34.2,0.160,1.999
65.3,34.7,-0.609,1.998
65.3,35.2,-1.378,1.998
65.3,35.7,0.994,1.997
65.3,36.2,0.224,1.996
65.3,36.7,-0.609,1.995
65.3,37.2,-1.378,1.995
65.3,37.7,0.994,1.994
65.3,38.2,0.224,1.994
65.3,38.7,-0.545,1.993
65.3,39.2,-1.314,1.991
65.3,39.7,1.058,1.990
65.3,40.2,0.224,1.989
65.3,40.7,-0.545,1.988
65.3,41.2,-1.314,1.987
65.3,41.7,1.058,1.986
65.3,42.2,0.289,1.984
65.3,42.7,-0.545,1.982
65.3,43.2,-1.314,1.981
65.3,43.7,1.058,1.980
65.3,44.2,0.289,1.978
65.3,44.7,-0.481,1.976
65.3,45.2,-1.250,1.974
65.3,45.7,1.058,1.972
65.3,46.2,0.289,1.971
65.3,46.7,-0.481,1.969
65.3,47.2,-1.250,1.967
65.3,47.7,1.122,1.964
65.3,48.2,0.289,1.962
65.3,48.7,-0.481,1.961
65.3,49.2,-1.250,1.958
65.3,49.7,1.122,1.956
65.3,50.3,0.289,1.953
65.3,50.8,-0.481,1.951
65.3,51.3,-1.250,1.949
65.3,51.8,1.122,1.946
65.3,52.3,0.353,1.943
65.3,52.8,-0.481,1.940
65.3,53.3,-1.250,1.938
65.3,53.8,1.122,1.935
65.3,54.3,0.353,1.932
65.3,54.8,-0.481,1.929
65.3,55.3,-1.250,1.926
65.3,55.8,1.122,1.923
65.3,56.3,0.353,1.919
65.3,56.8,-0.481,1.916
65.3,57.3,-1.250,1.913
65.3,57.8,1.122,1.910
65.3,58.3,0.353,1.906
65.3,58.8,-0.481,1.903
65.3,59.3,-1.250,1.900
65.3,59.8,1.122,1.896
65.3,60.3,0.289,1.892
65.3,60.8,-0.481,1.889
65.3,61.3,-1.250,1.885
65.3,61.8,1.122,1.881
65.3,62.3,0.289,1.877
65.3,62.8,-0.481,1.873
65.3,63.3,-1.250,1.869
65.3,63.8,1.122,1.864
65.3,64.3,0.289,1.861
65.3,64.8,-0.481,1.857
65.3,65.3,-1.250,1.852
65.3,65.8,1.058,1.848
65.3,66.3,0.289,1.844
65.3,66.8,-0.481,1.839
65.3,67.3,-1.314,1.835
65.3,67.8,1.058,1.831
65.3,68.3,0.289,1.826
65.3,68.8,-0.545,1.821
65.3,69.3,-1.314,1.816
65.3,69.8,1.058,1.812
65.3,70.4,0.224,1.806
65.3,70.9,-0.545,1.802
65.3,71.4,-1.314,1.797
65.3,71.9,0.994,1.791
65.3,72.4,0.224,1.787
65.3,72.9,-0.545,1.782
65.3,73.4,-1.378,1.776
65.3,73.9,0.994,1.771
65.3,74.4,0.224,1.766
65.3,74.9,-0.609,1.760
65.3,75.4,-1.378,1.755
65.3,75.9,0.994,1.749
65.3,76.4,0.160,1.744
65.3,76.9,-0.609,1.738
65.3,77.4,-1.378,1.732
65.3,77.9,0.930,1.727
65.3,78.4,0.160,1.721
65.3,78.9,-0.673,1.714
65.3,79.4,-1.443,1.709
65.3,79.9,0.930,1.703
65.3,80.4,0.096,1.697
65.3,80.9,-0.673,1.691
65.3,81.4,-1.443,1.685
65.3,81.9,0.866,1.679
65.3,82.4,0.096,1.673
65.3,82.9,-0.737,1.666
65.3,83.4,-1.507,1.660
65.3,83.9,0.866,1.653
65.3,84.4,0.032,1.647
65.3,84.9,-0.737,1.641
65.3,85.4,-1.571,1.634
65.3,85.9,0.801,1.628
65.3,86.4,0.032,1.620
65.3,86.9,-0.801,1.614
65.3,87.4,1.571,1.607
65.3,87.9,0.737,1.600
65.3,88.4,-0.032,1.594
65.3,88.9,-0.866,1.586
65.3,89.4,1.507,1.580
65.3,89.9,0.737,1.572
65.3,90.5,-0.096,1.565
65.3,91.0,-0.866,1.558
65.3,91.5,1.443,1.551
65.3,92.0,0.673,1.544
65.3,92.5,-0.160,1.536
65.3,93.0,-0.930,1.529
65.3,93.5,1.378,1.521
65.3,94.0,0.609,1.514
65.3,94.5,-0.160,1.506
65.3,95.0,-0.994,1.499
65.3,95.5,1.378,1.491
65.3,96.0,0.545,1.484
65.3,96.5,-0.224,1.476
65.3,97.0,-1.058,1.468
65.3,97.5,1.314,1.460
65.3,98.0,0.481,1.452
65.3,98.5,-0.289,1.445
65.3,99.0,-1.122,1.436
65.3,99.5,1.250,1.429
65.3,100.0,0.417,1.420
65.8,0.0,0.353,1.873
65.8,0.5,-0.417,1.877
65.8,1.0,-1.186,1.880
65.8,1.5,1.186,1.884
65.8,2.0,0.417,1.888
65.8,2.5,-0.353,1.891
65.8,3.0,-1.122,1.895
65.8,3.5,1.250,1.898
65.8,4.0,0.481,1.902
65.8,4.5,-0.289,1.905
65.8,5.0,-1.058,1.908
65.8,5.5,1.314,1.912
65.8,6.0,0.545,1.915
65.8,6.5,-0.224,1.918
65.8,7.0,-0.930,1.921
65.8,7.5,1.443,1.924
65.8,8.0,0.673,1.927
65.8,8.5,-0.096,1.930
65.8,9.0,-0.866,1.933
65.8,9.5,1.507,1.936
65.8,10.1,0.737,1.939
65.8,10.6,-0.032,1.941
65.8,11.1,-0.801,1.944
65.8,11.6,1.507,1.946
65.8,12.1,0.737,1.949
65.8,12.6,-0.032,1.952
65.8,13.1,-0.801,1.954
65.8,13.6,-1.571,1.956
65.8,14.1,0.801,1.959
65.8,14.6,0.032,1.961
65.8,15.1,-0.737,1.963
65.8,15.6,-1.507,1.966
65.8,16.1,0.866,1.968
65.8,16.6,0.096,1.970
65.8,17.1,-0.673,1.972
65.8,17.6,-1.443,1.974
65.8,18.1,0.930,1.975
65.8,18.6,0.160,1.977
65.8,19.1,-0.609,1.979
65.8,19.6,-1.378,1.980
65.8,20.1,0.994,1.982
65.8,20.6,0.224,1.983
65.8,21.1,-0.545,1.985
65.8,21.6,-1.314,1.986
65.8,22.1,1.058,1.987
65.8,22.6,0.289,1.988
65.8,23.1,-0.481,1.989
65.8,23.6,-1.314,1.990
65.8,24.1,1.058,1.991
65.8,24.6,0.289,1.993
65.8,25.1,-0.481,1.994
65.8,25.6,-1.250,1.995
65.8,26.1,1.122,1.996
65.8,26.6,0.353,1.996
65.8,27.1,-0.417,1.997
65.8,27.6,-1.186,1.997
65.8,28.1,1.186,1.998
65.8,28.6,0.417,1.998
65.8,29.1,-0.417,1.998
65.8,29.6,-1.186,1.999
65.8,30.2,1.186,1.999
65.8,30.7,0.417,2.000
65.8,31.2,-0.353,2.000
65.8,31.7,-1.122,2.000
65.8,32.2,1.250,2.000
65.8,32.7,0.481,1.999
65.8,33.2,-0.289,1.999
65.8,33.7,-1.122,1.999
65.8,34.2,1.250,1.999
65.8,34.7,0.481,1.999
65.8,35.2,-0.289,1.999
65.8,35.7,-1.058,1.998
65.8,36.2,1.314,1.998
65.8,36.7,0.545,1.997
65.8,37.2,-0.289,1.996
65.8,37.7,-1.058,1.996
65.8,38.2,1.314,1.995
65.8,38.7,0.545,1.995
65.8,39.2,-0.224,1.994
65.8,39.7,-0.994,1.992
65.8,40.2,1.378,1.991
65.8,40.7,0.545,1.990
65.8,41.2,-0.224,1.989
65.8,41.7,-0.994,1.988
65.8,42.2,1.378,1.987
65.8,42.7,0.609,1.985
65.8,43.2,-0.224,1.983
65.8,43.7,-0.994,1.983
65.8,44.2,1.378,1.981
65.8,44.7,0.609,1.980
65.8,45.2,-0.160,1.978
65.8,45.7,-0.930,1.976
65.8,46.2,1.378,1.974
65.8,46.7,0.609,1.973
65.8,47.2,-0.160,1.971
65.8,47.7,-0.930,1.969
65.8,48.2,1.443,1.966
65.8,48.7,0.609,1.964
65.8,49.2,-0.160,1.963
65.8,49.7,-0.930,1.961
65.8,50.3,1.443,1.958
65.8,50.8,0.673,1.955
65.8,51.3,-0.160,1.953
65.8,51.8,-0.930,1.951
65.8,52.3,1.443,1.949
65.8,52.8,0.673,1.946
65.8,53.3,-0.160,1.943
65.8,53.8,-0.930,1.941
65.8,54.3,1.443,1.938
65.8,54.8,0.673,1.935
65.8,55.3,-0.160,1.932
65.8,55.8,-0.930,1.929
65.8,56.3,1.443,1.926
65.8,56.8,0.673,1.923
65.8,57.3,-0.160,1.919
65.8,57.8,-0.930,1.917
65.8,58.3,1.443,1.914
65.8,58.8,0.673,1.910
65.8,59.3,-0.160,1.906
65.8,59.8,-0.930,1.903
65.8,60.3,1.443,1.900
65.8,60.8,0.673,1.896
65.8,61.3,-0.160,1.892
65.8,61.8,-0.930,1.889
65.8,62.3,1.443,1.885
65.8,62.8,0.673,1.880
65.8,63.3,-0.160,1.877
65.8,63.8,-0.930,1.874
65.8,64.3,1.443,1.869
65.8,64.8,0.609,1.865
65.8,65.3,-0.160,1.861
65.8,65.8,-0.930,1.857
65.8,66.3,1.378,1.852
65.8,66.8,0.609,1.848
65.8,67.3,-0.160,1.844
65.8,67.8,-0.930,1.839
65.8,68.3,1.378,1.835
65.8,68.8,0.609,1.831
65.8,69.3,-0.160,1.825
65.8,69.8,-0.994,1.821
65.8,70.4,1.378,1.817
65.8,70.9,0.609,1.811
65.8,71.4,-0.224,1.807
65.8,71.9,-0.994,1.802
65.8,72.4,1.378,1.797
65.8,72.9,0.545,1.792
65.8,73.4,-0.224,1.787
65.8,73.9,-0.994,1.781
65.8,74.4,1.314,1.776
65.8,74.9,0.545,1.771
65.8,75.4,-0.224,1.765
65.8,75.9,-1.058,1.760
65.8,76.4,1.314,1.755
65.8,76.9,0.545,1.749
65.8,77.4,-0.289,1.744
65.8,77.9,-1.058,1.738
65.8,78.4,1.250,1.732
65.8,78.9,0.481,1.727
65.8,79.4,-0.289,1.721
65.8,79.9,-1.122,1.715
65.8,80.4,1.250,1.710
65.8,80.9,0.481,1.703
65.8,81.4,-0.353,1.697
65.8,81.9,-1.122,1.691
65.8,82.4,1.186,1.685
65.8,82.9,0.417,1.679
65.8,83.4,-0.353,1.673
65.8,83.9,-1.186,1.666
65.8,84.4,1.186,1.660
65.8,84.9,0.353,1.653
65.8,85.4,-0.417,1.647
65.8,85.9,-1.186,1.640
65.8,86.4,1.122,1.634
65.8,86.9,0.353,1.628
65.8,87.4,-0.481,1.620
65.8,87.9,-1.250,1.614
65.8,88.4,1.122,1.607
65.8,88.9,0.289,1.601
65.8,89.4,-0.481,1.594
65.8,89.9,-1.314,1.586
65.8,90.5,1.058,1.580
65.8,91.0,0.224,1.572
65.8,91.5,-0.545,1.566
65.8,92.0,-1.314,1.558
65.8,92.5,0.994,1.551
65.8,93.0,0.224,1.544
65.8,93.5,-0.609,1.536
65.8,94.0,-1.378,1.529
65.8,94.5,0.930,1.521
65.8,95.0,0.160,1.514
65.8,95.5,-0.673,1.506
65.8,96.0,-1.443,1.499
65.8,96.5,0.930,1.491
65.8,97.0,0.096,1.484
65.8,97.5,-0.673,1.476
65.8,98.0,-1.507,1.468
65.8,98.5,0.866,1.460
65.8,99.0,0.032,1.453
65.8,99.5,-0.737,1.445
65.8,100.0,-1.571,1.437
66.3,0.0,1.443,1.865
66.3,0.5,0.673,1.869
66.3,1.0,-0.096,1.873
66.3,1.5,-0.866,1.877
66.3,2.0,1.507,1.880
66.3,2.5,0.737,1.884
66.3,3.0,-0.032,1.888
66.3,3.5,-0.801,1.891
66.3,4.0,-1.571,1.895
66.3,4.5,0.801,1.899
66.3,5.0,0.032,1.902
66.3,5.5,-0.737,1.905
66.3,6.0,-1.507,1.909
66.3,6.5,0.866,1.912
66.3,7.0,0.096,1.915
66.3,7.5,-0.673,1.918
66.3,8.0,-1.443,1.921
66.3,8.5,0.930,1.924
66.3,9.0,0.160,1.927
66.3,9.5,-0.609,1.930
66.3,10.1,-1.378,1.933
66.3,10.6,0.994,1.936
66.3,11.1,0.224,1.939
66.3,11.6,-0.545,1.942
66.3,12.1,-1.314,1.944
66.3,12.6,1.058,1.947
66.3,13.1,0.289,1.949
66.3,13.6,-0.481,1.952
66.3,14.1,-1.250,1.954
66.3,14.6,1.122,1.957
66.3,15.1,0.353,1.959
66.3,15.6,-0.417,1.961
66.3,16.1,-1.186,1.964
66.3,16.6,1.186,1.966
66.3,17.1,0.417,1.968
66.3,17.6,-0.353,1.970
66.3,18.1,-1.122,1.972
66.3,18.6,1.250,1.974
66.3,19.1,0.481,1.975
66.3,19.6,-0.289,1.977
66.3,20.1,-1.058,1.979
66.3,20.6,1.314,1.980
66.3,21.1,0.545,1.982
66.3,21.6,-0.224,1.983
66.3,22.1,-0.994,1.984
66.3,22.6,1.378,1.985
66.3,23.1,0.609,1.986
66.3,23.6,-0.224,1.988
66.3,24.1,-0.994,1.989
66.3,24.6,1.378,1.991
66.3,25.1,0.609,1.992
66.3,25.6,-0.160,1.993
66.3,26.1,-0.930,1.994
66.3,26.6,1.443,1.995
66.3,27.1,0.673,1.995
66.3,27.6,-0.096,1.996
66.3,28.1,-0.866,1.997
66.3,28.6,1.507,1.997
66.3,29.1,0.737,1.997
66.3,29.6,-0.096,1.998
66.3,30.2,-0.866,1.999
66.3,30.7,1.507,1.999
66.3,31.2,0.737,1.999
66.3,31.7,-0.032,2.000
66.3,32.2,-0.801,2.000
66.3,32.7,1.571,2.000
66.3,33.2,0.801,1.999
66.3,33.7,0.032,1.999
66.3,34.2,-0.801,1.999
66.3,34.7,-1.571,1.999
66.3,35.2,0.801,1.999
66.3,35.7,0.032,1.999
66.3,36.2,-0.737,1.999
66.3,36.7,-1.507,1.998
66.3,37.2,0.866,1.997
66.3,37.7,0.032,1.997
66.3,38.2,-0.737,1.996
66.3,38.7,-1.507,1.996
66.3,39.2,0.866,1.995
66.3,39.7,0.096,1.994
66.3,40.2,-0.673,1.993
66.3,40.7,-1.443,1.992
66.3,41.2,0.866,1.991
66.3,41.7,0.096,1.991
66.3,42.2,-0.673,1.990
66.3,42.7,-1.443,1.988
66.3,43.2,0.930,1.987
66.3,43.7,0.160,1.985
66.3,44.2,-0.673,1.984
66.3,44.7,-1.443,1.983
66.3,45.2,0.930,1.982
66.3,45.7,0.160,1.980
66.3,46.2,-0.609,1.978
66.3,46.7,-1.443,1.976
66.3,47.2,0.930,1.975
66.3,47.7,0.160,1.973
66.3,48.2,-0.609,1.971
66.3,48.7,-1.378,1.969
66.3,49.2,0.930,1.966
66.3,49.7,0.160,1.965
66.3,50.3,-0.609,1.963
66.3,50.8,-1.378,1.961
66.3,51.3,0.994,1.958
66.3,51.8,0.160,1.956
66.3,52.3,-0.609,1.954
66.3,52.8,-1.378,1.951
66.3,53.3,0.994,1.948
66.3,53.8,0.160,1.945
66.3,54.3,-0.609,1.943
66.3,54.8,-1.378,1.941
66.3,55.3,0.994,1.938
66.3,55.8,0.224,1.934
66.3,56.3,-0.609,1.932
66.3,56.8,-1.378,1.929
66.3,57.3,0.994,1.926
66.3,57.8,0.224,1.923
66.3,58.3,-0.609,1.920
66.3,58.8,-1.378,1.917
66.3,59.3,0.994,1.914
66.3,59.8,0.224,1.910
66.3,60.3,-0.609,1.907
66.3,60.8,-1.378,1.904
66.3,61.3,0.994,1.900
66.3,61.8,0.160,1.896
66.3,62.3,-0.609,1.893
66.3,62.8,-1.378,1.889
66.3,63.3,0.994,1.885
66.3,63.8,0.160,1.881
66.3,64.3,-0.609,1.878
66.3,64.8,-1.378,1.873
66.3,65.3,0.994,1.869
66.3,65.8,0.160,1.865
66.3,66.3,-0.609,1.861
66.3,66.8,-1.378,1.857
66.3,67.3,0.930,1.853
66.3,67.8,0.160,1.849
66.3,68.3,-0.609,1.844
66.3,68.8,-1.443,1.839
66.3,69.3,0.930,1.835
66.3,69.8,0.160,1.831
66.3,70.4,-0.673,1.825
66.3,70.9,-1.443,1.821
66.3,71.4,0.930,1.817
66.3,71.9,0.096,1.811
66.3,72.4,-0.673,1.807
66.3,72.9,-1.443,1.802
66.3,73.4,0.930,1.796
66.3,73.9,0.096,1.792
66.3,74.4,-0.673,1.787
66.3,74.9,-1.507,1.781
66.3,75.4,0.866,1.777
66.3,75.9,0.096,1.771
66.3,76.4,-0.737,1.765
66.3,76.9,-1.507,1.761
66.3,77.4,0.866,1.755
66.3,77.9,0.032,1.749
66.3,78.4,-0.737,1.744
66.3,78.9,-1.507,1.738
66.3,79.4,0.801,1.733
66.3,79.9,0.032,1.727
66.3,80.4,-0.737,1.721
66.3,80.9,-1.571,1.715
66.3,81.4,0.801,1.710
66.3,81.9,-0.032,1.703
66.3,82.4,-0.801,1.698
66.3,82.9,1.571,1.691
66.3,83.4,0.737,1.685
66.3,83.9,-0.032,1.679
66.3,84.4,-0.801,1.672
66.3,84.9,1.507,1.667
66.3,85.4,0.737,1.660
66.3,85.9,-0.096,1.654
66.3,86.4,-0.866,1.647
66.3,86.9,1.507,1.640
66.3,87.4,0.673,1.634
66.3,87.9,-0.096,1.627
66.3,88.4,-0.930,1.621
66.3,88.9,1.443,1.614
66.3,89.4,0.609,1.607
66.3,89.9,-0.160,1.601
66.3,90.5,-0.930,1.593
66.3,91.0,1.378,1.587
66.3,91.5,0.609,1.580
66.3,92.0,-0.224,1.573
66.3,92.5,-0.994,1.566
66.3,93.0,1.314,1.558
66.3,93.5,0.545,1.551
66.3,94.0,-0.224,1.543
66.3,94.5,-1.058,1.537
66.3,95.0,1.314,1.529
66.3,95.5,0.481,1.522
66.3,96.0,-0.289,1.514
66.3,96.5,-1.122,1.507
66.3,97.0,1.250,1.499
66.3,97.5,0.417,1.491
66.3,98.0,-0.353,1.484
66.3,98.5,-1.186,1.476
66.3,99.0,1.186,1.469
66.3,99.5,0.417,1.460
66.3,100.0,-0.417,1.453
66.8,0.0,-0.609,1.856
66.8,0.5,-1.378,1.860
66.8,1.0,0.994,1.864
66.8,1.5,0.224,1.868
66.8,2.0,-0.545,1.872
66.8,2.5,-1.314,1.876
66.8,3.0,1.058,1.880
66.8,3.5,0.289,1.884
66.8,4.0,-0.481,1.888
66.8,4.5,-1.250,1.891
66.8,5.0,1.122,1.895
66.8,5.5,0.353,1.899
66.8,6.0,-0.417,1.902
66.8,6.5,-1.186,1.905
66.8,7.0,1.186,1.909
66.8,7.5,0.417,1.912
66.8,8.0,-0.353,1.915
66.8,8.5,-1.122,1.918
66.8,9.0,1.250,1.922
66.8,9.5,0.481,1.925
66.8,10.1,-0.289,1.928
66.8,10.6,-1.058,1.931
66.8,11.1,1.314,1.933
66.8,11.6,0.545,1.936
66.8,12.1,-0.224,1.939
66.8,12.6,-0.994,1.942
66.8,13.1,1.378,1.944
66.8,13.6,0.609,1.947
66.8,14.1,-0.160,1.950
66.8,14.6,-0.930,1.952
66.8,15.1,1.443,1.955
66.8,15.6,0.673,1.957
66.8,16.1,-0.096,1.959
66.8,16.6,-0.866,1.961
66.8,17.1,1.507,1.964
66.8,17.6,0.737,1.966
66.8,18.1,-0.032,1.968
66.8,18.6,-0.801,1.970
66.8,19.1,1.571,1.972
66.8,19.6,0.801,1.973
66.8,20.1,0.032,1.975
66.8,20.6,-0.737,1.977
66.8,21.1,-1.507,1.978
66.8,21.6,0.866,1.980
66.8,22.1,0.096,1.981
66.8,22.6,-0.673,1.982
66.8,23.1,-1.507,1.984
66.8,23.6,0.866,1.985
66.8,24.1,0.096,1.987
66.8,24.6,-0.673,1.988
66.8,25.1,-1.443,1.990
66.8,25.6,0.930,1.991
66.8,26.1,0.160,1.992
66.8,26.6,-0.609,1.993
66.8,27.1,-1.378,1.994
66.8,27.6,0.994,1.995
66.8,28.1,0.224,1.995
66.8,28.6,-0.545,1.996
66.8,29.1,-1.314,1.996
66.8,29.6,0.994,1.997
66.8,30.2,0.224,1.997
66.8,30.7,-0.545,1.998
66.8,31.2,-1.314,1.999
66.8,31.7,1.058,1.999
66.8,32.2,0.289,1.999
66.8,32.7,-0.481,2.000
66.8,33.2,-1.250,2.000
66.8,33.7,1.122,1.999
66.8,34.2,0.289,1.999
66.8,34.7,-0.481,1.999
66.8,35.2,-1.250,2.000
66.8,35.7,1.122,2.000
66.8,36.2,0.353,1.999
66.8,36.7,-0.417,1.999
66.8,37.2,-1.186,1.998
66.8,37.7,1.186,1.998
66.8,38.2,0.353,1.997
66.8,38.7,-0.417,1.997
66.8,39.2,-1.186,1.997
66.8,39.7,1.186,1.996
66.8,40.2,0.417,1.995
66.8,40.7,-0.353,1.994
66.8,41.2,-1.122,1.993
66.8,41.7,1.186,1.992
66.8,42.2,0.417,1.992
66.8,42.7,-0.353,1.991
66.8,43.2,-1.122,1.990
66.8,43.7,1.250,1.988
66.8,44.2,0.481,1.986
66.8,44.7,-0.353,1.985
66.8,45.2,-1.122,1.984
66.8,45.7,1.250,1.983
66.8,46.2,0.481,1.981
66.8,46.7,-0.289,1.980
66.8,47.2,-1.122,1.978
66.8,47.7,1.250,1.976
66.8,48.2,0.481,1.975
66.8,48.7,-0.289,1.973
66.8,49.2,-1.058,1.971
66.8,49.7,1.250,1.968
66.8,50.3,0.481,1.967
66.8,50.8,-0.289,1.965
66.8,51.3,-1.058,1.963
66.8,51.8,1.314,1.960
66.8,52.3,0.481,1.958
66.8,52.8,-0.289,1.956
66.8,53.3,-1.058,1.954
66.8,53.8,1.314,1.951
66.8,54.3,0.545,1.948
66.8,54.8,-0.289,1.946
66.8,55.3,-1.058,1.944
66.8,55.8,1.314,1.941
66.8,56.3,0.545,1.938
66.8,56.8,-0.289,1.935
66.8,57.3,-1.058,1.932
66.8,57.8,1.314,1.930
66.8,58.3,0.545,1.926
66.8,58.8,-0.289,1.923
66.8,59.3,-1.058,1.920
66.8,59.8,1.314,1.917
66.8,60.3,0.545,1.913
66.8,60.8,-0.289,1.910
66.8,61.3,-1.058,1.907
66.8,61.8,1.314,1.904
66.8,62.3,0.545,1.899
66.8,62.8,-0.289,1.896
66.8,63.3,-1.058,1.893
66.8,63.8,1.314,1.889
66.8,64.3,0.481,1.884
66.8,64.8,-0.289,1.881
66.8,65.3,-1.058,1.878
66.8,65.8,1.314,1.873
66.8,66.3,0.481,1.869
66.8,66.8,-0.289,1.866
66.8,67.3,-1.058,1.861
66.8,67.8,1.250,1.857
66.8,68.3,0.481,1.853
66.8,68.8,-0.289,1.849
66.8,69.3,-1.058,1.844
66.8,69.8,1.250,1.840
66.8,70.4,0.481,1.835
66.8,70.9,-0.289,1.830
66.8,71.4,-1.122,1.826
66.8,71.9,1.250,1.822
66.8,72.4,0.481,1.816
66.8,72.9,-0.353,1.812
66.8,73.4,-1.122,1.807
66.8,73.9,1.250,1.802
66.8,74.4,0.417,1.797
66.8,74.9,-0.353,1.792
66.8,75.4,-1.122,1.787
66.8,75.9,1.186,1.782
66.8,76.4,0.417,1.777
66.8,76.9,-0.353,1.771
66.8,77.4,-1.186,1.766
66.8,77.9,1.186,1.761
66.8,78.4,0.417,1.755
66.8,78.9,-0.417,1.750
66.8,79.4,-1.186,1.744
66.8,79.9,1.186,1.738
66.8,80.4,0.353,1.733
66.8,80.9,-0.417,1.727
66.8,81.4,-1.250,1.721
66.8,81.9,1.122,1.716
66.8,82.4,0.353,1.709
66.8,82.9,-0.481,1.703
66.8,83.4,-1.250,1.698
66.8,83.9,1.122,1.691
66.8,84.4,0.289,1.686
66.8,84.9,-0.481,1.679
66.8,85.4,-1.314,1.673
66.8,85.9,1.058,1.667
66.8,86.4,0.289,1.660
66.8,86.9,-0.545,1.654
66.8,87.4,-1.314,1.647
66.8,87.9,0.994,1.641
66.8,88.4,0.224,1.635
66.8,88.9,-0.545,1.627
66.8,89.4,-1.378,1.621
66.8,89.9,0.994,1.614
66.8,90.5,0.160,1.607
66.8,91.0,-0.609,1.601
66.8,91.5,-1.443,1.593
66.8,92.0,0.930,1.587
66.8,92.5,0.160,1.579
66.8,93.0,-0.673,1.573
66.8,93.5,-1.443,1.566
66.8,94.0,0.866,1.558
66.8,94.5,0.096,1.551
66.8,95.0,-0.737,1.544
66.8,95.5,-1.507,1.537
66.8,96.0,0.866,1.529
66.8,96.5,0.032,1.522
66.8,97.0,-0.737,1.514
66.8,97.5,-1.571,1.507
66.8,98.0,0.801,1.499
66.8,98.5,-0.032,1.492
66.8,99.0,-0.801,1.484
66.8,99.5,1.507,1.476
66.8,100.0,0.737,1.469
67.3,0.0,0.417,1.847
67.3,0.5,-0.353,1.851
67.3,1.0,-1.122,1.855
67.3,1.5,1.250,1.859
67.3,2.0,0.545,1.863
67.3,2.5,-0.224,1.868
67.3,3.0,-0.994,1.872
67.3,3.5,1.378,1.876
67.3,4.0,0.609,1.880
67.3,4.5,-0.160,1.884
67.3,5.0,-0.930,1.887
67.3,5.5,1.443,1.891
67.3,6.0,0.673,1.895
67.3,6.5,-0.096,1.898
67.3,7.0,-0.866,1.902
67.3,7.5,1.507,1.905
67.3,8.0,0.737,1.909
67.3,8.5,-0.032,1.912
67.3,9.0,-0.801,1.915
67.3,9.5,-1.571,1.918
67.3,10.1,0.801,1.922
67.3,10.6,0.032,1.925
67.3,11.1,-0.737,1.928
67.3,11.6,-1.507,1.931
67.3,12.1,0.866,1.933
67.3,12.6,0.096,1.936
67.3,13.1,-0.673,1.939
67.3,13.6,-1.443,1.942
67.3,14.1,0.930,1.944
67.3,14.6,0.160,1.947
67.3,15.1,-0.609,1.950
67.3,15.6,-1.378,1.952
67.3,16.1,0.994,1.954
67.3,16.6,0.224,1.957
67.3,17.1,-0.545,1.959
67.3,17.6,-1.314,1.961
67.3,18.1,1.058,1.963
67.3,18.6,0.289,1.966
67.3,19.1,-0.481,1.968
67.3,19.6,-1.250,1.969
67.3,20.1,1.122,1.971
67.3,20.6,0.353,1.973
67.3,21.1,-0.417,1.975
67.3,21.6,-1.186,1.976
67.3,22.1,1.186,1.978
67.3,22.6,0.417,1.979
67.3,23.1,-0.417,1.981
67.3,23.6,-1.186,1.983
67.3,24.1,1.186,1.984
67.3,24.6,0.417,1.986
67.3,25.1,-0.353,1.987
67.3,25.6,-1.122,1.988
67.3,26.1,1.250,1.990
67.3,26.6,0.481,1.991
67.3,27.1,-0.289,1.992
67.3,27.6,-1.058,1.993
67.3,28.1,1.314,1.994
67.3,28.6,0.545,1.994
67.3,29.1,-0.224,1.995
67.3,29.6,-1.058,1.995
67.3,30.2,1.314,1.996
67.3,30.7,0.545,1.997
67.3,31.2,-0.224,1.998
67.3,31.7,-0.994,1.998
67.3,32.2,1.378,1.999
67.3,32.7,0.609,1.999
67.3,33.2,-0.160,1.999
67.3,33.7,-0.930,1.999
67.3,34.2,1.443,1.999
67.3,34.7,0.609,1.999
67.3,35.2,-0.160,2.000
67.3,35.7,-0.930,2.000
67.3,36.2,1.443,2.000
67.3,36.7,0.673,2.000
67.3,37.2,-0.096,1.999
67.3,37.7,-0.866,1.999
67.3,38.2,1.507,1.998
67.3,38.7,0.673,1.998
67.3,39.2,-0.096,1.998
67.3,39.7,-0.866,1.997
67.3,40.2,1.507,1.997
67.3,40.7,0.737,1.996
67.3,41.2,-0.032,1.995
67.3,41.7,-0.801,1.994
67.3,42.2,1.507,1.993
67.3,42.7,0.737,1.993
67.3,43.2,-0.032,1.992
67.3,43.7,-0.801,1.991
67.3,44.2,1.571,1.989
67.3,44.7,0.801,1.988
67.3,45.2,-0.032,1.987
67.3,45.7,-0.801,1.986
67.3,46.2,-1.571,1.985
67.3,46.7,0.801,1.983
67.3,47.2,0.032,1.981
67.3,47.7,-0.737,1.979
67.3,48.2,-1.571,1.978
67.3,48.7,0.801,1.977
67.3,49.2,0.032,1.975
67.3,49.7,-0.737,1.973
67.3,50.3,-1.507,1.970
67.3,50.8,0.801,1.969
67.3,51.3,0.032,1.967
67.3,51.8,-0.737,1.965
67.3,52.3,-1.507,1.963
67.3,52.8,0.866,1.960
67.3,53.3,0.032,1.958
67.3,53.8,-0.737,1.956
67.3,54.3,-1.507,1.954
67.3,54.8,0.866,1.951
67.3,55.3,0.032,1.948
67.3,55.8,-0.737,1.946
67.3,56.3,-1.507,1.944
67.3,56.8,0.866,1.941
67.3,57.3,0.032,1.937
67.3,57.8,-0.737,1.935
67.3,58.3,-1.507,1.933
67.3,58.8,0.866,1.929
67.3,59.3,0.096,1.926
67.3,59.8,-0.737,1.923
67.3,60.3,-1.507,1.920
67.3,60.8,0.866,1.917
67.3,61.3,0.096,1.913
67.3,61.8,-0.737,1.910
67.3,62.3,-1.507,1.907
67.3,62.8,0.866,1.903
67.3,63.3,0.032,1.899
67.3,63.8,-0.737,1.897
67.3,64.3,-1.507,1.893
67.3,64.8,0.866,1.889
67.3,65.3,0.032,1.885
67.3,65.8,-0.737,1.882
67.3,66.3,-1.507,1.878
67.3,66.8,0.801,1.873
67.3,67.3,0.032,1.870
67.3,67.8,-0.737,1.866
67.3,68.3,-1.507,1.861
67.3,68.8,0.801,1.857
67.3,69.3,0.032,1.853
67.3,69.8,-0.737,1.849
67.3,70.4,-1.571,1.844
67.3,70.9,0.801,1.840
67.3,71.4,0.032,1.835
67.3,71.9,-0.801,1.830
67.3,72.4,-1.571,1.826
67.3,72.9,0.801,1.822
67.3,73.4,0.032,1.816
67.3,73.9,-0.801,1.812
67.3,74.4,1.571,1.807
67.3,74.9,0.801,1.802
67.3,75.4,-0.032,1.797
67.3,75.9,-0.801,1.792
67.3,76.4,1.571,1.787
67.3,76.9,0.737,1.782
67.3,77.4,-0.032,1.777
67.3,77.9,-0.801,1.771
67.3,78.4,1.507,1.766
67.3,78.9,0.737,1.761
67.3,79.4,-0.096,1.755
67.3,79.9,-0.866,1.750
67.3,80.4,1.507,1.744
67.3,80.9,0.673,1.738
67.3,81.4,-0.096,1.733
67.3,81.9,-0.866,1.727
67.3,82.4,1.443,1.721
67.3,82.9,0.673,1.716
67.3,83.4,-0.096,1.709
67.3,83.9,-0.930,1.704
67.3,84.4,1.443,1.698
67.3,84.9,0.609,1.691
67.3,85.4,-0.160,1.686
67.3,85.9,-0.930,1.679
67.3,86.4,1.378,1.673
67.3,86.9,0.609,1.667
67.3,87.4,-0.224,1.660
67.3,87.9,-0.994,1.654
67.3,88.4,1.378,1.647
67.3,88.9,0.545,1.641
67.3,89.4,-0.224,1.635
67.3,89.9,-1.058,1.627
67.3,90.5,1.314,1.621
67.3,91.0,0.545,1.614
67.3,91.5,-0.289,1.608
67.3,92.0,-1.058,1.601
67.3,92.5,1.250,1.594
67.3,93.0,0.481,1.587
67.3,93.5,-0.353,1.579
67.3,94.0,-1.122,1.573
67.3,94.5,1.250,1.565
67.3,95.0,0.417,1.559
67.3,95.5,-0.353,1.551
67.3,96.0,-1.186,1.544
67.3,96.5,1.186,1.537
67.3,97.0,0.353,1.529
67.3,97.5,-0.417,1.522
67.3,98.0,-1.250,1.514
67.3,98.5,1.122,1.507
67.3,99.0,0.353,1.499
67.3,99.5,-0.481,1.492
67.3,100.0,-1.250,1.484
67.8,0.0,1.507,1.839
67.8,0.5,0.737,1.843
67.8,1.0,-0.032,1.847
67.8,1.5,-0.801,1.852
67.8,2.0,-1.571,1.856
67.8,2.5,0.801,1.860
67.8,3.0,0.032,1.864
67.8,3.5,-0.737,1.867
67.8,4.0,-1.507,1.871
67.8,4.5,0.930,1.875
67.8,5.0,0.160,1.879
67.8,5.5,-0.609,1.883
67.8,6.0,-1.378,1.887
67.8,6.5,0.994,1.891
67.8,7.0,0.224,1.894
67.8,7.5,-0.545,1.898
67.8,8.0,-1.314,1.901
67.8,8.5,1.058,1.905
67.8,9.0,0.289,1.908
67.8,9.5,-0.481,1.912
67.8,10.1,-1.250,1.915
67.8,10.6,1.122,1.918
67.8,11.1,0.353,1.921
67.8,11.6,-0.417,1.924
67.8,12.1,-1.186,1.927
67.8,12.6,1.186,1.930
67.8,13.1,0.417,1.933
67.8,13.6,-0.353,1.936
67.8,14.1,-1.122,1.939
67.8,14.6,1.250,1.942
67.8,15.1,0.481,1.944
67.8,15.6,-0.289,1.947
67.8,16.1,-1.058,1.949
67.8,16.6,1.314,1.952
67.8,17.1,0.545,1.954
67.8,17.6,-0.224,1.957
67.8,18.1,-0.994,1.959
67.8,18.6,1.378,1.961
67.8,19.1,0.609,1.963
67.8,19.6,-0.160,1.965
67.8,20.1,-0.930,1.967
67.8,20.6,1.443,1.969
67.8,21.1,0.673,1.971
67.8,21.6,-0.096,1.972
67.8,22.1,-0.930,1.974
67.8,22.6,1.443,1.976
67.8,23.1,0.673,1.978
67.8,23.6,-0.096,1.980
67.8,24.1,-0.866,1.981
67.8,24.6,1.507,1.983
67.8,25.1,0.737,1.984
67.8,25.6,-0.032,1.986
67.8,26.1,-0.801,1.987
67.8,26.6,1.571,1.989
67.8,27.1,0.801,1.990
67.8,27.6,0.032,1.991
67.8,28.1,-0.737,1.992
67.8,28.6,-1.507,1.992
67.8,29.1,0.866,1.993
67.8,29.6,0.096,1.994
67.8,30.2,-0.737,1.995
67.8,30.7,-1.507,1.996
67.8,31.2,0.866,1.997
67.8,31.7,0.096,1.997
67.8,32.2,-0.673,1.998
67.8,32.7,-1.443,1.998
67.8,33.2,0.930,1.999
67.8,33.7,0.160,1.999
67.8,34.2,-0.609,1.999
67.8,34.7,-1.378,1.999
67.8,35.2,0.930,1.999
67.8,35.7,0.160,2.000
67.8,36.2,-0.609,2.000
67.8,36.7,-1.378,2.000
67.8,37.2,0.994,2.000
67.8,37.7,0.224,2.000
67.8,38.2,-0.545,1.999
67.8,38.7,-1.314,1.998
67.8,39.2,0.994,1.998
67.8,39.7,0.224,1.998
67.8,40.2,-0.545,1.998
67.8,40.7,-1.314,1.997
67.8,41.2,1.058,1.997
67.8,41.7,0.289,1.996
67.8,42.2,-0.481,1.995
67.8,42.7,-1.314,1.994
67.8,43.2,1.058,1.994
67.8,43.7,0.289,1.993
67.8,44.2,-0.481,1.992
67.8,44.7,-1.250,1.991
67.8,45.2,1.122,1.989
67.8,45.7,0.289,1.988
67.8,46.2,-0.481,1.987
67.8,46.7,-1.250,1.986
67.8,47.2,1.122,1.985
67.8,47.7,0.353,1.983
67.8,48.2,-0.417,1.981
67.8,48.7,-1.250,1.980
67.8,49.2,1.122,1.978
67.8,49.7,0.353,1.977
67.8,50.3,-0.417,1.975
67.8,50.8,-1.186,1.973
67.8,51.3,1.122,1.971
67.8,51.8,0.353,1.969
67.8,52.3,-0.417,1.967
67.8,52.8,-1.186,1.965
67.8,53.3,1.186,1.962
67.8,53.8,0.353,1.960
67.8,54.3,-0.417,1.959
67.8,54.8,-1.186,1.956
67.8,55.3,1.186,1.954
67.8,55.8,0.353,1.951
67.8,56.3,-0.417,1.949
67.8,56.8,-1.186,1.946
67.8,57.3,1.186,1.944
67.8,57.8,0.417,1.940
67.8,58.3,-0.417,1.938
67.8,58.8,-1.186,1.936
67.8,59.3,1.186,1.933
67.8,59.8,0.417,1.929
67.8,60.3,-0.417,1.926
67.8,60.8,-1.186,1.924
67.8,61.3,1.186,1.920
67.8,61.8,0.417,1.917
67.8,62.3,-0.417,1.914
67.8,62.8,-1.186,1.911
67.8,63.3,1.186,1.907
67.8,63.8,0.417,1.903
67.8,64.3,-0.417,1.900
67.8,64.8,-1.186,1.897
67.8,65.3,1.186,1.893
67.8,65.8,0.353,1.889
67.8,66.3,-0.417,1.885
67.8,66.8,-1.186,1.882
67.8,67.3,1.186,1.877
67.8,67.8,0.353,1.874
67.8,68.3,-0.417,1.870
67.8,68.8,-1.186,1.866
67.8,69.3,1.122,1.861
67.8,69.8,0.353,1.857
67.8,70.4,-0.417,1.853
67.8,70.9,-1.186,1.848
67.8,71.4,1.122,1.844
67.8,71.9,0.353,1.840
67.8,72.4,-0.417,1.835
67.8,72.9,-1.250,1.831
67.8,73.4,1.122,1.827
67.8,73.9,0.353,1.822
67.8,74.4,-0.481,1.817
67.8,74.9,-1.250,1.812
67.8,75.4,1.122,1.807
67.8,75.9,0.289,1.802
67.8,76.4,-0.481,1.798
67.8,76.9,-1.250,1.792
67.8,77.4,1.058,1.787
67.8,77.9,0.289,1.782
67.8,78.4,-0.481,1.777
67.8,78.9,-1.314,1.771
67.8,79.4,1.058,1.766
67.8,79.9,0.289,1.761
67.8,80.4,-0.545,1.755
67.8,80.9,-1.314,1.750
67.8,81.4,1.058,1.744
67.8,81.9,0.224,1.739
67.8,82.4,-0.545,1.733
67.8,82.9,-1.314,1.727
67.8,83.4,0.994,1.722
67.8,83.9,0.224,1.716
67.8,84.4,-0.609,1.709
67.8,84.9,-1.378,1.704
67.8,85.4,0.994,1.698
67.8,85.9,0.160,1.692
67.8,86.4,-0.609,1.686
67.8,86.9,-1.443,1.679
67.8,87.4,0.930,1.673
67.8,87.9,0.160,1.667
67.8,88.4,-0.673,1.660
67.8,88.9,-1.443,1.654
67.8,89.4,0.866,1.647
67.8,89.9,0.096,1.641
67.8,90.5,-0.673,1.634
67.8,91.0,-1.507,1.628
67.8,91.5,0.866,1.621
67.8,92.0,0.032,1.614
67.8,92.5,-0.737,1.608
67.8,93.0,-1.507,1.601
67.8,93.5,0.801,1.594
67.8,94.0,0.032,1.587
67.8,94.5,-0.801,1.580
67.8,95.0,1.571,1.573
67.8,95.5,0.737,1.565
67.8,96.0,-0.032,1.559
67.8,96.5,-0.801,1.551
67.8,97.0,1.507,1.544
67.8,97.5,0.737,1.537
67.8,98.0,-0.096,1.530
67.8,98.5,-0.866,1.522
67.8,99.0,1.443,1.514
67.8,99.5,0.673,1.507
67.8,100.0,-0.160,1.499
68.3,0.0,-0.545,1.829
68.3,0.5,-1.314,1.834
68.3,1.0,1.058,1.838
68.3,1.5,0.289,1.843
68.3,2.0,-0.481,1.847
68.3,2.5,-1.250,1.851
68.3,3.0,1.122,1.856
68.3,3.5,0.353,1.860
68.3,4.0,-0.417,1.864
68.3,4.5,-1.186,1.868
68.3,5.0,1.186,1.871
68.3,5.5,0.417,1.875
68.3,6.0,-0.353,1.879
68.3,6.5,-1.122,1.883
68.3,7.0,1.250,1.886
68.3,7.5,0.545,1.890
68.3,8.0,-0.224,1.894
68.3,8.5,-0.994,1.897
68.3,9.0,1.378,1.901
68.3,9.5,0.609,1.904
68.3,10.1,-0.160,1.908
68.3,10.6,-0.930,1.911
68.3,11.1,1.443,1.915
68.3,11.6,0.673,1.918
68.3,12.1,-0.096,1.921
68.3,12.6,-0.866,1.924
68.3,13.1,1.507,1.927
68.3,13.6,0.737,1.930
68.3,14.1,-0.032,1.933
68.3,14.6,-0.801,1.936
68.3,15.1,1.571,1.939
68.3,15.6,0.801,1.941
68.3,16.1,0.032,1.944
68.3,16.6,-0.737,1.946
68.3,17.1,-1.507,1.949
68.3,17.6,0.866,1.951
68.3,18.1,0.096,1.954
68.3,18.6,-0.673,1.956
68.3,19.1,-1.443,1.958
68.3,19.6,0.930,1.960
68.3,20.1,0.160,1.963
68.3,20.6,-0.609,1.965
68.3,21.1,-1.378,1.966
68.3,21.6,0.930,1.969
68.3,22.1,0.160,1.971
68.3,22.6,-0.609,1.973
68.3,23.1,-1.378,1.975
68.3,23.6,0.994,1.976
68.3,24.1,0.224,1.978
68.3,24.6,-0.545,1.980
68.3,25.1,-1.314,1.982
68.3,25.6,1.058,1.983
68.3,26.1,0.289,1.985
68.3,26.6,-0.481,1.986
68.3,27.1,-1.250,1.987
68.3,27.6,1.122,1.988
68.3,28.1,0.353,1.989
68.3,28.6,-0.417,1.990
68.3,29.1,-1.186,1.991
68.3,29.6,1.186,1.992
68.3,30.2,0.353,1.993
68.3,30.7,-0.417,1.994
68.3,31.2,-1.186,1.995
68.3,31.7,1.186,1.996
68.3,32.2,0.417,1.997
68.3,32.7,-0.353,1.997
68.3,33.2,-1.122,1.998
68.3,33.7,1.250,1.998
68.3,34.2,0.481,1.998
68.3,34.7,-0.289,1.998
68.3,35.2,-1.122,1.999
68.3,35.7,1.250,1.999
68.3,36.2,0.481,2.000
68.3,36.7,-0.289,2.000
68.3,37.2,-1.058,2.000
68.3,37.7,1.314,2.000
68.3,38.2,0.545,2.000
68.3,38.7,-0.224,1.999
68.3,39.2,-0.994,1.999
68.3,39.7,1.314,1.999
68.3,40.2,0.545,1.999
68.3,40.7,-0.224,1.998
68.3,41.2,-0.994,1.998
68.3,41.7,1.378,1.997
68.3,42.2,0.609,1.996
68.3,42.7,-0.160,1.995
68.3,43.2,-0.994,1.995
68.3,43.7,1.378,1.994
68.3,44.2,0.609,1.994
68.3,44.7,-0.160,1.993
68.3,45.2,-0.930,1.992
68.3,45.7,1.443,1.990
68.3,46.2,0.609,1.989
68.3,46.7,-0.160,1.988
68.3,47.2,-0.930,1.987
68.3,47.7,1.443,1.986
68.3,48.2,0.673,1.984
68.3,48.7,-0.096,1.982
68.3,49.2,-0.930,1.981
68.3,49.7,1.443,1.980
68.3,50.3,0.673,1.979
68.3,50.8,-0.096,1.977
68.3,51.3,-0.866,1.975
68.3,51.8,1.443,1.973
68.3,52.3,0.673,1.971
68.3,52.8,-0.096,1.969
68.3,53.3,-0.866,1.967
68.3,53.8,1.507,1.965
68.3,54.3,0.673,1.963
68.3,54.8,-0.096,1.961
68.3,55.3,-0.866,1.959
68.3,55.8,1.507,1.956
68.3,56.3,0.737,1.953
68.3,56.8,-0.096,1.951
68.3,57.3,-0.866,1.949
68.3,57.8,1.507,1.947
68.3,58.3,0.737,1.943
68.3,58.8,-0.096,1.941
68.3,59.3,-0.866,1.938
68.3,59.8,1.507,1.936
68.3,60.3,0.737,1.932
68.3,60.8,-0.096,1.929
68.3,61.3,-0.866,1.927
68.3,61.8,1.507,1.924
68.3,62.3,0.737,1.920
68.3,62.8,-0.096,1.917
68.3,63.3,-0.866,1.914
68.3,63.8,1.507,1.911
68.3,64.3,0.737,1.907
68.3,64.8,-0.096,1.903
68.3,65.3,-0.866,1.900
68.3,65.8,1.507,1.897
68.3,66.3,0.737,1.893
68.3,66.8,-0.096,1.889
68.3,67.3,-0.866,1.886
68.3,67.8,1.507,1.882
68.3,68.3,0.673,1.877
68.3,68.8,-0.096,1.874
68.3,69.3,-0.866,1.870
68.3,69.8,1.507,1.865
68.3,70.4,0.673,1.861
68.3,70.9,-0.096,1.858
68.3,71.4,-0.866,1.853
68.3,71.9,1.443,1.848
68.3,72.4,0.673,1.845
68.3,72.9,-0.096,1.840
68.3,73.4,-0.866,1.835
68.3,73.9,1.443,1.831
68.3,74.4,0.673,1.827
68.3,74.9,-0.096,1.821
68.3,75.4,-0.930,1.817
68.3,75.9,1.443,1.812
68.3,76.4,0.673,1.807
68.3,76.9,-0.160,1.802
68.3,77.4,-0.930,1.798
68.3,77.9,1.443,1.792
68.3,78.4,0.609,1.787
68.3,78.9,-0.160,1.782
68.3,79.4,-0.930,1.777
68.3,79.9,1.378,1.772
68.3,80.4,0.609,1.767
68.3,80.9,-0.160,1.760
68.3,81.4,-0.994,1.756
68.3,81.9,1.378,1.750
68.3,82.4,0.545,1.744
68.3,82.9,-0.224,1.739
68.3,83.4,-0.994,1.733
68.3,83.9,1.314,1.727
68.3,84.4,0.545,1.722
68.3,84.9,-0.224,1.716
68.3,85.4,-1.058,1.710
68.3,85.9,1.314,1.704
68.3,86.4,0.481,1.697
68.3,86.9,-0.289,1.692
68.3,87.4,-1.058,1.686
68.3,87.9,1.250,1.679
68.3,88.4,0.481,1.674
68.3,88.9,-0.289,1.667
68.3,89.4,-1.122,1.661
68.3,89.9,1.250,1.654
68.3,90.5,0.417,1.648
68.3,91.0,-0.353,1.641
68.3,91.5,-1.122,1.634
68.3,92.0,1.186,1.628
68.3,92.5,0.417,1.621
68.3,93.0,-0.417,1.615
68.3,93.5,-1.186,1.608
68.3,94.0,1.122,1.601
68.3,94.5,0.353,1.594
68.3,95.0,-0.417,1.587
68.3,95.5,-1.250,1.580
68.3,96.0,1.122,1.573
68.3,96.5,0.289,1.566
68.3,97.0,-0.481,1.559
68.3,97.5,-1.314,1.551
68.3,98.0,1.058,1.545
68.3,98.5,0.289,1.537
68.3,99.0,-0.545,1.530
68.3,99.5,-1.314,1.522
68.3,100.0,0.994,1.515
68.8,0.0,0.481,1.820
68.8,0.5,-0.289,1.824
68.8,1.0,-0.994,1.828
68.8,1.5,1.378,1.833
68.8,2.0,0.609,1.838
68.8,2.5,-0.160,1.842
68.8,3.0,-0.930,1.847
68.8,3.5,1.443,1.851
68.8,4.0,0.673,1.855
68.8,4.5,-0.096,1.860
68.8,5.0,-0.866,1.864
68.8,5.5,1.507,1.868
68.8,6.0,0.737,1.872
68.8,6.5,-0.032,1.875
68.8,7.0,-0.801,1.879
68.8,7.5,-1.571,1.883
68.8,8.0,0.801,1.887
68.8,8.5,0.032,1.890
68.8,9.0,-0.737,1.894
68.8,9.5,-1.507,1.897
68.8,10.1,0.866,1.901
68.8,10.6,0.096,1.904
68.8,11.1,-0.673,1.907
68.8,11.6,-1.378,1.911
68.8,12.1,0.994,1.914
68.8,12.6,0.224,1.917
68.8,13.1,-0.545,1.920
68.8,13.6,-1.314,1.923
68.8,14.1,1.058,1.926
68.8,14.6,0.289,1.929
68.8,15.1,-0.481,1.932
68.8,15.6,-1.250,1.935
68.8,16.1,1.122,1.938
68.8,16.6,0.353,1.941
68.8,17.1,-0.417,1.943
68.8,17.6,-1.186,1.946
68.8,18.1,1.186,1.948
68.8,18.6,0.417,1.951
68.8,19.1,-0.353,1.953
68.8,19.6,-1.186,1.956
68.8,20.1,1.186,1.958
68.8,20.6,0.417,1.960
68.8,21.1,-0.353,1.963
68.8,21.6,-1.122,1.965
68.8,22.1,1.250,1.967
68.8,22.6,0.481,1.969
68.8,23.1,-0.289,1.971
68.8,23.6,-1.058,1.973
68.8,24.1,1.314,1.975
68.8,24.6,0.545,1.977
68.8,25.1,-0.224,1.978
68.8,25.6,-0.994,1.980
68.8,26.1,1.378,1.982
68.8,26.6,0.609,1.983
68.8,27.1,-0.160,1.984
68.8,27.6,-0.930,1.986
68.8,28.1,1.443,1.987
68.8,28.6,0.673,1.988
68.8,29.1,-0.096,1.989
68.8,29.6,-0.866,1.990
68.8,30.2,1.443,1.991
68.8,30.7,0.673,1.992
68.8,31.2,-0.096,1.993
68.8,31.7,-0.866,1.994
68.8,32.2,1.507,1.995
68.8,32.7,0.737,1.996
68.8,33.2,-0.032,1.997
68.8,33.7,-0.801,1.997
68.8,34.2,1.571,1.998
68.8,34.7,0.801,1.998
68.8,35.2,0.032,1.998
68.8,35.7,-0.801,1.998
68.8,36.2,-1.571,1.999
68.8,36.7,0.801,1.999
68.8,37.2,0.032,2.000
68.8,37.7,-0.737,2.000
68.8,38.2,-1.507,2.000
68.8,38.7,0.866,2.000
68.8,39.2,0.096,1.999
68.8,39.7,-0.673,1.999
68.8,40.2,-1.507,1.999
68.8,40.7,0.866,1.999
68.8,41.2,0.096,1.999
68.8,41.7,-0.673,1.998
68.8,42.2,-1.443,1.998
68.8,42.7,0.930,1.997
68.8,43.2,0.160,1.996
68.8,43.7,-0.673,1.996
68.8,44.2,-1.443,1.995
68.8,44.7,0.930,1.995
68.8,45.2,0.160,1.994
68.8,45.7,-0.609,1.993
68.8,46.2,-1.378,1.991
68.8,46.7,0.930,1.990
68.8,47.2,0.160,1.989
68.8,47.7,-0.609,1.989
68.8,48.2,-1.378,1.987
68.8,48.7,0.994,1.986
68.8,49.2,0.224,1.984
68.8,49.7,-0.609,1.983
68.8,50.3,-1.378,1.982
68.8,50.8,0.994,1.980
68.8,51.3,0.224,1.979
68.8,51.8,-0.545,1.977
68.8,52.3,-1.378,1.974
68.8,52.8,0.994,1.973
68.8,53.3,0.224,1.971
68.8,53.8,-0.545,1.970
68.8,54.3,-1.314,1.967
68.8,54.8,0.994,1.965
68.8,55.3,0.224,1.963
68.8,55.8,-0.545,1.961
68.8,56.3,-1.314,1.959
68.8,56.8,1.058,1.956
68.8,57.3,0.224,1.954
68.8,57.8,-0.545,1.952
68.8,58.3,-1.314,1.949
68.8,58.8,1.058,1.946
68.8,59.3,0.289,1.943
68.8,59.8,-0.545,1.941
68.8,60.3,-1.314,1.939
68.8,60.8,1.058,1.936
68.8,61.3,0.289,1.932
68.8,61.8,-0.545,1.930
68.8,62.3,-1.314,1.927
68.8,62.8,1.058,1.924
68.8,63.3,0.289,1.920
68.8,63.8,-0.545,1.917
68.8,64.3,-1.314,1.914
68.8,64.8,1.058,1.911
68.8,65.3,0.289,1.907
68.8,65.8,-0.545,1.904
68.8,66.3,-1.314,1.901
68.8,66.8,1.058,1.897
68.8,67.3,0.224,1.892
68.8,67.8,-0.545,1.889
68.8,68.3,-1.314,1.886
68.8,68.8,1.058,1.882
68.8,69.3,0.224,1.878
68.8,69.8,-0.545,1.874
68.8,70.4,-1.314,1.870
68.8,70.9,0.994,1.865
68.8,71.4,0.224,1.862
68.8,71.9,-0.545,1.858
68.8,72.4,-1.314,1.853
68.8,72.9,0.994,1.849
68.8,73.4,0.224,1.845
68.8,73.9,-0.545,1.840
68.8,74.4,-1.378,1.835
68.8,74.9,0.994,1.831
68.8,75.4,0.224,1.827
68.8,75.9,-0.609,1.821
68.8,76.4,-1.378,1.817
68.8,76.9,0.994,1.812
68.8,77.4,0.160,1.807
68.8,77.9,-0.609,1.803
68.8,78.4,-1.378,1.798
68.8,78.9,0.930,1.792
68.8,79.4,0.160,1.788
68.8,79.9,-0.609,1.782
68.8,80.4,-1.443,1.777
68.8,80.9,0.930,1.772
68.8,81.4,0.160,1.766
68.8,81.9,-0.673,1.761
68.8,82.4,-1.443,1.756
68.8,82.9,0.930,1.750
68.8,83.4,0.096,1.744
68.8,83.9,-0.673,1.739
68.8,84.4,-1.443,1.733
68.8,84.9,0.866,1.728
68.8,85.4,0.096,1.722
68.8,85.9,-0.737,1.715
68.8,86.4,-1.507,1.710
68.8,86.9,0.866,1.704
68.8,87.4,0.032,1.698
68.8,87.9,-0.737,1.692
68.8,88.4,-1.507,1.685
68.8,88.9,0.801,1.680
68.8,89.4,0.032,1.674
68.8,89.9,-0.801,1.667
68.8,90.5,-1.571,1.661
68.8,91.0,0.801,1.654
68.8,91.5,-0.032,1.648
68.8,92.0,-0.801,1.641
68.8,92.5,1.507,1.635
68.8,93.0,0.737,1.628
68.8,93.5,-0.032,1.621
68.8,94.0,-0.866,1.615
68.8,94.5,1.507,1.608
68.8,95.0,0.673,1.601
68.8,95.5,-0.096,1.594
68.8,96.0,-0.930,1.587
68.8,96.5,1.443,1.580
68.8,97.0,0.673,1.573
68.8,97.5,-0.160,1.566
68.8,98.0,-0.930,1.559
68.8,98.5,1.378,1.552
68.8,99.0,0.609,1.545
68.8,99.5,-0.224,1.537
68.8,100.0,-0.994,1.530
69.3,0.0,-1.571,1.811
69.3,0.5,0.801,1.815
69.3,1.0,0.032,1.820
69.3,1.5,-0.737,1.824
69.3,2.0,-1.507,1.829
69.3,2.5,0.866,1.833
69.3,3.0,0.160,1.837
69.3,3.5,-0.609,1.842
69.3,4.0,-1.378,1.846
69.3,4.5,0.994,1.851
69.3,5.0,0.224,1.855
69.3,5.5,-0.545,1.859
69.3,6.0,-1.314,1.863
69.3,6.5,1.058,1.867
69.3,7.0,0.289,1.871
69.3,7.5,-0.481,1.875
69.3,8.0,-1.250,1.879
69.3,8.5,1.122,1.883
69.3,9.0,0.353,1.887
69.3,9.5,-0.417,1.890
69.3,10.1,-1.186,1.894
69.3,10.6,1.186,1.897
69.3,11.1,0.417,1.901
69.3,11.6,-0.353,1.904
69.3,12.1,-1.122,1.908
69.3,12.6,1.250,1.911
69.3,13.1,0.481,1.914
69.3,13.6,-0.289,1.917
69.3,14.1,-1.058,1.920
69.3,14.6,1.314,1.923
69.3,15.1,0.545,1.926
69.3,15.6,-0.224,1.929
69.3,16.1,-0.994,1.932
69.3,16.6,1.378,1.935
69.3,17.1,0.609,1.938
69.3,17.6,-0.160,1.941
69.3,18.1,-0.930,1.943
69.3,18.6,1.443,1.946
69.3,19.1,0.673,1.948
69.3,19.6,-0.096,1.951
69.3,20.1,-0.866,1.954
69.3,20.6,1.507,1.956
69.3,21.1,0.737,1.958
69.3,21.6,-0.032,1.961
69.3,22.1,-0.801,1.963
69.3,22.6,-1.571,1.965
69.3,23.1,0.801,1.967
69.3,23.6,0.032,1.969
69.3,24.1,-0.737,1.971
69.3,24.6,-1.507,1.973
69.3,25.1,0.866,1.975
69.3,25.6,0.096,1.977
69.3,26.1,-0.673,1.978
69.3,26.6,-1.443,1.980
69.3,27.1,0.930,1.981
69.3,27.6,0.160,1.983
69.3,28.1,-0.609,1.984
69.3,28.6,-1.378,1.985
69.3,29.1,0.994,1.986
69.3,29.6,0.224,1.987
69.3,30.2,-0.609,1.989
69.3,30.7,-1.378,1.990
69.3,31.2,0.994,1.991
69.3,31.7,0.224,1.993
69.3,32.2,-0.545,1.994
69.3,32.7,-1.314,1.994
69.3,33.2,1.058,1.995
69.3,33.7,0.289,1.996
69.3,34.2,-0.481,1.997
69.3,34.7,-1.250,1.997
69.3,35.2,1.122,1.997
69.3,35.7,0.289,1.997
69.3,36.2,-0.481,1.998
69.3,36.7,-1.250,1.999
69.3,37.2,1.122,1.999
69.3,37.7,0.353,2.000
69.3,38.2,-0.417,2.000
69.3,38.7,-1.186,2.000
69.3,39.2,1.186,2.000
69.3,39.7,0.417,1.999
69.3,40.2,-0.417,1.999
69.3,40.7,-1.186,1.999
69.3,41.2,1.186,1.999
69.3,41.7,0.417,1.999
69.3,42.2,-0.353,1.999
69.3,42.7,-1.122,1.998
69.3,43.2,1.250,1.998
69.3,43.7,0.481,1.997
69.3,44.2,-0.353,1.996
69.3,44.7,-1.122,1.996
69.3,45.2,1.250,1.995
69.3,45.7,0.481,1.995
69.3,46.2,-0.289,1.994
69.3,46.7,-1.058,1.992
69.3,47.2,1.250,1.991
69.3,47.7,0.481,1.991
69.3,48.2,-0.289,1.990
69.3,48.7,-1.058,1.989
69.3,49.2,1.314,1.987
69.3,49.7,0.545,1.986
69.3,50.3,-0.289,1.984
69.3,50.8,-1.058,1.983
69.3,51.3,1.314,1.982
69.3,51.8,0.545,1.980
69.3,52.3,-0.224,1.978
69.3,52.8,-0.994,1.976
69.3,53.3,1.314,1.975
69.3,53.8,0.545,1.973
69.3,54.3,-0.224,1.972
69.3,54.8,-0.994,1.969
69.3,55.3,1.378,1.967
69.3,55.8,0.545,1.965
69.3,56.3,-0.224,1.963
69.3,56.8,-0.994,1.961
69.3,57.3,1.378,1.959
69.3,57.8,0.545,1.956
69.3,58.3,-0.224,1.954
69.3,58.8,-0.994,1.952
69.3,59.3,1.378,1.949
69.3,59.8,0.609,1.946
69.3,60.3,-0.224,1.944
69.3,60.8,-0.994,1.941
69.3,61.3,1.378,1.939
69.3,61.8,0.609,1.935
69.3,62.3,-0.224,1.932
69.3,62.8,-0.994,1.930
69.3,63.3,1.378,1.927
69.3,63.8,0.609,1.923
69.3,64.3,-0.224,1.920
69.3,64.8,-0.994,1.917
69.3,65.3,1.378,1.914
69.3,65.8,0.609,1.911
69.3,66.3,-0.224,1.907
69.3,66.8,-0.994,1.904
69.3,67.3,1.378,1.901
69.3,67.8,0.609,1.896
69.3,68.3,-0.224,1.893
69.3,68.8,-0.994,1.890
69.3,69.3,1.378,1.886
69.3,69.8,0.545,1.881
69.3,70.4,-0.224,1.878
69.3,70.9,-0.994,1.874
69.3,71.4,1.378,1.870
69.3,71.9,0.545,1.866
69.3,72.4,-0.224,1.862
69.3,72.9,-0.994,1.858
69.3,73.4,1.314,1.853
69.3,73.9,0.545,1.849
69.3,74.4,-0.224,1.845
69.3,74.9,-0.994,1.840
69.3,75.4,1.314,1.836
69.3,75.9,0.545,1.831
69.3,76.4,-0.224,1.826
69.3,76.9,-1.058,1.822
69.3,77.4,1.314,1.817
69.3,77.9,0.545,1.812
69.3,78.4,-0.289,1.808
69.3,78.9,-1.058,1.803
69.3,79.4,1.314,1.797
69.3,79.9,0.481,1.793
69.3,80.4,-0.289,1.788
69.3,80.9,-1.058,1.782
69.3,81.4,1.250,1.777
69.3,81.9,0.481,1.772
69.3,82.4,-0.289,1.766
69.3,82.9,-1.122,1.761
69.3,83.4,1.250,1.756
69.3,83.9,0.481,1.750
69.3,84.4,-0.353,1.745
69.3,84.9,-1.122,1.739
69.3,85.4,1.186,1.733
69.3,85.9,0.417,1.728
69.3,86.4,-0.353,1.722
69.3,86.9,-1.186,1.716
69.3,87.4,1.186,1.710
69.3,87.9,0.417,1.704
69.3,88.4,-0.417,1.698
69.3,88.9,-1.186,1.692
69.3,89.4,1.122,1.686
69.3,89.9,0.353,1.680
69.3,90.5,-0.417,1.673
69.3,91.0,-1.250,1.667
69.3,91.5,1.122,1.661
69.3,92.0,0.289,1.654
69.3,92.5,-0.481,1.648
69.3,93.0,-1.250,1.641
69.3,93.5,1.058,1.635
69.3,94.0,0.289,1.628
69.3,94.5,-0.545,1.621
69.3,95.0,-1.314,1.615
69.3,95.5,1.058,1.608
69.3,96.0,0.224,1.601
69.3,96.5,-0.545,1.594
69.3,97.0,-1.378,1.587
69.3,97.5,0.994,1.581
69.3,98.0,0.160,1.573
69.3,98.5,-0.609,1.566
69.3,99.0,-1.378,1.559
69.3,99.5,0.930,1.552
69.3,100.0,0.160,1.544
69.8,0.0,-0.481,1.800
69.8,0.5,-1.250,1.805
69.8,1.0,1.122,1.810
69.8,1.5,0.353,1.815
69.8,2.0,-0.417,1.820
69.8,2.5,-1.186,1.824
69.8,3.0,1.186,1.829
69.8,3.5,0.417,1.833
69.8,4.0,-0.353,1.837
69.8,4.5,-1.122,1.841
69.8,5.0,1.250,1.846
69.8,5.5,0.545,1.850
69.8,6.0,-0.224,1.854
69.8,6.5,-0.994,1.859
69.8,7.0,1.378,1.863
69.8,7.5,0.609,1.867
69.8,8.0,-0.160,1.871
69.8,8.5,-0.930,1.875
69.8,9.0,1.443,1.879
69.8,9.5,0.673,1.883
69.8,10.1,-0.096,1.887
69.8,10.6,-0.866,1.890
69.8,11.1,1.507,1.894
69.8,11.6,0.737,1.897
69.8,12.1,-0.032,1.901
69.8,12.6,-0.801,1.904
69.8,13.1,-1.571,1.908
69.8,13.6,0.801,1.911
69.8,14.1,0.032,1.914
69.8,14.6,-0.737,1.917
69.8,15.1,-1.507,1.921
69.8,15.6,0.866,1.924
69.8,16.1,0.096,1.927
69.8,16.6,-0.673,1.930
69.8,17.1,-1.443,1.932
69.8,17.6,0.930,1.935
69.8,18.1,0.160,1.938
69.8,18.6,-0.609,1.941
69.8,19.1,-1.378,1.944
69.8,19.6,0.994,1.946
69.8,20.1,0.224,1.949
69.8,20.6,-0.545,1.951
69.8,21.1,-1.314,1.954
69.8,21.6,1.058,1.956
69.8,22.1,0.289,1.958
69.8,22.6,-0.481,1.961
69.8,23.1,-1.250,1.963
69.8,23.6,1.122,1.965
69.8,24.1,0.353,1.967
69.8,24.6,-0.417,1.969
69.8,25.1,-1.186,1.971
69.8,25.6,1.186,1.973
69.8,26.1,0.417,1.975
69.8,26.6,-0.353,1.976
69.8,27.1,-1.122,1.978
69.8,27.6,1.250,1.980
69.8,28.1,0.481,1.981
69.8,28.6,-0.289,1.982
69.8,29.1,-1.058,1.984
69.8,29.6,1.250,1.985
69.8,30.2,0.481,1.986
69.8,30.7,-0.289,1.988
69.8,31.2,-1.058,1.989
69.8,31.7,1.314,1.990
69.8,32.2,0.545,1.992
69.8,32.7,-0.224,1.993
69.8,33.2,-0.994,1.994
69.8,33.7,1.378,1.994
69.8,34.2,0.609,1.995
69.8,34.7,-0.160,1.996
69.8,35.2,-0.930,1.996
69.8,35.7,1.443,1.996
69.8,36.2,0.609,1.997
69.8,36.7,-0.160,1.998
69.8,37.2,-0.930,1.999
69.8,37.7,1.443,1.999
69.8,38.2,0.673,1.999
69.8,38.7,-0.096,2.000
69.8,39.2,-0.866,2.000
69.8,39.7,1.507,2.000
69.8,40.2,0.737,1.999
69.8,40.7,-0.096,1.999
69.8,41.2,-0.866,1.999
69.8,41.7,1.507,2.000
69.8,42.2,0.737,2.000
69.8,42.7,-0.032,1.999
69.8,43.2,-0.801,1.999
69.8,43.7,1.571,1.998
69.8,44.2,0.801,1.997
69.8,44.7,-0.032,1.997
69.8,45.2,-0.801,1.997
69.8,45.7,-1.571,1.996
69.8,46.2,0.801,1.996
69.8,46.7,0.032,1.995
69.8,47.2,-0.737,1.993
69.8,47.7,-1.571,1.992
69.8,48.2,0.801,1.992
69.8,48.7,0.032,1.991
69.8,49.2,-0.737,1.990
69.8,49.7,-1.507,1.989
69.8,50.3,0.866,1.987
69.8,50.8,0.032,1.985
69.8,51.3,-0.737,1.984
69.8,51.8,-1.507,1.983
69.8,52.3,0.866,1.982
69.8,52.8,0.096,1.980
69.8,53.3,-0.673,1.978
69.8,53.8,-1.507,1.976
69.8,54.3,0.866,1.975
69.8,54.8,0.096,1.973
69.8,55.3,-0.673,1.971
69.8,55.8,-1.443,1.969
69.8,56.3,0.866,1.967
69.8,56.8,0.096,1.965
69.8,57.3,-0.673,1.963
69.8,57.8,-1.443,1.961
69.8,58.3,0.930,1.958
69.8,58.8,0.096,1.956
69.8,59.3,-0.673,1.954
69.8,59.8,-1.443,1.952
69.8,60.3,0.930,1.949
69.8,60.8,0.096,1.946
69.8,61.3,-0.673,1.944
69.8,61.8,-1.443,1.942
69.8,62.3,0.930,1.938
69.8,62.8,0.160,1.935
69.8,63.3,-0.673,1.933
69.8,63.8,-1.443,1.930
69.8,64.3,0.930,1.927
69.8,64.8,0.160,1.923
69.8,65.3,-0.673,1.921
69.8,65.8,-1.443,1.918
69.8,66.3,0.930,1.914
69.8,66.8,0.160,1.910
69.8,67.3,-0.673,1.907
69.8,67.8,-1.443,1.904
69.8,68.3,0.930,1.900
69.8,68.8,0.096,1.896
69.8,69.3,-0.673,1.893
69.8,69.8,-1.443,1.890
69.8,70.4,0.930,1.886
69.8,70.9,0.096,1.882
69.8,71.4,-0.673,1.878
69.8,71.9,-1.443,1.874
69.8,72.4,0.866,1.870
69.8,72.9,0.096,1.866
69.8,73.4,-0.673,1.862
69.8,73.9,-1.443,1.857
69.8,74.4,0.866,1.853
69.8,74.9,0.096,1.849
69.8,75.4,-0.673,1.845
69.8,75.9,-1.507,1.840
69.8,76.4,0.866,1.836
69.8,76.9,0.096,1.831
69.8,77.4,-0.737,1.826
69.8,77.9,-1.507,1.822
69.8,78.4,0.866,1.817
69.8,78.9,0.032,1.812
69.8,79.4,-0.737,1.808
69.8,79.9,-1.507,1.803
69.8,80.4,0.801,1.797
69.8,80.9,0.032,1.793
69.8,81.4,-0.737,1.788
69.8,81.9,-1.571,1.782
69.8,82.4,0.801,1.778
69.8,82.9,0.032,1.772
69.8,83.4,-0.801,1.766
69.8,83.9,-1.571,1.762
69.8,84.4,0.801,1.756
69.8,84.9,-0.032,1.750
69.8,85.4,-0.801,1.745
69.8,85.9,1.571,1.739
69.8,86.4,0.737,1.733
69.8,86.9,-0.032,1.728
69.8,87.4,-0.801,1.722
69.8,87.9,1.507,1.716
69.8,88.4,0.737,1.710
69.8,88.9,-0.096,1.704
69.8,89.4,-0.866,1.699
69.8,89.9,1.507,1.692
69.8,90.5,0.673,1.686
69.8,91.0,-0.096,1.680
69.8,91.5,-0.866,1.673
69.8,92.0,1.443,1.668
69.8,92.5,0.673,1.661
69.8,93.0,-0.160,1.654
69.8,93.5,-0.930,1.648
69.8,94.0,1.443,1.641
69.8,94.5,0.609,1.635
69.8,95.0,-0.160,1.628
69.8,95.5,-0.994,1.622
69.8,96.0,1.378,1.615
69.8,96.5,0.545,1.608
69.8,97.0,-0.224,1.602
69.8,97.5,-0.994,1.594
69.8,98.0,1.314,1.588
69.8,98.5,0.545,1.581
69.8,99.0,-0.289,1.573
69.8,99.5,-1.058,1.566
69.8,100.0,1.250,1.559
70.4,0.0,0.545,1.790
70.4,0.5,-0.224,1.795
70.4,1.0,-0.930,1.800
70.4,1.5,1.443,1.805
70.4,2.0,0.673,1.810
70.4,2.5,-0.096,1.815
70.4,3.0,-0.866,1.819
70.4,3.5,1.507,1.824
70.4,4.0,0.737,1.829
70.4,4.5,-0.032,1.833
70.4,5.0,-0.801,1.837
70.4,5.5,-1.571,1.842
70.4,6.0,0.801,1.846
70.4,6.5,0.032,1.850
70.4,7.0,-0.737,1.854
70.4,7.5,-1.443,1.858
70.4,8.0,0.930,1.862
70.4,8.5,0.160,1.866
70.4,9.0,-0.609,1.871
70.4,9.5,-1.378,1.875
70.4,10.1,0.994,1.879
70.4,10.6,0.224,1.882
70.4,11.1,-0.545,1.886
70.4,11.6,-1.314,1.890
70.4,12.1,1.058,1.894
70.4,12.6,0.289,1.897
70.4,13.1,-0.481,1.901
70.4,13.6,-1.250,1.904
70.4,14.1,1.122,1.908
70.4,14.6,0.353,1.911
70.4,15.1,-0.417,1.914
70.4,15.6,-1.186,1.917
70.4,16.1,1.186,1.921
70.4,16.6,0.417,1.924
70.4,17.1,-0.353,1.927
70.4,17.6,-1.122,1.930
70.4,18.1,1.250,1.933
70.4,18.6,0.481,1.935
70.4,19.1,-0.289,1.938
70.4,19.6,-1.058,1.941
70.4,20.1,1.314,1.944
70.4,20.6,0.545,1.946
70.4,21.1,-0.224,1.949
70.4,21.6,-0.994,1.951
70.4,22.1,1.378,1.954
70.4,22.6,0.609,1.956
70.4,23.1,-0.160,1.958
70.4,23.6,-0.930,1.961
70.4,24.1,1.443,1.963
70.4,24.6,0.673,1.965
70.4,25.1,-0.096,1.967
70.4,25.6,-0.866,1.969
70.4,26.1,1.507,1.971
70.4,26.6,0.737,1.973
70.4,27.1,-0.032,1.974
70.4,27.6,-0.801,1.976
70.4,28.1,1.571,1.978
70.4,28.6,0.801,1.979
70.4,29.1,0.032,1.980
70.4,29.6,-0.801,1.982
70.4,30.2,-1.571,1.984
70.4,30.7,0.801,1.985
70.4,31.2,0.032,1.987
70.4,31.7,-0.737,1.988
70.4,32.2,-1.507,1.989
70.4,32.7,0.866,1.991
70.4,33.2,0.096,1.992
70.4,33.7,-0.673,1.993
70.4,34.2,-1.443,1.993
70.4,34.7,0.930,1.994
70.4,35.2,0.160,1.995
70.4,35.7,-0.609,1.995
70.4,36.2,-1.443,1.996
70.4,36.7,0.930,1.997
70.4,37.2,0.160,1.997
70.4,37.7,-0.609,1.998
70.4,38.2,-1.378,1.999
70.4,38.7,0.994,1.999
70.4,39.2,0.224,1.999
70.4,39.7,-0.545,1.999
70.4,40.2,-1.314,1.999
70.4,40.7,1.058,1.999
70.4,41.2,0.224,1.999
70.4,41.7,-0.545,2.000
70.4,42.2,-1.314,2.000
70.4,42.7,1.058,2.000
70.4,43.2,0.289,2.000
70.4,43.7,-0.481,1.999
70.4,44.2,-1.250,1.998
70.4,44.7,1.122,1.998
70.4,45.2,0.289,1.997
70.4,45.7,-0.481,1.997
70.4,46.2,-1.250,1.997
70.4,46.7,1.122,1.996
70.4,47.2,0.353,1.995
70.4,47.7,-0.417,1.994
70.4,48.2,-1.250,1.993
70.4,48.7,1.122,1.993
70.4,49.2,0.353,1.992
70.4,49.7,-0.417,1.991
70.4,50.3,-1.186,1.990
70.4,50.8,1.186,1.988
70.4,51.3,0.417,1.987
70.4,51.8,-0.417,1.986
70.4,52.3,-1.186,1.985
70.4,52.8,1.186,1.983
70.4,53.3,0.417,1.982
70.4,53.8,-0.353,1.980
70.4,54.3,-1.186,1.978
70.4,54.8,1.186,1.977
70.4,55.3,0.417,1.975
70.4,55.8,-0.353,1.973
70.4,56.3,-1.122,1.971
70.4,56.8,1.186,1.969
70.4,57.3,0.417,1.968
70.4,57.8,-0.353,1.966
70.4,58.3,-1.122,1.963
70.4,58.8,1.250,1.961
70.4,59.3,0.417,1.958
70.4,59.8,-0.353,1.957
70.4,60.3,-1.122,1.954
70.4,60.8,1.250,1.952
70.4,61.3,0.481,1.949
70.4,61.8,-0.353,1.947
70.4,62.3,-1.122,1.944
70.4,62.8,1.250,1.941
70.4,63.3,0.481,1.938
70.4,63.8,-0.353,1.936
70.4,64.3,-1.122,1.933
70.4,64.8,1.250,1.930
70.4,65.3,0.481,1.927
70.4,65.8,-0.353,1.924
70.4,66.3,-1.122,1.921
70.4,66.8,1.250,1.918
70.4,67.3,0.481,1.914
70.4,67.8,-0.353,1.911
70.4,68.3,-1.122,1.908
70.4,68.8,1.250,1.904
70.4,69.3,0.481,1.900
70.4,69.8,-0.353,1.897
70.4,70.4,-1.122,1.894
70.4,70.9,1.250,1.890
70.4,71.4,0.417,1.885
70.4,71.9,-0.353,1.882
70.4,72.4,-1.122,1.878
70.4,72.9,1.250,1.874
70.4,73.4,0.417,1.870
70.4,73.9,-0.353,1.866
70.4,74.4,-1.122,1.862
70.4,74.9,1.186,1.857
70.4,75.4,0.417,1.854
70.4,75.9,-0.353,1.850
70.4,76.4,-1.122,1.844
70.4,76.9,1.186,1.841
70.4,77.4,0.417,1.836
70.4,77.9,-0.353,1.831
70.4,78.4,-1.186,1.827
70.4,78.9,1.186,1.822
70.4,79.4,0.417,1.817
70.4,79.9,-0.417,1.813
70.4,80.4,-1.186,1.808
70.4,80.9,1.186,1.803
70.4,81.4,0.353,1.798
70.4,81.9,-0.417,1.793
70.4,82.4,-1.186,1.788
70.4,82.9,1.122,1.783
70.4,83.4,0.353,1.778
70.4,83.9,-0.417,1.772
70.4,84.4,-1.250,1.767
70.4,84.9,1.122,1.762
70.4,85.4,0.353,1.756
70.4,85.9,-0.481,1.751
70.4,86.4,-1.250,1.745
70.4,86.9,1.122,1.739
70.4,87.4,0.289,1.734
70.4,87.9,-0.481,1.728
70.4,88.4,-1.314,1.722
70.4,88.9,1.058,1.717
70.4,89.4,0.289,1.710
70.4,89.9,-0.545,1.704
70.4,90.5,-1.314,1.699
70.4,91.0,1.058,1.692
70.4,91.5,0.224,1.686
70.4,92.0,-0.545,1.680
70.4,92.5,-1.378,1.674
70.4,93.0,0.994,1.668
70.4,93.5,0.224,1.661
70.4,94.0,-0.609,1.655
70.4,94.5,-1.378,1.648
70.4,95.0,0.930,1.642
70.4,95.5,0.160,1.635
70.4,96.0,-0.609,1.628
70.4,96.5,-1.443,1.622
70.4,97.0,0.930,1.615
70.4,97.5,0.096,1.608
70.4,98.0,-0.673,1.602
70.4,98.5,-1.507,1.594
70.4,99.0,0.866,1.588
70.4,99.5,0.096,1.580
70.4,100.0,-0.737,1.574
70.9,0.0,-1.507,1.780
70.9,0.5,0.866,1.785
70.9,1.0,0.096,1.790
70.9,1.5,-0.673,1.795
70.9,2.0,-1.443,1.800
70.9,2.5,0.930,1.804
70.9,3.0,0.224,1.809
70.9,3.5,-0.545,1.814
70.9,4.0,-1.314,1.819
70.9,4.5,1.058,1.824
70.9,5.0,0.289,1.828
70.9,5.5,-0.481,1.833
70.9,6.0,-1.250,1.837
70.9,6.5,1.122,1.842
70.9,7.0,0.353,1.846
70.9,7.5,-0.417,1.850
70.9,8.0,-1.186,1.854
70.9,8.5,1.186,1.858
70.9,9.0,0.417,1.862
70.9,9.5,-0.353,1.866
70.9,10.1,-1.058,1.870
70.9,10.6,1.314,1.874
70.9,11.1,0.545,1.878
70.9,11.6,-0.224,1.882
70.9,12.1,-0.994,1.886
70.9,12.6,1.378,1.890
70.9,13.1,0.609,1.893
70.9,13.6,-0.160,1.897
70.9,14.1,-0.930,1.900
70.9,14.6,1.443,1.904
70.9,15.1,0.673,1.907
70.9,15.6,-0.096,1.911
70.9,16.1,-0.866,1.914
70.9,16.6,1.507,1.917
70.9,17.1,0.737,1.920
70.9,17.6,-0.032,1.924
70.9,18.1,-0.801,1.927
70.9,18.6,1.571,1.930
70.9,19.1,0.801,1.932
70.9,19.6,0.032,1.935
70.9,20.1,-0.737,1.938
70.9,20.6,-1.507,1.941
70.9,21.1,0.866,1.944
70.9,21.6,0.096,1.946
70.9,22.1,-0.673,1.949
70.9,22.6,-1.443,1.951
70.9,23.1,0.930,1.954
70.9,23.6,0.160,1.956
70.9,24.1,-0.609,1.958
70.9,24.6,-1.378,1.960
70.9,25.1,0.994,1.963
70.9,25.6,0.224,1.965
70.9,26.1,-0.545,1.967
70.9,26.6,-1.314,1.969
70.9,27.1,1.058,1.970
70.9,27.6,0.289,1.972
70.9,28.1,-0.481,1.974
70.9,28.6,-1.250,1.975
70.9,29.1,1.058,1.977
70.9,29.6,0.289,1.979
70.9,30.2,-0.481,1.981
70.9,30.7,-1.250,1.982
70.9,31.2,1.122,1.984
70.9,31.7,0.353,1.985
70.9,32.2,-0.417,1.987
70.9,32.7,-1.186,1.988
70.9,33.2,1.186,1.989
70.9,33.7,0.417,1.990
70.9,34.2,-0.353,1.991
70.9,34.7,-1.122,1.992
70.9,35.2,1.250,1.993
70.9,35.7,0.481,1.994
70.9,36.2,-0.289,1.994
70.9,36.7,-1.122,1.995
70.9,37.2,1.250,1.996
70.9,37.7,0.481,1.997
70.9,38.2,-0.289,1.998
70.9,38.7,-1.058,1.998
70.9,39.2,1.314,1.999
70.9,39.7,0.545,1.999
70.9,40.2,-0.224,1.999
70.9,40.7,-0.994,1.999
70.9,41.2,1.314,1.999
70.9,41.7,0.545,1.999
70.9,42.2,-0.224,2.000
70.9,42.7,-0.994,2.000
70.9,43.2,1.378,2.000
70.9,43.7,0.609,2.000
70.9,44.2,-0.160,1.999
70.9,44.7,-0.930,1.999
70.9,45.2,1.443,1.998
70.9,45.7,0.609,1.998
70.9,46.2,-0.160,1.998
70.9,46.7,-0.930,1.998
70.9,47.2,1.443,1.997
70.9,47.7,0.673,1.996
70.9,48.2,-0.096,1.995
70.9,48.7,-0.930,1.994
70.9,49.2,1.443,1.994
70.9,49.7,0.673,1.993
70.9,50.3,-0.096,1.992
70.9,50.8,-0.866,1.991
70.9,51.3,1.507,1.990
70.9,51.8,0.737,1.988
70.9,52.3,-0.096,1.987
70.9,52.8,-0.866,1.986
70.9,53.3,1.507,1.985
70.9,53.8,0.737,1.983
70.9,54.3,-0.032,1.981
70.9,54.8,-0.866,1.980
70.9,55.3,1.507,1.979
70.9,55.8,0.737,1.977
70.9,56.3,-0.032,1.975
70.9,56.8,-0.801,1.973
70.9,57.3,1.507,1.971
70.9,57.8,0.737,1.969
70.9,58.3,-0.032,1.968
70.9,58.8,-0.801,1.966
70.9,59.3,1.571,1.963
70.9,59.8,0.737,1.961
70.9,60.3,-0.032,1.959
70.9,60.8,-0.801,1.957
70.9,61.3,1.571,1.954
70.9,61.8,0.801,1.951
70.9,62.3,-0.032,1.949
70.9,62.8,-0.801,1.947
70.9,63.3,1.571,1.944
70.9,63.8,0.801,1.941
70.9,64.3,-0.032,1.938
70.9,64.8,-0.801,1.936
70.9,65.3,1.571,1.933
70.9,65.8,0.801,1.930
70.9,66.3,-0.032,1.926
70.9,66.8,-0.801,1.924
70.9,67.3,1.571,1.921
70.9,67.8,0.801,1.918
70.9,68.3,-0.032,1.914
70.9,68.8,-0.801,1.911
70.9,69.3,1.571,1.908
70.9,69.8,0.801,1.904
70.9,70.4,-0.032,1.900
70.9,70.9,-0.801,1.897
70.9,71.4,1.571,1.894
70.9,71.9,0.801,1.889
70.9,72.4,-0.032,1.886
70.9,72.9,-0.801,1.882
70.9,73.4,1.571,1.878
70.9,73.9,0.737,1.874
70.9,74.4,-0.032,1.871
70.9,74.9,-0.801,1.867
70.9,75.4,1.571,1.862
70.9,75.9,0.737,1.858
70.9,76.4,-0.032,1.854
70.9,76.9,-0.801,1.849
70.9,77.4,1.507,1.845
70.9,77.9,0.737,1.841
70.9,78.4,-0.032,1.836
70.9,78.9,-0.866,1.831
70.9,79.4,1.507,1.827
70.9,79.9,0.737,1.822
70.9,80.4,-0.032,1.817
70.9,80.9,-0.866,1.813
70.9,81.4,1.507,1.808
70.9,81.9,0.737,1.803
70.9,82.4,-0.096,1.798
70.9,82.9,-0.866,1.793
70.9,83.4,1.507,1.787
70.9,83.9,0.673,1.783
70.9,84.4,-0.096,1.778
70.9,84.9,-0.866,1.772
70.9,85.4,1.443,1.767
70.9,85.9,0.673,1.762
70.9,86.4,-0.160,1.756
70.9,86.9,-0.930,1.751
70.9,87.4,1.443,1.745
70.9,87.9,0.609,1.739
70.9,88.4,-0.160,1.734
70.9,88.9,-0.930,1.728
70.9,89.4,1.378,1.722
70.9,89.9,0.609,1.717
70.9,90.5,-0.160,1.710
70.9,91.0,-0.994,1.705
70.9,91.5,1.378,1.699
70.9,92.0,0.545,1.692
70.9,92.5,-0.224,1.687
70.9,93.0,-0.994,1.680
70.9,93.5,1.314,1.674
70.9,94.0,0.545,1.668
70.9,94.5,-0.289,1.661
70.9,95.0,-1.058,1.655
70.9,95.5,1.314,1.648
70.9,96.0,0.481,1.642
70.9,96.5,-0.289,1.635
70.9,97.0,-1.122,1.628
70.9,97.5,1.250,1.622
70.9,98.0,0.481,1.615
70.9,98.5,-0.353,1.609
70.9,99.0,-1.122,1.602
70.9,99.5,1.186,1.595
70.9,100.0,0.417,1.588
71.4,0.0,-0.417,1.769
71.4,0.5,-1.186,1.775
71.4,1.0,1.186,1.780
71.4,1.5,0.417,1.785
71.4,2.0,-0.353,1.790
71.4,2.5,-1.122,1.795
71.4,3.0,1.250,1.800
71.4,3.5,0.481,1.804
71.4,4.0,-0.289,1.809
71.4,4.5,-1.058,1.813
71.4,5.0,1.378,1.818
71.4,5.5,0.609,1.823
71.4,6.0,-0.160,1.828
71.4,6.5,-0.930,1.832
71.4,7.0,1.443,1.837
71.4,7.5,0.673,1.841
71.4,8.0,-0.096,1.846
71.4,8.5,-0.866,1.850
71.4,9.0,1.507,1.854
71.4,9.5,0.737,1.858
71.4,10.1,-0.032,1.862
71.4,10.6,-0.801,1.866
71.4,11.1,-1.571,1.870
71.4,11.6,0.801,1.874
71.4,12.1,0.032,1.878
71.4,12.6,-0.737,1.881
71.4,13.1,-1.443,1.885
71.4,13.6,0.930,1.889
71.4,14.1,0.160,1.893
71.4,14.6,-0.609,1.896
71.4,15.1,-1.378,1.900
71.4,15.6,0.994,1.903
71.4,16.1,0.224,1.907
71.4,16.6,-0.545,1.910
71.4,17.1,-1.314,1.914
71.4,17.6,1.058,1.917
71.4,18.1,0.289,1.920
71.4,18.6,-0.481,1.923
71.4,19.1,-1.250,1.926
71.4,19.6,1.122,1.929
71.4,20.1,0.353,1.932
71.4,20.6,-0.417,1.935
71.4,21.1,-1.186,1.938
71.4,21.6,1.186,1.941
71.4,22.1,0.417,1.943
71.4,22.6,-0.353,1.946
71.4,23.1,-1.122,1.948
71.4,23.6,1.250,1.951
71.4,24.1,0.481,1.953
71.4,24.6,-0.289,1.956
71.4,25.1,-1.058,1.958
71.4,25.6,1.314,1.960
71.4,26.1,0.545,1.962
71.4,26.6,-0.224,1.964
71.4,27.1,-0.994,1.966
71.4,27.6,1.378,1.968
71.4,28.1,0.545,1.970
71.4,28.6,-0.224,1.972
71.4,29.1,-0.994,1.974
71.4,29.6,1.378,1.976
71.4,30.2,0.609,1.978
71.4,30.7,-0.160,1.979
71.4,31.2,-0.930,1.981
71.4,31.7,1.443,1.983
71.4,32.2,0.673,1.984
71.4,32.7,-0.096,1.986
71.4,33.2,-0.866,1.987
71.4,33.7,1.507,1.988
71.4,34.2,0.737,1.989
71.4,34.7,-0.032,1.990
71.4,35.2,-0.801,1.991
71.4,35.7,1.571,1.992
71.4,36.2,0.801,1.993
71.4,36.7,-0.032,1.994
71.4,37.2,-0.801,1.995
71.4,37.7,-1.571,1.996
71.4,38.2,0.801,1.996
71.4,38.7,0.032,1.997
71.4,39.2,-0.737,1.998
71.4,39.7,-1.507,1.998
71.4,40.2,0.866,1.999
71.4,40.7,0.096,1.999
71.4,41.2,-0.673,1.999
71.4,41.7,-1.507,1.999
71.4,42.2,0.866,1.999
71.4,42.7,0.096,2.000
71.4,43.2,-0.673,2.000
71.4,43.7,-1.443,2.000
71.4,44.2,0.930,2.000
71.4,44.7,0.160,2.000
71.4,45.2,-0.609,1.999
71.4,45.7,-1.443,1.998
71.4,46.2,0.930,1.998
71.4,46.7,0.160,1.998
71.4,47.2,-0.609,1.998
71.4,47.7,-1.378,1.998
71.4,48.2,0.994,1.997
71.4,48.7,0.224,1.996
71.4,49.2,-0.609,1.995
71.4,49.7,-1.378,1.994
71.4,50.3,0.994,1.994
71.4,50.8,0.224,1.993
71.4,51.3,-0.545,1.992
71.4,51.8,-1.314,1.991
71.4,52.3,1.058,1.989
71.4,52.8,0.224,1.988
71.4,53.3,-0.545,1.987
71.4,53.8,-1.314,1.986
71.4,54.3,1.058,1.985
71.4,54.8,0.289,1.983
71.4,55.3,-0.545,1.981
71.4,55.8,-1.314,1.980
71.4,56.3,1.058,1.979
71.4,56.8,0.289,1.977
71.4,57.3,-0.481,1.975
71.4,57.8,-1.250,1.973
71.4,58.3,1.058,1.971
71.4,58.8,0.289,1.970
71.4,59.3,-0.481,1.968
71.4,59.8,-1.250,1.966
71.4,60.3,1.122,1.963
71.4,60.8,0.289,1.961
71.4,61.3,-0.481,1.959
71.4,61.8,-1.250,1.957
71.4,62.3,1.122,1.954
71.4,62.8,0.289,1.951
71.4,63.3,-0.481,1.949
71.4,63.8,-1.250,1.947
71.4,64.3,1.122,1.944
71.4,64.8,0.353,1.941
71.4,65.3,-0.481,1.939
71.4,65.8,-1.250,1.936
71.4,66.3,1.122,1.933
71.4,66.8,0.353,1.930
71.4,67.3,-0.481,1.927
71.4,67.8,-1.250,1.924
71.4,68.3,1.122,1.921
71.4,68.8,0.353,1.917
71.4,69.3,-0.481,1.914
71.4,69.8,-1.250,1.911
71.4,70.4,1.122,1.908
71.4,70.9,0.353,1.904
71.4,71.4,-0.481,1.901
71.4,71.9,-1.250,1.897
71.4,72.4,1.122,1.894
71.4,72.9,0.289,1.889
71.4,73.4,-0.481,1.886
71.4,73.9,-1.250,1.883
71.4,74.4,1.122,1.878
71.4,74.9,0.289,1.874
71.4,75.4,-0.481,1.871
71.4,75.9,-1.250,1.866
71.4,76.4,1.058,1.862
71.4,76.9,0.289,1.858
71.4,77.4,-0.481,1.854
71.4,77.9,-1.250,1.849
71.4,78.4,1.058,1.845
71.4,78.9,0.289,1.841
71.4,79.4,-0.481,1.836
71.4,79.9,-1.314,1.832
71.4,80.4,1.058,1.827
71.4,80.9,0.289,1.822
71.4,81.4,-0.545,1.817
71.4,81.9,-1.314,1.813
71.4,82.4,1.058,1.808
71.4,82.9,0.224,1.803
71.4,83.4,-0.545,1.798
71.4,83.9,-1.314,1.793
71.4,84.4,0.994,1.788
71.4,84.9,0.224,1.783
71.4,85.4,-0.545,1.778
71.4,85.9,-1.378,1.772
71.4,86.4,0.994,1.767
71.4,86.9,0.224,1.762
71.4,87.4,-0.609,1.756
71.4,87.9,-1.378,1.751
71.4,88.4,0.994,1.745
71.4,88.9,0.160,1.740
71.4,89.4,-0.609,1.734
71.4,89.9,-1.378,1.728
71.4,90.5,0.930,1.723
71.4,91.0,0.160,1.717
71.4,91.5,-0.673,1.710
71.4,92.0,-1.443,1.705
71.4,92.5,0.930,1.698
71.4,93.0,0.096,1.693
71.4,93.5,-0.673,1.687
71.4,94.0,-1.507,1.680
71.4,94.5,0.866,1.674
71.4,95.0,0.096,1.668
71.4,95.5,-0.737,1.661
71.4,96.0,-1.507,1.655
71.4,96.5,0.801,1.648
71.4,97.0,0.032,1.642
71.4,97.5,-0.737,1.635
71.4,98.0,-1.571,1.629
71.4,98.5,0.801,1.622
71.4,99.0,-0.032,1.615
71.4,99.5,-0.801,1.609
71.4,100.0,1.571,1.601
71.9,0.0,0.609,1.759
71.9,0.5,-0.160,1.764
71.9,1.0,-0.930,1.768
71.9,1.5,1.507,1.774
71.9,2.0,0.737,1.779
71.9,2.5,-0.032,1.784
71.9,3.0,-0.801,1.790
71.9,3.5,1.571,1.795
71.9,4.0,0.801,1.800
71.9,4.5,0.032,1.804
71.9,5.0,-0.737,1.809
71.9,5.5,-1.507,1.814
71.9,6.0,0.866,1.818
71.9,6.5,0.096,1.822
71.9,7.0,-0.609,1.827
71.9,7.5,-1.378,1.832
71.9,8.0,0.994,1.836
71.9,8.5,0.224,1.841
71.9,9.0,-0.545,1.845
71.9,9.5,-1.314,1.850
71.9,10.1,1.058,1.854
71.9,10.6,0.289,1.858
71.9,11.1,-0.481,1.862
71.9,11.6,-1.250,1.866
71.9,12.1,1.122,1.870
71.9,12.6,0.353,1.874
71.9,13.1,-0.417,1.878
71.9,13.6,-1.186,1.882
71.9,14.1,1.186,1.885
71.9,14.6,0.417,1.889
71.9,15.1,-0.353,1.892
71.9,15.6,-1.122,1.896
71.9,16.1,1.250,1.899
71.9,16.6,0.545,1.903
71.9,17.1,-0.224,1.906
71.9,17.6,-0.994,1.910
71.9,18.1,1.378,1.913
71.9,18.6,0.609,1.916
71.9,19.1,-0.160,1.920
71.9,19.6,-0.930,1.923
71.9,20.1,1.443,1.926
71.9,20.6,0.673,1.929
71.9,21.1,-0.096,1.932
71.9,21.6,-0.866,1.935
71.9,22.1,1.507,1.937
71.9,22.6,0.737,1.940
71.9,23.1,-0.032,1.943
71.9,23.6,-0.801,1.945
71.9,24.1,1.571,1.948
71.9,24.6,0.801,1.950
71.9,25.1,0.032,1.953
71.9,25.6,-0.737,1.955
71.9,26.1,-1.507,1.957
71.9,26.6,0.866,1.959
71.9,27.1,0.032,1.962
71.9,27.6,-0.737,1.964
71.9,28.1,-1.507,1.966
71.9,28.6,0.866,1.968
71.9,29.1,0.096,1.970
71.9,29.6,-0.673,1.972
71.9,30.2,-1.443,1.974
71.9,30.7,0.930,1.976
71.9,31.2,0.160,1.978
71.9,31.7,-0.609,1.980
71.9,32.2,-1.378,1.981
71.9,32.7,0.994,1.983
71.9,33.2,0.224,1.984
71.9,33.7,-0.545,1.985
71.9,34.2,-1.314,1.987
71.9,34.7,1.058,1.988
71.9,35.2,0.289,1.989
71.9,35.7,-0.481,1.990
71.9,36.2,-1.250,1.991
71.9,36.7,1.058,1.992
71.9,37.2,0.289,1.993
71.9,37.7,-0.481,1.994
71.9,38.2,-1.250,1.995
71.9,38.7,1.122,1.996
71.9,39.2,0.353,1.997
71.9,39.7,-0.417,1.997
71.9,40.2,-1.186,1.998
71.9,40.7,1.186,1.998
71.9,41.2,0.417,1.998
71.9,41.7,-0.353,1.998
71.9,42.2,-1.186,1.999
71.9,42.7,1.186,1.999
71.9,43.2,0.417,2.000
71.9,43.7,-0.353,2.000
71.9,44.2,-1.122,2.000
71.9,44.7,1.250,2.000
71.9,45.2,0.481,2.000
71.9,45.7,-0.289,1.999
71.9,46.2,-1.122,1.999
71.9,46.7,1.250,1.999
71.9,47.2,0.481,1.999
71.9,47.7,-0.289,1.999
71.9,48.2,-1.058,1.998
71.9,48.7,1.314,1.997
71.9,49.2,0.545,1.997
71.9,49.7,-0.289,1.995
71.9,50.3,-1.058,1.995
71.9,50.8,1.314,1.995
71.9,51.3,0.545,1.994
71.9,51.8,-0.224,1.993
71.9,52.3,-0.994,1.992
71.9,52.8,1.378,1.990
71.9,53.3,0.545,1.989
71.9,53.8,-0.224,1.989
71.9,54.3,-0.994,1.988
71.9,54.8,1.378,1.986
71.9,55.3,0.609,1.985
71.9,55.8,-0.160,1.983
71.9,56.3,-0.994,1.982
71.9,56.8,1.378,1.980
71.9,57.3,0.609,1.979
71.9,57.8,-0.160,1.977
71.9,58.3,-0.930,1.975
71.9,58.8,1.378,1.973
71.9,59.3,0.609,1.972
71.9,59.8,-0.160,1.970
71.9,60.3,-0.930,1.968
71.9,60.8,1.443,1.965
71.9,61.3,0.609,1.963
71.9,61.8,-0.160,1.961
71.9,62.3,-0.930,1.959
71.9,62.8,1.443,1.957
71.9,63.3,0.673,1.954
71.9,63.8,-0.160,1.952
71.9,64.3,-0.930,1.950
71.9,64.8,1.443,1.947
71.9,65.3,0.673,1.944
71.9,65.8,-0.160,1.941
71.9,66.3,-0.930,1.939
71.9,66.8,1.443,1.936
71.9,67.3,0.673,1.933
71.9,67.8,-0.160,1.930
71.9,68.3,-0.930,1.927
71.9,68.8,1.443,1.924
71.9,69.3,0.673,1.921
71.9,69.8,-0.160,1.917
71.9,70.4,-0.930,1.915
71.9,70.9,1.443,1.911
71.9,71.4,0.673,1.908
71.9,71.9,-0.160,1.904
71.9,72.4,-0.930,1.901
71.9,72.9,1.443,1.898
71.9,73.4,0.673,1.893
71.9,73.9,-0.160,1.890
71.9,74.4,-0.930,1.887
71.9,74.9,1.443,1.882
71.9,75.4,0.609,1.878
71.9,75.9,-0.160,1.875
71.9,76.4,-0.930,1.871
71.9,76.9,1.443,1.866
71.9,77.4,0.609,1.862
71.9,77.9,-0.160,1.858
71.9,78.4,-0.930,1.854
71.9,78.9,1.378,1.849
71.9,79.4,0.609,1.846
71.9,79.9,-0.160,1.841
71.9,80.4,-0.994,1.836
71.9,80.9,1.378,1.832
71.9,81.4,0.609,1.827
71.9,81.9,-0.160,1.822
71.9,82.4,-0.994,1.818
71.9,82.9,1.378,1.813
71.9,83.4,0.609,1.808
71.9,83.9,-0.224,1.803
71.9,84.4,-0.994,1.799
71.9,84.9,1.378,1.793
71.9,85.4,0.545,1.788
71.9,85.9,-0.224,1.783
71.9,86.4,-0.994,1.777
71.9,86.9,1.314,1.773
71.9,87.4,0.545,1.767
71.9,87.9,-0.224,1.761
71.9,88.4,-1.058,1.757
71.9,88.9,1.314,1.751
71.9,89.4,0.481,1.745
71.9,89.9,-0.289,1.740
71.9,90.5,-1.058,1.734
71.9,91.0,1.250,1.728
71.9,91.5,0.481,1.723
71.9,92.0,-0.289,1.716
71.9,92.5,-1.122,1.711
71.9,93.0,1.250,1.705
71.9,93.5,0.417,1.698
71.9,94.0,-0.353,1.693
71.9,94.5,-1.122,1.687
71.9,95.0,1.186,1.680
71.9,95.5,0.417,1.674
71.9,96.0,-0.353,1.667
71.9,96.5,-1.186,1.662
71.9,97.0,1.186,1.655
71.9,97.5,0.353,1.648
71.9,98.0,-0.417,1.642
71.9,98.5,-1.186,1.635
71.9,99.0,1.122,1.629
71.9,99.5,0.353,1.622
71.9,100.0,-0.481,1.615
72.4,0.0,-1.443,1.748
72.4,0.5,0.930,1.753
72.4,1.0,0.160,1.758
72.4,1.5,-0.609,1.764
72.4,2.0,-1.378,1.769
72.4,2.5,0.994,1.774
72.4,3.0,0.289,1.778
72.4,3.5,-0.481,1.784
72.4,4.0,-1.250,1.789
72.4,4.5,1.122,1.794
72.4,5.0,0.353,1.799
72.4,5.5,-0.417,1.804
72.4,6.0,-1.186,1.809
72.4,6.5,1.186,1.814
72.4,7.0,0.417,1.818
72.4,7.5,-0.353,1.823
72.4,8.0,-1.122,1.827
72.4,8.5,1.250,1.831
72.4,9.0,0.545,1.836
72.4,9.5,-0.224,1.840
72.4,10.1,-0.994,1.845
72.4,10.6,1.378,1.849
72.4,11.1,0.609,1.854
72.4,11.6,-0.160,1.858
72.4,12.1,-0.930,1.862
72.4,12.6,1.443,1.866
72.4,13.1,0.673,1.870
72.4,13.6,-0.096,1.874
72.4,14.1,-0.866,1.878
72.4,14.6,1.507,1.882
72.4,15.1,0.737,1.885
72.4,15.6,-0.032,1.889
72.4,16.1,-0.801,1.893
72.4,16.6,-1.571,1.896
72.4,17.1,0.801,1.900
72.4,17.6,0.032,1.903
72.4,18.1,-0.737,1.906
72.4,18.6,-1.507,1.910
72.4,19.1,0.866,1.913
72.4,19.6,0.096,1.916
72.4,20.1,-0.673,1.919
72.4,20.6,-1.443,1.922
72.4,21.1,0.930,1.925
72.4,21.6,0.160,1.928
72.4,22.1,-0.609,1.931
72.4,22.6,-1.378,1.934
72.4,23.1,0.994,1.937
72.4,23.6,0.224,1.940
72.4,24.1,-0.545,1.942
72.4,24.6,-1.314,1.945
72.4,25.1,1.058,1.948
72.4,25.6,0.289,1.950
72.4,26.1,-0.481,1.953
72.4,26.6,-1.250,1.955
72.4,27.1,1.122,1.957
72.4,27.6,0.353,1.960
72.4,28.1,-0.417,1.962
72.4,28.6,-1.186,1.964
72.4,29.1,1.186,1.966
72.4,29.6,0.417,1.969
72.4,30.2,-0.353,1.971
72.4,30.7,-1.122,1.972
72.4,31.2,1.250,1.974
72.4,31.7,0.481,1.976
72.4,32.2,-0.289,1.978
72.4,32.7,-1.058,1.979
72.4,33.2,1.314,1.981
72.4,33.7,0.545,1.982
72.4,34.2,-0.224,1.984
72.4,34.7,-0.994,1.985
72.4,35.2,1.378,1.986
72.4,35.7,0.609,1.987
72.4,36.2,-0.160,1.988
72.4,36.7,-0.994,1.990
72.4,37.2,1.378,1.991
72.4,37.7,0.609,1.992
72.4,38.2,-0.160,1.993
72.4,38.7,-0.930,1.994
72.4,39.2,1.443,1.995
72.4,39.7,0.673,1.996
72.4,40.2,-0.096,1.996
72.4,40.7,-0.866,1.997
72.4,41.2,1.507,1.997
72.4,41.7,0.737,1.998
72.4,42.2,-0.096,1.998
72.4,42.7,-0.866,1.998
72.4,43.2,1.507,1.999
72.4,43.7,0.737,2.000
72.4,44.2,-0.032,2.000
72.4,44.7,-0.801,2.000
72.4,45.2,1.571,2.000
72.4,45.7,0.801,2.000
72.4,46.2,0.032,1.999
72.4,46.7,-0.801,1.999
72.4,47.2,-1.571,1.999
72.4,47.7,0.801,1.999
72.4,48.2,0.032,1.999
72.4,48.7,-0.737,1.999
72.4,49.2,-1.507,1.998
72.4,49.7,0.866,1.997
72.4,50.3,0.032,1.996
72.4,50.8,-0.737,1.996
72.4,51.3,-1.507,1.996
72.4,51.8,0.866,1.995
72.4,52.3,0.096,1.994
72.4,52.8,-0.673,1.993
72.4,53.3,-1.443,1.991
72.4,53.8,0.866,1.991
72.4,54.3,0.096,1.990
72.4,54.8,-0.673,1.989
72.4,55.3,-1.443,1.988
72.4,55.8,0.930,1.986
72.4,56.3,0.160,1.984
72.4,56.8,-0.673,1.983
72.4,57.3,-1.443,1.982
72.4,57.8,0.930,1.981
72.4,58.3,0.160,1.979
72.4,58.8,-0.609,1.977
72.4,59.3,-1.443,1.975
72.4,59.8,0.930,1.974
72.4,60.3,0.160,1.972
72.4,60.8,-0.609,1.970
72.4,61.3,-1.378,1.968
72.4,61.8,0.930,1.965
72.4,62.3,0.160,1.964
72.4,62.8,-0.609,1.962
72.4,63.3,-1.378,1.959
72.4,63.8,0.994,1.956
72.4,64.3,0.160,1.954
72.4,64.8,-0.609,1.952
72.4,65.3,-1.378,1.950
72.4,65.8,0.994,1.947
72.4,66.3,0.160,1.944
72.4,66.8,-0.609,1.942
72.4,67.3,-1.378,1.939
72.4,67.8,0.994,1.936
72.4,68.3,0.224,1.933
72.4,68.8,-0.609,1.930
72.4,69.3,-1.378,1.928
72.4,69.8,0.994,1.924
72.4,70.4,0.224,1.921
72.4,70.9,-0.609,1.918
72.4,71.4,-1.378,1.915
72.4,71.9,0.994,1.911
72.4,72.4,0.224,1.907
72.4,72.9,-0.609,1.905
72.4,73.4,-1.378,1.901
72.4,73.9,0.994,1.897
72.4,74.4,0.160,1.893
72.4,74.9,-0.609,1.890
72.4,75.4,-1.378,1.887
72.4,75.9,0.994,1.882
72.4,76.4,0.160,1.879
72.4,76.9,-0.609,1.875
72.4,77.4,-1.378,1.871
72.4,77.9,0.930,1.866
72.4,78.4,0.160,1.863
72.4,78.9,-0.609,1.859
72.4,79.4,-1.378,1.854
72.4,79.9,0.930,1.850
72.4,80.4,0.160,1.846
72.4,80.9,-0.609,1.841
72.4,81.4,-1.443,1.836
72.4,81.9,0.930,1.832
72.4,82.4,0.160,1.827
72.4,82.9,-0.673,1.822
72.4,83.4,-1.443,1.818
72.4,83.9,0.930,1.813
72.4,84.4,0.096,1.808
72.4,84.9,-0.673,1.804
72.4,85.4,-1.443,1.798
72.4,85.9,0.866,1.793
72.4,86.4,0.096,1.789
72.4,86.9,-0.673,1.783
72.4,87.4,-1.507,1.778
72.4,87.9,0.866,1.773
72.4,88.4,0.096,1.767
72.4,88.9,-0.737,1.762
72.4,89.4,-1.507,1.757
72.4,89.9,0.866,1.751
72.4,90.5,0.032,1.745
72.4,91.0,-0.737,1.740
72.4,91.5,-1.507,1.734
72.4,92.0,0.801,1.729
72.4,92.5,0.032,1.723
72.4,93.0,-0.801,1.716
72.4,93.5,-1.571,1.711
72.4,94.0,0.801,1.705
72.4,94.5,-0.032,1.699
72.4,95.0,-0.801,1.693
72.4,95.5,1.571,1.686
72.4,96.0,0.737,1.681
72.4,96.5,-0.032,1.674
72.4,97.0,-0.866,1.668
72.4,97.5,1.507,1.662
72.4,98.0,0.737,1.655
72.4,98.5,-0.096,1.649
72.4,99.0,-0.866,1.642
72.4,99.5,1.443,1.635
72.4,100.0,0.673,1.629
72.9,0.0,-0.417,1.736
72.9,0.5,-1.122,1.741
72.9,1.0,1.250,1.747
72.9,1.5,0.481,1.753
72.9,2.0,-0.289,1.758
72.9,2.5,-1.058,1.763
72.9,3.0,1.314,1.769
72.9,3.5,0.545,1.774
72.9,4.0,-0.224,1.779
72.9,4.5,-0.994,1.783
72.9,5.0,1.443,1.788
72.9,5.5,0.673,1.794
72.9,6.0,-0.096,1.799
72.9,6.5,-0.866,1.804
72.9,7.0,1.507,1.809
72.9,7.5,0.737,1.813
72.9,8.0,-0.032,1.818
72.9,8.5,-0.801,1.823
72.9,9.0,-1.571,1.827
72.9,9.5,0.801,1.831
72.9,10.1,0.032,1.836
72.9,10.6,-0.737,1.840
72.9,11.1,-1.443,1.844
72.9,11.6,0.930,1.849
72.9,12.1,0.160,1.853
72.9,12.6,-0.609,1.857
72.9,13.1,-1.378,1.862
72.9,13.6,0.994,1.866
72.9,14.1,0.224,1.870
72.9,14.6,-0.545,1.874
72.9,15.1,-1.314,1.878
72.9,15.6,1.058,1.882
72.9,16.1,0.289,1.885
72.9,16.6,-0.481,1.889
72.9,17.1,-1.250,1.893
72.9,17.6,1.122,1.896
72.9,18.1,0.353,1.900
72.9,18.6,-0.417,1.903
72.9,19.1,-1.186,1.907
72.9,19.6,1.186,1.910
72.9,20.1,0.417,1.913
72.9,20.6,-0.353,1.916
72.9,21.1,-1.122,1.919
72.9,21.6,1.250,1.923
72.9,22.1,0.481,1.926
72.9,22.6,-0.289,1.929
72.9,23.1,-1.058,1.931
72.9,23.6,1.314,1.934
72.9,24.1,0.545,1.937
72.9,24.6,-0.224,1.940
72.9,25.1,-0.994,1.943
72.9,25.6,1.378,1.945
72.9,26.1,0.609,1.948
72.9,26.6,-0.160,1.950
72.9,27.1,-0.930,1.953
72.9,27.6,1.443,1.955
72.9,28.1,0.673,1.958
72.9,28.6,-0.096,1.960
72.9,29.1,-0.866,1.962
72.9,29.6,1.507,1.964
72.9,30.2,0.737,1.967
72.9,30.7,-0.032,1.969
72.9,31.2,-0.801,1.971
72.9,31.7,1.571,1.972
72.9,32.2,0.801,1.974
72.9,32.7,0.032,1.976
72.9,33.2,-0.737,1.978
72.9,33.7,-1.507,1.979
72.9,34.2,0.866,1.981
72.9,34.7,0.096,1.982
72.9,35.2,-0.673,1.983
72.9,35.7,-1.443,1.985
72.9,36.2,0.930,1.986
72.9,36.7,0.096,1.987
72.9,37.2,-0.673,1.989
72.9,37.7,-1.443,1.990
72.9,38.2,0.930,1.991
72.9,38.7,0.160,1.992
72.9,39.2,-0.609,1.993
72.9,39.7,-1.378,1.994
72.9,40.2,0.994,1.995
72.9,40.7,0.224,1.996
72.9,41.2,-0.545,1.996
72.9,41.7,-1.314,1.997
72.9,42.2,1.058,1.997
72.9,42.7,0.224,1.997
72.9,43.2,-0.545,1.998
72.9,43.7,-1.314,1.999
72.9,44.2,1.058,1.999
72.9,44.7,0.289,2.000
72.9,45.2,-0.481,2.000
72.9,45.7,-1.250,2.000
72.9,46.2,1.122,2.000
72.9,46.7,0.353,1.999
72.9,47.2,-0.481,1.999
72.9,47.7,-1.250,1.999
72.9,48.2,1.122,1.999
72.9,48.7,0.353,1.999
72.9,49.2,-0.417,1.999
72.9,49.7,-1.186,1.998
72.9,50.3,1.186,1.998
72.9,50.8,0.353,1.997
72.9,51.3,-0.417,1.997
72.9,51.8,-1.186,1.996
72.9,52.3,1.186,1.996
72.9,52.8,0.417,1.995
72.9,53.3,-0.353,1.994
72.9,53.8,-1.122,1.992
72.9,54.3,1.186,1.992
72.9,54.8,0.417,1.991
72.9,55.3,-0.353,1.990
72.9,55.8,-1.122,1.989
72.9,56.3,1.250,1.988
72.9,56.8,0.481,1.986
72.9,57.3,-0.353,1.984
72.9,57.8,-1.122,1.983
72.9,58.3,1.250,1.982
72.9,58.8,0.481,1.981
72.9,59.3,-0.289,1.979
72.9,59.8,-1.122,1.976
72.9,60.3,1.250,1.975
72.9,60.8,0.481,1.974
72.9,61.3,-0.289,1.972
72.9,61.8,-1.058,1.970
72.9,62.3,1.314,1.967
72.9,62.8,0.481,1.966
72.9,63.3,-0.289,1.964
72.9,63.8,-1.058,1.962
72.9,64.3,1.314,1.959
72.9,64.8,0.481,1.956
72.9,65.3,-0.289,1.955
72.9,65.8,-1.058,1.952
72.9,66.3,1.314,1.950
72.9,66.8,0.545,1.947
72.9,67.3,-0.289,1.944
72.9,67.8,-1.058,1.942
72.9,68.3,1.314,1.939
72.9,68.8,0.545,1.936
72.9,69.3,-0.289,1.933
72.9,69.8,-1.058,1.931
72.9,70.4,1.314,1.928
72.9,70.9,0.545,1.924
72.9,71.4,-0.289,1.921
72.9,71.9,-1.058,1.918
72.9,72.4,1.314,1.915
72.9,72.9,0.545,1.911
72.9,73.4,-0.289,1.908
72.9,73.9,-1.058,1.905
72.9,74.4,1.314,1.901
72.9,74.9,0.545,1.897
72.9,75.4,-0.289,1.894
72.9,75.9,-1.058,1.890
72.9,76.4,1.314,1.886
72.9,76.9,0.481,1.882
72.9,77.4,-0.289,1.879
72.9,77.9,-1.058,1.875
72.9,78.4,1.314,1.871
72.9,78.9,0.481,1.867
72.9,79.4,-0.289,1.863
72.9,79.9,-1.058,1.858
72.9,80.4,1.250,1.854
72.9,80.9,0.481,1.850
72.9,81.4,-0.289,1.846
72.9,81.9,-1.058,1.840
72.9,82.4,1.250,1.837
72.9,82.9,0.481,1.832
72.9,83.4,-0.289,1.827
72.9,83.9,-1.122,1.823
72.9,84.4,1.250,1.818
72.9,84.9,0.481,1.813
72.9,85.4,-0.353,1.808
72.9,85.9,-1.122,1.804
72.9,86.4,1.250,1.798
72.9,86.9,0.417,1.793
72.9,87.4,-0.353,1.789
72.9,87.9,-1.122,1.783
72.9,88.4,1.186,1.778
72.9,88.9,0.417,1.773
72.9,89.4,-0.353,1.767
72.9,89.9,-1.186,1.762
72.9,90.5,1.186,1.757
72.9,91.0,0.417,1.751
72.9,91.5,-0.417,1.746
72.9,92.0,-1.186,1.740
72.9,92.5,1.122,1.734
72.9,93.0,0.353,1.729
72.9,93.5,-0.417,1.723
72.9,94.0,-1.250,1.717
72.9,94.5,1.122,1.711
72.9,95.0,0.353,1.705
72.9,95.5,-0.481,1.699
72.9,96.0,-1.250,1.693
72.9,96.5,1.058,1.686
72.9,97.0,0.289,1.681
72.9,97.5,-0.481,1.674
72.9,98.0,-1.314,1.668
72.9,98.5,1.058,1.662
72.9,99.0,0.224,1.655
72.9,99.5,-0.545,1.649
72.9,100.0,-1.314,1.642
73.4,0.0,0.673,1.725
73.4,0.5,-0.096,1.730
73.4,1.0,-0.866,1.736
73.4,1.5,1.507,1.741
73.4,2.0,0.801,1.746
73.4,2.5,0.032,1.752
73.4,3.0,-0.737,1.758
73.4,3.5,-1.507,1.763
73.4,4.0,0.866,1.768
73.4,4.5,0.096,1.774
73.4,5.0,-0.673,1.779
73.4,5.5,-1.443,1.783
73.4,6.0,0.930,1.788
73.4,6.5,0.160,1.793
73.4,7.0,-0.545,1.798
73.4,7.5,-1.314,1.803
73.4,8.0,1.058,1.808
73.4,8.5,0.289,1.813
73.4,9.0,-0.481,1.818
73.4,9.5,-1.250,1.822
73.4,10.1,1.122,1.827
73.4,10.6,0.353,1.831
73.4,11.1,-0.417,1.836
73.4,11.6,-1.186,1.840
73.4,12.1,1.186,1.844
73.4,12.6,0.417,1.848
73.4,13.1,-0.353,1.852
73.4,13.6,-1.058,1.857
73.4,14.1,1.314,1.861
73.4,14.6,0.545,1.865
73.4,15.1,-0.224,1.869
73.4,15.6,-0.994,1.873
73.4,16.1,1.378,1.877
73.4,16.6,0.609,1.881
73.4,17.1,-0.160,1.885
73.4,17.6,-0.930,1.889
73.4,18.1,1.443,1.892
73.4,18.6,0.673,1.896
73.4,19.1,-0.096,1.900
73.4,19.6,-0.866,1.903
73.4,20.1,1.507,1.907
73.4,20.6,0.737,1.910
73.4,21.1,-0.032,1.913
73.4,21.6,-0.801,1.916
73.4,22.1,-1.571,1.920
73.4,22.6,0.801,1.923
73.4,23.1,0.032,1.926
73.4,23.6,-0.737,1.929
73.4,24.1,-1.507,1.932
73.4,24.6,0.866,1.935
73.4,25.1,0.096,1.937
73.4,25.6,-0.673,1.940
73.4,26.1,-1.443,1.943
73.4,26.6,0.930,1.945
73.4,27.1,0.160,1.948
73.4,27.6,-0.609,1.951
73.4,28.1,-1.378,1.953
73.4,28.6,0.994,1.955
73.4,29.1,0.224,1.958
73.4,29.6,-0.545,1.960
73.4,30.2,-1.314,1.962
73.4,30.7,1.058,1.964
73.4,31.2,0.289,1.966
73.4,31.7,-0.481,1.968
73.4,32.2,-1.250,1.970
73.4,32.7,1.122,1.972
73.4,33.2,0.353,1.974
73.4,33.7,-0.417,1.976
73.4,34.2,-1.186,1.977
73.4,34.7,1.186,1.979
73.4,35.2,0.417,1.980
73.4,35.7,-0.353,1.982
73.4,36.2,-1.186,1.983
73.4,36.7,1.186,1.985
73.4,37.2,0.417,1.986
73.4,37.7,-0.353,1.988
73.4,38.2,-1.122,1.989
73.4,38.7,1.250,1.990
73.4,39.2,0.481,1.991
73.4,39.7,-0.289,1.992
73.4,40.2,-1.058,1.993
73.4,40.7,1.314,1.994
73.4,41.2,0.545,1.995
73.4,41.7,-0.224,1.995
73.4,42.2,-0.994,1.996
73.4,42.7,1.314,1.996
73.4,43.2,0.545,1.997
73.4,43.7,-0.224,1.998
73.4,44.2,-0.994,1.999
73.4,44.7,1.378,1.999
73.4,45.2,0.609,1.999
73.4,45.7,-0.160,2.000
73.4,46.2,-0.930,2.000
73.4,46.7,1.443,1.999
73.4,47.2,0.673,1.999
73.4,47.7,-0.160,1.999
73.4,48.2,-0.930,2.000
73.4,48.7,1.443,2.000
73.4,49.2,0.673,2.000
73.4,49.7,-0.096,1.999
73.4,50.3,-0.866,1.999
73.4,50.8,1.507,1.998
73.4,51.3,0.673,1.997
73.4,51.8,-0.096,1.997
73.4,52.3,-0.866,1.997
73.4,52.8,1.507,1.996
73.4,53.3,0.737,1.996
73.4,53.8,-0.032,1.995
73.4,54.3,-0.801,1.993
73.4,54.8,1.507,1.992
73.4,55.3,0.737,1.992
73.4,55.8,-0.032,1.991
73.4,56.3,-0.801,1.990
73.4,56.8,1.571,1.989
73.4,57.3,0.801,1.987
73.4,57.8,-0.032,1.986
73.4,58.3,-0.801,1.985
73.4,58.8,-1.571,1.984
73.4,59.3,0.801,1.982
73.4,59.8,0.032,1.980
73.4,60.3,-0.737,1.978
73.4,60.8,-1.571,1.977
73.4,61.3,0.801,1.976
73.4,61.8,0.032,1.974
73.4,62.3,-0.737,1.972
73.4,62.8,-1.507,1.969
73.4,63.3,0.801,1.968
73.4,63.8,0.032,1.966
73.4,64.3,-0.737,1.964
73.4,64.8,-1.507,1.962
73.4,65.3,0.866,1.959
73.4,65.8,0.032,1.957
73.4,66.3,-0.737,1.955
73.4,66.8,-1.507,1.952
73.4,67.3,0.866,1.949
73.4,67.8,0.032,1.947
73.4,68.3,-0.737,1.945
73.4,68.8,-1.507,1.942
73.4,69.3,0.866,1.939
73.4,69.8,0.032,1.936
73.4,70.4,-0.737,1.933
73.4,70.9,-1.507,1.931
73.4,71.4,0.866,1.927
73.4,71.9,0.096,1.924
73.4,72.4,-0.737,1.921
73.4,72.9,-1.507,1.918
73.4,73.4,0.866,1.915
73.4,73.9,0.032,1.911
73.4,74.4,-0.737,1.908
73.4,74.9,-1.507,1.905
73.4,75.4,0.866,1.901
73.4,75.9,0.032,1.897
73.4,76.4,-0.737,1.894
73.4,76.9,-1.507,1.891
73.4,77.4,0.866,1.886
73.4,77.9,0.032,1.883
73.4,78.4,-0.737,1.879
73.4,78.9,-1.507,1.875
73.4,79.4,0.801,1.870
73.4,79.9,0.032,1.867
73.4,80.4,-0.737,1.863
73.4,80.9,-1.507,1.858
73.4,81.4,0.801,1.854
73.4,81.9,0.032,1.850
73.4,82.4,-0.737,1.846
73.4,82.9,-1.571,1.841
73.4,83.4,0.801,1.837
73.4,83.9,0.032,1.832
73.4,84.4,-0.801,1.827
73.4,84.9,-1.571,1.823
73.4,85.4,0.801,1.818
73.4,85.9,-0.032,1.813
73.4,86.4,-0.801,1.809
73.4,86.9,1.571,1.804
73.4,87.4,0.737,1.798
73.4,87.9,-0.032,1.794
73.4,88.4,-0.801,1.789
73.4,88.9,1.507,1.783
73.4,89.4,0.737,1.778
73.4,89.9,-0.032,1.773
73.4,90.5,-0.866,1.767
73.4,91.0,1.507,1.762
73.4,91.5,0.737,1.757
73.4,92.0,-0.096,1.751
73.4,92.5,-0.866,1.746
73.4,93.0,1.507,1.740
73.4,93.5,0.673,1.734
73.4,94.0,-0.096,1.729
73.4,94.5,-0.866,1.722
73.4,95.0,1.443,1.717
73.4,95.5,0.673,1.711
73.4,96.0,-0.160,1.705
73.4,96.5,-0.930,1.699
73.4,97.0,1.443,1.693
73.4,97.5,0.609,1.687
73.4,98.0,-0.160,1.681
73.4,98.5,-0.930,1.674
73.4,99.0,1.378,1.668
73.4,99.5,0.609,1.662
73.4,100.0,-0.224,1.655
73.9,0.0,-1.378,1.713
73.9,0.5,0.994,1.719
73.9,1.0,0.224,1.725
73.9,1.5,-0.545,1.730
73.9,2.0,-1.314,1.736
73.9,2.5,1.058,1.741
73.9,3.0,0.289,1.746
73.9,3.5,-0.481,1.751
73.9,4.0,-1.186,1.757
73.9,4.5,1.186,1.763
73.9,5.0,0.417,1.768
73.9,5.5,-0.353,1.773
73.9,6.0,-1.122,1.778
73.9,6.5,1.250,1.783
73.9,7.0,0.481,1.788
73.9,7.5,-0.289,1.793
73.9,8.0,-1.058,1.798
73.9,8.5,1.378,1.802
73.9,9.0,0.609,1.807
73.9,9.5,-0.160,1.812
73.9,10.1,-0.930,1.817
73.9,10.6,1.443,1.822
73.9,11.1,0.673,1.827
73.9,11.6,-0.096,1.831
73.9,12.1,-0.866,1.836
73.9,12.6,1.507,1.840
73.9,13.1,0.737,1.844
73.9,13.6,-0.032,1.849
73.9,14.1,-0.801,1.853
73.9,14.6,-1.571,1.857
73.9,15.1,0.801,1.861
73.9,15.6,0.032,1.865
73.9,16.1,-0.673,1.869
73.9,16.6,-1.443,1.873
73.9,17.1,0.930,1.877
73.9,17.6,0.160,1.881
73.9,18.1,-0.609,1.885
73.9,18.6,-1.378,1.888
73.9,19.1,0.994,1.892
73.9,19.6,0.224,1.896
73.9,20.1,-0.545,1.899
73.9,20.6,-1.314,1.903
73.9,21.1,1.058,1.906
73.9,21.6,0.289,1.910
73.9,22.1,-0.481,1.913
73.9,22.6,-1.250,1.916
73.9,23.1,1.122,1.919
73.9,23.6,0.353,1.923
73.9,24.1,-0.417,1.926
73.9,24.6,-1.186,1.929
73.9,25.1,1.186,1.932
73.9,25.6,0.417,1.934
73.9,26.1,-0.353,1.937
73.9,26.6,-1.122,1.940
73.9,27.1,1.250,1.943
73.9,27.6,0.481,1.945
73.9,28.1,-0.289,1.948
73.9,28.6,-1.058,1.951
73.9,29.1,1.314,1.953
73.9,29.6,0.545,1.955
73.9,30.2,-0.224,1.958
73.9,30.7,-0.994,1.960
73.9,31.2,1.378,1.962
73.9,31.7,0.609,1.964
73.9,32.2,-0.160,1.966
73.9,32.7,-0.930,1.968
73.9,33.2,1.443,1.970
73.9,33.7,0.673,1.972
73.9,34.2,-0.096,1.974
73.9,34.7,-0.866,1.975
73.9,35.2,1.507,1.977
73.9,35.7,0.673,1.978
73.9,36.2,-0.096,1.980
73.9,36.7,-0.866,1.982
73.9,37.2,1.507,1.983
73.9,37.7,0.737,1.985
73.9,38.2,-0.032,1.986
73.9,38.7,-0.801,1.988
73.9,39.2,-1.571,1.989
73.9,39.7,0.801,1.990
73.9,40.2,0.032,1.991
73.9,40.7,-0.737,1.992
73.9,41.2,-1.507,1.993
73.9,41.7,0.866,1.994
73.9,42.2,0.096,1.994
73.9,42.7,-0.673,1.995
73.9,43.2,-1.507,1.996
73.9,43.7,0.866,1.997
73.9,44.2,0.096,1.997
73.9,44.7,-0.673,1.998
73.9,45.2,-1.443,1.999
73.9,45.7,0.930,1.999
73.9,46.2,0.160,1.999
73.9,46.7,-0.609,1.999
73.9,47.2,-1.378,1.999
73.9,47.7,0.930,1.999
73.9,48.2,0.160,1.999
73.9,48.7,-0.609,2.000
73.9,49.2,-1.378,2.000
73.9,49.7,0.994,2.000
73.9,50.3,0.224,2.000
73.9,50.8,-0.545,1.999
73.9,51.3,-1.314,1.998
73.9,51.8,0.994,1.998
73.9,52.3,0.224,1.998
73.9,52.8,-0.545,1.998
73.9,53.3,-1.314,1.997
73.9,53.8,1.058,1.996
73.9,54.3,0.289,1.996
73.9,54.8,-0.481,1.994
73.9,55.3,-1.314,1.993
73.9,55.8,1.058,1.993
73.9,56.3,0.289,1.992
73.9,56.8,-0.481,1.991
73.9,57.3,-1.250,1.990
73.9,57.8,1.122,1.988
73.9,58.3,0.289,1.987
73.9,58.8,-0.481,1.986
73.9,59.3,-1.250,1.985
73.9,59.8,1.122,1.984
73.9,60.3,0.353,1.982
73.9,60.8,-0.417,1.980
73.9,61.3,-1.250,1.979
73.9,61.8,1.122,1.977
73.9,62.3,0.353,1.976
73.9,62.8,-0.417,1.974
73.9,63.3,-1.186,1.972
73.9,63.8,1.122,1.970
73.9,64.3,0.353,1.968
73.9,64.8,-0.417,1.966
73.9,65.3,-1.186,1.964
73.9,65.8,1.186,1.961
73.9,66.3,0.353,1.959
73.9,66.8,-0.417,1.957
73.9,67.3,-1.186,1.955
73.9,67.8,1.186,1.952
73.9,68.3,0.353,1.949
73.9,68.8,-0.417,1.947
73.9,69.3,-1.186,1.945
73.9,69.8,1.186,1.942
73.9,70.4,0.417,1.939
73.9,70.9,-0.417,1.936
73.9,71.4,-1.186,1.934
73.9,71.9,1.186,1.931
73.9,72.4,0.417,1.927
73.9,72.9,-0.417,1.924
73.9,73.4,-1.186,1.922
73.9,73.9,1.186,1.918
73.9,74.4,0.417,1.915
73.9,74.9,-0.417,1.911
73.9,75.4,-1.186,1.908
73.9,75.9,1.186,1.905
73.9,76.4,0.417,1.901
73.9,76.9,-0.417,1.898
73.9,77.4,-1.186,1.894
73.9,77.9,1.186,1.890
73.9,78.4,0.353,1.886
73.9,78.9,-0.417,1.883
73.9,79.4,-1.186,1.879
73.9,79.9,1.186,1.875
73.9,80.4,0.353,1.871
73.9,80.9,-0.417,1.867
73.9,81.4,-1.186,1.863
73.9,81.9,1.122,1.858
73.9,82.4,0.353,1.855
73.9,82.9,-0.417,1.850
73.9,83.4,-1.186,1.845
73.9,83.9,1.122,1.841
73.9,84.4,0.353,1.837
73.9,84.9,-0.417,1.832
73.9,85.4,-1.250,1.828
73.9,85.9,1.122,1.823
73.9,86.4,0.353,1.818
73.9,86.9,-0.481,1.813
73.9,87.4,-1.250,1.809
73.9,87.9,1.122,1.804
73.9,88.4,0.289,1.799
73.9,88.9,-0.481,1.794
73.9,89.4,-1.250,1.789
73.9,89.9,1.058,1.783
73.9,90.5,0.289,1.779
73.9,91.0,-0.481,1.773
73.9,91.5,-1.314,1.768
73.9,92.0,1.058,1.763
73.9,92.5,0.289,1.757
73.9,93.0,-0.545,1.751
73.9,93.5,-1.314,1.746
73.9,94.0,1.058,1.740
73.9,94.5,0.224,1.735
73.9,95.0,-0.545,1.729
73.9,95.5,-1.378,1.723
73.9,96.0,0.994,1.717
73.9,96.5,0.224,1.711
73.9,97.0,-0.609,1.705
73.9,97.5,-1.378,1.700
73.9,98.0,0.994,1.693
73.9,98.5,0.160,1.687
73.9,99.0,-0.609,1.681
73.9,99.5,-1.443,1.674
73.9,100.0,0.930,1.669
74.4,0.0,-0.353,1.701
74.4,0.5,-1.122,1.707
74.4,1.0,1.250,1.712
74.4,1.5,0.545,1.718
74.4,2.0,-0.224,1.724
74.4,2.5,-0.994,1.730
74.4,3.0,1.378,1.735
74.4,3.5,0.609,1.741
74.4,4.0,-0.160,1.746
74.4,4.5,-0.930,1.751
74.4,5.0,1.443,1.756
74.4,5.5,0.737,1.762
74.4,6.0,-0.032,1.767
74.4,6.5,-0.801,1.773
74.4,7.0,1.571,1.778
74.4,7.5,0.801,1.783
74.4,8.0,0.032,1.788
74.4,8.5,-0.737,1.793
74.4,9.0,-1.507,1.798
74.4,9.5,0.866,1.803
74.4,10.1,0.096,1.807
74.4,10.6,-0.609,1.812
74.4,11.1,-1.378,1.817
74.4,11.6,0.994,1.822
74.4,12.1,0.224,1.826
74.4,12.6,-0.545,1.831
74.4,13.1,-1.314,1.835
74.4,13.6,1.058,1.840
74.4,14.1,0.289,1.844
74.4,14.6,-0.481,1.849
74.4,15.1,-1.250,1.853
74.4,15.6,1.122,1.857
74.4,16.1,0.353,1.861
74.4,16.6,-0.417,1.865
74.4,17.1,-1.186,1.869
74.4,17.6,1.186,1.872
74.4,18.1,0.417,1.876
74.4,18.6,-0.289,1.880
74.4,19.1,-1.058,1.884
74.4,19.6,1.314,1.888
74.4,20.1,0.545,1.892
74.4,20.6,-0.224,1.895
74.4,21.1,-0.994,1.899
74.4,21.6,1.378,1.902
74.4,22.1,0.609,1.906
74.4,22.6,-0.160,1.909
74.4,23.1,-0.930,1.913
74.4,23.6,1.443,1.916
74.4,24.1,0.673,1.919
74.4,24.6,-0.096,1.922
74.4,25.1,-0.866,1.925
74.4,25.6,1.507,1.928
74.4,26.1,0.737,1.931
74.4,26.6,-0.032,1.934
74.4,27.1,-0.801,1.937
74.4,27.6,1.571,1.940
74.4,28.1,0.801,1.943
74.4,28.6,0.032,1.945
74.4,29.1,-0.737,1.948
74.4,29.6,-1.507,1.950
74.4,30.2,0.866,1.953
74.4,30.7,0.096,1.955
74.4,31.2,-0.673,1.957
74.4,31.7,-1.443,1.960
74.4,32.2,0.930,1.962
74.4,32.7,0.160,1.964
74.4,33.2,-0.609,1.966
74.4,33.7,-1.378,1.968
74.4,34.2,0.994,1.970
74.4,34.7,0.224,1.971
74.4,35.2,-0.609,1.973
74.4,35.7,-1.378,1.975
74.4,36.2,0.994,1.977
74.4,36.7,0.224,1.979
74.4,37.2,-0.545,1.980
74.4,37.7,-1.314,1.982
74.4,38.2,1.058,1.984
74.4,38.7,0.289,1.985
74.4,39.2,-0.481,1.987
74.4,39.7,-1.250,1.988
74.4,40.2,1.122,1.989
74.4,40.7,0.353,1.990
74.4,41.2,-0.417,1.991
74.4,41.7,-1.186,1.992
74.4,42.2,1.186,1.993
74.4,42.7,0.417,1.993
74.4,43.2,-0.417,1.994
74.4,43.7,-1.186,1.995
74.4,44.2,1.186,1.996
74.4,44.7,0.417,1.997
74.4,45.2,-0.353,1.998
74.4,45.7,-1.122,1.998
74.4,46.2,1.250,1.999
74.4,46.7,0.481,1.999
74.4,47.2,-0.289,1.999
74.4,47.7,-1.058,1.999
74.4,48.2,1.250,1.999
74.4,48.7,0.481,1.999
74.4,49.2,-0.289,2.000
74.4,49.7,-1.058,2.000
74.4,50.3,1.314,2.000
74.4,50.8,0.545,2.000
74.4,51.3,-0.224,1.999
74.4,51.8,-0.994,1.999
74.4,52.3,1.314,1.998
74.4,52.8,0.545,1.998
74.4,53.3,-0.224,1.998
74.4,53.8,-0.994,1.998
74.4,54.3,1.378,1.997
74.4,54.8,0.609,1.996
74.4,55.3,-0.160,1.995
74.4,55.8,-0.994,1.994
74.4,56.3,1.378,1.994
74.4,56.8,0.609,1.993
74.4,57.3,-0.160,1.992
74.4,57.8,-0.930,1.991
74.4,58.3,1.443,1.990
74.4,58.8,0.609,1.988
74.4,59.3,-0.160,1.988
74.4,59.8,-0.930,1.987
74.4,60.3,1.443,1.985
74.4,60.8,0.673,1.984
74.4,61.3,-0.096,1.982
74.4,61.8,-0.930,1.980
74.4,62.3,1.443,1.979
74.4,62.8,0.673,1.978
74.4,63.3,-0.096,1.976
74.4,63.8,-0.866,1.974
74.4,64.3,1.443,1.971
74.4,64.8,0.673,1.970
74.4,65.3,-0.096,1.968
74.4,65.8,-0.866,1.966
74.4,66.3,1.507,1.964
74.4,66.8,0.673,1.961
74.4,67.3,-0.096,1.960
74.4,67.8,-0.866,1.957
74.4,68.3,1.507,1.955
74.4,68.8,0.737,1.952
74.4,69.3,-0.096,1.950
74.4,69.8,-0.866,1.948
74.4,70.4,1.507,1.945
74.4,70.9,0.737,1.942
74.4,71.4,-0.096,1.939
74.4,71.9,-0.866,1.937
74.4,72.4,1.507,1.934
74.4,72.9,0.737,1.931
74.4,73.4,-0.096,1.927
74.4,73.9,-0.866,1.925
74.4,74.4,1.507,1.922
74.4,74.9,0.737,1.918
74.4,75.4,-0.096,1.915
74.4,75.9,-0.866,1.912
74.4,76.4,1.507,1.909
74.4,76.9,0.737,1.905
74.4,77.4,-0.096,1.901
74.4,77.9,-0.866,1.898
74.4,78.4,1.507,1.894
74.4,78.9,0.737,1.890
74.4,79.4,-0.096,1.887
74.4,79.9,-0.866,1.883
74.4,80.4,1.507,1.879
74.4,80.9,0.673,1.875
74.4,81.4,-0.096,1.871
74.4,81.9,-0.866,1.867
74.4,82.4,1.507,1.863
74.4,82.9,0.673,1.859
74.4,83.4,-0.096,1.855
74.4,83.9,-0.866,1.850
74.4,84.4,1.443,1.846
74.4,84.9,0.673,1.842
74.4,85.4,-0.096,1.837
74.4,85.9,-0.930,1.832
74.4,86.4,1.443,1.828
74.4,86.9,0.673,1.823
74.4,87.4,-0.096,1.818
74.4,87.9,-0.930,1.814
74.4,88.4,1.443,1.809
74.4,88.9,0.673,1.803
74.4,89.4,-0.160,1.799
74.4,89.9,-0.930,1.794
74.4,90.5,1.443,1.788
74.4,91.0,0.609,1.784
74.4,91.5,-0.160,1.779
74.4,92.0,-0.994,1.773
74.4,92.5,1.378,1.768
74.4,93.0,0.609,1.763
74.4,93.5,-0.224,1.757
74.4,94.0,-0.994,1.752
74.4,94.5,1.378,1.746
74.4,95.0,0.545,1.740
74.4,95.5,-0.224,1.735
74.4,96.0,-0.994,1.729
74.4,96.5,1.314,1.723
74.4,97.0,0.545,1.718
74.4,97.5,-0.224,1.711
74.4,98.0,-1.058,1.706
74.4,98.5,1.314,1.699
74.4,99.0,0.481,1.693
74.4,99.5,-0.289,1.687
74.4,100.0,-1.058,1.681
74.9,0.0,0.737,1.689
74.9,0.5,-0.032,1.695
74.9,1.0,-0.801,1.701
74.9,1.5,-1.571,1.707
74.9,2.0,0.801,1.712
74.9,2.5,0.032,1.718
74.9,3.0,-0.673,1.723
74.9,3.5,-1.443,1.729
74.9,4.0,0.930,1.735
74.9,4.5,0.160,1.741
74.9,5.0,-0.609,1.746
74.9,5.5,-1.378,1.751
74.9,6.0,0.994,1.757
74.9,6.5,0.224,1.762
74.9,7.0,-0.545,1.767
74.9,7.5,-1.250,1.772
74.9,8.0,1.122,1.777
74.9,8.5,0.353,1.783
74.9,9.0,-0.417,1.788
74.9,9.5,-1.186,1.793
74.9,10.1,1.186,1.798
74.9,10.6,0.417,1.803
74.9,11.1,-0.353,1.807
74.9,11.6,-1.122,1.812
74.9,12.1,1.250,1.816
74.9,12.6,0.545,1.821
74.9,13.1,-0.224,1.826
74.9,13.6,-0.994,1.830
74.9,14.1,1.378,1.835
74.9,14.6,0.609,1.840
74.9,15.1,-0.160,1.844
74.9,15.6,-0.930,1.848
74.9,16.1,1.443,1.853
74.9,16.6,0.673,1.857
74.9,17.1,-0.096,1.861
74.9,17.6,-0.866,1.865
74.9,18.1,1.507,1.869
74.9,18.6,0.737,1.873
74.9,19.1,-0.032,1.877
74.9,19.6,-0.801,1.880
74.9,20.1,-1.571,1.884
74.9,20.6,0.801,1.887
74.9,21.1,0.032,1.891
74.9,21.6,-0.673,1.895
74.9,22.1,-1.443,1.898
74.9,22.6,0.930,1.902
74.9,23.1,0.160,1.905
74.9,23.6,-0.609,1.909
74.9,24.1,-1.378,1.912
74.9,24.6,0.994,1.915
74.9,25.1,0.224,1.919
74.9,25.6,-0.545,1.922
74.9,26.1,-1.314,1.925
74.9,26.6,1.058,1.928
74.9,27.1,0.289,1.931
74.9,27.6,-0.481,1.934
74.9,28.1,-1.250,1.937
74.9,28.6,1.122,1.939
74.9,29.1,0.353,1.942
74.9,29.6,-0.417,1.945
74.9,30.2,-1.186,1.947
74.9,30.7,1.186,1.950
74.9,31.2,0.417,1.952
74.9,31.7,-0.353,1.955
74.9,32.2,-1.122,1.957
74.9,32.7,1.250,1.959
74.9,33.2,0.481,1.961
74.9,33.7,-0.289,1.963
74.9,34.2,-1.122,1.965
74.9,34.7,1.250,1.967
74.9,35.2,0.481,1.970
74.9,35.7,-0.289,1.972
74.9,36.2,-1.058,1.974
74.9,36.7,1.314,1.975
74.9,37.2,0.545,1.977
74.9,37.7,-0.224,1.979
74.9,38.2,-0.994,1.981
74.9,38.7,1.378,1.982
74.9,39.2,0.609,1.984
74.9,39.7,-0.160,1.985
74.9,40.2,-0.930,1.986
74.9,40.7,1.443,1.988
74.9,41.2,0.673,1.989
74.9,41.7,-0.096,1.990
74.9,42.2,-0.866,1.991
74.9,42.7,1.507,1.991
74.9,43.2,0.673,1.992
74.9,43.7,-0.096,1.994
74.9,44.2,-0.866,1.995
74.9,44.7,1.507,1.996
74.9,45.2,0.737,1.996
74.9,45.7,-0.032,1.997
74.9,46.2,-0.801,1.998
74.9,46.7,1.571,1.998
74.9,47.2,0.801,1.998
74.9,47.7,0.032,1.998
74.9,48.2,-0.737,1.998
74.9,48.7,-1.571,1.999
74.9,49.2,0.801,1.999
74.9,49.7,0.032,2.000
74.9,50.3,-0.737,2.000
74.9,50.8,-1.507,2.000
74.9,51.3,0.866,2.000
74.9,51.8,0.096,1.999
74.9,52.3,-0.673,1.999
74.9,52.8,-1.507,1.999
74.9,53.3,0.866,1.999
74.9,53.8,0.096,1.999
74.9,54.3,-0.673,1.998
74.9,54.8,-1.443,1.998
74.9,55.3,0.930,1.997
74.9,55.8,0.160,1.996
74.9,56.3,-0.673,1.995
74.9,56.8,-1.443,1.995
74.9,57.3,0.930,1.994
74.9,57.8,0.160,1.993
74.9,58.3,-0.609,1.992
74.9,58.8,-1.378,1.991
74.9,59.3,0.930,1.989
74.9,59.8,0.160,1.989
74.9,60.3,-0.609,1.988
74.9,60.8,-1.378,1.987
74.9,61.3,0.994,1.985
74.9,61.8,0.224,1.983
74.9,62.3,-0.609,1.982
74.9,62.8,-1.378,1.981
74.9,63.3,0.994,1.979
74.9,63.8,0.224,1.978
74.9,64.3,-0.545,1.976
74.9,64.8,-1.314,1.973
74.9,65.3,0.994,1.972
74.9,65.8,0.224,1.970
74.9,66.3,-0.545,1.968
74.9,66.8,-1.314,1.966
74.9,67.3,0.994,1.963
74.9,67.8,0.224,1.962
74.9,68.3,-0.545,1.960
74.9,68.8,-1.314,1.957
74.9,69.3,1.058,1.955
74.9,69.8,0.224,1.952
74.9,70.4,-0.545,1.950
74.9,70.9,-1.314,1.948
74.9,71.4,1.058,1.945
74.9,71.9,0.289,1.941
74.9,72.4,-0.545,1.939
74.9,72.9,-1.314,1.937
74.9,73.4,1.058,1.934
74.9,73.9,0.289,1.930
74.9,74.4,-0.545,1.928
74.9,74.9,-1.314,1.925
74.9,75.4,1.058,1.922
74.9,75.9,0.289,1.918
74.9,76.4,-0.545,1.915
74.9,76.9,-1.314,1.912
74.9,77.4,1.058,1.909
74.9,77.9,0.289,1.904
74.9,78.4,-0.545,1.902
74.9,78.9,-1.314,1.898
74.9,79.4,1.058,1.894
74.9,79.9,0.224,1.890
74.9,80.4,-0.545,1.887
74.9,80.9,-1.314,1.883
74.9,81.4,1.058,1.879
74.9,81.9,0.224,1.875
74.9,82.4,-0.545,1.872
74.9,82.9,-1.314,1.867
74.9,83.4,0.994,1.863
74.9,83.9,0.224,1.859
74.9,84.4,-0.545,1.855
74.9,84.9,-1.314,1.850
74.9,85.4,0.994,1.846
74.9,85.9,0.224,1.842
74.9,86.4,-0.545,1.837
74.9,86.9,-1.378,1.832
74.9,87.4,0.994,1.828
74.9,87.9,0.224,1.823
74.9,88.4,-0.609,1.818
74.9,88.9,-1.378,1.814
74.9,89.4,0.994,1.809
74.9,89.9,0.160,1.804
74.9,90.5,-0.609,1.799
74.9,91.0,-1.378,1.794
74.9,91.5,0.930,1.789
74.9,92.0,0.160,1.784
74.9,92.5,-0.609,1.778
74.9,93.0,-1.443,1.773
74.9,93.5,0.930,1.768
74.9,94.0,0.160,1.762
74.9,94.5,-0.673,1.757
74.9,95.0,-1.443,1.752
74.9,95.5,0.930,1.746
74.9,96.0,0.096,1.741
74.9,96.5,-0.673,1.735
74.9,97.0,-1.507,1.728
74.9,97.5,0.866,1.723
74.9,98.0,0.096,1.717
74.9,98.5,-0.737,1.711
74.9,99.0,-1.507,1.706
74.9,99.5,0.866,1.699
74.9,100.0,0.032,1.694
75.4,0.0,-1.378,1.676
75.4,0.5,0.994,1.682
75.4,1.0,0.289,1.688
75.4,1.5,-0.481,1.694
75.4,2.0,-1.250,1.700
75.4,2.5,1.122,1.706
75.4,3.0,0.353,1.712
75.4,3.5,-0.417,1.718
75.4,4.0,-1.186,1.723
75.4,4.5,1.250,1.728
75.4,5.0,0.481,1.734
75.4,5.5,-0.289,1.740
75.4,6.0,-1.058,1.746
75.4,6.5,1.314,1.751
75.4,7.0,0.545,1.757
75.4,7.5,-0.224,1.762
75.4,8.0,-0.994,1.767
75.4,8.5,1.378,1.772
75.4,9.0,0.673,1.777
75.4,9.5,-0.096,1.782
75.4,10.1,-0.866,1.787
75.4,10.6,1.507,1.793
75.4,11.1,0.737,1.798
75.4,11.6,-0.032,1.802
75.4,12.1,-0.801,1.807
75.4,12.6,-1.571,1.812
75.4,13.1,0.801,1.816
75.4,13.6,0.032,1.821
75.4,14.1,-0.737,1.825
75.4,14.6,-1.443,1.830
75.4,15.1,0.930,1.834
75.4,15.6,0.160,1.839
75.4,16.1,-0.609,1.844
75.4,16.6,-1.378,1.848
75.4,17.1,0.994,1.852
75.4,17.6,0.224,1.857
75.4,18.1,-0.545,1.861
75.4,18.6,-1.314,1.865
75.4,19.1,1.058,1.869
75.4,19.6,0.289,1.873
75.4,20.1,-0.481,1.877
75.4,20.6,-1.250,1.880
75.4,21.1,1.122,1.884
75.4,21.6,0.353,1.888
75.4,22.1,-0.417,1.891
75.4,22.6,-1.186,1.895
75.4,23.1,1.186,1.898
75.4,23.6,0.417,1.902
75.4,24.1,-0.353,1.905
75.4,24.6,-1.122,1.908
75.4,25.1,1.250,1.912
75.4,25.6,0.481,1.915
75.4,26.1,-0.224,1.918
75.4,26.6,-0.994,1.921
75.4,27.1,1.378,1.924
75.4,27.6,0.609,1.927
75.4,28.1,-0.160,1.930
75.4,28.6,-0.930,1.933
75.4,29.1,1.443,1.936
75.4,29.6,0.673,1.939
75.4,30.2,-0.096,1.942
75.4,30.7,-0.866,1.944
75.4,31.2,1.507,1.947
75.4,31.7,0.737,1.949
75.4,32.2,-0.096,1.952
75.4,32.7,-0.866,1.954
75.4,33.2,1.507,1.957
75.4,33.7,0.737,1.959
75.4,34.2,-0.032,1.961
75.4,34.7,-0.801,1.963
75.4,35.2,-1.571,1.966
75.4,35.7,0.801,1.968
75.4,36.2,0.032,1.970
75.4,36.7,-0.737,1.972
75.4,37.2,-1.507,1.974
75.4,37.7,0.866,1.976
75.4,38.2,0.096,1.977
75.4,38.7,-0.673,1.979
75.4,39.2,-1.443,1.981
75.4,39.7,0.930,1.982
75.4,40.2,0.160,1.984
75.4,40.7,-0.609,1.985
75.4,41.2,-1.378,1.986
75.4,41.7,0.994,1.987
75.4,42.2,0.224,1.988
75.4,42.7,-0.545,1.989
75.4,43.2,-1.378,1.990
75.4,43.7,0.994,1.992
75.4,44.2,0.224,1.993
75.4,44.7,-0.545,1.994
75.4,45.2,-1.314,1.995
75.4,45.7,1.058,1.996
75.4,46.2,0.289,1.996
75.4,46.7,-0.481,1.997
75.4,47.2,-1.250,1.997
75.4,47.7,1.122,1.998
75.4,48.2,0.353,1.998
75.4,48.7,-0.481,1.998
75.4,49.2,-1.250,1.999
75.4,49.7,1.122,1.999
75.4,50.3,0.353,2.000
75.4,50.8,-0.417,2.000
75.4,51.3,-1.186,2.000
75.4,51.8,1.186,2.000
75.4,52.3,0.417,1.999
75.4,52.8,-0.353,1.999
75.4,53.3,-1.186,1.999
75.4,53.8,1.186,1.999
75.4,54.3,0.417,1.999
75.4,54.8,-0.353,1.999
75.4,55.3,-1.122,1.998
75.4,55.8,1.250,1.997
75.4,56.3,0.481,1.996
75.4,56.8,-0.353,1.996
75.4,57.3,-1.122,1.996
75.4,57.8,1.250,1.995
75.4,58.3,0.481,1.994
75.4,58.8,-0.289,1.993
75.4,59.3,-1.058,1.992
75.4,59.8,1.314,1.990
75.4,60.3,0.481,1.990
75.4,60.8,-0.289,1.989
75.4,61.3,-1.058,1.988
75.4,61.8,1.314,1.987
75.4,62.3,0.545,1.985
75.4,62.8,-0.289,1.983
75.4,63.3,-1.058,1.982
75.4,63.8,1.314,1.981
75.4,64.3,0.545,1.979
75.4,64.8,-0.224,1.977
75.4,65.3,-0.994,1.975
75.4,65.8,1.314,1.974
75.4,66.3,0.545,1.972
75.4,66.8,-0.224,1.970
75.4,67.3,-0.994,1.968
75.4,67.8,1.378,1.966
75.4,68.3,0.545,1.964
75.4,68.8,-0.224,1.962
75.4,69.3,-0.994,1.960
75.4,69.8,1.378,1.957
75.4,70.4,0.545,1.954
75.4,70.9,-0.224,1.953
75.4,71.4,-0.994,1.950
75.4,71.9,1.378,1.948
75.4,72.4,0.609,1.944
75.4,72.9,-0.224,1.942
75.4,73.4,-0.994,1.940
75.4,73.9,1.378,1.937
75.4,74.4,0.609,1.934
75.4,74.9,-0.224,1.930
75.4,75.4,-0.994,1.928
75.4,75.9,1.378,1.925
75.4,76.4,0.609,1.921
75.4,76.9,-0.224,1.918
75.4,77.4,-0.994,1.915
75.4,77.9,1.378,1.912
75.4,78.4,0.609,1.908
75.4,78.9,-0.224,1.905
75.4,79.4,-0.994,1.902
75.4,79.9,1.378,1.898
75.4,80.4,0.609,1.894
75.4,80.9,-0.224,1.891
75.4,81.4,-0.994,1.887
75.4,81.9,1.378,1.883
75.4,82.4,0.545,1.879
75.4,82.9,-0.224,1.876
75.4,83.4,-0.994,1.872
75.4,83.9,1.378,1.867
75.4,84.4,0.545,1.863
75.4,84.9,-0.224,1.859
75.4,85.4,-0.994,1.855
75.4,85.9,1.314,1.850
75.4,86.4,0.545,1.846
75.4,86.9,-0.224,1.842
75.4,87.4,-1.058,1.837
75.4,87.9,1.314,1.833
75.4,88.4,0.545,1.828
75.4,88.9,-0.224,1.823
75.4,89.4,-1.058,1.819
75.4,89.9,1.314,1.814
75.4,90.5,0.545,1.809
75.4,91.0,-0.289,1.804
75.4,91.5,-1.058,1.799
75.4,92.0,1.314,1.794
75.4,92.5,0.481,1.789
75.4,93.0,-0.289,1.784
75.4,93.5,-1.058,1.778
75.4,94.0,1.250,1.774
75.4,94.5,0.481,1.768
75.4,95.0,-0.289,1.762
75.4,95.5,-1.122,1.757
75.4,96.0,1.250,1.752
75.4,96.5,0.417,1.746
75.4,97.0,-0.353,1.741
75.4,97.5,-1.122,1.735
75.4,98.0,1.186,1.729
75.4,98.5,0.417,1.724
75.4,99.0,-0.353,1.717
75.4,99.5,-1.186,1.712
75.4,100.0,1.186,1.706
75.9,0.0,-0.289,1.664
75.9,0.5,-1.058,1.670
75.9,1.0,1.314,1.676
75.9,1.5,0.545,1.682
75.9,2.0,-0.224,1.688
75.9,2.5,-0.930,1.693
75.9,3.0,1.443,1.700
75.9,3.5,0.673,1.706
75.9,4.0,-0.096,1.712
75.9,4.5,-0.866,1.717
75.9,5.0,1.507,1.723
75.9,5.5,0.737,1.728
75.9,6.0,-0.032,1.734
75.9,6.5,-0.737,1.739
75.9,7.0,-1.507,1.745
75.9,7.5,0.866,1.751
75.9,8.0,0.096,1.756
75.9,8.5,-0.673,1.762
75.9,9.0,-1.443,1.767
75.9,9.5,0.930,1.772
75.9,10.1,0.160,1.777
75.9,10.6,-0.609,1.781
75.9,11.1,-1.314,1.787
75.9,11.6,1.058,1.792
75.9,12.1,0.289,1.797
75.9,12.6,-0.481,1.802
75.9,13.1,-1.250,1.807
75.9,13.6,1.122,1.812
75.9,14.1,0.353,1.816
75.9,14.6,-0.417,1.821
75.9,15.1,-1.186,1.825
75.9,15.6,1.186,1.830
75.9,16.1,0.417,1.834
75.9,16.6,-0.353,1.838
75.9,17.1,-1.058,1.843
75.9,17.6,1.314,1.847
75.9,18.1,0.545,1.852
75.9,18.6,-0.224,1.856
75.9,19.1,-0.994,1.860
75.9,19.6,1.378,1.864
75.9,20.1,0.609,1.869
75.9,20.6,-0.160,1.873
75.9,21.1,-0.930,1.876
75.9,21.6,1.443,1.880
75.9,22.1,0.673,1.884
75.9,22.6,-0.096,1.888
75.9,23.1,-0.866,1.891
75.9,23.6,1.507,1.895
75.9,24.1,0.737,1.899
75.9,24.6,-0.032,1.902
75.9,25.1,-0.801,1.905
75.9,25.6,-1.571,1.909
75.9,26.1,0.801,1.912
75.9,26.6,0.032,1.915
75.9,27.1,-0.737,1.918
75.9,27.6,-1.507,1.921
75.9,28.1,0.866,1.924
75.9,28.6,0.096,1.927
75.9,29.1,-0.673,1.930
75.9,29.6,-1.443,1.933
75.9,30.2,0.930,1.936
75.9,30.7,0.160,1.939
75.9,31.2,-0.609,1.942
75.9,31.7,-1.378,1.944
75.9,32.2,0.994,1.947
75.9,32.7,0.224,1.950
75.9,33.2,-0.545,1.952
75.9,33.7,-1.314,1.955
75.9,34.2,1.058,1.957
75.9,34.7,0.289,1.959
75.9,35.2,-0.481,1.962
75.9,35.7,-1.250,1.964
75.9,36.2,1.122,1.966
75.9,36.7,0.353,1.968
75.9,37.2,-0.417,1.970
75.9,37.7,-1.186,1.972
75.9,38.2,1.186,1.974
75.9,38.7,0.417,1.976
75.9,39.2,-0.353,1.977
75.9,39.7,-1.122,1.979
75.9,40.2,1.250,1.980
75.9,40.7,0.481,1.982
75.9,41.2,-0.289,1.983
75.9,41.7,-1.058,1.984
75.9,42.2,1.314,1.986
75.9,42.7,0.545,1.987
75.9,43.2,-0.289,1.988
75.9,43.7,-1.058,1.989
75.9,44.2,1.314,1.991
75.9,44.7,0.545,1.992
75.9,45.2,-0.224,1.993
75.9,45.7,-0.994,1.994
75.9,46.2,1.378,1.995
75.9,46.7,0.609,1.996
75.9,47.2,-0.160,1.996
75.9,47.7,-0.930,1.997
75.9,48.2,1.443,1.997
75.9,48.7,0.673,1.997
75.9,49.2,-0.160,1.998
75.9,49.7,-0.930,1.999
75.9,50.3,1.443,1.999
75.9,50.8,0.673,2.000
75.9,51.3,-0.096,2.000
75.9,51.8,-0.866,2.000
75.9,52.3,1.507,2.000
75.9,52.8,0.737,1.999
75.9,53.3,-0.032,1.999
75.9,53.8,-0.866,1.999
75.9,54.3,1.507,1.999
75.9,54.8,0.737,1.999
75.9,55.3,-0.032,1.999
75.9,55.8,-0.801,1.999
75.9,56.3,1.571,1.998
75.9,56.8,0.801,1.997
75.9,57.3,-0.032,1.996
75.9,57.8,-0.801,1.996
75.9,58.3,-1.571,1.996
75.9,58.8,0.801,1.995
75.9,59.3,0.032,1.994
75.9,59.8,-0.737,1.993
75.9,60.3,-1.507,1.992
75.9,60.8,0.801,1.991
75.9,61.3,0.032,1.990
75.9,61.8,-0.737,1.989
75.9,62.3,-1.507,1.988
75.9,62.8,0.866,1.986
75.9,63.3,0.096,1.984
75.9,63.8,-0.737,1.984
75.9,64.3,-1.507,1.982
75.9,64.8,0.866,1.981
75.9,65.3,0.096,1.979
75.9,65.8,-0.673,1.977
75.9,66.3,-1.507,1.975
75.9,66.8,0.866,1.974
75.9,67.3,0.096,1.972
75.9,67.8,-0.673,1.970
75.9,68.3,-1.443,1.968
75.9,68.8,0.866,1.966
75.9,69.3,0.096,1.964
75.9,69.8,-0.673,1.962
75.9,70.4,-1.443,1.960
75.9,70.9,0.930,1.957
75.9,71.4,0.096,1.955
75.9,71.9,-0.673,1.953
75.9,72.4,-1.443,1.950
75.9,72.9,0.930,1.947
75.9,73.4,0.096,1.944
75.9,73.9,-0.673,1.942
75.9,74.4,-1.443,1.940
75.9,74.9,0.930,1.937
75.9,75.4,0.160,1.933
75.9,75.9,-0.673,1.931
75.9,76.4,-1.443,1.928
75.9,76.9,0.930,1.925
75.9,77.4,0.160,1.921
75.9,77.9,-0.673,1.919
75.9,78.4,-1.443,1.916
75.9,78.9,0.930,1.912
75.9,79.4,0.096,1.908
75.9,79.9,-0.673,1.905
75.9,80.4,-1.443,1.902
75.9,80.9,0.930,1.898
75.9,81.4,0.096,1.894
75.9,81.9,-0.673,1.891
75.9,82.4,-1.443,1.887
75.9,82.9,0.930,1.883
75.9,83.4,0.096,1.879
75.9,83.9,-0.673,1.876
75.9,84.4,-1.443,1.871
75.9,84.9,0.866,1.867
75.9,85.4,0.096,1.864
75.9,85.9,-0.673,1.859
75.9,86.4,-1.443,1.854
75.9,86.9,0.866,1.851
75.9,87.4,0.096,1.846
75.9,87.9,-0.673,1.842
75.9,88.4,-1.507,1.837
75.9,88.9,0.866,1.833
75.9,89.4,0.096,1.828
75.9,89.9,-0.737,1.823
75.9,90.5,-1.507,1.819
75.9,91.0,0.866,1.814
75.9,91.5,0.032,1.809
75.9,92.0,-0.737,1.804
75.9,92.5,-1.507,1.799
75.9,93.0,0.801,1.794
75.9,93.5,0.032,1.789
75.9,94.0,-0.737,1.784
75.9,94.5,-1.571,1.778
75.9,95.0,0.801,1.774
75.9,95.5,0.032,1.768
75.9,96.0,-0.801,1.763
75.9,96.5,-1.571,1.758
75.9,97.0,0.801,1.752
75.9,97.5,-0.032,1.746
75.9,98.0,-0.801,1.741
75.9,98.5,1.571,1.735
75.9,99.0,0.737,1.729
75.9,99.5,-0.032,1.724
75.9,100.0,-0.866,1.717
76.4,0.0,0.737,1.651
76.4,0.5,-0.032,1.656
76.4,1.0,-0.737,1.663
76.4,1.5,-1.507,1.670
76.4,2.0,0.866,1.676
76.4,2.5,0.096,1.682
76.4,3.0,-0.673,1.688
76.4,3.5,-1.443,1.693
76.4,4.0,0.994,1.699
76.4,4.5,0.224,1.705
76.4,5.0,-0.545,1.711
76.4,5.5,-1.314,1.717
76.4,6.0,1.058,1.723
76.4,6.5,0.289,1.728
76.4,7.0,-0.481,1.734
76.4,7.5,-1.250,1.739
76.4,8.0,1.186,1.744
76.4,8.5,0.417,1.750
76.4,9.0,-0.353,1.756
76.4,9.5,-1.122,1.761
76.4,10.1,1.250,1.767
76.4,10.6,0.481,1.772
76.4,11.1,-0.289,1.777
76.4,11.6,-1.058,1.782
76.4,12.1,1.314,1.786
76.4,12.6,0.609,1.791
76.4,13.1,-0.160,1.796
76.4,13.6,-0.930,1.802
76.4,14.1,1.443,1.807
76.4,14.6,0.673,1.811
76.4,15.1,-0.096,1.816
76.4,15.6,-0.866,1.821
76.4,16.1,1.507,1.825
76.4,16.6,0.737,1.830
76.4,17.1,-0.032,1.834
76.4,17.6,-0.801,1.839
76.4,18.1,-1.571,1.843
76.4,18.6,0.801,1.847
76.4,19.1,0.096,1.851
76.4,19.6,-0.673,1.855
76.4,20.1,-1.443,1.860
76.4,20.6,0.930,1.864
76.4,21.1,0.160,1.868
76.4,21.6,-0.609,1.872
76.4,22.1,-1.378,1.876
76.4,22.6,0.994,1.880
76.4,23.1,0.224,1.884
76.4,23.6,-0.545,1.888
76.4,24.1,-1.314,1.891
76.4,24.6,1.058,1.895
76.4,25.1,0.289,1.899
76.4,25.6,-0.481,1.902
76.4,26.1,-1.250,1.905
76.4,26.6,1.122,1.909
76.4,27.1,0.353,1.912
76.4,27.6,-0.417,1.915
76.4,28.1,-1.186,1.918
76.4,28.6,1.186,1.922
76.4,29.1,0.417,1.925
76.4,29.6,-0.353,1.928
76.4,30.2,-1.122,1.931
76.4,30.7,1.250,1.934
76.4,31.2,0.481,1.936
76.4,31.7,-0.289,1.939
76.4,32.2,-1.058,1.942
76.4,32.7,1.314,1.945
76.4,33.2,0.545,1.947
76.4,33.7,-0.224,1.950
76.4,34.2,-0.994,1.952
76.4,34.7,1.378,1.955
76.4,35.2,0.609,1.957
76.4,35.7,-0.160,1.959
76.4,36.2,-0.930,1.962
76.4,36.7,1.443,1.964
76.4,37.2,0.673,1.966
76.4,37.7,-0.096,1.968
76.4,38.2,-0.866,1.970
76.4,38.7,1.507,1.972
76.4,39.2,0.737,1.974
76.4,39.7,-0.032,1.975
76.4,40.2,-0.801,1.977
76.4,40.7,1.571,1.979
76.4,41.2,0.801,1.980
76.4,41.7,0.032,1.981
76.4,42.2,-0.737,1.983
76.4,42.7,-1.571,1.984
76.4,43.2,0.801,1.986
76.4,43.7,0.032,1.987
76.4,44.2,-0.737,1.988
76.4,44.7,-1.507,1.990
76.4,45.2,0.866,1.991
76.4,45.7,0.096,1.992
76.4,46.2,-0.673,1.993
76.4,46.7,-1.443,1.994
76.4,47.2,0.930,1.995
76.4,47.7,0.160,1.995
76.4,48.2,-0.609,1.996
76.4,48.7,-1.378,1.996
76.4,49.2,0.930,1.997
76.4,49.7,0.160,1.998
76.4,50.3,-0.609,1.998
76.4,50.8,-1.378,1.999
76.4,51.3,0.994,1.999
76.4,51.8,0.224,2.000
76.4,52.3,-0.545,2.000
76.4,52.8,-1.314,2.000
76.4,53.3,1.058,1.999
76.4,53.8,0.224,1.999
76.4,54.3,-0.545,1.999
76.4,54.8,-1.314,2.000
76.4,55.3,1.058,2.000
76.4,55.8,0.289,1.999
76.4,56.3,-0.481,1.999
76.4,56.8,-1.250,1.998
76.4,57.3,1.122,1.998
76.4,57.8,0.289,1.997
76.4,58.3,-0.481,1.997
76.4,58.8,-1.250,1.997
76.4,59.3,1.122,1.996
76.4,59.8,0.353,1.995
76.4,60.3,-0.417,1.994
76.4,60.8,-1.186,1.993
76.4,61.3,1.122,1.992
76.4,61.8,0.353,1.991
76.4,62.3,-0.417,1.990
76.4,62.8,-1.186,1.989
76.4,63.3,1.186,1.988
76.4,63.8,0.417,1.986
76.4,64.3,-0.417,1.985
76.4,64.8,-1.186,1.984
76.4,65.3,1.186,1.983
76.4,65.8,0.417,1.981
76.4,66.3,-0.353,1.979
76.4,66.8,-1.186,1.977
76.4,67.3,1.186,1.976
76.4,67.8,0.417,1.974
76.4,68.3,-0.353,1.972
76.4,68.8,-1.122,1.970
76.4,69.3,1.186,1.968
76.4,69.8,0.417,1.966
76.4,70.4,-0.353,1.964
76.4,70.9,-1.122,1.962
76.4,71.4,1.250,1.959
76.4,71.9,0.417,1.957
76.4,72.4,-0.353,1.955
76.4,72.9,-1.122,1.953
76.4,73.4,1.250,1.950
76.4,73.9,0.481,1.947
76.4,74.4,-0.353,1.945
76.4,74.9,-1.122,1.943
76.4,75.4,1.250,1.940
76.4,75.9,0.481,1.936
76.4,76.4,-0.353,1.934
76.4,76.9,-1.122,1.931
76.4,77.4,1.250,1.928
76.4,77.9,0.481,1.925
76.4,78.4,-0.353,1.922
76.4,78.9,-1.122,1.919
76.4,79.4,1.250,1.916
76.4,79.9,0.481,1.912
76.4,80.4,-0.353,1.909
76.4,80.9,-1.122,1.906
76.4,81.4,1.250,1.902
76.4,81.9,0.481,1.898
76.4,82.4,-0.353,1.895
76.4,82.9,-1.122,1.891
76.4,83.4,1.250,1.887
76.4,83.9,0.417,1.883
76.4,84.4,-0.353,1.880
76.4,84.9,-1.122,1.876
76.4,85.4,1.250,1.871
76.4,85.9,0.417,1.867
76.4,86.4,-0.353,1.864
76.4,86.9,-1.122,1.859
76.4,87.4,1.186,1.855
76.4,87.9,0.417,1.851
76.4,88.4,-0.353,1.846
76.4,88.9,-1.186,1.841
76.4,89.4,1.186,1.838
76.4,89.9,0.417,1.833
76.4,90.5,-0.353,1.828
76.4,91.0,-1.186,1.824
76.4,91.5,1.186,1.819
76.4,92.0,0.417,1.814
76.4,92.5,-0.417,1.809
76.4,93.0,-1.186,1.805
76.4,93.5,1.186,1.799
76.4,94.0,0.353,1.794
76.4,94.5,-0.417,1.790
76.4,95.0,-1.186,1.784
76.4,95.5,1.122,1.779
76.4,96.0,0.353,1.774
76.4,96.5,-0.417,1.768
76.4,97.0,-1.250,1.763
76.4,97.5,1.122,1.758
76.4,98.0,0.353,1.751
76.4,98.5,-0.481,1.747
76.4,99.0,-1.250,1.741
76.4,99.5,1.058,1.735
76.4,100.0,0.289,1.730
76.9,0.0,-1.314,1.638
76.9,0.5,1.058,1.644
76.9,1.0,0.289,1.651
76.9,1.5,-0.481,1.657
76.9,2.0,-1.250,1.662
76.9,2.5,1.186,1.669
76.9,3.0,0.417,1.675
76.9,3.5,-0.353,1.681
76.9,4.0,-1.122,1.687
76.9,4.5,1.250,1.693
76.9,5.0,0.481,1.699
76.9,5.5,-0.289,1.704
76.9,6.0,-0.994,1.711
76.9,6.5,1.378,1.717
76.9,7.0,0.609,1.722
76.9,7.5,-0.160,1.728
76.9,8.0,-0.930,1.734
76.9,8.5,1.443,1.739
76.9,9.0,0.673,1.744
76.9,9.5,-0.032,1.749
76.9,10.1,-0.801,1.755
76.9,10.6,1.571,1.761
76.9,11.1,0.801,1.766
76.9,11.6,0.032,1.771
76.9,12.1,-0.737,1.777
76.9,12.6,-1.507,1.782
76.9,13.1,0.866,1.787
76.9,13.6,0.096,1.791
76.9,14.1,-0.673,1.796
76.9,14.6,-1.378,1.801
76.9,15.1,0.994,1.806
76.9,15.6,0.224,1.811
76.9,16.1,-0.545,1.816
76.9,16.6,-1.314,1.821
76.9,17.1,1.058,1.825
76.9,17.6,0.289,1.830
76.9,18.1,-0.481,1.834
76.9,18.6,-1.250,1.839
76.9,19.1,1.122,1.843
76.9,19.6,0.353,1.847
76.9,20.1,-0.417,1.851
76.9,20.6,-1.186,1.855
76.9,21.1,1.186,1.859
76.9,21.6,0.481,1.863
76.9,22.1,-0.289,1.868
76.9,22.6,-1.058,1.872
76.9,23.1,1.314,1.876
76.9,23.6,0.545,1.880
76.9,24.1,-0.224,1.884
76.9,24.6,-0.994,1.887
76.9,25.1,1.378,1.891
76.9,25.6,0.609,1.895
76.9,26.1,-0.160,1.898
76.9,26.6,-0.930,1.902
76.9,27.1,1.443,1.905
76.9,27.6,0.673,1.909
76.9,28.1,-0.096,1.912
76.9,28.6,-0.866,1.915
76.9,29.1,1.507,1.918
76.9,29.6,0.737,1.922
76.9,30.2,-0.032,1.925
76.9,30.7,-0.801,1.928
76.9,31.2,-1.571,1.931
76.9,31.7,0.801,1.934
76.9,32.2,0.032,1.936
76.9,32.7,-0.737,1.939
76.9,33.2,-1.507,1.942
76.9,33.7,0.866,1.945
76.9,34.2,0.096,1.947
76.9,34.7,-0.673,1.950
76.9,35.2,-1.443,1.952
76.9,35.7,0.930,1.955
76.9,36.2,0.160,1.957
76.9,36.7,-0.609,1.959
76.9,37.2,-1.378,1.962
76.9,37.7,0.994,1.964
76.9,38.2,0.224,1.966
76.9,38.7,-0.545,1.968
76.9,39.2,-1.314,1.970
76.9,39.7,1.058,1.972
76.9,40.2,0.289,1.973
76.9,40.7,-0.481,1.975
76.9,41.2,-1.250,1.977
76.9,41.7,1.122,1.978
76.9,42.2,0.353,1.979
76.9,42.7,-0.481,1.981
76.9,43.2,-1.250,1.983
76.9,43.7,1.122,1.984
76.9,44.2,0.353,1.986
76.9,44.7,-0.417,1.987
76.9,45.2,-1.186,1.989
76.9,45.7,1.186,1.990
76.9,46.2,0.417,1.991
76.9,46.7,-0.353,1.992
76.9,47.2,-1.122,1.993
76.9,47.7,1.250,1.994
76.9,48.2,0.481,1.994
76.9,48.7,-0.289,1.995
76.9,49.2,-1.122,1.995
76.9,49.7,1.250,1.996
76.9,50.3,0.481,1.997
76.9,50.8,-0.289,1.998
76.9,51.3,-1.058,1.998
76.9,51.8,1.314,1.999
76.9,52.3,0.545,1.999
76.9,52.8,-0.224,1.999
76.9,53.3,-0.994,1.999
76.9,53.8,1.378,1.999
76.9,54.3,0.545,1.999
76.9,54.8,-0.224,2.000
76.9,55.3,-0.994,2.000
76.9,55.8,1.378,2.000
76.9,56.3,0.609,2.000
76.9,56.8,-0.160,1.999
76.9,57.3,-0.930,1.999
76.9,57.8,1.443,1.998
76.9,58.3,0.609,1.998
76.9,58.8,-0.160,1.998
76.9,59.3,-0.930,1.997
76.9,59.8,1.443,1.997
76.9,60.3,0.673,1.996
76.9,60.8,-0.096,1.995
76.9,61.3,-0.866,1.993
76.9,61.8,1.443,1.993
76.9,62.3,0.673,1.992
76.9,62.8,-0.096,1.992
76.9,63.3,-0.866,1.990
76.9,63.8,1.507,1.989
76.9,64.3,0.737,1.987
76.9,64.8,-0.096,1.986
76.9,65.3,-0.866,1.985
76.9,65.8,1.507,1.984
76.9,66.3,0.737,1.983
76.9,66.8,-0.032,1.981
76.9,67.3,-0.866,1.979
76.9,67.8,1.507,1.978
76.9,68.3,0.737,1.976
76.9,68.8,-0.032,1.974
76.9,69.3,-0.801,1.972
76.9,69.8,1.571,1.970
76.9,70.4,0.737,1.968
76.9,70.9,-0.032,1.967
76.9,71.4,-0.801,1.964
76.9,71.9,1.571,1.962
76.9,72.4,0.737,1.959
76.9,72.9,-0.032,1.958
76.9,73.4,-0.801,1.955
76.9,73.9,1.571,1.953
76.9,74.4,0.801,1.950
76.9,74.9,-0.032,1.947
76.9,75.4,-0.801,1.945
76.9,75.9,1.571,1.943
76.9,76.4,0.801,1.940
76.9,76.9,-0.032,1.936
76.9,77.4,-0.801,1.934
76.9,77.9,1.571,1.931
76.9,78.4,0.801,1.928
76.9,78.9,-0.032,1.924
76.9,79.4,-0.801,1.922
76.9,79.9,1.571,1.919
76.9,80.4,0.801,1.915
76.9,80.9,-0.032,1.912
76.9,81.4,-0.801,1.909
76.9,81.9,1.571,1.906
76.9,82.4,0.801,1.902
76.9,82.9,-0.032,1.898
76.9,83.4,-0.801,1.895
76.9,83.9,1.571,1.891
76.9,84.4,0.801,1.887
76.9,84.9,-0.032,1.883
76.9,85.4,-0.801,1.880
76.9,85.9,1.571,1.876
76.9,86.4,0.737,1.871
76.9,86.9,-0.032,1.868
76.9,87.4,-0.801,1.864
76.9,87.9,1.571,1.859
76.9,88.4,0.737,1.855
76.9,88.9,-0.032,1.851
76.9,89.4,-0.801,1.846
76.9,89.9,1.507,1.842
76.9,90.5,0.737,1.838
76.9,91.0,-0.032,1.833
76.9,91.5,-0.866,1.828
76.9,92.0,1.507,1.824
76.9,92.5,0.737,1.819
76.9,93.0,-0.096,1.814
76.9,93.5,-0.866,1.810
76.9,94.0,1.507,1.805
76.9,94.5,0.673,1.799
76.9,95.0,-0.096,1.795
76.9,95.5,-0.866,1.790
76.9,96.0,1.443,1.784
76.9,96.5,0.673,1.779
76.9,97.0,-0.096,1.774
76.9,97.5,-0.930,1.768
76.9,98.0,1.443,1.763
76.9,98.5,0.673,1.758
76.9,99.0,-0.160,1.752
76.9,99.5,-0.930,1.747
76.9,100.0,1.443,1.741
77.4,0.0,-0.289,1.624
77.4,0.5,-0.994,1.630
77.4,1.0,1.378,1.637
77.4,1.5,0.609,1.644
77.4,2.0,-0.160,1.650
77.4,2.5,-0.930,1.656
77.4,3.0,1.443,1.662
77.4,3.5,0.673,1.668
77.4,4.0,-0.032,1.675
77.4,4.5,-0.801,1.681
77.4,5.0,1.571,1.687
77.4,5.5,0.801,1.693
77.4,6.0,0.032,1.699
77.4,6.5,-0.737,1.704
77.4,7.0,-1.507,1.710
77.4,7.5,0.930,1.716
77.4,8.0,0.160,1.722
77.4,8.5,-0.609,1.728
77.4,9.0,-1.378,1.733
77.4,9.5,0.994,1.739
77.4,10.1,0.224,1.744
77.4,10.6,-0.545,1.749
77.4,11.1,-1.314,1.755
77.4,11.6,1.122,1.760
77.4,12.1,0.353,1.766
77.4,12.6,-0.417,1.771
77.4,13.1,-1.186,1.776
77.4,13.6,1.186,1.781
77.4,14.1,0.417,1.786
77.4,14.6,-0.353,1.791
77.4,15.1,-1.122,1.796
77.4,15.6,1.250,1.801
77.4,16.1,0.481,1.805
77.4,16.6,-0.224,1.810
77.4,17.1,-0.994,1.815
77.4,17.6,1.378,1.820
77.4,18.1,0.609,1.825
77.4,18.6,-0.160,1.829
77.4,19.1,-0.930,1.834
77.4,19.6,1.443,1.838
77.4,20.1,0.673,1.843
77.4,20.6,-0.096,1.847
77.4,21.1,-0.866,1.851
77.4,21.6,1.507,1.855
77.4,22.1,0.737,1.859
77.4,22.6,-0.032,1.863
77.4,23.1,-0.801,1.867
77.4,23.6,-1.571,1.871
77.4,24.1,0.866,1.875
77.4,24.6,0.096,1.879
77.4,25.1,-0.673,1.883
77.4,25.6,-1.443,1.887
77.4,26.1,0.930,1.891
77.4,26.6,0.160,1.894
77.4,27.1,-0.609,1.898
77.4,27.6,-1.378,1.901
77.4,28.1,0.994,1.905
77.4,28.6,0.224,1.908
77.4,29.1,-0.545,1.912
77.4,29.6,-1.314,1.915
77.4,30.2,1.058,1.918
77.4,30.7,0.289,1.921
77.4,31.2,-0.481,1.925
77.4,31.7,-1.250,1.928
77.4,32.2,1.122,1.931
77.4,32.7,0.353,1.933
77.4,33.2,-0.417,1.936
77.4,33.7,-1.186,1.939
77.4,34.2,1.186,1.942
77.4,34.7,0.417,1.944
77.4,35.2,-0.353,1.947
77.4,35.7,-1.122,1.950
77.4,36.2,1.250,1.952
77.4,36.7,0.481,1.954
77.4,37.2,-0.289,1.957
77.4,37.7,-1.058,1.959
77.4,38.2,1.314,1.961
77.4,38.7,0.545,1.963
77.4,39.2,-0.224,1.965
77.4,39.7,-0.994,1.967
77.4,40.2,1.378,1.969
77.4,40.7,0.609,1.971
77.4,41.2,-0.160,1.973
77.4,41.7,-0.930,1.974
77.4,42.2,1.378,1.976
77.4,42.7,0.609,1.978
77.4,43.2,-0.160,1.980
77.4,43.7,-0.930,1.982
77.4,44.2,1.443,1.983
77.4,44.7,0.673,1.985
77.4,45.2,-0.096,1.986
77.4,45.7,-0.866,1.987
77.4,46.2,1.507,1.989
77.4,46.7,0.737,1.990
77.4,47.2,-0.032,1.991
77.4,47.7,-0.801,1.992
77.4,48.2,1.571,1.993
77.4,48.7,0.801,1.993
77.4,49.2,0.032,1.994
77.4,49.7,-0.801,1.995
77.4,50.3,-1.571,1.996
77.4,50.8,0.801,1.997
77.4,51.3,0.032,1.997
77.4,51.8,-0.737,1.998
77.4,52.3,-1.507,1.999
77.4,52.8,0.866,1.999
77.4,53.3,0.096,1.999
77.4,53.8,-0.673,1.999
77.4,54.3,-1.443,1.999
77.4,54.8,0.866,1.999
77.4,55.3,0.096,2.000
77.4,55.8,-0.673,2.000
77.4,56.3,-1.443,2.000
77.4,56.8,0.930,2.000
77.4,57.3,0.160,2.000
77.4,57.8,-0.609,1.999
77.4,58.3,-1.378,1.998
77.4,58.8,0.930,1.998
77.4,59.3,0.160,1.998
77.4,59.8,-0.609,1.998
77.4,60.3,-1.378,1.997
77.4,60.8,0.994,1.997
77.4,61.3,0.224,1.996
77.4,61.8,-0.545,1.994
77.4,62.3,-1.378,1.994
77.4,62.8,0.994,1.993
77.4,63.3,0.224,1.993
77.4,63.8,-0.545,1.992
77.4,64.3,-1.314,1.990
77.4,64.8,1.058,1.989
77.4,65.3,0.224,1.987
77.4,65.8,-0.545,1.987
77.4,66.3,-1.314,1.986
77.4,66.8,1.058,1.984
77.4,67.3,0.289,1.982
77.4,67.8,-0.481,1.980
77.4,68.3,-1.314,1.979
77.4,68.8,1.058,1.978
77.4,69.3,0.289,1.976
77.4,69.8,-0.481,1.974
77.4,70.4,-1.250,1.972
77.4,70.9,1.058,1.970
77.4,71.4,0.289,1.969
77.4,71.9,-0.481,1.967
77.4,72.4,-1.250,1.964
77.4,72.9,1.122,1.962
77.4,73.4,0.289,1.960
77.4,73.9,-0.481,1.958
77.4,74.4,-1.250,1.956
77.4,74.9,1.122,1.953
77.4,75.4,0.289,1.950
77.4,75.9,-0.481,1.948
77.4,76.4,-1.250,1.945
77.4,76.9,1.122,1.943
77.4,77.4,0.353,1.939
77.4,77.9,-0.481,1.937
77.4,78.4,-1.250,1.934
77.4,78.9,1.122,1.931
77.4,79.4,0.353,1.928
77.4,79.9,-0.481,1.925
77.4,80.4,-1.250,1.922
77.4,80.9,1.122,1.919
77.4,81.4,0.353,1.915
77.4,81.9,-0.481,1.912
77.4,82.4,-1.250,1.909
77.4,82.9,1.122,1.906
77.4,83.4,0.353,1.901
77.4,83.9,-0.481,1.898
77.4,84.4,-1.250,1.895
77.4,84.9,1.122,1.891
77.4,85.4,0.289,1.887
77.4,85.9,-0.481,1.884
77.4,86.4,-1.250,1.880
77.4,86.9,1.122,1.875
77.4,87.4,0.289,1.872
77.4,87.9,-0.481,1.868
77.4,88.4,-1.250,1.864
77.4,88.9,1.058,1.859
77.4,89.4,0.289,1.855
77.4,89.9,-0.481,1.851
77.4,90.5,-1.250,1.846
77.4,91.0,1.058,1.842
77.4,91.5,0.289,1.838
77.4,92.0,-0.481,1.833
77.4,92.5,-1.314,1.829
77.4,93.0,1.058,1.824
77.4,93.5,0.289,1.819
77.4,94.0,-0.545,1.814
77.4,94.5,-1.314,1.810
77.4,95.0,1.058,1.804
77.4,95.5,0.224,1.800
77.4,96.0,-0.545,1.795
77.4,96.5,-1.314,1.789
77.4,97.0,0.994,1.784
77.4,97.5,0.224,1.779
77.4,98.0,-0.545,1.774
77.4,98.5,-1.378,1.769
77.4,99.0,0.994,1.763
77.4,99.5,0.224,1.757
77.4,100.0,-0.609,1.752
77.9,0.0,0.801,1.611
77.9,0.5,0.032,1.618
77.9,1.0,-0.737,1.624
77.9,1.5,-1.507,1.630
77.9,2.0,0.930,1.636
77.9,2.5,0.160,1.643
77.9,3.0,-0.609,1.650
77.9,3.5,-1.378,1.656
77.9,4.0,0.994,1.662
77.9,4.5,0.224,1.668
77.9,5.0,-0.545,1.674
77.9,5.5,-1.250,1.680
77.9,6.0,1.122,1.687
77.9,6.5,0.353,1.693
77.9,7.0,-0.417,1.699
77.9,7.5,-1.186,1.704
77.9,8.0,1.186,1.710
77.9,8.5,0.417,1.715
77.9,9.0,-0.289,1.721
77.9,9.5,-1.058,1.727
77.9,10.1,1.314,1.733
77.9,10.6,0.545,1.739
77.9,11.1,-0.224,1.744
77.9,11.6,-0.994,1.749
77.9,12.1,1.378,1.755
77.9,12.6,0.609,1.760
77.9,13.1,-0.096,1.765
77.9,13.6,-0.866,1.770
77.9,14.1,1.507,1.776
77.9,14.6,0.737,1.781
77.9,15.1,-0.032,1.786
77.9,15.6,-0.801,1.791
77.9,16.1,-1.571,1.796
77.9,16.6,0.801,1.801
77.9,17.1,0.032,1.806
77.9,17.6,-0.737,1.810
77.9,18.1,-1.507,1.815
77.9,18.6,0.930,1.819
77.9,19.1,0.160,1.824
77.9,19.6,-0.609,1.829
77.9,20.1,-1.378,1.834
77.9,20.6,0.994,1.838
77.9,21.1,0.224,1.843
77.9,21.6,-0.545,1.847
77.9,22.1,-1.314,1.851
77.9,22.6,1.058,1.855
77.9,23.1,0.289,1.859
77.9,23.6,-0.481,1.864
77.9,24.1,-1.250,1.867
77.9,24.6,1.122,1.871
77.9,25.1,0.353,1.875
77.9,25.6,-0.417,1.879
77.9,26.1,-1.186,1.883
77.9,26.6,1.186,1.886
77.9,27.1,0.481,1.890
77.9,27.6,-0.289,1.894
77.9,28.1,-1.058,1.897
77.9,28.6,1.314,1.901
77.9,29.1,0.545,1.904
77.9,29.6,-0.224,1.908
77.9,30.2,-0.994,1.911
77.9,30.7,1.378,1.915
77.9,31.2,0.609,1.918
77.9,31.7,-0.160,1.921
77.9,32.2,-0.930,1.924
77.9,32.7,1.443,1.927
77.9,33.2,0.673,1.930
77.9,33.7,-0.096,1.933
77.9,34.2,-0.866,1.936
77.9,34.7,1.507,1.939
77.9,35.2,0.737,1.941
77.9,35.7,-0.032,1.944
77.9,36.2,-0.801,1.947
77.9,36.7,1.571,1.949
77.9,37.2,0.801,1.952
77.9,37.7,0.032,1.954
77.9,38.2,-0.737,1.956
77.9,38.7,-1.507,1.959
77.9,39.2,0.866,1.961
77.9,39.7,0.096,1.963
77.9,40.2,-0.673,1.965
77.9,40.7,-1.443,1.967
77.9,41.2,0.866,1.969
77.9,41.7,0.096,1.971
77.9,42.2,-0.673,1.973
77.9,42.7,-1.443,1.975
77.9,43.2,0.930,1.977
77.9,43.7,0.160,1.978
77.9,44.2,-0.609,1.980
77.9,44.7,-1.378,1.982
77.9,45.2,0.994,1.983
77.9,45.7,0.224,1.985
77.9,46.2,-0.545,1.986
77.9,46.7,-1.314,1.987
77.9,47.2,1.058,1.989
77.9,47.7,0.289,1.990
77.9,48.2,-0.481,1.991
77.9,48.7,-1.250,1.991
77.9,49.2,1.122,1.992
77.9,49.7,0.289,1.993
77.9,50.3,-0.481,1.994
77.9,50.8,-1.250,1.995
77.9,51.3,1.122,1.996
77.9,51.8,0.353,1.997
77.9,52.3,-0.417,1.997
77.9,52.8,-1.186,1.998
77.9,53.3,1.186,1.998
77.9,53.8,0.417,1.999
77.9,54.3,-0.353,1.999
77.9,54.8,-1.186,1.999
77.9,55.3,1.186,1.999
77.9,55.8,0.417,2.000
77.9,56.3,-0.353,2.000
77.9,56.8,-1.122,2.000
77.9,57.3,1.250,2.000
77.9,57.8,0.481,2.000
77.9,58.3,-0.289,1.999
77.9,58.8,-1.058,1.999
77.9,59.3,1.250,1.999
77.9,59.8,0.481,1.999
77.9,60.3,-0.289,1.998
77.9,60.8,-1.058,1.998
77.9,61.3,1.314,1.997
77.9,61.8,0.545,1.996
77.9,62.3,-0.224,1.995
77.9,62.8,-1.058,1.995
77.9,63.3,1.314,1.994
77.9,63.8,0.545,1.994
77.9,64.3,-0.224,1.993
77.9,64.8,-0.994,1.991
77.9,65.3,1.378,1.990
77.9,65.8,0.545,1.989
77.9,66.3,-0.224,1.988
77.9,66.8,-0.994,1.987
77.9,67.3,1.378,1.986
77.9,67.8,0.609,1.984
77.9,68.3,-0.160,1.982
77.9,68.8,-0.994,1.981
77.9,69.3,1.378,1.980
77.9,69.8,0.609,1.978
77.9,70.4,-0.160,1.976
77.9,70.9,-0.930,1.974
77.9,71.4,1.378,1.972
77.9,71.9,0.609,1.971
77.9,72.4,-0.160,1.969
77.9,72.9,-0.930,1.967
77.9,73.4,1.443,1.964
77.9,73.9,0.609,1.962
77.9,74.4,-0.160,1.960
77.9,74.9,-0.930,1.958
77.9,75.4,1.443,1.955
77.9,75.9,0.673,1.952
77.9,76.4,-0.160,1.950
77.9,76.9,-0.930,1.948
77.9,77.4,1.443,1.945
77.9,77.9,0.673,1.942
77.9,78.4,-0.160,1.940
77.9,78.9,-0.930,1.937
77.9,79.4,1.443,1.934
77.9,79.9,0.673,1.931
77.9,80.4,-0.160,1.928
77.9,80.9,-0.930,1.925
77.9,81.4,1.443,1.922
77.9,81.9,0.673,1.919
77.9,82.4,-0.160,1.915
77.9,82.9,-0.930,1.913
77.9,83.4,1.443,1.909
77.9,83.9,0.673,1.905
77.9,84.4,-0.160,1.902
77.9,84.9,-0.930,1.899
77.9,85.4,1.443,1.895
77.9,85.9,0.673,1.891
77.9,86.4,-0.160,1.887
77.9,86.9,-0.930,1.884
77.9,87.4,1.443,1.880
77.9,87.9,0.609,1.875
77.9,88.4,-0.160,1.872
77.9,88.9,-0.930,1.868
77.9,89.4,1.443,1.863
77.9,89.9,0.609,1.860
77.9,90.5,-0.160,1.856
77.9,91.0,-0.930,1.851
77.9,91.5,1.378,1.846
77.9,92.0,0.609,1.843
77.9,92.5,-0.160,1.838
77.9,93.0,-0.994,1.833
77.9,93.5,1.378,1.829
77.9,94.0,0.609,1.824
77.9,94.5,-0.224,1.819
77.9,95.0,-0.994,1.815
77.9,95.5,1.378,1.810
77.9,96.0,0.609,1.804
77.9,96.5,-0.224,1.800
77.9,97.0,-0.994,1.795
77.9,97.5,1.378,1.789
77.9,98.0,0.545,1.785
77.9,98.5,-0.224,1.779
77.9,99.0,-1.058,1.773
77.9,99.5,1.314,1.769
77.9,100.0,0.545,1.763
78.4,0.0,-1.314,1.597
78.4,0.5,1.058,1.603
78.4,1.0,0.353,1.610
78.4,1.5,-0.417,1.617
78.4,2.0,-1.186,1.624
78.4,2.5,1.186,1.630
78.4,3.0,0.417,1.636
78.4,3.5,-0.289,1.642
78.4,4.0,-1.058,1.649
78.4,4.5,1.314,1.656
78.4,5.0,0.545,1.662
78.4,5.5,-0.224,1.668
78.4,6.0,-0.994,1.674
78.4,6.5,1.378,1.680
78.4,7.0,0.673,1.686
78.4,7.5,-0.096,1.692
78.4,8.0,-0.866,1.698
78.4,8.5,1.507,1.704
78.4,9.0,0.737,1.710
78.4,9.5,-0.032,1.715
78.4,10.1,-0.801,1.721
78.4,10.6,-1.507,1.726
78.4,11.1,0.866,1.732
78.4,11.6,0.096,1.738
78.4,12.1,-0.673,1.744
78.4,12.6,-1.443,1.749
78.4,13.1,0.930,1.755
78.4,13.6,0.160,1.760
78.4,14.1,-0.609,1.765
78.4,14.6,-1.378,1.770
78.4,15.1,1.058,1.775
78.4,15.6,0.289,1.780
78.4,16.1,-0.481,1.786
78.4,16.6,-1.250,1.791
78.4,17.1,1.122,1.796
78.4,17.6,0.353,1.801
78.4,18.1,-0.417,1.806
78.4,18.6,-1.186,1.810
78.4,19.1,1.186,1.815
78.4,19.6,0.417,1.819
78.4,20.1,-0.353,1.824
78.4,20.6,-1.058,1.828
78.4,21.1,1.314,1.833
78.4,21.6,0.545,1.838
78.4,22.1,-0.224,1.842
78.4,22.6,-0.994,1.847
78.4,23.1,1.378,1.851
78.4,23.6,0.609,1.855
78.4,24.1,-0.160,1.859
78.4,24.6,-0.930,1.863
78.4,25.1,1.443,1.867
78.4,25.6,0.673,1.871
78.4,26.1,-0.096,1.875
78.4,26.6,-0.866,1.879
78.4,27.1,1.507,1.883
78.4,27.6,0.737,1.886
78.4,28.1,-0.032,1.890
78.4,28.6,-0.801,1.894
78.4,29.1,-1.571,1.897
78.4,29.6,0.801,1.900
78.4,30.2,0.032,1.904
78.4,30.7,-0.673,1.907
78.4,31.2,-1.443,1.911
78.4,31.7,0.930,1.914
78.4,32.2,0.160,1.917
78.4,32.7,-0.609,1.920
78.4,33.2,-1.378,1.924
78.4,33.7,0.994,1.927
78.4,34.2,0.224,1.930
78.4,34.7,-0.545,1.933
78.4,35.2,-1.314,1.935
78.4,35.7,1.058,1.938
78.4,36.2,0.289,1.941
78.4,36.7,-0.481,1.944
78.4,37.2,-1.250,1.946
78.4,37.7,1.122,1.949
78.4,38.2,0.353,1.951
78.4,38.7,-0.417,1.953
78.4,39.2,-1.186,1.956
78.4,39.7,1.122,1.958
78.4,40.2,0.353,1.960
78.4,40.7,-0.417,1.963
78.4,41.2,-1.186,1.965
78.4,41.7,1.186,1.967
78.4,42.2,0.417,1.969
78.4,42.7,-0.353,1.971
78.4,43.2,-1.122,1.973
78.4,43.7,1.250,1.975
78.4,44.2,0.481,1.977
78.4,44.7,-0.289,1.979
78.4,45.2,-1.058,1.980
78.4,45.7,1.314,1.982
78.4,46.2,0.545,1.983
78.4,46.7,-0.224,1.985
78.4,47.2,-0.994,1.986
78.4,47.7,1.378,1.987
78.4,48.2,0.609,1.988
78.4,48.7,-0.160,1.989
78.4,49.2,-0.930,1.990
78.4,49.7,1.378,1.991
78.4,50.3,0.609,1.992
78.4,50.8,-0.160,1.993
78.4,51.3,-0.930,1.994
78.4,51.8,1.443,1.995
78.4,52.3,0.673,1.996
78.4,52.8,-0.096,1.997
78.4,53.3,-0.866,1.997
78.4,53.8,1.507,1.998
78.4,54.3,0.737,1.998
78.4,54.8,-0.032,1.998
78.4,55.3,-0.866,1.998
78.4,55.8,1.507,1.999
78.4,56.3,0.737,2.000
78.4,56.8,-0.032,2.000
78.4,57.3,-0.801,2.000
78.4,57.8,1.571,2.000
78.4,58.3,0.801,2.000
78.4,58.8,0.032,1.999
78.4,59.3,-0.737,1.999
78.4,59.8,-1.571,1.999
78.4,60.3,0.801,1.999
78.4,60.8,0.032,1.999
78.4,61.3,-0.737,1.998
78.4,61.8,-1.507,1.998
78.4,62.3,0.866,1.997
78.4,62.8,0.096,1.996
78.4,63.3,-0.737,1.995
78.4,63.8,-1.507,1.995
78.4,64.3,0.866,1.994
78.4,64.8,0.096,1.994
78.4,65.3,-0.673,1.992
78.4,65.8,-1.443,1.991
78.4,66.3,0.866,1.990
78.4,66.8,0.096,1.989
78.4,67.3,-0.673,1.988
78.4,67.8,-1.443,1.987
78.4,68.3,0.930,1.985
78.4,68.8,0.160,1.984
78.4,69.3,-0.673,1.982
78.4,69.8,-1.443,1.981
78.4,70.4,0.930,1.980
78.4,70.9,0.160,1.978
78.4,71.4,-0.609,1.976
78.4,71.9,-1.443,1.974
78.4,72.4,0.930,1.972
78.4,72.9,0.160,1.971
78.4,73.4,-0.609,1.969
78.4,73.9,-1.378,1.966
78.4,74.4,0.930,1.964
78.4,74.9,0.160,1.962
78.4,75.4,-0.609,1.960
78.4,75.9,-1.378,1.958
78.4,76.4,0.994,1.955
78.4,76.9,0.160,1.953
78.4,77.4,-0.609,1.951
78.4,77.9,-1.378,1.948
78.4,78.4,0.994,1.945
78.4,78.9,0.160,1.942
78.4,79.4,-0.609,1.940
78.4,79.9,-1.378,1.937
78.4,80.4,0.994,1.934
78.4,80.9,0.224,1.931
78.4,81.4,-0.609,1.928
78.4,81.9,-1.378,1.926
78.4,82.4,0.994,1.922
78.4,82.9,0.224,1.918
78.4,83.4,-0.609,1.916
78.4,83.9,-1.378,1.913
78.4,84.4,0.994,1.909
78.4,84.9,0.160,1.905
78.4,85.4,-0.609,1.902
78.4,85.9,-1.378,1.899
78.4,86.4,0.994,1.895
78.4,86.9,0.160,1.891
78.4,87.4,-0.609,1.888
78.4,87.9,-1.378,1.884
78.4,88.4,0.994,1.880
78.4,88.9,0.160,1.876
78.4,89.4,-0.609,1.872
78.4,89.9,-1.378,1.868
78.4,90.5,0.930,1.863
78.4,91.0,0.160,1.860
78.4,91.5,-0.609,1.856
78.4,92.0,-1.378,1.851
78.4,92.5,0.930,1.847
78.4,93.0,0.160,1.843
78.4,93.5,-0.609,1.838
78.4,94.0,-1.443,1.833
78.4,94.5,0.930,1.829
78.4,95.0,0.160,1.824
78.4,95.5,-0.673,1.819
78.4,96.0,-1.443,1.815
78.4,96.5,0.930,1.810
78.4,97.0,0.096,1.805
78.4,97.5,-0.673,1.800
78.4,98.0,-1.443,1.795
78.4,98.5,0.866,1.790
78.4,99.0,0.096,1.785
78.4,99.5,-0.673,1.779
78.4,100.0,-1.507,1.774
78.9,0.0,-0.224,1.583
78.9,0.5,-0.994,1.590
78.9,1.0,1.378,1.597
78.9,1.5,0.609,1.603
78.9,2.0,-0.160,1.609
78.9,2.5,-0.866,1.616
78.9,3.0,1.507,1.623
78.9,3.5,0.737,1.630
78.9,4.0,-0.032,1.636
78.9,4.5,-0.801,1.642
78.9,5.0,-1.507,1.648
78.9,5.5,0.866,1.655
78.9,6.0,0.096,1.661
78.9,6.5,-0.673,1.668
78.9,7.0,-1.443,1.674
78.9,7.5,0.930,1.680
78.9,8.0,0.160,1.685
78.9,8.5,-0.545,1.691
78.9,9.0,-1.314,1.698
78.9,9.5,1.058,1.704
78.9,10.1,0.289,1.710
78.9,10.6,-0.481,1.715
78.9,11.1,-1.250,1.721
78.9,11.6,1.122,1.726
78.9,12.1,0.353,1.732
78.9,12.6,-0.353,1.737
78.9,13.1,-1.122,1.743
78.9,13.6,1.250,1.749
78.9,14.1,0.481,1.754
78.9,14.6,-0.289,1.760
78.9,15.1,-1.058,1.765
78.9,15.6,1.314,1.770
78.9,16.1,0.545,1.775
78.9,16.6,-0.160,1.780
78.9,17.1,-0.930,1.785
78.9,17.6,1.443,1.790
78.9,18.1,0.673,1.795
78.9,18.6,-0.096,1.800
78.9,19.1,-0.866,1.805
78.9,19.6,1.507,1.810
78.9,20.1,0.737,1.815
78.9,20.6,-0.032,1.819
78.9,21.1,-0.801,1.824
78.9,21.6,-1.571,1.828
78.9,22.1,0.801,1.832
78.9,22.6,0.096,1.837
78.9,23.1,-0.673,1.841
78.9,23.6,-1.443,1.846
78.9,24.1,0.930,1.850
78.9,24.6,0.160,1.855
78.9,25.1,-0.609,1.859
78.9,25.6,-1.378,1.863
78.9,26.1,0.994,1.867
78.9,26.6,0.224,1.871
78.9,27.1,-0.545,1.875
78.9,27.6,-1.314,1.879
78.9,28.1,1.058,1.883
78.9,28.6,0.289,1.887
78.9,29.1,-0.481,1.890
78.9,29.6,-1.250,1.894
78.9,30.2,1.122,1.897
78.9,30.7,0.353,1.901
78.9,31.2,-0.417,1.904
78.9,31.7,-1.186,1.907
78.9,32.2,1.186,1.911
78.9,32.7,0.417,1.914
78.9,33.2,-0.353,1.917
78.9,33.7,-1.122,1.920
78.9,34.2,1.250,1.923
78.9,34.7,0.481,1.926
78.9,35.2,-0.289,1.929
78.9,35.7,-1.058,1.932
78.9,36.2,1.314,1.935
78.9,36.7,0.545,1.938
78.9,37.2,-0.224,1.941
78.9,37.7,-0.994,1.943
78.9,38.2,1.378,1.946
78.9,38.7,0.609,1.949
78.9,39.2,-0.160,1.951
78.9,39.7,-0.930,1.954
78.9,40.2,1.443,1.956
78.9,40.7,0.673,1.958
78.9,41.2,-0.096,1.961
78.9,41.7,-0.866,1.963
78.9,42.2,1.507,1.965
78.9,42.7,0.737,1.967
78.9,43.2,-0.032,1.969
78.9,43.7,-0.801,1.971
78.9,44.2,-1.571,1.973
78.9,44.7,0.801,1.975
78.9,45.2,0.032,1.977
78.9,45.7,-0.737,1.978
78.9,46.2,-1.507,1.980
78.9,46.7,0.866,1.982
78.9,47.2,0.096,1.983
78.9,47.7,-0.673,1.984
78.9,48.2,-1.443,1.986
78.9,48.7,0.930,1.987
78.9,49.2,0.160,1.988
78.9,49.7,-0.673,1.989
78.9,50.3,-1.443,1.990
78.9,50.8,0.930,1.991
78.9,51.3,0.160,1.993
78.9,51.8,-0.609,1.994
78.9,52.3,-1.378,1.995
78.9,52.8,0.994,1.995
78.9,53.3,0.224,1.996
78.9,53.8,-0.545,1.997
78.9,54.3,-1.314,1.997
78.9,54.8,1.058,1.997
78.9,55.3,0.224,1.997
78.9,55.8,-0.545,1.998
78.9,56.3,-1.314,1.999
78.9,56.8,1.058,1.999
78.9,57.3,0.289,2.000
78.9,57.8,-0.481,2.000
78.9,58.3,-1.250,2.000
78.9,58.8,1.122,2.000
78.9,59.3,0.353,1.999
78.9,59.8,-0.481,1.999
78.9,60.3,-1.250,1.999
78.9,60.8,1.122,1.999
78.9,61.3,0.353,1.999
78.9,61.8,-0.417,1.999
78.9,62.3,-1.186,1.998
78.9,62.8,1.186,1.997
78.9,63.3,0.417,1.996
78.9,63.8,-0.417,1.996
78.9,64.3,-1.186,1.996
78.9,64.8,1.186,1.995
78.9,65.3,0.417,1.994
78.9,65.8,-0.353,1.993
78.9,66.3,-1.122,1.992
78.9,66.8,1.186,1.991
78.9,67.3,0.417,1.990
78.9,67.8,-0.353,1.989
78.9,68.3,-1.122,1.988
78.9,68.8,1.250,1.987
78.9,69.3,0.481,1.985
78.9,69.8,-0.353,1.984
78.9,70.4,-1.122,1.983
78.9,70.9,1.250,1.981
78.9,71.4,0.481,1.980
78.9,71.9,-0.289,1.978
78.9,72.4,-1.058,1.975
78.9,72.9,1.250,1.974
78.9,73.4,0.481,1.973
78.9,73.9,-0.289,1.971
78.9,74.4,-1.058,1.969
78.9,74.9,1.314,1.966
78.9,75.4,0.481,1.964
78.9,75.9,-0.289,1.963
78.9,76.4,-1.058,1.960
78.9,76.9,1.314,1.958
78.9,77.4,0.481,1.955
78.9,77.9,-0.289,1.953
78.9,78.4,-1.058,1.951
78.9,78.9,1.314,1.948
78.9,79.4,0.545,1.945
78.9,79.9,-0.289,1.943
78.9,80.4,-1.058,1.940
78.9,80.9,1.314,1.937
78.9,81.4,0.545,1.934
78.9,81.9,-0.289,1.931
78.9,82.4,-1.058,1.929
78.9,82.9,1.314,1.926
78.9,83.4,0.545,1.922
78.9,83.9,-0.289,1.919
78.9,84.4,-1.058,1.916
78.9,84.9,1.314,1.913
78.9,85.4,0.545,1.909
78.9,85.9,-0.289,1.906
78.9,86.4,-1.058,1.903
78.9,86.9,1.314,1.899
78.9,87.4,0.545,1.895
78.9,87.9,-0.289,1.891
78.9,88.4,-1.058,1.888
78.9,88.9,1.314,1.884
78.9,89.4,0.481,1.880
78.9,89.9,-0.289,1.876
78.9,90.5,-1.058,1.872
78.9,91.0,1.314,1.868
78.9,91.5,0.481,1.864
78.9,92.0,-0.289,1.860
78.9,92.5,-1.058,1.855
78.9,93.0,1.250,1.851
78.9,93.5,0.481,1.847
78.9,94.0,-0.289,1.843
78.9,94.5,-1.122,1.837
78.9,95.0,1.250,1.834
78.9,95.5,0.481,1.829
78.9,96.0,-0.289,1.824
78.9,96.5,-1.122,1.820
78.9,97.0,1.250,1.815
78.9,97.5,0.481,1.809
78.9,98.0,-0.353,1.805
78.9,98.5,-1.122,1.800
78.9,99.0,1.250,1.795
78.9,99.5,0.417,1.790
78.9,100.0,-0.353,1.785
79.4,0.0,0.801,1.569
79.4,0.5,0.032,1.576
79.4,1.0,-0.673,1.582
79.4,1.5,-1.443,1.590
79.4,2.0,0.930,1.596
79.4,2.5,0.160,1.603
79.4,3.0,-0.609,1.609
79.4,3.5,-1.314,1.616
79.4,4.0,1.058,1.623
79.4,4.5,0.289,1.629
79.4,5.0,-0.481,1.636
79.4,5.5,-1.250,1.642
79.4,6.0,1.122,1.648
79.4,6.5,0.353,1.654
79.4,7.0,-0.353,1.661
79.4,7.5,-1.122,1.667
79.4,8.0,1.250,1.673
79.4,8.5,0.481,1.680
79.4,9.0,-0.289,1.685
79.4,9.5,-1.058,1.691
79.4,10.1,1.378,1.697
79.4,10.6,0.609,1.703
79.4,11.1,-0.160,1.709
79.4,11.6,-0.930,1.715
79.4,12.1,1.443,1.721
79.4,12.6,0.673,1.726
79.4,13.1,-0.096,1.732
79.4,13.6,-0.866,1.737
79.4,14.1,1.571,1.742
79.4,14.6,0.801,1.748
79.4,15.1,0.032,1.754
79.4,15.6,-0.737,1.759
79.4,16.1,-1.507,1.765
79.4,16.6,0.866,1.770
79.4,17.1,0.096,1.775
79.4,17.6,-0.673,1.780
79.4,18.1,-1.443,1.785
79.4,18.6,0.994,1.790
79.4,19.1,0.224,1.795
79.4,19.6,-0.545,1.800
79.4,20.1,-1.314,1.805
79.4,20.6,1.058,1.810
79.4,21.1,0.289,1.815
79.4,21.6,-0.481,1.819
79.4,22.1,-1.250,1.824
79.4,22.6,1.122,1.828
79.4,23.1,0.353,1.833
79.4,23.6,-0.417,1.837
79.4,24.1,-1.186,1.841
79.4,24.6,1.186,1.845
79.4,25.1,0.481,1.850
79.4,25.6,-0.289,1.854
79.4,26.1,-1.058,1.859
79.4,26.6,1.314,1.863
79.4,27.1,0.545,1.867
79.4,27.6,-0.224,1.871
79.4,28.1,-0.994,1.875
79.4,28.6,1.378,1.879
79.4,29.1,0.609,1.883
79.4,29.6,-0.160,1.886
79.4,30.2,-0.930,1.890
79.4,30.7,1.443,1.894
79.4,31.2,0.673,1.897
79.4,31.7,-0.096,1.901
79.4,32.2,-0.866,1.904
79.4,32.7,1.507,1.908
79.4,33.2,0.737,1.911
79.4,33.7,-0.032,1.914
79.4,34.2,-0.801,1.917
79.4,34.7,-1.571,1.921
79.4,35.2,0.801,1.924
79.4,35.7,0.032,1.927
79.4,36.2,-0.737,1.930
79.4,36.7,-1.507,1.933
79.4,37.2,0.866,1.935
79.4,37.7,0.096,1.938
79.4,38.2,-0.673,1.941
79.4,38.7,-1.443,1.944
79.4,39.2,0.930,1.946
79.4,39.7,0.160,1.949
79.4,40.2,-0.609,1.951
79.4,40.7,-1.378,1.954
79.4,41.2,0.994,1.956
79.4,41.7,0.224,1.959
79.4,42.2,-0.545,1.961
79.4,42.7,-1.314,1.963
79.4,43.2,1.058,1.965
79.4,43.7,0.289,1.967
79.4,44.2,-0.481,1.969
79.4,44.7,-1.250,1.971
79.4,45.2,1.122,1.973
79.4,45.7,0.353,1.975
79.4,46.2,-0.417,1.977
79.4,46.7,-1.186,1.978
79.4,47.2,1.186,1.980
79.4,47.7,0.417,1.981
79.4,48.2,-0.353,1.983
79.4,48.7,-1.122,1.984
79.4,49.2,1.250,1.985
79.4,49.7,0.417,1.986
79.4,50.3,-0.353,1.988
79.4,50.8,-1.122,1.989
79.4,51.3,1.250,1.991
79.4,51.8,0.481,1.992
79.4,52.3,-0.289,1.993
79.4,52.8,-1.058,1.994
79.4,53.3,1.314,1.995
79.4,53.8,0.545,1.995
79.4,54.3,-0.224,1.996
79.4,54.8,-0.994,1.996
79.4,55.3,1.378,1.997
79.4,55.8,0.545,1.997
79.4,56.3,-0.224,1.998
79.4,56.8,-0.994,1.999
79.4,57.3,1.378,1.999
79.4,57.8,0.609,1.999
79.4,58.3,-0.160,2.000
79.4,58.8,-0.930,2.000
79.4,59.3,1.443,2.000
79.4,59.8,0.673,1.999
79.4,60.3,-0.160,1.999
79.4,60.8,-0.930,1.999
79.4,61.3,1.443,2.000
79.4,61.8,0.673,1.999
79.4,62.3,-0.096,1.999
79.4,62.8,-0.866,1.999
79.4,63.3,1.507,1.998
79.4,63.8,0.737,1.997
79.4,64.3,-0.096,1.997
79.4,64.8,-0.866,1.997
79.4,65.3,1.507,1.996
79.4,65.8,0.737,1.995
79.4,66.3,-0.032,1.994
79.4,66.8,-0.801,1.993
79.4,67.3,1.507,1.992
79.4,67.8,0.737,1.991
79.4,68.3,-0.032,1.991
79.4,68.8,-0.801,1.990
79.4,69.3,1.571,1.988
79.4,69.8,0.801,1.987
79.4,70.4,-0.032,1.985
79.4,70.9,-0.801,1.984
79.4,71.4,-1.571,1.983
79.4,71.9,0.801,1.981
79.4,72.4,0.032,1.980
79.4,72.9,-0.737,1.977
79.4,73.4,-1.571,1.976
79.4,73.9,0.801,1.975
79.4,74.4,0.032,1.973
79.4,74.9,-0.737,1.971
79.4,75.4,-1.507,1.968
79.4,75.9,0.801,1.966
79.4,76.4,0.032,1.965
79.4,76.9,-0.737,1.963
79.4,77.4,-1.507,1.960
79.4,77.9,0.866,1.957
79.4,78.4,0.032,1.955
79.4,78.9,-0.737,1.953
79.4,79.4,-1.507,1.951
79.4,79.9,0.866,1.948
79.4,80.4,0.032,1.945
79.4,80.9,-0.737,1.943
79.4,81.4,-1.507,1.940
79.4,81.9,0.866,1.937
79.4,82.4,0.032,1.934
79.4,82.9,-0.737,1.932
79.4,83.4,-1.507,1.929
79.4,83.9,0.866,1.926
79.4,84.4,0.032,1.922
79.4,84.9,-0.737,1.919
79.4,85.4,-1.507,1.916
79.4,85.9,0.866,1.913
79.4,86.4,0.032,1.909
79.4,86.9,-0.737,1.906
79.4,87.4,-1.507,1.903
79.4,87.9,0.866,1.899
79.4,88.4,0.032,1.895
79.4,88.9,-0.737,1.892
79.4,89.4,-1.507,1.888
79.4,89.9,0.866,1.884
79.4,90.5,0.032,1.880
79.4,91.0,-0.737,1.877
79.4,91.5,-1.507,1.872
79.4,92.0,0.801,1.868
79.4,92.5,0.032,1.864
79.4,93.0,-0.737,1.860
79.4,93.5,-1.507,1.855
79.4,94.0,0.801,1.851
79.4,94.5,0.032,1.847
79.4,95.0,-0.737,1.842
79.4,95.5,-1.571,1.838
79.4,96.0,0.801,1.834
79.4,96.5,0.032,1.829
79.4,97.0,-0.801,1.824
79.4,97.5,-1.571,1.820
79.4,98.0,0.801,1.815
79.4,98.5,-0.032,1.810
79.4,99.0,-0.801,1.805
79.4,99.5,1.571,1.800
79.4,100.0,0.737,1.795
79.9,0.0,-1.250,1.554
79.9,0.5,1.122,1.562
79.9,1.0,0.353,1.569
79.9,1.5,-0.417,1.575
79.9,2.0,-1.186,1.582
79.9,2.5,1.250,1.589
79.9,3.0,0.481,1.596
79.9,3.5,-0.289,1.603
79.9,4.0,-1.058,1.609
79.9,4.5,1.314,1.616
79.9,5.0,0.609,1.622
79.9,5.5,-0.160,1.629
79.9,6.0,-0.930,1.635
79.9,6.5,1.443,1.642
79.9,7.0,0.673,1.648
79.9,7.5,-0.096,1.654
79.9,8.0,-0.866,1.660
79.9,8.5,1.571,1.667
79.9,9.0,0.801,1.673
79.9,9.5,0.032,1.679
79.9,10.1,-0.737,1.685
79.9,10.6,-1.507,1.691
79.9,11.1,0.866,1.697
79.9,11.6,0.160,1.702
79.9,12.1,-0.609,1.708
79.9,12.6,-1.378,1.715
79.9,13.1,0.994,1.720
79.9,13.6,0.224,1.726
79.9,14.1,-0.545,1.732
79.9,14.6,-1.314,1.737
79.9,15.1,1.058,1.742
79.9,15.6,0.353,1.747
79.9,16.1,-0.417,1.753
79.9,16.6,-1.186,1.759
79.9,17.1,1.186,1.764
79.9,17.6,0.417,1.770
79.9,18.1,-0.353,1.775
79.9,18.6,-1.122,1.780
79.9,19.1,1.250,1.785
79.9,19.6,0.481,1.790
79.9,20.1,-0.289,1.794
79.9,20.6,-0.994,1.799
79.9,21.1,1.378,1.804
79.9,21.6,0.609,1.809
79.9,22.1,-0.160,1.814
79.9,22.6,-0.930,1.819
79.9,23.1,1.443,1.824
79.9,23.6,0.673,1.828
79.9,24.1,-0.096,1.833
79.9,24.6,-0.866,1.837
79.9,25.1,1.507,1.841
79.9,25.6,0.737,1.846
79.9,26.1,-0.032,1.850
79.9,26.6,-0.801,1.854
79.9,27.1,-1.507,1.858
79.9,27.6,0.866,1.862
79.9,28.1,0.096,1.866
79.9,28.6,-0.673,1.870
79.9,29.1,-1.443,1.875
79.9,29.6,0.930,1.878
79.9,30.2,0.160,1.882
79.9,30.7,-0.609,1.886
79.9,31.2,-1.378,1.890
79.9,31.7,0.994,1.894
79.9,32.2,0.224,1.897
79.9,32.7,-0.545,1.901
79.9,33.2,-1.314,1.904
79.9,33.7,1.058,1.908
79.9,34.2,0.289,1.911
79.9,34.7,-0.481,1.914
79.9,35.2,-1.250,1.917
79.9,35.7,1.122,1.921
79.9,36.2,0.353,1.924
79.9,36.7,-0.417,1.927
79.9,37.2,-1.186,1.930
79.9,37.7,1.186,1.933
79.9,38.2,0.417,1.936
79.9,38.7,-0.353,1.938
79.9,39.2,-1.122,1.941
79.9,39.7,1.250,1.944
79.9,40.2,0.481,1.946
79.9,40.7,-0.289,1.949
79.9,41.2,-1.058,1.951
79.9,41.7,1.314,1.954
79.9,42.2,0.545,1.956
79.9,42.7,-0.224,1.959
79.9,43.2,-0.994,1.961
79.9,43.7,1.378,1.963
79.9,44.2,0.609,1.965
79.9,44.7,-0.160,1.967
79.9,45.2,-0.930,1.969
79.9,45.7,1.443,1.971
79.9,46.2,0.673,1.973
79.9,46.7,-0.096,1.975
79.9,47.2,-0.866,1.976
79.9,47.7,1.507,1.978
79.9,48.2,0.737,1.979
79.9,48.7,-0.032,1.981
79.9,49.2,-0.866,1.982
79.9,49.7,1.507,1.984
79.9,50.3,0.737,1.985
79.9,50.8,-0.032,1.987
79.9,51.3,-0.801,1.988
79.9,51.8,-1.571,1.990
79.9,52.3,0.801,1.991
79.9,52.8,0.032,1.992
79.9,53.3,-0.737,1.993
79.9,53.8,-1.507,1.994
79.9,54.3,0.866,1.994
79.9,54.8,0.096,1.995
79.9,55.3,-0.673,1.995
79.9,55.8,-1.507,1.996
79.9,56.3,0.866,1.997
79.9,56.8,0.096,1.998
79.9,57.3,-0.673,1.998
79.9,57.8,-1.443,1.999
79.9,58.3,0.930,1.999
79.9,58.8,0.160,1.999
79.9,59.3,-0.609,1.999
79.9,59.8,-1.378,1.999
79.9,60.3,0.994,1.999
79.9,60.8,0.160,1.999
79.9,61.3,-0.609,2.000
79.9,61.8,-1.378,2.000
79.9,62.3,0.994,2.000
79.9,62.8,0.224,1.999
79.9,63.3,-0.545,1.999
79.9,63.8,-1.314,1.998
79.9,64.3,1.058,1.997
79.9,64.8,0.224,1.997
79.9,65.3,-0.545,1.997
79.9,65.8,-1.314,1.997
79.9,66.3,1.058,1.996
79.9,66.8,0.289,1.995
79.9,67.3,-0.481,1.994
79.9,67.8,-1.314,1.993
79.9,68.3,1.058,1.992
79.9,68.8,0.289,1.992
79.9,69.3,-0.481,1.991
79.9,69.8,-1.250,1.989
79.9,70.4,1.122,1.988
79.9,70.9,0.289,1.986
79.9,71.4,-0.481,1.985
79.9,71.9,-1.250,1.984
79.9,72.4,1.122,1.983
79.9,72.9,0.353,1.981
79.9,73.4,-0.417,1.979
79.9,73.9,-1.250,1.978
79.9,74.4,1.122,1.976
79.9,74.9,0.353,1.975
79.9,75.4,-0.417,1.973
79.9,75.9,-1.186,1.970
79.9,76.4,1.122,1.968
79.9,76.9,0.353,1.967
79.9,77.4,-0.417,1.965
79.9,77.9,-1.186,1.963
79.9,78.4,1.186,1.960
79.9,78.9,0.353,1.958
79.9,79.4,-0.417,1.956
79.9,79.9,-1.186,1.954
79.9,80.4,1.186,1.951
79.9,80.9,0.353,1.948
79.9,81.4,-0.417,1.946
79.9,81.9,-1.186,1.943
79.9,82.4,1.186,1.940
79.9,82.9,0.417,1.937
79.9,83.4,-0.417,1.934
79.9,83.9,-1.186,1.932
79.9,84.4,1.186,1.929
79.9,84.9,0.417,1.925
79.9,85.4,-0.417,1.922
79.9,85.9,-1.186,1.920
79.9,86.4,1.186,1.916
79.9,86.9,0.417,1.912
79.9,87.4,-0.417,1.909
79.9,87.9,-1.186,1.906
79.9,88.4,1.186,1.903
79.9,88.9,0.417,1.898
79.9,89.4,-0.417,1.895
79.9,89.9,-1.186,1.892
79.9,90.5,1.186,1.888
79.9,91.0,0.353,1.884
79.9,91.5,-0.417,1.880
79.9,92.0,-1.186,1.877
79.9,92.5,1.186,1.872
79.9,93.0,0.353,1.868
79.9,93.5,-0.417,1.864
79.9,94.0,-1.186,1.860
79.9,94.5,1.122,1.856
79.9,95.0,0.353,1.852
79.9,95.5,-0.417,1.847
79.9,96.0,-1.250,1.842
79.9,96.5,1.122,1.838
79.9,97.0,0.353,1.834
79.9,97.5,-0.417,1.829
79.9,98.0,-1.250,1.825
79.9,98.5,1.122,1.820
79.9,99.0,0.353,1.815
79.9,99.5,-0.481,1.810
79.9,100.0,-1.250,1.805
80.4,0.0,-0.224,1.540
80.4,0.5,-0.994,1.547
80.4,1.0,1.378,1.554
80.4,1.5,0.673,1.561
80.4,2.0,-0.096,1.568
80.4,2.5,-0.866,1.575
80.4,3.0,1.507,1.582
80.4,3.5,0.737,1.588
80.4,4.0,0.032,1.595
80.4,4.5,-0.737,1.602
80.4,5.0,-1.507,1.609
80.4,5.5,0.866,1.615
80.4,6.0,0.096,1.622
80.4,6.5,-0.609,1.628
80.4,7.0,-1.378,1.635
80.4,7.5,0.994,1.641
80.4,8.0,0.224,1.648
80.4,8.5,-0.545,1.654
80.4,9.0,-1.314,1.660
80.4,9.5,1.058,1.666
80.4,10.1,0.353,1.672
80.4,10.6,-0.417,1.679
80.4,11.1,-1.186,1.685
80.4,11.6,1.186,1.691
80.4,12.1,0.417,1.697
80.4,12.6,-0.353,1.702
80.4,13.1,-1.122,1.708
80.4,13.6,1.314,1.714
80.4,14.1,0.545,1.720
80.4,14.6,-0.224,1.726
80.4,15.1,-0.994,1.731
80.4,15.6,1.378,1.737
80.4,16.1,0.609,1.742
80.4,16.6,-0.160,1.747
80.4,17.1,-0.930,1.753
80.4,17.6,1.507,1.758
80.4,18.1,0.737,1.764
80.4,18.6,-0.032,1.769
80.4,19.1,-0.801,1.774
80.4,19.6,-1.571,1.780
80.4,20.1,0.801,1.785
80.4,20.6,0.032,1.790
80.4,21.1,-0.737,1.794
80.4,21.6,-1.507,1.799
80.4,22.1,0.866,1.804
80.4,22.6,0.160,1.809
80.4,23.1,-0.609,1.814
80.4,23.6,-1.378,1.819
80.4,24.1,0.994,1.823
80.4,24.6,0.224,1.828
80.4,25.1,-0.545,1.832
80.4,25.6,-1.314,1.837
80.4,26.1,1.058,1.841
80.4,26.6,0.289,1.846
80.4,27.1,-0.481,1.850
80.4,27.6,-1.250,1.854
80.4,28.1,1.122,1.858
80.4,28.6,0.353,1.862
80.4,29.1,-0.417,1.866
80.4,29.6,-1.122,1.870
80.4,30.2,1.250,1.874
80.4,30.7,0.481,1.878
80.4,31.2,-0.289,1.882
80.4,31.7,-1.058,1.886
80.4,32.2,1.314,1.890
80.4,32.7,0.545,1.893
80.4,33.2,-0.224,1.897
80.4,33.7,-0.994,1.900
80.4,34.2,1.378,1.904
80.4,34.7,0.609,1.907
80.4,35.2,-0.160,1.911
80.4,35.7,-0.930,1.914
80.4,36.2,1.443,1.917
80.4,36.7,0.673,1.920
80.4,37.2,-0.096,1.924
80.4,37.7,-0.866,1.927
80.4,38.2,1.507,1.930
80.4,38.7,0.737,1.933
80.4,39.2,-0.032,1.935
80.4,39.7,-0.801,1.938
80.4,40.2,1.571,1.941
80.4,40.7,0.801,1.944
80.4,41.2,0.032,1.946
80.4,41.7,-0.737,1.949
80.4,42.2,-1.507,1.951
80.4,42.7,0.866,1.954
80.4,43.2,0.096,1.956
80.4,43.7,-0.673,1.958
80.4,44.2,-1.443,1.961
80.4,44.7,0.930,1.963
80.4,45.2,0.160,1.965
80.4,45.7,-0.609,1.967
80.4,46.2,-1.378,1.969
80.4,46.7,0.994,1.971
80.4,47.2,0.224,1.972
80.4,47.7,-0.545,1.974
80.4,48.2,-1.314,1.976
80.4,48.7,0.994,1.977
80.4,49.2,0.224,1.979
80.4,49.7,-0.545,1.981
80.4,50.3,-1.314,1.983
80.4,50.8,1.058,1.984
80.4,51.3,0.289,1.986
80.4,51.8,-0.481,1.987
80.4,52.3,-1.250,1.988
80.4,52.8,1.122,1.990
80.4,53.3,0.353,1.991
80.4,53.8,-0.417,1.992
80.4,54.3,-1.186,1.993
80.4,54.8,1.186,1.993
80.4,55.3,0.417,1.994
80.4,55.8,-0.353,1.994
80.4,56.3,-1.186,1.995
80.4,56.8,1.186,1.996
80.4,57.3,0.417,1.997
80.4,57.8,-0.353,1.998
80.4,58.3,-1.122,1.998
80.4,58.8,1.250,1.999
80.4,59.3,0.481,1.999
80.4,59.8,-0.289,1.999
80.4,60.3,-1.058,1.999
80.4,60.8,1.314,1.999
80.4,61.3,0.481,1.999
80.4,61.8,-0.289,2.000
80.4,62.3,-1.058,2.000
80.4,62.8,1.314,2.000
80.4,63.3,0.545,2.000
80.4,63.8,-0.224,1.999
80.4,64.3,-0.994,1.999
80.4,64.8,1.378,1.998
80.4,65.3,0.545,1.998
80.4,65.8,-0.224,1.998
80.4,66.3,-0.994,1.997
80.4,66.8,1.378,1.997
80.4,67.3,0.609,1.996
80.4,67.8,-0.160,1.995
80.4,68.3,-0.994,1.994
80.4,68.8,1.378,1.993
80.4,69.3,0.609,1.993
80.4,69.8,-0.160,1.992
80.4,70.4,-0.930,1.991
80.4,70.9,1.443,1.989
80.4,71.4,0.673,1.987
80.4,71.9,-0.160,1.987
80.4,72.4,-0.930,1.986
80.4,72.9,1.443,1.984
80.4,73.4,0.673,1.983
80.4,73.9,-0.096,1.981
80.4,74.4,-0.930,1.979
80.4,74.9,1.443,1.978
80.4,75.4,0.673,1.977
80.4,75.9,-0.096,1.975
80.4,76.4,-0.866,1.973
80.4,76.9,1.443,1.970
80.4,77.4,0.673,1.969
80.4,77.9,-0.096,1.967
80.4,78.4,-0.866,1.965
80.4,78.9,1.507,1.962
80.4,79.4,0.673,1.960
80.4,79.9,-0.096,1.958
80.4,80.4,-0.866,1.956
80.4,80.9,1.507,1.953
80.4,81.4,0.737,1.950
80.4,81.9,-0.096,1.948
80.4,82.4,-0.866,1.946
80.4,82.9,1.507,1.943
80.4,83.4,0.737,1.940
80.4,83.9,-0.096,1.937
80.4,84.4,-0.866,1.935
80.4,84.9,1.507,1.932
80.4,85.4,0.737,1.929
80.4,85.9,-0.096,1.925
80.4,86.4,-0.866,1.923
80.4,86.9,1.507,1.920
80.4,87.4,0.737,1.916
80.4,87.9,-0.096,1.912
80.4,88.4,-0.866,1.910
80.4,88.9,1.507,1.906
80.4,89.4,0.737,1.902
80.4,89.9,-0.096,1.899
80.4,90.5,-0.866,1.896
80.4,91.0,1.507,1.892
80.4,91.5,0.737,1.888
80.4,92.0,-0.096,1.884
80.4,92.5,-0.866,1.881
80.4,93.0,1.507,1.876
80.4,93.5,0.673,1.872
80.4,94.0,-0.096,1.869
80.4,94.5,-0.866,1.865
80.4,95.0,1.507,1.860
80.4,95.5,0.673,1.856
80.4,96.0,-0.096,1.852
80.4,96.5,-0.866,1.847
80.4,97.0,1.443,1.843
80.4,97.5,0.673,1.839
80.4,98.0,-0.096,1.834
80.4,98.5,-0.930,1.829
80.4,99.0,1.443,1.825
80.4,99.5,0.673,1.820
80.4,100.0,-0.160,1.815
80.9,0.0,0.866,1.525
80.9,0.5,0.096,1.532
80.9,1.0,-0.673,1.540
80.9,1.5,-1.443,1.547
80.9,2.0,0.930,1.554
80.9,2.5,0.224,1.560
80.9,3.0,-0.545,1.568
80.9,3.5,-1.314,1.575
80.9,4.0,1.058,1.582
80.9,4.5,0.289,1.588
80.9,5.0,-0.481,1.594
80.9,5.5,-1.186,1.601
80.9,6.0,1.186,1.608
80.9,6.5,0.417,1.615
80.9,7.0,-0.353,1.622
80.9,7.5,-1.122,1.628
80.9,8.0,1.314,1.634
80.9,8.5,0.545,1.641
80.9,9.0,-0.224,1.647
80.9,9.5,-0.994,1.654
80.9,10.1,1.378,1.660
80.9,10.6,0.609,1.666
80.9,11.1,-0.160,1.672
80.9,11.6,-0.866,1.678
80.9,12.1,1.507,1.684
80.9,12.6,0.737,1.690
80.9,13.1,-0.032,1.696
80.9,13.6,-0.801,1.702
80.9,14.1,-1.571,1.708
80.9,14.6,0.801,1.713
80.9,15.1,0.096,1.719
80.9,15.6,-0.673,1.725
80.9,16.1,-1.443,1.731
80.9,16.6,0.930,1.737
80.9,17.1,0.160,1.742
80.9,17.6,-0.609,1.747
80.9,18.1,-1.378,1.753
80.9,18.6,0.994,1.758
80.9,19.1,0.289,1.763
80.9,19.6,-0.481,1.769
80.9,20.1,-1.250,1.774
80.9,20.6,1.122,1.779
80.9,21.1,0.353,1.784
80.9,21.6,-0.417,1.789
80.9,22.1,-1.186,1.794
80.9,22.6,1.186,1.799
80.9,23.1,0.417,1.804
80.9,23.6,-0.353,1.808
80.9,24.1,-1.058,1.813
80.9,24.6,1.314,1.818
80.9,25.1,0.545,1.823
80.9,25.6,-0.224,1.827
80.9,26.1,-0.994,1.832
80.9,26.6,1.378,1.837
80.9,27.1,0.609,1.841
80.9,27.6,-0.160,1.845
80.9,28.1,-0.930,1.850
80.9,28.6,1.443,1.854
80.9,29.1,0.673,1.858
80.9,29.6,-0.096,1.862
80.9,30.2,-0.866,1.866
80.9,30.7,1.507,1.870
80.9,31.2,0.737,1.874
80.9,31.7,-0.032,1.877
80.9,32.2,-0.801,1.881
80.9,32.7,-1.507,1.885
80.9,33.2,0.866,1.889
80.9,33.7,0.096,1.893
80.9,34.2,-0.673,1.896
80.9,34.7,-1.443,1.900
80.9,35.2,0.930,1.903
80.9,35.7,0.160,1.907
80.9,36.2,-0.609,1.910
80.9,36.7,-1.378,1.914
80.9,37.2,0.994,1.917
80.9,37.7,0.224,1.920
80.9,38.2,-0.545,1.923
80.9,38.7,-1.314,1.926
80.9,39.2,1.058,1.929
80.9,39.7,0.289,1.932
80.9,40.2,-0.481,1.935
80.9,40.7,-1.250,1.938
80.9,41.2,1.122,1.941
80.9,41.7,0.353,1.943
80.9,42.2,-0.417,1.946
80.9,42.7,-1.186,1.949
80.9,43.2,1.186,1.951
80.9,43.7,0.417,1.953
80.9,44.2,-0.353,1.956
80.9,44.7,-1.122,1.958
80.9,45.2,1.250,1.960
80.9,45.7,0.481,1.962
80.9,46.2,-0.289,1.964
80.9,46.7,-1.058,1.966
80.9,47.2,1.314,1.968
80.9,47.7,0.545,1.970
80.9,48.2,-0.289,1.972
80.9,48.7,-1.058,1.974
80.9,49.2,1.314,1.976
80.9,49.7,0.545,1.978
80.9,50.3,-0.224,1.980
80.9,50.8,-0.994,1.981
80.9,51.3,1.378,1.983
80.9,51.8,0.609,1.984
80.9,52.3,-0.160,1.986
80.9,52.8,-0.930,1.987
80.9,53.3,1.443,1.988
80.9,53.8,0.673,1.989
80.9,54.3,-0.096,1.990
80.9,54.8,-0.866,1.991
80.9,55.3,1.507,1.992
80.9,55.8,0.737,1.993
80.9,56.3,-0.096,1.994
80.9,56.8,-0.866,1.995
80.9,57.3,1.507,1.996
80.9,57.8,0.737,1.997
80.9,58.3,-0.032,1.997
80.9,58.8,-0.801,1.998
80.9,59.3,1.571,1.998
80.9,59.8,0.801,1.999
80.9,60.3,0.032,1.999
80.9,60.8,-0.737,1.999
80.9,61.3,-1.571,1.999
80.9,61.8,0.801,1.999
80.9,62.3,0.032,2.000
80.9,62.8,-0.737,2.000
80.9,63.3,-1.507,2.000
80.9,63.8,0.866,2.000
80.9,64.3,0.096,1.999
80.9,64.8,-0.673,1.999
80.9,65.3,-1.507,1.998
80.9,65.8,0.866,1.998
80.9,66.3,0.096,1.998
80.9,66.8,-0.673,1.998
80.9,67.3,-1.443,1.997
80.9,67.8,0.930,1.997
80.9,68.3,0.160,1.996
80.9,68.8,-0.673,1.994
80.9,69.3,-1.443,1.994
80.9,69.8,0.930,1.994
80.9,70.4,0.160,1.993
80.9,70.9,-0.609,1.992
80.9,71.4,-1.378,1.990
80.9,71.9,0.994,1.989
80.9,72.4,0.160,1.988
80.9,72.9,-0.609,1.987
80.9,73.4,-1.378,1.986
80.9,73.9,0.994,1.984
80.9,74.4,0.224,1.983
80.9,74.9,-0.609,1.981
80.9,75.4,-1.378,1.980
80.9,75.9,0.994,1.978
80.9,76.4,0.224,1.977
80.9,76.9,-0.545,1.975
80.9,77.4,-1.314,1.972
80.9,77.9,0.994,1.971
80.9,78.4,0.224,1.969
80.9,78.9,-0.545,1.967
80.9,79.4,-1.314,1.965
80.9,79.9,1.058,1.962
80.9,80.4,0.224,1.960
80.9,80.9,-0.545,1.958
80.9,81.4,-1.314,1.956
80.9,81.9,1.058,1.953
80.9,82.4,0.224,1.951
80.9,82.9,-0.545,1.949
80.9,83.4,-1.314,1.946
80.9,83.9,1.058,1.943
80.9,84.4,0.289,1.940
80.9,84.9,-0.545,1.938
80.9,85.4,-1.314,1.935
80.9,85.9,1.058,1.932
80.9,86.4,0.289,1.928
80.9,86.9,-0.545,1.926
80.9,87.4,-1.314,1.923
80.9,87.9,1.058,1.920
80.9,88.4,0.289,1.916
80.9,88.9,-0.545,1.913
80.9,89.4,-1.314,1.910
80.9,89.9,1.058,1.906
80.9,90.5,0.224,1.902
80.9,91.0,-0.545,1.899
80.9,91.5,-1.314,1.896
80.9,92.0,1.058,1.892
80.9,92.5,0.224,1.888
80.9,93.0,-0.545,1.885
80.9,93.5,-1.314,1.881
80.9,94.0,1.058,1.876
80.9,94.5,0.224,1.873
80.9,95.0,-0.545,1.869
80.9,95.5,-1.314,1.864
80.9,96.0,0.994,1.860
80.9,96.5,0.224,1.856
80.9,97.0,-0.545,1.852
80.9,97.5,-1.378,1.847
80.9,98.0,0.994,1.843
80.9,98.5,0.224,1.839
80.9,99.0,-0.545,1.834
80.9,99.5,-1.378,1.829
80.9,100.0,0.994,1.825
81.4,0.0,-1.250,1.510
81.4,0.5,1.122,1.518
81.4,1.0,0.353,1.525
81.4,1.5,-0.353,1.532
81.4,2.0,-1.122,1.539
81.4,2.5,1.250,1.546
81.4,3.0,0.481,1.553
81.4,3.5,-0.289,1.560
81.4,4.0,-0.994,1.567
81.4,4.5,1.378,1.574
81.4,5.0,0.609,1.581
81.4,5.5,-0.160,1.588
81.4,6.0,-0.930,1.594
81.4,6.5,1.443,1.601
81.4,7.0,0.737,1.608
81.4,7.5,-0.032,1.615
81.4,8.0,-0.801,1.621
81.4,8.5,-1.571,1.628
81.4,9.0,0.801,1.634
81.4,9.5,0.096,1.640
81.4,10.1,-0.673,1.647
81.4,10.6,-1.443,1.653
81.4,11.1,0.930,1.660
81.4,11.6,0.160,1.666
81.4,12.1,-0.609,1.672
81.4,12.6,-1.378,1.677
81.4,13.1,1.058,1.684
81.4,13.6,0.289,1.690
81.4,14.1,-0.481,1.696
81.4,14.6,-1.250,1.702
81.4,15.1,1.122,1.708
81.4,15.6,0.353,1.713
81.4,16.1,-0.417,1.719
81.4,16.6,-1.122,1.724
81.4,17.1,1.250,1.730
81.4,17.6,0.481,1.736
81.4,18.1,-0.289,1.742
81.4,18.6,-1.058,1.747
81.4,19.1,1.314,1.753
81.4,19.6,0.545,1.758
81.4,20.1,-0.224,1.763
81.4,20.6,-0.994,1.768
81.4,21.1,1.443,1.773
81.4,21.6,0.673,1.779
81.4,22.1,-0.096,1.784
81.4,22.6,-0.866,1.789
81.4,23.1,1.507,1.794
81.4,23.6,0.737,1.799
81.4,24.1,-0.032,1.804
81.4,24.6,-0.801,1.809
81.4,25.1,-1.571,1.813
81.4,25.6,0.801,1.818
81.4,26.1,0.096,1.822
81.4,26.6,-0.673,1.827
81.4,27.1,-1.443,1.832
81.4,27.6,0.930,1.836
81.4,28.1,0.160,1.841
81.4,28.6,-0.609,1.845
81.4,29.1,-1.378,1.850
81.4,29.6,0.994,1.854
81.4,30.2,0.224,1.858
81.4,30.7,-0.545,1.862
81.4,31.2,-1.314,1.866
81.4,31.7,1.058,1.870
81.4,32.2,0.289,1.874
81.4,32.7,-0.481,1.878
81.4,33.2,-1.250,1.881
81.4,33.7,1.122,1.885
81.4,34.2,0.353,1.889
81.4,34.7,-0.417,1.892
81.4,35.2,-1.186,1.896
81.4,35.7,1.250,1.899
81.4,36.2,0.481,1.903
81.4,36.7,-0.289,1.906
81.4,37.2,-1.058,1.910
81.4,37.7,1.314,1.913
81.4,38.2,0.545,1.916
81.4,38.7,-0.224,1.920
81.4,39.2,-0.994,1.923
81.4,39.7,1.378,1.926
81.4,40.2,0.609,1.929
81.4,40.7,-0.160,1.932
81.4,41.2,-0.930,1.935
81.4,41.7,1.443,1.938
81.4,42.2,0.673,1.940
81.4,42.7,-0.096,1.943
81.4,43.2,-0.866,1.946
81.4,43.7,1.507,1.948
81.4,44.2,0.737,1.951
81.4,44.7,-0.032,1.953
81.4,45.2,-0.801,1.955
81.4,45.7,1.571,1.958
81.4,46.2,0.801,1.960
81.4,46.7,-0.032,1.962
81.4,47.2,-0.801,1.964
81.4,47.7,-1.571,1.966
81.4,48.2,0.801,1.968
81.4,48.7,0.032,1.970
81.4,49.2,-0.737,1.972
81.4,49.7,-1.507,1.974
81.4,50.3,0.866,1.976
81.4,50.8,0.096,1.978
81.4,51.3,-0.673,1.980
81.4,51.8,-1.443,1.981
81.4,52.3,0.930,1.983
81.4,52.8,0.160,1.984
81.4,53.3,-0.609,1.986
81.4,53.8,-1.378,1.987
81.4,54.3,0.994,1.988
81.4,54.8,0.224,1.989
81.4,55.3,-0.545,1.990
81.4,55.8,-1.314,1.991
81.4,56.3,0.994,1.992
81.4,56.8,0.224,1.993
81.4,57.3,-0.545,1.994
81.4,57.8,-1.314,1.995
81.4,58.3,1.058,1.996
81.4,58.8,0.289,1.997
81.4,59.3,-0.481,1.997
81.4,59.8,-1.250,1.998
81.4,60.3,1.122,1.998
81.4,60.8,0.353,1.998
81.4,61.3,-0.417,1.998
81.4,61.8,-1.250,1.999
81.4,62.3,1.122,1.999
81.4,62.8,0.353,2.000
81.4,63.3,-0.417,2.000
81.4,63.8,-1.186,2.000
81.4,64.3,1.186,2.000
81.4,64.8,0.417,2.000
81.4,65.3,-0.353,1.999
81.4,65.8,-1.186,1.999
81.4,66.3,1.186,1.999
81.4,66.8,0.417,1.999
81.4,67.3,-0.353,1.998
81.4,67.8,-1.122,1.998
81.4,68.3,1.250,1.997
81.4,68.8,0.481,1.996
81.4,69.3,-0.353,1.995
81.4,69.8,-1.122,1.995
81.4,70.4,1.250,1.995
81.4,70.9,0.481,1.994
81.4,71.4,-0.289,1.993
81.4,71.9,-1.058,1.992
81.4,72.4,1.314,1.990
81.4,72.9,0.481,1.989
81.4,73.4,-0.289,1.988
81.4,73.9,-1.058,1.987
81.4,74.4,1.314,1.986
81.4,74.9,0.545,1.984
81.4,75.4,-0.224,1.982
81.4,75.9,-1.058,1.981
81.4,76.4,1.314,1.980
81.4,76.9,0.545,1.978
81.4,77.4,-0.224,1.977
81.4,77.9,-0.994,1.974
81.4,78.4,1.314,1.973
81.4,78.9,0.545,1.971
81.4,79.4,-0.224,1.969
81.4,79.9,-0.994,1.967
81.4,80.4,1.378,1.964
81.4,80.9,0.545,1.963
81.4,81.4,-0.224,1.961
81.4,81.9,-0.994,1.959
81.4,82.4,1.378,1.956
81.4,82.9,0.545,1.953
81.4,83.4,-0.224,1.951
81.4,83.9,-0.994,1.949
81.4,84.4,1.378,1.946
81.4,84.9,0.609,1.943
81.4,85.4,-0.224,1.940
81.4,85.9,-0.994,1.938
81.4,86.4,1.378,1.935
81.4,86.9,0.609,1.932
81.4,87.4,-0.224,1.929
81.4,87.9,-0.994,1.926
81.4,88.4,1.378,1.923
81.4,88.9,0.609,1.919
81.4,89.4,-0.224,1.916
81.4,89.9,-0.994,1.913
81.4,90.5,1.378,1.910
81.4,91.0,0.609,1.906
81.4,91.5,-0.224,1.903
81.4,92.0,-0.994,1.900
81.4,92.5,1.378,1.896
81.4,93.0,0.609,1.891
81.4,93.5,-0.224,1.888
81.4,94.0,-0.994,1.885
81.4,94.5,1.378,1.881
81.4,95.0,0.545,1.876
81.4,95.5,-0.224,1.873
81.4,96.0,-0.994,1.869
81.4,96.5,1.378,1.864
81.4,97.0,0.545,1.860
81.4,97.5,-0.224,1.856
81.4,98.0,-0.994,1.852
81.4,98.5,1.314,1.847
81.4,99.0,0.545,1.843
81.4,99.5,-0.224,1.839
81.4,100.0,-1.058,1.834
81.9,0.0,-0.224,1.495
81.9,0.5,-0.930,1.502
81.9,1.0,1.443,1.510
81.9,1.5,0.673,1.517
81.9,2.0,-0.096,1.524
81.9,2.5,-0.866,1.531
81.9,3.0,1.571,1.538
81.9,3.5,0.801,1.546
81.9,4.0,0.032,1.553
81.9,4.5,-0.737,1.560
81.9,5.0,-1.507,1.566
81.9,5.5,0.930,1.573
81.9,6.0,0.160,1.581
81.9,6.5,-0.609,1.587
81.9,7.0,-1.378,1.594
81.9,7.5,0.994,1.601
81.9,8.0,0.224,1.607
81.9,8.5,-0.481,1.614
81.9,9.0,-1.250,1.621
81.9,9.5,1.122,1.627
81.9,10.1,0.353,1.634
81.9,10.6,-0.417,1.640
81.9,11.1,-1.122,1.646
81.9,11.6,1.250,1.653
81.9,12.1,0.481,1.659
81.9,12.6,-0.289,1.665
81.9,13.1,-1.058,1.672
81.9,13.6,1.314,1.677
81.9,14.1,0.545,1.683
81.9,14.6,-0.160,1.689
81.9,15.1,-0.930,1.695
81.9,15.6,1.443,1.702
81.9,16.1,0.673,1.707
81.9,16.6,-0.096,1.713
81.9,17.1,-0.866,1.719
81.9,17.6,1.507,1.724
81.9,18.1,0.801,1.730
81.9,18.6,0.032,1.735
81.9,19.1,-0.737,1.741
81.9,19.6,-1.507,1.747
81.9,20.1,0.866,1.752
81.9,20.6,0.096,1.758
81.9,21.1,-0.673,1.763
81.9,21.6,-1.443,1.768
81.9,22.1,0.930,1.773
81.9,22.6,0.224,1.778
81.9,23.1,-0.545,1.783
81.9,23.6,-1.314,1.789
81.9,24.1,1.058,1.794
81.9,24.6,0.289,1.799
81.9,25.1,-0.481,1.804
81.9,25.6,-1.250,1.808
81.9,26.1,1.122,1.813
81.9,26.6,0.353,1.818
81.9,27.1,-0.417,1.822
81.9,27.6,-1.186,1.827
81.9,28.1,1.186,1.831
81.9,28.6,0.481,1.835
81.9,29.1,-0.289,1.840
81.9,29.6,-1.058,1.845
81.9,30.2,1.314,1.849
81.9,30.7,0.545,1.853
81.9,31.2,-0.224,1.858
81.9,31.7,-0.994,1.862
81.9,32.2,1.378,1.866
81.9,32.7,0.609,1.870
81.9,33.2,-0.160,1.874
81.9,33.7,-0.930,1.878
81.9,34.2,1.443,1.882
81.9,34.7,0.673,1.885
81.9,35.2,-0.096,1.889
81.9,35.7,-0.866,1.893
81.9,36.2,1.507,1.896
81.9,36.7,0.737,1.900
81.9,37.2,-0.032,1.903
81.9,37.7,-0.801,1.906
81.9,38.2,-1.571,1.910
81.9,38.7,0.801,1.913
81.9,39.2,0.032,1.916
81.9,39.7,-0.737,1.919
81.9,40.2,-1.507,1.922
81.9,40.7,0.866,1.925
81.9,41.2,0.160,1.928
81.9,41.7,-0.609,1.931
81.9,42.2,-1.378,1.934
81.9,42.7,0.994,1.937
81.9,43.2,0.160,1.940
81.9,43.7,-0.609,1.942
81.9,44.2,-1.378,1.945
81.9,44.7,0.994,1.948
81.9,45.2,0.224,1.950
81.9,45.7,-0.545,1.953
81.9,46.2,-1.314,1.955
81.9,46.7,1.058,1.958
81.9,47.2,0.289,1.960
81.9,47.7,-0.481,1.962
81.9,48.2,-1.250,1.964
81.9,48.7,1.122,1.967
81.9,49.2,0.353,1.969
81.9,49.7,-0.417,1.971
81.9,50.3,-1.186,1.973
81.9,50.8,1.186,1.975
81.9,51.3,0.417,1.976
81.9,51.8,-0.353,1.978
81.9,52.3,-1.122,1.980
81.9,52.8,1.250,1.981
81.9,53.3,0.481,1.983
81.9,53.8,-0.289,1.984
81.9,54.3,-1.058,1.985
81.9,54.8,1.314,1.986
81.9,55.3,0.545,1.988
81.9,55.8,-0.224,1.988
81.9,56.3,-1.058,1.990
81.9,56.8,1.314,1.991
81.9,57.3,0.545,1.992
81.9,57.8,-0.224,1.993
81.9,58.3,-0.994,1.994
81.9,58.8,1.378,1.995
81.9,59.3,0.609,1.996
81.9,59.8,-0.160,1.997
81.9,60.3,-0.930,1.997
81.9,60.8,1.443,1.997
81.9,61.3,0.673,1.998
81.9,61.8,-0.160,1.998
81.9,62.3,-0.930,1.999
81.9,62.8,1.443,1.999
81.9,63.3,0.673,2.000
81.9,63.8,-0.096,2.000
81.9,64.3,-0.866,2.000
81.9,64.8,1.507,2.000
81.9,65.3,0.737,2.000
81.9,65.8,-0.032,1.999
81.9,66.3,-0.866,1.999
81.9,66.8,1.507,1.999
81.9,67.3,0.737,1.999
81.9,67.8,-0.032,1.999
81.9,68.3,-0.801,1.998
81.9,68.8,1.571,1.998
81.9,69.3,0.801,1.997
81.9,69.8,-0.032,1.996
81.9,70.4,-0.801,1.996
81.9,70.9,-1.571,1.995
81.9,71.4,0.801,1.995
81.9,71.9,0.032,1.994
81.9,72.4,-0.737,1.993
81.9,72.9,-1.507,1.991
81.9,73.4,0.801,1.990
81.9,73.9,0.032,1.990
81.9,74.4,-0.737,1.989
81.9,74.9,-1.507,1.987
81.9,75.4,0.866,1.986
81.9,75.9,0.096,1.984
81.9,76.4,-0.737,1.983
81.9,76.9,-1.507,1.982
81.9,77.4,0.866,1.980
81.9,77.9,0.096,1.978
81.9,78.4,-0.673,1.976
81.9,78.9,-1.507,1.974
81.9,79.4,0.866,1.973
81.9,79.9,0.096,1.971
81.9,80.4,-0.673,1.969
81.9,80.9,-1.443,1.967
81.9,81.4,0.866,1.965
81.9,81.9,0.096,1.963
81.9,82.4,-0.673,1.961
81.9,82.9,-1.443,1.958
81.9,83.4,0.930,1.956
81.9,83.9,0.096,1.953
81.9,84.4,-0.673,1.951
81.9,84.9,-1.443,1.949
81.9,85.4,0.930,1.946
81.9,85.9,0.096,1.943
81.9,86.4,-0.673,1.941
81.9,86.9,-1.443,1.938
81.9,87.4,0.930,1.935
81.9,87.9,0.096,1.931
81.9,88.4,-0.673,1.929
81.9,88.9,-1.443,1.926
81.9,89.4,0.930,1.923
81.9,89.9,0.160,1.919
81.9,90.5,-0.673,1.917
81.9,91.0,-1.443,1.913
81.9,91.5,0.930,1.910
81.9,92.0,0.096,1.906
81.9,92.5,-0.673,1.903
81.9,93.0,-1.443,1.900
81.9,93.5,0.930,1.896
81.9,94.0,0.096,1.892
81.9,94.5,-0.673,1.889
81.9,95.0,-1.443,1.885
81.9,95.5,0.930,1.880
81.9,96.0,0.096,1.877
81.9,96.5,-0.673,1.873
81.9,97.0,-1.443,1.869
81.9,97.5,0.866,1.864
81.9,98.0,0.096,1.861
81.9,98.5,-0.673,1.856
81.9,99.0,-1.443,1.851
81.9,99.5,0.866,1.848
81.9,100.0,0.096,1.843
82.4,0.0,0.866,1.480
82.4,0.5,0.096,1.487
82.4,1.0,-0.673,1.495
82.4,1.5,-1.443,1.502
82.4,2.0,0.994,1.509
82.4,2.5,0.224,1.517
82.4,3.0,-0.545,1.524
82.4,3.5,-1.314,1.531
82.4,4.0,1.058,1.538
82.4,4.5,0.353,1.545
82.4,5.0,-0.417,1.552
82.4,5.5,-1.186,1.560
82.4,6.0,1.186,1.566
82.4,6.5,0.417,1.573
82.4,7.0,-0.289,1.580
82.4,7.5,-1.058,1.587
82.4,8.0,1.314,1.594
82.4,8.5,0.545,1.600
82.4,9.0,-0.224,1.607
82.4,9.5,-0.994,1.613
82.4,10.1,1.443,1.620
82.4,10.6,0.673,1.627
82.4,11.1,-0.096,1.633
82.4,11.6,-0.866,1.640
82.4,12.1,1.507,1.646
82.4,12.6,0.737,1.652
82.4,13.1,0.032,1.658
82.4,13.6,-0.737,1.665
82.4,14.1,-1.507,1.671
82.4,14.6,0.866,1.677
82.4,15.1,0.096,1.683
82.4,15.6,-0.673,1.689
82.4,16.1,-1.378,1.695
82.4,16.6,0.994,1.701
82.4,17.1,0.224,1.707
82.4,17.6,-0.545,1.713
82.4,18.1,-1.314,1.719
82.4,18.6,1.058,1.724
82.4,19.1,0.289,1.730
82.4,19.6,-0.481,1.735
82.4,20.1,-1.186,1.741
82.4,20.6,1.186,1.746
82.4,21.1,0.417,1.752
82.4,21.6,-0.353,1.757
82.4,22.1,-1.122,1.763
82.4,22.6,1.250,1.768
82.4,23.1,0.481,1.773
82.4,23.6,-0.289,1.778
82.4,24.1,-1.058,1.783
82.4,24.6,1.378,1.788
82.4,25.1,0.609,1.793
82.4,25.6,-0.160,1.798
82.4,26.1,-0.930,1.803
82.4,26.6,1.443,1.808
82.4,27.1,0.673,1.813
82.4,27.6,-0.096,1.818
82.4,28.1,-0.866,1.822
82.4,28.6,1.507,1.827
82.4,29.1,0.737,1.831
82.4,29.6,-0.032,1.835
82.4,30.2,-0.801,1.840
82.4,30.7,-1.507,1.844
82.4,31.2,0.866,1.848
82.4,31.7,0.096,1.853
82.4,32.2,-0.673,1.857
82.4,32.7,-1.443,1.861
82.4,33.2,0.930,1.866
82.4,33.7,0.160,1.870
82.4,34.2,-0.609,1.874
82.4,34.7,-1.378,1.878
82.4,35.2,0.994,1.881
82.4,35.7,0.224,1.885
82.4,36.2,-0.545,1.889
82.4,36.7,-1.314,1.893
82.4,37.2,1.058,1.896
82.4,37.7,0.289,1.900
82.4,38.2,-0.481,1.903
82.4,38.7,-1.250,1.907
82.4,39.2,1.122,1.910
82.4,39.7,0.353,1.913
82.4,40.2,-0.417,1.916
82.4,40.7,-1.186,1.919
82.4,41.2,1.186,1.923
82.4,41.7,0.417,1.926
82.4,42.2,-0.353,1.929
82.4,42.7,-1.122,1.932
82.4,43.2,1.250,1.934
82.4,43.7,0.481,1.937
82.4,44.2,-0.289,1.940
82.4,44.7,-1.058,1.943
82.4,45.2,1.314,1.945
82.4,45.7,0.545,1.948
82.4,46.2,-0.224,1.951
82.4,46.7,-0.994,1.953
82.4,47.2,1.378,1.955
82.4,47.7,0.609,1.958
82.4,48.2,-0.160,1.960
82.4,48.7,-0.930,1.962
82.4,49.2,1.443,1.965
82.4,49.7,0.673,1.967
82.4,50.3,-0.096,1.969
82.4,50.8,-0.866,1.971
82.4,51.3,1.507,1.973
82.4,51.8,0.737,1.974
82.4,52.3,-0.032,1.976
82.4,52.8,-0.801,1.978
82.4,53.3,1.571,1.979
82.4,53.8,0.801,1.981
82.4,54.3,0.032,1.982
82.4,54.8,-0.737,1.984
82.4,55.3,-1.507,1.985
82.4,55.8,0.866,1.986
82.4,56.3,0.032,1.987
82.4,56.8,-0.737,1.989
82.4,57.3,-1.507,1.990
82.4,57.8,0.866,1.991
82.4,58.3,0.096,1.992
82.4,58.8,-0.673,1.993
82.4,59.3,-1.443,1.994
82.4,59.8,0.930,1.995
82.4,60.3,0.160,1.996
82.4,60.8,-0.609,1.996
82.4,61.3,-1.378,1.997
82.4,61.8,0.994,1.997
82.4,62.3,0.160,1.998
82.4,62.8,-0.609,1.998
82.4,63.3,-1.378,1.999
82.4,63.8,0.994,1.999
82.4,64.3,0.224,2.000
82.4,64.8,-0.545,2.000
82.4,65.3,-1.314,2.000
82.4,65.8,1.058,2.000
82.4,66.3,0.289,1.999
82.4,66.8,-0.545,1.999
82.4,67.3,-1.314,1.999
82.4,67.8,1.058,1.999
82.4,68.3,0.289,1.999
82.4,68.8,-0.481,1.999
82.4,69.3,-1.250,1.998
82.4,69.8,1.122,1.997
82.4,70.4,0.289,1.997
82.4,70.9,-0.481,1.996
82.4,71.4,-1.250,1.996
82.4,71.9,1.122,1.996
82.4,72.4,0.353,1.995
82.4,72.9,-0.417,1.994
82.4,73.4,-1.186,1.992
82.4,73.9,1.122,1.991
82.4,74.4,0.353,1.991
82.4,74.9,-0.417,1.990
82.4,75.4,-1.186,1.989
82.4,75.9,1.186,1.987
82.4,76.4,0.417,1.985
82.4,76.9,-0.417,1.984
82.4,77.4,-1.186,1.983
82.4,77.9,1.186,1.982
82.4,78.4,0.417,1.980
82.4,78.9,-0.353,1.978
82.4,79.4,-1.186,1.976
82.4,79.9,1.186,1.975
82.4,80.4,0.417,1.973
82.4,80.9,-0.353,1.971
82.4,81.4,-1.122,1.969
82.4,81.9,1.186,1.966
82.4,82.4,0.417,1.965
82.4,82.9,-0.353,1.963
82.4,83.4,-1.122,1.961
82.4,83.9,1.250,1.958
82.4,84.4,0.417,1.956
82.4,84.9,-0.353,1.954
82.4,85.4,-1.122,1.951
82.4,85.9,1.250,1.949
82.4,86.4,0.481,1.945
82.4,86.9,-0.353,1.943
82.4,87.4,-1.122,1.941
82.4,87.9,1.250,1.938
82.4,88.4,0.481,1.935
82.4,88.9,-0.353,1.932
82.4,89.4,-1.122,1.929
82.4,89.9,1.250,1.926
82.4,90.5,0.481,1.923
82.4,91.0,-0.353,1.920
82.4,91.5,-1.122,1.917
82.4,92.0,1.250,1.914
82.4,92.5,0.481,1.910
82.4,93.0,-0.353,1.906
82.4,93.5,-1.122,1.903
82.4,94.0,1.250,1.900
82.4,94.5,0.481,1.895
82.4,95.0,-0.353,1.892
82.4,95.5,-1.122,1.889
82.4,96.0,1.250,1.885
82.4,96.5,0.417,1.880
82.4,97.0,-0.353,1.877
82.4,97.5,-1.122,1.873
82.4,98.0,1.250,1.868
82.4,98.5,0.417,1.865
82.4,99.0,-0.353,1.861
82.4,99.5,-1.122,1.856
82.4,100.0,1.186,1.852
82.9,0.0,-1.250,1.464
82.9,0.5,1.122,1.471
82.9,1.0,0.417,1.479
82.9,1.5,-0.353,1.487
82.9,2.0,-1.122,1.494
82.9,2.5,1.250,1.501
82.9,3.0,0.481,1.508
82.9,3.5,-0.224,1.516
82.9,4.0,-0.994,1.523
82.9,4.5,1.378,1.531
82.9,5.0,0.609,1.538
82.9,5.5,-0.160,1.544
82.9,6.0,-0.866,1.552
82.9,6.5,1.507,1.559
82.9,7.0,0.737,1.566
82.9,7.5,-0.032,1.573
82.9,8.0,-0.801,1.579
82.9,8.5,-1.507,1.586
82.9,9.0,0.866,1.593
82.9,9.5,0.096,1.600
82.9,10.1,-0.673,1.607
82.9,10.6,-1.443,1.613
82.9,11.1,0.994,1.619
82.9,11.6,0.224,1.626
82.9,12.1,-0.545,1.633
82.9,12.6,-1.314,1.639
82.9,13.1,1.058,1.646
82.9,13.6,0.289,1.652
82.9,14.1,-0.481,1.658
82.9,14.6,-1.186,1.664
82.9,15.1,1.186,1.671
82.9,15.6,0.417,1.677
82.9,16.1,-0.353,1.683
82.9,16.6,-1.122,1.689
82.9,17.1,1.250,1.694
82.9,17.6,0.545,1.700
82.9,18.1,-0.224,1.706
82.9,18.6,-0.994,1.712
82.9,19.1,1.378,1.718
82.9,19.6,0.609,1.724
82.9,20.1,-0.160,1.730
82.9,20.6,-0.930,1.735
82.9,21.1,1.443,1.740
82.9,21.6,0.737,1.746
82.9,22.1,-0.032,1.751
82.9,22.6,-0.801,1.757
82.9,23.1,1.571,1.762
82.9,23.6,0.801,1.768
82.9,24.1,0.032,1.773
82.9,24.6,-0.737,1.778
82.9,25.1,-1.507,1.783
82.9,25.6,0.866,1.788
82.9,26.1,0.096,1.792
82.9,26.6,-0.609,1.798
82.9,27.1,-1.378,1.803
82.9,27.6,0.994,1.808
82.9,28.1,0.224,1.813
82.9,28.6,-0.545,1.817
82.9,29.1,-1.314,1.822
82.9,29.6,1.058,1.827
82.9,30.2,0.289,1.831
82.9,30.7,-0.481,1.836
82.9,31.2,-1.250,1.840
82.9,31.7,1.122,1.844
82.9,32.2,0.353,1.848
82.9,32.7,-0.353,1.852
82.9,33.2,-1.122,1.857
82.9,33.7,1.250,1.861
82.9,34.2,0.481,1.865
82.9,34.7,-0.289,1.869
82.9,35.2,-1.058,1.873
82.9,35.7,1.314,1.877
82.9,36.2,0.545,1.881
82.9,36.7,-0.224,1.885
82.9,37.2,-0.994,1.889
82.9,37.7,1.378,1.892
82.9,38.2,0.609,1.896
82.9,38.7,-0.160,1.900
82.9,39.2,-0.930,1.903
82.9,39.7,1.443,1.907
82.9,40.2,0.673,1.910
82.9,40.7,-0.096,1.913
82.9,41.2,-0.866,1.916
82.9,41.7,1.507,1.920
82.9,42.2,0.737,1.923
82.9,42.7,-0.032,1.926
82.9,43.2,-0.801,1.929
82.9,43.7,-1.571,1.932
82.9,44.2,0.801,1.935
82.9,44.7,0.032,1.937
82.9,45.2,-0.737,1.940
82.9,45.7,-1.507,1.943
82.9,46.2,0.866,1.946
82.9,46.7,0.096,1.948
82.9,47.2,-0.673,1.951
82.9,47.7,-1.443,1.953
82.9,48.2,0.930,1.956
82.9,48.7,0.160,1.958
82.9,49.2,-0.609,1.960
82.9,49.7,-1.378,1.962
82.9,50.3,0.994,1.965
82.9,50.8,0.224,1.967
82.9,51.3,-0.545,1.969
82.9,51.8,-1.314,1.971
82.9,52.3,1.058,1.972
82.9,52.8,0.289,1.974
82.9,53.3,-0.481,1.976
82.9,53.8,-1.250,1.978
82.9,54.3,1.122,1.979
82.9,54.8,0.353,1.980
82.9,55.3,-0.417,1.982
82.9,55.8,-1.250,1.983
82.9,56.3,1.122,1.985
82.9,56.8,0.353,1.986
82.9,57.3,-0.417,1.988
82.9,57.8,-1.186,1.989
82.9,58.3,1.186,1.990
82.9,58.8,0.417,1.991
82.9,59.3,-0.353,1.993
82.9,59.8,-1.122,1.993
82.9,60.3,1.250,1.994
82.9,60.8,0.481,1.995
82.9,61.3,-0.289,1.995
82.9,61.8,-1.058,1.996
82.9,62.3,1.250,1.996
82.9,62.8,0.481,1.997
82.9,63.3,-0.289,1.998
82.9,63.8,-1.058,1.999
82.9,64.3,1.314,1.999
82.9,64.8,0.545,1.999
82.9,65.3,-0.224,2.000
82.9,65.8,-0.994,2.000
82.9,66.3,1.378,1.999
82.9,66.8,0.609,1.999
82.9,67.3,-0.224,1.999
82.9,67.8,-0.994,2.000
82.9,68.3,1.378,2.000
82.9,68.8,0.609,2.000
82.9,69.3,-0.160,1.999
82.9,69.8,-0.930,1.999
82.9,70.4,1.443,1.998
82.9,70.9,0.609,1.997
82.9,71.4,-0.160,1.997
82.9,71.9,-0.930,1.997
82.9,72.4,1.443,1.996
82.9,72.9,0.673,1.996
82.9,73.4,-0.096,1.994
82.9,73.9,-0.866,1.993
82.9,74.4,1.443,1.992
82.9,74.9,0.673,1.992
82.9,75.4,-0.096,1.991
82.9,75.9,-0.866,1.990
82.9,76.4,1.507,1.988
82.9,76.9,0.737,1.987
82.9,77.4,-0.096,1.985
82.9,77.9,-0.866,1.985
82.9,78.4,1.507,1.983
82.9,78.9,0.737,1.982
82.9,79.4,-0.032,1.980
82.9,79.9,-0.801,1.978
82.9,80.4,1.507,1.976
82.9,80.9,0.737,1.975
82.9,81.4,-0.032,1.973
82.9,81.9,-0.801,1.971
82.9,82.4,1.571,1.969
82.9,82.9,0.737,1.967
82.9,83.4,-0.032,1.965
82.9,83.9,-0.801,1.963
82.9,84.4,1.571,1.961
82.9,84.9,0.737,1.958
82.9,85.4,-0.032,1.956
82.9,85.9,-0.801,1.954
82.9,86.4,1.571,1.951
82.9,86.9,0.801,1.948
82.9,87.4,-0.032,1.946
82.9,87.9,-0.801,1.944
82.9,88.4,1.571,1.941
82.9,88.9,0.801,1.938
82.9,89.4,-0.032,1.935
82.9,89.9,-0.801,1.932
82.9,90.5,1.571,1.930
82.9,91.0,0.801,1.926
82.9,91.5,-0.032,1.923
82.9,92.0,-0.801,1.920
82.9,92.5,1.571,1.917
82.9,93.0,0.801,1.913
82.9,93.5,-0.032,1.910
82.9,94.0,-0.801,1.907
82.9,94.5,1.571,1.903
82.9,95.0,0.801,1.899
82.9,95.5,-0.032,1.896
82.9,96.0,-0.801,1.893
82.9,96.5,1.571,1.889
82.9,97.0,0.801,1.884
82.9,97.5,-0.032,1.881
82.9,98.0,-0.801,1.877
82.9,98.5,1.571,1.873
82.9,99.0,0.737,1.869
82.9,99.5,-0.032,1.865
82.9,100.0,-0.801,1.861
83.4,0.0,-0.224,1.448
83.4,0.5,-0.930,1.456
83.4,1.0,1.443,1.464
83.4,1.5,0.673,1.471
83.4,2.0,-0.096,1.478
83.4,2.5,-0.801,1.486
83.4,3.0,1.571,1.494
83.4,3.5,0.801,1.501
83.4,4.0,0.032,1.508
83.4,4.5,-0.737,1.515
83.4,5.0,-1.443,1.523
83.4,5.5,0.930,1.530
83.4,6.0,0.160,1.537
83.4,6.5,-0.609,1.544
83.4,7.0,-1.378,1.551
83.4,7.5,1.058,1.558
83.4,8.0,0.289,1.566
83.4,8.5,-0.481,1.572
83.4,9.0,-1.250,1.579
83.4,9.5,1.122,1.586
83.4,10.1,0.417,1.593
83.4,10.6,-0.353,1.600
83.4,11.1,-1.122,1.606
83.4,11.6,1.250,1.613
83.4,12.1,0.481,1.619
83.4,12.6,-0.224,1.625
83.4,13.1,-0.994,1.632
83.4,13.6,1.378,1.639
83.4,14.1,0.609,1.645
83.4,14.6,-0.160,1.652
83.4,15.1,-0.930,1.658
83.4,15.6,1.443,1.663
83.4,16.1,0.737,1.670
83.4,16.6,-0.032,1.676
83.4,17.1,-0.801,1.683
83.4,17.6,-1.571,1.689
83.4,18.1,0.801,1.694
83.4,18.6,0.032,1.700
83.4,19.1,-0.737,1.706
83.4,19.6,-1.443,1.712
83.4,20.1,0.930,1.718
83.4,20.6,0.160,1.724
83.4,21.1,-0.609,1.729
83.4,21.6,-1.378,1.735
83.4,22.1,0.994,1.740
83.4,22.6,0.224,1.745
83.4,23.1,-0.545,1.751
83.4,23.6,-1.250,1.756
83.4,24.1,1.122,1.762
83.4,24.6,0.353,1.767
83.4,25.1,-0.417,1.773
83.4,25.6,-1.186,1.778
83.4,26.1,1.186,1.783
83.4,26.6,0.417,1.788
83.4,27.1,-0.353,1.793
83.4,27.6,-1.122,1.797
83.4,28.1,1.314,1.802
83.4,28.6,0.545,1.807
83.4,29.1,-0.224,1.812
83.4,29.6,-0.994,1.817
83.4,30.2,1.378,1.822
83.4,30.7,0.609,1.826
83.4,31.2,-0.160,1.831
83.4,31.7,-0.930,1.835
83.4,32.2,1.443,1.840
83.4,32.7,0.673,1.844
83.4,33.2,-0.096,1.848
83.4,33.7,-0.866,1.852
83.4,34.2,1.507,1.856
83.4,34.7,0.737,1.860
83.4,35.2,0.032,1.864
83.4,35.7,-0.737,1.869
83.4,36.2,-1.507,1.873
83.4,36.7,0.866,1.877
83.4,37.2,0.096,1.881
83.4,37.7,-0.673,1.885
83.4,38.2,-1.443,1.888
83.4,38.7,0.930,1.892
83.4,39.2,0.160,1.896
83.4,39.7,-0.609,1.899
83.4,40.2,-1.378,1.903
83.4,40.7,0.994,1.906
83.4,41.2,0.224,1.910
83.4,41.7,-0.545,1.913
83.4,42.2,-1.314,1.916
83.4,42.7,1.058,1.920
83.4,43.2,0.289,1.923
83.4,43.7,-0.481,1.926
83.4,44.2,-1.250,1.929
83.4,44.7,1.122,1.932
83.4,45.2,0.353,1.935
83.4,45.7,-0.417,1.937
83.4,46.2,-1.186,1.940
83.4,46.7,1.186,1.943
83.4,47.2,0.417,1.946
83.4,47.7,-0.353,1.948
83.4,48.2,-1.122,1.951
83.4,48.7,1.250,1.953
83.4,49.2,0.481,1.956
83.4,49.7,-0.289,1.958
83.4,50.3,-1.058,1.960
83.4,50.8,1.314,1.962
83.4,51.3,0.545,1.964
83.4,51.8,-0.224,1.966
83.4,52.3,-0.994,1.968
83.4,52.8,1.378,1.970
83.4,53.3,0.609,1.972
83.4,53.8,-0.160,1.974
83.4,54.3,-0.930,1.975
83.4,54.8,1.443,1.977
83.4,55.3,0.673,1.978
83.4,55.8,-0.160,1.980
83.4,56.3,-0.930,1.982
83.4,56.8,1.443,1.984
83.4,57.3,0.673,1.985
83.4,57.8,-0.096,1.987
83.4,58.3,-0.866,1.988
83.4,58.8,1.507,1.989
83.4,59.3,0.737,1.990
83.4,59.8,-0.032,1.991
83.4,60.3,-0.801,1.992
83.4,60.8,1.571,1.993
83.4,61.3,0.801,1.994
83.4,61.8,0.032,1.994
83.4,62.3,-0.737,1.995
83.4,62.8,-1.571,1.996
83.4,63.3,0.801,1.997
83.4,63.8,0.032,1.998
83.4,64.3,-0.737,1.998
83.4,64.8,-1.507,1.999
83.4,65.3,0.866,1.999
83.4,65.8,0.096,1.999
83.4,66.3,-0.673,1.999
83.4,66.8,-1.443,1.999
83.4,67.3,0.866,1.999
83.4,67.8,0.096,1.999
83.4,68.3,-0.673,2.000
83.4,68.8,-1.443,2.000
83.4,69.3,0.930,2.000
83.4,69.8,0.160,1.999
83.4,70.4,-0.609,1.999
83.4,70.9,-1.378,1.998
83.4,71.4,0.930,1.998
83.4,71.9,0.160,1.998
83.4,72.4,-0.609,1.997
83.4,72.9,-1.378,1.997
83.4,73.4,0.994,1.996
83.4,73.9,0.224,1.995
83.4,74.4,-0.545,1.994
83.4,74.9,-1.378,1.993
83.4,75.4,0.994,1.993
83.4,75.9,0.224,1.992
83.4,76.4,-0.545,1.991
83.4,76.9,-1.314,1.990
83.4,77.4,1.058,1.988
83.4,77.9,0.224,1.987
83.4,78.4,-0.545,1.986
83.4,78.9,-1.314,1.985
83.4,79.4,1.058,1.983
83.4,79.9,0.289,1.982
83.4,80.4,-0.481,1.979
83.4,80.9,-1.314,1.978
83.4,81.4,1.058,1.977
83.4,81.9,0.289,1.975
83.4,82.4,-0.481,1.973
83.4,82.9,-1.250,1.971
83.4,83.4,1.058,1.969
83.4,83.9,0.289,1.967
83.4,84.4,-0.481,1.965
83.4,84.9,-1.250,1.963
83.4,85.4,1.122,1.960
83.4,85.9,0.289,1.958
83.4,86.4,-0.481,1.956
83.4,86.9,-1.250,1.954
83.4,87.4,1.122,1.951
83.4,87.9,0.289,1.948
83.4,88.4,-0.481,1.946
83.4,88.9,-1.250,1.944
83.4,89.4,1.122,1.941
83.4,89.9,0.353,1.937
83.4,90.5,-0.481,1.935
83.4,91.0,-1.250,1.933
83.4,91.5,1.122,1.929
83.4,92.0,0.353,1.926
83.4,92.5,-0.481,1.923
83.4,93.0,-1.250,1.920
83.4,93.5,1.122,1.917
83.4,94.0,0.353,1.913
83.4,94.5,-0.481,1.910
83.4,95.0,-1.250,1.907
83.4,95.5,1.122,1.903
83.4,96.0,0.289,1.899
83.4,96.5,-0.481,1.896
83.4,97.0,-1.250,1.893
83.4,97.5,1.122,1.889
83.4,98.0,0.289,1.885
83.4,98.5,-0.481,1.881
83.4,99.0,-1.250,1.877
83.4,99.5,1.122,1.873
83.4,100.0,0.289,1.869
83.9,0.0,0.866,1.432
83.9,0.5,0.096,1.440
83.9,1.0,-0.673,1.448
83.9,1.5,-1.378,1.455
83.9,2.0,0.994,1.463
83.9,2.5,0.224,1.471
83.9,3.0,-0.545,1.478
83.9,3.5,-1.314,1.485
83.9,4.0,1.122,1.493
83.9,4.5,0.353,1.501
83.9,5.0,-0.417,1.508
83.9,5.5,-1.186,1.515
83.9,6.0,1.250,1.522
83.9,6.5,0.481,1.529
83.9,7.0,-0.289,1.537
83.9,7.5,-1.058,1.544
83.9,8.0,1.314,1.551
83.9,8.5,0.609,1.557
83.9,9.0,-0.160,1.565
83.9,9.5,-0.930,1.572
83.9,10.1,1.443,1.579
83.9,10.6,0.673,1.585
83.9,11.1,-0.096,1.592
83.9,11.6,-0.801,1.599
83.9,12.1,1.571,1.606
83.9,12.6,0.801,1.613
83.9,13.1,0.032,1.619
83.9,13.6,-0.737,1.625
83.9,14.1,-1.443,1.631
83.9,14.6,0.930,1.638
83.9,15.1,0.160,1.645
83.9,15.6,-0.609,1.651
83.9,16.1,-1.378,1.658
83.9,16.6,0.994,1.664
83.9,17.1,0.224,1.669
83.9,17.6,-0.481,1.676
83.9,18.1,-1.250,1.682
83.9,18.6,1.122,1.688
83.9,19.1,0.353,1.694
83.9,19.6,-0.417,1.700
83.9,20.1,-1.186,1.706
83.9,20.6,1.186,1.711
83.9,21.1,0.481,1.717
83.9,21.6,-0.289,1.723
83.9,22.1,-1.058,1.729
83.9,22.6,1.314,1.735
83.9,23.1,0.545,1.740
83.9,23.6,-0.224,1.746
83.9,24.1,-0.994,1.751
83.9,24.6,1.378,1.756
83.9,25.1,0.673,1.761
83.9,25.6,-0.096,1.767
83.9,26.1,-0.866,1.772
83.9,26.6,1.507,1.777
83.9,27.1,0.737,1.783
83.9,27.6,-0.032,1.788
83.9,28.1,-0.801,1.793
83.9,28.6,-1.571,1.797
83.9,29.1,0.801,1.802
83.9,29.6,0.032,1.807
83.9,30.2,-0.673,1.811
83.9,30.7,-1.443,1.816
83.9,31.2,0.930,1.821
83.9,31.7,0.160,1.826
83.9,32.2,-0.609,1.831
83.9,32.7,-1.378,1.835
83.9,33.2,0.994,1.840
83.9,33.7,0.224,1.844
83.9,34.2,-0.545,1.848
83.9,34.7,-1.314,1.853
83.9,35.2,1.058,1.857
83.9,35.7,0.289,1.861
83.9,36.2,-0.481,1.865
83.9,36.7,-1.250,1.869
83.9,37.2,1.122,1.872
83.9,37.7,0.353,1.876
83.9,38.2,-0.353,1.880
83.9,38.7,-1.122,1.884
83.9,39.2,1.250,1.888
83.9,39.7,0.481,1.892
83.9,40.2,-0.289,1.895
83.9,40.7,-1.058,1.899
83.9,41.2,1.314,1.903
83.9,41.7,0.545,1.906
83.9,42.2,-0.224,1.909
83.9,42.7,-0.994,1.913
83.9,43.2,1.378,1.916
83.9,43.7,0.609,1.919
83.9,44.2,-0.160,1.922
83.9,44.7,-0.930,1.926
83.9,45.2,1.443,1.929
83.9,45.7,0.673,1.932
83.9,46.2,-0.096,1.934
83.9,46.7,-0.866,1.937
83.9,47.2,1.507,1.940
83.9,47.7,0.737,1.943
83.9,48.2,-0.032,1.945
83.9,48.7,-0.801,1.948
83.9,49.2,1.571,1.950
83.9,49.7,0.801,1.953
83.9,50.3,0.032,1.955
83.9,50.8,-0.737,1.958
83.9,51.3,-1.507,1.960
83.9,51.8,0.866,1.962
83.9,52.3,0.096,1.964
83.9,52.8,-0.673,1.966
83.9,53.3,-1.443,1.968
83.9,53.8,0.930,1.970
83.9,54.3,0.160,1.972
83.9,54.8,-0.673,1.973
83.9,55.3,-1.443,1.975
83.9,55.8,0.930,1.977
83.9,56.3,0.160,1.979
83.9,56.8,-0.609,1.981
83.9,57.3,-1.378,1.982
83.9,57.8,0.994,1.984
83.9,58.3,0.224,1.985
83.9,58.8,-0.545,1.987
83.9,59.3,-1.314,1.988
83.9,59.8,1.058,1.989
83.9,60.3,0.289,1.990
83.9,60.8,-0.481,1.991
83.9,61.3,-1.250,1.992
83.9,61.8,1.122,1.993
83.9,62.3,0.353,1.993
83.9,62.8,-0.481,1.994
83.9,63.3,-1.250,1.995
83.9,63.8,1.122,1.996
83.9,64.3,0.353,1.997
83.9,64.8,-0.417,1.998
83.9,65.3,-1.186,1.998
83.9,65.8,1.186,1.999
83.9,66.3,0.417,1.999
83.9,66.8,-0.353,1.999
83.9,67.3,-1.122,1.999
83.9,67.8,1.186,1.999
83.9,68.3,0.417,2.000
83.9,68.8,-0.353,2.000
83.9,69.3,-1.122,2.000
83.9,69.8,1.250,2.000
83.9,70.4,0.481,2.000
83.9,70.9,-0.289,1.999
83.9,71.4,-1.058,1.999
83.9,71.9,1.250,1.998
83.9,72.4,0.481,1.998
83.9,72.9,-0.289,1.998
83.9,73.4,-1.058,1.998
83.9,73.9,1.314,1.997
83.9,74.4,0.545,1.996
83.9,74.9,-0.224,1.995
83.9,75.4,-1.058,1.994
83.9,75.9,1.314,1.994
83.9,76.4,0.545,1.993
83.9,76.9,-0.224,1.992
83.9,77.4,-0.994,1.991
83.9,77.9,1.378,1.989
83.9,78.4,0.545,1.988
83.9,78.9,-0.224,1.987
83.9,79.4,-0.994,1.986
83.9,79.9,1.378,1.985
83.9,80.4,0.609,1.983
83.9,80.9,-0.160,1.981
83.9,81.4,-0.994,1.980
83.9,81.9,1.378,1.979
83.9,82.4,0.609,1.977
83.9,82.9,-0.160,1.975
83.9,83.4,-0.930,1.973
83.9,83.9,1.378,1.971
83.9,84.4,0.609,1.969
83.9,84.9,-0.160,1.968
83.9,85.4,-0.930,1.965
83.9,85.9,1.443,1.963
83.9,86.4,0.609,1.961
83.9,86.9,-0.160,1.959
83.9,87.4,-0.930,1.957
83.9,87.9,1.443,1.954
83.9,88.4,0.673,1.951
83.9,88.9,-0.160,1.949
83.9,89.4,-0.930,1.947
83.9,89.9,1.443,1.944
83.9,90.5,0.673,1.941
83.9,91.0,-0.160,1.938
83.9,91.5,-0.930,1.936
83.9,92.0,1.443,1.933
83.9,92.5,0.673,1.929
83.9,93.0,-0.160,1.926
83.9,93.5,-0.930,1.923
83.9,94.0,1.443,1.920
83.9,94.5,0.673,1.917
83.9,95.0,-0.160,1.913
83.9,95.5,-0.930,1.910
83.9,96.0,1.443,1.907
83.9,96.5,0.673,1.903
83.9,97.0,-0.160,1.900
83.9,97.5,-0.930,1.896
83.9,98.0,1.443,1.893
83.9,98.5,0.673,1.888
83.9,99.0,-0.160,1.885
83.9,99.5,-0.930,1.881
83.9,100.0,1.443,1.877
84.4,0.0,-1.250,1.416
84.4,0.5,1.122,1.424
84.4,1.0,0.417,1.432
84.4,1.5,-0.353,1.440
84.4,2.0,-1.122,1.447
84.4,2.5,1.250,1.455
84.4,3.0,0.545,1.462
84.4,3.5,-0.224,1.470
84.4,4.0,-0.994,1.478
84.4,4.5,1.378,1.485
84.4,5.0,0.609,1.492
84.4,5.5,-0.096,1.500
84.4,6.0,-0.866,1.507
84.4,6.5,1.507,1.515
84.4,7.0,0.737,1.522
84.4,7.5,0.032,1.529
84.4,8.0,-0.737,1.536
84.4,8.5,-1.507,1.544
84.4,9.0,0.866,1.551
84.4,9.5,0.096,1.557
84.4,10.1,-0.609,1.564
84.4,10.6,-1.378,1.571
84.4,11.1,0.994,1.578
84.4,11.6,0.224,1.585
84.4,12.1,-0.545,1.592
84.4,12.6,-1.314,1.598
84.4,13.1,1.122,1.605
84.4,13.6,0.353,1.612
84.4,14.1,-0.417,1.619
84.4,14.6,-1.186,1.625
84.4,15.1,1.186,1.631
84.4,15.6,0.481,1.637
84.4,16.1,-0.289,1.644
84.4,16.6,-1.058,1.651
84.4,17.1,1.314,1.657
84.4,17.6,0.545,1.663
84.4,18.1,-0.224,1.669
84.4,18.6,-0.994,1.675
84.4,19.1,1.443,1.681
84.4,19.6,0.673,1.688
84.4,20.1,-0.096,1.694
84.4,20.6,-0.866,1.700
84.4,21.1,1.507,1.706
84.4,21.6,0.737,1.711
84.4,22.1,-0.032,1.717
84.4,22.6,-0.737,1.722
84.4,23.1,-1.507,1.728
84.4,23.6,0.866,1.734
84.4,24.1,0.096,1.740
84.4,24.6,-0.673,1.745
84.4,25.1,-1.443,1.751
84.4,25.6,0.930,1.756
84.4,26.1,0.160,1.761
84.4,26.6,-0.545,1.766
84.4,27.1,-1.314,1.772
84.4,27.6,1.058,1.777
84.4,28.1,0.289,1.782
84.4,28.6,-0.481,1.787
84.4,29.1,-1.250,1.792
84.4,29.6,1.122,1.797
84.4,30.2,0.353,1.802
84.4,30.7,-0.417,1.807
84.4,31.2,-1.186,1.811
84.4,31.7,1.186,1.816
84.4,32.2,0.481,1.820
84.4,32.7,-0.289,1.825
84.4,33.2,-1.058,1.830
84.4,33.7,1.314,1.835
84.4,34.2,0.545,1.839
84.4,34.7,-0.224,1.844
84.4,35.2,-0.994,1.848
84.4,35.7,1.378,1.852
84.4,36.2,0.609,1.857
84.4,36.7,-0.160,1.861
84.4,37.2,-0.930,1.865
84.4,37.7,1.443,1.869
84.4,38.2,0.673,1.873
84.4,38.7,-0.096,1.876
84.4,39.2,-0.866,1.880
84.4,39.7,1.507,1.884
84.4,40.2,0.737,1.887
84.4,40.7,-0.032,1.891
84.4,41.2,-0.737,1.895
84.4,41.7,-1.507,1.898
84.4,42.2,0.866,1.902
84.4,42.7,0.096,1.905
84.4,43.2,-0.673,1.909
84.4,43.7,-1.443,1.912
84.4,44.2,0.930,1.916
84.4,44.7,0.160,1.919
84.4,45.2,-0.609,1.922
84.4,45.7,-1.378,1.925
84.4,46.2,0.994,1.928
84.4,46.7,0.224,1.931
84.4,47.2,-0.545,1.934
84.4,47.7,-1.314,1.937
84.4,48.2,1.058,1.940
84.4,48.7,0.289,1.942
84.4,49.2,-0.481,1.945
84.4,49.7,-1.250,1.948
84.4,50.3,1.122,1.950
84.4,50.8,0.353,1.952
84.4,51.3,-0.417,1.955
84.4,51.8,-1.186,1.957
84.4,52.3,1.186,1.959
84.4,52.8,0.417,1.961
84.4,53.3,-0.353,1.963
84.4,53.8,-1.122,1.965
84.4,54.3,1.186,1.968
84.4,54.8,0.417,1.970
84.4,55.3,-0.353,1.972
84.4,55.8,-1.122,1.974
84.4,56.3,1.250,1.976
84.4,56.8,0.481,1.977
84.4,57.3,-0.289,1.979
84.4,57.8,-1.058,1.981
84.4,58.3,1.314,1.982
84.4,58.8,0.545,1.984
84.4,59.3,-0.224,1.985
84.4,59.8,-0.994,1.987
84.4,60.3,1.378,1.988
84.4,60.8,0.609,1.989
84.4,61.3,-0.160,1.990
84.4,61.8,-0.930,1.991
84.4,62.3,1.443,1.992
84.4,62.8,0.609,1.992
84.4,63.3,-0.160,1.994
84.4,63.8,-0.930,1.995
84.4,64.3,1.443,1.996
84.4,64.8,0.673,1.996
84.4,65.3,-0.096,1.997
84.4,65.8,-0.866,1.998
84.4,66.3,1.507,1.998
84.4,66.8,0.737,1.998
84.4,67.3,-0.032,1.998
84.4,67.8,-0.801,1.998
84.4,68.3,1.507,1.999
84.4,68.8,0.737,1.999
84.4,69.3,-0.032,2.000
84.4,69.8,-0.801,2.000
84.4,70.4,1.571,2.000
84.4,70.9,0.801,2.000
84.4,71.4,0.032,1.999
84.4,71.9,-0.737,1.999
84.4,72.4,-1.571,1.999
84.4,72.9,0.801,1.999
84.4,73.4,0.032,1.998
84.4,73.9,-0.737,1.998
84.4,74.4,-1.507,1.998
84.4,74.9,0.866,1.997
84.4,75.4,0.096,1.996
84.4,75.9,-0.737,1.995
84.4,76.4,-1.507,1.995
84.4,76.9,0.866,1.994
84.4,77.4,0.096,1.993
84.4,77.9,-0.673,1.992
84.4,78.4,-1.443,1.991
84.4,78.9,0.866,1.989
84.4,79.4,0.096,1.988
84.4,79.9,-0.673,1.987
84.4,80.4,-1.443,1.986
84.4,80.9,0.930,1.985
84.4,81.4,0.160,1.983
84.4,81.9,-0.673,1.981
84.4,82.4,-1.443,1.980
84.4,82.9,0.930,1.979
84.4,83.4,0.160,1.977
84.4,83.9,-0.609,1.975
84.4,84.4,-1.443,1.973
84.4,84.9,0.930,1.971
84.4,85.4,0.160,1.970
84.4,85.9,-0.609,1.968
84.4,86.4,-1.378,1.965
84.4,86.9,0.930,1.963
84.4,87.4,0.160,1.961
84.4,87.9,-0.609,1.959
84.4,88.4,-1.378,1.957
84.4,88.9,0.994,1.954
84.4,89.4,0.160,1.951
84.4,89.9,-0.609,1.949
84.4,90.5,-1.378,1.947
84.4,91.0,0.994,1.944
84.4,91.5,0.160,1.940
84.4,92.0,-0.609,1.938
84.4,92.5,-1.378,1.936
84.4,93.0,0.994,1.933
84.4,93.5,0.224,1.929
84.4,94.0,-0.609,1.926
84.4,94.5,-1.378,1.924
84.4,95.0,0.994,1.920
84.4,95.5,0.224,1.916
84.4,96.0,-0.609,1.914
84.4,96.5,-1.378,1.911
84.4,97.0,0.994,1.907
84.4,97.5,0.160,1.903
84.4,98.0,-0.609,1.900
84.4,98.5,-1.378,1.897
84.4,99.0,0.994,1.892
84.4,99.5,0.160,1.889
84.4,100.0,-0.609,1.885
84.9,0.0,-0.224,1.399
84.9,0.5,-0.930,1.408
84.9,1.0,1.443,1.416
84.9,1.5,0.673,1.423
84.9,2.0,-0.096,1.431
84.9,2.5,-0.801,1.439
84.9,3.0,1.571,1.447
84.9,3.5,0.801,1.454
84.9,4.0,0.032,1.462
84.9,4.5,-0.673,1.469
84.9,5.0,-1.443,1.477
84.9,5.5,0.930,1.485
84.9,6.0,0.160,1.492
84.9,6.5,-0.545,1.499
84.9,7.0,-1.314,1.507
84.9,7.5,1.058,1.514
84.9,8.0,0.289,1.521
84.9,8.5,-0.481,1.528
84.9,9.0,-1.186,1.535
84.9,9.5,1.186,1.543
84.9,10.1,0.417,1.550
84.9,10.6,-0.353,1.557
84.9,11.1,-1.122,1.564
84.9,11.6,1.314,1.571
84.9,12.1,0.545,1.578
84.9,12.6,-0.224,1.585
84.9,13.1,-0.994,1.592
84.9,13.6,1.378,1.598
84.9,14.1,0.609,1.604
84.9,14.6,-0.096,1.611
84.9,15.1,-0.866,1.618
84.9,15.6,1.507,1.625
84.9,16.1,0.737,1.631
84.9,16.6,-0.032,1.637
84.9,17.1,-0.737,1.643
84.9,17.6,-1.507,1.650
84.9,18.1,0.866,1.657
84.9,18.6,0.096,1.663
84.9,19.1,-0.673,1.669
84.9,19.6,-1.443,1.675
84.9,20.1,0.930,1.681
84.9,20.6,0.224,1.687
84.9,21.1,-0.545,1.693
84.9,21.6,-1.314,1.699
84.9,22.1,1.058,1.705
84.9,22.6,0.289,1.711
84.9,23.1,-0.481,1.717
84.9,23.6,-1.250,1.722
84.9,24.1,1.186,1.728
84.9,24.6,0.417,1.734
84.9,25.1,-0.353,1.739
84.9,25.6,-1.122,1.745
84.9,26.1,1.250,1.750
84.9,26.6,0.481,1.756
84.9,27.1,-0.289,1.761
84.9,27.6,-1.058,1.766
84.9,28.1,1.314,1.771
84.9,28.6,0.609,1.776
84.9,29.1,-0.160,1.782
84.9,29.6,-0.930,1.787
84.9,30.2,1.443,1.792
84.9,30.7,0.673,1.797
84.9,31.2,-0.096,1.802
84.9,31.7,-0.866,1.807
84.9,32.2,1.507,1.811
84.9,32.7,0.737,1.816
84.9,33.2,-0.032,1.821
84.9,33.7,-0.801,1.825
84.9,34.2,-1.507,1.829
84.9,34.7,0.866,1.834
84.9,35.2,0.096,1.839
84.9,35.7,-0.673,1.843
84.9,36.2,-1.443,1.848
84.9,36.7,0.930,1.852
84.9,37.2,0.160,1.856
84.9,37.7,-0.609,1.861
84.9,38.2,-1.378,1.865
84.9,38.7,0.994,1.869
84.9,39.2,0.224,1.873
84.9,39.7,-0.545,1.876
84.9,40.2,-1.314,1.880
84.9,40.7,1.058,1.884
84.9,41.2,0.289,1.888
84.9,41.7,-0.481,1.891
84.9,42.2,-1.250,1.895
84.9,42.7,1.122,1.898
84.9,43.2,0.353,1.902
84.9,43.7,-0.417,1.905
84.9,44.2,-1.186,1.908
84.9,44.7,1.186,1.912
84.9,45.2,0.481,1.915
84.9,45.7,-0.289,1.918
84.9,46.2,-1.058,1.921
84.9,46.7,1.314,1.924
84.9,47.2,0.545,1.928
84.9,47.7,-0.224,1.931
84.9,48.2,-0.994,1.933
84.9,48.7,1.378,1.936
84.9,49.2,0.609,1.939
84.9,49.7,-0.160,1.942
84.9,50.3,-0.930,1.944
84.9,50.8,1.443,1.947
84.9,51.3,0.673,1.949
84.9,51.8,-0.096,1.952
84.9,52.3,-0.930,1.954
84.9,52.8,1.443,1.957
84.9,53.3,0.673,1.959
84.9,53.8,-0.096,1.961
84.9,54.3,-0.866,1.964
84.9,54.8,1.507,1.966
84.9,55.3,0.737,1.968
84.9,55.8,-0.032,1.970
84.9,56.3,-0.801,1.972
84.9,56.8,-1.571,1.974
84.9,57.3,0.801,1.976
84.9,57.8,0.032,1.978
84.9,58.3,-0.737,1.979
84.9,58.8,-1.507,1.981
84.9,59.3,0.866,1.982
84.9,59.8,0.096,1.984
84.9,60.3,-0.673,1.985
84.9,60.8,-1.443,1.986
84.9,61.3,0.930,1.987
84.9,61.8,0.160,1.988
84.9,62.3,-0.609,1.989
84.9,62.8,-1.443,1.990
84.9,63.3,0.930,1.992
84.9,63.8,0.160,1.993
84.9,64.3,-0.609,1.994
84.9,64.8,-1.378,1.995
84.9,65.3,0.994,1.996
84.9,65.8,0.224,1.996
84.9,66.3,-0.545,1.997
84.9,66.8,-1.314,1.997
84.9,67.3,1.058,1.998
84.9,67.8,0.289,1.998
84.9,68.3,-0.545,1.998
84.9,68.8,-1.314,1.999
84.9,69.3,1.058,1.999
84.9,69.8,0.289,2.000
84.9,70.4,-0.481,2.000
84.9,70.9,-1.250,2.000
84.9,71.4,1.122,2.000
84.9,71.9,0.353,1.999
84.9,72.4,-0.417,1.999
84.9,72.9,-1.250,1.999
84.9,73.4,1.122,1.999
84.9,73.9,0.353,1.999
84.9,74.4,-0.417,1.999
84.9,74.9,-1.186,1.998
84.9,75.4,1.186,1.997
84.9,75.9,0.417,1.996
84.9,76.4,-0.417,1.996
84.9,76.9,-1.186,1.995
84.9,77.4,1.186,1.995
84.9,77.9,0.417,1.994
84.9,78.4,-0.353,1.993
84.9,78.9,-1.122,1.992
84.9,79.4,1.186,1.990
84.9,79.9,0.417,1.990
84.9,80.4,-0.353,1.989
84.9,80.9,-1.122,1.988
84.9,81.4,1.250,1.986
84.9,81.9,0.481,1.984
84.9,82.4,-0.353,1.983
84.9,82.9,-1.122,1.982
84.9,83.4,1.250,1.980
84.9,83.9,0.481,1.979
84.9,84.4,-0.289,1.977
84.9,84.9,-1.058,1.975
84.9,85.4,1.250,1.973
84.9,85.9,0.481,1.972
84.9,86.4,-0.289,1.970
84.9,86.9,-1.058,1.967
84.9,87.4,1.314,1.965
84.9,87.9,0.481,1.963
84.9,88.4,-0.289,1.961
84.9,88.9,-1.058,1.959
84.9,89.4,1.314,1.956
84.9,89.9,0.481,1.953
84.9,90.5,-0.289,1.952
84.9,91.0,-1.058,1.949
84.9,91.5,1.314,1.947
84.9,92.0,0.545,1.943
84.9,92.5,-0.289,1.941
84.9,93.0,-1.058,1.939
84.9,93.5,1.314,1.936
84.9,94.0,0.545,1.932
84.9,94.5,-0.289,1.929
84.9,95.0,-1.058,1.927
84.9,95.5,1.314,1.924
84.9,96.0,0.545,1.920
84.9,96.5,-0.289,1.917
84.9,97.0,-1.058,1.914
84.9,97.5,1.314,1.911
84.9,98.0,0.545,1.907
84.9,98.5,-0.289,1.903
84.9,99.0,-1.058,1.900
84.9,99.5,1.314,1.897
84.9,100.0,0.545,1.892
85.4,0.0,0.866,1.383
85.4,0.5,0.096,1.391
85.4,1.0,-0.673,1.399
85.4,1.5,-1.378,1.407
85.4,2.0,0.994,1.415
85.4,2.5,0.224,1.423
85.4,3.0,-0.545,1.431
85.4,3.5,-1.250,1.438
85.4,4.0,1.122,1.446
85.4,4.5,0.353,1.454
85.4,5.0,-0.417,1.461
85.4,5.5,-1.186,1.469
85.4,6.0,1.250,1.476
85.4,6.5,0.481,1.484
85.4,7.0,-0.289,1.492
85.4,7.5,-1.058,1.499
85.4,8.0,1.378,1.506
85.4,8.5,0.609,1.514
85.4,9.0,-0.160,1.521
85.4,9.5,-0.930,1.528
85.4,10.1,1.443,1.535
85.4,10.6,0.737,1.542
85.4,11.1,-0.032,1.550
85.4,11.6,-0.801,1.557
85.4,12.1,-1.571,1.564
85.4,12.6,0.801,1.570
85.4,13.1,0.096,1.577
85.4,13.6,-0.673,1.584
85.4,14.1,-1.443,1.591
85.4,14.6,0.930,1.598
85.4,15.1,0.160,1.604
85.4,15.6,-0.609,1.610
85.4,16.1,-1.314,1.618
85.4,16.6,1.058,1.624
85.4,17.1,0.289,1.631
85.4,17.6,-0.481,1.637
85.4,18.1,-1.250,1.643
85.4,18.6,1.186,1.649
85.4,19.1,0.417,1.656
85.4,19.6,-0.353,1.663
85.4,20.1,-1.122,1.669
85.4,20.6,1.250,1.675
85.4,21.1,0.481,1.681
85.4,21.6,-0.289,1.687
85.4,22.1,-0.994,1.692
85.4,22.6,1.378,1.699
85.4,23.1,0.609,1.705
85.4,23.6,-0.160,1.711
85.4,24.1,-0.930,1.717
85.4,24.6,1.443,1.722
85.4,25.1,0.673,1.728
85.4,25.6,-0.096,1.733
85.4,26.1,-0.801,1.739
85.4,26.6,1.571,1.744
85.4,27.1,0.801,1.750
85.4,27.6,0.032,1.756
85.4,28.1,-0.737,1.761
85.4,28.6,-1.507,1.766
85.4,29.1,0.866,1.771
85.4,29.6,0.096,1.776
85.4,30.2,-0.673,1.781
85.4,30.7,-1.378,1.786
85.4,31.2,0.994,1.791
85.4,31.7,0.224,1.797
85.4,32.2,-0.545,1.802
85.4,32.7,-1.314,1.807
85.4,33.2,1.058,1.811
85.4,33.7,0.289,1.816
85.4,34.2,-0.481,1.821
85.4,34.7,-1.250,1.825
85.4,35.2,1.122,1.829
85.4,35.7,0.353,1.834
85.4,36.2,-0.353,1.838
85.4,36.7,-1.122,1.843
85.4,37.2,1.250,1.847
85.4,37.7,0.481,1.852
85.4,38.2,-0.289,1.856
85.4,38.7,-1.058,1.860
85.4,39.2,1.314,1.864
85.4,39.7,0.545,1.868
85.4,40.2,-0.224,1.872
85.4,40.7,-0.994,1.876
85.4,41.2,1.378,1.880
85.4,41.7,0.609,1.884
85.4,42.2,-0.160,1.888
85.4,42.7,-0.930,1.891
85.4,43.2,1.443,1.895
85.4,43.7,0.673,1.898
85.4,44.2,-0.096,1.902
85.4,44.7,-0.866,1.905
85.4,45.2,1.507,1.909
85.4,45.7,0.737,1.912
85.4,46.2,-0.032,1.915
85.4,46.7,-0.801,1.918
85.4,47.2,-1.571,1.921
85.4,47.7,0.801,1.925
85.4,48.2,0.032,1.928
85.4,48.7,-0.737,1.930
85.4,49.2,-1.507,1.933
85.4,49.7,0.866,1.936
85.4,50.3,0.096,1.939
85.4,50.8,-0.673,1.942
85.4,51.3,-1.443,1.944
85.4,51.8,0.930,1.947
85.4,52.3,0.160,1.950
85.4,52.8,-0.609,1.952
85.4,53.3,-1.378,1.955
85.4,53.8,0.994,1.957
85.4,54.3,0.224,1.959
85.4,54.8,-0.545,1.962
85.4,55.3,-1.314,1.964
85.4,55.8,1.058,1.966
85.4,56.3,0.289,1.968
85.4,56.8,-0.481,1.970
85.4,57.3,-1.250,1.972
85.4,57.8,1.122,1.974
85.4,58.3,0.353,1.976
85.4,58.8,-0.417,1.977
85.4,59.3,-1.186,1.979
85.4,59.8,1.186,1.981
85.4,60.3,0.417,1.982
85.4,60.8,-0.353,1.983
85.4,61.3,-1.122,1.985
85.4,61.8,1.250,1.986
85.4,62.3,0.481,1.987
85.4,62.8,-0.353,1.988
85.4,63.3,-1.122,1.990
85.4,63.8,1.250,1.991
85.4,64.3,0.481,1.992
85.4,64.8,-0.289,1.993
85.4,65.3,-1.058,1.994
85.4,65.8,1.314,1.995
85.4,66.3,0.545,1.996
85.4,66.8,-0.224,1.996
85.4,67.3,-0.994,1.997
85.4,67.8,1.378,1.997
85.4,68.3,0.609,1.997
85.4,68.8,-0.224,1.998
85.4,69.3,-0.994,1.999
85.4,69.8,1.378,1.999
85.4,70.4,0.609,2.000
85.4,70.9,-0.160,2.000
85.4,71.4,-0.930,2.000
85.4,71.9,1.443,2.000
85.4,72.4,0.673,1.999
85.4,72.9,-0.096,1.999
85.4,73.4,-0.930,1.999
85.4,73.9,1.443,1.999
85.4,74.4,0.673,1.999
85.4,74.9,-0.096,1.999
85.4,75.4,-0.866,1.999
85.4,75.9,1.507,1.998
85.4,76.4,0.737,1.997
85.4,76.9,-0.096,1.996
85.4,77.4,-0.866,1.996
85.4,77.9,1.507,1.996
85.4,78.4,0.737,1.995
85.4,78.9,-0.032,1.994
85.4,79.4,-0.801,1.993
85.4,79.9,1.571,1.991
85.4,80.4,0.737,1.991
85.4,80.9,-0.032,1.990
85.4,81.4,-0.801,1.989
85.4,81.9,1.571,1.988
85.4,82.4,0.801,1.986
85.4,82.9,-0.032,1.984
85.4,83.4,-0.801,1.983
85.4,83.9,-1.571,1.982
85.4,84.4,0.801,1.981
85.4,84.9,0.032,1.979
85.4,85.4,-0.737,1.976
85.4,85.9,-1.571,1.975
85.4,86.4,0.801,1.974
85.4,86.9,0.032,1.972
85.4,87.4,-0.737,1.970
85.4,87.9,-1.507,1.967
85.4,88.4,0.801,1.965
85.4,88.9,0.032,1.963
85.4,89.4,-0.737,1.961
85.4,89.9,-1.507,1.959
85.4,90.5,0.866,1.956
85.4,91.0,0.032,1.954
85.4,91.5,-0.737,1.952
85.4,92.0,-1.507,1.949
85.4,92.5,0.866,1.946
85.4,93.0,0.032,1.944
85.4,93.5,-0.737,1.941
85.4,94.0,-1.507,1.939
85.4,94.5,0.866,1.936
85.4,95.0,0.032,1.932
85.4,95.5,-0.737,1.930
85.4,96.0,-1.507,1.927
85.4,96.5,0.866,1.924
85.4,97.0,0.032,1.920
85.4,97.5,-0.737,1.917
85.4,98.0,-1.507,1.914
85.4,98.5,0.866,1.911
85.4,99.0,0.032,1.907
85.4,99.5,-0.737,1.904
85.4,100.0,-1.507,1.900
85.9,0.0,-1.250,1.367
85.9,0.5,1.122,1.374
85.9,1.0,0.417,1.382
85.9,1.5,-0.353,1.391
85.9,2.0,-1.122,1.399
85.9,2.5,1.250,1.406
85.9,3.0,0.545,1.414
85.9,3.5,-0.224,1.422
85.9,4.0,-0.994,1.430
85.9,4.5,1.378,1.438
85.9,5.0,0.673,1.445
85.9,5.5,-0.096,1.453
85.9,6.0,-0.866,1.461
85.9,6.5,1.507,1.468
85.9,7.0,0.801,1.476
85.9,7.5,0.032,1.484
85.9,8.0,-0.737,1.491
85.9,8.5,-1.507,1.499
85.9,9.0,0.866,1.505
85.9,9.5,0.160,1.513
85.9,10.1,-0.609,1.521
85.9,10.6,-1.378,1.528
85.9,11.1,0.994,1.535
85.9,11.6,0.224,1.542
85.9,12.1,-0.481,1.549
85.9,12.6,-1.250,1.556
85.9,13.1,1.122,1.563
85.9,13.6,0.353,1.570
85.9,14.1,-0.417,1.577
85.9,14.6,-1.122,1.583
85.9,15.1,1.250,1.591
85.9,15.6,0.481,1.598
85.9,16.1,-0.289,1.604
85.9,16.6,-1.058,1.611
85.9,17.1,1.378,1.617
85.9,17.6,0.609,1.624
85.9,18.1,-0.160,1.630
85.9,18.6,-0.930,1.637
85.9,19.1,1.443,1.643
85.9,19.6,0.673,1.649
85.9,20.1,-0.096,1.655
85.9,20.6,-0.801,1.662
85.9,21.1,1.571,1.668
85.9,21.6,0.801,1.675
85.9,22.1,0.032,1.681
85.9,22.6,-0.737,1.687
85.9,23.1,-1.507,1.692
85.9,23.6,0.930,1.698
85.9,24.1,0.160,1.704
85.9,24.6,-0.609,1.710
85.9,25.1,-1.378,1.716
85.9,25.6,0.994,1.722
85.9,26.1,0.224,1.728
85.9,26.6,-0.545,1.733
85.9,27.1,-1.314,1.738
85.9,27.6,1.122,1.744
85.9,28.1,0.353,1.749
85.9,28.6,-0.417,1.755
85.9,29.1,-1.186,1.761
85.9,29.6,1.186,1.766
85.9,30.2,0.417,1.771
85.9,30.7,-0.353,1.776
85.9,31.2,-1.122,1.781
85.9,31.7,1.250,1.786
85.9,32.2,0.545,1.791
85.9,32.7,-0.224,1.796
85.9,33.2,-0.994,1.801
85.9,33.7,1.378,1.806
85.9,34.2,0.609,1.811
85.9,34.7,-0.160,1.816
85.9,35.2,-0.930,1.821
85.9,35.7,1.443,1.825
85.9,36.2,0.673,1.830
85.9,36.7,-0.096,1.834
85.9,37.2,-0.866,1.838
85.9,37.7,1.507,1.842
85.9,38.2,0.737,1.847
85.9,38.7,0.032,1.851
85.9,39.2,-0.737,1.855
85.9,39.7,-1.507,1.860
85.9,40.2,0.866,1.864
85.9,40.7,0.096,1.868
85.9,41.2,-0.673,1.872
85.9,41.7,-1.443,1.876
85.9,42.2,0.930,1.880
85.9,42.7,0.160,1.884
85.9,43.2,-0.609,1.888
85.9,43.7,-1.378,1.891
85.9,44.2,0.994,1.895
85.9,44.7,0.224,1.898
85.9,45.2,-0.545,1.902
85.9,45.7,-1.314,1.905
85.9,46.2,1.058,1.909
85.9,46.7,0.289,1.912
85.9,47.2,-0.481,1.915
85.9,47.7,-1.250,1.919
85.9,48.2,1.122,1.922
85.9,48.7,0.353,1.925
85.9,49.2,-0.417,1.928
85.9,49.7,-1.186,1.931
85.9,50.3,1.186,1.934
85.9,50.8,0.417,1.936
85.9,51.3,-0.353,1.939
85.9,51.8,-1.122,1.942
85.9,52.3,1.250,1.945
85.9,52.8,0.481,1.947
85.9,53.3,-0.289,1.950
85.9,53.8,-1.058,1.952
85.9,54.3,1.314,1.955
85.9,54.8,0.545,1.957
85.9,55.3,-0.224,1.960
85.9,55.8,-0.994,1.962
85.9,56.3,1.378,1.964
85.9,56.8,0.609,1.966
85.9,57.3,-0.160,1.968
85.9,57.8,-0.930,1.970
85.9,58.3,1.443,1.972
85.9,58.8,0.673,1.974
85.9,59.3,-0.096,1.976
85.9,59.8,-0.866,1.977
85.9,60.3,1.507,1.979
85.9,60.8,0.737,1.980
85.9,61.3,-0.032,1.982
85.9,61.8,-0.801,1.983
85.9,62.3,1.571,1.984
85.9,62.8,0.737,1.986
85.9,63.3,-0.032,1.987
85.9,63.8,-0.801,1.989
85.9,64.3,-1.571,1.990
85.9,64.8,0.801,1.991
85.9,65.3,0.032,1.992
85.9,65.8,-0.737,1.993
85.9,66.3,-1.507,1.994
85.9,66.8,0.866,1.995
85.9,67.3,0.096,1.995
85.9,67.8,-0.673,1.996
85.9,68.3,-1.443,1.996
85.9,68.8,0.866,1.997
85.9,69.3,0.096,1.998
85.9,69.8,-0.673,1.998
85.9,70.4,-1.443,1.999
85.9,70.9,0.930,1.999
85.9,71.4,0.160,2.000
85.9,71.9,-0.609,2.000
85.9,72.4,-1.378,2.000
85.9,72.9,0.994,1.999
85.9,73.4,0.160,1.999
85.9,73.9,-0.609,1.999
85.9,74.4,-1.378,2.000
85.9,74.9,0.994,2.000
85.9,75.4,0.224,1.999
85.9,75.9,-0.545,1.999
85.9,76.4,-1.314,1.998
85.9,76.9,1.058,1.997
85.9,77.4,0.224,1.997
85.9,77.9,-0.545,1.997
85.9,78.4,-1.314,1.996
85.9,78.9,1.058,1.996
85.9,79.4,0.289,1.995
85.9,79.9,-0.481,1.994
85.9,80.4,-1.250,1.992
85.9,80.9,1.058,1.992
85.9,81.4,0.289,1.991
85.9,81.9,-0.481,1.990
85.9,82.4,-1.250,1.989
85.9,82.9,1.122,1.987
85.9,83.4,0.353,1.985
85.9,83.9,-0.481,1.985
85.9,84.4,-1.250,1.984
85.9,84.9,1.122,1.982
85.9,85.4,0.353,1.980
85.9,85.9,-0.417,1.978
85.9,86.4,-1.250,1.977
85.9,86.9,1.122,1.975
85.9,87.4,0.353,1.974
85.9,87.9,-0.417,1.972
85.9,88.4,-1.186,1.969
85.9,88.9,1.122,1.967
85.9,89.4,0.353,1.966
85.9,89.9,-0.417,1.964
85.9,90.5,-1.186,1.961
85.9,91.0,1.186,1.959
85.9,91.5,0.353,1.956
85.9,92.0,-0.417,1.954
85.9,92.5,-1.186,1.952
85.9,93.0,1.186,1.949
85.9,93.5,0.353,1.946
85.9,94.0,-0.417,1.944
85.9,94.5,-1.186,1.942
85.9,95.0,1.186,1.939
85.9,95.5,0.417,1.935
85.9,96.0,-0.417,1.933
85.9,96.5,-1.186,1.930
85.9,97.0,1.186,1.927
85.9,97.5,0.417,1.923
85.9,98.0,-0.417,1.920
85.9,98.5,-1.186,1.918
85.9,99.0,1.186,1.914
85.9,99.5,0.417,1.910
85.9,100.0,-0.417,1.907
86.4,0.0,-0.224,1.349
86.4,0.5,-0.930,1.358
86.4,1.0,1.443,1.366
86.4,1.5,0.673,1.374
86.4,2.0,-0.096,1.382
86.4,2.5,-0.801,1.390
86.4,3.0,1.571,1.398
86.4,3.5,0.801,1.406
86.4,4.0,0.032,1.413
86.4,4.5,-0.673,1.422
86.4,5.0,-1.443,1.430
86.4,5.5,0.930,1.437
86.4,6.0,0.160,1.445
86.4,6.5,-0.545,1.453
86.4,7.0,-1.314,1.461
86.4,7.5,1.058,1.468
86.4,8.0,0.289,1.475
86.4,8.5,-0.417,1.483
86.4,9.0,-1.186,1.491
86.4,9.5,1.186,1.498
86.4,10.1,0.417,1.505
86.4,10.6,-0.353,1.512
86.4,11.1,-1.058,1.520
86.4,11.6,1.314,1.527
86.4,12.1,0.545,1.535
86.4,12.6,-0.224,1.541
86.4,13.1,-0.994,1.548
86.4,13.6,1.443,1.555
86.4,14.1,0.673,1.563
86.4,14.6,-0.096,1.570
86.4,15.1,-0.866,1.576
86.4,15.6,1.507,1.583
86.4,16.1,0.801,1.590
86.4,16.6,0.032,1.597
86.4,17.1,-0.737,1.604
86.4,17.6,-1.507,1.610
86.4,18.1,0.866,1.617
86.4,18.6,0.160,1.623
86.4,19.1,-0.609,1.630
86.4,19.6,-1.378,1.637
86.4,20.1,0.994,1.643
86.4,20.6,0.224,1.649
86.4,21.1,-0.545,1.655
86.4,21.6,-1.314,1.661
86.4,22.1,1.122,1.668
86.4,22.6,0.353,1.674
86.4,23.1,-0.417,1.680
86.4,23.6,-1.186,1.686
86.4,24.1,1.186,1.692
86.4,24.6,0.417,1.698
86.4,25.1,-0.289,1.703
86.4,25.6,-1.058,1.710
86.4,26.1,1.314,1.716
86.4,26.6,0.545,1.722
86.4,27.1,-0.224,1.727
86.4,27.6,-0.994,1.733
86.4,28.1,1.378,1.738
86.4,28.6,0.609,1.743
86.4,29.1,-0.096,1.749
86.4,29.6,-0.866,1.754
86.4,30.2,1.507,1.760
86.4,30.7,0.737,1.766
86.4,31.2,-0.032,1.771
86.4,31.7,-0.801,1.776
86.4,32.2,-1.571,1.781
86.4,32.7,0.801,1.786
86.4,33.2,0.032,1.791
86.4,33.7,-0.737,1.795
86.4,34.2,-1.443,1.800
86.4,34.7,0.930,1.806
86.4,35.2,0.160,1.811
86.4,35.7,-0.609,1.815
86.4,36.2,-1.378,1.820
86.4,36.7,0.994,1.825
86.4,37.2,0.224,1.829
86.4,37.7,-0.545,1.834
86.4,38.2,-1.314,1.838
86.4,38.7,1.058,1.843
86.4,39.2,0.289,1.847
86.4,39.7,-0.481,1.851
86.4,40.2,-1.250,1.855
86.4,40.7,1.122,1.859
86.4,41.2,0.417,1.863
86.4,41.7,-0.353,1.867
86.4,42.2,-1.122,1.872
86.4,42.7,1.250,1.876
86.4,43.2,0.481,1.880
86.4,43.7,-0.289,1.883
86.4,44.2,-1.058,1.887
86.4,44.7,1.314,1.891
86.4,45.2,0.545,1.895
86.4,45.7,-0.224,1.898
86.4,46.2,-0.994,1.902
86.4,46.7,1.378,1.905
86.4,47.2,0.609,1.909
86.4,47.7,-0.160,1.912
86.4,48.2,-0.930,1.915
86.4,48.7,1.443,1.919
86.4,49.2,0.673,1.922
86.4,49.7,-0.096,1.925
86.4,50.3,-0.866,1.928
86.4,50.8,1.507,1.931
86.4,51.3,0.737,1.934
86.4,51.8,-0.032,1.937
86.4,52.3,-0.801,1.939
86.4,52.8,-1.571,1.942
86.4,53.3,0.801,1.945
86.4,53.8,0.032,1.947
86.4,54.3,-0.737,1.950
86.4,54.8,-1.507,1.952
86.4,55.3,0.866,1.955
86.4,55.8,0.096,1.957
86.4,56.3,-0.673,1.959
86.4,56.8,-1.443,1.962
86.4,57.3,0.930,1.964
86.4,57.8,0.160,1.966
86.4,58.3,-0.609,1.968
86.4,58.8,-1.378,1.970
86.4,59.3,0.994,1.972
86.4,59.8,0.224,1.974
86.4,60.3,-0.545,1.975
86.4,60.8,-1.314,1.977
86.4,61.3,1.058,1.978
86.4,61.8,0.289,1.980
86.4,62.3,-0.545,1.981
86.4,62.8,-1.314,1.983
86.4,63.3,1.058,1.985
86.4,63.8,0.289,1.986
86.4,64.3,-0.481,1.987
86.4,64.8,-1.250,1.989
86.4,65.3,1.122,1.990
86.4,65.8,0.353,1.991
86.4,66.3,-0.417,1.992
86.4,66.8,-1.186,1.993
86.4,67.3,1.186,1.994
86.4,67.8,0.417,1.994
86.4,68.3,-0.353,1.995
86.4,68.8,-1.122,1.995
86.4,69.3,1.186,1.996
86.4,69.8,0.417,1.997
86.4,70.4,-0.353,1.998
86.4,70.9,-1.122,1.999
86.4,71.4,1.250,1.999
86.4,71.9,0.481,1.999
86.4,72.4,-0.289,1.999
86.4,72.9,-1.058,1.999
86.4,73.4,1.314,1.999
86.4,73.9,0.481,1.999
86.4,74.4,-0.289,2.000
86.4,74.9,-1.058,2.000
86.4,75.4,1.314,2.000
86.4,75.9,0.545,2.000
86.4,76.4,-0.224,1.999
86.4,76.9,-0.994,1.999
86.4,77.4,1.378,1.998
86.4,77.9,0.545,1.997
86.4,78.4,-0.224,1.997
86.4,78.9,-0.994,1.997
86.4,79.4,1.378,1.996
86.4,79.9,0.609,1.996
86.4,80.4,-0.160,1.995
86.4,80.9,-0.930,1.993
86.4,81.4,1.378,1.993
86.4,81.9,0.609,1.992
86.4,82.4,-0.160,1.991
86.4,82.9,-0.930,1.990
86.4,83.4,1.443,1.989
86.4,83.9,0.673,1.987
86.4,84.4,-0.160,1.986
86.4,84.9,-0.930,1.985
86.4,85.4,1.443,1.984
86.4,85.9,0.673,1.982
86.4,86.4,-0.096,1.980
86.4,86.9,-0.930,1.978
86.4,87.4,1.443,1.977
86.4,87.9,0.673,1.976
86.4,88.4,-0.096,1.974
86.4,88.9,-0.866,1.972
86.4,89.4,1.443,1.969
86.4,89.9,0.673,1.968
86.4,90.5,-0.096,1.966
86.4,91.0,-0.866,1.964
86.4,91.5,1.507,1.961
86.4,92.0,0.673,1.958
86.4,92.5,-0.096,1.957
86.4,93.0,-0.866,1.955
86.4,93.5,1.507,1.952
86.4,94.0,0.737,1.949
86.4,94.5,-0.096,1.947
86.4,95.0,-0.866,1.944
86.4,95.5,1.507,1.942
86.4,96.0,0.737,1.938
86.4,96.5,-0.096,1.935
86.4,97.0,-0.866,1.933
86.4,97.5,1.507,1.930
86.4,98.0,0.737,1.927
86.4,98.5,-0.096,1.923
86.4,99.0,-0.866,1.921
86.4,99.5,1.507,1.918
86.4,100.0,0.737,1.914
86.9,0.0,0.866,1.332
86.9,0.5,0.096,1.341
86.9,1.0,-0.673,1.349
86.9,1.5,-1.378,1.357
86.9,2.0,0.994,1.365
86.9,2.5,0.224,1.374
86.9,3.0,-0.545,1.381
86.9,3.5,-1.250,1.389
86.9,4.0,1.122,1.398
86.9,4.5,0.353,1.406
86.9,5.0,-0.417,1.413
86.9,5.5,-1.122,1.421
86.9,6.0,1.250,1.429
86.9,6.5,0.481,1.437
86.9,7.0,-0.289,1.445
86.9,7.5,-1.058,1.452
86.9,8.0,1.378,1.460
86.9,8.5,0.609,1.468
86.9,9.0,-0.160,1.475
86.9,9.5,-0.930,1.482
86.9,10.1,1.507,1.490
86.9,10.6,0.737,1.498
86.9,11.1,-0.032,1.505
86.9,11.6,-0.801,1.512
86.9,12.1,-1.571,1.519
86.9,12.6,0.866,1.527
86.9,13.1,0.096,1.534
86.9,13.6,-0.673,1.541
86.9,14.1,-1.443,1.548
86.9,14.6,0.994,1.555
86.9,15.1,0.224,1.562
86.9,15.6,-0.545,1.569
86.9,16.1,-1.314,1.576
86.9,16.6,1.058,1.583
86.9,17.1,0.289,1.589
86.9,17.6,-0.417,1.596
86.9,18.1,-1.186,1.603
86.9,18.6,1.186,1.610
86.9,19.1,0.417,1.617
86.9,19.6,-0.353,1.623
86.9,20.1,-1.058,1.629
86.9,20.6,1.314,1.636
86.9,21.1,0.545,1.643
86.9,21.6,-0.224,1.649
86.9,22.1,-0.994,1.655
86.9,22.6,1.378,1.661
86.9,23.1,0.609,1.667
86.9,23.6,-0.096,1.673
86.9,24.1,-0.866,1.680
86.9,24.6,1.507,1.686
86.9,25.1,0.737,1.692
86.9,25.6,-0.032,1.698
86.9,26.1,-0.801,1.703
86.9,26.6,-1.571,1.709
86.9,27.1,0.866,1.715
86.9,27.6,0.096,1.721
86.9,28.1,-0.673,1.727
86.9,28.6,-1.443,1.733
86.9,29.1,0.930,1.738
86.9,29.6,0.160,1.744
86.9,30.2,-0.609,1.749
86.9,30.7,-1.378,1.754
86.9,31.2,1.058,1.759
86.9,31.7,0.289,1.765
86.9,32.2,-0.481,1.770
86.9,32.7,-1.250,1.776
86.9,33.2,1.122,1.781
86.9,33.7,0.353,1.786
86.9,34.2,-0.417,1.791
86.9,34.7,-1.186,1.796
86.9,35.2,1.186,1.800
86.9,35.7,0.417,1.805
86.9,36.2,-0.289,1.810
86.9,36.7,-1.058,1.815
86.9,37.2,1.314,1.820
86.9,37.7,0.545,1.824
86.9,38.2,-0.224,1.829
86.9,38.7,-0.994,1.834
86.9,39.2,1.378,1.838
86.9,39.7,0.609,1.843
86.9,40.2,-0.160,1.847
86.9,40.7,-0.930,1.851
86.9,41.2,1.443,1.855
86.9,41.7,0.673,1.859
86.9,42.2,-0.096,1.863
86.9,42.7,-0.866,1.867
86.9,43.2,1.507,1.871
86.9,43.7,0.801,1.875
86.9,44.2,0.032,1.879
86.9,44.7,-0.737,1.883
86.9,45.2,-1.507,1.887
86.9,45.7,0.866,1.891
86.9,46.2,0.096,1.894
86.9,46.7,-0.673,1.898
86.9,47.2,-1.443,1.902
86.9,47.7,0.930,1.905
86.9,48.2,0.160,1.908
86.9,48.7,-0.609,1.912
86.9,49.2,-1.378,1.915
86.9,49.7,0.994,1.918
86.9,50.3,0.224,1.922
86.9,50.8,-0.545,1.925
86.9,51.3,-1.314,1.928
86.9,51.8,1.058,1.931
86.9,52.3,0.289,1.934
86.9,52.8,-0.481,1.936
86.9,53.3,-1.250,1.939
86.9,53.8,1.122,1.942
86.9,54.3,0.353,1.945
86.9,54.8,-0.417,1.947
86.9,55.3,-1.186,1.950
86.9,55.8,1.186,1.952
86.9,56.3,0.417,1.955
86.9,56.8,-0.353,1.957
86.9,57.3,-1.122,1.959
86.9,57.8,1.250,1.961
86.9,58.3,0.481,1.964
86.9,58.8,-0.289,1.966
86.9,59.3,-1.058,1.968
86.9,59.8,1.314,1.969
86.9,60.3,0.545,1.971
86.9,60.8,-0.224,1.973
86.9,61.3,-0.994,1.975
86.9,61.8,1.314,1.976
86.9,62.3,0.545,1.978
86.9,62.8,-0.224,1.980
86.9,63.3,-0.994,1.982
86.9,63.8,1.378,1.983
86.9,64.3,0.609,1.985
86.9,64.8,-0.160,1.986
86.9,65.3,-0.930,1.988
86.9,65.8,1.443,1.989
86.9,66.3,0.673,1.990
86.9,66.8,-0.096,1.991
86.9,67.3,-0.866,1.992
86.9,67.8,1.507,1.993
86.9,68.3,0.737,1.993
86.9,68.8,-0.032,1.994
86.9,69.3,-0.866,1.995
86.9,69.8,1.507,1.996
86.9,70.4,0.737,1.997
86.9,70.9,-0.032,1.998
86.9,71.4,-0.801,1.998
86.9,71.9,1.571,1.999
86.9,72.4,0.801,1.999
86.9,72.9,0.032,1.999
86.9,73.4,-0.737,1.999
86.9,73.9,-1.507,1.999
86.9,74.4,0.801,1.999
86.9,74.9,0.032,2.000
86.9,75.4,-0.737,2.000
86.9,75.9,-1.507,2.000
86.9,76.4,0.866,2.000
86.9,76.9,0.096,1.999
86.9,77.4,-0.673,1.999
86.9,77.9,-1.443,1.998
86.9,78.4,0.866,1.998
86.9,78.9,0.096,1.998
86.9,79.4,-0.673,1.998
86.9,79.9,-1.443,1.997
86.9,80.4,0.930,1.996
86.9,80.9,0.160,1.995
86.9,81.4,-0.609,1.994
86.9,81.9,-1.443,1.994
86.9,82.4,0.930,1.993
86.9,82.9,0.160,1.992
86.9,83.4,-0.609,1.991
86.9,83.9,-1.378,1.990
86.9,84.4,0.994,1.988
86.9,84.9,0.160,1.987
86.9,85.4,-0.609,1.986
86.9,85.9,-1.378,1.985
86.9,86.4,0.994,1.984
86.9,86.9,0.224,1.982
86.9,87.4,-0.545,1.980
86.9,87.9,-1.378,1.979
86.9,88.4,0.994,1.977
86.9,88.9,0.224,1.976
86.9,89.4,-0.545,1.974
86.9,89.9,-1.314,1.971
86.9,90.5,0.994,1.970
86.9,91.0,0.224,1.968
86.9,91.5,-0.545,1.966
86.9,92.0,-1.314,1.964
86.9,92.5,1.058,1.961
86.9,93.0,0.224,1.959
86.9,93.5,-0.545,1.957
86.9,94.0,-1.314,1.955
86.9,94.5,1.058,1.952
86.9,95.0,0.224,1.949
86.9,95.5,-0.545,1.947
86.9,96.0,-1.314,1.944
86.9,96.5,1.058,1.941
86.9,97.0,0.289,1.938
86.9,97.5,-0.545,1.936
86.9,98.0,-1.314,1.933
86.9,98.5,1.058,1.930
86.9,99.0,0.289,1.926
86.9,99.5,-0.545,1.924
86.9,100.0,-1.314,1.921
87.4,0.0,-1.250,1.315
87.4,0.5,1.122,1.323
87.4,1.0,0.417,1.331
87.4,1.5,-0.353,1.340
87.4,2.0,-1.122,1.348
87.4,2.5,1.250,1.356
87.4,3.0,0.545,1.364
87.4,3.5,-0.224,1.373
87.4,4.0,-0.994,1.381
87.4,4.5,1.378,1.389
87.4,5.0,0.673,1.397
87.4,5.5,-0.096,1.405
87.4,6.0,-0.866,1.413
87.4,6.5,1.507,1.420
87.4,7.0,0.801,1.428
87.4,7.5,0.032,1.436
87.4,8.0,-0.737,1.444
87.4,8.5,-1.507,1.452
87.4,9.0,0.930,1.459
87.4,9.5,0.160,1.467
87.4,10.1,-0.609,1.475
87.4,10.6,-1.378,1.482
87.4,11.1,0.994,1.489
87.4,11.6,0.289,1.497
87.4,12.1,-0.481,1.504
87.4,12.6,-1.250,1.512
87.4,13.1,1.122,1.519
87.4,13.6,0.417,1.526
87.4,14.1,-0.353,1.533
87.4,14.6,-1.122,1.541
87.4,15.1,1.250,1.548
87.4,15.6,0.481,1.555
87.4,16.1,-0.224,1.561
87.4,16.6,-0.994,1.569
87.4,17.1,1.378,1.576
87.4,17.6,0.609,1.583
87.4,18.1,-0.160,1.589
87.4,18.6,-0.930,1.595
87.4,19.1,1.507,1.603
87.4,19.6,0.737,1.609
87.4,20.1,-0.032,1.616
87.4,20.6,-0.801,1.623
87.4,21.1,-1.571,1.629
87.4,21.6,0.866,1.635
87.4,22.1,0.096,1.642
87.4,22.6,-0.673,1.648
87.4,23.1,-1.443,1.655
87.4,23.6,0.930,1.661
87.4,24.1,0.160,1.667
87.4,24.6,-0.609,1.673
87.4,25.1,-1.314,1.679
87.4,25.6,1.058,1.685
87.4,26.1,0.289,1.692
87.4,26.6,-0.481,1.698
87.4,27.1,-1.250,1.703
87.4,27.6,1.122,1.709
87.4,28.1,0.353,1.714
87.4,28.6,-0.353,1.720
87.4,29.1,-1.122,1.726
87.4,29.6,1.250,1.732
87.4,30.2,0.481,1.738
87.4,30.7,-0.289,1.743
87.4,31.2,-1.058,1.749
87.4,31.7,1.314,1.754
87.4,32.2,0.545,1.759
87.4,32.7,-0.160,1.764
87.4,33.2,-0.930,1.770
87.4,33.7,1.443,1.775
87.4,34.2,0.673,1.780
87.4,34.7,-0.096,1.786
87.4,35.2,-0.866,1.791
87.4,35.7,1.507,1.796
87.4,36.2,0.737,1.800
87.4,36.7,-0.032,1.805
87.4,37.2,-0.801,1.810
87.4,37.7,-1.571,1.814
87.4,38.2,0.866,1.819
87.4,38.7,0.096,1.824
87.4,39.2,-0.673,1.829
87.4,39.7,-1.443,1.833
87.4,40.2,0.930,1.838
87.4,40.7,0.160,1.842
87.4,41.2,-0.609,1.847
87.4,41.7,-1.378,1.851
87.4,42.2,0.994,1.855
87.4,42.7,0.224,1.859
87.4,43.2,-0.545,1.863
87.4,43.7,-1.314,1.867
87.4,44.2,1.058,1.871
87.4,44.7,0.289,1.875
87.4,45.2,-0.481,1.879
87.4,45.7,-1.250,1.882
87.4,46.2,1.186,1.886
87.4,46.7,0.417,1.890
87.4,47.2,-0.353,1.894
87.4,47.7,-1.122,1.897
87.4,48.2,1.250,1.901
87.4,48.7,0.481,1.905
87.4,49.2,-0.289,1.908
87.4,49.7,-1.058,1.911
87.4,50.3,1.314,1.915
87.4,50.8,0.545,1.918
87.4,51.3,-0.224,1.921
87.4,51.8,-0.994,1.924
87.4,52.3,1.378,1.927
87.4,52.8,0.609,1.930
87.4,53.3,-0.160,1.933
87.4,53.8,-0.930,1.936
87.4,54.3,1.443,1.939
87.4,54.8,0.673,1.942
87.4,55.3,-0.096,1.944
87.4,55.8,-0.866,1.947
87.4,56.3,1.507,1.949
87.4,56.8,0.737,1.952
87.4,57.3,-0.032,1.954
87.4,57.8,-0.801,1.957
87.4,58.3,1.571,1.959
87.4,58.8,0.801,1.961
87.4,59.3,0.032,1.963
87.4,59.8,-0.737,1.965
87.4,60.3,-1.507,1.967
87.4,60.8,0.801,1.969
87.4,61.3,0.032,1.971
87.4,61.8,-0.737,1.973
87.4,62.3,-1.507,1.975
87.4,62.8,0.866,1.977
87.4,63.3,0.096,1.979
87.4,63.8,-0.673,1.980
87.4,64.3,-1.443,1.982
87.4,64.8,0.930,1.983
87.4,65.3,0.160,1.985
87.4,65.8,-0.609,1.986
87.4,66.3,-1.378,1.988
87.4,66.8,0.994,1.989
87.4,67.3,0.224,1.990
87.4,67.8,-0.545,1.991
87.4,68.3,-1.314,1.992
87.4,68.8,1.058,1.992
87.4,69.3,0.224,1.993
87.4,69.8,-0.545,1.994
87.4,70.4,-1.314,1.995
87.4,70.9,1.058,1.996
87.4,71.4,0.289,1.997
87.4,71.9,-0.481,1.998
87.4,72.4,-1.250,1.998
87.4,72.9,1.122,1.998
87.4,73.4,0.353,1.999
87.4,73.9,-0.417,1.999
87.4,74.4,-1.250,1.999
87.4,74.9,1.122,1.999
87.4,75.4,0.353,2.000
87.4,75.9,-0.417,2.000
87.4,76.4,-1.186,2.000
87.4,76.9,1.186,2.000
87.4,77.4,0.417,2.000
87.4,77.9,-0.353,1.999
87.4,78.4,-1.122,1.998
87.4,78.9,1.186,1.998
87.4,79.4,0.417,1.998
87.4,79.9,-0.353,1.998
87.4,80.4,-1.122,1.998
87.4,80.9,1.250,1.997
87.4,81.4,0.481,1.996
87.4,81.9,-0.289,1.995
87.4,82.4,-1.122,1.994
87.4,82.9,1.250,1.994
87.4,83.4,0.481,1.993
87.4,83.9,-0.289,1.992
87.4,84.4,-1.058,1.991
87.4,84.9,1.314,1.990
87.4,85.4,0.481,1.988
87.4,85.9,-0.289,1.988
87.4,86.4,-1.058,1.987
87.4,86.9,1.314,1.985
87.4,87.4,0.545,1.983
87.4,87.9,-0.224,1.981
87.4,88.4,-1.058,1.980
87.4,88.9,1.314,1.979
87.4,89.4,0.545,1.977
87.4,89.9,-0.224,1.976
87.4,90.5,-0.994,1.973
87.4,91.0,1.314,1.971
87.4,91.5,0.545,1.970
87.4,92.0,-0.224,1.968
87.4,92.5,-0.994,1.966
87.4,93.0,1.378,1.963
87.4,93.5,0.545,1.961
87.4,94.0,-0.224,1.959
87.4,94.5,-0.994,1.957
87.4,95.0,1.378,1.954
87.4,95.5,0.609,1.951
87.4,96.0,-0.224,1.949
87.4,96.5,-0.994,1.947
87.4,97.0,1.378,1.944
87.4,97.5,0.609,1.941
87.4,98.0,-0.224,1.939
87.4,98.5,-0.994,1.936
87.4,99.0,1.378,1.933
87.4,99.5,0.609,1.930
87.4,100.0,-0.224,1.927
87.9,0.0,-0.224,1.298
87.9,0.5,-0.930,1.306
87.9,1.0,1.443,1.315
87.9,1.5,0.673,1.323
87.9,2.0,-0.096,1.331
87.9,2.5,-0.801,1.339
87.9,3.0,1.571,1.348
87.9,3.5,0.801,1.356
87.9,4.0,0.032,1.364
87.9,4.5,-0.673,1.372
87.9,5.0,-1.443,1.381
87.9,5.5,0.930,1.388
87.9,6.0,0.160,1.396
87.9,6.5,-0.545,1.404
87.9,7.0,-1.314,1.412
87.9,7.5,1.058,1.420
87.9,8.0,0.289,1.428
87.9,8.5,-0.417,1.436
87.9,9.0,-1.186,1.444
87.9,9.5,1.186,1.451
87.9,10.1,0.417,1.459
87.9,10.6,-0.289,1.466
87.9,11.1,-1.058,1.474
87.9,11.6,1.314,1.482
87.9,12.1,0.545,1.489
87.9,12.6,-0.160,1.496
87.9,13.1,-0.930,1.504
87.9,13.6,1.443,1.511
87.9,14.1,0.673,1.519
87.9,14.6,-0.096,1.525
87.9,15.1,-0.801,1.533
87.9,15.6,1.571,1.540
87.9,16.1,0.801,1.547
87.9,16.6,0.032,1.554
87.9,17.1,-0.737,1.561
87.9,17.6,-1.443,1.568
87.9,18.1,0.930,1.575
87.9,18.6,0.160,1.582
87.9,19.1,-0.609,1.589
87.9,19.6,-1.378,1.595
87.9,20.1,0.994,1.602
87.9,20.6,0.289,1.609
87.9,21.1,-0.481,1.616
87.9,21.6,-1.250,1.622
87.9,22.1,1.122,1.629
87.9,22.6,0.353,1.635
87.9,23.1,-0.353,1.641
87.9,23.6,-1.122,1.648
87.9,24.1,1.250,1.654
87.9,24.6,0.481,1.661
87.9,25.1,-0.289,1.667
87.9,25.6,-1.058,1.673
87.9,26.1,1.314,1.679
87.9,26.6,0.609,1.685
87.9,27.1,-0.160,1.691
87.9,27.6,-0.930,1.697
87.9,28.1,1.443,1.703
87.9,28.6,0.673,1.709
87.9,29.1,-0.096,1.715
87.9,29.6,-0.866,1.720
87.9,30.2,1.571,1.726
87.9,30.7,0.801,1.732
87.9,31.2,0.032,1.737
87.9,31.7,-0.737,1.743
87.9,32.2,-1.507,1.749
87.9,32.7,0.866,1.754
87.9,33.2,0.096,1.759
87.9,33.7,-0.673,1.764
87.9,34.2,-1.443,1.769
87.9,34.7,0.994,1.774
87.9,35.2,0.224,1.780
87.9,35.7,-0.545,1.785
87.9,36.2,-1.314,1.790
87.9,36.7,1.058,1.795
87.9,37.2,0.289,1.800
87.9,37.7,-0.481,1.805
87.9,38.2,-1.250,1.810
87.9,38.7,1.122,1.814
87.9,39.2,0.353,1.819
87.9,39.7,-0.417,1.823
87.9,40.2,-1.122,1.828
87.9,40.7,1.250,1.833
87.9,41.2,0.481,1.837
87.9,41.7,-0.289,1.842
87.9,42.2,-1.058,1.846
87.9,42.7,1.314,1.851
87.9,43.2,0.545,1.855
87.9,43.7,-0.224,1.859
87.9,44.2,-0.994,1.863
87.9,44.7,1.378,1.867
87.9,45.2,0.609,1.871
87.9,45.7,-0.160,1.875
87.9,46.2,-0.930,1.879
87.9,46.7,1.443,1.883
87.9,47.2,0.673,1.886
87.9,47.7,-0.096,1.890
87.9,48.2,-0.866,1.894
87.9,48.7,1.507,1.897
87.9,49.2,0.737,1.900
87.9,49.7,0.032,1.904
87.9,50.3,-0.737,1.907
87.9,50.8,-1.507,1.911
87.9,51.3,0.866,1.914
87.9,51.8,0.096,1.917
87.9,52.3,-0.673,1.921
87.9,52.8,-1.443,1.924
87.9,53.3,0.930,1.927
87.9,53.8,0.160,1.930
87.9,54.3,-0.609,1.933
87.9,54.8,-1.378,1.936
87.9,55.3,0.994,1.938
87.9,55.8,0.224,1.941
87.9,56.3,-0.545,1.944
87.9,56.8,-1.314,1.946
87.9,57.3,1.058,1.949
87.9,57.8,0.289,1.951
87.9,58.3,-0.481,1.954
87.9,58.8,-1.250,1.956
87.9,59.3,1.122,1.958
87.9,59.8,0.289,1.961
87.9,60.3,-0.481,1.963
87.9,60.8,-1.250,1.965
87.9,61.3,1.122,1.967
87.9,61.8,0.353,1.969
87.9,62.3,-0.417,1.971
87.9,62.8,-1.186,1.973
87.9,63.3,1.186,1.975
87.9,63.8,0.417,1.977
87.9,64.3,-0.353,1.979
87.9,64.8,-1.122,1.980
87.9,65.3,1.250,1.982
87.9,65.8,0.481,1.983
87.9,66.3,-0.289,1.985
87.9,66.8,-1.058,1.986
87.9,67.3,1.314,1.987
87.9,67.8,0.545,1.988
87.9,68.3,-0.224,1.989
87.9,68.8,-0.994,1.990
87.9,69.3,1.314,1.991
87.9,69.8,0.545,1.992
87.9,70.4,-0.224,1.994
87.9,70.9,-0.994,1.995
87.9,71.4,1.378,1.996
87.9,71.9,0.609,1.996
87.9,72.4,-0.160,1.997
87.9,72.9,-0.930,1.997
87.9,73.4,1.443,1.998
87.9,73.9,0.673,1.998
87.9,74.4,-0.096,1.998
87.9,74.9,-0.930,1.998
87.9,75.4,1.443,1.999
87.9,75.9,0.673,2.000
87.9,76.4,-0.096,2.000
87.9,76.9,-0.866,2.000
87.9,77.4,1.507,2.000
87.9,77.9,0.737,2.000
87.9,78.4,-0.032,1.999
87.9,78.9,-0.801,1.999
87.9,79.4,1.507,1.999
87.9,79.9,0.737,1.999
87.9,80.4,-0.032,1.999
87.9,80.9,-0.801,1.998
87.9,81.4,1.571,1.998
87.9,81.9,0.801,1.997
87.9,82.4,0.032,1.996
87.9,82.9,-0.801,1.995
87.9,83.4,-1.571,1.995
87.9,83.9,0.801,1.994
87.9,84.4,0.032,1.993
87.9,84.9,-0.737,1.992
87.9,85.4,-1.507,1.991
87.9,85.9,0.801,1.989
87.9,86.4,0.032,1.989
87.9,86.9,-0.737,1.988
87.9,87.4,-1.507,1.987
87.9,87.9,0.866,1.985
87.9,88.4,0.096,1.983
87.9,88.9,-0.737,1.982
87.9,89.4,-1.507,1.981
87.9,89.9,0.866,1.979
87.9,90.5,0.096,1.977
87.9,91.0,-0.673,1.975
87.9,91.5,-1.507,1.973
87.9,92.0,0.866,1.972
87.9,92.5,0.096,1.970
87.9,93.0,-0.673,1.968
87.9,93.5,-1.443,1.966
87.9,94.0,0.866,1.963
87.9,94.5,0.096,1.962
87.9,95.0,-0.673,1.960
87.9,95.5,-1.443,1.957
87.9,96.0,0.930,1.954
87.9,96.5,0.096,1.952
87.9,97.0,-0.673,1.950
87.9,97.5,-1.443,1.947
87.9,98.0,0.930,1.944
87.9,98.5,0.096,1.941
87.9,99.0,-0.673,1.939
87.9,99.5,-1.443,1.936
87.9,100.0,0.930,1.933
88.4,0.0,0.866,1.280
88.4,0.5,0.096,1.289
88.4,1.0,-0.673,1.297
88.4,1.5,-1.443,1.305
88.4,2.0,0.994,1.314
88.4,2.5,0.224,1.322
88.4,3.0,-0.545,1.331
88.4,3.5,-1.314,1.338
88.4,4.0,1.122,1.347
88.4,4.5,0.353,1.356
88.4,5.0,-0.417,1.364
88.4,5.5,-1.122,1.371
88.4,6.0,1.250,1.380
88.4,6.5,0.481,1.388
88.4,7.0,-0.289,1.396
88.4,7.5,-0.994,1.403
88.4,8.0,1.378,1.412
88.4,8.5,0.609,1.420
88.4,9.0,-0.160,1.427
88.4,9.5,-0.866,1.435
88.4,10.1,1.507,1.443
88.4,10.6,0.737,1.451
88.4,11.1,-0.032,1.458
88.4,11.6,-0.801,1.466
88.4,12.1,-1.507,1.473
88.4,12.6,0.866,1.481
88.4,13.1,0.096,1.489
88.4,13.6,-0.673,1.496
88.4,14.1,-1.378,1.503
88.4,14.6,0.994,1.511
88.4,15.1,0.224,1.518
88.4,15.6,-0.545,1.525
88.4,16.1,-1.314,1.532
88.4,16.6,1.122,1.539
88.4,17.1,0.353,1.547
88.4,17.6,-0.417,1.554
88.4,18.1,-1.186,1.561
88.4,18.6,1.186,1.567
88.4,19.1,0.481,1.574
88.4,19.6,-0.289,1.582
88.4,20.1,-1.058,1.589
88.4,20.6,1.314,1.595
88.4,21.1,0.545,1.602
88.4,21.6,-0.224,1.608
88.4,22.1,-0.930,1.615
88.4,22.6,1.443,1.622
88.4,23.1,0.673,1.628
88.4,23.6,-0.096,1.635
88.4,24.1,-0.866,1.641
88.4,24.6,1.571,1.647
88.4,25.1,0.801,1.654
88.4,25.6,0.032,1.660
88.4,26.1,-0.737,1.667
88.4,26.6,-1.507,1.673
88.4,27.1,0.866,1.679
88.4,27.6,0.096,1.684
88.4,28.1,-0.609,1.690
88.4,28.6,-1.378,1.697
88.4,29.1,0.994,1.703
88.4,29.6,0.224,1.709
88.4,30.2,-0.545,1.714
88.4,30.7,-1.314,1.720
88.4,31.2,1.058,1.725
88.4,31.7,0.353,1.731
88.4,32.2,-0.417,1.737
88.4,32.7,-1.186,1.742
88.4,33.2,1.186,1.748
88.4,33.7,0.417,1.754
88.4,34.2,-0.353,1.759
88.4,34.7,-1.122,1.764
88.4,35.2,1.250,1.769
88.4,35.7,0.481,1.774
88.4,36.2,-0.224,1.779
88.4,36.7,-0.994,1.785
88.4,37.2,1.378,1.790
88.4,37.7,0.609,1.795
88.4,38.2,-0.160,1.800
88.4,38.7,-0.930,1.805
88.4,39.2,1.443,1.810
88.4,39.7,0.673,1.814
88.4,40.2,-0.096,1.819
88.4,40.7,-0.866,1.823
88.4,41.2,1.507,1.828
88.4,41.7,0.737,1.832
88.4,42.2,0.032,1.837
88.4,42.7,-0.737,1.841
88.4,43.2,-1.507,1.846
88.4,43.7,0.866,1.850
88.4,44.2,0.096,1.855
88.4,44.7,-0.673,1.859
88.4,45.2,-1.443,1.863
88.4,45.7,0.930,1.867
88.4,46.2,0.160,1.871
88.4,46.7,-0.609,1.875
88.4,47.2,-1.378,1.879
88.4,47.7,0.994,1.883
88.4,48.2,0.224,1.886
88.4,48.7,-0.545,1.890
88.4,49.2,-1.314,1.894
88.4,49.7,1.058,1.897
88.4,50.3,0.289,1.901
88.4,50.8,-0.481,1.904
88.4,51.3,-1.250,1.907
88.4,51.8,1.122,1.911
88.4,52.3,0.353,1.914
88.4,52.8,-0.417,1.917
88.4,53.3,-1.186,1.920
88.4,53.8,1.186,1.923
88.4,54.3,0.417,1.926
88.4,54.8,-0.353,1.929
88.4,55.3,-1.122,1.932
88.4,55.8,1.250,1.935
88.4,56.3,0.481,1.938
88.4,56.8,-0.289,1.941
88.4,57.3,-1.058,1.943
88.4,57.8,1.314,1.946
88.4,58.3,0.545,1.949
88.4,58.8,-0.224,1.951
88.4,59.3,-0.994,1.954
88.4,59.8,1.378,1.956
88.4,60.3,0.609,1.959
88.4,60.8,-0.160,1.961
88.4,61.3,-0.930,1.963
88.4,61.8,1.443,1.965
88.4,62.3,0.673,1.967
88.4,62.8,-0.096,1.970
88.4,63.3,-0.866,1.972
88.4,63.8,1.507,1.973
88.4,64.3,0.737,1.975
88.4,64.8,-0.032,1.977
88.4,65.3,-0.801,1.979
88.4,65.8,1.571,1.980
88.4,66.3,0.801,1.982
88.4,66.8,0.032,1.983
88.4,67.3,-0.737,1.985
88.4,67.8,-1.507,1.986
88.4,68.3,0.866,1.987
88.4,68.8,0.096,1.988
88.4,69.3,-0.737,1.989
88.4,69.8,-1.507,1.990
88.4,70.4,0.866,1.992
88.4,70.9,0.096,1.993
88.4,71.4,-0.673,1.994
88.4,71.9,-1.443,1.995
88.4,72.4,0.930,1.996
88.4,72.9,0.160,1.996
88.4,73.4,-0.609,1.997
88.4,73.9,-1.378,1.997
88.4,74.4,0.994,1.997
88.4,74.9,0.224,1.998
88.4,75.4,-0.609,1.998
88.4,75.9,-1.378,1.999
88.4,76.4,0.994,1.999
88.4,76.9,0.224,2.000
88.4,77.4,-0.545,2.000
88.4,77.9,-1.314,2.000
88.4,78.4,1.058,2.000
88.4,78.9,0.289,1.999
88.4,79.4,-0.545,1.999
88.4,79.9,-1.314,1.999
88.4,80.4,1.058,1.999
88.4,80.9,0.289,1.999
88.4,81.4,-0.481,1.999
88.4,81.9,-1.250,1.998
88.4,82.4,1.122,1.997
88.4,82.9,0.353,1.996
88.4,83.4,-0.481,1.996
88.4,83.9,-1.250,1.996
88.4,84.4,1.122,1.995
88.4,84.9,0.353,1.994
88.4,85.4,-0.417,1.993
88.4,85.9,-1.186,1.992
88.4,86.4,1.122,1.991
88.4,86.9,0.353,1.990
88.4,87.4,-0.417,1.989
88.4,87.9,-1.186,1.988
88.4,88.4,1.186,1.986
88.4,88.9,0.417,1.985
88.4,89.4,-0.417,1.983
88.4,89.9,-1.186,1.982
88.4,90.5,1.186,1.981
88.4,91.0,0.417,1.979
88.4,91.5,-0.353,1.977
88.4,92.0,-1.186,1.975
88.4,92.5,1.186,1.974
88.4,93.0,0.417,1.972
88.4,93.5,-0.353,1.970
88.4,94.0,-1.122,1.968
88.4,94.5,1.186,1.965
88.4,95.0,0.417,1.964
88.4,95.5,-0.353,1.962
88.4,96.0,-1.122,1.960
88.4,96.5,1.250,1.957
88.4,97.0,0.417,1.954
88.4,97.5,-0.353,1.952
88.4,98.0,-1.122,1.950
88.4,98.5,1.250,1.947
88.4,99.0,0.481,1.944
88.4,99.5,-0.353,1.942
88.4,100.0,-1.122,1.939
88.9,0.0,-1.250,1.262
88.9,0.5,1.122,1.271
88.9,1.0,0.353,1.279
88.9,1.5,-0.353,1.288
88.9,2.0,-1.122,1.297
88.9,2.5,1.250,1.305
88.9,3.0,0.481,1.313
88.9,3.5,-0.224,1.322
88.9,4.0,-0.994,1.330
88.9,4.5,1.378,1.338
88.9,5.0,0.673,1.346
88.9,5.5,-0.096,1.355
88.9,6.0,-0.866,1.363
88.9,6.5,1.507,1.371
88.9,7.0,0.801,1.379
88.9,7.5,0.032,1.387
88.9,8.0,-0.737,1.395
88.9,8.5,-1.507,1.403
88.9,9.0,0.930,1.411
88.9,9.5,0.160,1.419
88.9,10.1,-0.609,1.427
88.9,10.6,-1.378,1.434
88.9,11.1,1.058,1.442
88.9,11.6,0.289,1.450
88.9,12.1,-0.481,1.458
88.9,12.6,-1.250,1.465
88.9,13.1,1.186,1.472
88.9,13.6,0.417,1.480
88.9,14.1,-0.353,1.488
88.9,14.6,-1.122,1.496
88.9,15.1,1.250,1.503
88.9,15.6,0.545,1.510
88.9,16.1,-0.224,1.518
88.9,16.6,-0.994,1.525
88.9,17.1,1.378,1.532
88.9,17.6,0.609,1.539
88.9,18.1,-0.096,1.546
88.9,18.6,-0.866,1.553
88.9,19.1,1.507,1.561
88.9,19.6,0.737,1.567
88.9,20.1,-0.032,1.574
88.9,20.6,-0.737,1.581
88.9,21.1,-1.507,1.588
88.9,21.6,0.866,1.595
88.9,22.1,0.096,1.602
88.9,22.6,-0.673,1.608
88.9,23.1,-1.378,1.614
88.9,23.6,0.994,1.621
88.9,24.1,0.224,1.628
88.9,24.6,-0.545,1.635
88.9,25.1,-1.314,1.641
88.9,25.6,1.058,1.647
88.9,26.1,0.353,1.653
88.9,26.6,-0.417,1.660
88.9,27.1,-1.186,1.666
88.9,27.6,1.186,1.672
88.9,28.1,0.417,1.678
88.9,28.6,-0.353,1.684
88.9,29.1,-1.122,1.690
88.9,29.6,1.314,1.696
88.9,30.2,0.545,1.702
88.9,30.7,-0.224,1.708
88.9,31.2,-0.994,1.714
88.9,31.7,1.378,1.720
88.9,32.2,0.609,1.725
88.9,32.7,-0.160,1.731
88.9,33.2,-0.930,1.736
88.9,33.7,1.507,1.742
88.9,34.2,0.737,1.748
88.9,34.7,-0.032,1.753
88.9,35.2,-0.801,1.759
88.9,35.7,-1.571,1.764
88.9,36.2,0.801,1.769
88.9,36.7,0.032,1.774
88.9,37.2,-0.737,1.779
88.9,37.7,-1.507,1.784
88.9,38.2,0.930,1.789
88.9,38.7,0.160,1.794
88.9,39.2,-0.609,1.799
88.9,39.7,-1.378,1.805
88.9,40.2,0.994,1.809
88.9,40.7,0.224,1.814
88.9,41.2,-0.545,1.819
88.9,41.7,-1.314,1.823
88.9,42.2,1.058,1.828
88.9,42.7,0.289,1.832
88.9,43.2,-0.481,1.837
88.9,43.7,-1.250,1.841
88.9,44.2,1.186,1.845
88.9,44.7,0.417,1.850
88.9,45.2,-0.353,1.854
88.9,45.7,-1.122,1.858
88.9,46.2,1.250,1.863
88.9,46.7,0.481,1.867
88.9,47.2,-0.289,1.871
88.9,47.7,-1.058,1.875
88.9,48.2,1.314,1.879
88.9,48.7,0.545,1.883
88.9,49.2,-0.224,1.886
88.9,49.7,-0.994,1.890
88.9,50.3,1.378,1.894
88.9,50.8,0.609,1.897
88.9,51.3,-0.160,1.901
88.9,51.8,-0.930,1.904
88.9,52.3,1.443,1.908
88.9,52.8,0.673,1.911
88.9,53.3,-0.096,1.914
88.9,53.8,-0.866,1.917
88.9,54.3,1.507,1.921
88.9,54.8,0.737,1.924
88.9,55.3,-0.032,1.927
88.9,55.8,-0.801,1.930
88.9,56.3,-1.571,1.933
88.9,56.8,0.801,1.936
88.9,57.3,0.032,1.938
88.9,57.8,-0.737,1.941
88.9,58.3,-1.507,1.944
88.9,58.8,0.866,1.946
88.9,59.3,0.096,1.949
88.9,59.8,-0.673,1.952
88.9,60.3,-1.443,1.954
88.9,60.8,0.930,1.956
88.9,61.3,0.160,1.959
88.9,61.8,-0.609,1.961
88.9,62.3,-1.378,1.963
88.9,62.8,0.994,1.965
88.9,63.3,0.224,1.968
88.9,63.8,-0.545,1.970
88.9,64.3,-1.314,1.972
88.9,64.8,1.058,1.973
88.9,65.3,0.289,1.975
88.9,65.8,-0.481,1.977
88.9,66.3,-1.250,1.978
88.9,66.8,1.122,1.980
88.9,67.3,0.353,1.981
88.9,67.8,-0.417,1.983
88.9,68.3,-1.186,1.984
88.9,68.8,1.186,1.985
88.9,69.3,0.353,1.987
88.9,69.8,-0.417,1.988
88.9,70.4,-1.186,1.989
88.9,70.9,1.186,1.991
88.9,71.4,0.417,1.992
88.9,71.9,-0.353,1.993
88.9,72.4,-1.122,1.994
88.9,72.9,1.250,1.995
88.9,73.4,0.481,1.995
88.9,73.9,-0.289,1.996
88.9,74.4,-1.058,1.996
88.9,74.9,1.314,1.997
88.9,75.4,0.481,1.997
88.9,75.9,-0.289,1.998
88.9,76.4,-1.058,1.999
88.9,76.9,1.314,1.999
88.9,77.4,0.545,2.000
88.9,77.9,-0.224,2.000
88.9,78.4,-0.994,2.000
88.9,78.9,1.378,2.000
88.9,79.4,0.609,1.999
88.9,79.9,-0.224,1.999
88.9,80.4,-0.994,1.999
88.9,80.9,1.378,1.999
88.9,81.4,0.609,1.999
88.9,81.9,-0.160,1.999
88.9,82.4,-0.930,1.999
88.9,82.9,1.443,1.998
88.9,83.4,0.673,1.997
88.9,83.9,-0.160,1.997
88.9,84.4,-0.930,1.996
88.9,84.9,1.443,1.996
88.9,85.4,0.673,1.995
88.9,85.9,-0.096,1.994
88.9,86.4,-0.866,1.993
88.9,86.9,1.443,1.992
88.9,87.4,0.673,1.991
88.9,87.9,-0.096,1.990
88.9,88.4,-0.866,1.989
88.9,88.9,1.507,1.988
88.9,89.4,0.737,1.986
88.9,89.9,-0.096,1.985
88.9,90.5,-0.866,1.984
88.9,91.0,1.507,1.982
88.9,91.5,0.737,1.981
88.9,92.0,-0.032,1.979
88.9,92.5,-0.801,1.977
88.9,93.0,1.507,1.975
88.9,93.5,0.737,1.974
88.9,94.0,-0.032,1.972
88.9,94.5,-0.801,1.970
88.9,95.0,1.571,1.967
88.9,95.5,0.737,1.966
88.9,96.0,-0.032,1.964
88.9,96.5,-0.801,1.962
88.9,97.0,1.571,1.959
88.9,97.5,0.737,1.956
88.9,98.0,-0.032,1.955
88.9,98.5,-0.801,1.953
88.9,99.0,1.571,1.950
88.9,99.5,0.801,1.947
88.9,100.0,-0.032,1.944
89.4,0.0,-0.224,1.244
89.4,0.5,-0.994,1.253
89.4,1.0,1.443,1.261
89.4,1.5,0.673,1.270
89.4,2.0,-0.096,1.279
89.4,2.5,-0.866,1.287
89.4,3.0,1.571,1.296
89.4,3.5,0.801,1.304
89.4,4.0,0.032,1.313
89.4,4.5,-0.673,1.321
89.4,5.0,-1.443,1.330
89.4,5.5,0.930,1.338
89.4,6.0,0.160,1.346
89.4,6.5,-0.545,1.354
89.4,7.0,-1.314,1.363
89.4,7.5,1.058,1.371
89.4,8.0,0.289,1.378
89.4,8.5,-0.417,1.387
89.4,9.0,-1.186,1.395
89.4,9.5,1.186,1.403
89.4,10.1,0.417,1.410
89.4,10.6,-0.289,1.418
89.4,11.1,-1.058,1.426
89.4,11.6,1.314,1.434
89.4,12.1,0.545,1.442
89.4,12.6,-0.160,1.449
89.4,13.1,-0.930,1.457
89.4,13.6,1.443,1.465
89.4,14.1,0.673,1.472
89.4,14.6,-0.032,1.480
89.4,15.1,-0.801,1.488
89.4,15.6,-1.571,1.495
89.4,16.1,0.801,1.502
89.4,16.6,0.032,1.509
89.4,17.1,-0.673,1.517
89.4,17.6,-1.443,1.524
89.4,18.1,0.930,1.532
89.4,18.6,0.160,1.539
89.4,19.1,-0.609,1.545
89.4,19.6,-1.314,1.553
89.4,20.1,1.058,1.560
89.4,20.6,0.289,1.567
89.4,21.1,-0.481,1.574
89.4,21.6,-1.250,1.580
89.4,22.1,1.186,1.587
89.4,22.6,0.417,1.594
89.4,23.1,-0.353,1.601
89.4,23.6,-1.122,1.608
89.4,24.1,1.250,1.614
89.4,24.6,0.545,1.620
89.4,25.1,-0.224,1.627
89.4,25.6,-0.994,1.634
89.4,26.1,1.378,1.641
89.4,26.6,0.609,1.647
89.4,27.1,-0.160,1.653
89.4,27.6,-0.930,1.659
89.4,28.1,1.507,1.665
89.4,28.6,0.737,1.672
89.4,29.1,-0.032,1.678
89.4,29.6,-0.801,1.684
89.4,30.2,-1.571,1.690
89.4,30.7,0.801,1.696
89.4,31.2,0.096,1.701
89.4,31.7,-0.673,1.708
89.4,32.2,-1.443,1.714
89.4,32.7,0.930,1.720
89.4,33.2,0.160,1.725
89.4,33.7,-0.609,1.731
89.4,34.2,-1.378,1.736
89.4,34.7,0.994,1.741
89.4,35.2,0.289,1.747
89.4,35.7,-0.481,1.753
89.4,36.2,-1.250,1.758
89.4,36.7,1.122,1.764
89.4,37.2,0.353,1.769
89.4,37.7,-0.417,1.774
89.4,38.2,-1.186,1.779
89.4,38.7,1.186,1.784
89.4,39.2,0.417,1.789
89.4,39.7,-0.353,1.794
89.4,40.2,-1.058,1.799
89.4,40.7,1.314,1.804
89.4,41.2,0.545,1.809
89.4,41.7,-0.224,1.814
89.4,42.2,-0.994,1.819
89.4,42.7,1.378,1.823
89.4,43.2,0.609,1.828
89.4,43.7,-0.160,1.832
89.4,44.2,-0.930,1.837
89.4,44.7,1.443,1.841
89.4,45.2,0.673,1.845
89.4,45.7,-0.096,1.849
89.4,46.2,-0.866,1.853
89.4,46.7,1.571,1.858
89.4,47.2,0.801,1.862
89.4,47.7,0.032,1.866
89.4,48.2,-0.737,1.870
89.4,48.7,-1.507,1.874
89.4,49.2,0.866,1.878
89.4,49.7,0.096,1.882
89.4,50.3,-0.673,1.886
89.4,50.8,-1.443,1.890
89.4,51.3,0.930,1.894
89.4,51.8,0.160,1.897
89.4,52.3,-0.609,1.901
89.4,52.8,-1.378,1.904
89.4,53.3,0.994,1.908
89.4,53.8,0.224,1.911
89.4,54.3,-0.545,1.914
89.4,54.8,-1.314,1.918
89.4,55.3,1.058,1.921
89.4,55.8,0.289,1.924
89.4,56.3,-0.481,1.927
89.4,56.8,-1.250,1.930
89.4,57.3,1.122,1.933
89.4,57.8,0.353,1.936
89.4,58.3,-0.417,1.938
89.4,58.8,-1.186,1.941
89.4,59.3,1.186,1.944
89.4,59.8,0.417,1.947
89.4,60.3,-0.353,1.949
89.4,60.8,-1.122,1.952
89.4,61.3,1.250,1.954
89.4,61.8,0.481,1.957
89.4,62.3,-0.289,1.959
89.4,62.8,-1.058,1.961
89.4,63.3,1.314,1.963
89.4,63.8,0.545,1.965
89.4,64.3,-0.224,1.967
89.4,64.8,-0.994,1.969
89.4,65.3,1.378,1.971
89.4,65.8,0.609,1.973
89.4,66.3,-0.160,1.975
89.4,66.8,-0.930,1.977
89.4,67.3,1.443,1.978
89.4,67.8,0.673,1.980
89.4,68.3,-0.096,1.981
89.4,68.8,-0.930,1.982
89.4,69.3,1.443,1.984
89.4,69.8,0.673,1.986
89.4,70.4,-0.096,1.987
89.4,70.9,-0.866,1.988
89.4,71.4,1.507,1.990
89.4,71.9,0.737,1.991
89.4,72.4,-0.032,1.992
89.4,72.9,-0.801,1.993
89.4,73.4,1.571,1.994
89.4,73.9,0.801,1.994
89.4,74.4,0.032,1.995
89.4,74.9,-0.737,1.996
89.4,75.4,-1.571,1.996
89.4,75.9,0.801,1.997
89.4,76.4,0.032,1.998
89.4,76.9,-0.737,1.998
89.4,77.4,-1.507,1.999
89.4,77.9,0.866,1.999
89.4,78.4,0.096,1.999
89.4,78.9,-0.673,2.000
89.4,79.4,-1.443,1.999
89.4,79.9,0.930,1.999
89.4,80.4,0.096,1.999
89.4,80.9,-0.673,2.000
89.4,81.4,-1.443,2.000
89.4,81.9,0.930,2.000
89.4,82.4,0.160,1.999
89.4,82.9,-0.609,1.999
89.4,83.4,-1.378,1.998
89.4,83.9,0.994,1.997
89.4,84.4,0.160,1.997
89.4,84.9,-0.609,1.997
89.4,85.4,-1.378,1.997
89.4,85.9,0.994,1.996
89.4,86.4,0.224,1.995
89.4,86.9,-0.545,1.994
89.4,87.4,-1.378,1.993
89.4,87.9,0.994,1.992
89.4,88.4,0.224,1.991
89.4,88.9,-0.545,1.990
89.4,89.4,-1.314,1.989
89.4,89.9,1.058,1.988
89.4,90.5,0.224,1.986
89.4,91.0,-0.545,1.985
89.4,91.5,-1.314,1.984
89.4,92.0,1.058,1.983
89.4,92.5,0.289,1.981
89.4,93.0,-0.481,1.979
89.4,93.5,-1.314,1.977
89.4,94.0,1.058,1.976
89.4,94.5,0.289,1.974
89.4,95.0,-0.481,1.972
89.4,95.5,-1.250,1.970
89.4,96.0,1.058,1.968
89.4,96.5,0.289,1.966
89.4,97.0,-0.481,1.964
89.4,97.5,-1.250,1.962
89.4,98.0,1.122,1.959
89.4,98.5,0.289,1.957
89.4,99.0,-0.481,1.955
89.4,99.5,-1.250,1.953
89.4,100.0,1.122,1.950
89.9,0.0,0.801,1.226
89.9,0.5,0.096,1.234
89.9,1.0,-0.673,1.244
89.9,1.5,-1.443,1.252
89.9,2.0,0.930,1.261
89.9,2.5,0.224,1.269
89.9,3.0,-0.545,1.278
89.9,3.5,-1.314,1.287
89.9,4.0,1.122,1.295
89.9,4.5,0.353,1.304
89.9,5.0,-0.417,1.312
89.9,5.5,-1.186,1.320
89.9,6.0,1.250,1.329
89.9,6.5,0.481,1.337
89.9,7.0,-0.289,1.345
89.9,7.5,-1.058,1.353
89.9,8.0,1.378,1.362
89.9,8.5,0.609,1.370
89.9,9.0,-0.160,1.378
89.9,9.5,-0.866,1.386
89.9,10.1,1.507,1.394
89.9,10.6,0.737,1.402
89.9,11.1,-0.032,1.410
89.9,11.6,-0.737,1.417
89.9,12.1,-1.507,1.426
89.9,12.6,0.866,1.434
89.9,13.1,0.096,1.441
89.9,13.6,-0.673,1.449
89.9,14.1,-1.378,1.457
89.9,14.6,0.994,1.465
89.9,15.1,0.224,1.472
89.9,15.6,-0.545,1.479
89.9,16.1,-1.250,1.487
89.9,16.6,1.122,1.495
89.9,17.1,0.353,1.502
89.9,17.6,-0.417,1.509
89.9,18.1,-1.186,1.516
89.9,18.6,1.250,1.524
89.9,19.1,0.481,1.531
89.9,19.6,-0.289,1.538
89.9,20.1,-1.058,1.545
89.9,20.6,1.314,1.552
89.9,21.1,0.609,1.559
89.9,21.6,-0.160,1.567
89.9,22.1,-0.930,1.573
89.9,22.6,1.443,1.580
89.9,23.1,0.673,1.587
89.9,23.6,-0.032,1.594
89.9,24.1,-0.801,1.601
89.9,24.6,1.571,1.607
89.9,25.1,0.801,1.614
89.9,25.6,0.032,1.620
89.9,26.1,-0.673,1.626
89.9,26.6,-1.443,1.633
89.9,27.1,0.930,1.640
89.9,27.6,0.160,1.647
89.9,28.1,-0.609,1.653
89.9,28.6,-1.378,1.659
89.9,29.1,0.994,1.665
89.9,29.6,0.289,1.671
89.9,30.2,-0.481,1.678
89.9,30.7,-1.250,1.684
89.9,31.2,1.122,1.690
89.9,31.7,0.353,1.696
89.9,32.2,-0.417,1.701
89.9,32.7,-1.186,1.707
89.9,33.2,1.250,1.713
89.9,33.7,0.481,1.719
89.9,34.2,-0.289,1.725
89.9,34.7,-1.058,1.731
89.9,35.2,1.314,1.736
89.9,35.7,0.545,1.741
89.9,36.2,-0.224,1.747
89.9,36.7,-0.994,1.752
89.9,37.2,1.443,1.757
89.9,37.7,0.673,1.763
89.9,38.2,-0.096,1.769
89.9,38.7,-0.866,1.774
89.9,39.2,1.507,1.779
89.9,39.7,0.737,1.784
89.9,40.2,-0.032,1.789
89.9,40.7,-0.801,1.794
89.9,41.2,-1.571,1.799
89.9,41.7,0.866,1.803
89.9,42.2,0.096,1.808
89.9,42.7,-0.673,1.813
89.9,43.2,-1.443,1.818
89.9,43.7,0.930,1.823
89.9,44.2,0.160,1.828
89.9,44.7,-0.609,1.832
89.9,45.2,-1.378,1.837
89.9,45.7,0.994,1.841
89.9,46.2,0.224,1.845
89.9,46.7,-0.545,1.850
89.9,47.2,-1.314,1.854
89.9,47.7,1.058,1.858
89.9,48.2,0.289,1.862
89.9,48.7,-0.481,1.866
89.9,49.2,-1.186,1.870
89.9,49.7,1.186,1.874
89.9,50.3,0.417,1.878
89.9,50.8,-0.353,1.882
89.9,51.3,-1.122,1.886
89.9,51.8,1.250,1.890
89.9,52.3,0.481,1.893
89.9,52.8,-0.289,1.897
89.9,53.3,-1.058,1.900
89.9,53.8,1.314,1.904
89.9,54.3,0.545,1.907
89.9,54.8,-0.224,1.911
89.9,55.3,-0.994,1.914
89.9,55.8,1.378,1.917
89.9,56.3,0.609,1.921
89.9,56.8,-0.160,1.924
89.9,57.3,-0.930,1.927
89.9,57.8,1.443,1.930
89.9,58.3,0.673,1.933
89.9,58.8,-0.096,1.936
89.9,59.3,-0.866,1.938
89.9,59.8,1.507,1.941
89.9,60.3,0.737,1.944
89.9,60.8,-0.032,1.946
89.9,61.3,-0.801,1.949
89.9,61.8,1.571,1.952
89.9,62.3,0.801,1.954
89.9,62.8,0.032,1.956
89.9,63.3,-0.737,1.959
89.9,63.8,-1.507,1.961
89.9,64.3,0.866,1.963
89.9,64.8,0.096,1.965
89.9,65.3,-0.673,1.967
89.9,65.8,-1.443,1.969
89.9,66.3,0.930,1.971
89.9,66.8,0.160,1.973
89.9,67.3,-0.609,1.974
89.9,67.8,-1.378,1.976
89.9,68.3,0.930,1.977
89.9,68.8,0.160,1.979
89.9,69.3,-0.609,1.981
89.9,69.8,-1.378,1.983
89.9,70.4,0.994,1.984
89.9,70.9,0.224,1.986
89.9,71.4,-0.545,1.987
89.9,71.9,-1.314,1.989
89.9,72.4,1.058,1.990
89.9,72.9,0.289,1.991
89.9,73.4,-0.481,1.992
89.9,73.9,-1.250,1.993
89.9,74.4,1.122,1.993
89.9,74.9,0.353,1.994
89.9,75.4,-0.417,1.995
89.9,75.9,-1.250,1.995
89.9,76.4,1.122,1.996
89.9,76.9,0.353,1.997
89.9,77.4,-0.417,1.998
89.9,77.9,-1.186,1.998
89.9,78.4,1.186,1.999
89.9,78.9,0.417,1.999
89.9,79.4,-0.353,1.999
89.9,79.9,-1.122,1.999
89.9,80.4,1.250,1.999
89.9,80.9,0.417,1.999
89.9,81.4,-0.353,2.000
89.9,81.9,-1.122,2.000
89.9,82.4,1.250,2.000
89.9,82.9,0.481,2.000
89.9,83.4,-0.289,1.999
89.9,83.9,-1.058,1.999
89.9,84.4,1.250,1.998
89.9,84.9,0.481,1.998
89.9,85.4,-0.289,1.998
89.9,85.9,-1.058,1.997
89.9,86.4,1.314,1.997
89.9,86.9,0.545,1.996
89.9,87.4,-0.224,1.995
89.9,87.9,-1.058,1.993
89.9,88.4,1.314,1.993
89.9,88.9,0.545,1.992
89.9,89.4,-0.224,1.992
89.9,89.9,-0.994,1.990
89.9,90.5,1.378,1.989
89.9,91.0,0.545,1.987
89.9,91.5,-0.224,1.986
89.9,92.0,-0.994,1.985
89.9,92.5,1.378,1.984
89.9,93.0,0.609,1.982
89.9,93.5,-0.160,1.980
89.9,94.0,-0.994,1.979
89.9,94.5,1.378,1.978
89.9,95.0,0.609,1.976
89.9,95.5,-0.160,1.974
89.9,96.0,-0.930,1.972
89.9,96.5,1.378,1.970
89.9,97.0,0.609,1.968
89.9,97.5,-0.160,1.966
89.9,98.0,-0.930,1.964
89.9,98.5,1.443,1.962
89.9,99.0,0.609,1.959
89.9,99.5,-0.160,1.957
89.9,100.0,-0.930,1.955
90.5,0.0,-1.314,1.207
90.5,0.5,1.122,1.217
90.5,1.0,0.353,1.226
90.5,1.5,-0.417,1.234
90.5,2.0,-1.122,1.243
90.5,2.5,1.250,1.252
90.5,3.0,0.481,1.260
90.5,3.5,-0.224,1.269
90.5,4.0,-0.994,1.278
90.5,4.5,1.378,1.286
90.5,5.0,0.609,1.294
90.5,5.5,-0.096,1.303
90.5,6.0,-0.866,1.312
90.5,6.5,1.507,1.320
90.5,7.0,0.801,1.328
90.5,7.5,0.032,1.337
90.5,8.0,-0.737,1.345
90.5,8.5,-1.507,1.353
90.5,9.0,0.930,1.361
90.5,9.5,0.160,1.369
90.5,10.1,-0.609,1.378
90.5,10.6,-1.378,1.385
90.5,11.1,1.058,1.393
90.5,11.6,0.289,1.402
90.5,12.1,-0.481,1.410
90.5,12.6,-1.250,1.417
90.5,13.1,1.186,1.425
90.5,13.6,0.417,1.433
90.5,14.1,-0.353,1.441
90.5,14.6,-1.122,1.448
90.5,15.1,1.314,1.456
90.5,15.6,0.545,1.464
90.5,16.1,-0.224,1.472
90.5,16.6,-0.994,1.479
90.5,17.1,1.378,1.486
90.5,17.6,0.673,1.494
90.5,18.1,-0.096,1.501
90.5,18.6,-0.866,1.509
90.5,19.1,1.507,1.516
90.5,19.6,0.801,1.523
90.5,20.1,0.032,1.530
90.5,20.6,-0.737,1.538
90.5,21.1,-1.507,1.545
90.5,21.6,0.866,1.552
90.5,22.1,0.160,1.558
90.5,22.6,-0.609,1.566
90.5,23.1,-1.378,1.573
90.5,23.6,0.994,1.580
90.5,24.1,0.224,1.587
90.5,24.6,-0.545,1.593
90.5,25.1,-1.250,1.600
90.5,25.6,1.122,1.607
90.5,26.1,0.353,1.614
90.5,26.6,-0.417,1.620
90.5,27.1,-1.186,1.626
90.5,27.6,1.250,1.633
90.5,28.1,0.481,1.639
90.5,28.6,-0.289,1.646
90.5,29.1,-1.058,1.652
90.5,29.6,1.314,1.659
90.5,30.2,0.545,1.665
90.5,30.7,-0.224,1.670
90.5,31.2,-0.930,1.677
90.5,31.7,1.443,1.683
90.5,32.2,0.673,1.689
90.5,32.7,-0.096,1.695
90.5,33.2,-0.866,1.701
90.5,33.7,1.507,1.707
90.5,34.2,0.737,1.712
90.5,34.7,0.032,1.718
90.5,35.2,-0.737,1.724
90.5,35.7,-1.507,1.730
90.5,36.2,0.866,1.736
90.5,36.7,0.096,1.741
90.5,37.2,-0.673,1.747
90.5,37.7,-1.443,1.752
90.5,38.2,0.930,1.757
90.5,38.7,0.224,1.762
90.5,39.2,-0.545,1.768
90.5,39.7,-1.314,1.773
90.5,40.2,1.058,1.779
90.5,40.7,0.289,1.784
90.5,41.2,-0.481,1.789
90.5,41.7,-1.250,1.794
90.5,42.2,1.122,1.799
90.5,42.7,0.353,1.803
90.5,43.2,-0.417,1.808
90.5,43.7,-1.122,1.813
90.5,44.2,1.250,1.818
90.5,44.7,0.481,1.822
90.5,45.2,-0.289,1.827
90.5,45.7,-1.058,1.832
90.5,46.2,1.314,1.836
90.5,46.7,0.545,1.841
90.5,47.2,-0.224,1.845
90.5,47.7,-0.994,1.850
90.5,48.2,1.378,1.854
90.5,48.7,0.609,1.858
90.5,49.2,-0.160,1.862
90.5,49.7,-0.930,1.866
90.5,50.3,1.443,1.870
90.5,50.8,0.673,1.874
90.5,51.3,-0.096,1.877
90.5,51.8,-0.801,1.881
90.5,52.3,1.571,1.885
90.5,52.8,0.801,1.889
90.5,53.3,0.032,1.893
90.5,53.8,-0.737,1.896
90.5,54.3,-1.507,1.900
90.5,54.8,0.866,1.904
90.5,55.3,0.096,1.907
90.5,55.8,-0.673,1.910
90.5,56.3,-1.443,1.914
90.5,56.8,0.930,1.917
90.5,57.3,0.160,1.920
90.5,57.8,-0.609,1.923
90.5,58.3,-1.378,1.927
90.5,58.8,0.994,1.930
90.5,59.3,0.224,1.932
90.5,59.8,-0.545,1.935
90.5,60.3,-1.314,1.938
90.5,60.8,1.058,1.941
90.5,61.3,0.289,1.944
90.5,61.8,-0.481,1.946
90.5,62.3,-1.250,1.949
90.5,62.8,1.122,1.951
90.5,63.3,0.353,1.954
90.5,63.8,-0.417,1.956
90.5,64.3,-1.186,1.958
90.5,64.8,1.186,1.961
90.5,65.3,0.417,1.963
90.5,65.8,-0.353,1.965
90.5,66.3,-1.122,1.967
90.5,66.8,1.250,1.969
90.5,67.3,0.481,1.970
90.5,67.8,-0.353,1.972
90.5,68.3,-1.122,1.974
90.5,68.8,1.250,1.976
90.5,69.3,0.481,1.978
90.5,69.8,-0.289,1.980
90.5,70.4,-1.058,1.981
90.5,70.9,1.314,1.983
90.5,71.4,0.545,1.984
90.5,71.9,-0.224,1.986
90.5,72.4,-0.994,1.987
90.5,72.9,1.378,1.988
90.5,73.4,0.609,1.990
90.5,73.9,-0.160,1.991
90.5,74.4,-0.930,1.991
90.5,74.9,1.443,1.992
90.5,75.4,0.673,1.993
90.5,75.9,-0.160,1.994
90.5,76.4,-0.930,1.995
90.5,76.9,1.443,1.996
90.5,77.4,0.673,1.997
90.5,77.9,-0.096,1.997
90.5,78.4,-0.866,1.998
90.5,78.9,1.507,1.998
90.5,79.4,0.737,1.999
90.5,79.9,-0.032,1.999
90.5,80.4,-0.801,1.999
90.5,80.9,1.507,1.999
90.5,81.4,0.737,1.999
90.5,81.9,-0.032,2.000
90.5,82.4,-0.801,2.000
90.5,82.9,1.571,2.000
90.5,83.4,0.801,2.000
90.5,83.9,0.032,1.999
90.5,84.4,-0.737,1.999
90.5,84.9,-1.571,1.998
90.5,85.4,0.801,1.998
90.5,85.9,0.032,1.998
90.5,86.4,-0.737,1.998
90.5,86.9,-1.507,1.997
90.5,87.4,0.866,1.996
90.5,87.9,0.096,1.995
90.5,88.4,-0.737,1.994
90.5,88.9,-1.507,1.994
90.5,89.4,0.866,1.993
90.5,89.9,0.096,1.993
90.5,90.5,-0.673,1.991
90.5,91.0,-1.443,1.990
90.5,91.5,0.930,1.988
90.5,92.0,0.096,1.988
90.5,92.5,-0.673,1.987
90.5,93.0,-1.443,1.985
90.5,93.5,0.930,1.984
90.5,94.0,0.160,1.982
90.5,94.5,-0.673,1.980
90.5,95.0,-1.443,1.979
90.5,95.5,0.930,1.978
90.5,96.0,0.160,1.976
90.5,96.5,-0.609,1.974
90.5,97.0,-1.378,1.971
90.5,97.5,0.930,1.970
90.5,98.0,0.160,1.968
90.5,98.5,-0.609,1.966
90.5,99.0,-1.378,1.964
90.5,99.5,0.930,1.961
90.5,100.0,0.160,1.960
91.0,0.0,-0.224,1.189
91.0,0.5,-0.994,1.198
91.0,1.0,1.378,1.207
91.0,1.5,0.673,1.216
91.0,2.0,-0.096,1.225
91.0,2.5,-0.866,1.234
91.0,3.0,1.507,1.242
91.0,3.5,0.801,1.251
91.0,4.0,0.032,1.260
91.0,4.5,-0.737,1.268
91.0,5.0,-1.443,1.277
91.0,5.5,0.930,1.286
91.0,6.0,0.160,1.294
91.0,6.5,-0.609,1.302
91.0,7.0,-1.314,1.311
91.0,7.5,1.058,1.319
91.0,8.0,0.289,1.327
91.0,8.5,-0.417,1.336
91.0,9.0,-1.186,1.344
91.0,9.5,1.186,1.353
91.0,10.1,0.417,1.360
91.0,10.6,-0.289,1.369
91.0,11.1,-1.058,1.377
91.0,11.6,1.314,1.385
91.0,12.1,0.545,1.393
91.0,12.6,-0.160,1.401
91.0,13.1,-0.930,1.409
91.0,13.6,1.443,1.417
91.0,14.1,0.673,1.424
91.0,14.6,-0.032,1.432
91.0,15.1,-0.801,1.440
91.0,15.6,-1.571,1.448
91.0,16.1,0.801,1.455
91.0,16.6,0.096,1.463
91.0,17.1,-0.673,1.471
91.0,17.6,-1.443,1.479
91.0,18.1,0.930,1.486
91.0,18.6,0.160,1.493
91.0,19.1,-0.545,1.501
91.0,19.6,-1.314,1.508
91.0,20.1,1.058,1.516
91.0,20.6,0.289,1.523
91.0,21.1,-0.417,1.530
91.0,21.6,-1.186,1.537
91.0,22.1,1.186,1.545
91.0,22.6,0.417,1.552
91.0,23.1,-0.353,1.558
91.0,23.6,-1.058,1.565
91.0,24.1,1.314,1.572
91.0,24.6,0.545,1.579
91.0,25.1,-0.224,1.586
91.0,25.6,-0.994,1.593
91.0,26.1,1.378,1.599
91.0,26.6,0.673,1.606
91.0,27.1,-0.096,1.613
91.0,27.6,-0.866,1.620
91.0,28.1,1.507,1.626
91.0,28.6,0.737,1.632
91.0,29.1,0.032,1.639
91.0,29.6,-0.737,1.645
91.0,30.2,-1.507,1.652
91.0,30.7,0.866,1.658
91.0,31.2,0.096,1.665
91.0,31.7,-0.673,1.671
91.0,32.2,-1.443,1.676
91.0,32.7,0.994,1.683
91.0,33.2,0.224,1.689
91.0,33.7,-0.545,1.695
91.0,34.2,-1.314,1.701
91.0,34.7,1.058,1.707
91.0,35.2,0.289,1.712
91.0,35.7,-0.481,1.718
91.0,36.2,-1.186,1.724
91.0,36.7,1.186,1.730
91.0,37.2,0.417,1.735
91.0,37.7,-0.353,1.741
91.0,38.2,-1.122,1.747
91.0,38.7,1.250,1.752
91.0,39.2,0.481,1.757
91.0,39.7,-0.289,1.762
91.0,40.2,-1.058,1.767
91.0,40.7,1.378,1.773
91.0,41.2,0.609,1.778
91.0,41.7,-0.160,1.783
91.0,42.2,-0.930,1.789
91.0,42.7,1.443,1.794
91.0,43.2,0.673,1.799
91.0,43.7,-0.096,1.803
91.0,44.2,-0.866,1.808
91.0,44.7,1.507,1.813
91.0,45.2,0.737,1.817
91.0,45.7,0.032,1.822
91.0,46.2,-0.737,1.827
91.0,46.7,-1.507,1.831
91.0,47.2,0.866,1.836
91.0,47.7,0.096,1.840
91.0,48.2,-0.673,1.845
91.0,48.7,-1.443,1.849
91.0,49.2,0.930,1.854
91.0,49.7,0.160,1.858
91.0,50.3,-0.609,1.862
91.0,50.8,-1.378,1.866
91.0,51.3,0.994,1.870
91.0,51.8,0.224,1.874
91.0,52.3,-0.545,1.878
91.0,52.8,-1.314,1.881
91.0,53.3,1.058,1.885
91.0,53.8,0.289,1.889
91.0,54.3,-0.481,1.892
91.0,54.8,-1.250,1.896
91.0,55.3,1.186,1.899
91.0,55.8,0.417,1.903
91.0,56.3,-0.353,1.906
91.0,56.8,-1.122,1.910
91.0,57.3,1.250,1.913
91.0,57.8,0.481,1.917
91.0,58.3,-0.289,1.920
91.0,58.8,-1.058,1.923
91.0,59.3,1.314,1.926
91.0,59.8,0.545,1.929
91.0,60.3,-0.224,1.932
91.0,60.8,-0.994,1.935
91.0,61.3,1.378,1.938
91.0,61.8,0.609,1.940
91.0,62.3,-0.160,1.943
91.0,62.8,-0.930,1.946
91.0,63.3,1.443,1.948
91.0,63.8,0.673,1.951
91.0,64.3,-0.096,1.953
91.0,64.8,-0.866,1.955
91.0,65.3,1.507,1.958
91.0,65.8,0.737,1.960
91.0,66.3,-0.032,1.962
91.0,66.8,-0.866,1.964
91.0,67.3,1.507,1.966
91.0,67.8,0.737,1.969
91.0,68.3,-0.032,1.971
91.0,68.8,-0.801,1.973
91.0,69.3,-1.571,1.975
91.0,69.8,0.801,1.976
91.0,70.4,0.032,1.978
91.0,70.9,-0.737,1.980
91.0,71.4,-1.507,1.982
91.0,71.9,0.866,1.983
91.0,72.4,0.096,1.984
91.0,72.9,-0.673,1.986
91.0,73.4,-1.443,1.987
91.0,73.9,0.930,1.988
91.0,74.4,0.160,1.989
91.0,74.9,-0.609,1.990
91.0,75.4,-1.378,1.991
91.0,75.9,0.930,1.992
91.0,76.4,0.160,1.993
91.0,76.9,-0.609,1.994
91.0,77.4,-1.378,1.995
91.0,77.9,0.994,1.996
91.0,78.4,0.224,1.997
91.0,78.9,-0.545,1.997
91.0,79.4,-1.314,1.998
91.0,79.9,1.058,1.998
91.0,80.4,0.289,1.998
91.0,80.9,-0.481,1.998
91.0,81.4,-1.314,1.999
91.0,81.9,1.058,1.999
91.0,82.4,0.289,2.000
91.0,82.9,-0.481,2.000
91.0,83.4,-1.250,2.000
91.0,83.9,1.122,2.000
91.0,84.4,0.353,2.000
91.0,84.9,-0.417,1.999
91.0,85.4,-1.250,1.999
91.0,85.9,1.122,1.999
91.0,86.4,0.353,1.999
91.0,86.9,-0.417,1.998
91.0,87.4,-1.186,1.998
91.0,87.9,1.186,1.997
91.0,88.4,0.417,1.996
91.0,88.9,-0.417,1.995
91.0,89.4,-1.186,1.995
91.0,89.9,1.186,1.994
91.0,90.5,0.417,1.994
91.0,91.0,-0.353,1.993
91.0,91.5,-1.122,1.991
91.0,92.0,1.250,1.990
91.0,92.5,0.417,1.989
91.0,93.0,-0.353,1.988
91.0,93.5,-1.122,1.987
91.0,94.0,1.250,1.985
91.0,94.5,0.481,1.984
91.0,95.0,-0.353,1.982
91.0,95.5,-1.122,1.981
91.0,96.0,1.250,1.979
91.0,96.5,0.481,1.978
91.0,97.0,-0.289,1.976
91.0,97.5,-1.058,1.974
91.0,98.0,1.250,1.972
91.0,98.5,0.481,1.970
91.0,99.0,-0.289,1.969
91.0,99.5,-1.058,1.966
91.0,100.0,1.314,1.964
91.5,0.0,0.801,1.171
91.5,0.5,0.032,1.180
91.5,1.0,-0.737,1.188
91.5,1.5,-1.443,1.198
91.5,2.0,0.930,1.207
91.5,2.5,0.160,1.215
91.5,3.0,-0.545,1.224
91.5,3.5,-1.314,1.233
91.5,4.0,1.058,1.242
91.5,4.5,0.353,1.250
91.5,5.0,-0.417,1.259
91.5,5.5,-1.186,1.268
91.5,6.0,1.186,1.276
91.5,6.5,0.481,1.285
91.5,7.0,-0.289,1.293
91.5,7.5,-1.058,1.302
91.5,8.0,1.378,1.310
91.5,8.5,0.609,1.319
91.5,9.0,-0.160,1.327
91.5,9.5,-0.930,1.335
91.5,10.1,1.507,1.344
91.5,10.6,0.737,1.352
91.5,11.1,-0.032,1.360
91.5,11.6,-0.801,1.368
91.5,12.1,-1.507,1.376
91.5,12.6,0.866,1.385
91.5,13.1,0.096,1.392
91.5,13.6,-0.609,1.400
91.5,14.1,-1.378,1.408
91.5,14.6,0.994,1.416
91.5,15.1,0.224,1.424
91.5,15.6,-0.545,1.431
91.5,16.1,-1.250,1.440
91.5,16.6,1.122,1.448
91.5,17.1,0.353,1.455
91.5,17.6,-0.417,1.462
91.5,18.1,-1.122,1.470
91.5,18.6,1.250,1.478
91.5,19.1,0.481,1.486
91.5,19.6,-0.289,1.493
91.5,20.1,-0.994,1.500
91.5,20.6,1.378,1.508
91.5,21.1,0.609,1.515
91.5,21.6,-0.160,1.522
91.5,22.1,-0.930,1.529
91.5,22.6,1.507,1.536
91.5,23.1,0.737,1.544
91.5,23.6,-0.032,1.551
91.5,24.1,-0.801,1.558
91.5,24.6,-1.571,1.565
91.5,25.1,0.866,1.572
91.5,25.6,0.096,1.579
91.5,26.1,-0.673,1.586
91.5,26.6,-1.443,1.593
91.5,27.1,0.930,1.599
91.5,27.6,0.160,1.605
91.5,28.1,-0.545,1.612
91.5,28.6,-1.314,1.619
91.5,29.1,1.058,1.626
91.5,29.6,0.289,1.632
91.5,30.2,-0.481,1.639
91.5,30.7,-1.186,1.645
91.5,31.2,1.186,1.651
91.5,31.7,0.417,1.658
91.5,32.2,-0.353,1.664
91.5,32.7,-1.122,1.670
91.5,33.2,1.250,1.676
91.5,33.7,0.481,1.682
91.5,34.2,-0.224,1.688
91.5,34.7,-0.994,1.694
91.5,35.2,1.378,1.701
91.5,35.7,0.609,1.707
91.5,36.2,-0.160,1.712
91.5,36.7,-0.930,1.718
91.5,37.2,1.443,1.723
91.5,37.7,0.737,1.729
91.5,38.2,-0.032,1.735
91.5,38.7,-0.801,1.741
91.5,39.2,1.571,1.746
91.5,39.7,0.801,1.752
91.5,40.2,0.032,1.757
91.5,40.7,-0.737,1.762
91.5,41.2,-1.507,1.767
91.5,41.7,0.866,1.772
91.5,42.2,0.160,1.777
91.5,42.7,-0.609,1.783
91.5,43.2,-1.378,1.788
91.5,43.7,0.994,1.793
91.5,44.2,0.224,1.798
91.5,44.7,-0.545,1.803
91.5,45.2,-1.314,1.808
91.5,45.7,1.058,1.813
91.5,46.2,0.289,1.817
91.5,46.7,-0.481,1.822
91.5,47.2,-1.250,1.826
91.5,47.7,1.186,1.831
91.5,48.2,0.417,1.835
91.5,48.7,-0.353,1.840
91.5,49.2,-1.122,1.844
91.5,49.7,1.250,1.849
91.5,50.3,0.481,1.853
91.5,50.8,-0.289,1.858
91.5,51.3,-1.058,1.862
91.5,51.8,1.314,1.866
91.5,52.3,0.545,1.870
91.5,52.8,-0.224,1.874
91.5,53.3,-0.994,1.878
91.5,53.8,1.378,1.881
91.5,54.3,0.609,1.885
91.5,54.8,-0.160,1.889
91.5,55.3,-0.930,1.892
91.5,55.8,1.443,1.896
91.5,56.3,0.673,1.899
91.5,56.8,-0.096,1.903
91.5,57.3,-0.866,1.906
91.5,57.8,1.507,1.910
91.5,58.3,0.737,1.913
91.5,58.8,-0.032,1.916
91.5,59.3,-0.801,1.919
91.5,59.8,-1.507,1.922
91.5,60.3,0.866,1.925
91.5,60.8,0.096,1.928
91.5,61.3,-0.673,1.931
91.5,61.8,-1.443,1.934
91.5,62.3,0.930,1.937
91.5,62.8,0.160,1.940
91.5,63.3,-0.609,1.943
91.5,63.8,-1.443,1.945
91.5,64.3,0.930,1.948
91.5,64.8,0.160,1.950
91.5,65.3,-0.609,1.953
91.5,65.8,-1.378,1.955
91.5,66.3,0.994,1.958
91.5,66.8,0.224,1.960
91.5,67.3,-0.545,1.962
91.5,67.8,-1.314,1.965
91.5,68.3,1.058,1.967
91.5,68.8,0.289,1.969
91.5,69.3,-0.481,1.971
91.5,69.8,-1.250,1.973
91.5,70.4,1.122,1.975
91.5,70.9,0.353,1.977
91.5,71.4,-0.417,1.978
91.5,71.9,-1.186,1.980
91.5,72.4,1.186,1.981
91.5,72.9,0.417,1.983
91.5,73.4,-0.353,1.984
91.5,73.9,-1.122,1.986
91.5,74.4,1.250,1.987
91.5,74.9,0.481,1.988
91.5,75.4,-0.289,1.989
91.5,75.9,-1.122,1.990
91.5,76.4,1.250,1.991
91.5,76.9,0.481,1.992
91.5,77.4,-0.289,1.993
91.5,77.9,-1.058,1.994
91.5,78.4,1.314,1.995
91.5,78.9,0.545,1.996
91.5,79.4,-0.224,1.997
91.5,79.9,-0.994,1.997
91.5,80.4,1.378,1.998
91.5,80.9,0.609,1.998
91.5,81.4,-0.224,1.998
91.5,81.9,-0.994,1.999
91.5,82.4,1.378,1.999
91.5,82.9,0.609,2.000
91.5,83.4,-0.160,2.000
91.5,83.9,-0.930,2.000
91.5,84.4,1.443,2.000
91.5,84.9,0.673,2.000
91.5,85.4,-0.096,1.999
91.5,85.9,-0.930,1.999
91.5,86.4,1.443,1.999
91.5,86.9,0.673,1.999
91.5,87.4,-0.096,1.999
91.5,87.9,-0.866,1.998
91.5,88.4,1.507,1.998
91.5,88.9,0.737,1.997
91.5,89.4,-0.096,1.996
91.5,89.9,-0.866,1.996
91.5,90.5,1.507,1.995
91.5,91.0,0.737,1.994
91.5,91.5,-0.032,1.994
91.5,92.0,-0.801,1.992
91.5,92.5,1.571,1.991
91.5,93.0,0.737,1.990
91.5,93.5,-0.032,1.989
91.5,94.0,-0.801,1.988
91.5,94.5,1.571,1.987
91.5,95.0,0.801,1.985
91.5,95.5,0.032,1.983
91.5,96.0,-0.801,1.982
91.5,96.5,-1.571,1.981
91.5,97.0,0.801,1.980
91.5,97.5,0.032,1.978
91.5,98.0,-0.737,1.976
91.5,98.5,-1.571,1.974
91.5,99.0,0.801,1.972
91.5,99.5,0.032,1.971
91.5,100.0,-0.737,1.969
92.0,0.0,-1.314,1.152
92.0,0.5,1.058,1.161
92.0,1.0,0.353,1.170
92.0,1.5,-0.417,1.179
92.0,2.0,-1.186,1.188
92.0,2.5,1.250,1.197
92.0,3.0,0.481,1.206
92.0,3.5,-0.289,1.215
92.0,4.0,-0.994,1.223
92.0,4.5,1.378,1.232
92.0,5.0,0.609,1.241
92.0,5.5,-0.160,1.249
92.0,6.0,-0.866,1.258
92.0,6.5,1.507,1.267
92.0,7.0,0.737,1.276
92.0,7.5,0.032,1.284
92.0,8.0,-0.737,1.293
92.0,8.5,-1.507,1.301
92.0,9.0,0.866,1.309
92.0,9.5,0.160,1.318
92.0,10.1,-0.609,1.327
92.0,10.6,-1.378,1.335
92.0,11.1,1.058,1.343
92.0,11.6,0.289,1.351
92.0,12.1,-0.481,1.360
92.0,12.6,-1.250,1.368
92.0,13.1,1.186,1.375
92.0,13.6,0.417,1.384
92.0,14.1,-0.353,1.392
92.0,14.6,-1.122,1.400
92.0,15.1,1.314,1.407
92.0,15.6,0.545,1.416
92.0,16.1,-0.224,1.424
92.0,16.6,-0.994,1.431
92.0,17.1,1.443,1.439
92.0,17.6,0.673,1.447
92.0,18.1,-0.096,1.455
92.0,18.6,-0.866,1.462
92.0,19.1,1.507,1.469
92.0,19.6,0.801,1.477
92.0,20.1,0.032,1.485
92.0,20.6,-0.737,1.493
92.0,21.1,-1.507,1.500
92.0,21.6,0.930,1.507
92.0,22.1,0.160,1.515
92.0,22.6,-0.609,1.522
92.0,23.1,-1.378,1.529
92.0,23.6,0.994,1.536
92.0,24.1,0.289,1.543
92.0,24.6,-0.481,1.551
92.0,25.1,-1.250,1.558
92.0,25.6,1.122,1.565
92.0,26.1,0.353,1.571
92.0,26.6,-0.353,1.578
92.0,27.1,-1.122,1.585
92.0,27.6,1.250,1.592
92.0,28.1,0.481,1.599
92.0,28.6,-0.289,1.605
92.0,29.1,-0.994,1.612
92.0,29.6,1.378,1.619
92.0,30.2,0.609,1.625
92.0,30.7,-0.160,1.632
92.0,31.2,-0.930,1.638
92.0,31.7,1.443,1.645
92.0,32.2,0.737,1.650
92.0,32.7,-0.032,1.657
92.0,33.2,-0.801,1.664
92.0,33.7,1.571,1.670
92.0,34.2,0.801,1.676
92.0,34.7,0.032,1.682
92.0,35.2,-0.737,1.688
92.0,35.7,-1.443,1.694
92.0,36.2,0.930,1.700
92.0,36.7,0.160,1.706
92.0,37.2,-0.609,1.712
92.0,37.7,-1.378,1.718
92.0,38.2,0.994,1.723
92.0,38.7,0.224,1.729
92.0,39.2,-0.545,1.734
92.0,39.7,-1.250,1.740
92.0,40.2,1.122,1.746
92.0,40.7,0.353,1.751
92.0,41.2,-0.417,1.757
92.0,41.7,-1.186,1.762
92.0,42.2,1.186,1.767
92.0,42.7,0.417,1.772
92.0,43.2,-0.353,1.777
92.0,43.7,-1.122,1.782
92.0,44.2,1.314,1.787
92.0,44.7,0.545,1.793
92.0,45.2,-0.224,1.798
92.0,45.7,-0.994,1.803
92.0,46.2,1.378,1.808
92.0,46.7,0.609,1.813
92.0,47.2,-0.160,1.817
92.0,47.7,-0.930,1.822
92.0,48.2,1.443,1.826
92.0,48.7,0.673,1.831
92.0,49.2,-0.096,1.835
92.0,49.7,-0.866,1.839
92.0,50.3,1.571,1.844
92.0,50.8,0.801,1.848
92.0,51.3,0.032,1.853
92.0,51.8,-0.737,1.857
92.0,52.3,-1.507,1.861
92.0,52.8,0.866,1.866
92.0,53.3,0.096,1.870
92.0,53.8,-0.673,1.874
92.0,54.3,-1.443,1.878
92.0,54.8,0.930,1.881
92.0,55.3,0.160,1.885
92.0,55.8,-0.609,1.889
92.0,56.3,-1.378,1.893
92.0,56.8,0.994,1.896
92.0,57.3,0.224,1.900
92.0,57.8,-0.545,1.903
92.0,58.3,-1.314,1.907
92.0,58.8,1.058,1.910
92.0,59.3,0.289,1.913
92.0,59.8,-0.481,1.916
92.0,60.3,-1.250,1.919
92.0,60.8,1.122,1.923
92.0,61.3,0.353,1.926
92.0,61.8,-0.417,1.929
92.0,62.3,-1.186,1.932
92.0,62.8,1.186,1.934
92.0,63.3,0.417,1.937
92.0,63.8,-0.353,1.940
92.0,64.3,-1.122,1.943
92.0,64.8,1.250,1.946
92.0,65.3,0.481,1.948
92.0,65.8,-0.289,1.951
92.0,66.3,-1.058,1.953
92.0,66.8,1.314,1.956
92.0,67.3,0.545,1.958
92.0,67.8,-0.224,1.960
92.0,68.3,-0.994,1.963
92.0,68.8,1.378,1.965
92.0,69.3,0.609,1.967
92.0,69.8,-0.160,1.969
92.0,70.4,-0.930,1.971
92.0,70.9,1.443,1.973
92.0,71.4,0.673,1.975
92.0,71.9,-0.096,1.976
92.0,72.4,-0.866,1.978
92.0,72.9,1.507,1.980
92.0,73.4,0.737,1.981
92.0,73.9,-0.032,1.983
92.0,74.4,-0.801,1.984
92.0,74.9,1.571,1.985
92.0,75.4,0.801,1.986
92.0,75.9,-0.032,1.987
92.0,76.4,-0.801,1.989
92.0,76.9,-1.571,1.990
92.0,77.4,0.801,1.991
92.0,77.9,0.032,1.993
92.0,78.4,-0.737,1.994
92.0,78.9,-1.507,1.995
92.0,79.4,0.866,1.995
92.0,79.9,0.096,1.996
92.0,80.4,-0.673,1.996
92.0,80.9,-1.443,1.997
92.0,81.4,0.930,1.997
92.0,81.9,0.096,1.998
92.0,82.4,-0.673,1.998
92.0,82.9,-1.443,1.999
92.0,83.4,0.930,1.999
92.0,83.9,0.160,2.000
92.0,84.4,-0.609,2.000
92.0,84.9,-1.378,2.000
92.0,85.4,0.994,2.000
92.0,85.9,0.224,1.999
92.0,86.4,-0.609,1.999
92.0,86.9,-1.378,1.999
92.0,87.4,0.994,1.999
92.0,87.9,0.224,1.999
92.0,88.4,-0.545,1.999
92.0,88.9,-1.314,1.998
92.0,89.4,1.058,1.997
92.0,89.9,0.224,1.996
92.0,90.5,-0.545,1.996
92.0,91.0,-1.314,1.996
92.0,91.5,1.058,1.995
92.0,92.0,0.289,1.994
92.0,92.5,-0.481,1.993
92.0,93.0,-1.250,1.992
92.0,93.5,1.058,1.991
92.0,94.0,0.289,1.990
92.0,94.5,-0.481,1.989
92.0,95.0,-1.250,1.988
92.0,95.5,1.122,1.987
92.0,96.0,0.353,1.985
92.0,96.5,-0.481,1.984
92.0,97.0,-1.250,1.983
92.0,97.5,1.122,1.981
92.0,98.0,0.353,1.980
92.0,98.5,-0.417,1.977
92.0,99.0,-1.250,1.975
92.0,99.5,1.122,1.974
92.0,100.0,0.353,1.973
92.5,0.0,-0.289,1.133
92.5,0.5,-1.058,1.142
92.5,1.0,1.378,1.151
92.5,1.5,0.609,1.160
92.5,2.0,-0.160,1.169
92.5,2.5,-0.866,1.178
92.5,3.0,1.507,1.187
92.5,3.5,0.737,1.196
92.5,4.0,0.032,1.205
92.5,4.5,-0.737,1.214
92.5,5.0,-1.507,1.223
92.5,5.5,0.930,1.231
92.5,6.0,0.160,1.240
92.5,6.5,-0.609,1.249
92.5,7.0,-1.314,1.257
92.5,7.5,1.058,1.266
92.5,8.0,0.289,1.275
92.5,8.5,-0.481,1.283
92.5,9.0,-1.186,1.292
92.5,9.5,1.186,1.301
92.5,10.1,0.417,1.309
92.5,10.6,-0.289,1.317
92.5,11.1,-1.058,1.326
92.5,11.6,1.314,1.334
92.5,12.1,0.545,1.342
92.5,12.6,-0.160,1.350
92.5,13.1,-0.930,1.359
92.5,13.6,1.443,1.367
92.5,14.1,0.673,1.375
92.5,14.6,-0.032,1.383
92.5,15.1,-0.801,1.391
92.5,15.6,-1.571,1.399
92.5,16.1,0.801,1.407
92.5,16.6,0.096,1.415
92.5,17.1,-0.673,1.423
92.5,17.6,-1.443,1.431
92.5,18.1,0.930,1.438
92.5,18.6,0.224,1.446
92.5,19.1,-0.545,1.454
92.5,19.6,-1.314,1.462
92.5,20.1,1.058,1.469
92.5,20.6,0.353,1.476
92.5,21.1,-0.417,1.484
92.5,21.6,-1.186,1.492
92.5,22.1,1.186,1.499
92.5,22.6,0.417,1.506
92.5,23.1,-0.289,1.514
92.5,23.6,-1.058,1.521
92.5,24.1,1.314,1.529
92.5,24.6,0.545,1.536
92.5,25.1,-0.224,1.542
92.5,25.6,-0.930,1.550
92.5,26.1,1.443,1.557
92.5,26.6,0.673,1.564
92.5,27.1,-0.096,1.571
92.5,27.6,-0.866,1.578
92.5,28.1,1.571,1.585
92.5,28.6,0.801,1.592
92.5,29.1,0.032,1.599
92.5,29.6,-0.737,1.605
92.5,30.2,-1.507,1.612
92.5,30.7,0.930,1.618
92.5,31.2,0.160,1.625
92.5,31.7,-0.609,1.632
92.5,32.2,-1.378,1.638
92.5,32.7,0.994,1.644
92.5,33.2,0.224,1.651
92.5,33.7,-0.545,1.656
92.5,34.2,-1.250,1.663
92.5,34.7,1.122,1.670
92.5,35.2,0.353,1.676
92.5,35.7,-0.417,1.682
92.5,36.2,-1.186,1.688
92.5,36.7,1.186,1.693
92.5,37.2,0.481,1.699
92.5,37.7,-0.289,1.705
92.5,38.2,-1.058,1.712
92.5,38.7,1.314,1.717
92.5,39.2,0.545,1.723
92.5,39.7,-0.224,1.729
92.5,40.2,-0.994,1.734
92.5,40.7,1.378,1.739
92.5,41.2,0.673,1.745
92.5,41.7,-0.096,1.751
92.5,42.2,-0.866,1.756
92.5,42.7,1.507,1.762
92.5,43.2,0.737,1.767
92.5,43.7,-0.032,1.772
92.5,44.2,-0.801,1.777
92.5,44.7,-1.571,1.782
92.5,45.2,0.801,1.787
92.5,45.7,0.096,1.792
92.5,46.2,-0.673,1.797
92.5,46.7,-1.443,1.802
92.5,47.2,0.930,1.807
92.5,47.7,0.160,1.812
92.5,48.2,-0.609,1.817
92.5,48.7,-1.378,1.822
92.5,49.2,0.994,1.826
92.5,49.7,0.224,1.831
92.5,50.3,-0.545,1.835
92.5,50.8,-1.314,1.839
92.5,51.3,1.058,1.844
92.5,51.8,0.289,1.848
92.5,52.3,-0.417,1.852
92.5,52.8,-1.186,1.856
92.5,53.3,1.186,1.861
92.5,53.8,0.417,1.865
92.5,54.3,-0.353,1.869
92.5,54.8,-1.122,1.873
92.5,55.3,1.250,1.877
92.5,55.8,0.481,1.881
92.5,56.3,-0.289,1.885
92.5,56.8,-1.058,1.889
92.5,57.3,1.314,1.892
92.5,57.8,0.545,1.896
92.5,58.3,-0.224,1.900
92.5,58.8,-0.994,1.903
92.5,59.3,1.378,1.907
92.5,59.8,0.609,1.910
92.5,60.3,-0.160,1.913
92.5,60.8,-0.930,1.916
92.5,61.3,1.443,1.920
92.5,61.8,0.673,1.923
92.5,62.3,-0.096,1.926
92.5,62.8,-0.866,1.929
92.5,63.3,1.507,1.932
92.5,63.8,0.737,1.935
92.5,64.3,-0.032,1.938
92.5,64.8,-0.801,1.940
92.5,65.3,-1.571,1.943
92.5,65.8,0.801,1.946
92.5,66.3,0.032,1.948
92.5,66.8,-0.737,1.951
92.5,67.3,-1.507,1.953
92.5,67.8,0.866,1.956
92.5,68.3,0.096,1.958
92.5,68.8,-0.673,1.960
92.5,69.3,-1.443,1.963
92.5,69.8,0.930,1.965
92.5,70.4,0.160,1.967
92.5,70.9,-0.609,1.969
92.5,71.4,-1.378,1.971
92.5,71.9,0.994,1.973
92.5,72.4,0.224,1.974
92.5,72.9,-0.545,1.976
92.5,73.4,-1.314,1.978
92.5,73.9,1.058,1.979
92.5,74.4,0.289,1.981
92.5,74.9,-0.481,1.982
92.5,75.4,-1.250,1.983
92.5,75.9,1.058,1.985
92.5,76.4,0.289,1.986
92.5,76.9,-0.481,1.988
92.5,77.4,-1.250,1.989
92.5,77.9,1.122,1.990
92.5,78.4,0.353,1.992
92.5,78.9,-0.417,1.993
92.5,79.4,-1.186,1.994
92.5,79.9,1.186,1.994
92.5,80.4,0.417,1.995
92.5,80.9,-0.353,1.996
92.5,81.4,-1.122,1.996
92.5,81.9,1.186,1.996
92.5,82.4,0.417,1.997
92.5,82.9,-0.353,1.998
92.5,83.4,-1.122,1.999
92.5,83.9,1.250,1.999
92.5,84.4,0.481,1.999
92.5,84.9,-0.289,2.000
92.5,85.4,-1.058,2.000
92.5,85.9,1.314,1.999
92.5,86.4,0.545,1.999
92.5,86.9,-0.289,1.999
92.5,87.4,-1.058,2.000
92.5,87.9,1.314,2.000
92.5,88.4,0.545,1.999
92.5,88.9,-0.224,1.999
92.5,89.4,-0.994,1.999
92.5,89.9,1.378,1.998
92.5,90.5,0.545,1.997
92.5,91.0,-0.224,1.997
92.5,91.5,-0.994,1.997
92.5,92.0,1.378,1.996
92.5,92.5,0.609,1.995
92.5,93.0,-0.160,1.994
92.5,93.5,-0.930,1.993
92.5,94.0,1.378,1.992
92.5,94.5,0.609,1.991
92.5,95.0,-0.160,1.991
92.5,95.5,-0.930,1.989
92.5,96.0,1.443,1.988
92.5,96.5,0.673,1.986
92.5,97.0,-0.160,1.985
92.5,97.5,-0.930,1.984
92.5,98.0,1.443,1.983
92.5,98.5,0.673,1.981
92.5,99.0,-0.096,1.979
92.5,99.5,-0.930,1.977
92.5,100.0,1.443,1.976
93.0,0.0,0.737,1.114
93.0,0.5,0.032,1.123
93.0,1.0,-0.737,1.132
93.0,1.5,-1.507,1.141
93.0,2.0,0.930,1.150
93.0,2.5,0.160,1.160
93.0,3.0,-0.609,1.169
93.0,3.5,-1.314,1.177
93.0,4.0,1.058,1.187
93.0,4.5,0.289,1.196
93.0,5.0,-0.417,1.204
93.0,5.5,-1.186,1.213
93.0,6.0,1.186,1.222
93.0,6.5,0.417,1.231
93.0,7.0,-0.289,1.240
93.0,7.5,-1.058,1.249
93.0,8.0,1.314,1.257
93.0,8.5,0.609,1.266
93.0,9.0,-0.160,1.275
93.0,9.5,-0.930,1.283
93.0,10.1,1.507,1.291
93.0,10.6,0.737,1.300
93.0,11.1,-0.032,1.309
93.0,11.6,-0.801,1.317
93.0,12.1,-1.507,1.325
93.0,12.6,0.866,1.334
93.0,13.1,0.096,1.342
93.0,13.6,-0.673,1.350
93.0,14.1,-1.378,1.358
93.0,14.6,0.994,1.367
93.0,15.1,0.224,1.375
93.0,15.6,-0.545,1.382
93.0,16.1,-1.250,1.391
93.0,16.6,1.122,1.399
93.0,17.1,0.353,1.407
93.0,17.6,-0.417,1.414
93.0,18.1,-1.122,1.422
93.0,18.6,1.250,1.431
93.0,19.1,0.481,1.438
93.0,19.6,-0.289,1.445
93.0,20.1,-0.994,1.453
93.0,20.6,1.378,1.461
93.0,21.1,0.609,1.469
93.0,21.6,-0.160,1.476
93.0,22.1,-0.866,1.484
93.0,22.6,1.507,1.491
93.0,23.1,0.737,1.499
93.0,23.6,-0.032,1.506
93.0,24.1,-0.801,1.513
93.0,24.6,-1.507,1.521
93.0,25.1,0.866,1.528
93.0,25.6,0.096,1.535
93.0,26.1,-0.673,1.542
93.0,26.6,-1.443,1.549
93.0,27.1,0.994,1.556
93.0,27.6,0.224,1.564
93.0,28.1,-0.545,1.571
93.0,28.6,-1.314,1.577
93.0,29.1,1.058,1.584
93.0,29.6,0.353,1.591
93.0,30.2,-0.417,1.598
93.0,30.7,-1.186,1.605
93.0,31.2,1.186,1.611
93.0,31.7,0.417,1.618
93.0,32.2,-0.289,1.624
93.0,32.7,-1.058,1.631
93.0,33.2,1.314,1.638
93.0,33.7,0.545,1.644
93.0,34.2,-0.224,1.650
93.0,34.7,-0.994,1.656
93.0,35.2,1.378,1.662
93.0,35.7,0.673,1.669
93.0,36.2,-0.096,1.675
93.0,36.7,-0.866,1.682
93.0,37.2,1.507,1.688
93.0,37.7,0.737,1.693
93.0,38.2,-0.032,1.699
93.0,38.7,-0.737,1.705
93.0,39.2,-1.507,1.711
93.0,39.7,0.866,1.717
93.0,40.2,0.096,1.723
93.0,40.7,-0.673,1.729
93.0,41.2,-1.443,1.734
93.0,41.7,0.930,1.739
93.0,42.2,0.160,1.745
93.0,42.7,-0.545,1.750
93.0,43.2,-1.314,1.756
93.0,43.7,1.058,1.761
93.0,44.2,0.289,1.767
93.0,44.7,-0.481,1.772
93.0,45.2,-1.250,1.777
93.0,45.7,1.122,1.782
93.0,46.2,0.353,1.787
93.0,46.7,-0.417,1.792
93.0,47.2,-1.186,1.797
93.0,47.7,1.250,1.802
93.0,48.2,0.481,1.807
93.0,48.7,-0.289,1.812
93.0,49.2,-1.058,1.817
93.0,49.7,1.314,1.821
93.0,50.3,0.545,1.826
93.0,50.8,-0.224,1.831
93.0,51.3,-0.994,1.835
93.0,51.8,1.378,1.840
93.0,52.3,0.609,1.844
93.0,52.8,-0.160,1.848
93.0,53.3,-0.930,1.852
93.0,53.8,1.443,1.856
93.0,54.3,0.673,1.860
93.0,54.8,-0.032,1.864
93.0,55.3,-0.801,1.869
93.0,55.8,1.571,1.873
93.0,56.3,0.801,1.877
93.0,56.8,0.032,1.881
93.0,57.3,-0.737,1.885
93.0,57.8,-1.507,1.888
93.0,58.3,0.866,1.892
93.0,58.8,0.096,1.896
93.0,59.3,-0.673,1.899
93.0,59.8,-1.443,1.903
93.0,60.3,0.930,1.906
93.0,60.8,0.160,1.910
93.0,61.3,-0.609,1.913
93.0,61.8,-1.378,1.916
93.0,62.3,0.994,1.920
93.0,62.8,0.224,1.923
93.0,63.3,-0.545,1.926
93.0,63.8,-1.314,1.929
93.0,64.3,1.058,1.932
93.0,64.8,0.289,1.935
93.0,65.3,-0.481,1.938
93.0,65.8,-1.250,1.940
93.0,66.3,1.122,1.943
93.0,66.8,0.353,1.946
93.0,67.3,-0.417,1.948
93.0,67.8,-1.186,1.951
93.0,68.3,1.186,1.953
93.0,68.8,0.417,1.956
93.0,69.3,-0.353,1.958
93.0,69.8,-1.122,1.960
93.0,70.4,1.250,1.963
93.0,70.9,0.481,1.965
93.0,71.4,-0.289,1.967
93.0,71.9,-1.058,1.969
93.0,72.4,1.314,1.971
93.0,72.9,0.545,1.972
93.0,73.4,-0.224,1.974
93.0,73.9,-0.994,1.976
93.0,74.4,1.378,1.977
93.0,74.9,0.609,1.979
93.0,75.4,-0.224,1.980
93.0,75.9,-0.994,1.982
93.0,76.4,1.378,1.984
93.0,76.9,0.609,1.985
93.0,77.4,-0.160,1.987
93.0,77.9,-0.930,1.988
93.0,78.4,1.443,1.989
93.0,78.9,0.673,1.991
93.0,79.4,-0.096,1.992
93.0,79.9,-0.866,1.993
93.0,80.4,1.507,1.993
93.0,80.9,0.737,1.994
93.0,81.4,-0.032,1.995
93.0,81.9,-0.801,1.995
93.0,82.4,1.507,1.996
93.0,82.9,0.737,1.997
93.0,83.4,-0.032,1.998
93.0,83.9,-0.801,1.998
93.0,84.4,-1.571,1.999
93.0,84.9,0.801,1.999
93.0,85.4,0.032,1.999
93.0,85.9,-0.737,1.999
93.0,86.4,-1.507,1.999
93.0,86.9,0.801,1.999
93.0,87.4,0.032,1.999
93.0,87.9,-0.737,2.000
93.0,88.4,-1.507,2.000
93.0,88.9,0.866,2.000
93.0,89.4,0.096,1.999
93.0,89.9,-0.673,1.999
93.0,90.5,-1.443,1.998
93.0,91.0,0.866,1.998
93.0,91.5,0.096,1.998
93.0,92.0,-0.673,1.997
93.0,92.5,-1.443,1.997
93.0,93.0,0.930,1.996
93.0,93.5,0.160,1.995
93.0,94.0,-0.609,1.994
93.0,94.5,-1.443,1.993
93.0,95.0,0.930,1.992
93.0,95.5,0.160,1.992
93.0,96.0,-0.609,1.991
93.0,96.5,-1.378,1.989
93.0,97.0,0.994,1.988
93.0,97.5,0.160,1.986
93.0,98.0,-0.609,1.985
93.0,98.5,-1.378,1.984
93.0,99.0,0.994,1.983
93.0,99.5,0.224,1.981
93.0,100.0,-0.545,1.979
93.5,0.0,-1.378,1.094
93.5,0.5,1.058,1.104
93.5,1.0,0.289,1.113
93.5,1.5,-0.481,1.122
93.5,2.0,-1.186,1.132
93.5,2.5,1.186,1.141
93.5,3.0,0.417,1.149
93.5,3.5,-0.289,1.159
93.5,4.0,-1.058,1.168
93.5,4.5,1.314,1.177
93.5,5.0,0.609,1.186
93.5,5.5,-0.160,1.195
93.5,6.0,-0.930,1.204
93.5,6.5,1.507,1.213
93.5,7.0,0.737,1.222
93.5,7.5,-0.032,1.230
93.5,8.0,-0.737,1.239
93.5,8.5,-1.507,1.248
93.5,9.0,0.866,1.257
93.5,9.5,0.096,1.265
93.5,10.1,-0.609,1.274
93.5,10.6,-1.378,1.282
93.5,11.1,0.994,1.291
93.5,11.6,0.289,1.299
93.5,12.1,-0.481,1.308
93.5,12.6,-1.250,1.316
93.5,13.1,1.122,1.324
93.5,13.6,0.417,1.333
93.5,14.1,-0.353,1.341
93.5,14.6,-1.122,1.349
93.5,15.1,1.314,1.357
93.5,15.6,0.545,1.366
93.5,16.1,-0.224,1.374
93.5,16.6,-0.994,1.382
93.5,17.1,1.443,1.390
93.5,17.6,0.673,1.398
93.5,18.1,-0.096,1.406
93.5,18.6,-0.866,1.414
93.5,19.1,1.571,1.422
93.5,19.6,0.801,1.430
93.5,20.1,0.032,1.438
93.5,20.6,-0.737,1.445
93.5,21.1,-1.443,1.453
93.5,21.6,0.930,1.461
93.5,22.1,0.160,1.468
93.5,22.6,-0.609,1.476
93.5,23.1,-1.378,1.483
93.5,23.6,1.058,1.491
93.5,24.1,0.289,1.498
93.5,24.6,-0.481,1.506
93.5,25.1,-1.250,1.513
93.5,25.6,1.122,1.520
93.5,26.1,0.417,1.528
93.5,26.6,-0.353,1.535
93.5,27.1,-1.122,1.542
93.5,27.6,1.250,1.549
93.5,28.1,0.545,1.556
93.5,28.6,-0.224,1.563
93.5,29.1,-0.994,1.570
93.5,29.6,1.378,1.577
93.5,30.2,0.609,1.584
93.5,30.7,-0.160,1.590
93.5,31.2,-0.866,1.597
93.5,31.7,1.507,1.604
93.5,32.2,0.737,1.611
93.5,32.7,-0.032,1.618
93.5,33.2,-0.801,1.624
93.5,33.7,-1.507,1.630
93.5,34.2,0.866,1.637
93.5,34.7,0.096,1.644
93.5,35.2,-0.673,1.650
93.5,35.7,-1.443,1.656
93.5,36.2,0.930,1.662
93.5,36.7,0.160,1.668
93.5,37.2,-0.545,1.675
93.5,37.7,-1.314,1.681
93.5,38.2,1.058,1.687
93.5,38.7,0.289,1.693
93.5,39.2,-0.481,1.699
93.5,39.7,-1.250,1.705
93.5,40.2,1.122,1.710
93.5,40.7,0.417,1.716
93.5,41.2,-0.353,1.722
93.5,41.7,-1.122,1.728
93.5,42.2,1.250,1.734
93.5,42.7,0.481,1.739
93.5,43.2,-0.289,1.745
93.5,43.7,-1.058,1.750
93.5,44.2,1.314,1.755
93.5,44.7,0.609,1.761
93.5,45.2,-0.160,1.766
93.5,45.7,-0.930,1.772
93.5,46.2,1.443,1.777
93.5,46.7,0.673,1.782
93.5,47.2,-0.096,1.787
93.5,47.7,-0.866,1.792
93.5,48.2,1.507,1.797
93.5,48.7,0.737,1.802
93.5,49.2,-0.032,1.806
93.5,49.7,-0.737,1.811
93.5,50.3,-1.507,1.816
93.5,50.8,0.866,1.821
93.5,51.3,0.096,1.826
93.5,51.8,-0.673,1.830
93.5,52.3,-1.443,1.835
93.5,52.8,0.930,1.839
93.5,53.3,0.160,1.844
93.5,53.8,-0.609,1.848
93.5,54.3,-1.378,1.852
93.5,54.8,0.994,1.856
93.5,55.3,0.224,1.860
93.5,55.8,-0.545,1.864
93.5,56.3,-1.314,1.868
93.5,56.8,1.058,1.872
93.5,57.3,0.353,1.876
93.5,57.8,-0.417,1.880
93.5,58.3,-1.186,1.884
93.5,58.8,1.186,1.888
93.5,59.3,0.417,1.892
93.5,59.8,-0.353,1.895
93.5,60.3,-1.122,1.899
93.5,60.8,1.250,1.903
93.5,61.3,0.481,1.906
93.5,61.8,-0.289,1.909
93.5,62.3,-1.058,1.913
93.5,62.8,1.314,1.916
93.5,63.3,0.545,1.919
93.5,63.8,-0.224,1.923
93.5,64.3,-0.994,1.926
93.5,64.8,1.378,1.929
93.5,65.3,0.609,1.932
93.5,65.8,-0.160,1.935
93.5,66.3,-0.930,1.937
93.5,66.8,1.443,1.940
93.5,67.3,0.673,1.943
93.5,67.8,-0.096,1.946
93.5,68.3,-0.866,1.948
93.5,68.8,1.507,1.951
93.5,69.3,0.737,1.953
93.5,69.8,-0.032,1.955
93.5,70.4,-0.801,1.958
93.5,70.9,1.571,1.960
93.5,71.4,0.801,1.962
93.5,71.9,0.032,1.964
93.5,72.4,-0.737,1.966
93.5,72.9,-1.507,1.968
93.5,73.4,0.866,1.970
93.5,73.9,0.096,1.972
93.5,74.4,-0.673,1.973
93.5,74.9,-1.507,1.975
93.5,75.4,0.866,1.977
93.5,75.9,0.096,1.979
93.5,76.4,-0.673,1.981
93.5,76.9,-1.443,1.982
93.5,77.4,0.930,1.984
93.5,77.9,0.160,1.985
93.5,78.4,-0.609,1.987
93.5,78.9,-1.378,1.988
93.5,79.4,0.994,1.989
93.5,79.9,0.224,1.990
93.5,80.4,-0.545,1.991
93.5,80.9,-1.314,1.992
93.5,81.4,1.058,1.993
93.5,81.9,0.289,1.994
93.5,82.4,-0.545,1.994
93.5,82.9,-1.314,1.995
93.5,83.4,1.058,1.996
93.5,83.9,0.289,1.997
93.5,84.4,-0.481,1.998
93.5,84.9,-1.250,1.998
93.5,85.4,1.122,1.999
93.5,85.9,0.353,1.999
93.5,86.4,-0.417,1.999
93.5,86.9,-1.186,1.999
93.5,87.4,1.122,1.999
93.5,87.9,0.353,2.000
93.5,88.4,-0.417,2.000
93.5,88.9,-1.186,2.000
93.5,89.4,1.186,2.000
93.5,89.9,0.417,2.000
93.5,90.5,-0.353,1.999
93.5,91.0,-1.122,1.998
93.5,91.5,1.186,1.998
93.5,92.0,0.417,1.998
93.5,92.5,-0.353,1.998
93.5,93.0,-1.122,1.997
93.5,93.5,1.250,1.997
93.5,94.0,0.481,1.996
93.5,94.5,-0.289,1.995
93.5,95.0,-1.122,1.994
93.5,95.5,1.250,1.993
93.5,96.0,0.481,1.993
93.5,96.5,-0.289,1.992
93.5,97.0,-1.058,1.991
93.5,97.5,1.314,1.989
93.5,98.0,0.481,1.988
93.5,98.5,-0.289,1.987
93.5,99.0,-1.058,1.986
93.5,99.5,1.314,1.984
93.5,100.0,0.545,1.983
94.0,0.0,-0.289,1.075
94.0,0.5,-1.058,1.085
94.0,1.0,1.314,1.094
94.0,1.5,0.609,1.103
94.0,2.0,-0.160,1.113
94.0,2.5,-0.930,1.122
94.0,3.0,1.507,1.131
94.0,3.5,0.737,1.140
94.0,4.0,-0.032,1.149
94.0,4.5,-0.737,1.158
94.0,5.0,-1.507,1.167
94.0,5.5,0.866,1.176
94.0,6.0,0.160,1.185
94.0,6.5,-0.609,1.194
94.0,7.0,-1.378,1.203
94.0,7.5,1.058,1.212
94.0,8.0,0.289,1.221
94.0,8.5,-0.481,1.230
94.0,9.0,-1.250,1.238
94.0,9.5,1.186,1.247
94.0,10.1,0.417,1.256
94.0,10.6,-0.353,1.264
94.0,11.1,-1.058,1.273
94.0,11.6,1.314,1.282
94.0,12.1,0.545,1.290
94.0,12.6,-0.224,1.298
94.0,13.1,-0.930,1.307
94.0,13.6,1.443,1.316
94.0,14.1,0.673,1.324
94.0,14.6,-0.032,1.332
94.0,15.1,-0.801,1.341
94.0,15.6,-1.571,1.349
94.0,16.1,0.801,1.357
94.0,16.6,0.096,1.365
94.0,17.1,-0.673,1.374
94.0,17.6,-1.443,1.382
94.0,18.1,0.930,1.389
94.0,18.6,0.224,1.397
94.0,19.1,-0.545,1.406
94.0,19.6,-1.314,1.414
94.0,20.1,1.058,1.421
94.0,20.6,0.353,1.429
94.0,21.1,-0.417,1.437
94.0,21.6,-1.186,1.445
94.0,22.1,1.186,1.452
94.0,22.6,0.481,1.460
94.0,23.1,-0.289,1.468
94.0,23.6,-1.058,1.476
94.0,24.1,1.314,1.483
94.0,24.6,0.545,1.490
94.0,25.1,-0.160,1.498
94.0,25.6,-0.930,1.505
94.0,26.1,1.443,1.513
94.0,26.6,0.673,1.520
94.0,27.1,-0.032,1.527
94.0,27.6,-0.801,1.534
94.0,28.1,1.571,1.542
94.0,28.6,0.801,1.549
94.0,29.1,0.032,1.555
94.0,29.6,-0.673,1.562
94.0,30.2,-1.443,1.570
94.0,30.7,0.930,1.577
94.0,31.2,0.160,1.584
94.0,31.7,-0.609,1.590
94.0,32.2,-1.378,1.597
94.0,32.7,1.058,1.604
94.0,33.2,0.289,1.611
94.0,33.7,-0.481,1.617
94.0,34.2,-1.250,1.624
94.0,34.7,1.122,1.630
94.0,35.2,0.417,1.636
94.0,35.7,-0.353,1.643
94.0,36.2,-1.122,1.650
94.0,36.7,1.250,1.656
94.0,37.2,0.481,1.662
94.0,37.7,-0.289,1.668
94.0,38.2,-1.058,1.674
94.0,38.7,1.378,1.680
94.0,39.2,0.609,1.687
94.0,39.7,-0.160,1.693
94.0,40.2,-0.930,1.699
94.0,40.7,1.443,1.705
94.0,41.2,0.673,1.710
94.0,41.7,-0.096,1.716
94.0,42.2,-0.801,1.722
94.0,42.7,1.571,1.728
94.0,43.2,0.801,1.733
94.0,43.7,0.032,1.739
94.0,44.2,-0.737,1.745
94.0,44.7,-1.507,1.750
94.0,45.2,0.866,1.755
94.0,45.7,0.096,1.760
94.0,46.2,-0.609,1.765
94.0,46.7,-1.378,1.771
94.0,47.2,0.994,1.776
94.0,47.7,0.224,1.782
94.0,48.2,-0.545,1.787
94.0,48.7,-1.314,1.792
94.0,49.2,1.058,1.797
94.0,49.7,0.289,1.802
94.0,50.3,-0.481,1.806
94.0,50.8,-1.250,1.811
94.0,51.3,1.122,1.815
94.0,51.8,0.417,1.820
94.0,52.3,-0.353,1.825
94.0,52.8,-1.122,1.830
94.0,53.3,1.250,1.834
94.0,53.8,0.481,1.839
94.0,54.3,-0.289,1.844
94.0,54.8,-1.058,1.848
94.0,55.3,1.314,1.852
94.0,55.8,0.545,1.856
94.0,56.3,-0.224,1.861
94.0,56.8,-0.994,1.865
94.0,57.3,1.378,1.869
94.0,57.8,0.609,1.872
94.0,58.3,-0.160,1.876
94.0,58.8,-0.930,1.880
94.0,59.3,1.443,1.884
94.0,59.8,0.673,1.887
94.0,60.3,-0.032,1.891
94.0,60.8,-0.801,1.895
94.0,61.3,1.571,1.898
94.0,61.8,0.801,1.902
94.0,62.3,0.032,1.906
94.0,62.8,-0.737,1.909
94.0,63.3,-1.507,1.912
94.0,63.8,0.866,1.916
94.0,64.3,0.096,1.919
94.0,64.8,-0.673,1.922
94.0,65.3,-1.443,1.925
94.0,65.8,0.930,1.928
94.0,66.3,0.160,1.931
94.0,66.8,-0.609,1.934
94.0,67.3,-1.378,1.937
94.0,67.8,0.994,1.940
94.0,68.3,0.224,1.942
94.0,68.8,-0.545,1.945
94.0,69.3,-1.314,1.948
94.0,69.8,1.058,1.950
94.0,70.4,0.289,1.953
94.0,70.9,-0.481,1.955
94.0,71.4,-1.250,1.957
94.0,71.9,1.122,1.959
94.0,72.4,0.353,1.962
94.0,72.9,-0.417,1.964
94.0,73.4,-1.186,1.966
94.0,73.9,1.122,1.968
94.0,74.4,0.353,1.970
94.0,74.9,-0.417,1.972
94.0,75.4,-1.186,1.974
94.0,75.9,1.186,1.976
94.0,76.4,0.417,1.978
94.0,76.9,-0.353,1.979
94.0,77.4,-1.122,1.981
94.0,77.9,1.250,1.983
94.0,78.4,0.481,1.984
94.0,78.9,-0.289,1.985
94.0,79.4,-1.058,1.987
94.0,79.9,1.314,1.988
94.0,80.4,0.545,1.989
94.0,80.9,-0.224,1.990
94.0,81.4,-0.994,1.991
94.0,81.9,1.378,1.992
94.0,82.4,0.545,1.993
94.0,82.9,-0.224,1.994
94.0,83.4,-0.994,1.995
94.0,83.9,1.378,1.996
94.0,84.4,0.609,1.997
94.0,84.9,-0.160,1.997
94.0,85.4,-0.930,1.998
94.0,85.9,1.443,1.998
94.0,86.4,0.673,1.998
94.0,86.9,-0.096,1.999
94.0,87.4,-0.866,1.998
94.0,87.9,1.443,1.999
94.0,88.4,0.673,2.000
94.0,88.9,-0.096,2.000
94.0,89.4,-0.866,2.000
94.0,89.9,1.507,2.000
94.0,90.5,0.737,2.000
94.0,91.0,-0.032,1.999
94.0,91.5,-0.801,1.999
94.0,92.0,1.507,1.998
94.0,92.5,0.737,1.999
94.0,93.0,-0.032,1.998
94.0,93.5,-0.801,1.998
94.0,94.0,1.571,1.997
94.0,94.5,0.801,1.997
94.0,95.0,0.032,1.995
94.0,95.5,-0.801,1.995
94.0,96.0,-1.571,1.994
94.0,96.5,0.801,1.994
94.0,97.0,0.032,1.993
94.0,97.5,-0.737,1.992
94.0,98.0,-1.507,1.990
94.0,98.5,0.801,1.989
94.0,99.0,0.032,1.988
94.0,99.5,-0.737,1.987
94.0,100.0,-1.507,1.986
94.5,0.0,0.737,1.056
94.5,0.5,-0.032,1.065
94.5,1.0,-0.801,1.074
94.5,1.5,-1.507,1.084
94.5,2.0,0.866,1.093
94.5,2.5,0.096,1.102
94.5,3.0,-0.609,1.112
94.5,3.5,-1.378,1.121
94.5,4.0,0.994,1.130
94.5,4.5,0.289,1.139
94.5,5.0,-0.481,1.149
94.5,5.5,-1.250,1.157
94.5,6.0,1.186,1.167
94.5,6.5,0.417,1.176
94.5,7.0,-0.353,1.184
94.5,7.5,-1.058,1.193
94.5,8.0,1.314,1.203
94.5,8.5,0.545,1.211
94.5,9.0,-0.160,1.220
94.5,9.5,-0.930,1.229
94.5,10.1,1.443,1.238
94.5,10.6,0.737,1.246
94.5,11.1,-0.032,1.255
94.5,11.6,-0.801,1.264
94.5,12.1,-1.571,1.272
94.5,12.6,0.866,1.281
94.5,13.1,0.096,1.290
94.5,13.6,-0.673,1.298
94.5,14.1,-1.378,1.306
94.5,14.6,0.994,1.315
94.5,15.1,0.224,1.324
94.5,15.6,-0.545,1.331
94.5,16.1,-1.250,1.340
94.5,16.6,1.122,1.348
94.5,17.1,0.353,1.357
94.5,17.6,-0.417,1.364
94.5,18.1,-1.122,1.373
94.5,18.6,1.250,1.381
94.5,19.1,0.481,1.389
94.5,19.6,-0.289,1.397
94.5,20.1,-0.994,1.405
94.5,20.6,1.378,1.413
94.5,21.1,0.609,1.421
94.5,21.6,-0.160,1.428
94.5,22.1,-0.866,1.436
94.5,22.6,1.507,1.444
94.5,23.1,0.737,1.452
94.5,23.6,-0.032,1.459
94.5,24.1,-0.737,1.467
94.5,24.6,-1.507,1.475
94.5,25.1,0.866,1.483
94.5,25.6,0.096,1.490
94.5,26.1,-0.609,1.497
94.5,26.6,-1.378,1.505
94.5,27.1,0.994,1.512
94.5,27.6,0.224,1.519
94.5,28.1,-0.545,1.526
94.5,28.6,-1.250,1.533
94.5,29.1,1.122,1.541
94.5,29.6,0.353,1.548
94.5,30.2,-0.417,1.555
94.5,30.7,-1.186,1.562
94.5,31.2,1.250,1.569
94.5,31.7,0.481,1.576
94.5,32.2,-0.289,1.583
94.5,32.7,-1.058,1.590
94.5,33.2,1.314,1.597
94.5,33.7,0.545,1.603
94.5,34.2,-0.160,1.610
94.5,34.7,-0.930,1.617
94.5,35.2,1.443,1.623
94.5,35.7,0.673,1.630
94.5,36.2,-0.096,1.636
94.5,36.7,-0.801,1.642
94.5,37.2,1.571,1.649
94.5,37.7,0.801,1.656
94.5,38.2,0.032,1.662
94.5,38.7,-0.737,1.668
94.5,39.2,-1.507,1.674
94.5,39.7,0.866,1.680
94.5,40.2,0.160,1.686
94.5,40.7,-0.609,1.692
94.5,41.2,-1.378,1.698
94.5,41.7,0.994,1.704
94.5,42.2,0.224,1.710
94.5,42.7,-0.545,1.716
94.5,43.2,-1.314,1.721
94.5,43.7,1.122,1.727
94.5,44.2,0.353,1.733
94.5,44.7,-0.417,1.739
94.5,45.2,-1.186,1.744
94.5,45.7,1.186,1.750
94.5,46.2,0.417,1.755
94.5,46.7,-0.353,1.760
94.5,47.2,-1.122,1.765
94.5,47.7,1.250,1.770
94.5,48.2,0.545,1.776
94.5,48.7,-0.224,1.781
94.5,49.2,-0.994,1.786
94.5,49.7,1.378,1.792
94.5,50.3,0.609,1.797
94.5,50.8,-0.160,1.802
94.5,51.3,-0.930,1.806
94.5,51.8,1.443,1.811
94.5,52.3,0.673,1.816
94.5,52.8,-0.096,1.820
94.5,53.3,-0.866,1.825
94.5,53.8,1.571,1.829
94.5,54.3,0.801,1.834
94.5,54.8,0.032,1.839
94.5,55.3,-0.737,1.843
94.5,55.8,-1.507,1.848
94.5,56.3,0.866,1.852
94.5,56.8,0.096,1.856
94.5,57.3,-0.673,1.860
94.5,57.8,-1.443,1.864
94.5,58.3,0.930,1.869
94.5,58.8,0.160,1.872
94.5,59.3,-0.609,1.876
94.5,59.8,-1.378,1.880
94.5,60.3,0.994,1.884
94.5,60.8,0.224,1.888
94.5,61.3,-0.545,1.891
94.5,61.8,-1.314,1.895
94.5,62.3,1.058,1.898
94.5,62.8,0.289,1.902
94.5,63.3,-0.481,1.905
94.5,63.8,-1.250,1.908
94.5,64.3,1.186,1.912
94.5,64.8,0.417,1.915
94.5,65.3,-0.353,1.918
94.5,65.8,-1.122,1.922
94.5,66.3,1.250,1.925
94.5,66.8,0.481,1.928
94.5,67.3,-0.289,1.931
94.5,67.8,-1.058,1.934
94.5,68.3,1.314,1.936
94.5,68.8,0.545,1.939
94.5,69.3,-0.224,1.942
94.5,69.8,-0.994,1.945
94.5,70.4,1.378,1.947
94.5,70.9,0.609,1.950
94.5,71.4,-0.160,1.952
94.5,71.9,-0.994,1.954
94.5,72.4,1.378,1.957
94.5,72.9,0.609,1.959
94.5,73.4,-0.160,1.962
94.5,73.9,-0.930,1.964
94.5,74.4,1.443,1.966
94.5,74.9,0.673,1.968
94.5,75.4,-0.096,1.970
94.5,75.9,-0.866,1.972
94.5,76.4,1.507,1.974
94.5,76.9,0.737,1.976
94.5,77.4,-0.032,1.978
94.5,77.9,-0.801,1.979
94.5,78.4,-1.571,1.981
94.5,78.9,0.801,1.983
94.5,79.4,0.032,1.984
94.5,79.9,-0.737,1.985
94.5,80.4,-1.507,1.987
94.5,80.9,0.866,1.988
94.5,81.4,0.096,1.989
94.5,81.9,-0.673,1.990
94.5,82.4,-1.507,1.991
94.5,82.9,0.866,1.992
94.5,83.4,0.096,1.993
94.5,83.9,-0.673,1.994
94.5,84.4,-1.443,1.995
94.5,84.9,0.930,1.996
94.5,85.4,0.160,1.997
94.5,85.9,-0.609,1.997
94.5,86.4,-1.378,1.998
94.5,86.9,0.994,1.998
94.5,87.4,0.224,1.998
94.5,87.9,-0.609,1.998
94.5,88.4,-1.378,1.999
94.5,88.9,0.994,1.999
94.5,89.4,0.224,2.000
94.5,89.9,-0.545,2.000
94.5,90.5,-1.314,2.000
94.5,91.0,1.058,2.000
94.5,91.5,0.289,1.999
94.5,92.0,-0.481,1.999
94.5,92.5,-1.314,1.999
94.5,93.0,1.058,1.999
94.5,93.5,0.289,1.999
94.5,94.0,-0.481,1.998
94.5,94.5,-1.250,1.998
94.5,95.0,1.122,1.997
94.5,95.5,0.353,1.996
94.5,96.0,-0.481,1.995
94.5,96.5,-1.250,1.995
94.5,97.0,1.122,1.995
94.5,97.5,0.353,1.994
94.5,98.0,-0.417,1.993
94.5,98.5,-1.186,1.991
94.5,99.0,1.122,1.990
94.5,99.5,0.353,1.989
94.5,100.0,-0.417,1.988
95.0,0.0,-1.378,1.036
95.0,0.5,0.994,1.045
95.0,1.0,0.289,1.055
95.0,1.5,-0.481,1.064
95.0,2.0,-1.250,1.074
95.0,2.5,1.186,1.083
95.0,3.0,0.417,1.093
95.0,3.5,-0.353,1.102
95.0,4.0,-1.058,1.111
95.0,4.5,1.314,1.120
95.0,5.0,0.545,1.129
95.0,5.5,-0.160,1.138
95.0,6.0,-0.930,1.148
95.0,6.5,1.443,1.157
95.0,7.0,0.737,1.166
95.0,7.5,-0.032,1.175
95.0,8.0,-0.801,1.184
95.0,8.5,-1.507,1.192
95.0,9.0,0.866,1.202
95.0,9.5,0.096,1.211
95.0,10.1,-0.673,1.219
95.0,10.6,-1.378,1.228
95.0,11.1,0.994,1.237
95.0,11.6,0.224,1.246
95.0,12.1,-0.481,1.254
95.0,12.6,-1.250,1.263
95.0,13.1,1.122,1.272
95.0,13.6,0.417,1.280
95.0,14.1,-0.353,1.289
95.0,14.6,-1.122,1.298
95.0,15.1,1.250,1.306
95.0,15.6,0.545,1.314
95.0,16.1,-0.224,1.323
95.0,16.6,-0.994,1.331
95.0,17.1,1.378,1.339
95.0,17.6,0.673,1.348
95.0,18.1,-0.096,1.356
95.0,18.6,-0.866,1.364
95.0,19.1,1.571,1.372
95.0,19.6,0.801,1.380
95.0,20.1,0.032,1.389
95.0,20.6,-0.737,1.396
95.0,21.1,-1.443,1.404
95.0,21.6,0.930,1.412
95.0,22.1,0.160,1.420
95.0,22.6,-0.609,1.428
95.0,23.1,-1.314,1.435
95.0,23.6,1.058,1.444
95.0,24.1,0.289,1.452
95.0,24.6,-0.481,1.459
95.0,25.1,-1.250,1.466
95.0,25.6,1.186,1.474
95.0,26.1,0.417,1.482
95.0,26.6,-0.353,1.490
95.0,27.1,-1.122,1.497
95.0,27.6,1.314,1.504
95.0,28.1,0.545,1.512
95.0,28.6,-0.224,1.519
95.0,29.1,-0.994,1.526
95.0,29.6,1.378,1.533
95.0,30.2,0.673,1.540
95.0,30.7,-0.096,1.548
95.0,31.2,-0.866,1.555
95.0,31.7,1.507,1.562
95.0,32.2,0.737,1.568
95.0,32.7,0.032,1.575
95.0,33.2,-0.737,1.583
95.0,33.7,-1.507,1.590
95.0,34.2,0.866,1.596
95.0,34.7,0.096,1.603
95.0,35.2,-0.673,1.609
95.0,35.7,-1.378,1.616
95.0,36.2,0.994,1.623
95.0,36.7,0.224,1.630
95.0,37.2,-0.545,1.636
95.0,37.7,-1.314,1.642
95.0,38.2,1.122,1.648
95.0,38.7,0.353,1.655
95.0,39.2,-0.417,1.661
95.0,39.7,-1.186,1.668
95.0,40.2,1.186,1.674
95.0,40.7,0.417,1.680
95.0,41.2,-0.353,1.685
95.0,41.7,-1.058,1.691
95.0,42.2,1.314,1.698
95.0,42.7,0.545,1.704
95.0,43.2,-0.224,1.710
95.0,43.7,-0.994,1.716
95.0,44.2,1.378,1.721
95.0,44.7,0.609,1.727
95.0,45.2,-0.160,1.732
95.0,45.7,-0.866,1.738
95.0,46.2,1.507,1.744
95.0,46.7,0.737,1.749
95.0,47.2,-0.032,1.755
95.0,47.7,-0.801,1.760
95.0,48.2,-1.571,1.765
95.0,48.7,0.801,1.771
95.0,49.2,0.032,1.775
95.0,49.7,-0.673,1.780
95.0,50.3,-1.443,1.786
95.0,50.8,0.930,1.791
95.0,51.3,0.160,1.796
95.0,51.8,-0.609,1.801
95.0,52.3,-1.378,1.806
95.0,52.8,0.994,1.811
95.0,53.3,0.224,1.816
95.0,53.8,-0.545,1.820
95.0,54.3,-1.314,1.825
95.0,54.8,1.058,1.829
95.0,55.3,0.289,1.833
95.0,55.8,-0.417,1.838
95.0,56.3,-1.186,1.842
95.0,56.8,1.186,1.847
95.0,57.3,0.417,1.851
95.0,57.8,-0.353,1.856
95.0,58.3,-1.122,1.860
95.0,58.8,1.250,1.864
95.0,59.3,0.481,1.868
95.0,59.8,-0.289,1.872
95.0,60.3,-1.058,1.876
95.0,60.8,1.314,1.880
95.0,61.3,0.545,1.884
95.0,61.8,-0.224,1.888
95.0,62.3,-0.994,1.891
95.0,62.8,1.378,1.895
95.0,63.3,0.609,1.898
95.0,63.8,-0.160,1.902
95.0,64.3,-0.930,1.905
95.0,64.8,1.443,1.909
95.0,65.3,0.673,1.912
95.0,65.8,-0.096,1.915
95.0,66.3,-0.866,1.918
95.0,66.8,1.507,1.921
95.0,67.3,0.737,1.925
95.0,67.8,-0.032,1.928
95.0,68.3,-0.801,1.931
95.0,68.8,-1.571,1.933
95.0,69.3,0.801,1.936
95.0,69.8,0.032,1.939
95.0,70.4,-0.737,1.942
95.0,70.9,-1.507,1.945
95.0,71.4,0.866,1.947
95.0,71.9,0.096,1.950
95.0,72.4,-0.673,1.952
95.0,72.9,-1.443,1.955
95.0,73.4,0.930,1.957
95.0,73.9,0.160,1.960
95.0,74.4,-0.609,1.962
95.0,74.9,-1.378,1.964
95.0,75.4,0.994,1.966
95.0,75.9,0.224,1.968
95.0,76.4,-0.545,1.970
95.0,76.9,-1.314,1.972
95.0,77.4,1.058,1.974
95.0,77.9,0.289,1.976
95.0,78.4,-0.481,1.978
95.0,78.9,-1.250,1.979
95.0,79.4,1.122,1.981
95.0,79.9,0.353,1.982
95.0,80.4,-0.417,1.984
95.0,80.9,-1.186,1.985
95.0,81.4,1.186,1.986
95.0,81.9,0.417,1.987
95.0,82.4,-0.417,1.988
95.0,82.9,-1.186,1.990
95.0,83.4,1.186,1.991
95.0,83.9,0.417,1.992
95.0,84.4,-0.353,1.993
95.0,84.9,-1.122,1.994
95.0,85.4,1.250,1.995
95.0,85.9,0.481,1.996
95.0,86.4,-0.289,1.996
95.0,86.9,-1.058,1.997
95.0,87.4,1.314,1.997
95.0,87.9,0.545,1.997
95.0,88.4,-0.289,1.998
95.0,88.9,-1.058,1.999
95.0,89.4,1.314,1.999
95.0,89.9,0.545,2.000
95.0,90.5,-0.224,2.000
95.0,91.0,-0.994,2.000
95.0,91.5,1.378,2.000
95.0,92.0,0.609,1.999
95.0,92.5,-0.160,1.999
95.0,93.0,-0.994,1.999
95.0,93.5,1.378,1.999
95.0,94.0,0.609,1.999
95.0,94.5,-0.160,1.999
95.0,95.0,-0.930,1.998
95.0,95.5,1.443,1.998
95.0,96.0,0.673,1.997
95.0,96.5,-0.160,1.996
95.0,97.0,-0.930,1.996
95.0,97.5,1.443,1.995
95.0,98.0,0.673,1.995
95.0,98.5,-0.096,1.994
95.0,99.0,-0.866,1.992
95.0,99.5,1.507,1.991
95.0,100.0,0.673,1.990
95.5,0.0,-0.353,1.016
95.5,0.5,-1.122,1.026
95.5,1.0,1.314,1.035
95.5,1.5,0.545,1.045
95.5,2.0,-0.224,1.054
95.5,2.5,-0.930,1.064
95.5,3.0,1.443,1.073
95.5,3.5,0.673,1.082
95.5,4.0,-0.032,1.092
95.5,4.5,-0.801,1.101
95.5,5.0,-1.571,1.110
95.5,5.5,0.866,1.119
95.5,6.0,0.096,1.129
95.5,6.5,-0.673,1.138
95.5,7.0,-1.378,1.147
95.5,7.5,0.994,1.156
95.5,8.0,0.224,1.165
95.5,8.5,-0.481,1.174
95.5,9.0,-1.250,1.183
95.5,9.5,1.122,1.192
95.5,10.1,0.417,1.201
95.5,10.6,-0.353,1.210
95.5,11.1,-1.122,1.219
95.5,11.6,1.314,1.227
95.5,12.1,0.545,1.237
95.5,12.6,-0.224,1.245
95.5,13.1,-0.994,1.253
95.5,13.6,1.443,1.263
95.5,14.1,0.673,1.271
95.5,14.6,-0.096,1.280
95.5,15.1,-0.801,1.288
95.5,15.6,1.571,1.297
95.5,16.1,0.801,1.305
95.5,16.6,0.032,1.313
95.5,17.1,-0.673,1.322
95.5,17.6,-1.443,1.331
95.5,18.1,0.930,1.339
95.5,18.6,0.224,1.347
95.5,19.1,-0.545,1.355
95.5,19.6,-1.314,1.364
95.5,20.1,1.058,1.372
95.5,20.6,0.353,1.380
95.5,21.1,-0.417,1.388
95.5,21.6,-1.186,1.396
95.5,22.1,1.186,1.404
95.5,22.6,0.481,1.412
95.5,23.1,-0.289,1.420
95.5,23.6,-1.058,1.428
95.5,24.1,1.314,1.435
95.5,24.6,0.609,1.443
95.5,25.1,-0.160,1.451
95.5,25.6,-0.930,1.459
95.5,26.1,1.443,1.466
95.5,26.6,0.737,1.473
95.5,27.1,-0.032,1.481
95.5,27.6,-0.801,1.489
95.5,28.1,-1.571,1.496
95.5,28.6,0.801,1.503
95.5,29.1,0.096,1.511
95.5,29.6,-0.673,1.519
95.5,30.2,-1.443,1.526
95.5,30.7,0.930,1.533
95.5,31.2,0.160,1.540
95.5,31.7,-0.545,1.547
95.5,32.2,-1.314,1.554
95.5,32.7,1.058,1.562
95.5,33.2,0.289,1.568
95.5,33.7,-0.481,1.575
95.5,34.2,-1.186,1.582
95.5,34.7,1.186,1.589
95.5,35.2,0.417,1.596
95.5,35.7,-0.353,1.603
95.5,36.2,-1.122,1.609
95.5,36.7,1.314,1.615
95.5,37.2,0.545,1.622
95.5,37.7,-0.224,1.629
95.5,38.2,-0.994,1.636
95.5,38.7,1.378,1.642
95.5,39.2,0.609,1.648
95.5,39.7,-0.096,1.654
95.5,40.2,-0.866,1.661
95.5,40.7,1.507,1.667
95.5,41.2,0.737,1.674
95.5,41.7,-0.032,1.680
95.5,42.2,-0.801,1.686
95.5,42.7,-1.571,1.691
95.5,43.2,0.866,1.697
95.5,43.7,0.096,1.703
95.5,44.2,-0.673,1.709
95.5,44.7,-1.443,1.715
95.5,45.2,0.930,1.721
95.5,45.7,0.160,1.727
95.5,46.2,-0.609,1.732
95.5,46.7,-1.378,1.737
95.5,47.2,1.058,1.743
95.5,47.7,0.289,1.749
95.5,48.2,-0.481,1.754
95.5,48.7,-1.250,1.760
95.5,49.2,1.122,1.765
95.5,49.7,0.353,1.770
95.5,50.3,-0.417,1.776
95.5,50.8,-1.186,1.780
95.5,51.3,1.186,1.785
95.5,51.8,0.481,1.790
95.5,52.3,-0.289,1.796
95.5,52.8,-1.058,1.801
95.5,53.3,1.314,1.806
95.5,53.8,0.545,1.811
95.5,54.3,-0.224,1.815
95.5,54.8,-0.994,1.820
95.5,55.3,1.378,1.825
95.5,55.8,0.609,1.829
95.5,56.3,-0.160,1.834
95.5,56.8,-0.930,1.838
95.5,57.3,1.443,1.842
95.5,57.8,0.673,1.846
95.5,58.3,-0.032,1.851
95.5,58.8,-0.801,1.855
95.5,59.3,1.571,1.860
95.5,59.8,0.801,1.864
95.5,60.3,0.032,1.868
95.5,60.8,-0.737,1.872
95.5,61.3,-1.507,1.876
95.5,61.8,0.866,1.880
95.5,62.3,0.096,1.884
95.5,62.8,-0.673,1.888
95.5,63.3,-1.443,1.891
95.5,63.8,0.930,1.895
95.5,64.3,0.160,1.898
95.5,64.8,-0.609,1.902
95.5,65.3,-1.378,1.905
95.5,65.8,0.994,1.909
95.5,66.3,0.224,1.912
95.5,66.8,-0.545,1.915
95.5,67.3,-1.314,1.919
95.5,67.8,1.058,1.922
95.5,68.3,0.289,1.925
95.5,68.8,-0.481,1.928
95.5,69.3,-1.250,1.931
95.5,69.8,1.122,1.934
95.5,70.4,0.353,1.937
95.5,70.9,-0.417,1.939
95.5,71.4,-1.186,1.942
95.5,71.9,1.186,1.945
95.5,72.4,0.417,1.947
95.5,72.9,-0.353,1.950
95.5,73.4,-1.122,1.953
95.5,73.9,1.250,1.955
95.5,74.4,0.481,1.957
95.5,74.9,-0.289,1.960
95.5,75.4,-1.058,1.962
95.5,75.9,1.314,1.964
95.5,76.4,0.545,1.966
95.5,76.9,-0.224,1.968
95.5,77.4,-0.994,1.970
95.5,77.9,1.378,1.972
95.5,78.4,0.609,1.974
95.5,78.9,-0.160,1.976
95.5,79.4,-0.930,1.977
95.5,79.9,1.443,1.979
95.5,80.4,0.673,1.981
95.5,80.9,-0.096,1.982
95.5,81.4,-0.866,1.983
95.5,81.9,1.507,1.984
95.5,82.4,0.673,1.986
95.5,82.9,-0.096,1.987
95.5,83.4,-0.866,1.989
95.5,83.9,1.507,1.990
95.5,84.4,0.737,1.991
95.5,84.9,-0.032,1.992
95.5,85.4,-0.801,1.993
95.5,85.9,1.571,1.994
95.5,86.4,0.801,1.995
95.5,86.9,0.032,1.996
95.5,87.4,-0.737,1.996
95.5,87.9,-1.507,1.996
95.5,88.4,0.801,1.997
95.5,88.9,0.032,1.998
95.5,89.4,-0.737,1.998
95.5,89.9,-1.507,1.999
95.5,90.5,0.866,1.999
95.5,91.0,0.096,2.000
95.5,91.5,-0.673,2.000
95.5,92.0,-1.443,2.000
95.5,92.5,0.930,1.999
95.5,93.0,0.096,1.999
95.5,93.5,-0.673,1.999
95.5,94.0,-1.443,2.000
95.5,94.5,0.930,2.000
95.5,95.0,0.160,1.999
95.5,95.5,-0.609,1.999
95.5,96.0,-1.378,1.998
95.5,96.5,0.994,1.997
95.5,97.0,0.160,1.997
95.5,97.5,-0.609,1.997
95.5,98.0,-1.378,1.996
95.5,98.5,0.994,1.996
95.5,99.0,0.224,1.995
95.5,99.5,-0.545,1.993
95.5,100.0,-1.314,1.992
96.0,0.0,0.673,0.996
96.0,0.5,-0.096,1.006
96.0,1.0,-0.801,1.015
96.0,1.5,-1.571,1.025
96.0,2.0,0.801,1.034
96.0,2.5,0.096,1.044
96.0,3.0,-0.673,1.053
96.0,3.5,-1.378,1.062
96.0,4.0,0.994,1.072
96.0,4.5,0.224,1.082
96.0,5.0,-0.481,1.091
96.0,5.5,-1.250,1.100
96.0,6.0,1.122,1.110
96.0,6.5,0.417,1.119
96.0,7.0,-0.353,1.128
96.0,7.5,-1.122,1.137
96.0,8.0,1.314,1.146
96.0,8.5,0.545,1.156
96.0,9.0,-0.224,1.165
96.0,9.5,-0.930,1.173
96.0,10.1,1.443,1.183
96.0,10.6,0.673,1.192
96.0,11.1,-0.096,1.200
96.0,11.6,-0.801,1.209
96.0,12.1,-1.571,1.218
96.0,12.6,0.801,1.227
96.0,13.1,0.096,1.236
96.0,13.6,-0.673,1.245
96.0,14.1,-1.443,1.253
96.0,14.6,0.994,1.262
96.0,15.1,0.224,1.271
96.0,15.6,-0.545,1.279
96.0,16.1,-1.314,1.287
96.0,16.6,1.122,1.296
96.0,17.1,0.353,1.305
96.0,17.6,-0.417,1.313
96.0,18.1,-1.122,1.321
96.0,18.6,1.250,1.330
96.0,19.1,0.481,1.338
96.0,19.6,-0.289,1.346
96.0,20.1,-0.994,1.355
96.0,20.6,1.378,1.363
96.0,21.1,0.609,1.371
96.0,21.6,-0.160,1.379
96.0,22.1,-0.866,1.387
96.0,22.6,1.507,1.396
96.0,23.1,0.737,1.403
96.0,23.6,-0.032,1.411
96.0,24.1,-0.737,1.419
96.0,24.6,-1.507,1.427
96.0,25.1,0.866,1.435
96.0,25.6,0.096,1.442
96.0,26.1,-0.609,1.450
96.0,26.6,-1.378,1.458
96.0,27.1,0.994,1.466
96.0,27.6,0.224,1.473
96.0,28.1,-0.481,1.480
96.0,28.6,-1.250,1.488
96.0,29.1,1.122,1.496
96.0,29.6,0.353,1.503
96.0,30.2,-0.417,1.510
96.0,30.7,-1.122,1.518
96.0,31.2,1.250,1.525
96.0,31.7,0.481,1.533
96.0,32.2,-0.289,1.540
96.0,32.7,-1.058,1.546
96.0,33.2,1.378,1.554
96.0,33.7,0.609,1.561
96.0,34.2,-0.160,1.568
96.0,34.7,-0.930,1.575
96.0,35.2,1.443,1.581
96.0,35.7,0.737,1.588
96.0,36.2,-0.032,1.595
96.0,36.7,-0.801,1.602
96.0,37.2,-1.571,1.609
96.0,37.7,0.801,1.615
96.0,38.2,0.096,1.621
96.0,38.7,-0.673,1.628
96.0,39.2,-1.443,1.635
96.0,39.7,0.930,1.642
96.0,40.2,0.160,1.648
96.0,40.7,-0.609,1.654
96.0,41.2,-1.378,1.660
96.0,41.7,1.058,1.667
96.0,42.2,0.289,1.673
96.0,42.7,-0.481,1.679
96.0,43.2,-1.250,1.685
96.0,43.7,1.122,1.691
96.0,44.2,0.353,1.697
96.0,44.7,-0.353,1.702
96.0,45.2,-1.122,1.709
96.0,45.7,1.250,1.715
96.0,46.2,0.481,1.721
96.0,46.7,-0.289,1.726
96.0,47.2,-1.058,1.732
96.0,47.7,1.314,1.737
96.0,48.2,0.545,1.743
96.0,48.7,-0.160,1.748
96.0,49.2,-0.930,1.754
96.0,49.7,1.443,1.759
96.0,50.3,0.673,1.765
96.0,50.8,-0.096,1.770
96.0,51.3,-0.866,1.775
96.0,51.8,1.507,1.780
96.0,52.3,0.737,1.785
96.0,52.8,-0.032,1.790
96.0,53.3,-0.801,1.795
96.0,53.8,-1.507,1.800
96.0,54.3,0.866,1.805
96.0,54.8,0.096,1.810
96.0,55.3,-0.673,1.815
96.0,55.8,-1.443,1.820
96.0,56.3,0.930,1.825
96.0,56.8,0.160,1.829
96.0,57.3,-0.609,1.834
96.0,57.8,-1.378,1.838
96.0,58.3,0.994,1.842
96.0,58.8,0.224,1.847
96.0,59.3,-0.545,1.851
96.0,59.8,-1.314,1.855
96.0,60.3,1.122,1.859
96.0,60.8,0.353,1.863
96.0,61.3,-0.417,1.867
96.0,61.8,-1.186,1.871
96.0,62.3,1.186,1.876
96.0,62.8,0.417,1.880
96.0,63.3,-0.353,1.883
96.0,63.8,-1.122,1.887
96.0,64.3,1.250,1.891
96.0,64.8,0.481,1.895
96.0,65.3,-0.289,1.898
96.0,65.8,-1.058,1.902
96.0,66.3,1.314,1.905
96.0,66.8,0.545,1.909
96.0,67.3,-0.224,1.912
96.0,67.8,-0.994,1.915
96.0,68.3,1.378,1.919
96.0,68.8,0.609,1.922
96.0,69.3,-0.160,1.925
96.0,69.8,-0.930,1.928
96.0,70.4,1.443,1.931
96.0,70.9,0.673,1.934
96.0,71.4,-0.096,1.937
96.0,71.9,-0.866,1.939
96.0,72.4,1.507,1.942
96.0,72.9,0.737,1.945
96.0,73.4,-0.032,1.948
96.0,73.9,-0.801,1.950
96.0,74.4,-1.571,1.953
96.0,74.9,0.801,1.955
96.0,75.4,0.032,1.957
96.0,75.9,-0.737,1.960
96.0,76.4,-1.507,1.962
96.0,76.9,0.866,1.964
96.0,77.4,0.096,1.966
96.0,77.9,-0.673,1.968
96.0,78.4,-1.443,1.970
96.0,78.9,0.930,1.972
96.0,79.4,0.160,1.974
96.0,79.9,-0.609,1.975
96.0,80.4,-1.378,1.977
96.0,80.9,0.994,1.979
96.0,81.4,0.224,1.980
96.0,81.9,-0.609,1.981
96.0,82.4,-1.378,1.983
96.0,82.9,0.994,1.985
96.0,83.4,0.224,1.986
96.0,83.9,-0.545,1.988
96.0,84.4,-1.314,1.989
96.0,84.9,1.058,1.990
96.0,85.4,0.289,1.991
96.0,85.9,-0.481,1.992
96.0,86.4,-1.250,1.993
96.0,86.9,1.122,1.994
96.0,87.4,0.353,1.995
96.0,87.9,-0.417,1.995
96.0,88.4,-1.186,1.996
96.0,88.9,1.122,1.996
96.0,89.4,0.353,1.997
96.0,89.9,-0.417,1.998
96.0,90.5,-1.186,1.999
96.0,91.0,1.186,1.999
96.0,91.5,0.417,1.999
96.0,92.0,-0.353,1.999
96.0,92.5,-1.122,1.999
96.0,93.0,1.250,1.999
96.0,93.5,0.417,1.999
96.0,94.0,-0.353,2.000
96.0,94.5,-1.122,2.000
96.0,95.0,1.250,2.000
96.0,95.5,0.481,2.000
96.0,96.0,-0.289,1.999
96.0,96.5,-1.058,1.999
96.0,97.0,1.314,1.998
96.0,97.5,0.481,1.997
96.0,98.0,-0.289,1.997
96.0,98.5,-1.058,1.997
96.0,99.0,1.314,1.996
96.0,99.5,0.545,1.995
96.0,100.0,-0.224,1.994
96.5,0.0,-1.443,0.976
96.5,0.5,0.930,0.985
96.5,1.0,0.224,0.995
96.5,1.5,-0.545,1.005
96.5,2.0,-1.250,1.014
96.5,2.5,1.122,1.024
96.5,3.0,0.353,1.034
96.5,3.5,-0.353,1.043
96.5,4.0,-1.122,1.053
96.5,4.5,1.250,1.062
96.5,5.0,0.545,1.071
96.5,5.5,-0.224,1.081
96.5,6.0,-0.994,1.090
96.5,6.5,1.443,1.100
96.5,7.0,0.673,1.109
96.5,7.5,-0.096,1.118
96.5,8.0,-0.801,1.127
96.5,8.5,-1.571,1.137
96.5,9.0,0.801,1.145
96.5,9.5,0.096,1.155
96.5,10.1,-0.673,1.164
96.5,10.6,-1.443,1.173
96.5,11.1,0.994,1.182
96.5,11.6,0.224,1.191
96.5,12.1,-0.545,1.200
96.5,12.6,-1.250,1.208
96.5,13.1,1.122,1.218
96.5,13.6,0.353,1.226
96.5,14.1,-0.353,1.235
96.5,14.6,-1.122,1.244
96.5,15.1,1.250,1.253
96.5,15.6,0.481,1.261
96.5,16.1,-0.224,1.270
96.5,16.6,-0.994,1.279
96.5,17.1,1.378,1.287
96.5,17.6,0.673,1.295
96.5,18.1,-0.096,1.304
96.5,18.6,-0.866,1.313
96.5,19.1,1.507,1.321
96.5,19.6,0.801,1.329
96.5,20.1,0.032,1.338
96.5,20.6,-0.737,1.346
96.5,21.1,-1.507,1.354
96.5,21.6,0.930,1.362
96.5,22.1,0.160,1.371
96.5,22.6,-0.609,1.379
96.5,23.1,-1.314,1.386
96.5,23.6,1.058,1.395
96.5,24.1,0.289,1.403
96.5,24.6,-0.481,1.411
96.5,25.1,-1.186,1.418
96.5,25.6,1.186,1.427
96.5,26.1,0.417,1.435
96.5,26.6,-0.353,1.442
96.5,27.1,-1.122,1.449
96.5,27.6,1.314,1.457
96.5,28.1,0.545,1.465
96.5,28.6,-0.224,1.473
96.5,29.1,-0.994,1.480
96.5,29.6,1.443,1.488
96.5,30.2,0.673,1.495
96.5,30.7,-0.096,1.503
96.5,31.2,-0.866,1.510
96.5,31.7,1.507,1.517
96.5,32.2,0.801,1.525
96.5,32.7,0.032,1.532
96.5,33.2,-0.737,1.539
96.5,33.7,-1.507,1.546
96.5,34.2,0.930,1.553
96.5,34.7,0.160,1.560
96.5,35.2,-0.609,1.568
96.5,35.7,-1.378,1.575
96.5,36.2,0.994,1.581
96.5,36.7,0.224,1.588
96.5,37.2,-0.481,1.595
96.5,37.7,-1.250,1.602
96.5,38.2,1.122,1.609
96.5,38.7,0.353,1.615
96.5,39.2,-0.417,1.621
96.5,39.7,-1.122,1.628
96.5,40.2,1.250,1.634
96.5,40.7,0.481,1.641
96.5,41.2,-0.289,1.648
96.5,41.7,-1.058,1.654
96.5,42.2,1.314,1.660
96.5,42.7,0.545,1.666
96.5,43.2,-0.160,1.672
96.5,43.7,-0.930,1.679
96.5,44.2,1.443,1.685
96.5,44.7,0.673,1.691
96.5,45.2,-0.096,1.697
96.5,45.7,-0.866,1.703
96.5,46.2,1.507,1.708
96.5,46.7,0.801,1.714
96.5,47.2,0.032,1.720
96.5,47.7,-0.737,1.726
96.5,48.2,-1.507,1.732
96.5,48.7,0.866,1.737
96.5,49.2,0.096,1.743
96.5,49.7,-0.673,1.748
96.5,50.3,-1.443,1.753
96.5,50.8,0.994,1.759
96.5,51.3,0.224,1.764
96.5,51.8,-0.545,1.770
96.5,52.3,-1.314,1.775
96.5,52.8,1.058,1.780
96.5,53.3,0.289,1.785
96.5,53.8,-0.481,1.790
96.5,54.3,-1.250,1.795
96.5,54.8,1.122,1.800
96.5,55.3,0.353,1.804
96.5,55.8,-0.353,1.809
96.5,56.3,-1.122,1.814
96.5,56.8,1.250,1.819
96.5,57.3,0.481,1.824
96.5,57.8,-0.289,1.829
96.5,58.3,-1.058,1.833
96.5,58.8,1.314,1.838
96.5,59.3,0.545,1.842
96.5,59.8,-0.224,1.847
96.5,60.3,-0.994,1.851
96.5,60.8,1.378,1.855
96.5,61.3,0.609,1.859
96.5,61.8,-0.160,1.863
96.5,62.3,-0.930,1.867
96.5,62.8,1.507,1.871
96.5,63.3,0.737,1.875
96.5,63.8,-0.032,1.879
96.5,64.3,-0.801,1.883
96.5,64.8,1.571,1.887
96.5,65.3,0.801,1.891
96.5,65.8,0.032,1.894
96.5,66.3,-0.737,1.898
96.5,66.8,-1.507,1.902
96.5,67.3,0.866,1.905
96.5,67.8,0.096,1.909
96.5,68.3,-0.673,1.912
96.5,68.8,-1.443,1.915
96.5,69.3,0.930,1.918
96.5,69.8,0.160,1.922
96.5,70.4,-0.609,1.925
96.5,70.9,-1.378,1.928
96.5,71.4,0.994,1.931
96.5,71.9,0.224,1.934
96.5,72.4,-0.545,1.937
96.5,72.9,-1.314,1.939
96.5,73.4,1.058,1.942
96.5,73.9,0.289,1.945
96.5,74.4,-0.481,1.947
96.5,74.9,-1.250,1.950
96.5,75.4,1.122,1.952
96.5,75.9,0.353,1.955
96.5,76.4,-0.417,1.957
96.5,76.9,-1.186,1.959
96.5,77.4,1.186,1.962
96.5,77.9,0.417,1.964
96.5,78.4,-0.353,1.966
96.5,78.9,-1.122,1.968
96.5,79.4,1.250,1.970
96.5,79.9,0.481,1.972
96.5,80.4,-0.289,1.973
96.5,80.9,-1.058,1.975
96.5,81.4,1.250,1.976
96.5,81.9,0.481,1.978
96.5,82.4,-0.289,1.980
96.5,82.9,-1.058,1.982
96.5,83.4,1.314,1.983
96.5,83.9,0.545,1.985
96.5,84.4,-0.224,1.986
96.5,84.9,-0.994,1.988
96.5,85.4,1.378,1.989
96.5,85.9,0.609,1.990
96.5,86.4,-0.160,1.991
96.5,86.9,-0.930,1.992
96.5,87.4,1.443,1.993
96.5,87.9,0.673,1.994
96.5,88.4,-0.096,1.994
96.5,88.9,-0.930,1.995
96.5,89.4,1.443,1.996
96.5,89.9,0.673,1.997
96.5,90.5,-0.096,1.998
96.5,91.0,-0.866,1.998
96.5,91.5,1.507,1.999
96.5,92.0,0.737,1.999
96.5,92.5,-0.032,1.999
96.5,93.0,-0.801,1.999
96.5,93.5,1.571,1.999
96.5,94.0,0.737,1.999
96.5,94.5,-0.032,2.000
96.5,95.0,-0.801,2.000
96.5,95.5,-1.571,2.000
96.5,96.0,0.801,2.000
96.5,96.5,0.032,1.999
96.5,97.0,-0.737,1.999
96.5,97.5,-1.507,1.998
96.5,98.0,0.801,1.998
96.5,98.5,0.032,1.998
96.5,99.0,-0.737,1.998
96.5,99.5,-1.507,1.997
96.5,100.0,0.866,1.996
97.0,0.0,-0.417,0.956
97.0,0.5,-1.122,0.965
97.0,1.0,1.250,0.975
97.0,1.5,0.481,0.985
97.0,2.0,-0.224,0.994
97.0,2.5,-0.994,1.004
97.0,3.0,1.378,1.014
97.0,3.5,0.673,1.023
97.0,4.0,-0.096,1.033
97.0,4.5,-0.866,1.042
97.0,5.0,1.571,1.052
97.0,5.5,0.801,1.061
97.0,6.0,0.096,1.070
97.0,6.5,-0.673,1.080
97.0,7.0,-1.443,1.090
97.0,7.5,0.994,1.099
97.0,8.0,0.224,1.108
97.0,8.5,-0.545,1.117
97.0,9.0,-1.250,1.126
97.0,9.5,1.122,1.136
97.0,10.1,0.353,1.145
97.0,10.6,-0.353,1.154
97.0,11.1,-1.122,1.163
97.0,11.6,1.250,1.172
97.0,12.1,0.545,1.181
97.0,12.6,-0.224,1.190
97.0,13.1,-0.994,1.199
97.0,13.6,1.378,1.208
97.0,14.1,0.673,1.217
97.0,14.6,-0.096,1.226
97.0,15.1,-0.866,1.234
97.0,15.6,1.571,1.243
97.0,16.1,0.801,1.252
97.0,16.6,0.032,1.261
97.0,17.1,-0.673,1.269
97.0,17.6,-1.443,1.278
97.0,18.1,0.930,1.287
97.0,18.6,0.160,1.295
97.0,19.1,-0.545,1.303
97.0,19.6,-1.314,1.312
97.0,20.1,1.058,1.320
97.0,20.6,0.353,1.328
97.0,21.1,-0.417,1.337
97.0,21.6,-1.186,1.346
97.0,22.1,1.186,1.353
97.0,22.6,0.481,1.362
97.0,23.1,-0.289,1.370
97.0,23.6,-1.058,1.378
97.0,24.1,1.314,1.386
97.0,24.6,0.609,1.394
97.0,25.1,-0.160,1.402
97.0,25.6,-0.930,1.410
97.0,26.1,1.443,1.418
97.0,26.6,0.737,1.426
97.0,27.1,-0.032,1.434
97.0,27.6,-0.801,1.442
97.0,28.1,-1.571,1.449
97.0,28.6,0.866,1.457
97.0,29.1,0.096,1.465
97.0,29.6,-0.673,1.472
97.0,30.2,-1.443,1.480
97.0,30.7,0.930,1.487
97.0,31.2,0.224,1.495
97.0,31.7,-0.545,1.502
97.0,32.2,-1.314,1.510
97.0,32.7,1.058,1.517
97.0,33.2,0.353,1.524
97.0,33.7,-0.417,1.531
97.0,34.2,-1.186,1.539
97.0,34.7,1.186,1.546
97.0,35.2,0.417,1.553
97.0,35.7,-0.289,1.559
97.0,36.2,-1.058,1.567
97.0,36.7,1.314,1.574
97.0,37.2,0.545,1.581
97.0,37.7,-0.224,1.588
97.0,38.2,-0.994,1.594
97.0,38.7,1.443,1.601
97.0,39.2,0.673,1.608
97.0,39.7,-0.096,1.615
97.0,40.2,-0.866,1.621
97.0,40.7,1.507,1.628
97.0,41.2,0.801,1.634
97.0,41.7,0.032,1.641
97.0,42.2,-0.737,1.647
97.0,42.7,-1.507,1.654
97.0,43.2,0.866,1.660
97.0,43.7,0.096,1.666
97.0,44.2,-0.673,1.672
97.0,44.7,-1.378,1.678
97.0,45.2,0.994,1.684
97.0,45.7,0.224,1.691
97.0,46.2,-0.545,1.697
97.0,46.7,-1.314,1.702
97.0,47.2,1.058,1.708
97.0,47.7,0.289,1.714
97.0,48.2,-0.417,1.719
97.0,48.7,-1.186,1.726
97.0,49.2,1.186,1.731
97.0,49.7,0.417,1.737
97.0,50.3,-0.353,1.743
97.0,50.8,-1.122,1.748
97.0,51.3,1.250,1.753
97.0,51.8,0.481,1.758
97.0,52.3,-0.224,1.764
97.0,52.8,-0.994,1.769
97.0,53.3,1.378,1.775
97.0,53.8,0.609,1.780
97.0,54.3,-0.160,1.785
97.0,54.8,-0.930,1.790
97.0,55.3,1.443,1.795
97.0,55.8,0.673,1.800
97.0,56.3,-0.096,1.805
97.0,56.8,-0.866,1.809
97.0,57.3,1.571,1.814
97.0,57.8,0.801,1.819
97.0,58.3,0.032,1.824
97.0,58.8,-0.737,1.828
97.0,59.3,-1.507,1.833
97.0,59.8,0.866,1.838
97.0,60.3,0.096,1.842
97.0,60.8,-0.673,1.846
97.0,61.3,-1.443,1.851
97.0,61.8,0.930,1.855
97.0,62.3,0.160,1.859
97.0,62.8,-0.609,1.863
97.0,63.3,-1.378,1.867
97.0,63.8,0.994,1.871
97.0,64.3,0.224,1.875
97.0,64.8,-0.545,1.879
97.0,65.3,-1.314,1.882
97.0,65.8,1.122,1.886
97.0,66.3,0.353,1.890
97.0,66.8,-0.417,1.894
97.0,67.3,-1.186,1.897
97.0,67.8,1.186,1.901
97.0,68.3,0.417,1.905
97.0,68.8,-0.353,1.908
97.0,69.3,-1.122,1.911
97.0,69.8,1.250,1.915
97.0,70.4,0.481,1.918
97.0,70.9,-0.289,1.921
97.0,71.4,-1.058,1.924
97.0,71.9,1.314,1.927
97.0,72.4,0.545,1.930
97.0,72.9,-0.224,1.933
97.0,73.4,-0.994,1.936
97.0,73.9,1.378,1.939
97.0,74.4,0.609,1.942
97.0,74.9,-0.160,1.944
97.0,75.4,-0.930,1.947
97.0,75.9,1.443,1.950
97.0,76.4,0.673,1.952
97.0,76.9,-0.096,1.954
97.0,77.4,-0.866,1.957
97.0,77.9,1.507,1.959
97.0,78.4,0.737,1.961
97.0,78.9,-0.032,1.963
97.0,79.4,-0.801,1.965
97.0,79.9,1.571,1.967
97.0,80.4,0.801,1.969
97.0,80.9,-0.032,1.971
97.0,81.4,-0.801,1.973
97.0,81.9,-1.571,1.975
97.0,82.4,0.801,1.977
97.0,82.9,0.032,1.979
97.0,83.4,-0.737,1.980
97.0,83.9,-1.507,1.982
97.0,84.4,0.866,1.984
97.0,84.9,0.096,1.985
97.0,85.4,-0.673,1.986
97.0,85.9,-1.443,1.988
97.0,86.4,0.930,1.989
97.0,86.9,0.160,1.990
97.0,87.4,-0.609,1.991
97.0,87.9,-1.378,1.992
97.0,88.4,0.994,1.992
97.0,88.9,0.160,1.993
97.0,89.4,-0.609,1.994
97.0,89.9,-1.378,1.995
97.0,90.5,0.994,1.996
97.0,91.0,0.224,1.997
97.0,91.5,-0.545,1.998
97.0,92.0,-1.314,1.998
97.0,92.5,1.058,1.999
97.0,93.0,0.289,1.999
97.0,93.5,-0.481,1.999
97.0,94.0,-1.314,1.999
97.0,94.5,1.058,1.999
97.0,95.0,0.289,2.000
97.0,95.5,-0.481,2.000
97.0,96.0,-1.250,2.000
97.0,96.5,1.122,2.000
97.0,97.0,0.353,2.000
97.0,97.5,-0.417,1.999
97.0,98.0,-1.186,1.998
97.0,98.5,1.122,1.998
97.0,99.0,0.353,1.998
97.0,99.5,-0.417,1.998
97.0,100.0,-1.186,1.998
97.5,0.0,0.609,0.935
97.5,0.5,-0.096,0.945
97.5,1.0,-0.866,0.955
97.5,1.5,1.507,0.965
97.5,2.0,0.801,0.974
97.5,2.5,0.032,0.984
97.5,3.0,-0.737,0.993
97.5,3.5,-1.443,1.004
97.5,4.0,0.930,1.013
97.5,4.5,0.224,1.022
97.5,5.0,-0.545,1.032
97.5,5.5,-1.314,1.042
97.5,6.0,1.122,1.051
97.5,6.5,0.353,1.061
97.5,7.0,-0.417,1.070
97.5,7.5,-1.122,1.079
97.5,8.0,1.250,1.089
97.5,8.5,0.481,1.098
97.5,9.0,-0.224,1.107
97.5,9.5,-0.994,1.117
97.5,10.1,1.378,1.126
97.5,10.6,0.673,1.135
97.5,11.1,-0.096,1.144
97.5,11.6,-0.866,1.153
97.5,12.1,1.571,1.162
97.5,12.6,0.801,1.172
97.5,13.1,0.032,1.180
97.5,13.6,-0.673,1.189
97.5,14.1,-1.443,1.199
97.5,14.6,0.930,1.207
97.5,15.1,0.224,1.216
97.5,15.6,-0.545,1.225
97.5,16.1,-1.314,1.234
97.5,16.6,1.058,1.242
97.5,17.1,0.353,1.251
97.5,17.6,-0.417,1.260
97.5,18.1,-1.186,1.268
97.5,18.6,1.250,1.277
97.5,19.1,0.481,1.286
97.5,19.6,-0.289,1.294
97.5,20.1,-0.994,1.302
97.5,20.6,1.378,1.311
97.5,21.1,0.609,1.320
97.5,21.6,-0.160,1.328
97.5,22.1,-0.866,1.336
97.5,22.6,1.507,1.345
97.5,23.1,0.737,1.353
97.5,23.6,-0.032,1.361
97.5,24.1,-0.737,1.369
97.5,24.6,-1.507,1.378
97.5,25.1,0.866,1.386
97.5,25.6,0.096,1.393
97.5,26.1,-0.609,1.402
97.5,26.6,-1.378,1.410
97.5,27.1,0.994,1.418
97.5,27.6,0.224,1.425
97.5,28.1,-0.481,1.433
97.5,28.6,-1.250,1.441
97.5,29.1,1.122,1.449
97.5,29.6,0.353,1.456
97.5,30.2,-0.353,1.464
97.5,30.7,-1.122,1.472
97.5,31.2,1.250,1.479
97.5,31.7,0.481,1.487
97.5,32.2,-0.224,1.494
97.5,32.7,-0.994,1.502
97.5,33.2,1.378,1.509
97.5,33.7,0.609,1.517
97.5,34.2,-0.160,1.524
97.5,34.7,-0.866,1.531
97.5,35.2,1.507,1.538
97.5,35.7,0.737,1.546
97.5,36.2,-0.032,1.553
97.5,36.7,-0.801,1.559
97.5,37.2,-1.507,1.566
97.5,37.7,0.866,1.573
97.5,38.2,0.096,1.581
97.5,38.7,-0.673,1.587
97.5,39.2,-1.443,1.594
97.5,39.7,0.930,1.600
97.5,40.2,0.224,1.607
97.5,40.7,-0.545,1.614
97.5,41.2,-1.314,1.621
97.5,41.7,1.058,1.627
97.5,42.2,0.289,1.634
97.5,42.7,-0.417,1.640
97.5,43.2,-1.186,1.647
97.5,43.7,1.186,1.653
97.5,44.2,0.417,1.660
97.5,44.7,-0.353,1.666
97.5,45.2,-1.122,1.672
97.5,45.7,1.250,1.677
97.5,46.2,0.545,1.684
97.5,46.7,-0.224,1.690
97.5,47.2,-0.994,1.696
97.5,47.7,1.378,1.702
97.5,48.2,0.609,1.708
97.5,48.7,-0.160,1.714
97.5,49.2,-0.930,1.719
97.5,49.7,1.507,1.725
97.5,50.3,0.737,1.731
97.5,50.8,-0.032,1.737
97.5,51.3,-0.801,1.742
97.5,51.8,-1.571,1.748
97.5,52.3,0.801,1.753
97.5,52.8,0.032,1.758
97.5,53.3,-0.737,1.763
97.5,53.8,-1.507,1.768
97.5,54.3,0.930,1.774
97.5,54.8,0.160,1.779
97.5,55.3,-0.609,1.785
97.5,55.8,-1.378,1.790
97.5,56.3,0.994,1.795
97.5,56.8,0.224,1.800
97.5,57.3,-0.545,1.805
97.5,57.8,-1.314,1.809
97.5,58.3,1.058,1.814
97.5,58.8,0.289,1.818
97.5,59.3,-0.481,1.823
97.5,59.8,-1.186,1.828
97.5,60.3,1.186,1.832
97.5,60.8,0.417,1.837
97.5,61.3,-0.353,1.842
97.5,61.8,-1.122,1.846
97.5,62.3,1.250,1.851
97.5,62.8,0.481,1.855
97.5,63.3,-0.289,1.859
97.5,63.8,-1.058,1.863
97.5,64.3,1.314,1.867
97.5,64.8,0.545,1.871
97.5,65.3,-0.224,1.875
97.5,65.8,-0.994,1.879
97.5,66.3,1.378,1.883
97.5,66.8,0.609,1.886
97.5,67.3,-0.160,1.890
97.5,67.8,-0.930,1.893
97.5,68.3,1.443,1.897
97.5,68.8,0.673,1.900
97.5,69.3,-0.032,1.904
97.5,69.8,-0.801,1.907
97.5,70.4,1.571,1.911
97.5,70.9,0.801,1.914
97.5,71.4,0.032,1.918
97.5,71.9,-0.737,1.921
97.5,72.4,-1.507,1.924
97.5,72.9,0.866,1.927
97.5,73.4,0.096,1.930
97.5,73.9,-0.673,1.933
97.5,74.4,-1.443,1.936
97.5,74.9,0.930,1.939
97.5,75.4,0.160,1.941
97.5,75.9,-0.609,1.944
97.5,76.4,-1.378,1.947
97.5,76.9,0.994,1.949
97.5,77.4,0.224,1.952
97.5,77.9,-0.545,1.954
97.5,78.4,-1.314,1.956
97.5,78.9,1.058,1.958
97.5,79.4,0.224,1.961
97.5,79.9,-0.545,1.963
97.5,80.4,-1.314,1.965
97.5,80.9,1.058,1.967
97.5,81.4,0.289,1.969
97.5,81.9,-0.481,1.971
97.5,82.4,-1.250,1.973
97.5,82.9,1.122,1.975
97.5,83.4,0.353,1.977
97.5,83.9,-0.417,1.979
97.5,84.4,-1.186,1.981
97.5,84.9,1.186,1.982
97.5,85.4,0.417,1.984
97.5,85.9,-0.353,1.985
97.5,86.4,-1.122,1.986
97.5,86.9,1.250,1.987
97.5,87.4,0.481,1.989
97.5,87.9,-0.289,1.990
97.5,88.4,-1.058,1.990
97.5,88.9,1.250,1.991
97.5,89.4,0.481,1.993
97.5,89.9,-0.289,1.994
97.5,90.5,-1.058,1.995
97.5,91.0,1.314,1.996
97.5,91.5,0.545,1.996
97.5,92.0,-0.224,1.997
97.5,92.5,-0.994,1.998
97.5,93.0,1.378,1.998
97.5,93.5,0.609,1.998
97.5,94.0,-0.160,1.998
97.5,94.5,-0.994,1.999
97.5,95.0,1.378,1.999
97.5,95.5,0.609,2.000
97.5,96.0,-0.160,2.000
97.5,96.5,-0.930,2.000
97.5,97.0,1.443,2.000
97.5,97.5,0.673,2.000
97.5,98.0,-0.096,1.999
97.5,98.5,-0.930,1.999
97.5,99.0,1.443,1.999
97.5,99.5,0.673,1.999
97.5,100.0,-0.096,1.999
98.0,0.0,-1.507,0.915
98.0,0.5,0.930,0.925
98.0,1.0,0.160,0.935
98.0,1.5,-0.609,0.944
98.0,2.0,-1.314,0.954
98.0,2.5,1.058,0.964
98.0,3.0,0.353,0.973
98.0,3.5,-0.417,0.983
98.0,4.0,-1.186,0.993
98.0,4.5,1.250,1.003
98.0,5.0,0.481,1.012
98.0,5.5,-0.289,1.022
98.0,6.0,-0.994,1.031
98.0,6.5,1.378,1.041
98.0,7.0,0.609,1.050
98.0,7.5,-0.096,1.060
98.0,8.0,-0.866,1.069
98.0,8.5,1.571,1.078
98.0,9.0,0.801,1.088
98.0,9.5,0.032,1.097
98.0,10.1,-0.673,1.106
98.0,10.6,-1.443,1.116
98.0,11.1,0.930,1.125
98.0,11.6,0.224,1.134
98.0,12.1,-0.545,1.144
98.0,12.6,-1.314,1.153
98.0,13.1,1.122,1.161
98.0,13.6,0.353,1.171
98.0,14.1,-0.417,1.180
98.0,14.6,-1.186,1.188
98.0,15.1,1.250,1.198
98.0,15.6,0.481,1.207
98.0,16.1,-0.289,1.215
98.0,16.6,-0.994,1.224
98.0,17.1,1.378,1.233
98.0,17.6,0.609,1.242
98.0,18.1,-0.096,1.250
98.0,18.6,-0.866,1.260
98.0,19.1,1.507,1.268
98.0,19.6,0.737,1.276
98.0,20.1,0.032,1.285
98.0,20.6,-0.737,1.294
98.0,21.1,-1.507,1.302
98.0,21.6,0.930,1.310
98.0,22.1,0.160,1.319
98.0,22.6,-0.609,1.328
98.0,23.1,-1.378,1.335
98.0,23.6,1.058,1.344
98.0,24.1,0.289,1.353
98.0,24.6,-0.481,1.361
98.0,25.1,-1.186,1.368
98.0,25.6,1.186,1.377
98.0,26.1,0.417,1.385
98.0,26.6,-0.353,1.393
98.0,27.1,-1.058,1.401
98.0,27.6,1.314,1.409
98.0,28.1,0.545,1.417
98.0,28.6,-0.224,1.425
98.0,29.1,-0.994,1.432
98.0,29.6,1.443,1.440
98.0,30.2,0.673,1.448
98.0,30.7,-0.096,1.456
98.0,31.2,-0.866,1.463
98.0,31.7,1.571,1.471
98.0,32.2,0.801,1.479
98.0,32.7,0.032,1.486
98.0,33.2,-0.737,1.494
98.0,33.7,-1.443,1.501
98.0,34.2,0.930,1.509
98.0,34.7,0.160,1.516
98.0,35.2,-0.609,1.523
98.0,35.7,-1.378,1.530
98.0,36.2,1.058,1.537
98.0,36.7,0.289,1.545
98.0,37.2,-0.481,1.552
98.0,37.7,-1.250,1.559
98.0,38.2,1.122,1.566
98.0,38.7,0.417,1.573
98.0,39.2,-0.353,1.580
98.0,39.7,-1.122,1.587
98.0,40.2,1.250,1.594
98.0,40.7,0.481,1.600
98.0,41.2,-0.289,1.606
98.0,41.7,-0.994,1.614
98.0,42.2,1.378,1.620
98.0,42.7,0.609,1.627
98.0,43.2,-0.160,1.633
98.0,43.7,-0.930,1.640
98.0,44.2,1.507,1.646
98.0,44.7,0.737,1.652
98.0,45.2,-0.032,1.659
98.0,45.7,-0.801,1.665
98.0,46.2,-1.571,1.672
98.0,46.7,0.801,1.677
98.0,47.2,0.032,1.683
98.0,47.7,-0.673,1.689
98.0,48.2,-1.443,1.696
98.0,48.7,0.930,1.702
98.0,49.2,0.160,1.708
98.0,49.7,-0.609,1.714
98.0,50.3,-1.378,1.719
98.0,50.8,0.994,1.725
98.0,51.3,0.289,1.730
98.0,51.8,-0.481,1.736
98.0,52.3,-1.250,1.742
98.0,52.8,1.122,1.747
98.0,53.3,0.353,1.753
98.0,53.8,-0.417,1.758
98.0,54.3,-1.186,1.764
98.0,54.8,1.186,1.769
98.0,55.3,0.417,1.774
98.0,55.8,-0.289,1.779
98.0,56.3,-1.058,1.784
98.0,56.8,1.314,1.789
98.0,57.3,0.545,1.794
98.0,57.8,-0.224,1.800
98.0,58.3,-0.994,1.804
98.0,58.8,1.378,1.809
98.0,59.3,0.609,1.814
98.0,59.8,-0.160,1.819
98.0,60.3,-0.930,1.823
98.0,60.8,1.443,1.827
98.0,61.3,0.673,1.832
98.0,61.8,-0.032,1.836
98.0,62.3,-0.801,1.841
98.0,62.8,1.571,1.846
98.0,63.3,0.801,1.850
98.0,63.8,0.032,1.854
98.0,64.3,-0.737,1.859
98.0,64.8,-1.507,1.863
98.0,65.3,0.866,1.867
98.0,65.8,0.096,1.871
98.0,66.3,-0.673,1.875
98.0,66.8,-1.443,1.879
98.0,67.3,0.930,1.883
98.0,67.8,0.160,1.886
98.0,68.3,-0.609,1.890
98.0,68.8,-1.378,1.894
98.0,69.3,0.994,1.897
98.0,69.8,0.224,1.901
98.0,70.4,-0.545,1.904
98.0,70.9,-1.314,1.907
98.0,71.4,1.058,1.911
98.0,71.9,0.289,1.914
98.0,72.4,-0.481,1.917
98.0,72.9,-1.250,1.920
98.0,73.4,1.122,1.923
98.0,73.9,0.353,1.926
98.0,74.4,-0.417,1.929
98.0,74.9,-1.186,1.932
98.0,75.4,1.186,1.935
98.0,75.9,0.417,1.938
98.0,76.4,-0.353,1.941
98.0,76.9,-1.122,1.944
98.0,77.4,1.250,1.946
98.0,77.9,0.481,1.949
98.0,78.4,-0.289,1.951
98.0,78.9,-1.058,1.954
98.0,79.4,1.314,1.956
98.0,79.9,0.545,1.959
98.0,80.4,-0.224,1.961
98.0,80.9,-0.994,1.963
98.0,81.4,1.378,1.966
98.0,81.9,0.609,1.968
98.0,82.4,-0.160,1.970
98.0,82.9,-0.930,1.972
98.0,83.4,1.443,1.974
98.0,83.9,0.673,1.975
98.0,84.4,-0.096,1.977
98.0,84.9,-0.866,1.979
98.0,85.4,1.507,1.981
98.0,85.9,0.737,1.982
98.0,86.4,-0.032,1.983
98.0,86.9,-0.801,1.985
98.0,87.4,1.571,1.986
98.0,87.9,0.801,1.987
98.0,88.4,0.032,1.988
98.0,88.9,-0.801,1.989
98.0,89.4,-1.571,1.990
98.0,89.9,0.801,1.992
98.0,90.5,0.032,1.993
98.0,91.0,-0.737,1.994
98.0,91.5,-1.507,1.995
98.0,92.0,0.866,1.996
98.0,92.5,0.096,1.996
98.0,93.0,-0.673,1.997
98.0,93.5,-1.443,1.997
98.0,94.0,0.930,1.998
98.0,94.5,0.160,1.998
98.0,95.0,-0.673,1.998
98.0,95.5,-1.443,1.999
98.0,96.0,0.930,1.999
98.0,96.5,0.160,2.000
98.0,97.0,-0.609,2.000
98.0,97.5,-1.378,2.000
98.0,98.0,0.994,2.000
98.0,98.5,0.224,1.999
98.0,99.0,-0.609,1.999
98.0,99.5,-1.378,1.999
98.0,100.0,0.994,1.999
98.5,0.0,-0.481,0.894
98.5,0.5,-1.186,0.904
98.5,1.0,1.186,0.914
98.5,1.5,0.417,0.924
98.5,2.0,-0.289,0.934
98.5,2.5,-1.058,0.944
98.5,3.0,1.378,0.953
98.5,3.5,0.609,0.963
98.5,4.0,-0.160,0.973
98.5,4.5,-0.866,0.983
98.5,5.0,1.507,0.992
98.5,5.5,0.737,1.002
98.5,6.0,0.032,1.012
98.5,6.5,-0.737,1.021
98.5,7.0,-1.443,1.030
98.5,7.5,0.930,1.040
98.5,8.0,0.160,1.050
98.5,8.5,-0.545,1.059
98.5,9.0,-1.314,1.069
98.5,9.5,1.058,1.078
98.5,10.1,0.353,1.087
98.5,10.6,-0.417,1.097
98.5,11.1,-1.186,1.106
98.5,11.6,1.250,1.115
98.5,12.1,0.481,1.125
98.5,12.6,-0.289,1.133
98.5,13.1,-0.994,1.143
98.5,13.6,1.378,1.152
98.5,14.1,0.609,1.161
98.5,14.6,-0.096,1.170
98.5,15.1,-0.866,1.179
98.5,15.6,1.507,1.188
98.5,16.1,0.801,1.197
98.5,16.6,0.032,1.206
98.5,17.1,-0.737,1.215
98.5,17.6,-1.443,1.223
98.5,18.1,0.930,1.233
98.5,18.6,0.160,1.241
98.5,19.1,-0.609,1.250
98.5,19.6,-1.314,1.259
98.5,20.1,1.058,1.268
98.5,20.6,0.289,1.276
98.5,21.1,-0.417,1.284
98.5,21.6,-1.186,1.293
98.5,22.1,1.186,1.302
98.5,22.6,0.417,1.310
98.5,23.1,-0.289,1.318
98.5,23.6,-1.058,1.327
98.5,24.1,1.314,1.335
98.5,24.6,0.609,1.343
98.5,25.1,-0.160,1.352
98.5,25.6,-0.930,1.360
98.5,26.1,1.443,1.368
98.5,26.6,0.737,1.376
98.5,27.1,-0.032,1.385
98.5,27.6,-0.801,1.393
98.5,28.1,-1.571,1.400
98.5,28.6,0.866,1.408
98.5,29.1,0.096,1.417
98.5,29.6,-0.673,1.424
98.5,30.2,-1.443,1.432
98.5,30.7,0.994,1.440
98.5,31.2,0.224,1.448
98.5,31.7,-0.545,1.456
98.5,32.2,-1.314,1.463
98.5,32.7,1.058,1.470
98.5,33.2,0.353,1.478
98.5,33.7,-0.417,1.486
98.5,34.2,-1.186,1.493
98.5,34.7,1.186,1.500
98.5,35.2,0.481,1.508
98.5,35.7,-0.289,1.516
98.5,36.2,-1.058,1.523
98.5,36.7,1.314,1.530
98.5,37.2,0.545,1.537
98.5,37.7,-0.160,1.544
98.5,38.2,-0.930,1.552
98.5,38.7,1.443,1.559
98.5,39.2,0.673,1.566
98.5,39.7,-0.096,1.572
98.5,40.2,-0.801,1.579
98.5,40.7,1.571,1.586
98.5,41.2,0.801,1.593
98.5,41.7,0.032,1.600
98.5,42.2,-0.737,1.606
98.5,42.7,-1.443,1.613
98.5,43.2,0.930,1.620
98.5,43.7,0.160,1.627
98.5,44.2,-0.609,1.633
98.5,44.7,-1.378,1.640
98.5,45.2,0.994,1.646
98.5,45.7,0.289,1.652
98.5,46.2,-0.481,1.658
98.5,46.7,-1.250,1.665
98.5,47.2,1.122,1.671
98.5,47.7,0.353,1.677
98.5,48.2,-0.417,1.683
98.5,48.7,-1.186,1.689
98.5,49.2,1.250,1.695
98.5,49.7,0.481,1.701
98.5,50.3,-0.289,1.707
98.5,50.8,-1.058,1.713
98.5,51.3,1.314,1.719
98.5,51.8,0.545,1.725
98.5,52.3,-0.224,1.730
98.5,52.8,-0.994,1.735
98.5,53.3,1.443,1.741
98.5,53.8,0.673,1.747
98.5,54.3,-0.096,1.753
98.5,54.8,-0.866,1.758
98.5,55.3,1.507,1.763
98.5,55.8,0.737,1.769
98.5,56.3,-0.032,1.774
98.5,56.8,-0.801,1.779
98.5,57.3,-1.571,1.783
98.5,57.8,0.866,1.789
98.5,58.3,0.096,1.794
98.5,58.8,-0.673,1.799
98.5,59.3,-1.443,1.804
98.5,59.8,0.930,1.809
98.5,60.3,0.160,1.814
98.5,60.8,-0.609,1.819
98.5,61.3,-1.378,1.823
98.5,61.8,0.994,1.828
98.5,62.3,0.224,1.832
98.5,62.8,-0.545,1.836
98.5,63.3,-1.314,1.841
98.5,63.8,1.122,1.845
98.5,64.3,0.353,1.849
98.5,64.8,-0.417,1.854
98.5,65.3,-1.186,1.858
98.5,65.8,1.186,1.863
98.5,66.3,0.417,1.867
98.5,66.8,-0.353,1.871
98.5,67.3,-1.122,1.875
98.5,67.8,1.250,1.879
98.5,68.3,0.481,1.883
98.5,68.8,-0.289,1.886
98.5,69.3,-1.058,1.890
98.5,69.8,1.314,1.894
98.5,70.4,0.545,1.897
98.5,70.9,-0.224,1.901
98.5,71.4,-0.994,1.904
98.5,71.9,1.378,1.908
98.5,72.4,0.609,1.911
98.5,72.9,-0.160,1.914
98.5,73.4,-0.930,1.917
98.5,73.9,1.443,1.921
98.5,74.4,0.673,1.924
98.5,74.9,-0.096,1.927
98.5,75.4,-0.866,1.930
98.5,75.9,1.507,1.933
98.5,76.4,0.737,1.936
98.5,76.9,-0.032,1.938
98.5,77.4,-0.801,1.941
98.5,77.9,-1.571,1.944
98.5,78.4,0.801,1.947
98.5,78.9,0.032,1.949
98.5,79.4,-0.737,1.952
98.5,79.9,-1.507,1.954
98.5,80.4,0.866,1.957
98.5,80.9,0.096,1.959
98.5,81.4,-0.673,1.961
98.5,81.9,-1.443,1.963
98.5,82.4,0.930,1.966
98.5,82.9,0.160,1.968
98.5,83.4,-0.609,1.970
98.5,83.9,-1.378,1.972
98.5,84.4,0.994,1.974
98.5,84.9,0.224,1.975
98.5,85.4,-0.545,1.977
98.5,85.9,-1.314,1.979
98.5,86.4,1.058,1.980
98.5,86.9,0.289,1.982
98.5,87.4,-0.481,1.983
98.5,87.9,-1.250,1.984
98.5,88.4,1.122,1.985
98.5,88.9,0.289,1.987
98.5,89.4,-0.481,1.988
98.5,89.9,-1.250,1.990
98.5,90.5,1.122,1.991
98.5,91.0,0.353,1.992
98.5,91.5,-0.417,1.993
98.5,92.0,-1.186,1.994
98.5,92.5,1.186,1.995
98.5,93.0,0.417,1.996
98.5,93.5,-0.353,1.996
98.5,94.0,-1.122,1.997
98.5,94.5,1.250,1.997
98.5,95.0,0.417,1.997
98.5,95.5,-0.353,1.998
98.5,96.0,-1.122,1.999
98.5,96.5,1.250,1.999
98.5,97.0,0.481,2.000
98.5,97.5,-0.289,2.000
98.5,98.0,-1.058,2.000
98.5,98.5,1.314,2.000
98.5,99.0,0.545,1.999
98.5,99.5,-0.289,1.999
98.5,100.0,-1.058,1.999
99.0,0.0,0.545,0.873
99.0,0.5,-0.160,0.884
99.0,1.0,-0.930,0.894
99.0,1.5,1.507,0.903
99.0,2.0,0.737,0.913
99.0,2.5,-0.032,0.923
99.0,3.0,-0.737,0.933
99.0,3.5,-1.507,0.943
99.0,4.0,0.866,0.952
99.0,4.5,0.160,0.962
99.0,5.0,-0.609,0.972
99.0,5.5,-1.314,0.982
99.0,6.0,1.058,0.992
99.0,6.5,0.289,1.001
99.0,7.0,-0.417,1.011
99.0,7.5,-1.186,1.020
99.0,8.0,1.186,1.030
99.0,8.5,0.481,1.039
99.0,9.0,-0.289,1.049
99.0,9.5,-1.058,1.058
99.0,10.1,1.378,1.068
99.0,10.6,0.609,1.077
99.0,11.1,-0.096,1.086
99.0,11.6,-0.866,1.096
99.0,12.1,1.507,1.105
99.0,12.6,0.801,1.114
99.0,13.1,0.032,1.124
99.0,13.6,-0.737,1.133
99.0,14.1,-1.443,1.142
99.0,14.6,0.930,1.151
99.0,15.1,0.160,1.160
99.0,15.6,-0.609,1.169
99.0,16.1,-1.314,1.178
99.0,16.6,1.058,1.188
99.0,17.1,0.289,1.196
99.0,17.6,-0.417,1.205
99.0,18.1,-1.186,1.214
99.0,18.6,1.186,1.223
99.0,19.1,0.481,1.232
99.0,19.6,-0.289,1.241
99.0,20.1,-1.058,1.249
99.0,20.6,1.378,1.258
99.0,21.1,0.609,1.267
99.0,21.6,-0.160,1.275
99.0,22.1,-0.930,1.284
99.0,22.6,1.507,1.292
99.0,23.1,0.737,1.301
99.0,23.6,-0.032,1.309
99.0,24.1,-0.737,1.318
99.0,24.6,-1.507,1.326
99.0,25.1,0.866,1.335
99.0,25.6,0.096,1.343
99.0,26.1,-0.609,1.351
99.0,26.6,-1.378,1.360
99.0,27.1,0.994,1.368
99.0,27.6,0.224,1.375
99.0,28.1,-0.481,1.384
99.0,28.6,-1.250,1.392
99.0,29.1,1.122,1.400
99.0,29.6,0.353,1.408
99.0,30.2,-0.353,1.416
99.0,30.7,-1.122,1.424
99.0,31.2,1.250,1.432
99.0,31.7,0.481,1.439
99.0,32.2,-0.224,1.447
99.0,32.7,-0.994,1.455
99.0,33.2,1.378,1.463
99.0,33.7,0.609,1.470
99.0,34.2,-0.096,1.477
99.0,34.7,-0.866,1.485
99.0,35.2,1.507,1.493
99.0,35.7,0.737,1.500
99.0,36.2,-0.032,1.507
99.0,36.7,-0.737,1.515
99.0,37.2,-1.507,1.522
99.0,37.7,0.866,1.530
99.0,38.2,0.096,1.537
99.0,38.7,-0.673,1.543
99.0,39.2,-1.378,1.551
99.0,39.7,0.994,1.558
99.0,40.2,0.224,1.565
99.0,40.7,-0.545,1.572
99.0,41.2,-1.314,1.579
99.0,41.7,1.122,1.586
99.0,42.2,0.353,1.593
99.0,42.7,-0.417,1.600
99.0,43.2,-1.186,1.606
99.0,43.7,1.186,1.613
99.0,44.2,0.481,1.619
99.0,44.7,-0.289,1.626
99.0,45.2,-1.058,1.633
99.0,45.7,1.314,1.639
99.0,46.2,0.545,1.646
99.0,46.7,-0.224,1.652
99.0,47.2,-0.994,1.658
99.0,47.7,1.443,1.664
99.0,48.2,0.673,1.671
99.0,48.7,-0.096,1.677
99.0,49.2,-0.866,1.683
99.0,49.7,1.507,1.689
99.0,50.3,0.737,1.695
99.0,50.8,0.032,1.700
99.0,51.3,-0.737,1.707
99.0,51.8,-1.507,1.713
99.0,52.3,0.866,1.719
99.0,52.8,0.096,1.724
99.0,53.3,-0.673,1.730
99.0,53.8,-1.443,1.735
99.0,54.3,0.930,1.741
99.0,54.8,0.224,1.746
99.0,55.3,-0.545,1.752
99.0,55.8,-1.314,1.758
99.0,56.3,1.058,1.763
99.0,56.8,0.289,1.768
99.0,57.3,-0.481,1.774
99.0,57.8,-1.250,1.779
99.0,58.3,1.122,1.784
99.0,58.8,0.353,1.788
99.0,59.3,-0.353,1.793
99.0,59.8,-1.122,1.798
99.0,60.3,1.250,1.804
99.0,60.8,0.481,1.809
99.0,61.3,-0.289,1.813
99.0,61.8,-1.058,1.818
99.0,62.3,1.314,1.823
99.0,62.8,0.545,1.828
99.0,63.3,-0.224,1.832
99.0,63.8,-0.994,1.836
99.0,64.3,1.378,1.841
99.0,64.8,0.609,1.845
99.0,65.3,-0.160,1.849
99.0,65.8,-0.930,1.853
99.0,66.3,1.507,1.858
99.0,66.8,0.737,1.862
99.0,67.3,-0.032,1.866
99.0,67.8,-0.801,1.870
99.0,68.3,1.571,1.874
99.0,68.8,0.801,1.878
99.0,69.3,0.032,1.882
99.0,69.8,-0.737,1.886
99.0,70.4,-1.507,1.890
99.0,70.9,0.866,1.894
99.0,71.4,0.096,1.897
99.0,71.9,-0.673,1.901
99.0,72.4,-1.443,1.904
99.0,72.9,0.930,1.908
99.0,73.4,0.160,1.911
99.0,73.9,-0.609,1.914
99.0,74.4,-1.378,1.918
99.0,74.9,0.994,1.921
99.0,75.4,0.224,1.924
99.0,75.9,-0.545,1.927
99.0,76.4,-1.314,1.930
99.0,76.9,1.058,1.933
99.0,77.4,0.289,1.936
99.0,77.9,-0.481,1.939
99.0,78.4,-1.250,1.941
99.0,78.9,1.122,1.944
99.0,79.4,0.353,1.947
99.0,79.9,-0.417,1.949
99.0,80.4,-1.186,1.952
99.0,80.9,1.186,1.954
99.0,81.4,0.417,1.957
99.0,81.9,-0.353,1.959
99.0,82.4,-1.122,1.961
99.0,82.9,1.250,1.963
99.0,83.4,0.481,1.966
99.0,83.9,-0.289,1.968
99.0,84.4,-1.058,1.970
99.0,84.9,1.314,1.972
99.0,85.4,0.545,1.973
99.0,85.9,-0.224,1.975
99.0,86.4,-0.994,1.977
99.0,86.9,1.378,1.978
99.0,87.4,0.609,1.980
99.0,87.9,-0.160,1.981
99.0,88.4,-0.994,1.982
99.0,88.9,1.378,1.984
99.0,89.4,0.609,1.986
99.0,89.9,-0.160,1.987
99.0,90.5,-0.930,1.989
99.0,91.0,1.443,1.990
99.0,91.5,0.673,1.991
99.0,92.0,-0.096,1.992
99.0,92.5,-0.866,1.993
99.0,93.0,1.507,1.994
99.0,93.5,0.737,1.995
99.0,94.0,-0.032,1.995
99.0,94.5,-0.801,1.996
99.0,95.0,1.507,1.996
99.0,95.5,0.737,1.997
99.0,96.0,-0.032,1.998
99.0,96.5,-0.801,1.998
99.0,97.0,-1.571,1.999
99.0,97.5,0.801,1.999
99.0,98.0,0.032,2.000
99.0,98.5,-0.737,2.000
99.0,99.0,-1.507,1.999
99.0,99.5,0.866,1.999
99.0,100.0,0.032,1.999
99.5,0.0,-1.571,0.853
99.5,0.5,0.866,0.863
99.5,1.0,0.096,0.873
99.5,1.5,-0.609,0.882
99.5,2.0,-1.378,0.893
99.5,2.5,0.994,0.902
99.5,3.0,0.289,0.912
99.5,3.5,-0.481,0.922
99.5,4.0,-1.186,0.932
99.5,4.5,1.186,0.942
99.5,5.0,0.417,0.952
99.5,5.5,-0.289,0.961
99.5,6.0,-1.058,0.971
99.5,6.5,1.314,0.981
99.5,7.0,0.609,0.991
99.5,7.5,-0.160,1.000
99.5,8.0,-0.866,1.010
99.5,8.5,1.507,1.020
99.5,9.0,0.737,1.029
99.5,9.5,0.032,1.038
99.5,10.1,-0.737,1.048
99.5,10.6,-1.507,1.058
99.5,11.1,0.930,1.067
99.5,11.6,0.160,1.077
99.5,12.1,-0.609,1.086
99.5,12.6,-1.314,1.095
99.5,13.1,1.058,1.105
99.5,13.6,0.289,1.114
99.5,14.1,-0.417,1.123
99.5,14.6,-1.186,1.132
99.5,15.1,1.186,1.141
99.5,15.6,0.481,1.150
99.5,16.1,-0.289,1.160
99.5,16.6,-1.058,1.169
99.5,17.1,1.378,1.178
99.5,17.6,0.609,1.187
99.5,18.1,-0.160,1.196
99.5,18.6,-0.866,1.204
99.5,19.1,1.507,1.214
99.5,19.6,0.737,1.222
99.5,20.1,-0.032,1.231
99.5,20.6,-0.737,1.240
99.5,21.1,-1.507,1.249
99.5,21.6,0.866,1.257
99.5,22.1,0.160,1.266
99.5,22.6,-0.609,1.275
99.5,23.1,-1.378,1.283
99.5,23.6,1.058,1.291
99.5,24.1,0.289,1.300
99.5,24.6,-0.481,1.309
99.5,25.1,-1.250,1.317
99.5,25.6,1.186,1.326
99.5,26.1,0.417,1.334
99.5,26.6,-0.353,1.342
99.5,27.1,-1.122,1.350
99.5,27.6,1.314,1.359
99.5,28.1,0.545,1.367
99.5,28.6,-0.224,1.375
99.5,29.1,-0.994,1.383
99.5,29.6,1.443,1.391
99.5,30.2,0.673,1.400
99.5,30.7,-0.096,1.407
99.5,31.2,-0.801,1.415
99.5,31.7,1.571,1.423
99.5,32.2,0.801,1.431
99.5,32.7,0.032,1.439
99.5,33.2,-0.737,1.446
99.5,33.7,-1.443,1.454
99.5,34.2,0.930,1.462
99.5,34.7,0.160,1.470
99.5,35.2,-0.609,1.477
99.5,35.7,-1.314,1.484
99.5,36.2,1.058,1.492
99.5,36.7,0.289,1.500
99.5,37.2,-0.481,1.507
99.5,37.7,-1.250,1.514
99.5,38.2,1.186,1.522
99.5,38.7,0.417,1.529
99.5,39.2,-0.353,1.536
99.5,39.7,-1.122,1.543
99.5,40.2,1.250,1.550
99.5,40.7,0.545,1.558
99.5,41.2,-0.224,1.565
99.5,41.7,-0.994,1.572
99.5,42.2,1.378,1.579
99.5,42.7,0.609,1.585
99.5,43.2,-0.096,1.592
99.5,43.7,-0.866,1.599
99.5,44.2,1.507,1.606
99.5,44.7,0.737,1.613
99.5,45.2,-0.032,1.619
99.5,45.7,-0.737,1.625
99.5,46.2,-1.507,1.632
99.5,46.7,0.866,1.639
99.5,47.2,0.096,1.645
99.5,47.7,-0.673,1.652
99.5,48.2,-1.443,1.658
99.5,48.7,0.930,1.663
99.5,49.2,0.224,1.670
99.5,49.7,-0.545,1.676
99.5,50.3,-1.314,1.683
99.5,50.8,1.058,1.689
99.5,51.3,0.289,1.695
99.5,51.8,-0.481,1.700
99.5,52.3,-1.186,1.706
99.5,52.8,1.186,1.712
99.5,53.3,0.417,1.718
99.5,53.8,-0.353,1.724
99.5,54.3,-1.122,1.730
99.5,54.8,1.250,1.735
99.5,55.3,0.481,1.741
99.5,55.8,-0.289,1.746
99.5,56.3,-0.994,1.751
99.5,56.8,1.378,1.757
99.5,57.3,0.609,1.762
99.5,57.8,-0.160,1.768
99.5,58.3,-0.930,1.773
99.5,58.8,1.443,1.778
99.5,59.3,0.673,1.784
99.5,59.8,-0.096,1.789
99.5,60.3,-0.866,1.793
99.5,60.8,1.507,1.798
99.5,61.3,0.801,1.803
99.5,61.8,0.032,1.808
99.5,62.3,-0.737,1.813
99.5,62.8,-1.507,1.818
99.5,63.3,0.866,1.823
99.5,63.8,0.096,1.827
99.5,64.3,-0.673,1.832
99.5,64.8,-1.443,1.836
99.5,65.3,0.930,1.841
99.5,65.8,0.160,1.845
99.5,66.3,-0.609,1.849
99.5,66.8,-1.378,1.853
99.5,67.3,0.994,1.858
99.5,67.8,0.224,1.861
99.5,68.3,-0.481,1.865
99.5,68.8,-1.250,1.870
99.5,69.3,1.122,1.874
99.5,69.8,0.353,1.878
99.5,70.4,-0.417,1.882
99.5,70.9,-1.186,1.886
99.5,71.4,1.186,1.889
99.5,71.9,0.417,1.893
99.5,72.4,-0.353,1.897
99.5,72.9,-1.122,1.901
99.5,73.4,1.250,1.904
99.5,73.9,0.481,1.907
99.5,74.4,-0.289,1.911
99.5,74.9,-1.058,1.914
99.5,75.4,1.314,1.917
99.5,75.9,0.545,1.921
99.5,76.4,-0.224,1.924
99.5,76.9,-0.994,1.927
99.5,77.4,1.378,1.930
99.5,77.9,0.609,1.933
99.5,78.4,-0.160,1.936
99.5,78.9,-0.930,1.939
99.5,79.4,1.443,1.941
99.5,79.9,0.673,1.944
99.5,80.4,-0.096,1.947
99.5,80.9,-0.866,1.949
99.5,81.4,1.507,1.952
99.5,81.9,0.737,1.954
99.5,82.4,-0.032,1.957
99.5,82.9,-0.801,1.959
99.5,83.4,1.571,1.961
99.5,83.9,0.801,1.963
99.5,84.4,0.032,1.965
99.5,84.9,-0.737,1.967
99.5,85.4,-1.507,1.969
99.5,85.9,0.866,1.971
99.5,86.4,0.096,1.973
99.5,86.9,-0.673,1.975
99.5,87.4,-1.443,1.976
99.5,87.9,0.930,1.978
99.5,88.4,0.096,1.979
99.5,88.9,-0.673,1.981
99.5,89.4,-1.443,1.983
99.5,89.9,0.930,1.984
99.5,90.5,0.160,1.986
99.5,91.0,-0.609,1.987
99.5,91.5,-1.378,1.989
99.5,92.0,0.994,1.990
99.5,92.5,0.224,1.991
99.5,93.0,-0.545,1.992
99.5,93.5,-1.314,1.993
99.5,94.0,1.058,1.994
99.5,94.5,0.289,1.994
99.5,95.0,-0.481,1.995
99.5,95.5,-1.314,1.996
99.5,96.0,1.058,1.996
99.5,96.5,0.289,1.997
99.5,97.0,-0.481,1.998
99.5,97.5,-1.250,1.999
99.5,98.0,1.122,1.999
99.5,98.5,0.353,1.999
99.5,99.0,-0.417,1.999
99.5,99.5,-1.186,1.999
99.5,100.0,1.186,1.999
100.0,0.0,-0.545,0.832
100.0,0.5,-1.250,0.842
100.0,1.0,1.122,0.852
100.0,1.5,0.417,0.862
100.0,2.0,-0.353,0.872
100.0,2.5,-1.122,0.882
100.0,3.0,1.314,0.892
100.0,3.5,0.545,0.902
100.0,4.0,-0.160,0.911
100.0,4.5,-0.930,0.922
100.0,5.0,1.443,0.931
100.0,5.5,0.737,0.941
100.0,6.0,-0.032,0.951
100.0,6.5,-0.801,0.960
100.0,7.0,-1.507,0.971
100.0,7.5,0.866,0.980
100.0,8.0,0.160,0.990
100.0,8.5,-0.609,1.000
100.0,9.0,-1.378,1.009
100.0,9.5,1.058,1.019
100.0,10.1,0.289,1.029
100.0,10.6,-0.481,1.038
100.0,11.1,-1.186,1.047
100.0,11.6,1.186,1.057
100.0,12.1,0.417,1.066
100.0,12.6,-0.289,1.076
100.0,13.1,-1.058,1.085
100.0,13.6,1.314,1.094
100.0,14.1,0.609,1.104
100.0,14.6,-0.160,1.113
100.0,15.1,-0.930,1.122
100.0,15.6,1.507,1.132
100.0,16.1,0.737,1.141
100.0,16.6,-0.032,1.149
100.0,17.1,-0.737,1.159
100.0,17.6,-1.507,1.168
100.0,18.1,0.866,1.177
100.0,18.6,0.160,1.186
100.0,19.1,-0.609,1.195
100.0,19.6,-1.378,1.204
100.0,20.1,1.058,1.213
100.0,20.6,0.289,1.222
100.0,21.1,-0.481,1.230
100.0,21.6,-1.186,1.239
100.0,22.1,1.186,1.248
100.0,22.6,0.417,1.257
100.0,23.1,-0.353,1.265
100.0,23.6,-1.058,1.274
100.0,24.1,1.314,1.283
100.0,24.6,0.545,1.291
100.0,25.1,-0.160,1.300
100.0,25.6,-0.930,1.308
100.0,26.1,1.443,1.317
100.0,26.6,0.673,1.325
100.0,27.1,-0.032,1.333
100.0,27.6,-0.801,1.342
100.0,28.1,-1.571,1.350
100.0,28.6,0.866,1.358
100.0,29.1,0.096,1.367
100.0,29.6,-0.673,1.375
100.0,30.2,-1.443,1.383
100.0,30.7,0.994,1.391
100.0,31.2,0.224,1.399
100.0,31.7,-0.545,1.407
100.0,32.2,-1.314,1.415
100.0,32.7,1.122,1.422
100.0,33.2,0.353,1.431
100.0,33.7,-0.417,1.439
100.0,34.2,-1.186,1.446
100.0,34.7,1.250,1.453
100.0,35.2,0.481,1.462
100.0,35.7,-0.289,1.469
100.0,36.2,-1.058,1.477
100.0,36.7,1.314,1.484
100.0,37.2,0.609,1.492
100.0,37.7,-0.160,1.499
100.0,38.2,-0.930,1.507
100.0,38.7,1.443,1.514
100.0,39.2,0.737,1.521
100.0,39.7,-0.032,1.529
100.0,40.2,-0.801,1.536
100.0,40.7,-1.571,1.543
100.0,41.2,0.801,1.550
100.0,41.7,0.096,1.557
100.0,42.2,-0.673,1.564
100.0,42.7,-1.443,1.571
100.0,43.2,0.930,1.578
100.0,43.7,0.160,1.585
100.0,44.2,-0.609,1.591
100.0,44.7,-1.314,1.598
100.0,45.2,1.058,1.605
100.0,45.7,0.289,1.612
100.0,46.2,-0.481,1.619
100.0,46.7,-1.250,1.625
100.0,47.2,1.186,1.631
100.0,47.7,0.417,1.638
100.0,48.2,-0.353,1.645
100.0,48.7,-1.122,1.651
100.0,49.2,1.250,1.657
100.0,49.7,0.481,1.663
100.0,50.3,-0.289,1.669
100.0,50.8,-0.994,1.676
100.0,51.3,1.378,1.682
100.0,51.8,0.609,1.688
100.0,52.3,-0.160,1.694
100.0,52.8,-0.930,1.700
100.0,53.3,1.443,1.706
100.0,53.8,0.673,1.711
100.0,54.3,-0.032,1.717
100.0,54.8,-0.801,1.723
100.0,55.3,1.571,1.729
100.0,55.8,0.801,1.735
100.0,56.3,0.032,1.741
100.0,56.8,-0.737,1.746
100.0,57.3,-1.507,1.751
100.0,57.8,0.866,1.756
100.0,58.3,0.160,1.762
100.0,58.8,-0.609,1.767
100.0,59.3,-1.378,1.773
100.0,59.8,0.994,1.778
100.0,60.3,0.224,1.783
100.0,60.8,-0.545,1.788
100.0,61.3,-1.314,1.793
100.0,61.8,1.058,1.798
100.0,62.3,0.289,1.803
100.0,62.8,-0.481,1.807
100.0,63.3,-1.186,1.812
100.0,63.8,1.186,1.817
100.0,64.3,0.417,1.822
100.0,64.8,-0.353,1.827
100.0,65.3,-1.122,1.832
100.0,65.8,1.250,1.836
100.0,66.3,0.481,1.841
100.0,66.8,-0.289,1.845
100.0,67.3,-1.058,1.849
100.0,67.8,1.314,1.854
100.0,68.3,0.545,1.858
100.0,68.8,-0.224,1.862
100.0,69.3,-0.994,1.866
100.0,69.8,1.378,1.870
100.0,70.4,0.609,1.873
100.0,70.9,-0.160,1.877
100.0,71.4,-0.866,1.881
100.0,71.9,1.507,1.885
100.0,72.4,0.737,1.889
100.0,72.9,-0.032,1.893
100.0,73.4,-0.801,1.896
100.0,73.9,1.571,1.900
100.0,74.4,0.801,1.904
100.0,74.9,0.032,1.907
100.0,75.4,-0.737,1.911
100.0,75.9,-1.507,1.914
100.0,76.4,0.866,1.917
100.0,76.9,0.096,1.920
100.0,77.4,-0.673,1.924
100.0,77.9,-1.443,1.927
100.0,78.4,0.930,1.930
100.0,78.9,0.160,1.933
100.0,79.4,-0.609,1.935
100.0,79.9,-1.378,1.938
100.0,80.4,0.994,1.941
100.0,80.9,0.224,1.944
100.0,81.4,-0.545,1.946
100.0,81.9,-1.314,1.949
100.0,82.4,1.058,1.951
100.0,82.9,0.289,1.954
100.0,83.4,-0.481,1.956
100.0,83.9,-1.250,1.959
100.0,84.4,1.122,1.961
100.0,84.9,0.353,1.963
100.0,85.4,-0.417,1.965
100.0,85.9,-1.186,1.967
100.0,86.4,1.186,1.969
100.0,86.9,0.417,1.971
100.0,87.4,-0.417,1.972
100.0,87.9,-1.186,1.974
100.0,88.4,1.186,1.976
100.0,88.9,0.417,1.978
100.0,89.4,-0.353,1.980
100.0,89.9,-1.122,1.982
100.0,90.5,1.250,1.983
100.0,91.0,0.481,1.985
100.0,91.5,-0.289,1.986
100.0,92.0,-1.058,1.987
100.0,92.5,1.314,1.989
100.0,93.0,0.545,1.990
100.0,93.5,-0.224,1.991
100.0,94.0,-0.994,1.992
100.0,94.5,1.378,1.992
100.0,95.0,0.609,1.993
100.0,95.5,-0.224,1.994
100.0,96.0,-0.994,1.995
100.0,96.5,1.378,1.996
100.0,97.0,0.609,1.997
100.0,97.5,-0.160,1.998
100.0,98.0,-0.930,1.998
100.0,98.5,1.443,1.999
100.0,99.0,0.673,1.999
100.0,99.5,-0.096,1.999
100.0,100.0,-0.866,1.999
