0.0,0.0,-0.415
0.0,1.0,0.140
0.0,2.0,0.357
0.0,3.0,-0.230
0.0,4.0,-0.276
0.0,5.0,0.293
0.0,6.0,0.180
0.0,7.0,-0.326
0.0,8.0,-0.080
0.0,9.0,0.329
0.0,10.0,-0.017
0.0,11.0,-0.303
0.0,12.0,0.101
0.0,13.0,0.253
0.0,14.0,-0.165
0.0,15.0,-0.187
0.0,16.0,0.205
0.0,17.0,0.114
0.0,18.0,-0.220
0.0,19.0,-0.041
0.0,20.0,0.211
0.0,21.0,-0.024
0.0,22.0,-0.182
0.0,23.0,0.073
0.0,24.0,0.139
0.0,25.0,-0.104
0.0,26.0,-0.090
0.0,27.0,0.115
0.0,28.0,0.043
0.0,29.0,-0.108
0.0,30.0,-0.005
0.0,31.0,0.087
0.0,32.0,-0.020
0.0,33.0,-0.059
0.0,34.0,0.030
0.0,35.0,0.031
0.0,36.0,-0.025
0.0,37.0,-0.009
0.0,38.0,0.008
0.0,39.0,-0.000
0.0,40.0,0.014
0.0,41.0,-0.004
0.0,42.0,-0.035
0.0,43.0,0.023
0.0,44.0,0.047
0.0,45.0,-0.053
0.0,46.0,-0.044
0.0,47.0,0.087
0.0,48.0,0.023
0.0,49.0,-0.116
0.0,50.0,0.016
0.0,51.0,0.133
0.0,52.0,-0.069
0.0,53.0,-0.129
0.0,54.0,0.127
0.0,55.0,0.099
0.0,56.0,-0.181
0.0,57.0,-0.044
0.0,58.0,0.218
0.0,59.0,-0.032
0.0,60.0,-0.228
0.0,61.0,0.121
0.0,62.0,0.203
0.0,63.0,-0.208
0.0,64.0,-0.142
0.0,65.0,0.278
0.0,66.0,0.048
0.0,67.0,-0.317
0.0,68.0,0.069
0.0,69.0,0.312
0.0,70.0,-0.193
0.0,71.0,-0.258
0.0,72.0,0.304
0.0,73.0,0.156
0.0,74.0,-0.381
0.0,75.0,-0.016
0.0,76.0,0.408
0.0,77.0,-0.142
0.0,78.0,-0.373
0.0,79.0,0.295
0.0,80.0,0.275
0.0,81.0,-0.417
0.0,82.0,-0.122
0.0,83.0,0.484
0.0,84.0,-0.065
0.0,85.0,-0.478
0.0,86.0,0.259
0.0,87.0,0.392
0.0,88.0,-0.427
0.0,89.0,-0.234
0.0,90.0,0.537
0.0,91.0,0.024
0.0,92.0,-0.565
0.0,93.0,0.207
0.0,94.0,0.499
0.0,95.0,-0.419
0.0,96.0,-0.341
0.0,97.0,0.573
0.0,98.0,0.113
0.0,99.0,-0.637
0.0,100.0,0.150
1.0,0.0,0.216
1.0,1.0,-0.405
1.0,2.0,-0.098
1.0,3.0,0.412
1.0,4.0,-0.018
1.0,5.0,-0.386
1.0,6.0,0.123
1.0,7.0,0.332
1.0,8.0,-0.207
1.0,9.0,-0.257
1.0,10.0,0.266
1.0,11.0,0.167
1.0,12.0,-0.296
1.0,13.0,-0.074
1.0,14.0,0.297
1.0,15.0,-0.015
1.0,16.0,-0.271
1.0,17.0,0.090
1.0,18.0,0.224
1.0,19.0,-0.147
1.0,20.0,-0.163
1.0,21.0,0.180
1.0,22.0,0.096
1.0,23.0,-0.189
1.0,24.0,-0.031
1.0,25.0,0.177
1.0,26.0,-0.023
1.0,27.0,-0.148
1.0,28.0,0.063
1.0,29.0,0.109
1.0,30.0,-0.084
1.0,31.0,-0.066
1.0,32.0,0.087
1.0,33.0,0.028
1.0,34.0,-0.075
1.0,35.0,-0.001
1.0,36.0,0.053
1.0,37.0,-0.013
1.0,38.0,-0.027
1.0,39.0,0.012
1.0,40.0,0.006
1.0,41.0,0.003
1.0,42.0,0.006
1.0,43.0,-0.025
1.0,44.0,-0.004
1.0,45.0,0.049
1.0,46.0,-0.014
1.0,47.0,-0.066
1.0,48.0,0.045
1.0,49.0,0.069
1.0,50.0,-0.084
1.0,51.0,-0.054
1.0,52.0,0.122
1.0,53.0,0.019
1.0,54.0,-0.151
1.0,55.0,0.034
1.0,56.0,0.160
1.0,57.0,-0.098
1.0,58.0,-0.145
1.0,59.0,0.164
1.0,60.0,0.100
1.0,61.0,-0.219
1.0,62.0,-0.028
1.0,63.0,0.251
1.0,64.0,-0.063
1.0,65.0,-0.249
1.0,66.0,0.162
1.0,67.0,0.208
1.0,68.0,-0.253
1.0,69.0,-0.127
1.0,70.0,0.320
1.0,71.0,0.014
1.0,72.0,-0.346
1.0,73.0,0.118
1.0,74.0,0.322
1.0,75.0,-0.249
1.0,76.0,-0.244
1.0,77.0,0.357
1.0,78.0,0.118
1.0,79.0,-0.422
1.0,80.0,0.041
1.0,81.0,0.426
1.0,82.0,-0.211
1.0,83.0,-0.362
1.0,84.0,0.364
1.0,85.0,0.234
1.0,86.0,-0.472
1.0,87.0,-0.055
1.0,88.0,0.513
1.0,89.0,-0.149
1.0,90.0,-0.472
1.0,91.0,0.345
1.0,92.0,0.349
1.0,93.0,-0.500
1.0,94.0,-0.157
1.0,95.0,0.581
1.0,96.0,-0.076
1.0,97.0,-0.568
1.0,98.0,0.313
1.0,99.0,0.456
1.0,100.0,-0.512
2.0,0.0,0.160
2.0,1.0,0.401
2.0,2.0,-0.259
2.0,3.0,-0.314
2.0,4.0,0.332
2.0,5.0,0.210
2.0,6.0,-0.372
2.0,7.0,-0.099
2.0,8.0,0.380
2.0,9.0,-0.010
2.0,10.0,-0.357
2.0,11.0,0.108
2.0,12.0,0.306
2.0,13.0,-0.186
2.0,14.0,-0.235
2.0,15.0,0.240
2.0,16.0,0.152
2.0,17.0,-0.266
2.0,18.0,-0.066
2.0,19.0,0.264
2.0,20.0,-0.014
2.0,21.0,-0.238
2.0,22.0,0.081
2.0,23.0,0.194
2.0,24.0,-0.129
2.0,25.0,-0.137
2.0,26.0,0.155
2.0,27.0,0.078
2.0,28.0,-0.159
2.0,29.0,-0.022
2.0,30.0,0.144
2.0,31.0,-0.022
2.0,32.0,-0.115
2.0,33.0,0.051
2.0,34.0,0.079
2.0,35.0,-0.063
2.0,36.0,-0.044
2.0,37.0,0.058
2.0,38.0,0.015
2.0,39.0,-0.042
2.0,40.0,0.001
2.0,41.0,0.019
2.0,42.0,-0.003
2.0,43.0,0.003
2.0,44.0,-0.009
2.0,45.0,-0.017
2.0,46.0,0.032
2.0,47.0,0.018
2.0,48.0,-0.059
2.0,49.0,-0.003
2.0,50.0,0.082
2.0,51.0,-0.028
2.0,52.0,-0.094
2.0,53.0,0.071
2.0,54.0,0.088
2.0,55.0,-0.117
2.0,56.0,-0.059
2.0,57.0,0.158
2.0,58.0,0.009
2.0,59.0,-0.183
2.0,60.0,0.058
2.0,61.0,0.184
2.0,62.0,-0.133
2.0,63.0,-0.154
2.0,64.0,0.204
2.0,65.0,0.093
2.0,66.0,-0.258
2.0,67.0,-0.004
2.0,68.0,0.281
2.0,69.0,-0.102
2.0,70.0,-0.264
2.0,71.0,0.209
2.0,72.0,0.203
2.0,73.0,-0.301
2.0,74.0,-0.101
2.0,75.0,0.359
2.0,76.0,-0.031
2.0,77.0,-0.368
2.0,78.0,0.175
2.0,79.0,0.320
2.0,80.0,-0.309
2.0,81.0,-0.217
2.0,82.0,0.409
2.0,83.0,0.067
2.0,84.0,-0.455
2.0,85.0,0.109
2.0,86.0,0.432
2.0,87.0,-0.285
2.0,88.0,-0.336
2.0,89.0,0.431
2.0,90.0,0.177
2.0,91.0,-0.519
2.0,92.0,0.026
2.0,93.0,0.528
2.0,94.0,-0.241
2.0,95.0,-0.448
2.0,96.0,0.432
2.0,97.0,0.286
2.0,98.0,-0.564
2.0,99.0,-0.063
2.0,100.0,0.608
3.0,0.0,-0.453
3.0,1.0,-0.105
3.0,2.0,0.462
3.0,3.0,-0.021
3.0,4.0,-0.437
3.0,5.0,0.137
3.0,6.0,0.380
3.0,7.0,-0.233
3.0,8.0,-0.299
3.0,9.0,0.302
3.0,10.0,0.201
3.0,11.0,-0.341
3.0,12.0,-0.097
3.0,13.0,0.348
3.0,14.0,-0.005
3.0,15.0,-0.326
3.0,16.0,0.096
3.0,17.0,0.278
3.0,18.0,-0.167
3.0,19.0,-0.211
3.0,20.0,0.215
3.0,21.0,0.135
3.0,22.0,-0.236
3.0,23.0,-0.056
3.0,24.0,0.232
3.0,25.0,-0.015
3.0,26.0,-0.205
3.0,27.0,0.072
3.0,28.0,0.163
3.0,29.0,-0.111
3.0,30.0,-0.112
3.0,31.0,0.129
3.0,32.0,0.059
3.0,33.0,-0.128
3.0,34.0,-0.014
3.0,35.0,0.110
3.0,36.0,-0.020
3.0,37.0,-0.082
3.0,38.0,0.038
3.0,39.0,0.050
3.0,40.0,-0.040
3.0,41.0,-0.022
3.0,42.0,0.028
3.0,43.0,0.005
3.0,44.0,-0.008
3.0,45.0,-0.000
3.0,46.0,-0.014
3.0,47.0,0.011
3.0,48.0,0.031
3.0,49.0,-0.034
3.0,50.0,-0.036
3.0,51.0,0.064
3.0,52.0,0.025
3.0,53.0,-0.094
3.0,54.0,0.004
3.0,55.0,0.115
3.0,56.0,-0.048
3.0,57.0,-0.119
3.0,58.0,0.101
3.0,59.0,0.101
3.0,60.0,-0.153
3.0,61.0,-0.058
3.0,62.0,0.194
3.0,63.0,-0.008
3.0,64.0,-0.213
3.0,65.0,0.088
3.0,66.0,0.202
3.0,67.0,-0.173
3.0,68.0,-0.156
3.0,69.0,0.246
3.0,70.0,0.076
3.0,71.0,-0.295
3.0,72.0,0.030
3.0,73.0,0.305
3.0,74.0,-0.148
3.0,75.0,-0.270
3.0,76.0,0.261
3.0,77.0,0.187
3.0,78.0,-0.348
3.0,79.0,-0.064
3.0,80.0,0.393
3.0,81.0,-0.085
3.0,82.0,-0.381
3.0,83.0,0.238
3.0,84.0,0.307
3.0,85.0,-0.370
3.0,86.0,-0.176
3.0,87.0,0.456
3.0,88.0,0.003
3.0,89.0,-0.477
3.0,90.0,0.187
3.0,91.0,0.422
3.0,92.0,-0.363
3.0,93.0,-0.292
3.0,94.0,0.495
3.0,95.0,0.103
3.0,96.0,-0.555
3.0,97.0,0.119
3.0,98.0,0.525
3.0,99.0,-0.338
3.0,100.0,-0.403
4.0,0.0,0.441
4.0,1.0,-0.294
4.0,2.0,-0.347
4.0,3.0,0.373
4.0,4.0,0.234
4.0,5.0,-0.420
4.0,6.0,-0.113
4.0,7.0,0.431
4.0,8.0,-0.008
4.0,9.0,-0.409
4.0,10.0,0.118
4.0,11.0,0.356
4.0,12.0,-0.209
4.0,13.0,-0.280
4.0,14.0,0.274
4.0,15.0,0.189
4.0,16.0,-0.310
4.0,17.0,-0.091
4.0,18.0,0.316
4.0,19.0,-0.003
4.0,20.0,-0.294
4.0,21.0,0.086
4.0,22.0,0.249
4.0,23.0,-0.150
4.0,24.0,-0.187
4.0,25.0,0.190
4.0,26.0,0.116
4.0,27.0,-0.206
4.0,28.0,-0.046
4.0,29.0,0.199
4.0,30.0,-0.016
4.0,31.0,-0.172
4.0,32.0,0.064
4.0,33.0,0.132
4.0,34.0,-0.093
4.0,35.0,-0.086
4.0,36.0,0.103
4.0,37.0,0.042
4.0,38.0,-0.096
4.0,39.0,-0.007
4.0,40.0,0.076
4.0,41.0,-0.016
4.0,42.0,-0.049
4.0,43.0,0.022
4.0,44.0,0.023
4.0,45.0,-0.015
4.0,46.0,-0.004
4.0,47.0,-0.003
4.0,48.0,-0.003
4.0,49.0,0.026
4.0,50.0,-0.006
4.0,51.0,-0.047
4.0,52.0,0.028
4.0,53.0,0.057
4.0,54.0,-0.061
4.0,55.0,-0.051
4.0,56.0,0.098
4.0,57.0,0.027
4.0,58.0,-0.129
4.0,59.0,0.016
4.0,60.0,0.145
4.0,61.0,-0.073
4.0,62.0,-0.140
4.0,63.0,0.135
4.0,64.0,0.107
4.0,65.0,-0.191
4.0,66.0,-0.048
4.0,67.0,0.230
4.0,68.0,-0.032
4.0,69.0,-0.240
4.0,70.0,0.125
4.0,71.0,0.214
4.0,72.0,-0.216
4.0,73.0,-0.149
4.0,74.0,0.289
4.0,75.0,0.050
4.0,76.0,-0.329
4.0,77.0,0.072
4.0,78.0,0.323
4.0,79.0,-0.200
4.0,80.0,-0.266
4.0,81.0,0.314
4.0,82.0,0.159
4.0,83.0,-0.393
4.0,84.0,-0.015
4.0,85.0,0.419
4.0,86.0,-0.149
4.0,87.0,-0.381
4.0,88.0,0.306
4.0,89.0,0.278
4.0,90.0,-0.430
4.0,91.0,-0.120
4.0,92.0,0.495
4.0,93.0,-0.073
4.0,94.0,-0.486
4.0,95.0,0.271
4.0,96.0,0.395
4.0,97.0,-0.441
4.0,98.0,-0.230
4.0,99.0,0.550
4.0,100.0,0.013
5.0,0.0,-0.103
5.0,1.0,0.512
5.0,2.0,-0.033
5.0,3.0,-0.484
5.0,4.0,0.158
5.0,5.0,0.423
5.0,6.0,-0.263
5.0,7.0,-0.336
5.0,8.0,0.341
5.0,9.0,0.230
5.0,10.0,-0.387
5.0,11.0,-0.115
5.0,12.0,0.399
5.0,13.0,0.001
5.0,14.0,-0.379
5.0,15.0,0.102
5.0,16.0,0.330
5.0,17.0,-0.188
5.0,18.0,-0.259
5.0,19.0,0.248
5.0,20.0,0.174
5.0,21.0,-0.280
5.0,22.0,-0.083
5.0,23.0,0.284
5.0,24.0,-0.003
5.0,25.0,-0.262
5.0,26.0,0.077
5.0,27.0,0.218
5.0,28.0,-0.133
5.0,29.0,-0.161
5.0,30.0,0.166
5.0,31.0,0.097
5.0,32.0,-0.176
5.0,33.0,-0.035
5.0,34.0,0.166
5.0,35.0,-0.017
5.0,36.0,-0.138
5.0,37.0,0.054
5.0,38.0,0.101
5.0,39.0,-0.074
5.0,40.0,-0.062
5.0,41.0,0.076
5.0,42.0,0.026
5.0,43.0,-0.063
5.0,44.0,-0.002
5.0,45.0,0.041
5.0,46.0,-0.009
5.0,47.0,-0.017
5.0,48.0,0.004
5.0,49.0,-0.003
5.0,50.0,0.012
5.0,51.0,0.012
5.0,52.0,-0.036
5.0,53.0,-0.006
5.0,54.0,0.061
5.0,55.0,-0.015
5.0,56.0,-0.077
5.0,57.0,0.050
5.0,58.0,0.079
5.0,59.0,-0.092
5.0,60.0,-0.062
5.0,61.0,0.133
5.0,62.0,0.023
5.0,63.0,-0.163
5.0,64.0,0.034
5.0,65.0,0.172
5.0,66.0,-0.103
5.0,67.0,-0.155
5.0,68.0,0.173
5.0,69.0,0.107
5.0,70.0,-0.230
5.0,71.0,-0.031
5.0,72.0,0.263
5.0,73.0,-0.065
5.0,74.0,-0.261
5.0,75.0,0.169
5.0,76.0,0.217
5.0,77.0,-0.263
5.0,78.0,-0.132
5.0,79.0,0.331
5.0,80.0,0.014
5.0,81.0,-0.358
5.0,82.0,0.123
5.0,83.0,0.331
5.0,84.0,-0.258
5.0,85.0,-0.249
5.0,86.0,0.369
5.0,87.0,0.118
5.0,88.0,-0.434
5.0,89.0,0.046
5.0,90.0,0.436
5.0,91.0,-0.220
5.0,92.0,-0.368
5.0,93.0,0.376
5.0,94.0,0.234
5.0,95.0,-0.485
5.0,96.0,-0.049
5.0,97.0,0.523
5.0,98.0,-0.160
5.0,99.0,-0.478
5.0,100.0,0.360
6.0,0.0,-0.337
6.0,1.0,-0.370
6.0,2.0,0.420
6.0,3.0,0.249
6.0,4.0,-0.469
6.0,5.0,-0.118
6.0,6.0,0.481
6.0,7.0,-0.013
6.0,8.0,-0.458
6.0,9.0,0.134
6.0,10.0,0.403
6.0,11.0,-0.235
6.0,12.0,-0.322
6.0,13.0,0.310
6.0,14.0,0.222
6.0,15.0,-0.355
6.0,16.0,-0.114
6.0,17.0,0.367
6.0,18.0,0.007
6.0,19.0,-0.348
6.0,20.0,0.090
6.0,21.0,0.302
6.0,22.0,-0.168
6.0,23.0,-0.236
6.0,24.0,0.223
6.0,25.0,0.156
6.0,26.0,-0.251
6.0,27.0,-0.074
6.0,28.0,0.252
6.0,29.0,-0.004
6.0,30.0,-0.229
6.0,31.0,0.069
6.0,32.0,0.187
6.0,33.0,-0.116
6.0,34.0,-0.134
6.0,35.0,0.142
6.0,36.0,0.077
6.0,37.0,-0.146
6.0,38.0,-0.025
6.0,39.0,0.132
6.0,40.0,-0.017
6.0,41.0,-0.105
6.0,42.0,0.043
6.0,43.0,0.071
6.0,44.0,-0.053
6.0,45.0,-0.038
6.0,46.0,0.047
6.0,47.0,0.013
6.0,48.0,-0.030
6.0,49.0,0.000
6.0,50.0,0.007
6.0,51.0,0.001
6.0,52.0,0.014
6.0,53.0,-0.017
6.0,54.0,-0.025
6.0,55.0,0.042
6.0,56.0,0.023
6.0,57.0,-0.071
6.0,58.0,-0.004
6.0,59.0,0.095
6.0,60.0,-0.030
6.0,61.0,-0.106
6.0,62.0,0.076
6.0,63.0,0.097
6.0,64.0,-0.126
6.0,65.0,-0.066
6.0,66.0,0.169
6.0,67.0,0.012
6.0,68.0,-0.196
6.0,69.0,0.060
6.0,70.0,0.196
6.0,71.0,-0.139
6.0,72.0,-0.164
6.0,73.0,0.214
6.0,74.0,0.098
6.0,75.0,-0.269
6.0,76.0,-0.005
6.0,77.0,0.293
6.0,78.0,-0.105
6.0,79.0,-0.274
6.0,80.0,0.217
6.0,81.0,0.210
6.0,82.0,-0.312
6.0,83.0,-0.104
6.0,84.0,0.371
6.0,85.0,-0.033
6.0,86.0,-0.379
6.0,87.0,0.182
6.0,88.0,0.328
6.0,89.0,-0.319
6.0,90.0,-0.220
6.0,91.0,0.421
6.0,92.0,0.065
6.0,93.0,-0.466
6.0,94.0,0.117
6.0,95.0,0.440
6.0,96.0,-0.297
6.0,97.0,-0.339
6.0,98.0,0.445
6.0,99.0,0.173
6.0,100.0,-0.531
7.0,0.0,0.560
7.0,1.0,-0.056
7.0,2.0,-0.527
7.0,3.0,0.189
7.0,4.0,0.461
7.0,5.0,-0.300
7.0,6.0,-0.366
7.0,7.0,0.384
7.0,8.0,0.252
7.0,9.0,-0.434
7.0,10.0,-0.127
7.0,11.0,0.450
7.0,12.0,0.002
7.0,13.0,-0.430
7.0,14.0,0.113
7.0,15.0,0.380
7.0,16.0,-0.210
7.0,17.0,-0.304
7.0,18.0,0.282
7.0,19.0,0.210
7.0,20.0,-0.324
7.0,21.0,-0.109
7.0,22.0,0.335
7.0,23.0,0.010
7.0,24.0,-0.317
7.0,25.0,0.080
7.0,26.0,0.273
7.0,27.0,-0.151
7.0,28.0,-0.211
7.0,29.0,0.199
7.0,30.0,0.138
7.0,31.0,-0.222
7.0,32.0,-0.062
7.0,33.0,0.220
7.0,34.0,-0.006
7.0,35.0,-0.196
7.0,36.0,0.062
7.0,37.0,0.156
7.0,38.0,-0.099
7.0,39.0,-0.108
7.0,40.0,0.117
7.0,41.0,0.058
7.0,42.0,-0.115
7.0,43.0,-0.016
7.0,44.0,0.098
7.0,45.0,-0.015
7.0,46.0,-0.071
7.0,47.0,0.030
7.0,48.0,0.042
7.0,49.0,-0.030
7.0,50.0,-0.017
7.0,51.0,0.017
7.0,52.0,0.002
7.0,53.0,0.004
7.0,54.0,-0.001
7.0,55.0,-0.026
7.0,56.0,0.015
7.0,57.0,0.042
7.0,58.0,-0.041
7.0,59.0,-0.045
7.0,60.0,0.074
7.0,61.0,0.030
7.0,62.0,-0.106
7.0,63.0,0.002
7.0,64.0,0.127
7.0,65.0,-0.050
7.0,66.0,-0.130
7.0,67.0,0.107
7.0,68.0,0.110
7.0,69.0,-0.163
7.0,70.0,-0.063
7.0,71.0,0.206
7.0,72.0,-0.006
7.0,73.0,-0.226
7.0,74.0,0.092
7.0,75.0,0.213
7.0,76.0,-0.180
7.0,77.0,-0.164
7.0,78.0,0.257
7.0,79.0,0.080
7.0,80.0,-0.307
7.0,81.0,0.030
7.0,82.0,0.317
7.0,83.0,-0.153
7.0,84.0,-0.279
7.0,85.0,0.270
7.0,86.0,0.192
7.0,87.0,-0.360
7.0,88.0,-0.064
7.0,89.0,0.404
7.0,90.0,-0.090
7.0,91.0,-0.390
7.0,92.0,0.247
7.0,93.0,0.312
7.0,94.0,-0.382
7.0,95.0,-0.176
7.0,96.0,0.468
7.0,97.0,-0.003
7.0,98.0,-0.487
7.0,99.0,0.197
7.0,100.0,0.427
8.0,0.0,-0.383
8.0,1.0,0.472
8.0,2.0,0.252
8.0,3.0,-0.520
8.0,4.0,-0.112
8.0,5.0,0.531
8.0,6.0,-0.028
8.0,7.0,-0.505
8.0,8.0,0.157
8.0,9.0,0.445
8.0,10.0,-0.267
8.0,11.0,-0.357
8.0,12.0,0.350
8.0,13.0,0.249
8.0,14.0,-0.401
8.0,15.0,-0.131
8.0,16.0,0.418
8.0,17.0,0.013
8.0,18.0,-0.401
8.0,19.0,0.096
8.0,20.0,0.354
8.0,21.0,-0.188
8.0,22.0,-0.283
8.0,23.0,0.255
8.0,24.0,0.196
8.0,25.0,-0.294
8.0,26.0,-0.102
8.0,27.0,0.304
8.0,28.0,0.010
8.0,29.0,-0.285
8.0,30.0,0.071
8.0,31.0,0.243
8.0,32.0,-0.135
8.0,33.0,-0.185
8.0,34.0,0.176
8.0,35.0,0.118
8.0,36.0,-0.193
8.0,37.0,-0.050
8.0,38.0,0.187
8.0,39.0,-0.009
8.0,40.0,-0.162
8.0,41.0,0.054
8.0,42.0,0.124
8.0,43.0,-0.082
8.0,44.0,-0.081
8.0,45.0,0.091
8.0,46.0,0.040
8.0,47.0,-0.084
8.0,48.0,-0.008
8.0,49.0,0.064
8.0,50.0,-0.011
8.0,51.0,-0.038
8.0,52.0,0.015
8.0,53.0,0.014
8.0,54.0,-0.005
8.0,55.0,0.002
8.0,56.0,-0.015
8.0,57.0,-0.006
8.0,58.0,0.039
8.0,59.0,-0.007
8.0,60.0,-0.059
8.0,61.0,0.033
8.0,62.0,0.068
8.0,63.0,-0.069
8.0,64.0,-0.060
8.0,65.0,0.108
8.0,66.0,0.032
8.0,67.0,-0.141
8.0,68.0,0.015
8.0,69.0,0.157
8.0,70.0,-0.076
8.0,71.0,-0.151
8.0,72.0,0.142
8.0,73.0,0.116
8.0,74.0,-0.202
8.0,75.0,-0.053
8.0,76.0,0.242
8.0,77.0,-0.033
8.0,78.0,-0.252
8.0,79.0,0.130
8.0,80.0,0.224
8.0,81.0,-0.225
8.0,82.0,-0.156
8.0,83.0,0.300
8.0,84.0,0.052
8.0,85.0,-0.341
8.0,86.0,0.075
8.0,87.0,0.334
8.0,88.0,-0.208
8.0,89.0,-0.273
8.0,90.0,0.325
8.0,91.0,0.162
8.0,92.0,-0.405
8.0,93.0,-0.012
8.0,94.0,0.430
8.0,95.0,-0.156
8.0,96.0,-0.389
8.0,97.0,0.317
8.0,98.0,0.281
8.0,99.0,-0.442
8.0,100.0,-0.117
9.0,0.0,-0.092
9.0,1.0,-0.565
9.0,2.0,0.230
9.0,3.0,0.490
9.0,4.0,-0.346
9.0,5.0,-0.387
9.0,6.0,0.432
9.0,7.0,0.264
9.0,8.0,-0.484
9.0,9.0,-0.129
9.0,10.0,0.500
9.0,11.0,-0.005
9.0,12.0,-0.479
9.0,13.0,0.130
9.0,14.0,0.425
9.0,15.0,-0.237
9.0,16.0,-0.344
9.0,17.0,0.318
9.0,18.0,0.243
9.0,19.0,-0.369
9.0,20.0,-0.131
9.0,21.0,0.386
9.0,22.0,0.020
9.0,23.0,-0.371
9.0,24.0,0.083
9.0,25.0,0.327
9.0,26.0,-0.169
9.0,27.0,-0.260
9.0,28.0,0.230
9.0,29.0,0.179
9.0,30.0,-0.265
9.0,31.0,-0.092
9.0,32.0,0.272
9.0,33.0,0.008
9.0,34.0,-0.252
9.0,35.0,0.065
9.0,36.0,0.212
9.0,37.0,-0.119
9.0,38.0,-0.158
9.0,39.0,0.153
9.0,40.0,0.097
9.0,41.0,-0.163
9.0,42.0,-0.038
9.0,43.0,0.154
9.0,44.0,-0.011
9.0,45.0,-0.128
9.0,46.0,0.046
9.0,47.0,0.093
9.0,48.0,-0.063
9.0,49.0,-0.056
9.0,50.0,0.064
9.0,51.0,0.024
9.0,52.0,-0.051
9.0,53.0,-0.002
9.0,54.0,0.029
9.0,55.0,-0.005
9.0,56.0,-0.006
9.0,57.0,-0.003
9.0,58.0,-0.012
9.0,59.0,0.022
9.0,60.0,0.018
9.0,61.0,-0.048
9.0,62.0,-0.009
9.0,63.0,0.073
9.0,64.0,-0.017
9.0,65.0,-0.089
9.0,66.0,0.055
9.0,67.0,0.090
9.0,68.0,-0.101
9.0,69.0,-0.069
9.0,70.0,0.144
9.0,71.0,0.027
9.0,72.0,-0.175
9.0,73.0,0.035
9.0,74.0,0.185
9.0,75.0,-0.108
9.0,76.0,-0.165
9.0,77.0,0.181
9.0,78.0,0.114
9.0,79.0,-0.241
9.0,80.0,-0.034
9.0,81.0,0.275
9.0,82.0,-0.067
9.0,83.0,-0.272
9.0,84.0,0.175
9.0,85.0,0.225
9.0,86.0,-0.273
9.0,87.0,-0.137
9.0,88.0,0.343
9.0,89.0,0.014
9.0,90.0,-0.369
9.0,91.0,0.128
9.0,92.0,0.341
9.0,93.0,-0.267
9.0,94.0,-0.255
9.0,95.0,0.380
9.0,96.0,0.119
9.0,97.0,-0.445
9.0,98.0,0.051
9.0,99.0,0.446
9.0,100.0,-0.230
10.0,0.0,0.529
10.0,1.0,0.242
10.0,2.0,-0.573
10.0,3.0,-0.093
10.0,4.0,0.579
10.0,5.0,-0.055
10.0,6.0,-0.547
10.0,7.0,0.191
10.0,8.0,0.480
10.0,9.0,-0.307
10.0,10.0,-0.385
10.0,11.0,0.394
10.0,12.0,0.269
10.0,13.0,-0.449
10.0,14.0,-0.141
10.0,15.0,0.468
10.0,16.0,0.012
10.0,17.0,-0.452
10.0,18.0,0.108
10.0,19.0,0.403
10.0,20.0,-0.211
10.0,21.0,-0.327
10.0,22.0,0.289
10.0,23.0,0.232
10.0,24.0,-0.337
10.0,25.0,-0.128
10.0,26.0,0.354
10.0,27.0,0.023
10.0,28.0,-0.339
10.0,29.0,0.073
10.0,30.0,0.298
10.0,31.0,-0.151
10.0,32.0,-0.235
10.0,33.0,0.207
10.0,34.0,0.160
10.0,35.0,-0.236
10.0,36.0,-0.080
10.0,37.0,0.239
10.0,38.0,0.005
10.0,39.0,-0.219
10.0,40.0,0.058
10.0,41.0,0.180
10.0,42.0,-0.104
10.0,43.0,-0.130
10.0,44.0,0.129
10.0,45.0,0.076
10.0,46.0,-0.133
10.0,47.0,-0.027
10.0,48.0,0.120
10.0,49.0,-0.012
10.0,50.0,-0.094
10.0,51.0,0.036
10.0,52.0,0.062
10.0,53.0,-0.043
10.0,54.0,-0.032
10.0,55.0,0.036
10.0,56.0,0.010
10.0,57.0,-0.018
10.0,58.0,-0.000
10.0,59.0,-0.005
10.0,60.0,0.005
10.0,61.0,0.024
10.0,62.0,-0.024
10.0,63.0,-0.034
10.0,64.0,0.052
10.0,65.0,0.029
10.0,66.0,-0.082
10.0,67.0,-0.007
10.0,68.0,0.107
10.0,69.0,-0.032
10.0,70.0,-0.117
10.0,71.0,0.082
10.0,72.0,0.107
10.0,73.0,-0.135
10.0,74.0,-0.073
10.0,75.0,0.181
10.0,76.0,0.015
10.0,77.0,-0.208
10.0,78.0,0.061
10.0,79.0,0.207
10.0,80.0,-0.145
10.0,81.0,-0.173
10.0,82.0,0.223
10.0,83.0,0.104
10.0,84.0,-0.281
10.0,85.0,-0.006
10.0,86.0,0.305
10.0,87.0,-0.109
10.0,88.0,-0.285
10.0,89.0,0.225
10.0,90.0,0.217
10.0,91.0,-0.323
10.0,92.0,-0.106
10.0,93.0,0.383
10.0,94.0,-0.036
10.0,95.0,-0.390
10.0,96.0,0.189
10.0,97.0,0.336
10.0,98.0,-0.330
10.0,99.0,-0.223
10.0,100.0,0.433
11.0,0.0,-0.595
11.0,1.0,0.284
11.0,2.0,0.509
11.0,3.0,-0.400
11.0,4.0,-0.396
11.0,5.0,0.486
11.0,6.0,0.263
11.0,7.0,-0.537
11.0,8.0,-0.120
11.0,9.0,0.550
11.0,10.0,-0.023
11.0,11.0,-0.525
11.0,12.0,0.157
11.0,13.0,0.465
11.0,14.0,-0.271
11.0,15.0,-0.377
11.0,16.0,0.359
11.0,17.0,0.268
11.0,18.0,-0.415
11.0,19.0,-0.147
11.0,20.0,0.436
11.0,21.0,0.024
11.0,22.0,-0.422
11.0,23.0,0.090
11.0,24.0,0.378
11.0,25.0,-0.188
11.0,26.0,-0.307
11.0,27.0,0.262
11.0,28.0,0.218
11.0,29.0,-0.307
11.0,30.0,-0.120
11.0,31.0,0.322
11.0,32.0,0.023
11.0,33.0,-0.307
11.0,34.0,0.065
11.0,35.0,0.268
11.0,36.0,-0.135
11.0,37.0,-0.209
11.0,38.0,0.184
11.0,39.0,0.139
11.0,40.0,-0.208
11.0,41.0,-0.067
11.0,42.0,0.207
11.0,43.0,0.001
11.0,44.0,-0.185
11.0,45.0,0.052
11.0,46.0,0.148
11.0,47.0,-0.088
11.0,48.0,-0.103
11.0,49.0,0.105
11.0,50.0,0.056
11.0,51.0,-0.103
11.0,52.0,-0.017
11.0,53.0,0.086
11.0,54.0,-0.011
11.0,55.0,-0.060
11.0,56.0,0.024
11.0,57.0,0.033
11.0,58.0,-0.021
11.0,59.0,-0.010
11.0,60.0,0.006
11.0,61.0,-0.001
11.0,62.0,0.016
11.0,63.0,-0.001
11.0,64.0,-0.038
11.0,65.0,0.019
11.0,66.0,0.053
11.0,67.0,-0.048
11.0,68.0,-0.053
11.0,69.0,0.084
11.0,70.0,0.036
11.0,71.0,-0.117
11.0,72.0,0.001
11.0,73.0,0.139
11.0,74.0,-0.053
11.0,75.0,-0.142
11.0,76.0,0.114
11.0,77.0,0.119
11.0,78.0,-0.173
11.0,79.0,-0.069
11.0,80.0,0.218
11.0,81.0,-0.005
11.0,82.0,-0.238
11.0,83.0,0.095
11.0,84.0,0.224
11.0,85.0,-0.187
11.0,86.0,-0.172
11.0,87.0,0.267
11.0,88.0,0.084
11.0,89.0,-0.319
11.0,90.0,0.031
11.0,91.0,0.328
11.0,92.0,-0.159
11.0,93.0,-0.288
11.0,94.0,0.279
11.0,95.0,0.197
11.0,96.0,-0.372
11.0,97.0,-0.064
11.0,98.0,0.416
11.0,99.0,-0.095
11.0,100.0,-0.400
12.0,0.0,0.215
12.0,1.0,-0.627
12.0,2.0,-0.058
12.0,3.0,0.624
12.0,4.0,-0.096
12.0,5.0,-0.583
12.0,6.0,0.236
12.0,7.0,0.507
12.0,8.0,-0.355
12.0,9.0,-0.402
12.0,10.0,0.445
12.0,11.0,0.277
12.0,12.0,-0.500
12.0,13.0,-0.140
12.0,14.0,0.518
12.0,15.0,0.002
12.0,16.0,-0.500
12.0,17.0,0.128
12.0,18.0,0.447
12.0,19.0,-0.240
12.0,20.0,-0.365
12.0,21.0,0.326
12.0,22.0,0.263
12.0,23.0,-0.382
12.0,24.0,-0.149
12.0,25.0,0.404
12.0,26.0,0.032
12.0,27.0,-0.392
12.0,28.0,0.076
12.0,29.0,0.351
12.0,30.0,-0.168
12.0,31.0,-0.284
12.0,32.0,0.237
12.0,33.0,0.201
12.0,34.0,-0.278
12.0,35.0,-0.111
12.0,36.0,0.290
12.0,37.0,0.021
12.0,38.0,-0.275
12.0,39.0,0.058
12.0,40.0,0.237
12.0,41.0,-0.121
12.0,42.0,-0.182
12.0,43.0,0.162
12.0,44.0,0.118
12.0,45.0,-0.179
12.0,46.0,-0.054
12.0,47.0,0.175
12.0,48.0,-0.003
12.0,49.0,-0.152
12.0,50.0,0.046
12.0,51.0,0.116
12.0,52.0,-0.072
12.0,53.0,-0.076
12.0,54.0,0.080
12.0,55.0,0.038
12.0,56.0,-0.071
12.0,57.0,-0.008
12.0,58.0,0.052
12.0,59.0,-0.008
12.0,60.0,-0.027
12.0,61.0,0.009
12.0,62.0,0.005
12.0,63.0,0.004
12.0,64.0,0.009
12.0,65.0,-0.026
12.0,66.0,-0.009
12.0,67.0,0.051
12.0,68.0,-0.007
12.0,69.0,-0.071
12.0,70.0,0.037
12.0,71.0,0.078
12.0,72.0,-0.077
12.0,73.0,-0.068
12.0,74.0,0.119
12.0,75.0,0.036
12.0,76.0,-0.153
12.0,77.0,0.015
12.0,78.0,0.170
12.0,79.0,-0.080
12.0,80.0,-0.162
12.0,81.0,0.150
12.0,82.0,0.124
12.0,83.0,-0.212
12.0,84.0,-0.057
12.0,85.0,0.254
12.0,86.0,-0.033
12.0,87.0,-0.264
12.0,88.0,0.135
12.0,89.0,0.234
12.0,90.0,-0.234
12.0,91.0,-0.162
12.0,92.0,0.312
12.0,93.0,0.054
12.0,94.0,-0.353
12.0,95.0,0.078
12.0,96.0,0.344
12.0,97.0,-0.215
12.0,98.0,-0.280
12.0,99.0,0.336
12.0,100.0,0.165
13.0,0.0,0.350
13.0,1.0,0.515
13.0,2.0,-0.464
13.0,3.0,-0.390
13.0,4.0,0.546
13.0,5.0,0.248
13.0,6.0,-0.591
13.0,7.0,-0.096
13.0,8.0,0.597
13.0,9.0,-0.055
13.0,10.0,-0.566
13.0,11.0,0.194
13.0,12.0,0.499
13.0,13.0,-0.314
13.0,14.0,-0.402
13.0,15.0,0.405
13.0,16.0,0.285
13.0,17.0,-0.464
13.0,18.0,-0.154
13.0,19.0,0.486
13.0,20.0,0.021
13.0,21.0,-0.472
13.0,22.0,0.104
13.0,23.0,0.425
13.0,24.0,-0.212
13.0,25.0,-0.350
13.0,26.0,0.296
13.0,27.0,0.253
13.0,28.0,-0.350
13.0,29.0,-0.146
13.0,30.0,0.372
13.0,31.0,0.037
13.0,32.0,-0.361
13.0,33.0,0.065
13.0,34.0,0.322
13.0,35.0,-0.150
13.0,36.0,-0.260
13.0,37.0,0.213
13.0,38.0,0.182
13.0,39.0,-0.250
13.0,40.0,-0.099
13.0,41.0,0.258
13.0,42.0,0.017
13.0,43.0,-0.242
13.0,44.0,0.053
13.0,45.0,0.205
13.0,46.0,-0.107
13.0,47.0,-0.154
13.0,48.0,0.139
13.0,49.0,0.096
13.0,50.0,-0.150
13.0,51.0,-0.041
13.0,52.0,0.142
13.0,53.0,-0.006
13.0,54.0,-0.117
13.0,55.0,0.038
13.0,56.0,0.084
13.0,57.0,-0.054
13.0,58.0,-0.050
13.0,59.0,0.053
13.0,60.0,0.021
13.0,61.0,-0.039
13.0,62.0,-0.002
13.0,63.0,0.017
13.0,64.0,-0.001
13.0,65.0,0.005
13.0,66.0,-0.009
13.0,67.0,-0.021
13.0,68.0,0.031
13.0,69.0,0.024
13.0,70.0,-0.059
13.0,71.0,-0.012
13.0,72.0,0.085
13.0,73.0,-0.017
13.0,74.0,-0.101
13.0,75.0,0.060
13.0,76.0,0.100
13.0,77.0,-0.109
13.0,78.0,-0.077
13.0,79.0,0.155
13.0,80.0,0.031
13.0,81.0,-0.187
13.0,82.0,0.035
13.0,83.0,0.197
13.0,84.0,-0.113
13.0,85.0,-0.176
13.0,86.0,0.190
13.0,87.0,0.121
13.0,88.0,-0.253
13.0,89.0,-0.037
13.0,90.0,0.287
13.0,91.0,-0.069
13.0,92.0,-0.283
13.0,93.0,0.181
13.0,94.0,0.234
13.0,95.0,-0.283
13.0,96.0,-0.141
13.0,97.0,0.355
13.0,98.0,0.013
13.0,99.0,-0.381
13.0,100.0,0.134
14.0,0.0,-0.678
14.0,1.0,-0.005
14.0,2.0,0.663
14.0,3.0,-0.152
14.0,4.0,-0.610
14.0,5.0,0.295
14.0,6.0,0.523
14.0,7.0,-0.413
14.0,8.0,-0.407
14.0,9.0,0.501
14.0,10.0,0.272
14.0,11.0,-0.554
14.0,12.0,-0.126
14.0,13.0,0.568
14.0,14.0,-0.020
14.0,15.0,-0.544
14.0,16.0,0.157
14.0,17.0,0.485
14.0,18.0,-0.276
14.0,19.0,-0.397
14.0,20.0,0.368
14.0,21.0,0.286
14.0,22.0,-0.429
14.0,23.0,-0.162
14.0,24.0,0.454
14.0,25.0,0.036
14.0,26.0,-0.444
14.0,27.0,0.084
14.0,28.0,0.401
14.0,29.0,-0.188
14.0,30.0,-0.330
14.0,31.0,0.268
14.0,32.0,0.240
14.0,33.0,-0.319
14.0,34.0,-0.140
14.0,35.0,0.340
14.0,36.0,0.037
14.0,37.0,-0.329
14.0,38.0,0.057
14.0,39.0,0.292
14.0,40.0,-0.135
14.0,41.0,-0.234
14.0,42.0,0.191
14.0,43.0,0.162
14.0,44.0,-0.222
14.0,45.0,-0.085
14.0,46.0,0.227
14.0,47.0,0.013
14.0,48.0,-0.209
14.0,49.0,0.048
14.0,50.0,0.172
14.0,51.0,-0.092
14.0,52.0,-0.125
14.0,53.0,0.117
14.0,54.0,0.075
14.0,55.0,-0.121
14.0,56.0,-0.028
14.0,57.0,0.108
14.0,58.0,-0.008
14.0,59.0,-0.083
14.0,60.0,0.029
14.0,61.0,0.053
14.0,62.0,-0.034
14.0,63.0,-0.026
14.0,64.0,0.025
14.0,65.0,0.006
14.0,66.0,-0.006
14.0,67.0,0.000
14.0,68.0,-0.017
14.0,69.0,0.008
14.0,70.0,0.036
14.0,71.0,-0.030
14.0,72.0,-0.043
14.0,73.0,0.061
14.0,74.0,0.035
14.0,75.0,-0.094
14.0,76.0,-0.009
14.0,77.0,0.119
14.0,78.0,-0.034
14.0,79.0,-0.129
14.0,80.0,0.088
14.0,81.0,0.117
14.0,82.0,-0.144
14.0,83.0,-0.080
14.0,84.0,0.192
14.0,85.0,0.017
14.0,86.0,-0.220
14.0,87.0,0.063
14.0,88.0,0.219
14.0,89.0,-0.151
14.0,90.0,-0.182
14.0,91.0,0.233
14.0,92.0,0.110
14.0,93.0,-0.293
14.0,94.0,-0.007
14.0,95.0,0.317
14.0,96.0,-0.113
14.0,97.0,-0.295
14.0,98.0,0.233
14.0,99.0,0.224
14.0,100.0,-0.334
15.0,0.0,0.504
15.0,1.0,-0.536
15.0,2.0,-0.367
15.0,3.0,0.609
15.0,4.0,0.214
15.0,5.0,-0.645
15.0,6.0,-0.055
15.0,7.0,0.641
15.0,8.0,-0.101
15.0,9.0,-0.600
15.0,10.0,0.244
15.0,11.0,0.523
15.0,12.0,-0.366
15.0,13.0,-0.417
15.0,14.0,0.458
15.0,15.0,0.289
15.0,16.0,-0.516
15.0,17.0,-0.150
15.0,18.0,0.537
15.0,19.0,0.008
15.0,20.0,-0.520
15.0,21.0,0.126
15.0,22.0,0.468
15.0,23.0,-0.243
15.0,24.0,-0.386
15.0,25.0,0.334
15.0,26.0,0.283
15.0,27.0,-0.395
15.0,28.0,-0.166
15.0,29.0,0.421
15.0,30.0,0.045
15.0,31.0,-0.413
15.0,32.0,0.069
15.0,33.0,0.374
15.0,34.0,-0.167
15.0,35.0,-0.309
15.0,36.0,0.242
15.0,37.0,0.224
15.0,38.0,-0.290
15.0,39.0,-0.130
15.0,40.0,0.308
15.0,41.0,0.036
15.0,42.0,-0.297
15.0,43.0,0.051
15.0,44.0,0.261
15.0,45.0,-0.121
15.0,46.0,-0.206
15.0,47.0,0.169
15.0,48.0,0.140
15.0,49.0,-0.194
15.0,50.0,-0.071
15.0,51.0,0.195
15.0,52.0,0.008
15.0,53.0,-0.175
15.0,54.0,0.044
15.0,55.0,0.140
15.0,56.0,-0.078
15.0,57.0,-0.097
15.0,58.0,0.093
15.0,59.0,0.054
15.0,60.0,-0.091
15.0,61.0,-0.017
15.0,62.0,0.074
15.0,63.0,-0.007
15.0,64.0,-0.049
15.0,65.0,0.017
15.0,66.0,0.024
15.0,67.0,-0.012
15.0,68.0,-0.003
15.0,69.0,-0.005
15.0,70.0,-0.005
15.0,71.0,0.028
15.0,72.0,-0.001
15.0,73.0,-0.050
15.0,74.0,0.022
15.0,75.0,0.064
15.0,76.0,-0.055
15.0,77.0,-0.062
15.0,78.0,0.094
15.0,79.0,0.042
15.0,80.0,-0.129
15.0,81.0,-0.001
15.0,82.0,0.152
15.0,83.0,-0.055
15.0,84.0,-0.153
15.0,85.0,0.120
15.0,86.0,0.128
15.0,87.0,-0.182
15.0,88.0,-0.075
15.0,89.0,0.230
15.0,90.0,-0.004
15.0,91.0,-0.250
15.0,92.0,0.098
15.0,93.0,0.235
15.0,94.0,-0.195
15.0,95.0,-0.180
15.0,96.0,0.278
15.0,97.0,0.088
15.0,98.0,-0.331
15.0,99.0,0.033
15.0,100.0,0.340
16.0,0.0,0.067
16.0,1.0,0.693
16.0,2.0,-0.226
16.0,3.0,-0.624
16.0,4.0,0.366
16.0,5.0,0.524
16.0,6.0,-0.481
16.0,7.0,-0.397
16.0,8.0,0.563
16.0,9.0,0.251
16.0,10.0,-0.609
16.0,11.0,-0.097
16.0,12.0,0.615
16.0,13.0,-0.056
16.0,14.0,-0.584
16.0,15.0,0.199
16.0,16.0,0.516
16.0,17.0,-0.322
16.0,18.0,-0.419
16.0,19.0,0.417
16.0,20.0,0.300
16.0,21.0,-0.479
16.0,22.0,-0.166
16.0,23.0,0.504
16.0,24.0,0.030
16.0,25.0,-0.493
16.0,26.0,0.100
16.0,27.0,0.447
16.0,28.0,-0.213
16.0,29.0,-0.372
16.0,30.0,0.302
16.0,31.0,0.275
16.0,32.0,-0.362
16.0,33.0,-0.164
16.0,34.0,0.389
16.0,35.0,0.051
16.0,36.0,-0.382
16.0,37.0,0.057
16.0,38.0,0.346
16.0,39.0,-0.149
16.0,40.0,-0.284
16.0,41.0,0.219
16.0,42.0,0.206
16.0,43.0,-0.262
16.0,44.0,-0.118
16.0,45.0,0.277
16.0,46.0,0.032
16.0,47.0,-0.264
16.0,48.0,0.046
16.0,49.0,0.229
16.0,50.0,-0.107
16.0,51.0,-0.178
16.0,52.0,0.148
16.0,53.0,0.117
16.0,54.0,-0.166
16.0,55.0,-0.056
16.0,56.0,0.162
16.0,57.0,0.003
16.0,58.0,-0.141
16.0,59.0,0.038
16.0,60.0,0.107
16.0,61.0,-0.062
16.0,62.0,-0.069
16.0,63.0,0.068
16.0,64.0,0.034
16.0,65.0,-0.059
16.0,66.0,-0.008
16.0,67.0,0.040
16.0,68.0,-0.005
16.0,69.0,-0.016
16.0,70.0,0.003
16.0,71.0,-0.005
16.0,72.0,0.013
16.0,73.0,0.016
16.0,74.0,-0.037
16.0,75.0,-0.012
16.0,76.0,0.063
16.0,77.0,-0.007
16.0,78.0,-0.083
16.0,79.0,0.041
16.0,80.0,0.089
16.0,81.0,-0.084
16.0,82.0,-0.076
16.0,83.0,0.129
16.0,84.0,0.042
16.0,85.0,-0.165
16.0,86.0,0.014
16.0,87.0,0.182
16.0,88.0,-0.083
16.0,89.0,-0.173
16.0,90.0,0.157
16.0,91.0,0.132
16.0,92.0,-0.223
16.0,93.0,-0.062
16.0,94.0,0.266
16.0,95.0,-0.033
16.0,96.0,-0.276
16.0,97.0,0.140
16.0,98.0,0.243
16.0,99.0,-0.243
16.0,100.0,-0.168
17.0,0.0,-0.613
17.0,1.0,-0.322
17.0,2.0,0.674
17.0,3.0,0.161
17.0,4.0,-0.696
17.0,5.0,0.004
17.0,6.0,0.679
17.0,7.0,-0.163
17.0,8.0,-0.624
17.0,9.0,0.307
17.0,10.0,0.535
17.0,11.0,-0.428
17.0,12.0,-0.417
17.0,13.0,0.517
17.0,14.0,0.280
17.0,15.0,-0.571
17.0,16.0,-0.131
17.0,17.0,0.586
17.0,18.0,-0.018
17.0,19.0,-0.563
17.0,20.0,0.159
17.0,21.0,0.505
17.0,22.0,-0.282
17.0,23.0,-0.416
17.0,24.0,0.378
17.0,25.0,0.303
17.0,26.0,-0.442
17.0,27.0,-0.177
17.0,28.0,0.471
17.0,29.0,0.047
17.0,30.0,-0.464
17.0,31.0,0.078
17.0,32.0,0.423
17.0,33.0,-0.187
17.0,34.0,-0.354
17.0,35.0,0.274
17.0,36.0,0.263
17.0,37.0,-0.331
17.0,38.0,-0.159
17.0,39.0,0.357
17.0,40.0,0.052
17.0,41.0,-0.351
17.0,42.0,0.048
17.0,43.0,0.316
17.0,44.0,-0.133
17.0,45.0,-0.258
17.0,46.0,0.196
17.0,47.0,0.185
17.0,48.0,-0.234
17.0,49.0,-0.105
17.0,50.0,0.245
17.0,51.0,0.026
17.0,52.0,-0.231
17.0,53.0,0.042
17.0,54.0,0.197
17.0,55.0,-0.095
17.0,56.0,-0.149
17.0,57.0,0.127
17.0,58.0,0.094
17.0,59.0,-0.138
17.0,60.0,-0.042
17.0,61.0,0.129
17.0,62.0,-0.002
17.0,63.0,-0.106
17.0,64.0,0.031
17.0,65.0,0.075
17.0,66.0,-0.045
17.0,67.0,-0.043
17.0,68.0,0.042
17.0,69.0,0.017
17.0,70.0,-0.027
17.0,71.0,-0.002
17.0,72.0,0.005
17.0,73.0,0.001
17.0,74.0,0.016
17.0,75.0,-0.015
17.0,76.0,-0.030
17.0,77.0,0.040
17.0,78.0,0.031
17.0,79.0,-0.070
17.0,80.0,-0.015
17.0,81.0,0.098
17.0,82.0,-0.018
17.0,83.0,-0.114
17.0,84.0,0.064
17.0,85.0,0.111
17.0,86.0,-0.117
17.0,87.0,-0.085
17.0,88.0,0.166
17.0,89.0,0.035
17.0,90.0,-0.200
17.0,91.0,0.036
17.0,92.0,0.209
17.0,93.0,-0.117
17.0,94.0,-0.186
17.0,95.0,0.198
17.0,96.0,0.128
17.0,97.0,-0.264
17.0,98.0,-0.039
17.0,99.0,0.300
17.0,100.0,-0.071
18.0,0.0,0.708
18.0,1.0,-0.315
18.0,2.0,-0.622
18.0,3.0,0.449
18.0,4.0,0.506
18.0,5.0,-0.556
18.0,6.0,-0.367
18.0,7.0,0.628
18.0,8.0,0.212
18.0,9.0,-0.663
18.0,10.0,-0.050
18.0,11.0,0.659
18.0,12.0,-0.108
18.0,13.0,-0.616
18.0,14.0,0.253
18.0,15.0,0.537
18.0,16.0,-0.377
18.0,17.0,-0.430
18.0,18.0,0.472
18.0,19.0,0.300
18.0,20.0,-0.532
18.0,21.0,-0.158
18.0,22.0,0.555
18.0,23.0,0.013
18.0,24.0,-0.539
18.0,25.0,0.125
18.0,26.0,0.488
18.0,27.0,-0.246
18.0,28.0,-0.407
18.0,29.0,0.342
18.0,30.0,0.302
18.0,31.0,-0.407
18.0,32.0,-0.182
18.0,33.0,0.438
18.0,34.0,0.058
18.0,35.0,-0.434
18.0,36.0,0.061
18.0,37.0,0.397
18.0,38.0,-0.165
18.0,39.0,-0.332
18.0,40.0,0.247
18.0,41.0,0.247
18.0,42.0,-0.301
18.0,43.0,-0.150
18.0,44.0,0.325
18.0,45.0,0.051
18.0,46.0,-0.319
18.0,47.0,0.042
18.0,48.0,0.285
18.0,49.0,-0.119
18.0,50.0,-0.231
18.0,51.0,0.175
18.0,52.0,0.163
18.0,53.0,-0.207
18.0,54.0,-0.089
18.0,55.0,0.214
18.0,56.0,0.020
18.0,57.0,-0.198
18.0,58.0,0.039
18.0,59.0,0.164
18.0,60.0,-0.082
18.0,61.0,-0.120
18.0,62.0,0.105
18.0,63.0,0.072
18.0,64.0,-0.109
18.0,65.0,-0.029
18.0,66.0,0.096
18.0,67.0,-0.004
18.0,68.0,-0.072
18.0,69.0,0.023
18.0,70.0,0.044
18.0,71.0,-0.025
18.0,72.0,-0.018
18.0,73.0,0.014
18.0,74.0,0.002
18.0,75.0,0.006
18.0,76.0,0.001
18.0,77.0,-0.029
18.0,78.0,0.011
18.0,79.0,0.047
18.0,80.0,-0.037
18.0,81.0,-0.053
18.0,82.0,0.070
18.0,83.0,0.042
18.0,84.0,-0.105
18.0,85.0,-0.012
18.0,86.0,0.132
18.0,87.0,-0.035
18.0,88.0,-0.141
18.0,89.0,0.093
18.0,90.0,0.127
18.0,91.0,-0.153
18.0,92.0,-0.087
18.0,93.0,0.204
18.0,94.0,0.020
18.0,95.0,-0.233
18.0,96.0,0.065
18.0,97.0,0.231
18.0,98.0,-0.157
18.0,99.0,-0.191
18.0,100.0,0.243
19.0,0.0,-0.254
19.0,1.0,0.735
19.0,2.0,0.085
19.0,3.0,-0.739
19.0,4.0,0.084
19.0,5.0,0.705
19.0,6.0,-0.243
19.0,7.0,-0.634
19.0,8.0,0.384
19.0,9.0,0.531
19.0,10.0,-0.499
19.0,11.0,-0.401
19.0,12.0,0.581
19.0,13.0,0.253
19.0,14.0,-0.627
19.0,15.0,-0.097
19.0,16.0,0.633
19.0,17.0,-0.059
19.0,18.0,-0.601
19.0,19.0,0.205
19.0,20.0,0.533
19.0,21.0,-0.331
19.0,22.0,-0.435
19.0,23.0,0.429
19.0,24.0,0.313
19.0,25.0,-0.494
19.0,26.0,-0.178
19.0,27.0,0.522
19.0,28.0,0.038
19.0,29.0,-0.513
19.0,30.0,0.096
19.0,31.0,0.468
19.0,32.0,-0.214
19.0,33.0,-0.393
19.0,34.0,0.309
19.0,35.0,0.295
19.0,36.0,-0.374
19.0,37.0,-0.182
19.0,38.0,0.406
19.0,39.0,0.065
19.0,40.0,-0.403
19.0,41.0,0.048
19.0,42.0,0.369
19.0,43.0,-0.146
19.0,44.0,-0.309
19.0,45.0,0.223
19.0,46.0,0.229
19.0,47.0,-0.273
19.0,48.0,-0.138
19.0,49.0,0.294
19.0,50.0,0.047
19.0,51.0,-0.286
19.0,52.0,0.037
19.0,53.0,0.254
19.0,54.0,-0.106
19.0,55.0,-0.202
19.0,56.0,0.155
19.0,57.0,0.139
19.0,58.0,-0.180
19.0,59.0,-0.074
19.0,60.0,0.182
19.0,61.0,0.013
19.0,62.0,-0.164
19.0,63.0,0.036
19.0,64.0,0.131
19.0,65.0,-0.068
19.0,66.0,-0.091
19.0,67.0,0.082
19.0,68.0,0.050
19.0,69.0,-0.079
19.0,70.0,-0.017
19.0,71.0,0.062
19.0,72.0,-0.005
19.0,73.0,-0.038
19.0,74.0,0.011
19.0,75.0,0.014
19.0,76.0,-0.003
19.0,77.0,0.004
19.0,78.0,-0.016
19.0,79.0,-0.009
19.0,80.0,0.040
19.0,81.0,-0.000
19.0,82.0,-0.063
19.0,83.0,0.025
19.0,84.0,0.075
19.0,85.0,-0.062
19.0,86.0,-0.072
19.0,87.0,0.104
19.0,88.0,0.048
19.0,89.0,-0.141
19.0,90.0,-0.003
19.0,91.0,0.164
19.0,92.0,-0.058
19.0,93.0,-0.165
19.0,94.0,0.126
19.0,95.0,0.138
19.0,96.0,-0.192
19.0,97.0,-0.081
19.0,98.0,0.241
19.0,99.0,-0.002
19.0,100.0,-0.263
20.0,0.0,-0.418
20.0,1.0,-0.598
20.0,2.0,0.542
20.0,3.0,0.467
20.0,4.0,-0.635
20.0,5.0,-0.315
20.0,6.0,0.694
20.0,7.0,0.151
20.0,8.0,-0.713
20.0,9.0,0.016
20.0,10.0,0.694
20.0,11.0,-0.177
20.0,12.0,-0.636
20.0,13.0,0.322
20.0,14.0,0.545
20.0,15.0,-0.443
20.0,16.0,-0.426
20.0,17.0,0.533
20.0,18.0,0.286
20.0,19.0,-0.588
20.0,20.0,-0.135
20.0,21.0,0.604
20.0,22.0,-0.018
20.0,23.0,-0.582
20.0,24.0,0.162
20.0,25.0,0.523
20.0,26.0,-0.288
20.0,27.0,-0.433
20.0,28.0,0.388
20.0,29.0,0.320
20.0,30.0,-0.456
20.0,31.0,-0.191
20.0,32.0,0.489
20.0,33.0,0.057
20.0,34.0,-0.484
20.0,35.0,0.072
20.0,36.0,0.445
20.0,37.0,-0.187
20.0,38.0,-0.376
20.0,39.0,0.279
20.0,40.0,0.284
20.0,41.0,-0.342
20.0,42.0,-0.178
20.0,43.0,0.373
20.0,44.0,0.067
20.0,45.0,-0.372
20.0,46.0,0.038
20.0,47.0,0.340
20.0,48.0,-0.130
20.0,49.0,-0.283
20.0,50.0,0.201
20.0,51.0,0.208
20.0,52.0,-0.246
20.0,53.0,-0.125
20.0,54.0,0.263
20.0,55.0,0.041
20.0,56.0,-0.253
20.0,57.0,0.035
20.0,58.0,0.221
20.0,59.0,-0.095
20.0,60.0,-0.173
20.0,61.0,0.135
20.0,62.0,0.116
20.0,63.0,-0.153
20.0,64.0,-0.058
20.0,65.0,0.150
20.0,66.0,0.007
20.0,67.0,-0.130
20.0,68.0,0.031
20.0,69.0,0.098
20.0,70.0,-0.053
20.0,71.0,-0.063
20.0,72.0,0.058
20.0,73.0,0.030
20.0,74.0,-0.048
20.0,75.0,-0.007
20.0,76.0,0.028
20.0,77.0,-0.002
20.0,78.0,-0.005
20.0,79.0,-0.003
20.0,80.0,-0.014
20.0,81.0,0.021
20.0,82.0,0.023
20.0,83.0,-0.048
20.0,84.0,-0.017
20.0,85.0,0.075
20.0,86.0,-0.007
20.0,87.0,-0.095
20.0,88.0,0.045
20.0,89.0,0.101
20.0,90.0,-0.092
20.0,91.0,-0.085
20.0,92.0,0.139
20.0,93.0,0.047
20.0,94.0,-0.177
20.0,95.0,0.013
20.0,96.0,0.194
20.0,97.0,-0.087
20.0,98.0,-0.184
20.0,99.0,0.165
20.0,100.0,0.141
21.0,0.0,0.787
21.0,1.0,-0.014
21.0,2.0,-0.770
21.0,3.0,0.183
21.0,4.0,0.715
21.0,5.0,-0.338
21.0,6.0,-0.626
21.0,7.0,0.472
21.0,8.0,0.507
21.0,9.0,-0.577
21.0,10.0,-0.364
21.0,11.0,0.648
21.0,12.0,0.207
21.0,13.0,-0.681
21.0,14.0,-0.043
21.0,15.0,0.675
21.0,16.0,-0.117
21.0,17.0,-0.631
21.0,18.0,0.264
21.0,19.0,0.551
21.0,20.0,-0.390
21.0,21.0,-0.441
21.0,22.0,0.487
21.0,23.0,0.310
21.0,24.0,-0.549
21.0,25.0,-0.165
21.0,26.0,0.573
21.0,27.0,0.017
21.0,28.0,-0.559
21.0,29.0,0.125
21.0,30.0,0.508
21.0,31.0,-0.250
21.0,32.0,-0.426
21.0,33.0,0.350
21.0,34.0,0.320
21.0,35.0,-0.420
21.0,36.0,-0.198
21.0,37.0,0.455
21.0,38.0,0.070
21.0,39.0,-0.454
21.0,40.0,0.053
21.0,41.0,0.420
21.0,42.0,-0.163
21.0,43.0,-0.356
21.0,44.0,0.251
21.0,45.0,0.270
21.0,46.0,-0.312
21.0,47.0,-0.170
21.0,48.0,0.341
21.0,49.0,0.066
21.0,50.0,-0.340
21.0,51.0,0.032
21.0,52.0,0.309
21.0,53.0,-0.116
21.0,54.0,-0.256
21.0,55.0,0.180
21.0,56.0,0.186
21.0,57.0,-0.219
21.0,58.0,-0.109
21.0,59.0,0.232
21.0,60.0,0.034
21.0,61.0,-0.220
21.0,62.0,0.033
21.0,63.0,0.188
21.0,64.0,-0.083
21.0,65.0,-0.143
21.0,66.0,0.114
21.0,67.0,0.092
21.0,68.0,-0.125
21.0,69.0,-0.042
21.0,70.0,0.117
21.0,71.0,0.002
21.0,72.0,-0.095
21.0,73.0,0.025
21.0,74.0,0.066
21.0,75.0,-0.036
21.0,76.0,-0.036
21.0,77.0,0.032
21.0,78.0,0.012
21.0,79.0,-0.015
21.0,80.0,-0.001
21.0,81.0,-0.007
21.0,82.0,0.004
21.0,83.0,0.028
21.0,84.0,-0.021
21.0,85.0,-0.040
21.0,86.0,0.049
21.0,87.0,0.038
21.0,88.0,-0.081
21.0,89.0,-0.019
21.0,90.0,0.110
21.0,91.0,-0.018
21.0,92.0,-0.126
21.0,93.0,0.069
21.0,94.0,0.122
21.0,95.0,-0.125
21.0,96.0,-0.093
21.0,97.0,0.176
21.0,98.0,0.039
21.0,99.0,-0.212
21.0,100.0,0.036
22.0,0.0,-0.547
22.0,1.0,0.639
22.0,2.0,0.400
22.0,3.0,-0.715
22.0,4.0,-0.237
22.0,5.0,0.754
22.0,6.0,0.067
22.0,7.0,-0.754
22.0,8.0,0.103
22.0,9.0,0.716
22.0,10.0,-0.262
22.0,11.0,-0.642
22.0,12.0,0.403
22.0,13.0,0.536
22.0,14.0,-0.518
22.0,15.0,-0.403
22.0,16.0,0.600
22.0,17.0,0.253
22.0,18.0,-0.645
22.0,19.0,-0.094
22.0,20.0,0.651
22.0,21.0,-0.065
22.0,22.0,-0.618
22.0,23.0,0.212
22.0,24.0,0.549
22.0,25.0,-0.341
22.0,26.0,-0.449
22.0,27.0,0.442
22.0,28.0,0.326
22.0,29.0,-0.509
22.0,30.0,-0.188
22.0,31.0,0.540
22.0,32.0,0.045
22.0,33.0,-0.533
22.0,34.0,0.093
22.0,35.0,0.489
22.0,36.0,-0.216
22.0,37.0,-0.415
22.0,38.0,0.316
22.0,39.0,0.315
22.0,40.0,-0.386
22.0,41.0,-0.200
22.0,42.0,0.422
22.0,43.0,0.079
22.0,44.0,-0.423
22.0,45.0,0.039
22.0,46.0,0.392
22.0,47.0,-0.143
22.0,48.0,-0.333
22.0,49.0,0.227
22.0,50.0,0.252
22.0,51.0,-0.283
22.0,52.0,-0.159
22.0,53.0,0.310
22.0,54.0,0.063
22.0,55.0,-0.307
22.0,56.0,0.028
22.0,57.0,0.278
22.0,58.0,-0.104
22.0,59.0,-0.227
22.0,60.0,0.160
22.0,61.0,0.162
22.0,62.0,-0.193
22.0,63.0,-0.093
22.0,64.0,0.200
22.0,65.0,0.026
22.0,66.0,-0.186
22.0,67.0,0.031
22.0,68.0,0.155
22.0,69.0,-0.071
22.0,70.0,-0.113
22.0,71.0,0.093
22.0,72.0,0.068
22.0,73.0,-0.096
22.0,74.0,-0.028
22.0,75.0,0.084
22.0,76.0,-0.002
22.0,77.0,-0.061
22.0,78.0,0.017
22.0,79.0,0.034
22.0,80.0,-0.017
22.0,81.0,-0.011
22.0,82.0,0.004
22.0,83.0,-0.003
22.0,84.0,0.018
22.0,85.0,0.002
22.0,86.0,-0.041
22.0,87.0,0.014
22.0,88.0,0.058
22.0,89.0,-0.043
22.0,90.0,-0.063
22.0,91.0,0.080
22.0,92.0,0.049
22.0,93.0,-0.116
22.0,94.0,-0.015
22.0,95.0,0.144
22.0,96.0,-0.036
22.0,97.0,-0.153
22.0,98.0,0.098
22.0,99.0,0.138
22.0,100.0,-0.162
23.0,0.0,-0.136
23.0,1.0,-0.780
23.0,2.0,0.300
23.0,3.0,0.703
23.0,4.0,-0.446
23.0,5.0,-0.594
23.0,6.0,0.568
23.0,7.0,0.459
23.0,8.0,-0.659
23.0,9.0,-0.304
23.0,10.0,0.714
23.0,11.0,0.138
23.0,12.0,-0.730
23.0,13.0,0.030
23.0,14.0,0.708
23.0,15.0,-0.192
23.0,16.0,-0.648
23.0,17.0,0.338
23.0,18.0,0.554
23.0,19.0,-0.460
23.0,20.0,-0.432
23.0,21.0,0.551
23.0,22.0,0.290
23.0,23.0,-0.606
23.0,24.0,-0.136
23.0,25.0,0.622
23.0,26.0,-0.019
23.0,27.0,-0.600
23.0,28.0,0.166
23.0,29.0,0.541
23.0,30.0,-0.295
23.0,31.0,-0.450
23.0,32.0,0.399
23.0,33.0,0.335
23.0,34.0,-0.470
23.0,35.0,-0.204
23.0,36.0,0.506
23.0,37.0,0.066
23.0,38.0,-0.504
23.0,39.0,0.067
23.0,40.0,0.467
23.0,41.0,-0.187
23.0,42.0,-0.399
23.0,43.0,0.284
23.0,44.0,0.306
23.0,45.0,-0.353
23.0,46.0,-0.197
23.0,47.0,0.389
23.0,48.0,0.083
23.0,49.0,-0.392
23.0,50.0,0.028
23.0,51.0,0.363
23.0,52.0,-0.126
23.0,53.0,-0.308
23.0,54.0,0.204
23.0,55.0,0.232
23.0,56.0,-0.256
23.0,57.0,-0.145
23.0,58.0,0.279
23.0,59.0,0.057
23.0,60.0,-0.275
23.0,61.0,0.025
23.0,62.0,0.245
23.0,63.0,-0.093
23.0,64.0,-0.197
23.0,65.0,0.141
23.0,66.0,0.138
23.0,67.0,-0.166
23.0,68.0,-0.075
23.0,69.0,0.169
23.0,70.0,0.018
23.0,71.0,-0.152
23.0,72.0,0.028
23.0,73.0,0.122
23.0,74.0,-0.059
23.0,75.0,-0.084
23.0,76.0,0.071
23.0,77.0,0.046
23.0,78.0,-0.067
23.0,79.0,-0.016
23.0,80.0,0.050
23.0,81.0,-0.003
23.0,82.0,-0.027
23.0,83.0,0.006
23.0,84.0,0.004
23.0,85.0,0.005
23.0,86.0,0.012
23.0,87.0,-0.026
23.0,88.0,-0.014
23.0,89.0,0.052
23.0,90.0,0.001
23.0,91.0,-0.075
23.0,92.0,0.028
23.0,93.0,0.087
23.0,94.0,-0.069
23.0,95.0,-0.081
23.0,96.0,0.113
23.0,97.0,0.054
23.0,98.0,-0.153
23.0,99.0,-0.005
23.0,100.0,0.177
24.0,0.0,0.735
24.0,1.0,0.304
24.0,2.0,-0.787
24.0,3.0,-0.133
24.0,4.0,0.803
24.0,5.0,-0.041
24.0,6.0,-0.780
24.0,7.0,0.209
24.0,8.0,0.721
24.0,9.0,-0.363
24.0,10.0,-0.627
24.0,11.0,0.496
24.0,12.0,0.505
24.0,13.0,-0.599
24.0,14.0,-0.359
24.0,15.0,0.668
24.0,16.0,0.199
24.0,17.0,-0.699
24.0,18.0,-0.034
24.0,19.0,0.691
24.0,20.0,-0.128
24.0,21.0,-0.645
24.0,22.0,0.277
24.0,23.0,0.563
24.0,24.0,-0.404
24.0,25.0,-0.451
24.0,26.0,0.502
24.0,27.0,0.318
24.0,28.0,-0.566
24.0,29.0,-0.170
24.0,30.0,0.591
24.0,31.0,0.019
24.0,32.0,-0.578
24.0,33.0,0.126
24.0,34.0,0.527
24.0,35.0,-0.255
24.0,36.0,-0.445
24.0,37.0,0.359
24.0,38.0,0.338
24.0,39.0,-0.433
24.0,40.0,-0.213
24.0,41.0,0.472
24.0,42.0,0.082
24.0,43.0,-0.474
24.0,44.0,0.046
24.0,45.0,0.442
24.0,46.0,-0.161
24.0,47.0,-0.379
24.0,48.0,0.255
24.0,49.0,0.292
24.0,50.0,-0.322
24.0,51.0,-0.190
24.0,52.0,0.357
24.0,53.0,0.083
24.0,54.0,-0.360
24.0,55.0,0.021
24.0,56.0,0.333
24.0,57.0,-0.112
24.0,58.0,-0.281
24.0,59.0,0.183
24.0,60.0,0.210
24.0,61.0,-0.229
24.0,62.0,-0.130
24.0,63.0,0.249
24.0,64.0,0.049
24.0,65.0,-0.242
24.0,66.0,0.024
24.0,67.0,0.213
24.0,68.0,-0.083
24.0,69.0,-0.167
24.0,70.0,0.122
24.0,71.0,0.113
24.0,72.0,-0.140
24.0,73.0,-0.058
24.0,74.0,0.137
24.0,75.0,0.010
24.0,76.0,-0.118
24.0,77.0,0.025
24.0,78.0,0.088
24.0,79.0,-0.044
24.0,80.0,-0.055
24.0,81.0,0.047
24.0,82.0,0.025
24.0,83.0,-0.036
24.0,84.0,-0.006
24.0,85.0,0.016
24.0,86.0,-0.000
24.0,87.0,0.007
24.0,88.0,-0.008
24.0,89.0,-0.025
24.0,90.0,0.029
24.0,91.0,0.031
24.0,92.0,-0.058
24.0,93.0,-0.021
24.0,94.0,0.087
24.0,95.0,-0.006
24.0,96.0,-0.108
24.0,97.0,0.048
24.0,98.0,0.112
24.0,99.0,-0.099
24.0,100.0,-0.094
25.0,0.0,-0.763
25.0,1.0,0.432
25.0,2.0,0.662
25.0,3.0,-0.563
25.0,4.0,-0.534
25.0,5.0,0.667
25.0,6.0,0.383
25.0,7.0,-0.738
25.0,8.0,-0.218
25.0,9.0,0.772
25.0,10.0,0.046
25.0,11.0,-0.768
25.0,12.0,0.125
25.0,13.0,0.726
25.0,14.0,-0.284
25.0,15.0,-0.648
25.0,16.0,0.424
25.0,17.0,0.538
25.0,18.0,-0.538
25.0,19.0,-0.403
25.0,20.0,0.619
25.0,21.0,0.250
25.0,22.0,-0.663
25.0,23.0,-0.089
25.0,24.0,0.668
25.0,25.0,-0.072
25.0,26.0,-0.634
25.0,27.0,0.222
25.0,28.0,0.564
25.0,29.0,-0.352
25.0,30.0,-0.462
25.0,31.0,0.455
25.0,32.0,0.337
25.0,33.0,-0.525
25.0,34.0,-0.196
25.0,35.0,0.557
25.0,36.0,0.050
25.0,37.0,-0.552
25.0,38.0,0.091
25.0,39.0,0.510
25.0,40.0,-0.218
25.0,41.0,-0.435
25.0,42.0,0.323
25.0,43.0,0.335
25.0,44.0,-0.397
25.0,45.0,-0.217
25.0,46.0,0.438
25.0,47.0,0.092
25.0,48.0,-0.443
25.0,49.0,0.030
25.0,50.0,0.415
25.0,51.0,-0.140
25.0,52.0,-0.357
25.0,53.0,0.230
25.0,54.0,0.276
25.0,55.0,-0.293
25.0,56.0,-0.180
25.0,57.0,0.326
25.0,58.0,0.079
25.0,59.0,-0.328
25.0,60.0,0.017
25.0,61.0,0.302
25.0,62.0,-0.100
25.0,63.0,-0.252
25.0,64.0,0.164
25.0,65.0,0.186
25.0,66.0,-0.204
25.0,67.0,-0.113
25.0,68.0,0.218
25.0,69.0,0.040
25.0,70.0,-0.208
25.0,71.0,0.024
25.0,72.0,0.179
25.0,73.0,-0.073
25.0,74.0,-0.137
25.0,75.0,0.103
25.0,76.0,0.088
25.0,77.0,-0.113
25.0,78.0,-0.042
25.0,79.0,0.105
25.0,80.0,0.004
25.0,81.0,-0.084
25.0,82.0,0.020
25.0,83.0,0.056
25.0,84.0,-0.028
25.0,85.0,-0.028
25.0,86.0,0.021
25.0,87.0,0.007
25.0,88.0,-0.004
25.0,89.0,0.001
25.0,90.0,-0.019
25.0,91.0,0.005
25.0,92.0,0.039
25.0,93.0,-0.026
25.0,94.0,-0.050
25.0,95.0,0.057
25.0,96.0,0.046
25.0,97.0,-0.092
25.0,98.0,-0.023
25.0,99.0,0.122
25.0,100.0,-0.018
26.0,0.0,0.176
26.0,1.0,-0.844
26.0,2.0,-0.001
26.0,3.0,0.832
26.0,4.0,-0.171
26.0,5.0,-0.784
26.0,6.0,0.333
26.0,7.0,0.701
26.0,8.0,-0.477
26.0,9.0,-0.587
26.0,10.0,0.595
26.0,11.0,0.448
26.0,12.0,-0.682
26.0,13.0,-0.291
26.0,14.0,0.734
26.0,15.0,0.123
26.0,16.0,-0.747
26.0,17.0,0.047
26.0,18.0,0.721
26.0,19.0,-0.210
26.0,20.0,-0.658
26.0,21.0,0.356
26.0,22.0,0.561
26.0,23.0,-0.478
26.0,24.0,-0.436
26.0,25.0,0.569
26.0,26.0,0.292
26.0,27.0,-0.624
26.0,28.0,-0.136
26.0,29.0,0.640
26.0,30.0,-0.022
26.0,31.0,-0.617
26.0,32.0,0.172
26.0,33.0,0.558
26.0,34.0,-0.304
26.0,35.0,-0.466
26.0,36.0,0.410
26.0,37.0,0.349
26.0,38.0,-0.485
26.0,39.0,-0.215
26.0,40.0,0.523
26.0,41.0,0.075
26.0,42.0,-0.524
26.0,43.0,0.063
26.0,44.0,0.488
26.0,45.0,-0.187
26.0,46.0,-0.420
26.0,47.0,0.289
26.0,48.0,0.327
26.0,49.0,-0.363
26.0,50.0,-0.216
26.0,51.0,0.405
26.0,52.0,0.098
26.0,53.0,-0.412
26.0,54.0,0.018
26.0,55.0,0.386
26.0,56.0,-0.122
26.0,57.0,-0.332
26.0,58.0,0.207
26.0,59.0,0.256
26.0,60.0,-0.265
26.0,61.0,-0.167
26.0,62.0,0.295
26.0,63.0,0.073
26.0,64.0,-0.295
26.0,65.0,0.015
26.0,66.0,0.269
26.0,67.0,-0.090
26.0,68.0,-0.222
26.0,69.0,0.146
26.0,70.0,0.161
26.0,71.0,-0.178
26.0,72.0,-0.095
26.0,73.0,0.187
26.0,74.0,0.031
26.0,75.0,-0.175
26.0,76.0,0.023
26.0,77.0,0.145
26.0,78.0,-0.062
26.0,79.0,-0.106
26.0,80.0,0.082
26.0,81.0,0.064
26.0,82.0,-0.084
26.0,83.0,-0.027
26.0,84.0,0.072
26.0,85.0,0.000
26.0,86.0,-0.049
26.0,87.0,0.012
26.0,88.0,0.024
26.0,89.0,-0.009
26.0,90.0,-0.003
26.0,91.0,-0.006
26.0,92.0,-0.008
26.0,93.0,0.030
26.0,94.0,0.004
26.0,95.0,-0.053
26.0,96.0,0.016
26.0,97.0,0.070
26.0,98.0,-0.048
26.0,99.0,-0.073
26.0,100.0,0.088
27.0,0.0,0.570
27.0,1.0,0.586
27.0,2.0,-0.681
27.0,3.0,-0.440
27.0,4.0,0.762
27.0,5.0,0.276
27.0,6.0,-0.808
27.0,7.0,-0.103
27.0,8.0,0.817
27.0,9.0,-0.071
27.0,10.0,-0.789
27.0,11.0,0.238
27.0,12.0,0.724
27.0,13.0,-0.391
27.0,14.0,-0.626
27.0,15.0,0.521
27.0,16.0,0.500
27.0,17.0,-0.622
27.0,18.0,-0.352
27.0,19.0,0.689
27.0,20.0,0.189
27.0,21.0,-0.717
27.0,22.0,-0.022
27.0,23.0,0.707
27.0,24.0,-0.142
27.0,25.0,-0.658
27.0,26.0,0.292
27.0,27.0,0.574
27.0,28.0,-0.420
27.0,29.0,-0.460
27.0,30.0,0.519
27.0,31.0,0.324
27.0,32.0,-0.583
27.0,33.0,-0.174
27.0,34.0,0.609
27.0,35.0,0.020
27.0,36.0,-0.596
27.0,37.0,0.128
27.0,38.0,0.546
27.0,39.0,-0.260
27.0,40.0,-0.463
27.0,41.0,0.369
27.0,42.0,0.354
27.0,43.0,-0.446
27.0,44.0,-0.228
27.0,45.0,0.488
27.0,46.0,0.093
27.0,47.0,-0.494
27.0,48.0,0.039
27.0,49.0,0.464
27.0,50.0,-0.160
27.0,51.0,-0.402
27.0,52.0,0.259
27.0,53.0,0.315
27.0,54.0,-0.332
27.0,55.0,-0.211
27.0,56.0,0.372
27.0,57.0,0.099
27.0,58.0,-0.380
27.0,59.0,0.010
27.0,60.0,0.356
27.0,61.0,-0.108
27.0,62.0,-0.305
27.0,63.0,0.186
27.0,64.0,0.234
27.0,65.0,-0.239
27.0,66.0,-0.151
27.0,67.0,0.265
27.0,68.0,0.065
27.0,69.0,-0.263
27.0,70.0,0.014
27.0,71.0,0.237
27.0,72.0,-0.081
27.0,73.0,-0.192
27.0,74.0,0.128
27.0,75.0,0.136
27.0,76.0,-0.153
27.0,77.0,-0.076
27.0,78.0,0.156
27.0,79.0,0.021
27.0,80.0,-0.141
27.0,81.0,0.022
27.0,82.0,0.112
27.0,83.0,-0.050
27.0,84.0,-0.076
27.0,85.0,0.060
27.0,86.0,0.041
27.0,87.0,-0.055
27.0,88.0,-0.014
27.0,89.0,0.038
27.0,90.0,-0.001
27.0,91.0,-0.015
27.0,92.0,0.001
27.0,93.0,-0.007
27.0,94.0,0.012
27.0,95.0,0.020
27.0,96.0,-0.036
27.0,97.0,-0.019
27.0,98.0,0.064
27.0,99.0,0.002
27.0,100.0,-0.087
28.0,0.0,-0.874
28.0,1.0,0.155
28.0,2.0,0.832
28.0,3.0,-0.320
28.0,4.0,-0.756
28.0,5.0,0.470
28.0,6.0,0.650
28.0,7.0,-0.597
28.0,8.0,-0.516
28.0,9.0,0.696
28.0,10.0,0.362
28.0,11.0,-0.761
28.0,12.0,-0.195
28.0,13.0,0.790
28.0,14.0,0.021
28.0,15.0,-0.781
28.0,16.0,0.149
28.0,17.0,0.735
28.0,18.0,-0.308
28.0,19.0,-0.652
28.0,20.0,0.448
28.0,21.0,0.539
28.0,22.0,-0.560
28.0,23.0,-0.401
28.0,24.0,0.640
28.0,25.0,0.245
28.0,26.0,-0.682
28.0,27.0,-0.082
28.0,28.0,0.685
28.0,29.0,-0.081
28.0,30.0,-0.649
28.0,31.0,0.233
28.0,32.0,0.577
28.0,33.0,-0.365
28.0,34.0,-0.474
28.0,35.0,0.470
28.0,36.0,0.347
28.0,37.0,-0.541
28.0,38.0,-0.203
28.0,39.0,0.575
28.0,40.0,0.054
28.0,41.0,-0.571
28.0,42.0,0.091
28.0,43.0,0.529
28.0,44.0,-0.222
28.0,45.0,-0.455
28.0,46.0,0.330
28.0,47.0,0.353
28.0,48.0,-0.409
28.0,49.0,-0.234
28.0,50.0,0.454
28.0,51.0,0.105
28.0,52.0,-0.463
28.0,53.0,0.021
28.0,54.0,0.437
28.0,55.0,-0.137
28.0,56.0,-0.380
28.0,57.0,0.232
28.0,58.0,0.299
28.0,59.0,-0.302
28.0,60.0,-0.201
28.0,61.0,0.341
28.0,62.0,0.097
28.0,63.0,-0.348
28.0,64.0,0.005
28.0,65.0,0.325
28.0,66.0,-0.095
28.0,67.0,-0.277
28.0,68.0,0.167
28.0,69.0,0.210
28.0,70.0,-0.214
28.0,71.0,-0.134
28.0,72.0,0.234
28.0,73.0,0.056
28.0,74.0,-0.230
28.0,75.0,0.015
28.0,76.0,0.203
28.0,77.0,-0.072
28.0,78.0,-0.161
28.0,79.0,0.110
28.0,80.0,0.110
28.0,81.0,-0.127
28.0,82.0,-0.058
28.0,83.0,0.125
28.0,84.0,0.013
28.0,85.0,-0.106
28.0,86.0,0.019
28.0,87.0,0.078
28.0,88.0,-0.036
28.0,89.0,-0.047
28.0,90.0,0.037
28.0,91.0,0.020
28.0,92.0,-0.024
28.0,93.0,-0.003
28.0,94.0,0.003
28.0,95.0,0.001
28.0,96.0,0.019
28.0,97.0,-0.013
28.0,98.0,-0.035
28.0,99.0,0.037
28.0,100.0,0.039
29.0,0.0,0.471
29.0,1.0,-0.791
29.0,2.0,-0.309
29.0,3.0,0.842
29.0,4.0,0.138
29.0,5.0,-0.859
29.0,6.0,0.038
29.0,7.0,0.840
29.0,8.0,-0.209
29.0,9.0,-0.784
29.0,10.0,0.369
29.0,11.0,0.696
29.0,12.0,-0.509
29.0,13.0,-0.577
29.0,14.0,0.624
29.0,15.0,0.434
29.0,16.0,-0.706
29.0,17.0,-0.274
29.0,18.0,0.754
29.0,19.0,0.104
29.0,20.0,-0.763
29.0,21.0,0.067
29.0,22.0,0.733
29.0,23.0,-0.230
29.0,24.0,-0.666
29.0,25.0,0.376
29.0,26.0,0.566
29.0,27.0,-0.498
29.0,28.0,-0.439
29.0,29.0,0.588
29.0,30.0,0.291
29.0,31.0,-0.643
29.0,32.0,-0.133
29.0,33.0,0.658
29.0,34.0,-0.027
29.0,35.0,-0.634
29.0,36.0,0.179
29.0,37.0,0.574
29.0,38.0,-0.314
29.0,39.0,-0.481
29.0,40.0,0.423
29.0,41.0,0.362
29.0,42.0,-0.500
29.0,43.0,-0.226
29.0,44.0,0.540
29.0,45.0,0.082
29.0,46.0,-0.543
29.0,47.0,0.059
29.0,48.0,0.509
29.0,49.0,-0.188
29.0,50.0,-0.441
29.0,51.0,0.295
29.0,52.0,0.347
29.0,53.0,-0.374
29.0,54.0,-0.234
29.0,55.0,0.420
29.0,56.0,0.113
29.0,57.0,-0.431
29.0,58.0,0.008
29.0,59.0,0.408
29.0,60.0,-0.118
29.0,61.0,-0.356
29.0,62.0,0.209
29.0,63.0,0.280
29.0,64.0,-0.274
29.0,65.0,-0.188
29.0,66.0,0.310
29.0,67.0,0.091
29.0,68.0,-0.315
29.0,69.0,0.003
29.0,70.0,0.293
29.0,71.0,-0.085
29.0,72.0,-0.247
29.0,73.0,0.149
29.0,74.0,0.185
29.0,75.0,-0.189
29.0,76.0,-0.115
29.0,77.0,0.204
29.0,78.0,0.045
29.0,79.0,-0.196
29.0,80.0,0.016
29.0,81.0,0.169
29.0,82.0,-0.063
29.0,83.0,-0.129
29.0,84.0,0.091
29.0,85.0,0.084
29.0,86.0,-0.100
29.0,87.0,-0.041
29.0,88.0,0.092
29.0,89.0,0.006
29.0,90.0,-0.072
29.0,91.0,0.015
29.0,92.0,0.045
29.0,93.0,-0.020
29.0,94.0,-0.020
29.0,95.0,0.012
29.0,96.0,0.002
29.0,97.0,0.008
29.0,98.0,0.003
29.0,99.0,-0.031
29.0,100.0,0.007
30.0,0.0,0.330
30.0,1.0,0.794
30.0,2.0,-0.481
30.0,3.0,-0.691
30.0,4.0,0.611
30.0,5.0,0.561
30.0,6.0,-0.715
30.0,7.0,-0.411
30.0,8.0,0.789
30.0,9.0,0.245
30.0,10.0,-0.828
30.0,11.0,-0.070
30.0,12.0,0.830
30.0,13.0,-0.104
30.0,14.0,-0.796
30.0,15.0,0.270
30.0,16.0,0.726
30.0,17.0,-0.421
30.0,18.0,-0.623
30.0,19.0,0.548
30.0,20.0,0.492
30.0,21.0,-0.646
30.0,22.0,-0.341
30.0,23.0,0.710
30.0,24.0,0.176
30.0,25.0,-0.735
30.0,26.0,-0.007
30.0,27.0,0.721
30.0,28.0,-0.158
30.0,29.0,-0.669
30.0,30.0,0.308
30.0,31.0,0.583
30.0,32.0,-0.437
30.0,33.0,-0.466
30.0,34.0,0.536
30.0,35.0,0.328
30.0,36.0,-0.601
30.0,37.0,-0.175
30.0,38.0,0.627
30.0,39.0,0.019
30.0,40.0,-0.614
30.0,41.0,0.132
30.0,42.0,0.564
30.0,43.0,-0.267
30.0,44.0,-0.480
30.0,45.0,0.379
30.0,46.0,0.370
30.0,47.0,-0.459
30.0,48.0,-0.241
30.0,49.0,0.505
30.0,50.0,0.103
30.0,51.0,-0.513
30.0,52.0,0.033
30.0,53.0,0.485
30.0,54.0,-0.158
30.0,55.0,-0.424
30.0,56.0,0.263
30.0,57.0,0.336
30.0,58.0,-0.341
30.0,59.0,-0.230
30.0,60.0,0.387
30.0,61.0,0.115
30.0,62.0,-0.399
30.0,63.0,-0.001
30.0,64.0,0.379
30.0,65.0,-0.102
30.0,66.0,-0.330
30.0,67.0,0.187
30.0,68.0,0.258
30.0,69.0,-0.247
30.0,70.0,-0.173
30.0,71.0,0.279
30.0,72.0,0.083
30.0,73.0,-0.283
30.0,74.0,0.003
30.0,75.0,0.260
30.0,76.0,-0.077
30.0,77.0,-0.217
30.0,78.0,0.132
30.0,79.0,0.159
30.0,80.0,-0.164
30.0,81.0,-0.096
30.0,82.0,0.174
30.0,83.0,0.035
30.0,84.0,-0.163
30.0,85.0,0.017
30.0,86.0,0.135
30.0,87.0,-0.053
30.0,88.0,-0.098
30.0,89.0,0.072
30.0,90.0,0.059
30.0,91.0,-0.073
30.0,92.0,-0.025
30.0,93.0,0.059
30.0,94.0,0.002
30.0,95.0,-0.037
30.0,96.0,0.008
30.0,97.0,0.013
30.0,98.0,-0.002
30.0,99.0,0.006
30.0,100.0,-0.016
31.0,0.0,-0.878
31.0,1.0,-0.143
31.0,2.0,0.896
31.0,3.0,-0.031
31.0,4.0,-0.880
31.0,5.0,0.203
31.0,6.0,0.830
31.0,7.0,-0.365
31.0,8.0,-0.746
31.0,9.0,0.510
31.0,10.0,0.633
31.0,11.0,-0.632
31.0,12.0,-0.495
31.0,13.0,0.725
31.0,14.0,0.338
31.0,15.0,-0.784
31.0,16.0,-0.168
31.0,17.0,0.807
31.0,18.0,-0.006
31.0,19.0,-0.793
31.0,20.0,0.177
31.0,21.0,0.741
31.0,22.0,-0.335
31.0,23.0,-0.654
31.0,24.0,0.473
31.0,25.0,0.537
31.0,26.0,-0.583
31.0,27.0,-0.396
31.0,28.0,0.660
31.0,29.0,0.238
31.0,30.0,-0.701
31.0,31.0,-0.072
31.0,32.0,0.702
31.0,33.0,-0.092
31.0,34.0,-0.664
31.0,35.0,0.246
31.0,36.0,0.590
31.0,37.0,-0.379
31.0,38.0,-0.484
31.0,39.0,0.485
31.0,40.0,0.355
31.0,41.0,-0.558
31.0,42.0,-0.209
31.0,43.0,0.593
31.0,44.0,0.057
31.0,45.0,-0.589
31.0,46.0,0.091
31.0,47.0,0.548
31.0,48.0,-0.226
31.0,49.0,-0.473
31.0,50.0,0.338
31.0,51.0,0.371
31.0,52.0,-0.421
31.0,53.0,-0.249
31.0,54.0,0.470
31.0,55.0,0.118
31.0,56.0,-0.482
31.0,57.0,0.013
31.0,58.0,0.459
31.0,59.0,-0.134
31.0,60.0,-0.403
31.0,61.0,0.235
31.0,62.0,0.322
31.0,63.0,-0.310
31.0,64.0,-0.222
31.0,65.0,0.355
31.0,66.0,0.114
31.0,67.0,-0.367
31.0,68.0,-0.007
31.0,69.0,0.348
31.0,70.0,-0.090
31.0,71.0,-0.302
31.0,72.0,0.168
31.0,73.0,0.235
31.0,74.0,-0.222
31.0,75.0,-0.156
31.0,76.0,0.250
31.0,77.0,0.073
31.0,78.0,-0.250
31.0,79.0,0.004
31.0,80.0,0.227
31.0,81.0,-0.069
31.0,82.0,-0.185
31.0,83.0,0.115
31.0,84.0,0.132
31.0,85.0,-0.140
31.0,86.0,-0.076
31.0,87.0,0.143
31.0,88.0,0.024
31.0,89.0,-0.129
31.0,90.0,0.016
31.0,91.0,0.101
31.0,92.0,-0.042
31.0,93.0,-0.068
31.0,94.0,0.050
31.0,95.0,0.036
31.0,96.0,-0.044
31.0,97.0,-0.011
31.0,98.0,0.026
31.0,99.0,-0.000
31.0,100.0,-0.003
32.0,0.0,0.710
32.0,1.0,-0.642
32.0,2.0,-0.581
32.0,3.0,0.746
32.0,4.0,0.432
32.0,5.0,-0.821
32.0,6.0,-0.268
32.0,7.0,0.864
32.0,8.0,0.095
32.0,9.0,-0.872
32.0,10.0,0.080
32.0,11.0,0.844
32.0,12.0,-0.250
32.0,13.0,-0.782
32.0,14.0,0.407
32.0,15.0,0.687
32.0,16.0,-0.543
32.0,17.0,-0.564
32.0,18.0,0.653
32.0,19.0,0.417
32.0,20.0,-0.731
32.0,21.0,-0.254
32.0,22.0,0.773
32.0,23.0,0.082
32.0,24.0,-0.777
32.0,25.0,0.090
32.0,26.0,0.743
32.0,27.0,-0.253
32.0,28.0,-0.673
32.0,29.0,0.398
32.0,30.0,0.569
32.0,31.0,-0.519
32.0,32.0,-0.439
32.0,33.0,0.608
32.0,34.0,0.289
32.0,35.0,-0.661
32.0,36.0,-0.128
32.0,37.0,0.676
32.0,38.0,-0.034
32.0,39.0,-0.651
32.0,40.0,0.189
32.0,41.0,0.589
32.0,42.0,-0.325
32.0,43.0,-0.494
32.0,44.0,0.436
32.0,45.0,0.373
32.0,46.0,-0.515
32.0,47.0,-0.235
32.0,48.0,0.558
32.0,49.0,0.088
32.0,50.0,-0.562
32.0,51.0,0.056
32.0,52.0,0.529
32.0,53.0,-0.189
32.0,54.0,-0.461
32.0,55.0,0.301
32.0,56.0,0.367
32.0,57.0,-0.384
32.0,58.0,-0.252
32.0,59.0,0.435
32.0,60.0,0.127
32.0,61.0,-0.450
32.0,62.0,-0.002
32.0,63.0,0.430
32.0,64.0,-0.113
32.0,65.0,-0.380
32.0,66.0,0.210
32.0,67.0,0.303
32.0,68.0,-0.282
32.0,69.0,-0.210
32.0,70.0,0.324
32.0,71.0,0.109
32.0,72.0,-0.335
32.0,73.0,-0.009
32.0,74.0,0.316
32.0,75.0,-0.079
32.0,76.0,-0.272
32.0,77.0,0.150
32.0,78.0,0.210
32.0,79.0,-0.198
32.0,80.0,-0.136
32.0,81.0,0.220
32.0,82.0,0.062
32.0,83.0,-0.217
32.0,84.0,0.007
32.0,85.0,0.193
32.0,86.0,-0.061
32.0,87.0,-0.154
32.0,88.0,0.098
32.0,89.0,0.105
32.0,90.0,-0.115
32.0,91.0,-0.057
32.0,92.0,0.112
32.0,93.0,0.015
32.0,94.0,-0.095
32.0,95.0,0.015
32.0,96.0,0.068
32.0,97.0,-0.029
32.0,98.0,-0.038
32.0,99.0,0.027
32.0,100.0,0.014
33.0,0.0,0.054
33.0,1.0,0.911
33.0,2.0,-0.224
33.0,3.0,-0.860
33.0,4.0,0.384
33.0,5.0,0.778
33.0,6.0,-0.529
33.0,7.0,-0.667
33.0,8.0,0.652
33.0,9.0,0.532
33.0,10.0,-0.749
33.0,11.0,-0.377
33.0,12.0,0.815
33.0,13.0,0.209
33.0,14.0,-0.846
33.0,15.0,-0.034
33.0,16.0,0.842
33.0,17.0,-0.140
33.0,18.0,-0.800
33.0,19.0,0.305
33.0,20.0,0.724
33.0,21.0,-0.453
33.0,22.0,-0.616
33.0,23.0,0.577
33.0,24.0,0.482
33.0,25.0,-0.671
33.0,26.0,-0.327
33.0,27.0,0.731
33.0,28.0,0.160
33.0,29.0,-0.752
33.0,30.0,0.011
33.0,31.0,0.735
33.0,32.0,-0.176
33.0,33.0,-0.680
33.0,34.0,0.327
33.0,35.0,0.590
33.0,36.0,-0.456
33.0,37.0,-0.471
33.0,38.0,0.555
33.0,39.0,0.330
33.0,40.0,-0.619
33.0,41.0,-0.175
33.0,42.0,0.645
33.0,43.0,0.016
33.0,44.0,-0.632
33.0,45.0,0.138
33.0,46.0,0.580
33.0,47.0,-0.276
33.0,48.0,-0.496
33.0,49.0,0.390
33.0,50.0,0.384
33.0,51.0,-0.473
33.0,52.0,-0.253
33.0,53.0,0.521
33.0,54.0,0.112
33.0,55.0,-0.532
33.0,56.0,0.028
33.0,57.0,0.505
33.0,58.0,-0.157
33.0,59.0,-0.445
33.0,60.0,0.267
33.0,61.0,0.357
33.0,62.0,-0.350
33.0,63.0,-0.250
33.0,64.0,0.401
33.0,65.0,0.132
33.0,66.0,-0.418
33.0,67.0,-0.013
33.0,68.0,0.401
33.0,69.0,-0.096
33.0,70.0,-0.354
33.0,71.0,0.188
33.0,72.0,0.283
33.0,73.0,-0.255
33.0,74.0,-0.195
33.0,75.0,0.293
33.0,76.0,0.101
33.0,77.0,-0.302
33.0,78.0,-0.009
33.0,79.0,0.284
33.0,80.0,-0.071
33.0,81.0,-0.241
33.0,82.0,0.134
33.0,83.0,0.183
33.0,84.0,-0.174
33.0,85.0,-0.116
33.0,86.0,0.191
33.0,87.0,0.050
33.0,88.0,-0.184
33.0,89.0,0.009
33.0,90.0,0.159
33.0,91.0,-0.054
33.0,92.0,-0.122
33.0,93.0,0.080
33.0,94.0,0.079
33.0,95.0,-0.089
33.0,96.0,-0.039
33.0,97.0,0.080
33.0,98.0,0.007
33.0,99.0,-0.060
33.0,100.0,0.011
34.0,0.0,-0.789
34.0,1.0,-0.424
34.0,2.0,0.859
34.0,3.0,0.261
34.0,4.0,-0.900
34.0,5.0,-0.089
34.0,6.0,0.908
34.0,7.0,-0.084
34.0,8.0,-0.882
34.0,9.0,0.253
34.0,10.0,0.823
34.0,11.0,-0.411
34.0,12.0,-0.732
34.0,13.0,0.551
34.0,14.0,0.613
34.0,15.0,-0.667
34.0,16.0,-0.470
34.0,17.0,0.754
34.0,18.0,0.309
34.0,19.0,-0.807
34.0,20.0,-0.138
34.0,21.0,0.823
34.0,22.0,-0.037
34.0,23.0,-0.802
34.0,24.0,0.207
34.0,25.0,0.745
34.0,26.0,-0.363
34.0,27.0,-0.653
34.0,28.0,0.499
34.0,29.0,0.532
34.0,30.0,-0.607
34.0,31.0,-0.388
34.0,32.0,0.682
34.0,33.0,0.227
34.0,34.0,-0.719
34.0,35.0,-0.060
34.0,36.0,0.717
34.0,37.0,-0.106
34.0,38.0,-0.677
34.0,39.0,0.261
34.0,40.0,0.601
34.0,41.0,-0.395
34.0,42.0,-0.493
34.0,43.0,0.502
34.0,44.0,0.361
34.0,45.0,-0.575
34.0,46.0,-0.213
34.0,47.0,0.611
34.0,48.0,0.058
34.0,49.0,-0.608
34.0,50.0,0.093
34.0,51.0,0.567
34.0,52.0,-0.231
34.0,53.0,-0.491
34.0,54.0,0.347
34.0,55.0,0.388
34.0,56.0,-0.433
34.0,57.0,-0.264
34.0,58.0,0.485
34.0,59.0,0.130
34.0,60.0,-0.501
34.0,61.0,0.005
34.0,62.0,0.480
34.0,63.0,-0.131
34.0,64.0,-0.426
34.0,65.0,0.237
34.0,66.0,0.344
34.0,67.0,-0.318
34.0,68.0,-0.243
34.0,69.0,0.368
34.0,70.0,0.131
34.0,71.0,-0.385
34.0,72.0,-0.020
34.0,73.0,0.370
34.0,74.0,-0.083
34.0,75.0,-0.326
34.0,76.0,0.168
34.0,77.0,0.259
34.0,78.0,-0.230
34.0,79.0,-0.178
34.0,80.0,0.264
34.0,81.0,0.091
34.0,82.0,-0.270
34.0,83.0,-0.008
34.0,84.0,0.250
34.0,85.0,-0.064
34.0,86.0,-0.210
34.0,87.0,0.118
34.0,88.0,0.156
34.0,89.0,-0.151
34.0,90.0,-0.096
34.0,91.0,0.161
34.0,92.0,0.038
34.0,93.0,-0.151
34.0,94.0,0.011
34.0,95.0,0.125
34.0,96.0,-0.045
34.0,97.0,-0.090
34.0,98.0,0.061
34.0,99.0,0.053
34.0,100.0,-0.061
35.0,0.0,0.873
35.0,1.0,-0.429
35.0,2.0,-0.788
35.0,3.0,0.569
35.0,4.0,0.677
35.0,5.0,-0.689
35.0,6.0,-0.542
35.0,7.0,0.784
35.0,8.0,0.388
35.0,9.0,-0.850
35.0,10.0,-0.222
35.0,11.0,0.883
35.0,12.0,0.048
35.0,13.0,-0.882
35.0,14.0,0.126
35.0,15.0,0.846
35.0,16.0,-0.294
35.0,17.0,-0.776
35.0,18.0,0.446
35.0,19.0,0.675
35.0,20.0,-0.578
35.0,21.0,-0.546
35.0,22.0,0.683
35.0,23.0,0.396
35.0,24.0,-0.756
35.0,25.0,-0.230
35.0,26.0,0.792
35.0,27.0,0.057
35.0,28.0,-0.791
35.0,29.0,0.115
35.0,30.0,0.752
35.0,31.0,-0.278
35.0,32.0,-0.677
35.0,33.0,0.422
35.0,34.0,0.570
35.0,35.0,-0.542
35.0,36.0,-0.436
35.0,37.0,0.629
35.0,38.0,0.284
35.0,39.0,-0.680
35.0,40.0,-0.120
35.0,41.0,0.693
35.0,42.0,-0.044
35.0,43.0,-0.666
35.0,44.0,0.200
35.0,45.0,0.602
35.0,46.0,-0.338
35.0,47.0,-0.506
35.0,48.0,0.451
35.0,49.0,0.383
35.0,50.0,-0.531
35.0,51.0,-0.242
35.0,52.0,0.575
35.0,53.0,0.093
35.0,54.0,-0.581
35.0,55.0,0.055
35.0,56.0,0.548
35.0,57.0,-0.191
35.0,58.0,-0.481
35.0,59.0,0.307
35.0,60.0,0.385
35.0,61.0,-0.395
35.0,62.0,-0.269
35.0,63.0,0.450
35.0,64.0,0.141
35.0,65.0,-0.469
35.0,66.0,-0.012
35.0,67.0,0.452
35.0,68.0,-0.108
35.0,69.0,-0.403
35.0,70.0,0.211
35.0,71.0,0.327
35.0,72.0,-0.289
35.0,73.0,-0.232
35.0,74.0,0.337
35.0,75.0,0.127
35.0,76.0,-0.353
35.0,77.0,-0.023
35.0,78.0,0.339
35.0,79.0,-0.073
35.0,80.0,-0.297
35.0,81.0,0.151
35.0,82.0,0.234
35.0,83.0,-0.206
35.0,84.0,-0.159
35.0,85.0,0.235
35.0,86.0,0.079
35.0,87.0,-0.238
35.0,88.0,-0.004
35.0,89.0,0.217
35.0,90.0,-0.058
35.0,91.0,-0.178
35.0,92.0,0.103
35.0,93.0,0.128
35.0,94.0,-0.127
35.0,95.0,-0.075
35.0,96.0,0.131
35.0,97.0,0.026
35.0,98.0,-0.117
35.0,99.0,0.012
35.0,100.0,0.091
36.0,0.0,-0.220
36.0,1.0,0.936
36.0,2.0,0.052
36.0,3.0,-0.937
36.0,4.0,0.118
36.0,5.0,0.908
36.0,6.0,-0.284
36.0,7.0,-0.847
36.0,8.0,0.439
36.0,9.0,0.756
36.0,10.0,-0.578
36.0,11.0,-0.639
36.0,12.0,0.694
36.0,13.0,0.498
36.0,14.0,-0.783
36.0,15.0,-0.339
36.0,16.0,0.840
36.0,17.0,0.169
36.0,18.0,-0.863
36.0,19.0,0.007
36.0,20.0,0.850
36.0,21.0,-0.179
36.0,22.0,-0.802
36.0,23.0,0.342
36.0,24.0,0.719
36.0,25.0,-0.487
36.0,26.0,-0.606
36.0,27.0,0.607
36.0,28.0,0.468
36.0,29.0,-0.697
36.0,30.0,-0.310
36.0,31.0,0.752
36.0,32.0,0.141
36.0,33.0,-0.769
36.0,34.0,0.031
36.0,35.0,0.747
36.0,36.0,-0.197
36.0,37.0,-0.688
36.0,38.0,0.348
36.0,39.0,0.595
36.0,40.0,-0.476
36.0,41.0,-0.473
36.0,42.0,0.575
36.0,43.0,0.329
36.0,44.0,-0.638
36.0,45.0,-0.172
36.0,46.0,0.663
36.0,47.0,0.011
36.0,48.0,-0.649
36.0,49.0,0.145
36.0,50.0,0.596
36.0,51.0,-0.285
36.0,52.0,-0.510
36.0,53.0,0.402
36.0,54.0,0.397
36.0,55.0,-0.488
36.0,56.0,-0.263
36.0,57.0,0.538
36.0,58.0,0.120
36.0,59.0,-0.551
36.0,60.0,0.024
36.0,61.0,0.526
36.0,62.0,-0.157
36.0,63.0,-0.466
36.0,64.0,0.272
36.0,65.0,0.378
36.0,66.0,-0.359
36.0,67.0,-0.269
36.0,68.0,0.415
36.0,69.0,0.147
36.0,70.0,-0.436
36.0,71.0,-0.025
36.0,72.0,0.423
36.0,73.0,-0.090
36.0,74.0,-0.377
36.0,75.0,0.188
36.0,76.0,0.307
36.0,77.0,-0.262
36.0,78.0,-0.218
36.0,79.0,0.307
36.0,80.0,0.120
36.0,81.0,-0.321
36.0,82.0,-0.023
36.0,83.0,0.306
36.0,84.0,-0.064
36.0,85.0,-0.266
36.0,86.0,0.135
36.0,87.0,0.208
36.0,88.0,-0.183
36.0,89.0,-0.138
36.0,90.0,0.206
36.0,91.0,0.066
36.0,92.0,-0.205
36.0,93.0,-0.001
36.0,94.0,0.183
36.0,95.0,-0.052
36.0,96.0,-0.146
36.0,97.0,0.087
36.0,98.0,0.100
36.0,99.0,-0.103
36.0,100.0,-0.055
37.0,0.0,-0.631
37.0,1.0,-0.658
37.0,2.0,0.742
37.0,3.0,0.521
37.0,4.0,-0.829
37.0,5.0,-0.368
37.0,6.0,0.889
37.0,7.0,0.203
37.0,8.0,-0.919
37.0,9.0,-0.031
37.0,10.0,0.916
37.0,11.0,-0.141
37.0,12.0,-0.880
37.0,13.0,0.307
37.0,14.0,0.812
37.0,15.0,-0.460
37.0,16.0,-0.714
37.0,17.0,0.594
37.0,18.0,0.588
37.0,19.0,-0.703
37.0,20.0,-0.441
37.0,21.0,0.782
37.0,22.0,0.277
37.0,23.0,-0.828
37.0,24.0,-0.104
37.0,25.0,0.837
37.0,26.0,-0.071
37.0,27.0,-0.810
37.0,28.0,0.240
37.0,29.0,0.747
37.0,30.0,-0.395
37.0,31.0,-0.650
37.0,32.0,0.528
37.0,33.0,0.525
37.0,34.0,-0.632
37.0,35.0,-0.377
37.0,36.0,0.704
37.0,37.0,0.214
37.0,38.0,-0.738
37.0,39.0,-0.044
37.0,40.0,0.733
37.0,41.0,-0.122
37.0,42.0,-0.689
37.0,43.0,0.278
37.0,44.0,0.610
37.0,45.0,-0.413
37.0,46.0,-0.499
37.0,47.0,0.520
37.0,48.0,0.365
37.0,49.0,-0.593
37.0,50.0,-0.214
37.0,51.0,0.629
37.0,52.0,0.057
37.0,53.0,-0.626
37.0,54.0,0.097
37.0,55.0,0.584
37.0,56.0,-0.238
37.0,57.0,-0.508
37.0,58.0,0.356
37.0,59.0,0.403
37.0,60.0,-0.446
37.0,61.0,-0.278
37.0,62.0,0.501
37.0,63.0,0.140
37.0,64.0,-0.519
37.0,65.0,-0.002
37.0,66.0,0.500
37.0,67.0,-0.128
37.0,68.0,-0.447
37.0,69.0,0.240
37.0,70.0,0.366
37.0,71.0,-0.326
37.0,72.0,-0.263
37.0,73.0,0.382
37.0,74.0,0.149
37.0,75.0,-0.404
37.0,76.0,-0.032
37.0,77.0,0.392
37.0,78.0,-0.076
37.0,79.0,-0.350
37.0,80.0,0.168
37.0,81.0,0.284
37.0,82.0,-0.236
37.0,83.0,-0.201
37.0,84.0,0.277
37.0,85.0,0.110
37.0,86.0,-0.289
37.0,87.0,-0.021
37.0,88.0,0.273
37.0,89.0,-0.058
37.0,90.0,-0.235
37.0,91.0,0.120
37.0,92.0,0.180
37.0,93.0,-0.160
37.0,94.0,-0.116
37.0,95.0,0.177
37.0,96.0,0.053
37.0,97.0,-0.172
37.0,98.0,0.003
37.0,99.0,0.149
37.0,100.0,-0.045
38.0,0.0,0.957
38.0,1.0,-0.185
38.0,2.0,-0.918
38.0,3.0,0.344
38.0,4.0,0.851
38.0,5.0,-0.492
38.0,6.0,-0.757
38.0,7.0,0.624
38.0,8.0,0.638
38.0,9.0,-0.735
38.0,10.0,-0.497
38.0,11.0,0.821
38.0,12.0,0.340
38.0,13.0,-0.876
38.0,14.0,-0.171
38.0,15.0,0.900
38.0,16.0,-0.003
38.0,17.0,-0.889
38.0,18.0,0.176
38.0,19.0,0.845
38.0,20.0,-0.340
38.0,21.0,-0.767
38.0,22.0,0.488
38.0,23.0,0.659
38.0,24.0,-0.615
38.0,25.0,-0.525
38.0,26.0,0.714
38.0,27.0,0.371
38.0,28.0,-0.780
38.0,29.0,-0.203
38.0,30.0,0.811
38.0,31.0,0.029
38.0,32.0,-0.804
38.0,33.0,0.143
38.0,34.0,0.759
38.0,35.0,-0.305
38.0,36.0,-0.679
38.0,37.0,0.448
38.0,38.0,0.568
38.0,39.0,-0.565
38.0,40.0,-0.431
38.0,41.0,0.651
38.0,42.0,0.276
38.0,43.0,-0.700
38.0,44.0,-0.110
38.0,45.0,0.710
38.0,46.0,-0.056
38.0,47.0,-0.681
38.0,48.0,0.213
38.0,49.0,0.615
38.0,50.0,-0.353
38.0,51.0,-0.516
38.0,52.0,0.466
38.0,53.0,0.391
38.0,54.0,-0.548
38.0,55.0,-0.248
38.0,56.0,0.593
38.0,57.0,0.096
38.0,58.0,-0.599
38.0,59.0,0.055
38.0,60.0,0.567
38.0,61.0,-0.195
38.0,62.0,-0.500
38.0,63.0,0.315
38.0,64.0,0.403
38.0,65.0,-0.406
38.0,66.0,-0.285
38.0,67.0,0.465
38.0,68.0,0.154
38.0,69.0,-0.487
38.0,70.0,-0.021
38.0,71.0,0.473
38.0,72.0,-0.104
38.0,73.0,-0.425
38.0,74.0,0.212
38.0,75.0,0.350
38.0,76.0,-0.296
38.0,77.0,-0.253
38.0,78.0,0.350
38.0,79.0,0.146
38.0,80.0,-0.371
38.0,81.0,-0.037
38.0,82.0,0.361
38.0,83.0,-0.065
38.0,84.0,-0.321
38.0,85.0,0.150
38.0,86.0,0.259
38.0,87.0,-0.212
38.0,88.0,-0.182
38.0,89.0,0.248
38.0,90.0,0.098
38.0,91.0,-0.257
38.0,92.0,-0.017
38.0,93.0,0.240
38.0,94.0,-0.053
38.0,95.0,-0.203
38.0,96.0,0.106
38.0,97.0,0.152
38.0,98.0,-0.138
38.0,99.0,-0.095
38.0,100.0,0.148
39.0,0.0,-0.466
39.0,1.0,0.883
39.0,2.0,0.313
39.0,3.0,-0.931
39.0,4.0,-0.150
39.0,5.0,0.951
39.0,6.0,-0.018
39.0,7.0,-0.940
39.0,8.0,0.186
39.0,9.0,0.899
39.0,10.0,-0.347
39.0,11.0,-0.829
39.0,12.0,0.496
39.0,13.0,0.729
39.0,14.0,-0.627
39.0,15.0,-0.605
39.0,16.0,0.735
39.0,17.0,0.459
39.0,18.0,-0.815
39.0,19.0,-0.297
39.0,20.0,0.863
39.0,21.0,0.125
39.0,22.0,-0.877
39.0,23.0,0.050
39.0,24.0,0.856
39.0,25.0,-0.222
39.0,26.0,-0.800
39.0,27.0,0.381
39.0,28.0,0.711
39.0,29.0,-0.522
39.0,30.0,-0.593
39.0,31.0,0.638
39.0,32.0,0.450
39.0,33.0,-0.723
39.0,34.0,-0.289
39.0,35.0,0.772
39.0,36.0,0.118
39.0,37.0,-0.785
39.0,38.0,0.054
39.0,39.0,0.759
39.0,40.0,-0.220
39.0,41.0,-0.695
39.0,42.0,0.371
39.0,43.0,0.599
39.0,44.0,-0.498
39.0,45.0,-0.473
39.0,46.0,0.595
39.0,47.0,0.327
39.0,48.0,-0.657
39.0,49.0,-0.167
39.0,50.0,0.681
39.0,51.0,0.003
39.0,52.0,-0.665
39.0,53.0,0.154
39.0,54.0,0.611
39.0,55.0,-0.297
39.0,56.0,-0.524
39.0,57.0,0.415
39.0,58.0,0.408
39.0,59.0,-0.503
39.0,60.0,-0.273
39.0,61.0,0.555
39.0,62.0,0.126
39.0,63.0,-0.569
39.0,64.0,0.020
39.0,65.0,0.545
39.0,66.0,-0.158
39.0,67.0,-0.486
39.0,68.0,0.277
39.0,69.0,0.398
39.0,70.0,-0.369
39.0,71.0,-0.287
39.0,72.0,0.429
39.0,73.0,0.163
39.0,74.0,-0.454
39.0,75.0,-0.036
39.0,76.0,0.444
39.0,77.0,-0.084
39.0,78.0,-0.401
39.0,79.0,0.188
39.0,80.0,0.330
39.0,81.0,-0.268
39.0,82.0,-0.240
39.0,83.0,0.319
39.0,84.0,0.139
39.0,85.0,-0.339
39.0,86.0,-0.037
39.0,87.0,0.328
39.0,88.0,-0.057
39.0,89.0,-0.291
39.0,90.0,0.134
39.0,91.0,0.232
39.0,92.0,-0.190
39.0,93.0,-0.161
39.0,94.0,0.220
39.0,95.0,0.084
39.0,96.0,-0.225
39.0,97.0,-0.012
39.0,98.0,0.206
39.0,99.0,-0.048
39.0,100.0,-0.170
40.0,0.0,-0.433
40.0,1.0,-0.831
40.0,2.0,0.570
40.0,3.0,0.729
40.0,4.0,-0.691
40.0,5.0,-0.606
40.0,6.0,0.791
40.0,7.0,0.464
40.0,8.0,-0.867
40.0,9.0,-0.307
40.0,10.0,0.915
40.0,11.0,0.140
40.0,12.0,-0.933
40.0,13.0,0.031
40.0,14.0,0.919
40.0,15.0,-0.200
40.0,16.0,-0.873
40.0,17.0,0.362
40.0,18.0,0.796
40.0,19.0,-0.510
40.0,20.0,-0.690
40.0,21.0,0.637
40.0,22.0,0.559
40.0,23.0,-0.739
40.0,24.0,-0.407
40.0,25.0,0.810
40.0,26.0,0.240
40.0,27.0,-0.848
40.0,28.0,-0.066
40.0,29.0,0.850
40.0,30.0,-0.109
40.0,31.0,-0.815
40.0,32.0,0.276
40.0,33.0,0.746
40.0,34.0,-0.428
40.0,35.0,-0.644
40.0,36.0,0.558
40.0,37.0,0.514
40.0,38.0,-0.659
40.0,39.0,-0.363
40.0,40.0,0.726
40.0,41.0,0.197
40.0,42.0,-0.756
40.0,43.0,-0.026
40.0,44.0,0.747
40.0,45.0,-0.141
40.0,46.0,-0.700
40.0,47.0,0.297
40.0,48.0,0.617
40.0,49.0,-0.432
40.0,50.0,-0.504
40.0,51.0,0.539
40.0,52.0,0.367
40.0,53.0,-0.612
40.0,54.0,-0.214
40.0,55.0,0.647
40.0,56.0,0.054
40.0,57.0,-0.643
40.0,58.0,0.102
40.0,59.0,0.601
40.0,60.0,-0.246
40.0,61.0,-0.524
40.0,62.0,0.367
40.0,63.0,0.418
40.0,64.0,-0.459
40.0,65.0,-0.290
40.0,66.0,0.517
40.0,67.0,0.150
40.0,68.0,-0.538
40.0,69.0,-0.008
40.0,70.0,0.521
40.0,71.0,-0.126
40.0,72.0,-0.469
40.0,73.0,0.243
40.0,74.0,0.387
40.0,75.0,-0.334
40.0,76.0,-0.283
40.0,77.0,0.395
40.0,78.0,0.166
40.0,79.0,-0.421
40.0,80.0,-0.045
40.0,81.0,0.413
40.0,82.0,-0.068
40.0,83.0,-0.374
40.0,84.0,0.167
40.0,85.0,0.308
40.0,86.0,-0.242
40.0,87.0,-0.224
40.0,88.0,0.289
40.0,89.0,0.130
40.0,90.0,-0.307
40.0,91.0,-0.035
40.0,92.0,0.296
40.0,93.0,-0.050
40.0,94.0,-0.260
40.0,95.0,0.120
40.0,96.0,0.205
40.0,97.0,-0.168
40.0,98.0,-0.138
40.0,99.0,0.192
40.0,100.0,0.070
41.0,0.0,0.969
41.0,1.0,0.060
41.0,2.0,-0.974
41.0,3.0,0.103
41.0,4.0,0.951
41.0,5.0,-0.263
41.0,6.0,-0.900
41.0,7.0,0.416
41.0,8.0,0.823
41.0,9.0,-0.556
41.0,10.0,-0.719
41.0,11.0,0.679
41.0,12.0,0.592
41.0,13.0,-0.780
41.0,14.0,-0.446
41.0,15.0,0.855
41.0,16.0,0.286
41.0,17.0,-0.900
41.0,18.0,-0.116
41.0,19.0,0.913
41.0,20.0,-0.058
41.0,21.0,-0.892
41.0,22.0,0.228
41.0,23.0,0.839
41.0,24.0,-0.388
41.0,25.0,-0.753
41.0,26.0,0.531
41.0,27.0,0.639
41.0,28.0,-0.652
41.0,29.0,-0.500
41.0,30.0,0.744
41.0,31.0,0.342
41.0,32.0,-0.804
41.0,33.0,-0.172
41.0,34.0,0.828
41.0,35.0,-0.003
41.0,36.0,-0.814
41.0,37.0,0.175
41.0,38.0,0.764
41.0,39.0,-0.335
41.0,40.0,-0.679
41.0,41.0,0.476
41.0,42.0,0.564
41.0,43.0,-0.591
41.0,44.0,-0.423
41.0,45.0,0.673
41.0,46.0,0.265
41.0,47.0,-0.719
41.0,48.0,-0.098
41.0,49.0,0.726
41.0,50.0,-0.070
41.0,51.0,-0.694
41.0,52.0,0.228
41.0,53.0,0.626
41.0,54.0,-0.369
41.0,55.0,-0.524
41.0,56.0,0.483
41.0,57.0,0.397
41.0,58.0,-0.565
41.0,59.0,-0.251
41.0,60.0,0.611
41.0,61.0,0.097
41.0,62.0,-0.617
41.0,63.0,0.057
41.0,64.0,0.585
41.0,65.0,-0.200
41.0,66.0,-0.518
41.0,67.0,0.323
41.0,68.0,0.420
41.0,69.0,-0.418
41.0,70.0,-0.300
41.0,71.0,0.480
41.0,72.0,0.167
41.0,73.0,-0.505
41.0,74.0,-0.030
41.0,75.0,0.494
41.0,76.0,-0.100
41.0,77.0,-0.447
41.0,78.0,0.213
41.0,79.0,0.372
41.0,80.0,-0.303
41.0,81.0,-0.275
41.0,82.0,0.362
41.0,83.0,0.164
41.0,84.0,-0.389
41.0,85.0,-0.051
41.0,86.0,0.382
41.0,87.0,-0.057
41.0,88.0,-0.345
41.0,89.0,0.148
41.0,90.0,0.284
41.0,91.0,-0.218
41.0,92.0,-0.205
41.0,93.0,0.261
41.0,94.0,0.118
41.0,95.0,-0.275
41.0,96.0,-0.031
41.0,97.0,0.263
41.0,98.0,-0.046
41.0,99.0,-0.227
41.0,100.0,0.107
42.0,0.0,-0.667
42.0,1.0,0.772
42.0,2.0,0.538
42.0,3.0,-0.857
42.0,4.0,-0.394
42.0,5.0,0.918
42.0,6.0,0.238
42.0,7.0,-0.953
42.0,8.0,-0.075
42.0,9.0,0.960
42.0,10.0,-0.092
42.0,11.0,-0.937
42.0,12.0,0.256
42.0,13.0,0.885
42.0,14.0,-0.411
42.0,15.0,-0.804
42.0,16.0,0.553
42.0,17.0,0.696
42.0,18.0,-0.676
42.0,19.0,-0.565
42.0,20.0,0.775
42.0,21.0,0.414
42.0,22.0,-0.845
42.0,23.0,-0.250
42.0,24.0,0.884
42.0,25.0,0.077
42.0,26.0,-0.889
42.0,27.0,0.098
42.0,28.0,0.859
42.0,29.0,-0.267
42.0,30.0,-0.795
42.0,31.0,0.423
42.0,32.0,0.700
42.0,33.0,-0.559
42.0,34.0,-0.576
42.0,35.0,0.669
42.0,36.0,0.429
42.0,37.0,-0.749
42.0,38.0,-0.265
42.0,39.0,0.793
42.0,40.0,0.093
42.0,41.0,-0.799
42.0,42.0,0.081
42.0,43.0,0.768
42.0,44.0,-0.246
42.0,45.0,-0.700
42.0,46.0,0.396
42.0,47.0,0.599
42.0,48.0,-0.522
42.0,49.0,-0.471
42.0,50.0,0.617
42.0,51.0,0.321
42.0,52.0,-0.677
42.0,53.0,-0.159
42.0,54.0,0.699
42.0,55.0,-0.006
42.0,56.0,-0.681
42.0,57.0,0.166
42.0,58.0,0.625
42.0,59.0,-0.310
42.0,60.0,-0.536
42.0,61.0,0.430
42.0,62.0,0.418
42.0,63.0,-0.519
42.0,64.0,-0.280
42.0,65.0,0.573
42.0,66.0,0.131
42.0,67.0,-0.588
42.0,68.0,0.019
42.0,69.0,0.565
42.0,70.0,-0.160
42.0,71.0,-0.506
42.0,72.0,0.282
42.0,73.0,0.416
42.0,74.0,-0.379
42.0,75.0,-0.304
42.0,76.0,0.443
42.0,77.0,0.177
42.0,78.0,-0.472
42.0,79.0,-0.047
42.0,80.0,0.465
42.0,81.0,-0.078
42.0,82.0,-0.423
42.0,83.0,0.187
42.0,84.0,0.354
42.0,85.0,-0.273
42.0,86.0,-0.262
42.0,87.0,0.331
42.0,88.0,0.159
42.0,89.0,-0.356
42.0,90.0,-0.052
42.0,91.0,0.350
42.0,92.0,-0.048
42.0,93.0,-0.315
42.0,94.0,0.132
42.0,95.0,0.257
42.0,96.0,-0.196
42.0,97.0,-0.184
42.0,98.0,0.233
42.0,99.0,0.104
42.0,100.0,-0.243
43.0,0.0,-0.221
43.0,1.0,-0.939
43.0,2.0,0.371
43.0,3.0,0.876
43.0,4.0,-0.511
43.0,5.0,-0.788
43.0,6.0,0.639
43.0,7.0,0.678
43.0,8.0,-0.749
43.0,9.0,-0.547
43.0,10.0,0.837
43.0,11.0,0.400
43.0,12.0,-0.901
43.0,13.0,-0.240
43.0,14.0,0.937
43.0,15.0,0.073
43.0,16.0,-0.943
43.0,17.0,0.097
43.0,18.0,0.917
43.0,19.0,-0.263
43.0,20.0,-0.861
43.0,21.0,0.419
43.0,22.0,0.775
43.0,23.0,-0.561
43.0,24.0,-0.661
43.0,25.0,0.680
43.0,26.0,0.524
43.0,27.0,-0.774
43.0,28.0,-0.368
43.0,29.0,0.837
43.0,30.0,0.199
43.0,31.0,-0.866
43.0,32.0,-0.025
43.0,33.0,0.860
43.0,34.0,-0.149
43.0,35.0,-0.818
43.0,36.0,0.314
43.0,37.0,0.742
43.0,38.0,-0.463
43.0,39.0,-0.634
43.0,40.0,0.589
43.0,41.0,0.500
43.0,42.0,-0.685
43.0,43.0,-0.345
43.0,44.0,0.748
43.0,45.0,0.178
43.0,46.0,-0.773
43.0,47.0,-0.005
43.0,48.0,0.760
43.0,49.0,-0.163
43.0,50.0,-0.709
43.0,51.0,0.319
43.0,52.0,0.623
43.0,53.0,-0.453
43.0,54.0,-0.507
43.0,55.0,0.559
43.0,56.0,0.366
43.0,57.0,-0.631
43.0,58.0,-0.211
43.0,59.0,0.666
43.0,60.0,0.049
43.0,61.0,-0.661
43.0,62.0,0.110
43.0,63.0,0.617
43.0,64.0,-0.255
43.0,65.0,-0.539
43.0,66.0,0.379
43.0,67.0,0.431
43.0,68.0,-0.474
43.0,69.0,-0.301
43.0,70.0,0.534
43.0,71.0,0.158
43.0,72.0,-0.556
43.0,73.0,-0.013
43.0,74.0,0.541
43.0,75.0,-0.125
43.0,76.0,-0.489
43.0,77.0,0.246
43.0,78.0,0.407
43.0,79.0,-0.343
43.0,80.0,-0.302
43.0,81.0,0.408
43.0,82.0,0.182
43.0,83.0,-0.439
43.0,84.0,-0.058
43.0,85.0,0.434
43.0,86.0,-0.061
43.0,87.0,-0.397
43.0,88.0,0.165
43.0,89.0,0.332
43.0,90.0,-0.247
43.0,91.0,-0.247
43.0,92.0,0.301
43.0,93.0,0.150
43.0,94.0,-0.324
43.0,95.0,-0.051
43.0,96.0,0.318
43.0,97.0,-0.042
43.0,98.0,-0.284
43.0,99.0,0.119
43.0,100.0,0.229
44.0,0.0,0.923
44.0,1.0,0.284
44.0,2.0,-0.965
44.0,3.0,-0.131
44.0,4.0,0.982
44.0,5.0,-0.028
44.0,6.0,-0.973
44.0,7.0,0.187
44.0,8.0,0.937
44.0,9.0,-0.342
44.0,10.0,-0.875
44.0,11.0,0.488
44.0,12.0,0.786
44.0,13.0,-0.620
44.0,14.0,-0.674
44.0,15.0,0.733
44.0,16.0,0.541
44.0,17.0,-0.823
44.0,18.0,-0.390
44.0,19.0,0.886
44.0,20.0,0.227
44.0,21.0,-0.920
44.0,22.0,-0.056
44.0,23.0,0.922
44.0,24.0,-0.116
44.0,25.0,-0.891
44.0,26.0,0.283
44.0,27.0,0.828
44.0,28.0,-0.438
44.0,29.0,-0.735
44.0,30.0,0.576
44.0,31.0,0.614
44.0,32.0,-0.690
44.0,33.0,-0.470
44.0,34.0,0.775
44.0,35.0,0.309
44.0,36.0,-0.827
44.0,37.0,-0.137
44.0,38.0,0.843
44.0,39.0,-0.038
44.0,40.0,-0.823
44.0,41.0,0.209
44.0,42.0,0.766
44.0,43.0,-0.368
44.0,44.0,-0.676
44.0,45.0,0.506
44.0,46.0,0.556
44.0,47.0,-0.617
44.0,48.0,-0.412
44.0,49.0,0.696
44.0,50.0,0.251
44.0,51.0,-0.738
44.0,52.0,-0.082
44.0,53.0,0.742
44.0,54.0,-0.087
44.0,55.0,-0.707
44.0,56.0,0.246
44.0,57.0,0.635
44.0,58.0,-0.387
44.0,59.0,-0.531
44.0,60.0,0.501
44.0,61.0,0.401
44.0,62.0,-0.584
44.0,63.0,-0.253
44.0,64.0,0.629
44.0,65.0,0.096
44.0,66.0,-0.635
44.0,67.0,0.060
44.0,68.0,0.603
44.0,69.0,-0.206
44.0,70.0,-0.535
44.0,71.0,0.332
44.0,72.0,0.436
44.0,73.0,-0.430
44.0,74.0,-0.314
44.0,75.0,0.495
44.0,76.0,0.178
44.0,77.0,-0.523
44.0,78.0,-0.038
44.0,79.0,0.514
44.0,80.0,-0.096
44.0,81.0,-0.469
44.0,82.0,0.215
44.0,83.0,0.394
44.0,84.0,-0.309
44.0,85.0,-0.295
44.0,86.0,0.374
44.0,87.0,0.182
44.0,88.0,-0.405
44.0,89.0,-0.065
44.0,90.0,0.403
44.0,91.0,-0.048
44.0,92.0,-0.369
44.0,93.0,0.146
44.0,94.0,0.308
44.0,95.0,-0.223
44.0,96.0,-0.228
44.0,97.0,0.272
44.0,98.0,0.138
44.0,99.0,-0.293
44.0,100.0,-0.046
45.0,0.0,-0.816
45.0,1.0,0.627
45.0,2.0,0.717
45.0,3.0,-0.737
45.0,4.0,-0.599
45.0,5.0,0.829
45.0,6.0,0.464
45.0,7.0,-0.900
45.0,8.0,-0.316
45.0,9.0,0.947
45.0,10.0,0.158
45.0,11.0,-0.969
45.0,12.0,0.005
45.0,13.0,0.962
45.0,14.0,-0.169
45.0,15.0,-0.927
45.0,16.0,0.328
45.0,17.0,0.864
45.0,18.0,-0.477
45.0,19.0,-0.773
45.0,20.0,0.611
45.0,21.0,0.657
45.0,22.0,-0.725
45.0,23.0,-0.520
45.0,24.0,0.814
45.0,25.0,0.365
45.0,26.0,-0.874
45.0,27.0,-0.198
45.0,28.0,0.902
45.0,29.0,0.024
45.0,30.0,-0.897
45.0,31.0,0.149
45.0,32.0,0.858
45.0,33.0,-0.315
45.0,34.0,-0.786
45.0,35.0,0.466
45.0,36.0,0.684
45.0,37.0,-0.597
45.0,38.0,-0.554
45.0,39.0,0.702
45.0,40.0,0.403
45.0,41.0,-0.774
45.0,42.0,-0.237
45.0,43.0,0.812
45.0,44.0,0.063
45.0,45.0,-0.813
45.0,46.0,0.110
45.0,47.0,0.776
45.0,48.0,-0.275
45.0,49.0,-0.703
45.0,50.0,0.423
45.0,51.0,0.598
45.0,52.0,-0.546
45.0,53.0,-0.466
45.0,54.0,0.639
45.0,55.0,0.313
45.0,56.0,-0.697
45.0,57.0,-0.149
45.0,58.0,0.716
45.0,59.0,-0.018
45.0,60.0,-0.696
45.0,61.0,0.179
45.0,62.0,0.638
45.0,63.0,-0.324
45.0,64.0,-0.546
45.0,65.0,0.445
45.0,66.0,0.426
45.0,67.0,-0.536
45.0,68.0,-0.286
45.0,69.0,0.590
45.0,70.0,0.134
45.0,71.0,-0.606
45.0,72.0,0.018
45.0,73.0,0.583
45.0,74.0,-0.163
45.0,75.0,-0.524
45.0,76.0,0.289
45.0,77.0,0.434
45.0,78.0,-0.389
45.0,79.0,-0.320
45.0,80.0,0.457
45.0,81.0,0.191
45.0,82.0,-0.489
45.0,83.0,-0.057
45.0,84.0,0.485
45.0,85.0,-0.072
45.0,86.0,-0.446
45.0,87.0,0.187
45.0,88.0,0.377
45.0,89.0,-0.279
45.0,90.0,-0.284
45.0,91.0,0.342
45.0,92.0,0.178
45.0,93.0,-0.373
45.0,94.0,-0.067
45.0,95.0,0.371
45.0,96.0,-0.038
45.0,97.0,-0.339
45.0,98.0,0.130
45.0,99.0,0.282
45.0,100.0,-0.200
46.0,0.0,-0.016
46.0,1.0,-0.990
46.0,2.0,0.166
46.0,3.0,0.962
46.0,4.0,-0.314
46.0,5.0,-0.910
46.0,6.0,0.456
46.0,7.0,0.835
46.0,8.0,-0.588
46.0,9.0,-0.737
46.0,10.0,0.705
46.0,11.0,0.618
46.0,12.0,-0.803
46.0,13.0,-0.481
46.0,14.0,0.879
46.0,15.0,0.330
46.0,16.0,-0.930
46.0,17.0,-0.168
46.0,18.0,0.953
46.0,19.0,0.001
46.0,20.0,-0.947
46.0,21.0,0.166
46.0,22.0,0.910
46.0,23.0,-0.328
46.0,24.0,-0.843
46.0,25.0,0.478
46.0,26.0,0.748
46.0,27.0,-0.612
46.0,28.0,-0.627
46.0,29.0,0.723
46.0,30.0,0.485
46.0,31.0,-0.808
46.0,32.0,-0.325
46.0,33.0,0.862
46.0,34.0,0.154
46.0,35.0,-0.882
46.0,36.0,0.021
46.0,37.0,0.867
46.0,38.0,-0.193
46.0,39.0,-0.817
46.0,40.0,0.355
46.0,41.0,0.734
46.0,42.0,-0.500
46.0,43.0,-0.621
46.0,44.0,0.621
46.0,45.0,0.482
46.0,46.0,-0.713
46.0,47.0,-0.324
46.0,48.0,0.770
46.0,49.0,0.155
46.0,50.0,-0.790
46.0,51.0,0.019
46.0,52.0,0.772
46.0,53.0,-0.187
46.0,54.0,-0.717
46.0,55.0,0.342
46.0,56.0,0.626
46.0,57.0,-0.476
46.0,58.0,-0.507
46.0,59.0,0.580
46.0,60.0,0.364
46.0,61.0,-0.651
46.0,62.0,-0.206
46.0,63.0,0.684
46.0,64.0,0.042
46.0,65.0,-0.677
46.0,66.0,0.119
46.0,67.0,0.632
46.0,68.0,-0.266
46.0,69.0,-0.552
46.0,70.0,0.392
46.0,71.0,0.442
46.0,72.0,-0.489
46.0,73.0,-0.310
46.0,74.0,0.550
46.0,75.0,0.165
46.0,76.0,-0.574
46.0,77.0,-0.016
46.0,78.0,0.560
46.0,79.0,-0.125
46.0,80.0,-0.509
46.0,81.0,0.250
46.0,82.0,0.427
46.0,83.0,-0.351
46.0,84.0,-0.321
46.0,85.0,0.421
46.0,86.0,0.198
46.0,87.0,-0.456
46.0,88.0,-0.070
46.0,89.0,0.455
46.0,90.0,-0.053
46.0,91.0,-0.420
46.0,92.0,0.163
46.0,93.0,0.356
46.0,94.0,-0.251
46.0,95.0,-0.270
46.0,96.0,0.312
46.0,97.0,0.170
46.0,98.0,-0.341
46.0,99.0,-0.066
46.0,100.0,0.339
47.0,0.0,0.839
47.0,1.0,0.476
47.0,2.0,-0.908
47.0,3.0,-0.338
47.0,4.0,0.957
47.0,5.0,0.191
47.0,6.0,-0.984
47.0,7.0,-0.037
47.0,8.0,0.986
47.0,9.0,-0.119
47.0,10.0,-0.963
47.0,11.0,0.274
47.0,12.0,0.915
47.0,13.0,-0.422
47.0,14.0,-0.841
47.0,15.0,0.560
47.0,16.0,0.742
47.0,17.0,-0.682
47.0,18.0,-0.622
47.0,19.0,0.784
47.0,20.0,0.482
47.0,21.0,-0.863
47.0,22.0,-0.328
47.0,23.0,0.914
47.0,24.0,0.163
47.0,25.0,-0.936
47.0,26.0,0.008
47.0,27.0,0.927
47.0,28.0,-0.178
47.0,29.0,-0.885
47.0,30.0,0.340
47.0,31.0,0.813
47.0,32.0,-0.490
47.0,33.0,-0.712
47.0,34.0,0.621
47.0,35.0,0.584
47.0,36.0,-0.727
47.0,37.0,-0.436
47.0,38.0,0.804
47.0,39.0,0.271
47.0,40.0,-0.848
47.0,41.0,-0.098
47.0,42.0,0.857
47.0,43.0,-0.077
47.0,44.0,-0.829
47.0,45.0,0.246
47.0,46.0,0.766
47.0,47.0,-0.402
47.0,48.0,-0.670
47.0,49.0,0.537
47.0,50.0,0.545
47.0,51.0,-0.645
47.0,52.0,-0.398
47.0,53.0,0.719
47.0,54.0,0.234
47.0,55.0,-0.757
47.0,56.0,-0.063
47.0,57.0,0.757
47.0,58.0,-0.106
47.0,59.0,-0.718
47.0,60.0,0.266
47.0,61.0,0.643
47.0,62.0,-0.407
47.0,63.0,-0.536
47.0,64.0,0.521
47.0,65.0,0.403
47.0,66.0,-0.603
47.0,67.0,-0.252
47.0,68.0,0.647
47.0,69.0,0.093
47.0,70.0,-0.653
47.0,71.0,0.066
47.0,72.0,0.620
47.0,73.0,-0.214
47.0,74.0,-0.550
47.0,75.0,0.342
47.0,76.0,0.450
47.0,77.0,-0.443
47.0,78.0,-0.326
47.0,79.0,0.511
47.0,80.0,0.188
47.0,81.0,-0.541
47.0,82.0,-0.045
47.0,83.0,0.534
47.0,84.0,-0.093
47.0,85.0,-0.490
47.0,86.0,0.216
47.0,87.0,0.415
47.0,88.0,-0.316
47.0,89.0,-0.316
47.0,90.0,0.386
47.0,91.0,0.200
47.0,92.0,-0.422
47.0,93.0,-0.079
47.0,94.0,0.423
47.0,95.0,-0.039
47.0,96.0,-0.392
47.0,97.0,0.143
47.0,98.0,0.333
47.0,99.0,-0.226
47.0,100.0,-0.252
48.0,0.0,-0.915
48.0,1.0,0.467
48.0,2.0,0.845
48.0,3.0,-0.591
48.0,4.0,-0.755
48.0,5.0,0.703
48.0,6.0,0.647
48.0,7.0,-0.800
48.0,8.0,-0.522
48.0,9.0,0.879
48.0,10.0,0.382
48.0,11.0,-0.936
48.0,12.0,-0.231
48.0,13.0,0.970
48.0,14.0,0.073
48.0,15.0,-0.977
48.0,16.0,0.089
48.0,17.0,0.957
48.0,18.0,-0.248
48.0,19.0,-0.910
48.0,20.0,0.402
48.0,21.0,0.835
48.0,22.0,-0.543
48.0,23.0,-0.735
48.0,24.0,0.668
48.0,25.0,0.611
48.0,26.0,-0.772
48.0,27.0,-0.468
48.0,28.0,0.850
48.0,29.0,0.310
48.0,30.0,-0.899
48.0,31.0,-0.141
48.0,32.0,0.917
48.0,33.0,-0.032
48.0,34.0,-0.902
48.0,35.0,0.203
48.0,36.0,0.853
48.0,37.0,-0.365
48.0,38.0,-0.773
48.0,39.0,0.511
48.0,40.0,0.664
48.0,41.0,-0.636
48.0,42.0,-0.529
48.0,43.0,0.734
48.0,44.0,0.374
48.0,45.0,-0.800
48.0,46.0,-0.205
48.0,47.0,0.831
48.0,48.0,0.030
48.0,49.0,-0.824
48.0,50.0,0.143
48.0,51.0,0.781
48.0,52.0,-0.306
48.0,53.0,-0.703
48.0,54.0,0.452
48.0,55.0,0.593
48.0,56.0,-0.573
48.0,57.0,-0.458
48.0,58.0,0.663
48.0,59.0,0.302
48.0,60.0,-0.717
48.0,61.0,-0.136
48.0,62.0,0.733
48.0,63.0,-0.033
48.0,64.0,-0.710
48.0,65.0,0.195
48.0,66.0,0.649
48.0,67.0,-0.341
48.0,68.0,-0.555
48.0,69.0,0.463
48.0,70.0,0.432
48.0,71.0,-0.553
48.0,72.0,-0.290
48.0,73.0,0.608
48.0,74.0,0.136
48.0,75.0,-0.624
48.0,76.0,0.020
48.0,77.0,0.602
48.0,78.0,-0.167
48.0,79.0,-0.542
48.0,80.0,0.297
48.0,81.0,0.451
48.0,82.0,-0.400
48.0,83.0,-0.336
48.0,84.0,0.471
48.0,85.0,0.204
48.0,86.0,-0.507
48.0,87.0,-0.066
48.0,88.0,0.505
48.0,89.0,-0.067
48.0,90.0,-0.468
48.0,91.0,0.187
48.0,92.0,0.399
48.0,93.0,-0.284
48.0,94.0,-0.306
48.0,95.0,0.353
48.0,96.0,0.197
48.0,97.0,-0.389
48.0,98.0,-0.083
48.0,99.0,0.392
48.0,100.0,-0.028
49.0,0.0,0.168
49.0,1.0,-0.995
49.0,2.0,-0.025
49.0,3.0,0.997
49.0,4.0,-0.121
49.0,5.0,-0.978
49.0,6.0,0.267
49.0,7.0,0.936
49.0,8.0,-0.408
49.0,9.0,-0.871
49.0,10.0,0.541
49.0,11.0,0.784
49.0,12.0,-0.662
49.0,13.0,-0.676
49.0,14.0,0.767
49.0,15.0,0.550
49.0,16.0,-0.853
49.0,17.0,-0.408
49.0,18.0,0.916
49.0,19.0,0.254
49.0,20.0,-0.954
49.0,21.0,-0.091
49.0,22.0,0.963
49.0,23.0,-0.074
49.0,24.0,-0.944
49.0,25.0,0.238
49.0,26.0,0.896
49.0,27.0,-0.394
49.0,28.0,-0.819
49.0,29.0,0.538
49.0,30.0,0.715
49.0,31.0,-0.663
49.0,32.0,-0.587
49.0,33.0,0.766
49.0,34.0,0.439
49.0,35.0,-0.841
49.0,36.0,-0.277
49.0,37.0,0.884
49.0,38.0,0.105
49.0,39.0,-0.895
49.0,40.0,0.070
49.0,41.0,0.871
49.0,42.0,-0.240
49.0,43.0,-0.813
49.0,44.0,0.399
49.0,45.0,0.723
49.0,46.0,-0.539
49.0,47.0,-0.604
49.0,48.0,0.655
49.0,49.0,0.460
49.0,50.0,-0.740
49.0,51.0,-0.299
49.0,52.0,0.792
49.0,53.0,0.128
49.0,54.0,-0.806
49.0,55.0,0.046
49.0,56.0,0.782
49.0,57.0,-0.214
49.0,58.0,-0.722
49.0,59.0,0.368
49.0,60.0,0.628
49.0,61.0,-0.500
49.0,62.0,-0.504
49.0,63.0,0.603
49.0,64.0,0.358
49.0,65.0,-0.671
49.0,66.0,-0.198
49.0,67.0,0.702
49.0,68.0,0.032
49.0,69.0,-0.693
49.0,70.0,0.130
49.0,71.0,0.646
49.0,72.0,-0.279
49.0,73.0,-0.564
49.0,74.0,0.407
49.0,75.0,0.452
49.0,76.0,-0.504
49.0,77.0,-0.318
49.0,78.0,0.568
49.0,79.0,0.170
49.0,80.0,-0.593
49.0,81.0,-0.019
49.0,82.0,0.579
49.0,83.0,-0.126
49.0,84.0,-0.529
49.0,85.0,0.255
49.0,86.0,0.446
49.0,87.0,-0.360
49.0,88.0,-0.338
49.0,89.0,0.434
49.0,90.0,0.214
49.0,91.0,-0.472
49.0,92.0,-0.082
49.0,93.0,0.475
49.0,94.0,-0.046
49.0,95.0,-0.442
49.0,96.0,0.161
49.0,97.0,0.379
49.0,98.0,-0.255
49.0,99.0,-0.292
49.0,100.0,0.322
50.0,0.0,0.733
50.0,1.0,0.627
50.0,2.0,-0.821
50.0,3.0,-0.510
50.0,4.0,0.894
50.0,5.0,0.380
50.0,6.0,-0.948
50.0,7.0,-0.239
50.0,8.0,0.982
50.0,9.0,0.091
50.0,10.0,-0.993
50.0,11.0,0.061
50.0,12.0,0.981
50.0,13.0,-0.213
50.0,14.0,-0.944
50.0,15.0,0.362
50.0,16.0,0.883
50.0,17.0,-0.502
50.0,18.0,-0.798
50.0,19.0,0.630
50.0,20.0,0.690
50.0,21.0,-0.741
50.0,22.0,-0.562
50.0,23.0,0.832
50.0,24.0,0.417
50.0,25.0,-0.898
50.0,26.0,-0.260
50.0,27.0,0.937
50.0,28.0,0.094
50.0,29.0,-0.947
50.0,30.0,0.076
50.0,31.0,0.926
50.0,32.0,-0.242
50.0,33.0,-0.874
50.0,34.0,0.400
50.0,35.0,0.792
50.0,36.0,-0.543
50.0,37.0,-0.683
50.0,38.0,0.667
50.0,39.0,0.550
50.0,40.0,-0.765
50.0,41.0,-0.396
50.0,42.0,0.833
50.0,43.0,0.230
50.0,44.0,-0.868
50.0,45.0,-0.055
50.0,46.0,0.868
50.0,47.0,-0.119
50.0,48.0,-0.832
50.0,49.0,0.286
50.0,50.0,0.762
50.0,51.0,-0.439
50.0,52.0,-0.661
50.0,53.0,0.570
50.0,54.0,0.531
50.0,55.0,-0.673
50.0,56.0,-0.380
50.0,57.0,0.743
50.0,58.0,0.214
50.0,59.0,-0.776
50.0,60.0,-0.042
50.0,61.0,0.771
50.0,62.0,-0.129
50.0,63.0,-0.728
50.0,64.0,0.288
50.0,65.0,0.649
50.0,66.0,-0.428
50.0,67.0,-0.539
50.0,68.0,0.542
50.0,69.0,0.403
50.0,70.0,-0.622
50.0,71.0,-0.250
50.0,72.0,0.666
50.0,73.0,0.088
50.0,74.0,-0.670
50.0,75.0,0.073
50.0,76.0,0.636
50.0,77.0,-0.223
50.0,78.0,-0.565
50.0,79.0,0.354
50.0,80.0,0.463
50.0,81.0,-0.457
50.0,82.0,-0.338
50.0,83.0,0.527
50.0,84.0,0.196
50.0,85.0,-0.559
50.0,86.0,-0.050
50.0,87.0,0.553
50.0,88.0,-0.092
50.0,89.0,-0.511
50.0,90.0,0.219
50.0,91.0,0.436
50.0,92.0,-0.323
50.0,93.0,-0.335
50.0,94.0,0.398
50.0,95.0,0.217
50.0,96.0,-0.438
50.0,97.0,-0.092
50.0,98.0,0.444
50.0,99.0,-0.030
50.0,100.0,-0.415
51.0,0.0,-0.970
51.0,1.0,0.309
51.0,2.0,0.927
51.0,3.0,-0.439
51.0,4.0,-0.865
51.0,5.0,0.561
51.0,6.0,0.784
51.0,7.0,-0.674
51.0,8.0,-0.684
51.0,9.0,0.774
51.0,10.0,0.567
51.0,11.0,-0.858
51.0,12.0,-0.436
51.0,13.0,0.922
51.0,14.0,0.293
51.0,15.0,-0.965
51.0,16.0,-0.140
51.0,17.0,0.984
51.0,18.0,-0.017
51.0,19.0,-0.977
51.0,20.0,0.175
51.0,21.0,0.944
51.0,22.0,-0.330
51.0,23.0,-0.884
51.0,24.0,0.476
51.0,25.0,0.799
51.0,26.0,-0.609
51.0,27.0,-0.690
51.0,28.0,0.724
51.0,29.0,0.559
51.0,30.0,-0.817
51.0,31.0,-0.411
51.0,32.0,0.883
51.0,33.0,0.249
51.0,34.0,-0.921
51.0,35.0,-0.080
51.0,36.0,0.928
51.0,37.0,-0.092
51.0,38.0,-0.902
51.0,39.0,0.260
51.0,40.0,0.844
51.0,41.0,-0.417
51.0,42.0,-0.755
51.0,43.0,0.558
51.0,44.0,0.639
51.0,45.0,-0.676
51.0,46.0,-0.499
51.0,47.0,0.766
51.0,48.0,0.340
51.0,49.0,-0.824
51.0,50.0,-0.169
51.0,51.0,0.847
51.0,52.0,-0.006
51.0,53.0,-0.834
51.0,54.0,0.178
51.0,55.0,0.785
51.0,56.0,-0.340
51.0,57.0,-0.701
51.0,58.0,0.483
51.0,59.0,0.586
51.0,60.0,-0.600
51.0,61.0,-0.446
51.0,62.0,0.687
51.0,63.0,0.288
51.0,64.0,-0.737
51.0,65.0,-0.120
51.0,66.0,0.750
51.0,67.0,-0.050
51.0,68.0,-0.723
51.0,69.0,0.213
51.0,70.0,0.659
51.0,71.0,-0.359
51.0,72.0,-0.562
51.0,73.0,0.481
51.0,74.0,0.437
51.0,75.0,-0.572
51.0,76.0,-0.291
51.0,77.0,0.627
51.0,78.0,0.135
51.0,79.0,-0.642
51.0,80.0,0.023
51.0,81.0,0.619
51.0,82.0,-0.173
51.0,83.0,-0.559
51.0,84.0,0.305
51.0,85.0,0.467
51.0,86.0,-0.412
51.0,87.0,-0.350
51.0,88.0,0.486
51.0,89.0,0.216
51.0,90.0,-0.524
51.0,91.0,-0.075
51.0,92.0,0.525
51.0,93.0,-0.063
51.0,94.0,-0.489
51.0,95.0,0.187
51.0,96.0,0.421
51.0,97.0,-0.290
51.0,98.0,-0.327
51.0,99.0,0.364
51.0,100.0,0.216
52.0,0.0,0.323
52.0,1.0,-0.966
52.0,2.0,-0.192
52.0,3.0,0.992
52.0,4.0,0.055
52.0,5.0,-1.000
52.0,6.0,0.086
52.0,7.0,0.987
52.0,8.0,-0.228
52.0,9.0,-0.953
52.0,10.0,0.367
52.0,11.0,0.897
52.0,12.0,-0.500
52.0,13.0,-0.820
52.0,14.0,0.623
52.0,15.0,0.723
52.0,16.0,-0.733
52.0,17.0,-0.607
52.0,18.0,0.825
52.0,19.0,0.474
52.0,20.0,-0.898
52.0,21.0,-0.328
52.0,22.0,0.947
52.0,23.0,0.172
52.0,24.0,-0.970
52.0,25.0,-0.010
52.0,26.0,0.967
52.0,27.0,-0.153
52.0,28.0,-0.935
52.0,29.0,0.312
52.0,30.0,0.875
52.0,31.0,-0.462
52.0,32.0,-0.788
52.0,33.0,0.598
52.0,34.0,0.676
52.0,35.0,-0.714
52.0,36.0,-0.541
52.0,37.0,0.806
52.0,38.0,0.389
52.0,39.0,-0.871
52.0,40.0,-0.224
52.0,41.0,0.904
52.0,42.0,0.051
52.0,43.0,-0.904
52.0,44.0,0.122
52.0,45.0,0.871
52.0,46.0,-0.289
52.0,47.0,-0.805
52.0,48.0,0.444
52.0,49.0,0.707
52.0,50.0,-0.579
52.0,51.0,-0.582
52.0,52.0,0.689
52.0,53.0,0.435
52.0,54.0,-0.768
52.0,55.0,-0.271
52.0,56.0,0.812
52.0,57.0,0.098
52.0,58.0,-0.820
52.0,59.0,0.077
52.0,60.0,0.791
52.0,61.0,-0.244
52.0,62.0,-0.725
52.0,63.0,0.396
52.0,64.0,0.626
52.0,65.0,-0.526
52.0,66.0,-0.499
52.0,67.0,0.626
52.0,68.0,0.350
52.0,69.0,-0.692
52.0,70.0,-0.187
52.0,71.0,0.720
52.0,72.0,0.019
52.0,73.0,-0.709
52.0,74.0,0.144
52.0,75.0,0.659
52.0,76.0,-0.294
52.0,77.0,-0.575
52.0,78.0,0.423
52.0,79.0,0.460
52.0,80.0,-0.521
52.0,81.0,-0.324
52.0,82.0,0.585
52.0,83.0,0.173
52.0,84.0,-0.611
52.0,85.0,-0.019
52.0,86.0,0.598
52.0,87.0,-0.129
52.0,88.0,-0.547
52.0,89.0,0.261
52.0,90.0,0.464
52.0,91.0,-0.370
52.0,92.0,-0.355
52.0,93.0,0.447
52.0,94.0,0.228
52.0,95.0,-0.489
52.0,96.0,-0.093
52.0,97.0,0.494
52.0,98.0,-0.039
52.0,99.0,-0.464
52.0,100.0,0.160
53.0,0.0,0.620
53.0,1.0,0.739
53.0,2.0,-0.719
53.0,3.0,-0.644
53.0,4.0,0.807
53.0,5.0,0.533
53.0,6.0,-0.881
53.0,7.0,-0.410
53.0,8.0,0.938
53.0,9.0,0.277
53.0,10.0,-0.977
53.0,11.0,-0.135
53.0,12.0,0.996
53.0,13.0,-0.012
53.0,14.0,-0.992
53.0,15.0,0.161
53.0,16.0,0.965
53.0,17.0,-0.308
53.0,18.0,-0.915
53.0,19.0,0.449
53.0,20.0,0.842
53.0,21.0,-0.581
53.0,22.0,-0.746
53.0,23.0,0.698
53.0,24.0,0.630
53.0,25.0,-0.798
53.0,26.0,-0.495
53.0,27.0,0.876
53.0,28.0,0.346
53.0,29.0,-0.929
53.0,30.0,-0.186
53.0,31.0,0.955
53.0,32.0,0.020
53.0,33.0,-0.952
53.0,34.0,0.147
53.0,35.0,0.919
53.0,36.0,-0.309
53.0,37.0,-0.857
53.0,38.0,0.461
53.0,39.0,0.766
53.0,40.0,-0.597
53.0,41.0,-0.649
53.0,42.0,0.712
53.0,43.0,0.509
53.0,44.0,-0.801
53.0,45.0,-0.352
53.0,46.0,0.859
53.0,47.0,0.183
53.0,48.0,-0.885
53.0,49.0,-0.009
53.0,50.0,0.876
53.0,51.0,-0.165
53.0,52.0,-0.833
53.0,53.0,0.329
53.0,54.0,0.755
53.0,55.0,-0.478
53.0,56.0,-0.647
53.0,57.0,0.604
53.0,58.0,0.513
53.0,59.0,-0.702
53.0,60.0,-0.358
53.0,61.0,0.766
53.0,62.0,0.190
53.0,63.0,-0.794
53.0,64.0,-0.017
53.0,65.0,0.784
53.0,66.0,-0.154
53.0,67.0,-0.736
53.0,68.0,0.313
53.0,69.0,0.653
53.0,70.0,-0.452
53.0,71.0,-0.539
53.0,72.0,0.564
53.0,73.0,0.400
53.0,74.0,-0.643
53.0,75.0,-0.244
53.0,76.0,0.685
53.0,77.0,0.080
53.0,78.0,-0.687
53.0,79.0,0.083
53.0,80.0,0.651
53.0,81.0,-0.235
53.0,82.0,-0.579
53.0,83.0,0.367
53.0,84.0,0.475
53.0,85.0,-0.472
53.0,86.0,-0.347
53.0,87.0,0.543
53.0,88.0,0.204
53.0,89.0,-0.577
53.0,90.0,-0.054
53.0,91.0,0.572
53.0,92.0,-0.091
53.0,93.0,-0.530
53.0,94.0,0.222
53.0,95.0,0.455
53.0,96.0,-0.331
53.0,97.0,-0.354
53.0,98.0,0.410
53.0,99.0,0.234
53.0,100.0,-0.454
54.0,0.0,-0.991
54.0,1.0,0.166
54.0,2.0,0.971
54.0,3.0,-0.294
54.0,4.0,-0.933
54.0,5.0,0.419
54.0,6.0,0.877
54.0,7.0,-0.539
54.0,8.0,-0.802
54.0,9.0,0.651
54.0,10.0,0.711
54.0,11.0,-0.752
54.0,12.0,-0.602
54.0,13.0,0.838
54.0,14.0,0.479
54.0,15.0,-0.908
54.0,16.0,-0.343
54.0,17.0,0.957
54.0,18.0,0.197
54.0,19.0,-0.985
54.0,20.0,-0.045
54.0,21.0,0.989
54.0,22.0,-0.110
54.0,23.0,-0.968
54.0,24.0,0.264
54.0,25.0,0.922
54.0,26.0,-0.412
54.0,27.0,-0.850
54.0,28.0,0.550
54.0,29.0,0.754
54.0,30.0,-0.673
54.0,31.0,-0.637
54.0,32.0,0.777
54.0,33.0,0.500
54.0,34.0,-0.858
54.0,35.0,-0.347
54.0,36.0,0.913
54.0,37.0,0.184
54.0,38.0,-0.939
54.0,39.0,-0.014
54.0,40.0,0.933
54.0,41.0,-0.155
54.0,42.0,-0.897
54.0,43.0,0.319
54.0,44.0,0.829
54.0,45.0,-0.471
54.0,46.0,-0.732
54.0,47.0,0.605
54.0,48.0,0.609
54.0,49.0,-0.715
54.0,50.0,-0.464
54.0,51.0,0.798
54.0,52.0,0.302
54.0,53.0,-0.847
54.0,54.0,-0.129
54.0,55.0,0.862
54.0,56.0,-0.046
54.0,57.0,-0.841
54.0,58.0,0.217
54.0,59.0,0.785
54.0,60.0,-0.376
54.0,61.0,-0.695
54.0,62.0,0.516
54.0,63.0,0.575
54.0,64.0,-0.629
54.0,65.0,-0.432
54.0,66.0,0.711
54.0,67.0,0.271
54.0,68.0,-0.757
54.0,69.0,-0.100
54.0,70.0,0.765
54.0,71.0,-0.071
54.0,72.0,-0.735
54.0,73.0,0.234
54.0,74.0,0.667
54.0,75.0,-0.380
54.0,76.0,-0.567
54.0,77.0,0.501
54.0,78.0,0.439
54.0,79.0,-0.591
54.0,80.0,-0.291
54.0,81.0,0.645
54.0,82.0,0.132
54.0,83.0,-0.660
54.0,84.0,0.029
54.0,85.0,0.636
54.0,86.0,-0.181
54.0,87.0,-0.575
54.0,88.0,0.315
54.0,89.0,0.482
54.0,90.0,-0.424
54.0,91.0,-0.362
54.0,92.0,0.501
54.0,93.0,0.226
54.0,94.0,-0.542
54.0,95.0,-0.082
54.0,96.0,0.544
54.0,97.0,-0.059
54.0,98.0,-0.510
54.0,99.0,0.188
54.0,100.0,0.442
55.0,0.0,0.445
55.0,1.0,-0.916
55.0,2.0,-0.329
55.0,3.0,0.960
55.0,4.0,0.204
55.0,5.0,-0.989
55.0,6.0,-0.073
55.0,7.0,0.999
55.0,8.0,-0.063
55.0,9.0,-0.991
55.0,10.0,0.200
55.0,11.0,0.963
55.0,12.0,-0.335
55.0,13.0,-0.915
55.0,14.0,0.466
55.0,15.0,0.847
55.0,16.0,-0.589
55.0,17.0,-0.759
55.0,18.0,0.701
55.0,19.0,0.652
55.0,20.0,-0.798
55.0,21.0,-0.529
55.0,22.0,0.877
55.0,23.0,0.391
55.0,24.0,-0.935
55.0,25.0,-0.242
55.0,26.0,0.970
55.0,27.0,0.085
55.0,28.0,-0.980
55.0,29.0,0.075
55.0,30.0,0.963
55.0,31.0,-0.235
55.0,32.0,-0.918
55.0,33.0,0.388
55.0,34.0,0.847
55.0,35.0,-0.530
55.0,36.0,-0.750
55.0,37.0,0.657
55.0,38.0,0.630
55.0,39.0,-0.763
55.0,40.0,-0.489
55.0,41.0,0.845
55.0,42.0,0.333
55.0,43.0,-0.898
55.0,44.0,-0.166
55.0,45.0,0.920
55.0,46.0,-0.007
55.0,47.0,-0.910
55.0,48.0,0.178
55.0,49.0,0.867
55.0,50.0,-0.342
55.0,51.0,-0.792
55.0,52.0,0.491
55.0,53.0,0.687
55.0,54.0,-0.620
55.0,55.0,-0.556
55.0,56.0,0.723
55.0,57.0,0.405
55.0,58.0,-0.795
55.0,59.0,-0.238
55.0,60.0,0.832
55.0,61.0,0.064
55.0,62.0,-0.833
55.0,63.0,0.110
55.0,64.0,0.797
55.0,65.0,-0.277
55.0,66.0,-0.726
55.0,67.0,0.427
55.0,68.0,0.622
55.0,69.0,-0.554
55.0,70.0,-0.491
55.0,71.0,0.651
55.0,72.0,0.339
55.0,73.0,-0.713
55.0,74.0,-0.174
55.0,75.0,0.738
55.0,76.0,0.004
55.0,77.0,-0.724
55.0,78.0,0.161
55.0,79.0,0.671
55.0,80.0,-0.311
55.0,81.0,-0.584
55.0,82.0,0.440
55.0,83.0,0.467
55.0,84.0,-0.539
55.0,85.0,-0.328
55.0,86.0,0.603
55.0,87.0,0.175
55.0,88.0,-0.629
55.0,89.0,-0.018
55.0,90.0,0.616
55.0,91.0,-0.133
55.0,92.0,-0.565
55.0,93.0,0.269
55.0,94.0,0.481
55.0,95.0,-0.380
55.0,96.0,-0.370
55.0,97.0,0.461
55.0,98.0,0.241
55.0,99.0,-0.506
55.0,100.0,-0.103
56.0,0.0,0.513
56.0,1.0,0.816
56.0,2.0,-0.616
56.0,3.0,-0.740
56.0,4.0,0.712
56.0,5.0,0.650
56.0,6.0,-0.798
56.0,7.0,-0.546
56.0,8.0,0.871
56.0,9.0,0.429
56.0,10.0,-0.930
56.0,11.0,-0.302
56.0,12.0,0.972
56.0,13.0,0.167
56.0,14.0,-0.995
56.0,15.0,-0.025
56.0,16.0,0.998
56.0,17.0,-0.119
56.0,18.0,-0.979
56.0,19.0,0.263
56.0,20.0,0.938
56.0,21.0,-0.403
56.0,22.0,-0.875
56.0,23.0,0.536
56.0,24.0,0.790
56.0,25.0,-0.657
56.0,26.0,-0.685
56.0,27.0,0.763
56.0,28.0,0.561
56.0,29.0,-0.850
56.0,30.0,-0.421
56.0,31.0,0.914
56.0,32.0,0.268
56.0,33.0,-0.954
56.0,34.0,-0.108
56.0,35.0,0.967
56.0,36.0,-0.057
56.0,37.0,-0.951
56.0,38.0,0.221
56.0,39.0,0.906
56.0,40.0,-0.378
56.0,41.0,-0.833
56.0,42.0,0.523
56.0,43.0,0.733
56.0,44.0,-0.651
56.0,45.0,-0.608
56.0,46.0,0.756
56.0,47.0,0.464
56.0,48.0,-0.835
56.0,49.0,-0.303
56.0,50.0,0.884
56.0,51.0,0.132
56.0,52.0,-0.900
56.0,53.0,0.042
56.0,54.0,0.882
56.0,55.0,-0.213
56.0,56.0,-0.829
56.0,57.0,0.374
56.0,58.0,0.745
56.0,59.0,-0.518
56.0,60.0,-0.630
56.0,61.0,0.639
56.0,62.0,0.491
56.0,63.0,-0.731
56.0,64.0,-0.333
56.0,65.0,0.789
56.0,66.0,0.163
56.0,67.0,-0.811
56.0,68.0,0.012
56.0,69.0,0.795
56.0,70.0,-0.182
56.0,71.0,-0.742
56.0,72.0,0.340
56.0,73.0,0.654
56.0,74.0,-0.477
56.0,75.0,-0.537
56.0,76.0,0.587
56.0,77.0,0.395
56.0,78.0,-0.664
56.0,79.0,-0.236
56.0,80.0,0.704
56.0,81.0,0.070
56.0,82.0,-0.704
56.0,83.0,0.095
56.0,84.0,0.666
56.0,85.0,-0.248
56.0,86.0,-0.591
56.0,87.0,0.382
56.0,88.0,0.485
56.0,89.0,-0.488
56.0,90.0,-0.355
56.0,91.0,0.560
56.0,92.0,0.209
56.0,93.0,-0.595
56.0,94.0,-0.057
56.0,95.0,0.591
56.0,96.0,-0.092
56.0,97.0,-0.550
56.0,98.0,0.226
56.0,99.0,0.474
56.0,100.0,-0.339
57.0,0.0,-0.988
57.0,1.0,0.044
57.0,2.0,0.985
57.0,3.0,-0.166
57.0,4.0,-0.967
57.0,5.0,0.288
57.0,6.0,0.933
57.0,7.0,-0.409
57.0,8.0,-0.881
57.0,9.0,0.526
57.0,10.0,0.812
57.0,11.0,-0.635
57.0,12.0,-0.727
57.0,13.0,0.735
57.0,14.0,0.626
57.0,15.0,-0.822
57.0,16.0,-0.510
57.0,17.0,0.894
57.0,18.0,0.381
57.0,19.0,-0.948
57.0,20.0,-0.242
57.0,21.0,0.982
57.0,22.0,0.096
57.0,23.0,-0.995
57.0,24.0,0.055
57.0,25.0,0.984
57.0,26.0,-0.206
57.0,27.0,-0.949
57.0,28.0,0.354
57.0,29.0,0.890
57.0,30.0,-0.494
57.0,31.0,-0.807
57.0,32.0,0.622
57.0,33.0,0.702
57.0,34.0,-0.735
57.0,35.0,-0.576
57.0,36.0,0.827
57.0,37.0,0.434
57.0,38.0,-0.896
57.0,39.0,-0.278
57.0,40.0,0.938
57.0,41.0,0.113
57.0,42.0,-0.951
57.0,43.0,0.055
57.0,44.0,0.934
57.0,45.0,-0.222
57.0,46.0,-0.886
57.0,47.0,0.381
57.0,48.0,0.809
57.0,49.0,-0.526
57.0,50.0,-0.704
57.0,51.0,0.653
57.0,52.0,0.574
57.0,53.0,-0.755
57.0,54.0,-0.424
57.0,55.0,0.828
57.0,56.0,0.259
57.0,57.0,-0.869
57.0,58.0,-0.086
57.0,59.0,0.875
57.0,60.0,-0.089
57.0,61.0,-0.846
57.0,62.0,0.258
57.0,63.0,0.782
57.0,64.0,-0.414
57.0,65.0,-0.686
57.0,66.0,0.550
57.0,67.0,0.561
57.0,68.0,-0.659
57.0,69.0,-0.414
57.0,70.0,0.736
57.0,71.0,0.250
57.0,72.0,-0.777
57.0,73.0,-0.078
57.0,74.0,0.780
57.0,75.0,-0.094
57.0,76.0,-0.745
57.0,77.0,0.257
57.0,78.0,0.674
57.0,79.0,-0.402
57.0,80.0,-0.569
57.0,81.0,0.523
57.0,82.0,0.438
57.0,83.0,-0.612
57.0,84.0,-0.288
57.0,85.0,0.664
57.0,86.0,0.127
57.0,87.0,-0.678
57.0,88.0,0.036
57.0,89.0,0.653
57.0,90.0,-0.190
57.0,91.0,-0.590
57.0,92.0,0.327
57.0,93.0,0.495
57.0,94.0,-0.438
57.0,95.0,-0.374
57.0,96.0,0.517
57.0,97.0,0.235
57.0,98.0,-0.559
57.0,99.0,-0.088
57.0,100.0,0.563
58.0,0.0,0.534
58.0,1.0,-0.858
58.0,2.0,-0.433
58.0,3.0,0.914
58.0,4.0,0.323
58.0,5.0,-0.956
58.0,6.0,-0.205
58.0,7.0,0.985
58.0,8.0,0.080
58.0,9.0,-0.997
58.0,10.0,0.050
58.0,11.0,0.992
58.0,12.0,-0.182
58.0,13.0,-0.968
58.0,14.0,0.313
58.0,15.0,0.926
58.0,16.0,-0.441
58.0,17.0,-0.865
58.0,18.0,0.562
58.0,19.0,0.784
58.0,20.0,-0.674
58.0,21.0,-0.686
58.0,22.0,0.773
58.0,23.0,0.571
58.0,24.0,-0.857
58.0,25.0,-0.442
58.0,26.0,0.922
58.0,27.0,0.300
58.0,28.0,-0.965
58.0,29.0,-0.149
58.0,30.0,0.985
58.0,31.0,-0.007
58.0,32.0,-0.980
58.0,33.0,0.164
58.0,34.0,0.950
58.0,35.0,-0.318
58.0,36.0,-0.893
58.0,37.0,0.464
58.0,38.0,0.810
58.0,39.0,-0.598
58.0,40.0,-0.704
58.0,41.0,0.715
58.0,42.0,0.577
58.0,43.0,-0.810
58.0,44.0,-0.431
58.0,45.0,0.880
58.0,46.0,0.271
58.0,47.0,-0.921
58.0,48.0,-0.103
58.0,49.0,0.932
58.0,50.0,-0.068
58.0,51.0,-0.911
58.0,52.0,0.237
58.0,53.0,0.858
58.0,54.0,-0.396
58.0,55.0,-0.775
58.0,56.0,0.539
58.0,57.0,0.662
58.0,58.0,-0.661
58.0,59.0,-0.526
58.0,60.0,0.757
58.0,61.0,0.370
58.0,62.0,-0.821
58.0,63.0,-0.201
58.0,64.0,0.851
58.0,65.0,0.026
58.0,66.0,-0.844
58.0,67.0,0.147
58.0,68.0,0.801
58.0,69.0,-0.312
58.0,70.0,-0.724
58.0,71.0,0.459
58.0,72.0,0.615
58.0,73.0,-0.583
58.0,74.0,-0.480
58.0,75.0,0.676
58.0,76.0,0.324
58.0,77.0,-0.735
58.0,78.0,-0.157
58.0,79.0,0.755
58.0,80.0,-0.014
58.0,81.0,-0.737
58.0,82.0,0.179
58.0,83.0,0.681
58.0,84.0,-0.331
58.0,85.0,-0.591
58.0,86.0,0.459
58.0,87.0,0.471
58.0,88.0,-0.558
58.0,89.0,-0.329
58.0,90.0,0.622
58.0,91.0,0.174
58.0,92.0,-0.647
58.0,93.0,-0.015
58.0,94.0,0.633
58.0,95.0,-0.139
58.0,96.0,-0.582
58.0,97.0,0.277
58.0,98.0,0.497
58.0,99.0,-0.391
58.0,100.0,-0.384
59.0,0.0,0.419
59.0,1.0,0.861
59.0,2.0,-0.522
59.0,3.0,-0.803
59.0,4.0,0.620
59.0,5.0,0.731
59.0,6.0,-0.711
59.0,7.0,-0.645
59.0,8.0,0.794
59.0,9.0,0.547
59.0,10.0,-0.865
59.0,11.0,-0.437
59.0,12.0,0.923
59.0,13.0,0.316
59.0,14.0,-0.966
59.0,15.0,-0.187
59.0,16.0,0.993
59.0,17.0,0.051
59.0,18.0,-1.000
59.0,19.0,0.088
59.0,20.0,0.987
59.0,21.0,-0.228
59.0,22.0,-0.954
59.0,23.0,0.365
59.0,24.0,0.899
59.0,25.0,-0.497
59.0,26.0,-0.824
59.0,27.0,0.620
59.0,28.0,0.728
59.0,29.0,-0.729
59.0,30.0,-0.614
59.0,31.0,0.822
59.0,32.0,0.484
59.0,33.0,-0.896
59.0,34.0,-0.339
59.0,35.0,0.946
59.0,36.0,0.185
59.0,37.0,-0.972
59.0,38.0,-0.024
59.0,39.0,0.971
59.0,40.0,-0.138
59.0,41.0,-0.942
59.0,42.0,0.297
59.0,43.0,0.886
59.0,44.0,-0.448
59.0,45.0,-0.802
59.0,46.0,0.585
59.0,47.0,0.693
59.0,48.0,-0.703
59.0,49.0,-0.562
59.0,50.0,0.799
59.0,51.0,0.412
59.0,52.0,-0.867
59.0,53.0,-0.249
59.0,54.0,0.905
59.0,55.0,0.077
59.0,56.0,-0.911
59.0,57.0,0.096
59.0,58.0,0.883
59.0,59.0,-0.264
59.0,60.0,-0.822
59.0,61.0,0.421
59.0,62.0,0.729
59.0,63.0,-0.560
59.0,64.0,-0.609
59.0,65.0,0.675
59.0,66.0,0.465
59.0,67.0,-0.760
59.0,68.0,-0.304
59.0,69.0,0.811
59.0,70.0,0.132
59.0,71.0,-0.827
59.0,72.0,0.043
59.0,73.0,0.805
59.0,74.0,-0.213
59.0,75.0,-0.746
59.0,76.0,0.369
59.0,77.0,0.653
59.0,78.0,-0.504
59.0,79.0,-0.531
59.0,80.0,0.612
59.0,81.0,0.386
59.0,82.0,-0.686
59.0,83.0,-0.225
59.0,84.0,0.722
59.0,85.0,0.057
59.0,86.0,-0.720
59.0,87.0,0.109
59.0,88.0,0.679
59.0,89.0,-0.263
59.0,90.0,-0.602
59.0,91.0,0.398
59.0,92.0,0.493
59.0,93.0,-0.505
59.0,94.0,-0.361
59.0,95.0,0.578
59.0,96.0,0.212
59.0,97.0,-0.613
59.0,98.0,-0.057
59.0,99.0,0.610
59.0,100.0,-0.094
60.0,0.0,-0.969
60.0,1.0,-0.052
60.0,2.0,0.979
60.0,3.0,-0.061
60.0,4.0,-0.976
60.0,5.0,0.177
60.0,6.0,0.959
60.0,7.0,-0.293
60.0,8.0,-0.926
60.0,9.0,0.409
60.0,10.0,0.878
60.0,11.0,-0.520
60.0,12.0,-0.814
60.0,13.0,0.626
60.0,14.0,0.734
60.0,15.0,-0.723
60.0,16.0,-0.639
60.0,17.0,0.810
60.0,18.0,0.530
60.0,19.0,-0.882
60.0,20.0,-0.408
60.0,21.0,0.939
60.0,22.0,0.276
60.0,23.0,-0.978
60.0,24.0,-0.136
60.0,25.0,0.997
60.0,26.0,-0.009
60.0,27.0,-0.994
60.0,28.0,0.157
60.0,29.0,0.968
60.0,30.0,-0.303
60.0,31.0,-0.920
60.0,32.0,0.443
60.0,33.0,0.848
60.0,34.0,-0.574
60.0,35.0,-0.754
60.0,36.0,0.692
60.0,37.0,0.640
60.0,38.0,-0.793
60.0,39.0,-0.508
60.0,40.0,0.872
60.0,41.0,0.361
60.0,42.0,-0.928
60.0,43.0,-0.203
60.0,44.0,0.957
60.0,45.0,0.038
60.0,46.0,-0.957
60.0,47.0,0.128
60.0,48.0,0.928
60.0,49.0,-0.291
60.0,50.0,-0.869
60.0,51.0,0.444
60.0,52.0,0.782
60.0,53.0,-0.582
60.0,54.0,-0.669
60.0,55.0,0.700
60.0,56.0,0.533
60.0,57.0,-0.793
60.0,58.0,-0.379
60.0,59.0,0.856
60.0,60.0,0.212
60.0,61.0,-0.888
60.0,62.0,-0.038
60.0,63.0,0.885
60.0,64.0,-0.136
60.0,65.0,-0.847
60.0,66.0,0.303
60.0,67.0,0.776
60.0,68.0,-0.455
60.0,69.0,-0.673
60.0,70.0,0.586
60.0,71.0,0.543
60.0,72.0,-0.689
60.0,73.0,-0.392
60.0,74.0,0.761
60.0,75.0,0.226
60.0,76.0,-0.796
60.0,77.0,-0.052
60.0,78.0,0.794
60.0,79.0,-0.120
60.0,80.0,-0.754
60.0,81.0,0.282
60.0,82.0,0.678
60.0,83.0,-0.427
60.0,84.0,-0.570
60.0,85.0,0.546
60.0,86.0,0.436
60.0,87.0,-0.633
60.0,88.0,-0.282
60.0,89.0,0.684
60.0,90.0,0.119
60.0,91.0,-0.695
60.0,92.0,0.046
60.0,93.0,0.668
60.0,94.0,-0.202
60.0,95.0,-0.604
60.0,96.0,0.340
60.0,97.0,0.507
60.0,98.0,-0.453
60.0,99.0,-0.383
60.0,100.0,0.533
61.0,0.0,0.593
61.0,1.0,-0.800
61.0,2.0,-0.507
61.0,3.0,0.862
61.0,4.0,0.411
61.0,5.0,-0.913
61.0,6.0,-0.307
61.0,7.0,0.953
61.0,8.0,0.194
61.0,9.0,-0.980
61.0,10.0,-0.075
61.0,11.0,0.992
61.0,12.0,-0.049
61.0,13.0,-0.988
61.0,14.0,0.174
61.0,15.0,0.968
61.0,16.0,-0.301
61.0,17.0,-0.930
61.0,18.0,0.424
61.0,19.0,0.874
61.0,20.0,-0.543
61.0,21.0,-0.800
61.0,22.0,0.653
61.0,23.0,0.710
61.0,24.0,-0.753
61.0,25.0,-0.603
61.0,26.0,0.838
61.0,27.0,0.481
61.0,28.0,-0.907
61.0,29.0,-0.347
61.0,30.0,0.957
61.0,31.0,0.203
61.0,32.0,-0.986
61.0,33.0,-0.052
61.0,34.0,0.991
61.0,35.0,-0.102
61.0,36.0,-0.972
61.0,37.0,0.255
61.0,38.0,0.928
61.0,39.0,-0.402
61.0,40.0,-0.859
61.0,41.0,0.540
61.0,42.0,0.766
61.0,43.0,-0.664
61.0,44.0,-0.651
61.0,45.0,0.770
61.0,46.0,0.516
61.0,47.0,-0.853
61.0,48.0,-0.366
61.0,49.0,0.911
61.0,50.0,0.204
61.0,51.0,-0.940
61.0,52.0,-0.036
61.0,53.0,0.939
61.0,54.0,-0.134
61.0,55.0,-0.907
61.0,56.0,0.298
61.0,57.0,0.844
61.0,58.0,-0.452
61.0,59.0,-0.752
61.0,60.0,0.589
61.0,61.0,0.633
61.0,62.0,-0.703
61.0,63.0,-0.491
61.0,64.0,0.790
61.0,65.0,0.331
61.0,66.0,-0.846
61.0,67.0,-0.160
61.0,68.0,0.867
61.0,69.0,-0.015
61.0,70.0,-0.852
61.0,71.0,0.187
61.0,72.0,0.802
61.0,73.0,-0.349
61.0,74.0,-0.719
61.0,75.0,0.493
61.0,76.0,0.604
61.0,77.0,-0.613
61.0,78.0,-0.465
61.0,79.0,0.702
61.0,80.0,0.307
61.0,81.0,-0.756
61.0,82.0,-0.137
61.0,83.0,0.772
61.0,84.0,-0.035
61.0,85.0,-0.750
61.0,86.0,0.201
61.0,87.0,0.690
61.0,88.0,-0.352
61.0,89.0,-0.596
61.0,90.0,0.480
61.0,91.0,0.473
61.0,92.0,-0.578
61.0,93.0,-0.329
61.0,94.0,0.641
61.0,95.0,0.171
61.0,96.0,-0.665
61.0,97.0,-0.009
61.0,98.0,0.651
61.0,99.0,-0.146
61.0,100.0,-0.598
62.0,0.0,0.345
62.0,1.0,0.883
62.0,2.0,-0.443
62.0,3.0,-0.839
62.0,4.0,0.538
62.0,5.0,0.782
62.0,6.0,-0.630
62.0,7.0,-0.713
62.0,8.0,0.716
62.0,9.0,0.632
62.0,10.0,-0.794
62.0,11.0,-0.538
62.0,12.0,0.863
62.0,13.0,0.433
62.0,14.0,-0.919
62.0,15.0,-0.319
62.0,16.0,0.962
62.0,17.0,0.196
62.0,18.0,-0.989
62.0,19.0,-0.066
62.0,20.0,0.999
62.0,21.0,-0.067
62.0,22.0,-0.991
62.0,23.0,0.203
62.0,24.0,0.963
62.0,25.0,-0.337
62.0,26.0,-0.915
62.0,27.0,0.466
62.0,28.0,0.848
62.0,29.0,-0.588
62.0,30.0,-0.761
62.0,31.0,0.699
62.0,32.0,0.656
62.0,33.0,-0.796
62.0,34.0,-0.535
62.0,35.0,0.875
62.0,36.0,0.399
62.0,37.0,-0.935
62.0,38.0,-0.251
62.0,39.0,0.971
62.0,40.0,0.096
62.0,41.0,-0.982
62.0,42.0,0.063
62.0,43.0,0.968
62.0,44.0,-0.222
62.0,45.0,-0.926
62.0,46.0,0.375
62.0,47.0,0.858
62.0,48.0,-0.518
62.0,49.0,-0.764
62.0,50.0,0.646
62.0,51.0,0.647
62.0,52.0,-0.755
62.0,53.0,-0.509
62.0,54.0,0.839
62.0,55.0,0.355
62.0,56.0,-0.896
62.0,57.0,-0.190
62.0,58.0,0.923
62.0,59.0,0.018
62.0,60.0,-0.918
62.0,61.0,0.153
62.0,62.0,0.880
62.0,63.0,-0.318
62.0,64.0,-0.810
62.0,65.0,0.470
62.0,66.0,0.710
62.0,67.0,-0.603
62.0,68.0,-0.583
62.0,69.0,0.711
62.0,70.0,0.435
62.0,71.0,-0.788
62.0,72.0,-0.270
62.0,73.0,0.833
62.0,74.0,0.097
62.0,75.0,-0.841
62.0,76.0,0.078
62.0,77.0,0.812
62.0,78.0,-0.246
62.0,79.0,-0.747
62.0,80.0,0.401
62.0,81.0,0.650
62.0,82.0,-0.533
62.0,83.0,-0.523
62.0,84.0,0.637
62.0,85.0,0.375
62.0,86.0,-0.708
62.0,87.0,-0.211
62.0,88.0,0.741
62.0,89.0,0.042
62.0,90.0,-0.735
62.0,91.0,0.126
62.0,92.0,0.691
62.0,93.0,-0.281
62.0,94.0,-0.611
62.0,95.0,0.416
62.0,96.0,0.500
62.0,97.0,-0.523
62.0,98.0,-0.365
62.0,99.0,0.596
62.0,100.0,0.214
63.0,0.0,-0.942
63.0,1.0,-0.120
63.0,2.0,0.961
63.0,3.0,0.018
63.0,4.0,-0.968
63.0,5.0,0.089
63.0,6.0,0.964
63.0,7.0,-0.198
63.0,8.0,-0.946
63.0,9.0,0.308
63.0,10.0,0.914
63.0,11.0,-0.417
63.0,12.0,-0.868
63.0,13.0,0.523
63.0,14.0,0.807
63.0,15.0,-0.624
63.0,16.0,-0.731
63.0,17.0,0.718
63.0,18.0,0.642
63.0,19.0,-0.802
63.0,20.0,-0.539
63.0,21.0,0.874
63.0,22.0,0.424
63.0,23.0,-0.931
63.0,24.0,-0.298
63.0,25.0,0.973
63.0,26.0,0.164
63.0,27.0,-0.995
63.0,28.0,-0.025
63.0,29.0,0.998
63.0,30.0,-0.118
63.0,31.0,-0.980
63.0,32.0,0.261
63.0,33.0,0.941
63.0,34.0,-0.400
63.0,35.0,-0.879
63.0,36.0,0.532
63.0,37.0,0.796
63.0,38.0,-0.652
63.0,39.0,-0.692
63.0,40.0,0.758
63.0,41.0,0.570
63.0,42.0,-0.846
63.0,43.0,-0.433
63.0,44.0,0.912
63.0,45.0,0.282
63.0,46.0,-0.954
63.0,47.0,-0.123
63.0,48.0,0.970
63.0,49.0,-0.041
63.0,50.0,-0.957
63.0,51.0,0.204
63.0,52.0,0.916
63.0,53.0,-0.361
63.0,54.0,-0.846
63.0,55.0,0.508
63.0,56.0,0.750
63.0,57.0,-0.638
63.0,58.0,-0.629
63.0,59.0,0.746
63.0,60.0,0.487
63.0,61.0,-0.829
63.0,62.0,-0.329
63.0,63.0,0.882
63.0,64.0,0.160
63.0,65.0,-0.904
63.0,66.0,0.014
63.0,67.0,0.891
63.0,68.0,-0.186
63.0,69.0,-0.844
63.0,70.0,0.350
63.0,71.0,0.765
63.0,72.0,-0.497
63.0,73.0,-0.656
63.0,74.0,0.623
63.0,75.0,0.521
63.0,76.0,-0.720
63.0,77.0,-0.366
63.0,78.0,0.785
63.0,79.0,0.198
63.0,80.0,-0.814
63.0,81.0,-0.023
63.0,82.0,0.806
63.0,83.0,-0.149
63.0,84.0,-0.761
63.0,85.0,0.310
63.0,86.0,0.680
63.0,87.0,-0.453
63.0,88.0,-0.568
63.0,89.0,0.570
63.0,90.0,0.430
63.0,91.0,-0.655
63.0,92.0,-0.274
63.0,93.0,0.703
63.0,94.0,0.108
63.0,95.0,-0.712
63.0,96.0,0.058
63.0,97.0,0.683
63.0,98.0,-0.215
63.0,99.0,-0.616
63.0,100.0,0.355
64.0,0.0,0.626
64.0,1.0,-0.749
64.0,2.0,-0.553
64.0,3.0,0.812
64.0,4.0,0.470
64.0,5.0,-0.867
64.0,6.0,-0.378
64.0,7.0,0.914
64.0,8.0,0.279
64.0,9.0,-0.950
64.0,10.0,-0.172
64.0,11.0,0.974
64.0,12.0,0.059
64.0,13.0,-0.985
64.0,14.0,0.058
64.0,15.0,0.982
64.0,16.0,-0.178
64.0,17.0,-0.963
64.0,18.0,0.298
64.0,19.0,0.928
64.0,20.0,-0.417
64.0,21.0,-0.876
64.0,22.0,0.532
64.0,23.0,0.808
64.0,24.0,-0.639
64.0,25.0,-0.723
64.0,26.0,0.737
64.0,27.0,0.623
64.0,28.0,-0.823
64.0,29.0,-0.509
64.0,30.0,0.895
64.0,31.0,0.382
64.0,32.0,-0.948
64.0,33.0,-0.244
64.0,34.0,0.983
64.0,35.0,0.100
64.0,36.0,-0.996
64.0,37.0,0.049
64.0,38.0,0.986
64.0,39.0,-0.199
64.0,40.0,-0.953
64.0,41.0,0.346
64.0,42.0,0.896
64.0,43.0,-0.486
64.0,44.0,-0.815
64.0,45.0,0.615
64.0,46.0,0.712
64.0,47.0,-0.728
64.0,48.0,-0.590
64.0,49.0,0.822
64.0,50.0,0.449
64.0,51.0,-0.893
64.0,52.0,-0.295
64.0,53.0,0.938
64.0,54.0,0.132
64.0,55.0,-0.954
64.0,56.0,0.035
64.0,57.0,0.941
64.0,58.0,-0.202
64.0,59.0,-0.898
64.0,60.0,0.362
64.0,61.0,0.824
64.0,62.0,-0.509
64.0,63.0,-0.723
64.0,64.0,0.638
64.0,65.0,0.597
64.0,66.0,-0.744
64.0,67.0,-0.450
64.0,68.0,0.822
64.0,69.0,0.288
64.0,70.0,-0.869
64.0,71.0,-0.115
64.0,72.0,0.881
64.0,73.0,-0.060
64.0,74.0,-0.858
64.0,75.0,0.230
64.0,76.0,0.800
64.0,77.0,-0.389
64.0,78.0,-0.710
64.0,79.0,0.529
64.0,80.0,0.590
64.0,81.0,-0.644
64.0,82.0,-0.447
64.0,83.0,0.728
64.0,84.0,0.285
64.0,85.0,-0.777
64.0,86.0,-0.114
64.0,87.0,0.788
64.0,88.0,-0.059
64.0,89.0,-0.761
64.0,90.0,0.225
64.0,91.0,0.697
64.0,92.0,-0.375
64.0,93.0,-0.599
64.0,94.0,0.502
64.0,95.0,0.473
64.0,96.0,-0.599
64.0,97.0,-0.326
64.0,98.0,0.660
64.0,99.0,0.166
64.0,100.0,-0.683
65.0,0.0,0.291
65.0,1.0,0.885
65.0,2.0,-0.383
65.0,3.0,-0.852
65.0,4.0,0.473
65.0,5.0,0.808
65.0,6.0,-0.562
65.0,7.0,-0.753
65.0,8.0,0.647
65.0,9.0,0.686
65.0,10.0,-0.727
65.0,11.0,-0.608
65.0,12.0,0.800
65.0,13.0,0.518
65.0,14.0,-0.864
65.0,15.0,-0.419
65.0,16.0,0.917
65.0,17.0,0.310
65.0,18.0,-0.958
65.0,19.0,-0.193
65.0,20.0,0.984
65.0,21.0,0.069
65.0,22.0,-0.996
65.0,23.0,0.058
65.0,24.0,0.990
65.0,25.0,-0.188
65.0,26.0,-0.966
65.0,27.0,0.317
65.0,28.0,0.924
65.0,29.0,-0.444
65.0,30.0,-0.863
65.0,31.0,0.564
65.0,32.0,0.784
65.0,33.0,-0.674
65.0,34.0,-0.687
65.0,35.0,0.773
65.0,36.0,0.574
65.0,37.0,-0.856
65.0,38.0,-0.446
65.0,39.0,0.921
65.0,40.0,0.306
65.0,41.0,-0.965
65.0,42.0,-0.157
65.0,43.0,0.987
65.0,44.0,0.003
65.0,45.0,-0.984
65.0,46.0,0.154
65.0,47.0,0.955
65.0,48.0,-0.307
65.0,49.0,-0.901
65.0,50.0,0.453
65.0,51.0,0.821
65.0,52.0,-0.588
65.0,53.0,-0.718
65.0,54.0,0.706
65.0,55.0,0.593
65.0,56.0,-0.803
65.0,57.0,-0.450
65.0,58.0,0.876
65.0,59.0,0.292
65.0,60.0,-0.921
65.0,61.0,-0.125
65.0,62.0,0.936
65.0,63.0,-0.045
65.0,64.0,-0.920
65.0,65.0,0.214
65.0,66.0,0.872
65.0,67.0,-0.375
65.0,68.0,-0.793
65.0,69.0,0.521
65.0,70.0,0.685
65.0,71.0,-0.647
65.0,72.0,-0.553
65.0,73.0,0.747
65.0,74.0,0.400
65.0,75.0,-0.816
65.0,76.0,-0.233
65.0,77.0,0.852
65.0,78.0,0.058
65.0,79.0,-0.853
65.0,80.0,0.116
65.0,81.0,0.817
65.0,82.0,-0.283
65.0,83.0,-0.746
65.0,84.0,0.434
65.0,85.0,0.643
65.0,86.0,-0.563
65.0,87.0,-0.512
65.0,88.0,0.664
65.0,89.0,0.360
65.0,90.0,-0.730
65.0,91.0,-0.194
65.0,92.0,0.759
65.0,93.0,0.023
65.0,94.0,-0.749
65.0,95.0,0.145
65.0,96.0,0.702
65.0,97.0,-0.301
65.0,98.0,-0.618
65.0,99.0,0.435
65.0,100.0,0.504
66.0,0.0,-0.912
66.0,1.0,-0.161
66.0,2.0,0.936
66.0,3.0,0.070
66.0,4.0,-0.950
66.0,5.0,0.027
66.0,6.0,0.954
66.0,7.0,-0.127
66.0,8.0,-0.946
66.0,9.0,0.229
66.0,10.0,0.927
66.0,11.0,-0.332
66.0,12.0,-0.895
66.0,13.0,0.435
66.0,14.0,0.850
66.0,15.0,-0.535
66.0,16.0,-0.792
66.0,17.0,0.630
66.0,18.0,0.720
66.0,19.0,-0.719
66.0,20.0,-0.634
66.0,21.0,0.799
66.0,22.0,0.537
66.0,23.0,-0.869
66.0,24.0,-0.428
66.0,25.0,0.926
66.0,26.0,0.309
66.0,27.0,-0.967
66.0,28.0,-0.181
66.0,29.0,0.993
66.0,30.0,0.047
66.0,31.0,-1.000
66.0,32.0,0.090
66.0,33.0,0.987
66.0,34.0,-0.229
66.0,35.0,-0.954
66.0,36.0,0.365
66.0,37.0,0.901
66.0,38.0,-0.496
66.0,39.0,-0.827
66.0,40.0,0.617
66.0,41.0,0.733
66.0,42.0,-0.726
66.0,43.0,-0.621
66.0,44.0,0.820
66.0,45.0,0.492
66.0,46.0,-0.894
66.0,47.0,-0.350
66.0,48.0,0.946
66.0,49.0,0.197
66.0,50.0,-0.973
66.0,51.0,-0.038
66.0,52.0,0.975
66.0,53.0,-0.124
66.0,54.0,-0.949
66.0,55.0,0.283
66.0,56.0,0.896
66.0,57.0,-0.434
66.0,58.0,-0.815
66.0,59.0,0.572
66.0,60.0,0.710
66.0,61.0,-0.693
66.0,62.0,-0.582
66.0,63.0,0.791
66.0,64.0,0.435
66.0,65.0,-0.863
66.0,66.0,-0.273
66.0,67.0,0.906
66.0,68.0,0.103
66.0,69.0,-0.916
66.0,70.0,0.070
66.0,71.0,0.893
66.0,72.0,-0.240
66.0,73.0,-0.838
66.0,74.0,0.399
66.0,75.0,0.751
66.0,76.0,-0.541
66.0,77.0,-0.635
66.0,78.0,0.660
66.0,79.0,0.495
66.0,80.0,-0.751
66.0,81.0,-0.336
66.0,82.0,0.809
66.0,83.0,0.166
66.0,84.0,-0.831
66.0,85.0,0.010
66.0,86.0,0.817
66.0,87.0,-0.181
66.0,88.0,-0.765
66.0,89.0,0.341
66.0,90.0,0.679
66.0,91.0,-0.481
66.0,92.0,-0.563
66.0,93.0,0.595
66.0,94.0,0.422
66.0,95.0,-0.677
66.0,96.0,-0.263
66.0,97.0,0.723
66.0,98.0,0.095
66.0,99.0,-0.729
66.0,100.0,0.073
67.0,0.0,0.634
67.0,1.0,-0.708
67.0,2.0,-0.572
67.0,3.0,0.769
67.0,4.0,0.501
67.0,5.0,-0.825
67.0,6.0,-0.422
67.0,7.0,0.874
67.0,8.0,0.335
67.0,9.0,-0.915
67.0,10.0,-0.240
67.0,11.0,0.947
67.0,12.0,0.139
67.0,13.0,-0.967
67.0,14.0,-0.032
67.0,15.0,0.976
67.0,16.0,-0.079
67.0,17.0,-0.972
67.0,18.0,0.192
67.0,19.0,0.953
67.0,20.0,-0.307
67.0,21.0,-0.919
67.0,22.0,0.419
67.0,23.0,0.871
67.0,24.0,-0.529
67.0,25.0,-0.807
67.0,26.0,0.633
67.0,27.0,0.727
67.0,28.0,-0.728
67.0,29.0,-0.633
67.0,30.0,0.813
67.0,31.0,0.525
67.0,32.0,-0.884
67.0,33.0,-0.405
67.0,34.0,0.940
67.0,35.0,0.275
67.0,36.0,-0.978
67.0,37.0,-0.136
67.0,38.0,0.997
67.0,39.0,-0.008
67.0,40.0,-0.995
67.0,41.0,0.154
67.0,42.0,0.970
67.0,43.0,-0.298
67.0,44.0,-0.923
67.0,45.0,0.438
67.0,46.0,0.854
67.0,47.0,-0.569
67.0,48.0,-0.762
67.0,49.0,0.687
67.0,50.0,0.650
67.0,51.0,-0.788
67.0,52.0,-0.520
67.0,53.0,0.869
67.0,54.0,0.375
67.0,55.0,-0.927
67.0,56.0,-0.219
67.0,57.0,0.958
67.0,58.0,0.055
67.0,59.0,-0.962
67.0,60.0,0.110
67.0,61.0,0.936
67.0,62.0,-0.273
67.0,63.0,-0.881
67.0,64.0,0.427
67.0,65.0,0.798
67.0,66.0,-0.567
67.0,67.0,-0.689
67.0,68.0,0.688
67.0,69.0,0.556
67.0,70.0,-0.784
67.0,71.0,-0.404
67.0,72.0,0.853
67.0,73.0,0.239
67.0,74.0,-0.889
67.0,75.0,-0.066
67.0,76.0,0.892
67.0,77.0,-0.108
67.0,78.0,-0.860
67.0,79.0,0.276
67.0,80.0,0.795
67.0,81.0,-0.431
67.0,82.0,-0.697
67.0,83.0,0.567
67.0,84.0,0.572
67.0,85.0,-0.676
67.0,86.0,-0.424
67.0,87.0,0.754
67.0,88.0,0.260
67.0,89.0,-0.797
67.0,90.0,-0.088
67.0,91.0,0.802
67.0,92.0,-0.086
67.0,93.0,-0.770
67.0,94.0,0.251
67.0,95.0,0.701
67.0,96.0,-0.400
67.0,97.0,-0.600
67.0,98.0,0.526
67.0,99.0,0.470
67.0,100.0,-0.621
68.0,0.0,0.260
68.0,1.0,0.871
68.0,2.0,-0.344
68.0,3.0,-0.847
68.0,4.0,0.427
68.0,5.0,0.813
68.0,6.0,-0.510
68.0,7.0,-0.769
68.0,8.0,0.592
68.0,9.0,0.714
68.0,10.0,-0.669
68.0,11.0,-0.649
68.0,12.0,0.743
68.0,13.0,0.573
68.0,14.0,-0.809
68.0,15.0,-0.488
68.0,16.0,0.868
68.0,17.0,0.393
68.0,18.0,-0.917
68.0,19.0,-0.289
68.0,20.0,0.954
68.0,21.0,0.178
68.0,22.0,-0.979
68.0,23.0,-0.061
68.0,24.0,0.990
68.0,25.0,-0.061
68.0,26.0,-0.985
68.0,27.0,0.184
68.0,28.0,0.964
68.0,29.0,-0.308
68.0,30.0,-0.926
68.0,31.0,0.430
68.0,32.0,0.871
68.0,33.0,-0.547
68.0,34.0,-0.798
68.0,35.0,0.656
68.0,36.0,0.708
68.0,37.0,-0.754
68.0,38.0,-0.602
68.0,39.0,0.839
68.0,40.0,0.482
68.0,41.0,-0.907
68.0,42.0,-0.349
68.0,43.0,0.957
68.0,44.0,0.207
68.0,45.0,-0.987
68.0,46.0,-0.058
68.0,47.0,0.993
68.0,48.0,-0.094
68.0,49.0,-0.975
68.0,50.0,0.246
68.0,51.0,0.933
68.0,52.0,-0.393
68.0,53.0,-0.867
68.0,54.0,0.531
68.0,55.0,0.776
68.0,56.0,-0.656
68.0,57.0,-0.664
68.0,58.0,0.763
68.0,59.0,0.532
68.0,60.0,-0.849
68.0,61.0,-0.384
68.0,62.0,0.909
68.0,63.0,0.224
68.0,64.0,-0.942
68.0,65.0,-0.057
68.0,66.0,0.945
68.0,67.0,-0.112
68.0,68.0,-0.917
68.0,69.0,0.278
68.0,70.0,0.858
68.0,71.0,-0.433
68.0,72.0,-0.770
68.0,73.0,0.572
68.0,74.0,0.655
68.0,75.0,-0.690
68.0,76.0,-0.517
68.0,77.0,0.782
68.0,78.0,0.360
68.0,79.0,-0.843
68.0,80.0,-0.191
68.0,81.0,0.870
68.0,82.0,0.016
68.0,83.0,-0.862
68.0,84.0,0.158
68.0,85.0,0.819
68.0,86.0,-0.322
68.0,87.0,-0.741
68.0,88.0,0.470
68.0,89.0,0.632
68.0,90.0,-0.595
68.0,91.0,-0.497
68.0,92.0,0.691
68.0,93.0,0.342
68.0,94.0,-0.752
68.0,95.0,-0.174
68.0,96.0,0.777
68.0,97.0,0.001
68.0,98.0,-0.763
68.0,99.0,0.167
68.0,100.0,0.711
69.0,0.0,-0.883
69.0,1.0,-0.177
69.0,2.0,0.907
69.0,3.0,0.096
69.0,4.0,-0.925
69.0,5.0,-0.010
69.0,6.0,0.934
69.0,7.0,-0.080
69.0,8.0,-0.934
69.0,9.0,0.174
69.0,10.0,0.923
69.0,11.0,-0.269
69.0,12.0,-0.902
69.0,13.0,0.365
69.0,14.0,0.869
69.0,15.0,-0.460
69.0,16.0,-0.825
69.0,17.0,0.553
69.0,18.0,0.768
69.0,19.0,-0.643
69.0,20.0,-0.699
69.0,21.0,0.726
69.0,22.0,0.617
69.0,23.0,-0.802
69.0,24.0,-0.524
69.0,25.0,0.868
69.0,26.0,0.421
69.0,27.0,-0.922
69.0,28.0,-0.307
69.0,29.0,0.963
69.0,30.0,0.186
69.0,31.0,-0.989
69.0,32.0,-0.058
69.0,33.0,0.998
69.0,34.0,-0.074
69.0,35.0,-0.989
69.0,36.0,0.207
69.0,37.0,0.962
69.0,38.0,-0.339
69.0,39.0,-0.915
69.0,40.0,0.467
69.0,41.0,0.848
69.0,42.0,-0.588
69.0,43.0,-0.763
69.0,44.0,0.698
69.0,45.0,0.659
69.0,46.0,-0.795
69.0,47.0,-0.540
69.0,48.0,0.874
69.0,49.0,0.405
69.0,50.0,-0.934
69.0,51.0,-0.260
69.0,52.0,0.971
69.0,53.0,0.106
69.0,54.0,-0.985
69.0,55.0,0.052
69.0,56.0,0.972
69.0,57.0,-0.209
69.0,58.0,-0.933
69.0,59.0,0.362
69.0,60.0,0.868
69.0,61.0,-0.506
69.0,62.0,-0.777
69.0,63.0,0.635
69.0,64.0,0.663
69.0,65.0,-0.746
69.0,66.0,-0.528
69.0,67.0,0.833
69.0,68.0,0.376
69.0,69.0,-0.894
69.0,70.0,-0.213
69.0,71.0,0.925
69.0,72.0,0.042
69.0,73.0,-0.924
69.0,74.0,0.129
69.0,75.0,0.891
69.0,76.0,-0.295
69.0,77.0,-0.826
69.0,78.0,0.450
69.0,79.0,0.731
69.0,80.0,-0.586
69.0,81.0,-0.609
69.0,82.0,0.698
69.0,83.0,0.464
69.0,84.0,-0.781
69.0,85.0,-0.302
69.0,86.0,0.832
69.0,87.0,0.130
69.0,88.0,-0.847
69.0,89.0,0.046
69.0,90.0,0.825
69.0,91.0,-0.216
69.0,92.0,-0.767
69.0,93.0,0.374
69.0,94.0,0.676
69.0,95.0,-0.512
69.0,96.0,-0.555
69.0,97.0,0.622
69.0,98.0,0.410
69.0,99.0,-0.700
69.0,100.0,-0.249
70.0,0.0,0.621
70.0,1.0,-0.679
70.0,2.0,-0.569
70.0,3.0,0.737
70.0,4.0,0.508
70.0,5.0,-0.790
70.0,6.0,-0.440
70.0,7.0,0.838
70.0,8.0,0.364
70.0,9.0,-0.881
70.0,10.0,-0.281
70.0,11.0,0.916
70.0,12.0,0.191
70.0,13.0,-0.942
70.0,14.0,-0.095
70.0,15.0,0.958
70.0,16.0,-0.005
70.0,17.0,-0.964
70.0,18.0,0.110
70.0,19.0,0.957
70.0,20.0,-0.217
70.0,21.0,-0.938
70.0,22.0,0.324
70.0,23.0,0.905
70.0,24.0,-0.431
70.0,25.0,-0.858
70.0,26.0,0.535
70.0,27.0,0.797
70.0,28.0,-0.633
70.0,29.0,-0.722
70.0,30.0,0.725
70.0,31.0,0.633
70.0,32.0,-0.807
70.0,33.0,-0.531
70.0,34.0,0.877
70.0,35.0,0.417
70.0,36.0,-0.933
70.0,37.0,-0.293
70.0,38.0,0.973
70.0,39.0,0.161
70.0,40.0,-0.996
70.0,41.0,-0.023
70.0,42.0,0.999
70.0,43.0,-0.118
70.0,44.0,-0.981
70.0,45.0,0.260
70.0,46.0,0.942
70.0,47.0,-0.397
70.0,48.0,-0.882
70.0,49.0,0.528
70.0,50.0,0.801
70.0,51.0,-0.649
70.0,52.0,-0.699
70.0,53.0,0.755
70.0,54.0,0.579
70.0,55.0,-0.843
70.0,56.0,-0.443
70.0,57.0,0.911
70.0,58.0,0.295
70.0,59.0,-0.954
70.0,60.0,-0.137
70.0,61.0,0.972
70.0,62.0,-0.026
70.0,63.0,-0.962
70.0,64.0,0.188
70.0,65.0,0.924
70.0,66.0,-0.346
70.0,67.0,-0.858
70.0,68.0,0.493
70.0,69.0,0.765
70.0,70.0,-0.625
70.0,71.0,-0.648
70.0,72.0,0.736
70.0,73.0,0.509
70.0,74.0,-0.823
70.0,75.0,-0.353
70.0,76.0,0.880
70.0,77.0,0.186
70.0,78.0,-0.907
70.0,79.0,-0.013
70.0,80.0,0.899
70.0,81.0,-0.160
70.0,82.0,-0.859
70.0,83.0,0.325
70.0,84.0,0.785
70.0,85.0,-0.476
70.0,86.0,-0.681
70.0,87.0,0.605
70.0,88.0,0.550
70.0,89.0,-0.708
70.0,90.0,-0.398
70.0,91.0,0.780
70.0,92.0,0.232
70.0,93.0,-0.816
70.0,94.0,-0.058
70.0,95.0,0.816
70.0,96.0,-0.116
70.0,97.0,-0.778
70.0,98.0,0.280
70.0,99.0,0.704
70.0,100.0,-0.428
71.0,0.0,0.251
71.0,1.0,0.846
71.0,2.0,-0.325
71.0,3.0,-0.827
71.0,4.0,0.401
71.0,5.0,0.800
71.0,6.0,-0.477
71.0,7.0,-0.765
71.0,8.0,0.552
71.0,9.0,0.720
71.0,10.0,-0.625
71.0,11.0,-0.666
71.0,12.0,0.695
71.0,13.0,0.602
71.0,14.0,-0.761
71.0,15.0,-0.529
71.0,16.0,0.821
71.0,17.0,0.447
71.0,18.0,-0.874
71.0,19.0,-0.356
71.0,20.0,0.918
71.0,21.0,0.258
71.0,22.0,-0.951
71.0,23.0,-0.153
71.0,24.0,0.973
71.0,25.0,0.042
71.0,26.0,-0.982
71.0,27.0,0.074
71.0,28.0,0.978
71.0,29.0,-0.191
71.0,30.0,-0.958
71.0,31.0,0.310
71.0,32.0,0.922
71.0,33.0,-0.426
71.0,34.0,-0.870
71.0,35.0,0.538
71.0,36.0,0.802
71.0,37.0,-0.644
71.0,38.0,-0.718
71.0,39.0,0.741
71.0,40.0,0.619
71.0,41.0,-0.825
71.0,42.0,-0.506
71.0,43.0,0.896
71.0,44.0,0.381
71.0,45.0,-0.949
71.0,46.0,-0.245
71.0,47.0,0.983
71.0,48.0,0.102
71.0,49.0,-0.997
71.0,50.0,0.045
71.0,51.0,0.988
71.0,52.0,-0.194
71.0,53.0,-0.956
71.0,54.0,0.340
71.0,55.0,0.901
71.0,56.0,-0.479
71.0,57.0,-0.823
71.0,58.0,0.608
71.0,59.0,0.722
71.0,60.0,-0.722
71.0,61.0,-0.602
71.0,62.0,0.817
71.0,63.0,0.464
71.0,64.0,-0.890
71.0,65.0,-0.312
71.0,66.0,0.937
71.0,67.0,0.150
71.0,68.0,-0.957
71.0,69.0,0.016
71.0,70.0,0.947
71.0,71.0,-0.183
71.0,72.0,-0.908
71.0,73.0,0.343
71.0,74.0,0.839
71.0,75.0,-0.492
71.0,76.0,-0.742
71.0,77.0,0.624
71.0,78.0,0.620
71.0,79.0,-0.733
71.0,80.0,-0.476
71.0,81.0,0.816
71.0,82.0,0.315
71.0,83.0,-0.867
71.0,84.0,-0.145
71.0,85.0,0.886
71.0,86.0,-0.030
71.0,87.0,-0.869
71.0,88.0,0.202
71.0,89.0,0.817
71.0,90.0,-0.364
71.0,91.0,-0.733
71.0,92.0,0.508
71.0,93.0,0.618
71.0,94.0,-0.628
71.0,95.0,-0.479
71.0,96.0,0.718
71.0,97.0,0.320
71.0,98.0,-0.774
71.0,99.0,-0.150
71.0,100.0,0.794
72.0,0.0,-0.854
72.0,1.0,-0.169
72.0,2.0,0.878
72.0,3.0,0.097
72.0,4.0,-0.896
72.0,5.0,-0.021
72.0,6.0,0.908
72.0,7.0,-0.059
72.0,8.0,-0.911
72.0,9.0,0.142
72.0,10.0,0.907
72.0,11.0,-0.228
72.0,12.0,-0.893
72.0,13.0,0.316
72.0,14.0,0.870
72.0,15.0,-0.405
72.0,16.0,-0.836
72.0,17.0,0.493
72.0,18.0,0.791
72.0,19.0,-0.579
72.0,20.0,-0.735
72.0,21.0,0.661
72.0,22.0,0.668
72.0,23.0,-0.738
72.0,24.0,-0.590
72.0,25.0,0.808
72.0,26.0,0.501
72.0,27.0,-0.869
72.0,28.0,-0.402
72.0,29.0,0.920
72.0,30.0,0.295
72.0,31.0,-0.959
72.0,32.0,-0.179
72.0,33.0,0.984
72.0,34.0,0.058
72.0,35.0,-0.994
72.0,36.0,0.068
72.0,37.0,0.988
72.0,38.0,-0.196
72.0,39.0,-0.964
72.0,40.0,0.323
72.0,41.0,0.922
72.0,42.0,-0.447
72.0,43.0,-0.861
72.0,44.0,0.566
72.0,45.0,0.783
72.0,46.0,-0.675
72.0,47.0,-0.687
72.0,48.0,0.773
72.0,49.0,0.576
72.0,50.0,-0.856
72.0,51.0,-0.449
72.0,52.0,0.921
72.0,53.0,0.311
72.0,54.0,-0.965
72.0,55.0,-0.164
72.0,56.0,0.988
72.0,57.0,0.011
72.0,58.0,-0.987
72.0,59.0,0.144
72.0,60.0,0.960
72.0,61.0,-0.297
72.0,62.0,-0.908
72.0,63.0,0.443
72.0,64.0,0.831
72.0,65.0,-0.578
72.0,66.0,-0.731
72.0,67.0,0.697
72.0,68.0,0.608
72.0,69.0,-0.797
72.0,70.0,-0.468
72.0,71.0,0.872
72.0,72.0,0.312
72.0,73.0,-0.921
72.0,74.0,-0.147
72.0,75.0,0.940
72.0,76.0,-0.023
72.0,77.0,-0.928
72.0,78.0,0.192
72.0,79.0,0.884
72.0,80.0,-0.354
72.0,81.0,-0.810
72.0,82.0,0.502
72.0,83.0,0.707
72.0,84.0,-0.631
72.0,85.0,-0.578
72.0,86.0,0.736
72.0,87.0,0.428
72.0,88.0,-0.811
72.0,89.0,-0.264
72.0,90.0,0.853
72.0,91.0,0.090
72.0,92.0,-0.860
72.0,93.0,0.085
72.0,94.0,0.831
72.0,95.0,-0.254
72.0,96.0,-0.766
72.0,97.0,0.409
72.0,98.0,0.669
72.0,99.0,-0.543
72.0,100.0,-0.543
73.0,0.0,0.590
73.0,1.0,-0.662
73.0,2.0,-0.544
73.0,3.0,0.714
73.0,4.0,0.493
73.0,5.0,-0.763
73.0,6.0,-0.434
73.0,7.0,0.809
73.0,8.0,0.368
73.0,9.0,-0.849
73.0,10.0,-0.295
73.0,11.0,0.885
73.0,12.0,0.216
73.0,13.0,-0.913
73.0,14.0,-0.132
73.0,15.0,0.933
73.0,16.0,0.042
73.0,17.0,-0.945
73.0,18.0,0.053
73.0,19.0,0.947
73.0,20.0,-0.151
73.0,21.0,-0.938
73.0,22.0,0.250
73.0,23.0,0.917
73.0,24.0,-0.351
73.0,25.0,-0.884
73.0,26.0,0.451
73.0,27.0,0.838
73.0,28.0,-0.548
73.0,29.0,-0.779
73.0,30.0,0.641
73.0,31.0,0.707
73.0,32.0,-0.727
73.0,33.0,-0.622
73.0,34.0,0.805
73.0,35.0,0.525
73.0,36.0,-0.873
73.0,37.0,-0.418
73.0,38.0,0.928
73.0,39.0,0.300
73.0,40.0,-0.968
73.0,41.0,-0.174
73.0,42.0,0.993
73.0,43.0,0.042
73.0,44.0,-0.999
73.0,45.0,0.094
73.0,46.0,0.987
73.0,47.0,-0.231
73.0,48.0,-0.954
73.0,49.0,0.365
73.0,50.0,0.902
73.0,51.0,-0.495
73.0,52.0,-0.829
73.0,53.0,0.615
73.0,54.0,0.737
73.0,55.0,-0.724
73.0,56.0,-0.626
73.0,57.0,0.817
73.0,58.0,0.499
73.0,59.0,-0.892
73.0,60.0,-0.359
73.0,61.0,0.945
73.0,62.0,0.208
73.0,63.0,-0.975
73.0,64.0,-0.050
73.0,65.0,0.978
73.0,66.0,-0.110
73.0,67.0,-0.955
73.0,68.0,0.269
73.0,69.0,0.905
73.0,70.0,-0.420
73.0,71.0,-0.828
73.0,72.0,0.559
73.0,73.0,0.725
73.0,74.0,-0.682
73.0,75.0,-0.600
73.0,76.0,0.783
73.0,77.0,0.456
73.0,78.0,-0.859
73.0,79.0,-0.297
73.0,80.0,0.905
73.0,81.0,0.128
73.0,82.0,-0.921
73.0,83.0,0.045
73.0,84.0,0.903
73.0,85.0,-0.215
73.0,86.0,-0.853
73.0,87.0,0.376
73.0,88.0,0.771
73.0,89.0,-0.521
73.0,90.0,-0.660
73.0,91.0,0.645
73.0,92.0,0.524
73.0,93.0,-0.741
73.0,94.0,-0.368
73.0,95.0,0.805
73.0,96.0,0.199
73.0,97.0,-0.835
73.0,98.0,-0.024
73.0,99.0,0.827
73.0,100.0,-0.149
74.0,0.0,0.261
74.0,1.0,0.809
74.0,2.0,-0.326
74.0,3.0,-0.794
74.0,4.0,0.393
74.0,5.0,0.772
74.0,6.0,-0.461
74.0,7.0,-0.743
74.0,8.0,0.529
74.0,9.0,0.706
74.0,10.0,-0.596
74.0,11.0,-0.661
74.0,12.0,0.661
74.0,13.0,0.607
74.0,14.0,-0.723
74.0,15.0,-0.545
74.0,16.0,0.781
74.0,17.0,0.474
74.0,18.0,-0.834
74.0,19.0,-0.396
74.0,20.0,0.880
74.0,21.0,0.309
74.0,22.0,-0.918
74.0,23.0,-0.216
74.0,24.0,0.947
74.0,25.0,0.116
74.0,26.0,-0.965
74.0,27.0,-0.011
74.0,28.0,0.972
74.0,29.0,-0.098
74.0,30.0,-0.966
74.0,31.0,0.209
74.0,32.0,0.946
74.0,33.0,-0.321
74.0,34.0,-0.912
74.0,35.0,0.431
74.0,36.0,0.863
74.0,37.0,-0.538
74.0,38.0,-0.798
74.0,39.0,0.640
74.0,40.0,0.719
74.0,41.0,-0.733
74.0,42.0,-0.626
74.0,43.0,0.816
74.0,44.0,0.519
74.0,45.0,-0.886
74.0,46.0,-0.401
74.0,47.0,0.941
74.0,48.0,0.272
74.0,49.0,-0.979
74.0,50.0,-0.135
74.0,51.0,0.998
74.0,52.0,-0.007
74.0,53.0,-0.996
74.0,54.0,0.152
74.0,55.0,0.972
74.0,56.0,-0.295
74.0,57.0,-0.926
74.0,58.0,0.434
74.0,59.0,0.858
74.0,60.0,-0.564
74.0,61.0,-0.769
74.0,62.0,0.682
74.0,63.0,0.659
74.0,64.0,-0.784
74.0,65.0,-0.531
74.0,66.0,0.866
74.0,67.0,0.388
74.0,68.0,-0.925
74.0,69.0,-0.234
74.0,70.0,0.959
74.0,71.0,0.072
74.0,72.0,-0.966
74.0,73.0,0.093
74.0,74.0,0.944
74.0,75.0,-0.256
74.0,76.0,-0.892
74.0,77.0,0.411
74.0,78.0,0.813
74.0,79.0,-0.552
74.0,80.0,-0.707
74.0,81.0,0.676
74.0,82.0,0.578
74.0,83.0,-0.776
74.0,84.0,-0.429
74.0,85.0,0.848
74.0,86.0,0.266
74.0,87.0,-0.890
74.0,88.0,-0.094
74.0,89.0,0.898
74.0,90.0,-0.080
74.0,91.0,-0.872
74.0,92.0,0.250
74.0,93.0,0.812
74.0,94.0,-0.408
74.0,95.0,-0.721
74.0,96.0,0.547
74.0,97.0,0.600
74.0,98.0,-0.662
74.0,99.0,-0.456
74.0,100.0,0.746
75.0,0.0,-0.826
75.0,1.0,-0.139
75.0,2.0,0.848
75.0,3.0,0.077
75.0,4.0,-0.865
75.0,5.0,-0.011
75.0,6.0,0.877
75.0,7.0,-0.060
75.0,8.0,-0.882
75.0,9.0,0.134
75.0,10.0,0.881
75.0,11.0,-0.211
75.0,12.0,-0.872
75.0,13.0,0.290
75.0,14.0,0.855
75.0,15.0,-0.370
75.0,16.0,-0.829
75.0,17.0,0.451
75.0,18.0,0.793
75.0,19.0,-0.531
75.0,20.0,-0.748
75.0,21.0,0.609
75.0,22.0,0.693
75.0,23.0,-0.684
75.0,24.0,-0.628
75.0,25.0,0.754
75.0,26.0,0.552
75.0,27.0,-0.818
75.0,28.0,-0.467
75.0,29.0,0.874
75.0,30.0,0.373
75.0,31.0,-0.920
75.0,32.0,-0.271
75.0,33.0,0.956
75.0,34.0,0.161
75.0,35.0,-0.979
75.0,36.0,-0.046
75.0,37.0,0.988
75.0,38.0,-0.074
75.0,39.0,-0.982
75.0,40.0,0.195
75.0,41.0,0.960
75.0,42.0,-0.317
75.0,43.0,-0.922
75.0,44.0,0.437
75.0,45.0,0.866
75.0,46.0,-0.552
75.0,47.0,-0.794
75.0,48.0,0.659
75.0,49.0,0.705
75.0,50.0,-0.756
75.0,51.0,-0.601
75.0,52.0,0.840
75.0,53.0,0.482
75.0,54.0,-0.908
75.0,55.0,-0.351
75.0,56.0,0.958
75.0,57.0,0.210
75.0,58.0,-0.987
75.0,59.0,-0.063
75.0,60.0,0.995
75.0,61.0,-0.088
75.0,62.0,-0.978
75.0,63.0,0.239
75.0,64.0,0.938
75.0,65.0,-0.385
75.0,66.0,-0.874
75.0,67.0,0.523
75.0,68.0,0.786
75.0,69.0,-0.648
75.0,70.0,-0.676
75.0,71.0,0.757
75.0,72.0,0.547
75.0,73.0,-0.844
75.0,74.0,-0.401
75.0,75.0,0.907
75.0,76.0,0.243
75.0,77.0,-0.943
75.0,78.0,-0.077
75.0,79.0,0.950
75.0,80.0,-0.092
75.0,81.0,-0.926
75.0,82.0,0.257
75.0,83.0,0.872
75.0,84.0,-0.414
75.0,85.0,-0.788
75.0,86.0,0.556
75.0,87.0,0.677
75.0,88.0,-0.677
75.0,89.0,-0.542
75.0,90.0,0.773
75.0,91.0,0.388
75.0,92.0,-0.839
75.0,93.0,-0.221
75.0,94.0,0.872
75.0,95.0,0.046
75.0,96.0,-0.871
75.0,97.0,0.128
75.0,98.0,0.834
75.0,99.0,-0.295
75.0,100.0,-0.762
76.0,0.0,0.540
76.0,1.0,-0.654
76.0,2.0,-0.501
76.0,3.0,0.700
76.0,4.0,0.457
76.0,5.0,-0.744
76.0,6.0,-0.406
76.0,7.0,0.785
76.0,8.0,0.349
76.0,9.0,-0.822
76.0,10.0,-0.286
76.0,11.0,0.856
76.0,12.0,0.217
76.0,13.0,-0.884
76.0,14.0,-0.143
76.0,15.0,0.905
76.0,16.0,0.063
76.0,17.0,-0.920
76.0,18.0,0.021
76.0,19.0,0.927
76.0,20.0,-0.109
76.0,21.0,-0.924
76.0,22.0,0.200
76.0,23.0,0.912
76.0,24.0,-0.293
76.0,25.0,-0.889
76.0,26.0,0.386
76.0,27.0,0.855
76.0,28.0,-0.479
76.0,29.0,-0.809
76.0,30.0,0.569
76.0,31.0,0.752
76.0,32.0,-0.655
76.0,33.0,-0.683
76.0,34.0,0.736
76.0,35.0,0.602
76.0,36.0,-0.809
76.0,37.0,-0.510
76.0,38.0,0.873
76.0,39.0,0.407
76.0,40.0,-0.925
76.0,41.0,-0.295
76.0,42.0,0.964
76.0,43.0,0.175
76.0,44.0,-0.989
76.0,45.0,-0.049
76.0,46.0,0.997
76.0,47.0,-0.081
76.0,48.0,-0.988
76.0,49.0,0.212
76.0,50.0,0.960
76.0,51.0,-0.343
76.0,52.0,-0.914
76.0,53.0,0.469
76.0,54.0,0.848
76.0,55.0,-0.588
76.0,56.0,-0.764
76.0,57.0,0.698
76.0,58.0,0.662
76.0,59.0,-0.793
76.0,60.0,-0.544
76.0,61.0,0.873
76.0,62.0,0.411
76.0,63.0,-0.933
76.0,64.0,-0.267
76.0,65.0,0.972
76.0,66.0,0.115
76.0,67.0,-0.987
76.0,68.0,0.041
76.0,69.0,0.976
76.0,70.0,-0.198
76.0,71.0,-0.940
76.0,72.0,0.351
76.0,73.0,0.877
76.0,74.0,-0.495
76.0,75.0,-0.789
76.0,76.0,0.625
76.0,77.0,0.678
76.0,78.0,-0.737
76.0,79.0,-0.546
76.0,80.0,0.827
76.0,81.0,0.397
76.0,82.0,-0.891
76.0,83.0,-0.235
76.0,84.0,0.926
76.0,85.0,0.065
76.0,86.0,-0.930
76.0,87.0,0.106
76.0,88.0,0.902
76.0,89.0,-0.273
76.0,90.0,-0.842
76.0,91.0,0.429
76.0,92.0,0.752
76.0,93.0,-0.568
76.0,94.0,-0.634
76.0,95.0,0.685
76.0,96.0,0.492
76.0,97.0,-0.773
76.0,98.0,-0.333
76.0,99.0,0.830
76.0,100.0,0.162
77.0,0.0,0.287
77.0,1.0,0.761
77.0,2.0,-0.343
77.0,3.0,-0.749
77.0,4.0,0.402
77.0,5.0,0.730
77.0,6.0,-0.461
77.0,7.0,-0.706
77.0,8.0,0.521
77.0,9.0,0.674
77.0,10.0,-0.581
77.0,11.0,-0.636
77.0,12.0,0.640
77.0,13.0,0.591
77.0,14.0,-0.696
77.0,15.0,-0.538
77.0,16.0,0.751
77.0,17.0,0.477
77.0,18.0,-0.801
77.0,19.0,-0.409
77.0,20.0,0.846
77.0,21.0,0.334
77.0,22.0,-0.885
77.0,23.0,-0.252
77.0,24.0,0.917
77.0,25.0,0.163
77.0,26.0,-0.941
77.0,27.0,-0.069
77.0,28.0,0.955
77.0,29.0,-0.029
77.0,30.0,-0.958
77.0,31.0,0.132
77.0,32.0,0.950
77.0,33.0,-0.236
77.0,34.0,-0.929
77.0,35.0,0.341
77.0,36.0,0.895
77.0,37.0,-0.445
77.0,38.0,-0.847
77.0,39.0,0.546
77.0,40.0,0.786
77.0,41.0,-0.643
77.0,42.0,-0.711
77.0,43.0,0.732
77.0,44.0,0.623
77.0,45.0,-0.812
77.0,46.0,-0.522
77.0,47.0,0.880
77.0,48.0,0.409
77.0,49.0,-0.935
77.0,50.0,-0.287
77.0,51.0,0.974
77.0,52.0,0.156
77.0,53.0,-0.996
77.0,54.0,-0.020
77.0,55.0,0.999
77.0,56.0,-0.120
77.0,57.0,-0.982
77.0,58.0,0.259
77.0,59.0,0.944
77.0,60.0,-0.396
77.0,61.0,-0.884
77.0,62.0,0.526
77.0,63.0,0.804
77.0,64.0,-0.645
77.0,65.0,-0.705
77.0,66.0,0.751
77.0,67.0,0.587
77.0,68.0,-0.840
77.0,69.0,-0.453
77.0,70.0,0.909
77.0,71.0,0.306
77.0,72.0,-0.954
77.0,73.0,-0.150
77.0,74.0,0.974
77.0,75.0,-0.011
77.0,76.0,-0.967
77.0,77.0,0.173
77.0,78.0,0.932
77.0,79.0,-0.331
77.0,80.0,-0.870
77.0,81.0,0.479
77.0,82.0,0.780
77.0,83.0,-0.612
77.0,84.0,-0.666
77.0,85.0,0.726
77.0,86.0,0.530
77.0,87.0,-0.816
77.0,88.0,-0.377
77.0,89.0,0.878
77.0,90.0,0.211
77.0,91.0,-0.909
77.0,92.0,-0.039
77.0,93.0,0.907
77.0,94.0,-0.134
77.0,95.0,-0.872
77.0,96.0,0.300
77.0,97.0,0.803
77.0,98.0,-0.454
77.0,99.0,-0.704
77.0,100.0,0.588
78.0,0.0,-0.796
78.0,1.0,-0.090
78.0,2.0,0.815
78.0,3.0,0.037
78.0,4.0,-0.830
78.0,5.0,0.021
78.0,6.0,0.840
78.0,7.0,-0.082
78.0,8.0,-0.846
78.0,9.0,0.146
78.0,10.0,0.846
78.0,11.0,-0.214
78.0,12.0,-0.840
78.0,13.0,0.284
78.0,14.0,0.827
78.0,15.0,-0.355
78.0,16.0,-0.806
78.0,17.0,0.428
78.0,18.0,0.778
78.0,19.0,-0.501
78.0,20.0,-0.741
78.0,21.0,0.573
78.0,22.0,0.695
78.0,23.0,-0.643
78.0,24.0,-0.641
78.0,25.0,0.710
78.0,26.0,0.577
78.0,27.0,-0.773
78.0,28.0,-0.504
78.0,29.0,0.830
78.0,30.0,0.423
78.0,31.0,-0.880
78.0,32.0,-0.333
78.0,33.0,0.921
78.0,34.0,0.236
78.0,35.0,-0.952
78.0,36.0,-0.132
78.0,37.0,0.972
78.0,38.0,0.023
78.0,39.0,-0.979
78.0,40.0,0.090
78.0,41.0,0.973
78.0,42.0,-0.206
78.0,43.0,-0.952
78.0,44.0,0.322
78.0,45.0,0.916
78.0,46.0,-0.436
78.0,47.0,-0.864
78.0,48.0,0.546
78.0,49.0,0.796
78.0,50.0,-0.650
78.0,51.0,-0.713
78.0,52.0,0.744
78.0,53.0,0.615
78.0,54.0,-0.828
78.0,55.0,-0.503
78.0,56.0,0.897
78.0,57.0,0.379
78.0,58.0,-0.950
78.0,59.0,-0.245
78.0,60.0,0.984
78.0,61.0,0.104
78.0,62.0,-0.998
78.0,63.0,0.042
78.0,64.0,0.990
78.0,65.0,-0.190
78.0,66.0,-0.959
78.0,67.0,0.335
78.0,68.0,0.906
78.0,69.0,-0.473
78.0,70.0,-0.829
78.0,71.0,0.602
78.0,72.0,0.731
78.0,73.0,-0.716
78.0,74.0,-0.613
78.0,75.0,0.812
78.0,76.0,0.477
78.0,77.0,-0.887
78.0,78.0,-0.327
78.0,79.0,0.937
78.0,80.0,0.167
78.0,81.0,-0.959
78.0,82.0,-0.002
78.0,83.0,0.953
78.0,84.0,-0.164
78.0,85.0,-0.918
78.0,86.0,0.325
78.0,87.0,0.853
78.0,88.0,-0.475
78.0,89.0,-0.760
78.0,90.0,0.610
78.0,91.0,0.641
78.0,92.0,-0.722
78.0,93.0,-0.500
78.0,94.0,0.809
78.0,95.0,0.343
78.0,96.0,-0.866
78.0,97.0,-0.173
78.0,98.0,0.889
78.0,99.0,-0.001
78.0,100.0,-0.879
79.0,0.0,0.473
79.0,1.0,-0.653
79.0,2.0,-0.440
79.0,3.0,0.692
79.0,4.0,0.402
79.0,5.0,-0.730
79.0,6.0,-0.358
79.0,7.0,0.766
79.0,8.0,0.309
79.0,9.0,-0.799
79.0,10.0,-0.255
79.0,11.0,0.829
79.0,12.0,0.195
79.0,13.0,-0.855
79.0,14.0,-0.130
79.0,15.0,0.876
79.0,16.0,0.061
79.0,17.0,-0.891
79.0,18.0,0.013
79.0,19.0,0.900
79.0,20.0,-0.092
79.0,21.0,-0.901
79.0,22.0,0.173
79.0,23.0,0.894
79.0,24.0,-0.257
79.0,25.0,-0.879
79.0,26.0,0.342
79.0,27.0,0.853
79.0,28.0,-0.428
79.0,29.0,-0.818
79.0,30.0,0.513
79.0,31.0,0.772
79.0,32.0,-0.596
79.0,33.0,-0.716
79.0,34.0,0.675
79.0,35.0,0.649
79.0,36.0,-0.749
79.0,37.0,-0.571
79.0,38.0,0.816
79.0,39.0,0.483
79.0,40.0,-0.875
79.0,41.0,-0.385
79.0,42.0,0.924
79.0,43.0,0.279
79.0,44.0,-0.960
79.0,45.0,-0.165
79.0,46.0,0.984
79.0,47.0,0.045
79.0,48.0,-0.992
79.0,49.0,0.079
79.0,50.0,0.985
79.0,51.0,-0.204
79.0,52.0,-0.960
79.0,53.0,0.330
79.0,54.0,0.918
79.0,55.0,-0.452
79.0,56.0,-0.859
79.0,57.0,0.569
79.0,58.0,0.781
79.0,59.0,-0.677
79.0,60.0,-0.687
79.0,61.0,0.773
79.0,62.0,0.576
79.0,63.0,-0.856
79.0,64.0,-0.452
79.0,65.0,0.920
79.0,66.0,0.315
79.0,67.0,-0.966
79.0,68.0,-0.170
79.0,69.0,0.989
79.0,70.0,0.018
79.0,71.0,-0.989
79.0,72.0,0.136
79.0,73.0,0.964
79.0,74.0,-0.288
79.0,75.0,-0.915
79.0,76.0,0.433
79.0,77.0,0.840
79.0,78.0,-0.569
79.0,79.0,-0.743
79.0,80.0,0.689
79.0,81.0,0.623
79.0,82.0,-0.790
79.0,83.0,-0.485
79.0,84.0,0.868
79.0,85.0,0.332
79.0,86.0,-0.920
79.0,87.0,-0.168
79.0,88.0,0.943
79.0,89.0,-0.001
79.0,90.0,-0.935
79.0,91.0,0.170
79.0,92.0,0.896
79.0,93.0,-0.333
79.0,94.0,-0.826
79.0,95.0,0.483
79.0,96.0,0.727
79.0,97.0,-0.616
79.0,98.0,-0.603
79.0,99.0,0.724
79.0,100.0,0.456
80.0,0.0,0.325
80.0,1.0,0.701
80.0,2.0,-0.373
80.0,3.0,-0.690
80.0,4.0,0.423
80.0,5.0,0.674
80.0,6.0,-0.474
80.0,7.0,-0.653
80.0,8.0,0.526
80.0,9.0,0.627
80.0,10.0,-0.578
80.0,11.0,-0.594
80.0,12.0,0.630
80.0,13.0,0.555
80.0,14.0,-0.680
80.0,15.0,-0.510
80.0,16.0,0.729
80.0,17.0,0.457
80.0,18.0,-0.775
80.0,19.0,-0.399
80.0,20.0,0.817
80.0,21.0,0.334
80.0,22.0,-0.855
80.0,23.0,-0.262
80.0,24.0,0.887
80.0,25.0,0.184
80.0,26.0,-0.913
80.0,27.0,-0.101
80.0,28.0,0.930
80.0,29.0,0.013
80.0,30.0,-0.939
80.0,31.0,0.080
80.0,32.0,0.939
80.0,33.0,-0.175
80.0,34.0,-0.928
80.0,35.0,0.273
80.0,36.0,0.905
80.0,37.0,-0.371
80.0,38.0,-0.871
80.0,39.0,0.468
80.0,40.0,0.824
80.0,41.0,-0.562
80.0,42.0,-0.765
80.0,43.0,0.652
80.0,44.0,0.693
80.0,45.0,-0.736
80.0,46.0,-0.609
80.0,47.0,0.812
80.0,48.0,0.513
80.0,49.0,-0.877
80.0,50.0,-0.406
80.0,51.0,0.930
80.0,52.0,0.290
80.0,53.0,-0.969
80.0,54.0,-0.166
80.0,55.0,0.993
80.0,56.0,0.035
80.0,57.0,-0.998
80.0,58.0,0.099
80.0,59.0,0.986
80.0,60.0,-0.234
80.0,61.0,-0.954
80.0,62.0,0.367
80.0,63.0,0.902
80.0,64.0,-0.495
80.0,65.0,-0.830
80.0,66.0,0.614
80.0,67.0,0.739
80.0,68.0,-0.722
80.0,69.0,-0.631
80.0,70.0,0.815
80.0,71.0,0.506
80.0,72.0,-0.890
80.0,73.0,-0.367
80.0,74.0,0.945
80.0,75.0,0.218
80.0,76.0,-0.976
80.0,77.0,-0.061
80.0,78.0,0.981
80.0,79.0,-0.098
80.0,80.0,-0.961
80.0,81.0,0.256
80.0,82.0,0.913
80.0,83.0,-0.407
80.0,84.0,-0.839
80.0,85.0,0.547
80.0,86.0,0.740
80.0,87.0,-0.672
80.0,88.0,-0.618
80.0,89.0,0.775
80.0,90.0,0.477
80.0,91.0,-0.854
80.0,92.0,-0.320
80.0,93.0,0.905
80.0,94.0,0.152
80.0,95.0,-0.924
80.0,96.0,0.020
80.0,97.0,0.912
80.0,98.0,-0.191
80.0,99.0,-0.866
80.0,100.0,0.353
81.0,0.0,-0.760
81.0,1.0,-0.025
81.0,2.0,0.775
81.0,3.0,-0.020
81.0,4.0,-0.788
81.0,5.0,0.069
81.0,6.0,0.797
81.0,7.0,-0.121
81.0,8.0,-0.802
81.0,9.0,0.177
81.0,10.0,0.803
81.0,11.0,-0.235
81.0,12.0,-0.798
81.0,13.0,0.296
81.0,14.0,0.787
81.0,15.0,-0.359
81.0,16.0,-0.771
81.0,17.0,0.423
81.0,18.0,0.747
81.0,19.0,-0.488
81.0,20.0,-0.716
81.0,21.0,0.553
81.0,22.0,0.678
81.0,23.0,-0.617
81.0,24.0,-0.632
81.0,25.0,0.679
81.0,26.0,0.578
81.0,27.0,-0.738
81.0,28.0,-0.516
81.0,29.0,0.793
81.0,30.0,0.446
81.0,31.0,-0.842
81.0,32.0,-0.368
81.0,33.0,0.885
81.0,34.0,0.283
81.0,35.0,-0.921
81.0,36.0,-0.191
81.0,37.0,0.947
81.0,38.0,0.092
81.0,39.0,-0.963
81.0,40.0,0.011
81.0,41.0,0.967
81.0,42.0,-0.117
81.0,43.0,-0.959
81.0,44.0,0.226
81.0,45.0,0.938
81.0,46.0,-0.336
81.0,47.0,-0.903
81.0,48.0,0.444
81.0,49.0,0.854
81.0,50.0,-0.548
81.0,51.0,-0.789
81.0,52.0,0.647
81.0,53.0,0.711
81.0,54.0,-0.739
81.0,55.0,-0.618
81.0,56.0,0.820
81.0,57.0,0.513
81.0,58.0,-0.888
81.0,59.0,-0.395
81.0,60.0,0.942
81.0,61.0,0.268
81.0,62.0,-0.979
81.0,63.0,-0.133
81.0,64.0,0.998
81.0,65.0,-0.008
81.0,66.0,-0.996
81.0,67.0,0.150
81.0,68.0,0.974
81.0,69.0,-0.292
81.0,70.0,-0.929
81.0,71.0,0.430
81.0,72.0,0.862
81.0,73.0,-0.560
81.0,74.0,-0.775
81.0,75.0,0.677
81.0,76.0,0.667
81.0,77.0,-0.779
81.0,78.0,-0.542
81.0,79.0,0.863
81.0,80.0,0.401
81.0,81.0,-0.924
81.0,82.0,-0.248
81.0,83.0,0.960
81.0,84.0,0.087
81.0,85.0,-0.969
81.0,86.0,0.077
81.0,87.0,0.950
81.0,88.0,-0.239
81.0,89.0,-0.903
81.0,90.0,0.395
81.0,91.0,0.827
81.0,92.0,-0.538
81.0,93.0,-0.725
81.0,94.0,0.663
81.0,95.0,0.599
81.0,96.0,-0.767
81.0,97.0,-0.453
81.0,98.0,0.843
81.0,99.0,0.292
81.0,100.0,-0.890
82.0,0.0,0.391
82.0,1.0,-0.652
82.0,2.0,-0.363
82.0,3.0,0.685
82.0,4.0,0.330
82.0,5.0,-0.717
82.0,6.0,-0.293
82.0,7.0,0.748
82.0,8.0,0.251
82.0,9.0,-0.776
82.0,10.0,-0.204
82.0,11.0,0.802
82.0,12.0,0.153
82.0,13.0,-0.825
82.0,14.0,-0.097
82.0,15.0,0.844
82.0,16.0,0.037
82.0,17.0,-0.858
82.0,18.0,0.028
82.0,19.0,0.867
82.0,20.0,-0.097
82.0,21.0,-0.870
82.0,22.0,0.168
82.0,23.0,0.866
82.0,24.0,-0.243
82.0,25.0,-0.855
82.0,26.0,0.319
82.0,27.0,0.836
82.0,28.0,-0.397
82.0,29.0,-0.809
82.0,30.0,0.475
82.0,31.0,0.772
82.0,32.0,-0.552
82.0,33.0,-0.726
82.0,34.0,0.627
82.0,35.0,0.670
82.0,36.0,-0.699
82.0,37.0,-0.605
82.0,38.0,0.766
82.0,39.0,0.530
82.0,40.0,-0.827
82.0,41.0,-0.446
82.0,42.0,0.880
82.0,43.0,0.352
82.0,44.0,-0.924
82.0,45.0,-0.251
82.0,46.0,0.957
82.0,47.0,0.143
82.0,48.0,-0.978
82.0,49.0,-0.030
82.0,50.0,0.985
82.0,51.0,-0.088
82.0,52.0,-0.978
82.0,53.0,0.207
82.0,54.0,0.955
82.0,55.0,-0.327
82.0,56.0,-0.917
82.0,57.0,0.445
82.0,58.0,0.861
82.0,59.0,-0.557
82.0,60.0,-0.789
82.0,61.0,0.663
82.0,62.0,0.701
82.0,63.0,-0.758
82.0,64.0,-0.598
82.0,65.0,0.841
82.0,66.0,0.481
82.0,67.0,-0.908
82.0,68.0,-0.352
82.0,69.0,0.958
82.0,70.0,0.213
82.0,71.0,-0.988
82.0,72.0,-0.067
82.0,73.0,0.996
82.0,74.0,-0.083
82.0,75.0,-0.981
82.0,76.0,0.232
82.0,77.0,0.943
82.0,78.0,-0.378
82.0,79.0,-0.880
82.0,80.0,0.516
82.0,81.0,0.795
82.0,82.0,-0.641
82.0,83.0,-0.687
82.0,84.0,0.750
82.0,85.0,0.560
82.0,86.0,-0.839
82.0,87.0,-0.417
82.0,88.0,0.905
82.0,89.0,0.261
82.0,90.0,-0.944
82.0,91.0,-0.096
82.0,92.0,0.954
82.0,93.0,-0.072
82.0,94.0,-0.934
82.0,95.0,0.238
82.0,96.0,0.884
82.0,97.0,-0.395
82.0,98.0,-0.804
82.0,99.0,0.539
82.0,100.0,0.697
83.0,0.0,0.370
83.0,1.0,0.627
83.0,2.0,-0.411
83.0,3.0,-0.617
83.0,4.0,0.453
83.0,5.0,0.604
83.0,6.0,-0.496
83.0,7.0,-0.586
83.0,8.0,0.540
83.0,9.0,0.563
83.0,10.0,-0.584
83.0,11.0,-0.535
83.0,12.0,0.629
83.0,13.0,0.501
83.0,14.0,-0.672
83.0,15.0,-0.462
83.0,16.0,0.715
83.0,17.0,0.418
83.0,18.0,-0.756
83.0,19.0,-0.367
83.0,20.0,0.794
83.0,21.0,0.311
83.0,22.0,-0.828
83.0,23.0,-0.249
83.0,24.0,0.858
83.0,25.0,0.181
83.0,26.0,-0.883
83.0,27.0,-0.108
83.0,28.0,0.902
83.0,29.0,0.030
83.0,30.0,-0.914
83.0,31.0,0.053
83.0,32.0,0.918
83.0,33.0,-0.138
83.0,34.0,-0.913
83.0,35.0,0.227
83.0,36.0,0.899
83.0,37.0,-0.317
83.0,38.0,-0.875
83.0,39.0,0.408
83.0,40.0,0.839
83.0,41.0,-0.497
83.0,42.0,-0.793
83.0,43.0,0.585
83.0,44.0,0.735
83.0,45.0,-0.668
83.0,46.0,-0.666
83.0,47.0,0.746
83.0,48.0,0.585
83.0,49.0,-0.816
83.0,50.0,-0.494
83.0,51.0,0.878
83.0,52.0,0.392
83.0,53.0,-0.928
83.0,54.0,-0.281
83.0,55.0,0.965
83.0,56.0,0.163
83.0,57.0,-0.988
83.0,58.0,-0.039
83.0,59.0,0.995
83.0,60.0,-0.089
83.0,61.0,-0.986
83.0,62.0,0.218
83.0,63.0,0.958
83.0,64.0,-0.347
83.0,65.0,-0.912
83.0,66.0,0.472
83.0,67.0,0.847
83.0,68.0,-0.590
83.0,69.0,-0.764
83.0,70.0,0.698
83.0,71.0,0.663
83.0,72.0,-0.793
83.0,73.0,-0.547
83.0,74.0,0.872
83.0,75.0,0.416
83.0,76.0,-0.933
83.0,77.0,-0.274
83.0,78.0,0.972
83.0,79.0,0.124
83.0,80.0,-0.988
83.0,81.0,0.032
83.0,82.0,0.980
83.0,83.0,-0.188
83.0,84.0,-0.946
83.0,85.0,0.340
83.0,86.0,0.886
83.0,87.0,-0.484
83.0,88.0,-0.801
83.0,89.0,0.615
83.0,90.0,0.692
83.0,91.0,-0.729
83.0,92.0,-0.563
83.0,93.0,0.821
83.0,94.0,0.416
83.0,95.0,-0.888
83.0,96.0,-0.256
83.0,97.0,0.927
83.0,98.0,0.088
83.0,99.0,-0.935
83.0,100.0,0.083
84.0,0.0,-0.714
84.0,1.0,0.051
84.0,2.0,0.727
84.0,3.0,-0.089
84.0,4.0,-0.737
84.0,5.0,0.130
84.0,6.0,0.744
84.0,7.0,-0.174
84.0,8.0,-0.748
84.0,9.0,0.222
84.0,10.0,0.749
84.0,11.0,-0.271
84.0,12.0,-0.744
84.0,13.0,0.323
84.0,14.0,0.735
84.0,15.0,-0.377
84.0,16.0,-0.721
84.0,17.0,0.433
84.0,18.0,0.701
84.0,19.0,-0.490
84.0,20.0,-0.676
84.0,21.0,0.547
84.0,22.0,0.643
84.0,23.0,-0.604
84.0,24.0,-0.604
84.0,25.0,0.659
84.0,26.0,0.558
84.0,27.0,-0.713
84.0,28.0,-0.505
84.0,29.0,0.764
84.0,30.0,0.445
84.0,31.0,-0.811
84.0,32.0,-0.377
84.0,33.0,0.853
84.0,34.0,0.303
84.0,35.0,-0.889
84.0,36.0,-0.222
84.0,37.0,0.918
84.0,38.0,0.135
84.0,39.0,-0.939
84.0,40.0,-0.042
84.0,41.0,0.950
84.0,42.0,-0.054
84.0,43.0,-0.951
84.0,44.0,0.154
84.0,45.0,0.941
84.0,46.0,-0.256
84.0,47.0,-0.919
84.0,48.0,0.359
84.0,49.0,0.884
84.0,50.0,-0.460
84.0,51.0,-0.836
84.0,52.0,0.559
84.0,53.0,0.774
84.0,54.0,-0.652
84.0,55.0,-0.699
84.0,56.0,0.739
84.0,57.0,0.611
84.0,58.0,-0.817
84.0,59.0,-0.511
84.0,60.0,0.883
84.0,61.0,0.400
84.0,62.0,-0.937
84.0,63.0,-0.279
84.0,64.0,0.975
84.0,65.0,0.150
84.0,66.0,-0.996
84.0,67.0,-0.016
84.0,68.0,0.999
84.0,69.0,-0.122
84.0,70.0,-0.982
84.0,71.0,0.260
84.0,72.0,0.944
84.0,73.0,-0.395
84.0,74.0,-0.886
84.0,75.0,0.524
84.0,76.0,0.808
84.0,77.0,-0.643
84.0,78.0,-0.710
84.0,79.0,0.748
84.0,80.0,0.594
84.0,81.0,-0.838
84.0,82.0,-0.462
84.0,83.0,0.907
84.0,84.0,0.317
84.0,85.0,-0.954
84.0,86.0,-0.162
84.0,87.0,0.976
84.0,88.0,0.002
84.0,89.0,-0.972
84.0,90.0,0.159
84.0,91.0,0.940
84.0,92.0,-0.316
84.0,93.0,-0.880
84.0,94.0,0.465
84.0,95.0,0.794
84.0,96.0,-0.600
84.0,97.0,-0.683
84.0,98.0,0.716
84.0,99.0,0.551
84.0,100.0,-0.809
85.0,0.0,0.295
85.0,1.0,-0.647
85.0,2.0,-0.271
85.0,3.0,0.674
85.0,4.0,0.244
85.0,5.0,-0.701
85.0,6.0,-0.212
85.0,7.0,0.726
85.0,8.0,0.177
85.0,9.0,-0.750
85.0,10.0,-0.137
85.0,11.0,0.772
85.0,12.0,0.093
85.0,13.0,-0.791
85.0,14.0,-0.045
85.0,15.0,0.807
85.0,16.0,-0.006
85.0,17.0,-0.820
85.0,18.0,0.062
85.0,19.0,0.828
85.0,20.0,-0.121
85.0,21.0,-0.831
85.0,22.0,0.184
85.0,23.0,0.829
85.0,24.0,-0.249
85.0,25.0,-0.821
85.0,26.0,0.316
85.0,27.0,0.806
85.0,28.0,-0.385
85.0,29.0,-0.784
85.0,30.0,0.455
85.0,31.0,0.754
85.0,32.0,-0.525
85.0,33.0,-0.716
85.0,34.0,0.594
85.0,35.0,0.670
85.0,36.0,-0.661
85.0,37.0,-0.615
85.0,38.0,0.725
85.0,39.0,0.551
85.0,40.0,-0.785
85.0,41.0,-0.478
85.0,42.0,0.838
85.0,43.0,0.398
85.0,44.0,-0.885
85.0,45.0,-0.309
85.0,46.0,0.923
85.0,47.0,0.213
85.0,48.0,-0.952
85.0,49.0,-0.111
85.0,50.0,0.970
85.0,51.0,0.004
85.0,52.0,-0.975
85.0,53.0,0.108
85.0,54.0,0.967
85.0,55.0,-0.221
85.0,56.0,-0.945
85.0,57.0,0.334
85.0,58.0,0.908
85.0,59.0,-0.446
85.0,60.0,-0.856
85.0,61.0,0.554
85.0,62.0,0.789
85.0,63.0,-0.656
85.0,64.0,-0.706
85.0,65.0,0.749
85.0,66.0,0.609
85.0,67.0,-0.830
85.0,68.0,-0.498
85.0,69.0,0.898
85.0,70.0,0.376
85.0,71.0,-0.950
85.0,72.0,-0.244
85.0,73.0,0.984
85.0,74.0,0.104
85.0,75.0,-0.999
85.0,76.0,0.040
85.0,77.0,0.991
85.0,78.0,-0.186
85.0,79.0,-0.962
85.0,80.0,0.330
85.0,81.0,0.910
85.0,82.0,-0.468
85.0,83.0,-0.835
85.0,84.0,0.596
85.0,85.0,0.739
85.0,86.0,-0.711
85.0,87.0,-0.623
85.0,88.0,0.808
85.0,89.0,0.490
85.0,90.0,-0.884
85.0,91.0,-0.342
85.0,92.0,0.936
85.0,93.0,0.184
85.0,94.0,-0.961
85.0,95.0,-0.019
85.0,96.0,0.959
85.0,97.0,-0.146
85.0,98.0,-0.927
85.0,99.0,0.307
85.0,100.0,0.865
86.0,0.0,0.416
86.0,1.0,0.538
86.0,2.0,-0.449
86.0,3.0,-0.530
86.0,4.0,0.484
86.0,5.0,0.518
86.0,6.0,-0.520
86.0,7.0,-0.503
86.0,8.0,0.557
86.0,9.0,0.483
86.0,10.0,-0.594
86.0,11.0,-0.459
86.0,12.0,0.632
86.0,13.0,0.431
86.0,14.0,-0.669
86.0,15.0,-0.398
86.0,16.0,0.705
86.0,17.0,0.359
86.0,18.0,-0.740
86.0,19.0,-0.316
86.0,20.0,0.773
86.0,21.0,0.267
86.0,22.0,-0.803
86.0,23.0,-0.214
86.0,24.0,0.830
86.0,25.0,0.155
86.0,26.0,-0.853
86.0,27.0,-0.091
86.0,28.0,0.871
86.0,29.0,0.023
86.0,30.0,-0.884
86.0,31.0,0.049
86.0,32.0,0.890
86.0,33.0,-0.125
86.0,34.0,-0.889
86.0,35.0,0.204
86.0,36.0,0.880
86.0,37.0,-0.285
86.0,38.0,-0.862
86.0,39.0,0.368
86.0,40.0,0.836
86.0,41.0,-0.451
86.0,42.0,-0.799
86.0,43.0,0.533
86.0,44.0,0.753
86.0,45.0,-0.613
86.0,46.0,-0.696
86.0,47.0,0.689
86.0,48.0,0.628
86.0,49.0,-0.760
86.0,50.0,-0.551
86.0,51.0,0.825
86.0,52.0,0.463
86.0,53.0,-0.881
86.0,54.0,-0.367
86.0,55.0,0.927
86.0,56.0,0.262
86.0,57.0,-0.961
86.0,58.0,-0.149
86.0,59.0,0.983
86.0,60.0,0.032
86.0,61.0,-0.990
86.0,62.0,0.090
86.0,63.0,0.982
86.0,64.0,-0.214
86.0,65.0,-0.957
86.0,66.0,0.337
86.0,67.0,0.915
86.0,68.0,-0.458
86.0,69.0,-0.855
86.0,70.0,0.573
86.0,71.0,0.778
86.0,72.0,-0.679
86.0,73.0,-0.685
86.0,74.0,0.775
86.0,75.0,0.576
86.0,76.0,-0.856
86.0,77.0,-0.453
86.0,78.0,0.920
86.0,79.0,0.318
86.0,80.0,-0.966
86.0,81.0,-0.174
86.0,82.0,0.990
86.0,83.0,0.024
86.0,84.0,-0.991
86.0,85.0,0.128
86.0,86.0,0.968
86.0,87.0,-0.279
86.0,88.0,-0.921
86.0,89.0,0.425
86.0,90.0,0.849
86.0,91.0,-0.560
86.0,92.0,-0.754
86.0,93.0,0.681
86.0,94.0,0.637
86.0,95.0,-0.784
86.0,96.0,-0.501
86.0,97.0,0.864
86.0,98.0,0.350
86.0,99.0,-0.919
86.0,100.0,-0.188
87.0,0.0,-0.655
87.0,1.0,0.133
87.0,2.0,0.665
87.0,3.0,-0.165
87.0,4.0,-0.674
87.0,5.0,0.199
87.0,6.0,0.679
87.0,7.0,-0.236
87.0,8.0,-0.682
87.0,9.0,0.276
87.0,10.0,0.682
87.0,11.0,-0.317
87.0,12.0,-0.678
87.0,13.0,0.361
87.0,14.0,0.670
87.0,15.0,-0.407
87.0,16.0,-0.658
87.0,17.0,0.455
87.0,18.0,0.641
87.0,19.0,-0.503
87.0,20.0,-0.619
87.0,21.0,0.552
87.0,22.0,0.591
87.0,23.0,-0.601
87.0,24.0,-0.558
87.0,25.0,0.650
87.0,26.0,0.519
87.0,27.0,-0.697
87.0,28.0,-0.473
87.0,29.0,0.743
87.0,30.0,0.421
87.0,31.0,-0.786
87.0,32.0,-0.363
87.0,33.0,0.825
87.0,34.0,0.298
87.0,35.0,-0.859
87.0,36.0,-0.227
87.0,37.0,0.888
87.0,38.0,0.151
87.0,39.0,-0.911
87.0,40.0,-0.069
87.0,41.0,0.926
87.0,42.0,-0.017
87.0,43.0,-0.932
87.0,44.0,0.107
87.0,45.0,0.930
87.0,46.0,-0.200
87.0,47.0,-0.917
87.0,48.0,0.295
87.0,49.0,0.893
87.0,50.0,-0.391
87.0,51.0,-0.857
87.0,52.0,0.485
87.0,53.0,0.810
87.0,54.0,-0.577
87.0,55.0,-0.750
87.0,56.0,0.664
87.0,57.0,0.678
87.0,58.0,-0.745
87.0,59.0,-0.594
87.0,60.0,0.818
87.0,61.0,0.499
87.0,62.0,-0.882
87.0,63.0,-0.394
87.0,64.0,0.933
87.0,65.0,0.279
87.0,66.0,-0.970
87.0,67.0,-0.156
87.0,68.0,0.992
87.0,69.0,0.028
87.0,70.0,-0.997
87.0,71.0,0.104
87.0,72.0,0.985
87.0,73.0,-0.238
87.0,74.0,-0.953
87.0,75.0,0.369
87.0,76.0,0.901
87.0,77.0,-0.495
87.0,78.0,-0.831
87.0,79.0,0.614
87.0,80.0,0.741
87.0,81.0,-0.721
87.0,82.0,-0.634
87.0,83.0,0.814
87.0,84.0,0.511
87.0,85.0,-0.889
87.0,86.0,-0.374
87.0,87.0,0.944
87.0,88.0,0.227
87.0,89.0,-0.977
87.0,90.0,-0.072
87.0,91.0,0.984
87.0,92.0,-0.086
87.0,93.0,-0.966
87.0,94.0,0.243
87.0,95.0,0.921
87.0,96.0,-0.395
87.0,97.0,-0.850
87.0,98.0,0.536
87.0,99.0,0.754
87.0,100.0,-0.661
88.0,0.0,0.188
88.0,1.0,-0.631
88.0,2.0,-0.169
88.0,3.0,0.654
88.0,4.0,0.146
88.0,5.0,-0.676
88.0,6.0,-0.119
88.0,7.0,0.697
88.0,8.0,0.090
88.0,9.0,-0.717
88.0,10.0,-0.056
88.0,11.0,0.735
88.0,12.0,0.020
88.0,13.0,-0.751
88.0,14.0,0.021
88.0,15.0,0.764
88.0,16.0,-0.065
88.0,17.0,-0.774
88.0,18.0,0.112
88.0,19.0,0.781
88.0,20.0,-0.163
88.0,21.0,-0.784
88.0,22.0,0.216
88.0,23.0,0.782
88.0,24.0,-0.272
88.0,25.0,-0.775
88.0,26.0,0.331
88.0,27.0,0.763
88.0,28.0,-0.391
88.0,29.0,-0.745
88.0,30.0,0.453
88.0,31.0,0.720
88.0,32.0,-0.515
88.0,33.0,-0.688
88.0,34.0,0.576
88.0,35.0,0.649
88.0,36.0,-0.637
88.0,37.0,-0.602
88.0,38.0,0.696
88.0,39.0,0.548
88.0,40.0,-0.752
88.0,41.0,-0.486
88.0,42.0,0.803
88.0,43.0,0.416
88.0,44.0,-0.850
88.0,45.0,-0.339
88.0,46.0,0.890
88.0,47.0,0.255
88.0,48.0,-0.922
88.0,49.0,-0.164
88.0,50.0,0.946
88.0,51.0,0.068
88.0,52.0,-0.959
88.0,53.0,0.033
88.0,54.0,0.962
88.0,55.0,-0.138
88.0,56.0,-0.952
88.0,57.0,0.244
88.0,58.0,0.930
88.0,59.0,-0.351
88.0,60.0,-0.894
88.0,61.0,0.457
88.0,62.0,0.844
88.0,63.0,-0.559
88.0,64.0,-0.779
88.0,65.0,0.656
88.0,66.0,0.701
88.0,67.0,-0.745
88.0,68.0,-0.609
88.0,69.0,0.824
88.0,70.0,0.505
88.0,71.0,-0.891
88.0,72.0,-0.389
88.0,73.0,0.944
88.0,74.0,0.263
88.0,75.0,-0.980
88.0,76.0,-0.130
88.0,77.0,0.998
88.0,78.0,-0.009
88.0,79.0,-0.997
88.0,80.0,0.150
88.0,81.0,0.974
88.0,82.0,-0.291
88.0,83.0,-0.931
88.0,84.0,0.427
88.0,85.0,0.866
88.0,86.0,-0.556
88.0,87.0,-0.780
88.0,88.0,0.673
88.0,89.0,0.674
88.0,90.0,-0.776
88.0,91.0,-0.551
88.0,92.0,0.860
88.0,93.0,0.412
88.0,94.0,-0.922
88.0,95.0,-0.261
88.0,96.0,0.961
88.0,97.0,0.102
88.0,98.0,-0.972
88.0,99.0,0.061
88.0,100.0,0.956
89.0,0.0,0.454
89.0,1.0,0.435
89.0,2.0,-0.482
89.0,3.0,-0.428
89.0,4.0,0.511
89.0,5.0,0.418
89.0,6.0,-0.541
89.0,7.0,-0.406
89.0,8.0,0.572
89.0,9.0,0.389
89.0,10.0,-0.603
89.0,11.0,-0.369
89.0,12.0,0.634
89.0,13.0,0.345
89.0,14.0,-0.665
89.0,15.0,-0.317
89.0,16.0,0.695
89.0,17.0,0.284
89.0,18.0,-0.724
89.0,19.0,-0.247
89.0,20.0,0.752
89.0,21.0,0.206
89.0,22.0,-0.778
89.0,23.0,-0.160
89.0,24.0,0.801
89.0,25.0,0.110
89.0,26.0,-0.821
89.0,27.0,-0.055
89.0,28.0,0.837
89.0,29.0,-0.004
89.0,30.0,-0.849
89.0,31.0,0.067
89.0,32.0,0.855
89.0,33.0,-0.133
89.0,34.0,-0.856
89.0,35.0,0.203
89.0,36.0,0.850
89.0,37.0,-0.275
89.0,38.0,-0.837
89.0,39.0,0.349
89.0,40.0,0.816
89.0,41.0,-0.424
89.0,42.0,-0.787
89.0,43.0,0.499
89.0,44.0,0.750
89.0,45.0,-0.573
89.0,46.0,-0.703
89.0,47.0,0.645
89.0,48.0,0.646
89.0,49.0,-0.713
89.0,50.0,-0.581
89.0,51.0,0.777
89.0,52.0,0.506
89.0,53.0,-0.835
89.0,54.0,-0.422
89.0,55.0,0.885
89.0,56.0,0.330
89.0,57.0,-0.926
89.0,58.0,-0.231
89.0,59.0,0.957
89.0,60.0,0.124
89.0,61.0,-0.976
89.0,62.0,-0.013
89.0,63.0,0.982
89.0,64.0,-0.103
89.0,65.0,-0.974
89.0,66.0,0.220
89.0,67.0,0.950
89.0,68.0,-0.338
89.0,69.0,-0.911
89.0,70.0,0.453
89.0,71.0,0.855
89.0,72.0,-0.564
89.0,73.0,-0.784
89.0,74.0,0.667
89.0,75.0,0.697
89.0,76.0,-0.761
89.0,77.0,-0.594
89.0,78.0,0.843
89.0,79.0,0.479
89.0,80.0,-0.909
89.0,81.0,-0.351
89.0,82.0,0.959
89.0,83.0,0.214
89.0,84.0,-0.988
89.0,85.0,-0.070
89.0,86.0,0.997
89.0,87.0,-0.078
89.0,88.0,-0.983
89.0,89.0,0.227
89.0,90.0,0.946
89.0,91.0,-0.372
89.0,92.0,-0.886
89.0,93.0,0.509
89.0,94.0,0.803
89.0,95.0,-0.634
89.0,96.0,-0.698
89.0,97.0,0.744
89.0,98.0,0.573
89.0,99.0,-0.835
89.0,100.0,-0.432
90.0,0.0,-0.578
90.0,1.0,0.215
90.0,2.0,0.587
90.0,3.0,-0.241
90.0,4.0,-0.594
90.0,5.0,0.269
90.0,6.0,0.599
90.0,7.0,-0.300
90.0,8.0,-0.602
90.0,9.0,0.333
90.0,10.0,0.602
90.0,11.0,-0.368
90.0,12.0,-0.598
90.0,13.0,0.404
90.0,14.0,0.591
90.0,15.0,-0.443
90.0,16.0,-0.581
90.0,17.0,0.482
90.0,18.0,0.566
90.0,19.0,-0.523
90.0,20.0,-0.547
90.0,21.0,0.564
90.0,22.0,0.523
90.0,23.0,-0.606
90.0,24.0,-0.495
90.0,25.0,0.648
90.0,26.0,0.461
90.0,27.0,-0.689
90.0,28.0,-0.422
90.0,29.0,0.728
90.0,30.0,0.377
90.0,31.0,-0.766
90.0,32.0,-0.327
90.0,33.0,0.801
90.0,34.0,0.271
90.0,35.0,-0.832
90.0,36.0,-0.210
90.0,37.0,0.859
90.0,38.0,0.143
90.0,39.0,-0.881
90.0,40.0,-0.072
90.0,41.0,0.897
90.0,42.0,-0.004
90.0,43.0,-0.907
90.0,44.0,0.085
90.0,45.0,0.908
90.0,46.0,-0.168
90.0,47.0,-0.901
90.0,48.0,0.254
90.0,49.0,0.885
90.0,50.0,-0.342
90.0,51.0,-0.859
90.0,52.0,0.430
90.0,53.0,0.823
90.0,54.0,-0.516
90.0,55.0,-0.775
90.0,56.0,0.601
90.0,57.0,0.717
90.0,58.0,-0.681
90.0,59.0,-0.648
90.0,60.0,0.756
90.0,61.0,0.567
90.0,62.0,-0.824
90.0,63.0,-0.476
90.0,64.0,0.883
90.0,65.0,0.376
90.0,66.0,-0.931
90.0,67.0,-0.267
90.0,68.0,0.966
90.0,69.0,0.150
90.0,70.0,-0.988
90.0,71.0,-0.028
90.0,72.0,0.994
90.0,73.0,-0.098
90.0,74.0,-0.983
90.0,75.0,0.226
90.0,76.0,0.955
90.0,77.0,-0.352
90.0,78.0,-0.909
90.0,79.0,0.475
90.0,80.0,0.845
90.0,81.0,-0.592
90.0,82.0,-0.763
90.0,83.0,0.699
90.0,84.0,0.664
90.0,85.0,-0.793
90.0,86.0,-0.549
90.0,87.0,0.872
90.0,88.0,0.420
90.0,89.0,-0.933
90.0,90.0,-0.279
90.0,91.0,0.973
90.0,92.0,0.131
90.0,93.0,-0.990
90.0,94.0,0.023
90.0,95.0,0.983
90.0,96.0,-0.178
90.0,97.0,-0.951
90.0,98.0,0.330
90.0,99.0,0.894
90.0,100.0,-0.474
91.0,0.0,0.076
91.0,1.0,-0.599
91.0,2.0,-0.060
91.0,3.0,0.618
91.0,4.0,0.041
91.0,5.0,-0.637
91.0,6.0,-0.020
91.0,7.0,0.654
91.0,8.0,-0.005
91.0,9.0,-0.671
91.0,10.0,0.033
91.0,11.0,0.686
91.0,12.0,-0.063
91.0,13.0,-0.699
91.0,14.0,0.097
91.0,15.0,0.710
91.0,16.0,-0.134
91.0,17.0,-0.718
91.0,18.0,0.174
91.0,19.0,0.723
91.0,20.0,-0.216
91.0,21.0,-0.725
91.0,22.0,0.261
91.0,23.0,0.724
91.0,24.0,-0.309
91.0,25.0,-0.718
91.0,26.0,0.359
91.0,27.0,0.707
91.0,28.0,-0.411
91.0,29.0,-0.692
91.0,30.0,0.464
91.0,31.0,0.671
91.0,32.0,-0.517
91.0,33.0,-0.644
91.0,34.0,0.572
91.0,35.0,0.610
91.0,36.0,-0.625
91.0,37.0,-0.571
91.0,38.0,0.678
91.0,39.0,0.524
91.0,40.0,-0.728
91.0,41.0,-0.471
91.0,42.0,0.776
91.0,43.0,0.411
91.0,44.0,-0.820
91.0,45.0,-0.344
91.0,46.0,0.859
91.0,47.0,0.270
91.0,48.0,-0.892
91.0,49.0,-0.191
91.0,50.0,0.918
91.0,51.0,0.105
91.0,52.0,-0.936
91.0,53.0,-0.015
91.0,54.0,0.945
91.0,55.0,-0.080
91.0,56.0,-0.944
91.0,57.0,0.178
91.0,58.0,0.932
91.0,59.0,-0.277
91.0,60.0,-0.908
91.0,61.0,0.377
91.0,62.0,0.872
91.0,63.0,-0.476
91.0,64.0,-0.823
91.0,65.0,0.572
91.0,66.0,0.761
91.0,67.0,-0.663
91.0,68.0,-0.686
91.0,69.0,0.747
91.0,70.0,0.599
91.0,71.0,-0.823
91.0,72.0,-0.500
91.0,73.0,0.887
91.0,74.0,0.390
91.0,75.0,-0.939
91.0,76.0,-0.271
91.0,77.0,0.975
91.0,78.0,0.143
91.0,79.0,-0.996
91.0,80.0,-0.011
91.0,81.0,0.998
91.0,82.0,-0.125
91.0,83.0,-0.981
91.0,84.0,0.262
91.0,85.0,0.944
91.0,86.0,-0.395
91.0,87.0,-0.887
91.0,88.0,0.523
91.0,89.0,0.810
91.0,90.0,-0.641
91.0,91.0,-0.714
91.0,92.0,0.746
91.0,93.0,0.599
91.0,94.0,-0.836
91.0,95.0,-0.470
91.0,96.0,0.906
91.0,97.0,0.327
91.0,98.0,-0.954
91.0,99.0,-0.174
91.0,100.0,0.978
92.0,0.0,0.478
92.0,1.0,0.319
92.0,2.0,-0.501
92.0,3.0,-0.314
92.0,4.0,0.526
92.0,5.0,0.307
92.0,6.0,-0.551
92.0,7.0,-0.296
92.0,8.0,0.577
92.0,9.0,0.283
92.0,10.0,-0.602
92.0,11.0,-0.266
92.0,12.0,0.628
92.0,13.0,0.246
92.0,14.0,-0.654
92.0,15.0,-0.222
92.0,16.0,0.679
92.0,17.0,0.195
92.0,18.0,-0.703
92.0,19.0,-0.164
92.0,20.0,0.726
92.0,21.0,0.129
92.0,22.0,-0.748
92.0,23.0,-0.090
92.0,24.0,0.767
92.0,25.0,0.048
92.0,26.0,-0.784
92.0,27.0,-0.001
92.0,28.0,0.798
92.0,29.0,-0.050
92.0,30.0,-0.808
92.0,31.0,0.104
92.0,32.0,0.813
92.0,33.0,-0.161
92.0,34.0,-0.815
92.0,35.0,0.221
92.0,36.0,0.810
92.0,37.0,-0.284
92.0,38.0,-0.800
92.0,39.0,0.349
92.0,40.0,0.783
92.0,41.0,-0.415
92.0,42.0,-0.760
92.0,43.0,0.482
92.0,44.0,0.728
92.0,45.0,-0.549
92.0,46.0,-0.689
92.0,47.0,0.615
92.0,48.0,0.642
92.0,49.0,-0.679
92.0,50.0,-0.587
92.0,51.0,0.739
92.0,52.0,0.523
92.0,53.0,-0.796
92.0,54.0,-0.451
92.0,55.0,0.846
92.0,56.0,0.371
92.0,57.0,-0.890
92.0,58.0,-0.283
92.0,59.0,0.926
92.0,60.0,0.189
92.0,61.0,-0.952
92.0,62.0,-0.088
92.0,63.0,0.967
92.0,64.0,-0.017
92.0,65.0,-0.971
92.0,66.0,0.126
92.0,67.0,0.961
92.0,68.0,-0.237
92.0,69.0,-0.938
92.0,70.0,0.348
92.0,71.0,0.900
92.0,72.0,-0.458
92.0,73.0,-0.848
92.0,74.0,0.563
92.0,75.0,0.780
92.0,76.0,-0.663
92.0,77.0,-0.698
92.0,78.0,0.754
92.0,79.0,0.602
92.0,80.0,-0.833
92.0,81.0,-0.493
92.0,82.0,0.900
92.0,83.0,0.372
92.0,84.0,-0.951
92.0,85.0,-0.241
92.0,86.0,0.985
92.0,87.0,0.103
92.0,88.0,-0.999
92.0,89.0,0.040
92.0,90.0,0.992
92.0,91.0,-0.184
92.0,92.0,-0.964
92.0,93.0,0.326
92.0,94.0,0.913
92.0,95.0,-0.463
92.0,96.0,-0.840
92.0,97.0,0.591
92.0,98.0,0.746
92.0,99.0,-0.706
92.0,100.0,-0.633
93.0,0.0,-0.483
93.0,1.0,0.287
93.0,2.0,0.491
93.0,3.0,-0.309
93.0,4.0,-0.498
93.0,5.0,0.333
93.0,6.0,0.503
93.0,7.0,-0.359
93.0,8.0,-0.506
93.0,9.0,0.386
93.0,10.0,0.506
93.0,11.0,-0.415
93.0,12.0,-0.503
93.0,13.0,0.445
93.0,14.0,0.497
93.0,15.0,-0.477
93.0,16.0,-0.488
93.0,17.0,0.510
93.0,18.0,0.476
93.0,19.0,-0.544
93.0,20.0,-0.460
93.0,21.0,0.578
93.0,22.0,0.440
93.0,23.0,-0.613
93.0,24.0,-0.416
93.0,25.0,0.648
93.0,26.0,0.387
93.0,27.0,-0.683
93.0,28.0,-0.353
93.0,29.0,0.716
93.0,30.0,0.315
93.0,31.0,-0.748
93.0,32.0,-0.272
93.0,33.0,0.778
93.0,34.0,0.224
93.0,35.0,-0.806
93.0,36.0,-0.172
93.0,37.0,0.830
93.0,38.0,0.114
93.0,39.0,-0.850
93.0,40.0,-0.052
93.0,41.0,0.865
93.0,42.0,-0.015
93.0,43.0,-0.875
93.0,44.0,0.085
93.0,45.0,0.879
93.0,46.0,-0.159
93.0,47.0,-0.875
93.0,48.0,0.236
93.0,49.0,0.864
93.0,50.0,-0.314
93.0,51.0,-0.845
93.0,52.0,0.394
93.0,53.0,0.817
93.0,54.0,-0.474
93.0,55.0,-0.779
93.0,56.0,0.553
93.0,57.0,0.732
93.0,58.0,-0.630
93.0,59.0,-0.674
93.0,60.0,0.703
93.0,61.0,0.607
93.0,62.0,-0.771
93.0,63.0,-0.529
93.0,64.0,0.833
93.0,65.0,0.443
93.0,66.0,-0.886
93.0,67.0,-0.347
93.0,68.0,0.930
93.0,69.0,0.243
93.0,70.0,-0.962
93.0,71.0,-0.133
93.0,72.0,0.982
93.0,73.0,0.017
93.0,74.0,-0.987
93.0,75.0,0.103
93.0,76.0,0.978
93.0,77.0,-0.225
93.0,78.0,-0.952
93.0,79.0,0.346
93.0,80.0,0.910
93.0,81.0,-0.464
93.0,82.0,-0.851
93.0,83.0,0.577
93.0,84.0,0.775
93.0,85.0,-0.682
93.0,86.0,-0.682
93.0,87.0,0.776
93.0,88.0,0.575
93.0,89.0,-0.857
93.0,90.0,-0.453
93.0,91.0,0.921
93.0,92.0,0.320
93.0,93.0,-0.966
93.0,94.0,-0.178
93.0,95.0,0.991
93.0,96.0,0.030
93.0,97.0,-0.993
93.0,98.0,0.122
93.0,99.0,0.972
93.0,100.0,-0.272
94.0,0.0,-0.034
94.0,1.0,-0.545
94.0,2.0,0.047
94.0,3.0,0.562
94.0,4.0,-0.063
94.0,5.0,-0.579
94.0,6.0,0.081
94.0,7.0,0.594
94.0,8.0,-0.101
94.0,9.0,-0.608
94.0,10.0,0.124
94.0,11.0,0.621
94.0,12.0,-0.149
94.0,13.0,-0.632
94.0,14.0,0.177
94.0,15.0,0.641
94.0,16.0,-0.208
94.0,17.0,-0.648
94.0,18.0,0.241
94.0,19.0,0.652
94.0,20.0,-0.276
94.0,21.0,-0.654
94.0,22.0,0.314
94.0,23.0,0.652
94.0,24.0,-0.354
94.0,25.0,-0.647
94.0,26.0,0.396
94.0,27.0,0.638
94.0,28.0,-0.440
94.0,29.0,-0.624
94.0,30.0,0.484
94.0,31.0,0.606
94.0,32.0,-0.530
94.0,33.0,-0.583
94.0,34.0,0.577
94.0,35.0,0.555
94.0,36.0,-0.623
94.0,37.0,-0.521
94.0,38.0,0.669
94.0,39.0,0.481
94.0,40.0,-0.713
94.0,41.0,-0.435
94.0,42.0,0.755
94.0,43.0,0.383
94.0,44.0,-0.795
94.0,45.0,-0.325
94.0,46.0,0.831
94.0,47.0,0.262
94.0,48.0,-0.862
94.0,49.0,-0.192
94.0,50.0,0.888
94.0,51.0,0.117
94.0,52.0,-0.908
94.0,53.0,-0.037
94.0,54.0,0.920
94.0,55.0,-0.048
94.0,56.0,-0.924
94.0,57.0,0.136
94.0,58.0,0.919
94.0,59.0,-0.226
94.0,60.0,-0.904
94.0,61.0,0.319
94.0,62.0,0.879
94.0,63.0,-0.411
94.0,64.0,-0.842
94.0,65.0,0.503
94.0,66.0,0.794
94.0,67.0,-0.592
94.0,68.0,-0.734
94.0,69.0,0.676
94.0,70.0,0.662
94.0,71.0,-0.755
94.0,72.0,-0.579
94.0,73.0,0.825
94.0,74.0,0.484
94.0,75.0,-0.886
94.0,76.0,-0.380
94.0,77.0,0.935
94.0,78.0,0.266
94.0,79.0,-0.971
94.0,80.0,-0.145
94.0,81.0,0.992
94.0,82.0,0.019
94.0,83.0,-0.996
94.0,84.0,0.111
94.0,85.0,0.983
94.0,86.0,-0.243
94.0,87.0,-0.951
94.0,88.0,0.372
94.0,89.0,0.900
94.0,90.0,-0.497
94.0,91.0,-0.831
94.0,92.0,0.614
94.0,93.0,0.742
94.0,94.0,-0.720
94.0,95.0,-0.637
94.0,96.0,0.813
94.0,97.0,0.515
94.0,98.0,-0.888
94.0,99.0,-0.380
94.0,100.0,0.944
95.0,0.0,0.478
95.0,1.0,0.196
95.0,2.0,-0.500
95.0,3.0,-0.193
95.0,4.0,0.521
95.0,5.0,0.187
95.0,6.0,-0.543
95.0,7.0,-0.179
95.0,8.0,0.565
95.0,9.0,0.168
95.0,10.0,-0.587
95.0,11.0,-0.155
95.0,12.0,0.609
95.0,13.0,0.138
95.0,14.0,-0.631
95.0,15.0,-0.119
95.0,16.0,0.652
95.0,17.0,0.096
95.0,18.0,-0.672
95.0,19.0,-0.070
95.0,20.0,0.691
95.0,21.0,0.041
95.0,22.0,-0.709
95.0,23.0,-0.009
95.0,24.0,0.724
95.0,25.0,-0.027
95.0,26.0,-0.738
95.0,27.0,0.066
95.0,28.0,0.749
95.0,29.0,-0.109
95.0,30.0,-0.758
95.0,31.0,0.155
95.0,32.0,0.762
95.0,33.0,-0.204
95.0,34.0,-0.763
95.0,35.0,0.255
95.0,36.0,0.759
95.0,37.0,-0.309
95.0,38.0,-0.751
95.0,39.0,0.365
95.0,40.0,0.737
95.0,41.0,-0.423
95.0,42.0,-0.717
95.0,43.0,0.481
95.0,44.0,0.691
95.0,45.0,-0.540
95.0,46.0,-0.658
95.0,47.0,0.599
95.0,48.0,0.618
95.0,49.0,-0.657
95.0,50.0,-0.571
95.0,51.0,0.712
95.0,52.0,0.516
95.0,53.0,-0.765
95.0,54.0,-0.455
95.0,55.0,0.813
95.0,56.0,0.385
95.0,57.0,-0.856
95.0,58.0,-0.309
95.0,59.0,0.893
95.0,60.0,0.226
95.0,61.0,-0.923
95.0,62.0,-0.137
95.0,63.0,0.944
95.0,64.0,0.042
95.0,65.0,-0.955
95.0,66.0,0.057
95.0,67.0,0.955
95.0,68.0,-0.159
95.0,69.0,-0.944
95.0,70.0,0.263
95.0,71.0,0.920
95.0,72.0,-0.368
95.0,73.0,-0.883
95.0,74.0,0.471
95.0,75.0,0.833
95.0,76.0,-0.571
95.0,77.0,-0.768
95.0,78.0,0.665
95.0,79.0,0.690
95.0,80.0,-0.752
95.0,81.0,-0.599
95.0,82.0,0.829
95.0,83.0,0.496
95.0,84.0,-0.894
95.0,85.0,-0.381
95.0,86.0,0.945
95.0,87.0,0.257
95.0,88.0,-0.981
95.0,89.0,-0.125
95.0,90.0,0.998
95.0,91.0,-0.012
95.0,92.0,-0.997
95.0,93.0,0.151
95.0,94.0,0.975
95.0,95.0,-0.290
95.0,96.0,-0.932
95.0,97.0,0.425
95.0,98.0,0.868
95.0,99.0,-0.553
95.0,100.0,-0.784
96.0,0.0,-0.371
96.0,1.0,0.341
96.0,2.0,0.380
96.0,3.0,-0.360
96.0,4.0,-0.387
96.0,5.0,0.381
96.0,6.0,0.392
96.0,7.0,-0.403
96.0,8.0,-0.395
96.0,9.0,0.427
96.0,10.0,0.395
96.0,11.0,-0.451
96.0,12.0,-0.394
96.0,13.0,0.477
96.0,14.0,0.389
96.0,15.0,-0.503
96.0,16.0,-0.382
96.0,17.0,0.531
96.0,18.0,0.372
96.0,19.0,-0.559
96.0,20.0,-0.359
96.0,21.0,0.588
96.0,22.0,0.342
96.0,23.0,-0.617
96.0,24.0,-0.322
96.0,25.0,0.646
96.0,26.0,0.298
96.0,27.0,-0.674
96.0,28.0,-0.270
96.0,29.0,0.702
96.0,30.0,0.237
96.0,31.0,-0.729
96.0,32.0,-0.201
96.0,33.0,0.754
96.0,34.0,0.160
96.0,35.0,-0.777
96.0,36.0,-0.115
96.0,37.0,0.798
96.0,38.0,0.066
96.0,39.0,-0.815
96.0,40.0,-0.012
96.0,41.0,0.829
96.0,42.0,-0.045
96.0,43.0,-0.838
96.0,44.0,0.106
96.0,45.0,0.842
96.0,46.0,-0.171
96.0,47.0,-0.840
96.0,48.0,0.238
96.0,49.0,0.832
96.0,50.0,-0.307
96.0,51.0,-0.817
96.0,52.0,0.379
96.0,53.0,0.795
96.0,54.0,-0.451
96.0,55.0,-0.764
96.0,56.0,0.523
96.0,57.0,0.725
96.0,58.0,-0.594
96.0,59.0,-0.678
96.0,60.0,0.662
96.0,61.0,0.621
96.0,62.0,-0.728
96.0,63.0,-0.556
96.0,64.0,0.788
96.0,65.0,0.481
96.0,66.0,-0.843
96.0,67.0,-0.398
96.0,68.0,0.890
96.0,69.0,0.307
96.0,70.0,-0.929
96.0,71.0,-0.209
96.0,72.0,0.957
96.0,73.0,0.104
96.0,74.0,-0.974
96.0,75.0,0.006
96.0,76.0,0.978
96.0,77.0,-0.119
96.0,78.0,-0.968
96.0,79.0,0.234
96.0,80.0,0.944
96.0,81.0,-0.350
96.0,82.0,-0.904
96.0,83.0,0.463
96.0,84.0,0.849
96.0,85.0,-0.571
96.0,86.0,-0.777
96.0,87.0,0.673
96.0,88.0,0.691
96.0,89.0,-0.765
96.0,90.0,-0.590
96.0,91.0,0.845
96.0,92.0,0.475
96.0,93.0,-0.910
96.0,94.0,-0.349
96.0,95.0,0.959
96.0,96.0,0.214
96.0,97.0,-0.989
96.0,98.0,-0.071
96.0,99.0,0.998
96.0,100.0,-0.075
97.0,0.0,-0.132
97.0,1.0,-0.467
97.0,2.0,0.144
97.0,3.0,0.484
97.0,4.0,-0.158
97.0,5.0,-0.499
97.0,6.0,0.173
97.0,7.0,0.513
97.0,8.0,-0.190
97.0,9.0,-0.526
97.0,10.0,0.210
97.0,11.0,0.538
97.0,12.0,-0.231
97.0,13.0,-0.548
97.0,14.0,0.254
97.0,15.0,0.556
97.0,16.0,-0.280
97.0,17.0,-0.562
97.0,18.0,0.307
97.0,19.0,0.566
97.0,20.0,-0.336
97.0,21.0,-0.567
97.0,22.0,0.368
97.0,23.0,0.566
97.0,24.0,-0.401
97.0,25.0,-0.561
97.0,26.0,0.436
97.0,27.0,0.553
97.0,28.0,-0.472
97.0,29.0,-0.542
97.0,30.0,0.510
97.0,31.0,0.526
97.0,32.0,-0.548
97.0,33.0,-0.507
97.0,34.0,0.587
97.0,35.0,0.482
97.0,36.0,-0.626
97.0,37.0,-0.453
97.0,38.0,0.665
97.0,39.0,0.419
97.0,40.0,-0.703
97.0,41.0,-0.380
97.0,42.0,0.740
97.0,43.0,0.336
97.0,44.0,-0.774
97.0,45.0,-0.286
97.0,46.0,0.806
97.0,47.0,0.231
97.0,48.0,-0.835
97.0,49.0,-0.171
97.0,50.0,0.859
97.0,51.0,0.105
97.0,52.0,-0.878
97.0,53.0,-0.035
97.0,54.0,0.891
97.0,55.0,-0.039
97.0,56.0,-0.898
97.0,57.0,0.117
97.0,58.0,0.897
97.0,59.0,-0.199
97.0,60.0,-0.888
97.0,61.0,0.282
97.0,62.0,0.870
97.0,63.0,-0.367
97.0,64.0,-0.842
97.0,65.0,0.452
97.0,66.0,0.804
97.0,67.0,-0.536
97.0,68.0,-0.756
97.0,69.0,0.617
97.0,70.0,0.698
97.0,71.0,-0.695
97.0,72.0,-0.628
97.0,73.0,0.767
97.0,74.0,0.548
97.0,75.0,-0.832
97.0,76.0,-0.458
97.0,77.0,0.888
97.0,78.0,0.359
97.0,79.0,-0.933
97.0,80.0,-0.251
97.0,81.0,0.967
97.0,82.0,0.136
97.0,83.0,-0.987
97.0,84.0,-0.015
97.0,85.0,0.992
97.0,86.0,-0.109
97.0,87.0,-0.980
97.0,88.0,0.234
97.0,89.0,0.952
97.0,90.0,-0.359
97.0,91.0,-0.906
97.0,92.0,0.480
97.0,93.0,0.842
97.0,94.0,-0.595
97.0,95.0,-0.761
97.0,96.0,0.700
97.0,97.0,0.663
97.0,98.0,-0.793
97.0,99.0,-0.550
97.0,100.0,0.872
98.0,0.0,0.451
98.0,1.0,0.075
98.0,2.0,-0.471
98.0,3.0,-0.072
98.0,4.0,0.491
98.0,5.0,0.067
98.0,6.0,-0.511
98.0,7.0,-0.060
98.0,8.0,0.531
98.0,9.0,0.052
98.0,10.0,-0.551
98.0,11.0,-0.041
98.0,12.0,0.570
98.0,13.0,0.027
98.0,14.0,-0.589
98.0,15.0,-0.011
98.0,16.0,0.607
98.0,17.0,-0.007
98.0,18.0,-0.624
98.0,19.0,0.029
98.0,20.0,0.640
98.0,21.0,-0.053
98.0,22.0,-0.655
98.0,23.0,0.080
98.0,24.0,0.669
98.0,25.0,-0.109
98.0,26.0,-0.680
98.0,27.0,0.142
98.0,28.0,0.689
98.0,29.0,-0.178
98.0,30.0,-0.696
98.0,31.0,0.216
98.0,32.0,0.699
98.0,33.0,-0.257
98.0,34.0,-0.700
98.0,35.0,0.300
98.0,36.0,0.696
98.0,37.0,-0.346
98.0,38.0,-0.689
98.0,39.0,0.393
98.0,40.0,0.677
98.0,41.0,-0.443
98.0,42.0,-0.660
98.0,43.0,0.493
98.0,44.0,0.637
98.0,45.0,-0.544
98.0,46.0,-0.610
98.0,47.0,0.595
98.0,48.0,0.576
98.0,49.0,-0.646
98.0,50.0,-0.535
98.0,51.0,0.695
98.0,52.0,0.489
98.0,53.0,-0.742
98.0,54.0,-0.435
98.0,55.0,0.787
98.0,56.0,0.376
98.0,57.0,-0.827
98.0,58.0,-0.309
98.0,59.0,0.863
98.0,60.0,0.237
98.0,61.0,-0.893
98.0,62.0,-0.158
98.0,63.0,0.916
98.0,64.0,0.074
98.0,65.0,-0.932
98.0,66.0,0.014
98.0,67.0,0.938
98.0,68.0,-0.107
98.0,69.0,-0.935
98.0,70.0,0.202
98.0,71.0,0.921
98.0,72.0,-0.299
98.0,73.0,-0.896
98.0,74.0,0.396
98.0,75.0,0.859
98.0,76.0,-0.492
98.0,77.0,-0.809
98.0,78.0,0.585
98.0,79.0,0.747
98.0,80.0,-0.674
98.0,81.0,-0.673
98.0,82.0,0.755
98.0,83.0,0.586
98.0,84.0,-0.828
98.0,85.0,-0.488
98.0,86.0,0.891
98.0,87.0,0.379
98.0,88.0,-0.941
98.0,89.0,-0.261
98.0,90.0,0.976
98.0,91.0,0.135
98.0,92.0,-0.995
98.0,93.0,-0.004
98.0,94.0,0.997
98.0,95.0,-0.130
98.0,96.0,-0.980
98.0,97.0,0.264
98.0,98.0,0.944
98.0,99.0,-0.396
98.0,100.0,-0.887
99.0,0.0,-0.250
99.0,1.0,0.367
99.0,2.0,0.258
99.0,3.0,-0.386
99.0,4.0,-0.265
99.0,5.0,0.406
99.0,6.0,0.270
99.0,7.0,-0.426
99.0,8.0,-0.273
99.0,9.0,0.447
99.0,10.0,0.274
99.0,11.0,-0.468
99.0,12.0,-0.274
99.0,13.0,0.491
99.0,14.0,0.271
99.0,15.0,-0.513
99.0,16.0,-0.266
99.0,17.0,0.537
99.0,18.0,0.258
99.0,19.0,-0.561
99.0,20.0,-0.247
99.0,21.0,0.585
99.0,22.0,0.233
99.0,23.0,-0.609
99.0,24.0,-0.217
99.0,25.0,0.633
99.0,26.0,0.197
99.0,27.0,-0.657
99.0,28.0,-0.173
99.0,29.0,0.680
99.0,30.0,0.146
99.0,31.0,-0.702
99.0,32.0,-0.116
99.0,33.0,0.723
99.0,34.0,0.081
99.0,35.0,-0.742
99.0,36.0,-0.043
99.0,37.0,0.759
99.0,38.0,0.002
99.0,39.0,-0.774
99.0,40.0,0.044
99.0,41.0,0.785
99.0,42.0,-0.093
99.0,43.0,-0.793
99.0,44.0,0.145
99.0,45.0,0.796
99.0,46.0,-0.200
99.0,47.0,-0.795
99.0,48.0,0.258
99.0,49.0,0.789
99.0,50.0,-0.319
99.0,51.0,-0.777
99.0,52.0,0.381
99.0,53.0,0.758
99.0,54.0,-0.445
99.0,55.0,-0.733
99.0,56.0,0.509
99.0,57.0,0.701
99.0,58.0,-0.573
99.0,59.0,-0.661
99.0,60.0,0.635
99.0,61.0,0.613
99.0,62.0,-0.696
99.0,63.0,-0.558
99.0,64.0,0.753
99.0,65.0,0.494
99.0,66.0,-0.806
99.0,67.0,-0.422
99.0,68.0,0.854
99.0,69.0,0.343
99.0,70.0,-0.894
99.0,71.0,-0.257
99.0,72.0,0.927
99.0,73.0,0.163
99.0,74.0,-0.951
99.0,75.0,-0.065
99.0,76.0,0.964
99.0,77.0,-0.039
99.0,78.0,-0.965
99.0,79.0,0.145
99.0,80.0,0.954
99.0,81.0,-0.254
99.0,82.0,-0.930
99.0,83.0,0.363
99.0,84.0,0.891
99.0,85.0,-0.470
99.0,86.0,-0.839
99.0,87.0,0.573
99.0,88.0,0.771
99.0,89.0,-0.670
99.0,90.0,-0.690
99.0,91.0,0.759
99.0,92.0,0.594
99.0,93.0,-0.837
99.0,94.0,-0.486
99.0,95.0,0.902
99.0,96.0,0.367
99.0,97.0,-0.952
99.0,98.0,-0.238
99.0,99.0,0.985
99.0,100.0,0.101
100.0,0.0,-0.207
100.0,1.0,-0.369
100.0,2.0,0.219
100.0,3.0,0.384
100.0,4.0,-0.233
100.0,5.0,-0.399
100.0,6.0,0.247
100.0,7.0,0.413
100.0,8.0,-0.263
100.0,9.0,-0.425
100.0,10.0,0.280
100.0,11.0,0.436
100.0,12.0,-0.299
100.0,13.0,-0.446
100.0,14.0,0.319
100.0,15.0,0.453
100.0,16.0,-0.341
100.0,17.0,-0.459
100.0,18.0,0.364
100.0,19.0,0.463
100.0,20.0,-0.388
100.0,21.0,-0.465
100.0,22.0,0.415
100.0,23.0,0.464
100.0,24.0,-0.442
100.0,25.0,-0.461
100.0,26.0,0.471
100.0,27.0,0.455
100.0,28.0,-0.502
100.0,29.0,-0.445
100.0,30.0,0.533
100.0,31.0,0.432
100.0,32.0,-0.565
100.0,33.0,-0.415
100.0,34.0,0.597
100.0,35.0,0.395
100.0,36.0,-0.630
100.0,37.0,-0.370
100.0,38.0,0.662
100.0,39.0,0.342
100.0,40.0,-0.694
100.0,41.0,-0.308
100.0,42.0,0.725
100.0,43.0,0.270
100.0,44.0,-0.754
100.0,45.0,-0.228
100.0,46.0,0.781
100.0,47.0,0.181
100.0,48.0,-0.806
100.0,49.0,-0.129
100.0,50.0,0.827
100.0,51.0,0.072
100.0,52.0,-0.845
100.0,53.0,-0.012
100.0,54.0,0.857
100.0,55.0,-0.053
100.0,56.0,-0.864
100.0,57.0,0.122
100.0,58.0,0.866
100.0,59.0,-0.193
100.0,60.0,-0.860
100.0,61.0,0.267
100.0,62.0,0.847
100.0,63.0,-0.343
100.0,64.0,-0.826
100.0,65.0,0.421
100.0,66.0,0.796
100.0,67.0,-0.498
100.0,68.0,-0.757
100.0,69.0,0.573
100.0,70.0,0.709
100.0,71.0,-0.647
100.0,72.0,-0.651
100.0,73.0,0.717
100.0,74.0,0.584
100.0,75.0,-0.782
100.0,76.0,-0.507
100.0,77.0,0.841
100.0,78.0,0.421
100.0,79.0,-0.891
100.0,80.0,-0.326
100.0,81.0,0.932
100.0,82.0,0.224
100.0,83.0,-0.962
100.0,84.0,-0.115
100.0,85.0,0.980
100.0,86.0,0.001
100.0,87.0,-0.984
100.0,88.0,0.117
100.0,89.0,0.974
100.0,90.0,-0.236
100.0,91.0,-0.947
100.0,92.0,0.355
100.0,93.0,0.905
100.0,94.0,-0.472
100.0,95.0,-0.846
100.0,96.0,0.583
100.0,97.0,0.770
100.0,98.0,-0.686
100.0,99.0,-0.679
100.0,100.0,0.778
