0,0,65.6
0,1,65.7
0,2,65.7
0,3,65.7
0,4,65.7
0,5,65.7
0,6,65.7
0,7,65.7
0,8,65.8
0,9,65.8
0,10,65.8
0,11,65.9
0,12,65.9
0,13,65.9
0,14,66.0
0,15,66.0
0,16,71.1
0,17,71.1
0,18,71.2
0,19,71.2
0,20,66.3
0,21,66.4
0,22,66.4
0,23,66.5
0,24,66.6
0,25,66.6
0,26,66.7
0,27,66.8
0,28,66.8
0,29,66.9
0,30,67.0
0,31,67.1
0,32,67.1
0,33,67.2
0,34,67.3
0,35,67.4
0,36,67.5
0,37,67.5
0,38,67.6
0,39,67.7
0,40,67.8
0,41,67.9
0,42,68.0
0,43,68.1
0,44,68.1
0,45,68.2
0,46,68.3
0,47,68.4
0,48,68.5
0,49,68.6
0,50,78.7
0,51,78.7
0,52,68.8
0,53,68.9
0,54,69.0
0,55,69.1
0,56,69.2
0,57,69.3
0,58,69.4
0,59,69.4
0,60,69.5
0,61,69.6
0,62,69.7
0,63,69.8
0,64,69.9
0,65,69.9
0,66,70.0
0,67,70.1
0,68,70.2
0,69,70.3
0,70,70.4
0,71,70.4
0,72,70.5
0,73,70.6
0,74,70.7
0,75,70.8
0,76,70.8
0,77,70.9
0,78,71.0
0,79,71.1
0,80,71.2
0,81,71.2
0,82,71.3
0,83,71.4
0,84,71.5
0,85,71.5
0,86,71.6
0,87,71.7
0,88,71.8
0,89,71.8
0,90,71.9
0,91,72.0
0,92,72.1
0,93,72.1
0,94,72.2
0,95,72.3
0,96,77.4
0,97,77.4
0,98,77.5
0,99,77.6
1,0,65.5
1,1,65.5
1,2,65.5
1,3,65.5
1,4,65.5
1,5,65.5
1,6,65.5
1,7,65.6
1,8,65.6
1,9,65.6
1,10,65.7
1,11,65.7
1,12,65.7
1,13,65.8
1,14,65.8
1,15,65.9
1,16,70.9
1,17,71.0
1,18,71.0
1,19,66.1
1,20,66.1
1,21,66.2
1,22,66.3
1,23,66.3
1,24,66.4
1,25,66.5
1,26,66.6
1,27,66.6
1,28,66.7
1,29,66.8
1,30,66.9
1,31,66.9
1,32,67.0
1,33,67.1
1,34,67.2
1,35,67.3
1,36,67.3
1,37,67.4
1,38,67.5
1,39,67.6
1,40,67.7
1,41,67.8
1,42,67.9
1,43,68.0
1,44,68.0
1,45,68.1
1,46,68.2
1,47,68.3
1,48,68.4
1,49,68.5
1,50,68.6
1,51,68.7
1,52,68.8
1,53,68.8
1,54,68.9
1,55,69.0
1,56,69.1
1,57,69.2
1,58,69.3
1,59,69.4
1,60,69.5
1,61,69.5
1,62,69.6
1,63,69.7
1,64,69.8
1,65,69.9
1,66,70.0
1,67,70.1
1,68,70.1
1,69,70.2
1,70,70.3
1,71,70.4
1,72,70.5
1,73,70.6
1,74,70.6
1,75,70.7
1,76,70.8
1,77,70.9
1,78,71.0
1,79,71.0
1,80,71.1
1,81,71.2
1,82,71.3
1,83,71.4
1,84,71.4
1,85,71.5
1,86,71.6
1,87,71.7
1,88,71.7
1,89,71.8
1,90,71.9
1,91,72.0
1,92,72.0
1,93,72.1
1,94,77.2
1,95,77.2
1,96,77.3
1,97,77.4
1,98,77.5
1,99,77.5
2,0,65.3
2,1,65.3
2,2,65.3
2,3,65.3
2,4,65.3
2,5,65.3
2,6,65.4
2,7,65.4
2,8,65.4
2,9,65.4
2,10,65.5
2,11,65.5
2,12,65.6
2,13,65.6
2,14,65.6
2,15,70.7
2,16,70.8
2,17,70.8
2,18,70.9
2,19,65.9
2,20,66.0
2,21,66.1
2,22,66.1
2,23,66.2
2,24,66.3
2,25,66.3
2,26,66.4
2,27,66.5
2,28,66.6
2,29,66.6
2,30,66.7
2,31,66.8
2,32,66.9
2,33,67.0
2,34,67.1
2,35,67.1
2,36,67.2
2,37,67.3
2,38,67.4
2,39,67.5
2,40,67.6
2,41,67.7
2,42,67.8
2,43,67.9
2,44,67.9
2,45,68.0
2,46,68.1
2,47,68.2
2,48,68.3
2,49,68.4
2,50,68.5
2,51,68.6
2,52,68.7
2,53,68.8
2,54,68.8
2,55,68.9
2,56,69.0
2,57,69.1
2,58,69.2
2,59,69.3
2,60,69.4
2,61,69.5
2,62,69.6
2,63,69.6
2,64,69.7
2,65,69.8
2,66,69.9
2,67,70.0
2,68,70.1
2,69,70.2
2,70,70.2
2,71,70.3
2,72,70.4
2,73,70.5
2,74,70.6
2,75,70.7
2,76,70.7
2,77,70.8
2,78,70.9
2,79,71.0
2,80,71.1
2,81,71.1
2,82,71.2
2,83,71.3
2,84,71.4
2,85,71.5
2,86,71.5
2,87,71.6
2,88,71.7
2,89,71.8
2,90,71.8
2,91,71.9
2,92,77.0
2,93,77.1
2,94,77.1
2,95,77.2
2,96,77.3
2,97,77.4
2,98,77.4
2,99,72.5
3,0,65.1
3,1,65.1
3,2,65.1
3,3,65.1
3,4,65.1
3,5,65.2
3,6,65.2
3,7,65.2
3,8,65.2
3,9,65.3
3,10,65.3
3,11,65.3
3,12,65.4
3,13,65.4
3,14,65.5
3,15,70.5
3,16,70.6
3,17,70.6
3,18,70.7
3,19,65.8
3,20,65.8
3,21,65.9
3,22,66.0
3,23,66.0
3,24,66.1
3,25,66.2
3,26,66.3
3,27,66.4
3,28,66.4
3,29,66.5
3,30,66.6
3,31,66.7
3,32,66.8
3,33,66.9
3,34,66.9
3,35,67.0
3,36,67.1
3,37,67.2
3,38,67.3
3,39,67.4
3,40,67.5
3,41,67.6
3,42,67.7
3,43,67.8
3,44,67.8
3,45,67.9
3,46,68.0
3,47,68.1
3,48,68.2
3,49,68.3
3,50,68.4
3,51,68.5
3,52,68.6
3,53,68.7
3,54,68.8
3,55,68.9
3,56,68.9
3,57,69.0
3,58,69.1
3,59,69.2
3,60,69.3
3,61,69.4
3,62,69.5
3,63,69.6
3,64,69.7
3,65,69.8
3,66,69.8
3,67,69.9
3,68,70.0
3,69,70.1
3,70,70.2
3,71,70.3
3,72,70.4
3,73,70.4
3,74,70.5
3,75,70.6
3,76,70.7
3,77,70.8
3,78,70.9
3,79,70.9
3,80,71.0
3,81,71.1
3,82,71.2
3,83,71.3
3,84,71.3
3,85,71.4
3,86,71.5
3,87,71.6
3,88,71.6
3,89,71.7
3,90,76.8
3,91,76.9
3,92,77.0
3,93,77.0
3,94,77.1
3,95,77.2
3,96,77.2
3,97,72.3
3,98,72.4
3,99,72.5
4,0,64.9
4,1,64.9
4,2,64.9
4,3,64.9
4,4,65.0
4,5,65.0
4,6,65.0
4,7,65.0
4,8,65.1
4,9,65.1
4,10,65.1
4,11,65.2
4,12,65.2
4,13,65.3
4,14,65.3
4,15,70.4
4,16,70.4
4,17,70.5
4,18,65.5
4,19,65.6
4,20,65.7
4,21,65.7
4,22,65.8
4,23,65.9
4,24,66.0
4,25,66.0
4,26,66.1
4,27,66.2
4,28,66.3
4,29,66.4
4,30,66.5
4,31,66.6
4,32,66.6
4,33,66.7
4,34,66.8
4,35,66.9
4,36,67.0
4,37,67.1
4,38,67.2
4,39,67.3
4,40,67.4
4,41,67.5
4,42,67.6
4,43,67.7
4,44,67.7
4,45,67.8
4,46,67.9
4,47,68.0
4,48,68.1
4,49,68.2
4,50,68.3
4,51,68.4
4,52,68.5
4,53,68.6
4,54,68.7
4,55,68.8
4,56,68.9
4,57,69.0
4,58,69.1
4,59,69.1
4,60,69.2
4,61,69.3
4,62,69.4
4,63,69.5
4,64,69.6
4,65,69.7
4,66,69.8
4,67,69.9
4,68,70.0
4,69,70.0
4,70,70.1
4,71,70.2
4,72,70.3
4,73,70.4
4,74,70.5
4,75,70.6
4,76,70.6
4,77,70.7
4,78,70.8
4,79,70.9
4,80,71.0
4,81,71.1
4,82,71.1
4,83,71.2
4,84,71.3
4,85,71.4
4,86,71.5
4,87,71.5
4,88,76.6
4,89,76.7
4,90,76.8
4,91,76.8
4,92,76.9
4,93,77.0
4,94,77.1
4,95,72.1
4,96,72.2
4,97,72.3
4,98,72.4
4,99,72.4
5,0,64.7
5,1,64.7
5,2,64.7
5,3,64.8
5,4,64.8
5,5,64.8
5,6,64.8
5,7,64.8
5,8,64.9
5,9,64.9
5,10,64.9
5,11,65.0
5,12,65.0
5,13,65.1
5,14,70.1
5,15,70.2
5,16,70.3
5,17,70.3
5,18,65.4
5,19,65.4
5,20,65.5
5,21,65.6
5,22,65.7
5,23,65.7
5,24,65.8
5,25,65.9
5,26,66.0
5,27,66.1
5,28,66.2
5,29,66.2
5,30,66.3
5,31,66.4
5,32,66.5
5,33,66.6
5,34,66.7
5,35,66.8
5,36,66.9
5,37,67.0
5,38,67.1
5,39,67.2
5,40,67.3
5,41,67.4
5,42,67.5
5,43,67.6
5,44,67.6
5,45,67.7
5,46,67.8
5,47,67.9
5,48,68.0
5,49,68.1
5,50,68.2
5,51,68.3
5,52,68.4
5,53,68.5
5,54,68.6
5,55,68.7
5,56,68.8
5,57,68.9
5,58,69.0
5,59,69.1
5,60,69.2
5,61,69.3
5,62,69.4
5,63,69.4
5,64,69.5
5,65,69.6
5,66,69.7
5,67,69.8
5,68,69.9
5,69,70.0
5,70,70.1
5,71,70.2
5,72,70.2
5,73,70.3
5,74,70.4
5,75,70.5
5,76,70.6
5,77,70.7
5,78,70.8
5,79,70.8
5,80,70.9
5,81,71.0
5,82,71.1
5,83,71.2
5,84,71.3
5,85,71.3
5,86,76.4
5,87,76.5
5,88,76.6
5,89,76.6
5,90,76.7
5,91,76.8
5,92,76.9
5,93,72.0
5,94,72.0
5,95,72.1
5,96,72.2
5,97,72.3
5,98,72.3
5,99,72.4
6,0,64.5
6,1,64.5
6,2,64.5
6,3,64.6
6,4,64.6
6,5,64.6
6,6,64.6
6,7,64.6
6,8,64.7
6,9,64.7
6,10,64.8
6,11,64.8
6,12,64.9
6,13,64.9
6,14,70.0
6,15,70.0
6,16,70.1
6,17,65.1
6,18,65.2
6,19,65.3
6,20,65.4
6,21,65.4
6,22,65.5
6,23,65.6
6,24,65.7
6,25,65.8
6,26,65.8
6,27,65.9
6,28,66.0
6,29,66.1
6,30,66.2
6,31,66.3
6,32,66.4
6,33,66.5
6,34,66.6
6,35,66.7
6,36,66.8
6,37,66.9
6,38,67.0
6,39,67.1
6,40,67.2
6,41,67.3
6,42,67.4
6,43,67.5
6,44,67.5
6,45,67.6
6,46,67.7
6,47,67.8
6,48,67.9
6,49,68.0
6,50,68.1
6,51,68.2
6,52,68.3
6,53,68.4
6,54,68.5
6,55,68.6
6,56,68.7
6,57,68.8
6,58,68.9
6,59,69.0
6,60,69.1
6,61,69.2
6,62,69.3
6,63,69.4
6,64,69.5
6,65,69.6
6,66,69.7
6,67,69.7
6,68,69.8
6,69,69.9
6,70,70.0
6,71,70.1
6,72,70.2
6,73,70.3
6,74,70.4
6,75,70.5
6,76,70.5
6,77,70.6
6,78,70.7
6,79,70.8
6,80,70.9
6,81,71.0
6,82,71.0
6,83,71.1
6,84,76.2
6,85,76.3
6,86,76.4
6,87,76.4
6,88,76.5
6,89,76.6
6,90,76.7
6,91,71.8
6,92,71.8
6,93,71.9
6,94,72.0
6,95,72.1
6,96,72.1
6,97,72.2
6,98,72.3
6,99,72.4
7,0,64.3
7,1,64.3
7,2,64.3
7,3,64.4
7,4,64.4
7,5,64.4
7,6,64.4
7,7,64.5
7,8,64.5
7,9,64.5
7,10,64.6
7,11,64.6
7,12,64.7
7,13,64.7
7,14,69.8
7,15,69.8
7,16,69.9
7,17,65.0
7,18,65.0
7,19,65.1
7,20,65.2
7,21,65.3
7,22,65.3
7,23,65.4
7,24,65.5
7,25,65.6
7,26,65.7
7,27,65.8
7,28,65.9
7,29,66.0
7,30,66.1
7,31,66.2
7,32,66.3
7,33,66.4
7,34,66.4
7,35,66.5
7,36,66.6
7,37,66.7
7,38,66.8
7,39,66.9
7,40,67.0
7,41,67.1
7,42,67.2
7,43,67.3
7,44,67.5
7,45,67.6
7,46,67.7
7,47,67.8
7,48,67.9
7,49,68.0
7,50,68.1
7,51,68.2
7,52,68.3
7,53,68.4
7,54,68.5
7,55,68.5
7,56,68.6
7,57,68.7
7,58,68.8
7,59,68.9
7,60,69.0
7,61,69.1
7,62,69.2
7,63,69.3
7,64,69.4
7,65,69.5
7,66,69.6
7,67,69.7
7,68,69.8
7,69,69.9
7,70,70.0
7,71,70.1
7,72,70.1
7,73,70.2
7,74,70.3
7,75,70.4
7,76,70.5
7,77,70.6
7,78,70.7
7,79,70.7
7,80,70.8
7,81,70.9
7,82,76.0
7,83,76.1
7,84,76.2
7,85,76.2
7,86,76.3
7,87,76.4
7,88,76.5
7,89,71.6
7,90,71.6
7,91,71.7
7,92,71.8
7,93,71.9
7,94,72.0
7,95,72.0
7,96,72.1
7,97,72.2
7,98,72.3
7,99,72.3
8,0,64.1
8,1,64.1
8,2,64.1
8,3,64.2
8,4,64.2
8,5,64.2
8,6,64.2
8,7,64.3
8,8,64.3
8,9,64.3
8,10,64.4
8,11,64.4
8,12,64.5
8,13,69.5
8,14,69.6
8,15,69.7
8,16,69.7
8,17,64.8
8,18,64.9
8,19,64.9
8,20,65.0
8,21,65.1
8,22,65.2
8,23,65.3
8,24,65.4
8,25,65.5
8,26,65.5
8,27,65.6
8,28,65.7
8,29,65.8
8,30,65.9
8,31,66.0
8,32,66.1
8,33,66.2
8,34,66.3
8,35,66.4
8,36,66.5
8,37,66.6
8,38,66.7
8,39,66.8
8,40,66.9
8,41,67.0
8,42,67.1
8,43,67.2
8,44,67.4
8,45,67.5
8,46,67.6
8,47,67.7
8,48,67.8
8,49,67.9
8,50,68.0
8,51,68.1
8,52,68.2
8,53,68.3
8,54,68.4
8,55,68.5
8,56,68.6
8,57,68.7
8,58,68.8
8,59,68.9
8,60,69.0
8,61,69.1
8,62,69.2
8,63,69.3
8,64,69.3
8,65,69.4
8,66,69.5
8,67,69.6
8,68,69.7
8,69,69.8
8,70,69.9
8,71,70.0
8,72,70.1
8,73,70.2
8,74,70.3
8,75,70.4
8,76,70.4
8,77,70.5
8,78,70.6
8,79,70.7
8,80,75.8
8,81,75.9
8,82,76.0
8,83,76.0
8,84,76.1
8,85,76.2
8,86,76.3
8,87,71.4
8,88,71.5
8,89,71.5
8,90,71.6
8,91,71.7
8,92,71.8
8,93,71.8
8,94,71.9
8,95,72.0
8,96,72.1
8,97,72.2
8,98,72.2
8,99,72.3
9,0,63.9
9,1,63.9
9,2,63.9
9,3,63.9
9,4,64.0
9,5,64.0
9,6,64.0
9,7,64.1
9,8,64.1
9,9,64.1
9,10,64.2
9,11,64.2
9,12,64.3
9,13,69.3
9,14,69.4
9,15,69.5
9,16,64.5
9,17,64.6
9,18,64.7
9,19,64.8
9,20,64.9
9,21,64.9
9,22,65.0
9,23,65.1
9,24,65.2
9,25,65.3
9,26,65.4
9,27,65.5
9,28,65.6
9,29,65.7
9,30,65.8
9,31,65.9
9,32,66.0
9,33,66.1
9,34,66.2
9,35,66.3
9,36,66.4
9,37,66.5
9,38,66.6
9,39,66.7
9,40,66.8
9,41,66.9
9,42,67.0
9,43,67.1
9,44,67.3
9,45,67.4
9,46,67.5
9,47,67.6
9,48,67.7
9,49,67.8
9,50,67.9
9,51,68.0
9,52,68.1
9,53,68.2
9,54,68.3
9,55,68.4
9,56,68.5
9,57,68.6
9,58,68.7
9,59,68.8
9,60,68.9
9,61,69.0
9,62,69.1
9,63,69.2
9,64,69.3
9,65,69.4
9,66,69.5
9,67,69.6
9,68,69.7
9,69,69.8
9,70,69.9
9,71,69.9
9,72,70.0
9,73,70.1
9,74,70.2
9,75,70.3
9,76,70.4
9,77,70.5
9,78,70.6
9,79,75.7
9,80,75.7
9,81,75.8
9,82,75.9
9,83,76.0
9,84,76.1
9,85,71.2
9,86,71.2
9,87,71.3
9,88,71.4
9,89,71.5
9,90,71.6
9,91,71.7
9,92,71.7
9,93,71.8
9,94,71.9
9,95,72.0
9,96,72.0
9,97,72.1
9,98,72.2
9,99,72.3
10,0,63.7
10,1,63.7
10,2,63.7
10,3,63.7
10,4,63.8
10,5,63.8
10,6,63.8
10,7,63.8
10,8,63.9
10,9,63.9
10,10,64.0
10,11,64.0
10,12,64.1
10,13,69.1
10,14,69.2
10,15,69.3
10,16,64.4
10,17,64.4
10,18,64.5
10,19,64.6
10,20,64.7
10,21,64.8
10,22,64.9
10,23,65.0
10,24,65.0
10,25,65.1
10,26,65.2
10,27,65.3
10,28,65.4
10,29,65.5
10,30,65.6
10,31,65.8
10,32,65.9
10,33,66.0
10,34,66.1
10,35,66.2
10,36,66.3
10,37,66.4
10,38,66.5
10,39,66.6
10,40,66.7
10,41,66.8
10,42,66.9
10,43,67.0
10,44,67.2
10,45,67.3
10,46,67.4
10,47,67.5
10,48,67.6
10,49,67.7
10,50,67.8
10,51,67.9
10,52,68.0
10,53,68.1
10,54,68.2
10,55,68.3
10,56,68.4
10,57,68.5
10,58,68.6
10,59,68.7
10,60,68.8
10,61,68.9
10,62,69.0
10,63,69.1
10,64,69.2
10,65,69.3
10,66,69.4
10,67,69.5
10,68,69.6
10,69,69.7
10,70,69.8
10,71,69.9
10,72,70.0
10,73,70.1
10,74,70.2
10,75,70.3
10,76,70.3
10,77,75.4
10,78,75.5
10,79,75.6
10,80,75.7
10,81,75.8
10,82,75.9
10,83,71.0
10,84,71.0
10,85,71.1
10,86,71.2
10,87,71.3
10,88,71.4
10,89,71.5
10,90,71.5
10,91,71.6
10,92,71.7
10,93,71.8
10,94,71.9
10,95,71.9
10,96,72.0
10,97,72.1
10,98,72.2
10,99,72.2
11,0,63.5
11,1,63.5
11,2,63.5
11,3,63.5
11,4,63.5
11,5,63.6
11,6,63.6
11,7,63.6
11,8,63.7
11,9,63.7
11,10,63.8
11,11,63.8
11,12,63.9
11,13,68.9
11,14,69.0
11,15,64.1
11,16,64.2
11,17,64.2
11,18,64.3
11,19,64.4
11,20,64.5
11,21,64.6
11,22,64.7
11,23,64.8
11,24,64.9
11,25,65.0
11,26,65.1
11,27,65.2
11,28,65.3
11,29,65.4
11,30,65.5
11,31,65.6
11,32,65.7
11,33,65.8
11,34,65.9
11,35,66.1
11,36,66.2
11,37,66.3
11,38,66.4
11,39,66.5
11,40,66.6
11,41,66.7
11,42,66.8
11,43,66.9
11,44,67.1
11,45,67.2
11,46,67.3
11,47,67.4
11,48,67.5
11,49,67.6
11,50,67.7
11,51,67.8
11,52,67.9
11,53,68.0
11,54,68.1
11,55,68.2
11,56,68.4
11,57,68.5
11,58,68.6
11,59,68.7
11,60,68.8
11,61,68.9
11,62,69.0
11,63,69.1
11,64,69.2
11,65,69.3
11,66,69.4
11,67,69.5
11,68,69.6
11,69,69.7
11,70,69.7
11,71,69.8
11,72,69.9
11,73,70.0
11,74,70.1
11,75,75.2
11,76,75.3
11,77,75.4
11,78,75.5
11,79,75.6
11,80,75.7
11,81,70.7
11,82,70.8
11,83,70.9
11,84,71.0
11,85,71.1
11,86,71.2
11,87,71.3
11,88,71.3
11,89,71.4
11,90,71.5
11,91,71.6
11,92,71.7
11,93,71.7
11,94,71.8
11,95,71.9
11,96,72.0
11,97,72.1
11,98,72.1
11,99,72.2
12,0,63.3
12,1,63.3
12,2,63.3
12,3,63.3
12,4,63.3
12,5,63.3
12,6,63.4
12,7,63.4
12,8,63.5
12,9,63.5
12,10,63.6
12,11,63.6
12,12,68.7
12,13,68.7
12,14,68.8
12,15,63.9
12,16,64.0
12,17,64.1
12,18,64.1
12,19,64.2
12,20,64.3
12,21,64.4
12,22,64.5
12,23,64.6
12,24,64.7
12,25,64.8
12,26,64.9
12,27,65.0
12,28,65.1
12,29,65.3
12,30,65.4
12,31,65.5
12,32,65.6
12,33,65.7
12,34,65.8
12,35,65.9
12,36,66.0
12,37,66.2
12,38,66.3
12,39,66.4
12,40,66.5
12,41,66.6
12,42,66.7
12,43,66.8
12,44,67.0
12,45,67.1
12,46,67.2
12,47,67.3
12,48,67.4
12,49,67.5
12,50,67.6
12,51,67.7
12,52,67.8
12,53,68.0
12,54,68.1
12,55,68.2
12,56,68.3
12,57,68.4
12,58,68.5
12,59,68.6
12,60,68.7
12,61,68.8
12,62,68.9
12,63,69.0
12,64,69.1
12,65,69.2
12,66,69.3
12,67,69.4
12,68,69.5
12,69,69.6
12,70,69.7
12,71,69.8
12,72,69.9
12,73,75.0
12,74,75.1
12,75,75.2
12,76,75.3
12,77,75.3
12,78,70.4
12,79,70.5
12,80,70.6
12,81,70.7
12,82,70.8
12,83,70.9
12,84,71.0
12,85,71.0
12,86,71.1
12,87,71.2
12,88,71.3
12,89,71.4
12,90,71.5
12,91,71.5
12,92,71.6
12,93,71.7
12,94,71.8
12,95,71.9
12,96,71.9
12,97,72.0
12,98,72.1
12,99,72.2
13,0,63.0
13,1,63.0
13,2,63.0
13,3,63.1
13,4,63.1
13,5,63.1
13,6,63.1
13,7,63.2
13,8,63.2
13,9,63.3
13,10,63.3
13,11,63.4
13,12,68.5
13,13,68.5
13,14,68.6
13,15,63.7
13,16,63.8
13,17,63.9
13,18,64.0
13,19,64.1
13,20,64.1
13,21,64.2
13,22,64.3
13,23,64.5
13,24,64.6
13,25,64.7
13,26,64.8
13,27,64.9
13,28,65.0
13,29,65.1
13,30,65.2
13,31,65.3
13,32,65.5
13,33,65.6
13,34,65.7
13,35,65.8
13,36,65.9
13,37,66.0
13,38,66.2
13,39,66.3
13,40,66.4
13,41,66.5
13,42,66.6
13,43,66.7
13,44,66.9
13,45,67.0
13,46,67.1
13,47,67.2
13,48,67.3
13,49,67.4
13,50,67.5
13,51,67.7
13,52,67.8
13,53,67.9
13,54,68.0
13,55,68.1
13,56,68.2
13,57,68.3
13,58,68.4
13,59,68.5
13,60,68.6
13,61,68.7
13,62,68.8
13,63,68.9
13,64,69.0
13,65,69.1
13,66,69.2
13,67,69.3
13,68,69.4
13,69,69.5
13,70,69.6
13,71,74.7
13,72,74.8
13,73,74.9
13,74,75.0
13,75,75.1
13,76,70.2
13,77,70.3
13,78,70.4
13,79,70.5
13,80,70.6
13,81,70.7
13,82,70.8
13,83,70.8
13,84,70.9
13,85,71.0
13,86,71.1
13,87,71.2
13,88,71.3
13,89,71.4
13,90,71.4
13,91,71.5
13,92,71.6
13,93,71.7
13,94,71.8
13,95,71.8
13,96,71.9
13,97,72.0
13,98,72.1
13,99,72.2
14,0,62.8
14,1,62.8
14,2,62.8
14,3,62.8
14,4,62.8
14,5,62.9
14,6,62.9
14,7,63.0
14,8,63.0
14,9,63.1
14,10,63.1
14,11,63.2
14,12,68.3
14,13,68.3
14,14,63.4
14,15,63.5
14,16,63.6
14,17,63.7
14,18,63.8
14,19,63.9
14,20,64.0
14,21,64.1
14,22,64.2
14,23,64.3
14,24,64.4
14,25,64.5
14,26,64.6
14,27,64.7
14,28,64.9
14,29,65.0
14,30,65.1
14,31,65.2
14,32,65.3
14,33,65.4
14,34,65.6
14,35,65.7
14,36,65.8
14,37,65.9
14,38,66.0
14,39,66.2
14,40,66.3
14,41,66.4
14,42,66.5
14,43,66.6
14,44,66.8
14,45,66.9
14,46,67.0
14,47,67.1
14,48,67.2
14,49,67.3
14,50,67.5
14,51,67.6
14,52,67.7
14,53,67.8
14,54,67.9
14,55,68.0
14,56,68.1
14,57,68.2
14,58,68.4
14,59,68.5
14,60,68.6
14,61,68.7
14,62,68.8
14,63,68.9
14,64,69.0
14,65,69.1
14,66,69.2
14,67,69.3
14,68,69.4
14,69,74.5
14,70,74.6
14,71,74.7
14,72,74.8
14,73,74.9
14,74,70.0
14,75,70.1
14,76,70.2
14,77,70.3
14,78,70.4
14,79,70.4
14,80,70.5
14,81,70.6
14,82,70.7
14,83,70.8
14,84,70.9
14,85,71.0
14,86,71.1
14,87,71.1
14,88,71.2
14,89,71.3
14,90,71.4
14,91,71.5
14,92,71.6
14,93,71.6
14,94,71.7
14,95,71.8
14,96,71.9
14,97,72.0
14,98,72.0
14,99,72.1
15,0,62.6
15,1,62.6
15,2,62.6
15,3,62.6
15,4,62.6
15,5,62.6
15,6,62.7
15,7,62.7
15,8,62.8
15,9,62.8
15,10,62.9
15,11,68.0
15,12,68.0
15,13,68.1
15,14,63.2
15,15,63.3
15,16,63.4
15,17,63.5
15,18,63.6
15,19,63.7
15,20,63.8
15,21,63.9
15,22,64.0
15,23,64.1
15,24,64.2
15,25,64.3
15,26,64.5
15,27,64.6
15,28,64.7
15,29,64.8
15,30,64.9
15,31,65.1
15,32,65.2
15,33,65.3
15,34,65.4
15,35,65.6
15,36,65.7
15,37,65.8
15,38,65.9
15,39,66.1
15,40,66.2
15,41,66.3
15,42,66.4
15,43,66.5
15,44,66.7
15,45,66.8
15,46,66.9
15,47,67.0
15,48,67.1
15,49,67.3
15,50,67.4
15,51,67.5
15,52,67.6
15,53,67.7
15,54,67.8
15,55,68.0
15,56,68.1
15,57,68.2
15,58,68.3
15,59,68.4
15,60,68.5
15,61,68.6
15,62,68.7
15,63,68.8
15,64,68.9
15,65,69.0
15,66,69.1
15,67,74.2
15,68,74.3
15,69,74.4
15,70,74.5
15,71,74.6
15,72,69.7
15,73,69.8
15,74,69.9
15,75,70.0
15,76,70.1
15,77,70.2
15,78,70.3
15,79,70.4
15,80,70.5
15,81,70.6
15,82,70.7
15,83,70.8
15,84,70.9
15,85,70.9
15,86,71.0
15,87,71.1
15,88,71.2
15,89,71.3
15,90,71.4
15,91,71.5
15,92,71.5
15,93,71.6
15,94,71.7
15,95,71.8
15,96,71.9
15,97,71.9
15,98,72.0
15,99,72.1
16,0,62.3
16,1,62.3
16,2,62.3
16,3,62.3
16,4,62.4
16,5,62.4
16,6,62.4
16,7,62.5
16,8,62.5
16,9,62.6
16,10,62.7
16,11,67.7
16,12,67.8
16,13,67.9
16,14,63.0
16,15,63.1
16,16,63.2
16,17,63.3
16,18,63.4
16,19,63.5
16,20,63.6
16,21,63.7
16,22,63.8
16,23,63.9
16,24,64.1
16,25,64.2
16,26,64.3
16,27,64.4
16,28,64.5
16,29,64.7
16,30,64.8
16,31,64.9
16,32,65.1
16,33,65.2
16,34,65.3
16,35,65.4
16,36,65.6
16,37,65.7
16,38,65.8
16,39,65.9
16,40,66.1
16,41,66.2
16,42,66.3
16,43,66.4
16,44,66.6
16,45,66.7
16,46,66.8
16,47,66.9
16,48,67.1
16,49,67.2
16,50,67.3
16,51,67.4
16,52,67.5
16,53,67.7
16,54,67.8
16,55,67.9
16,56,68.0
16,57,68.1
16,58,68.2
16,59,68.3
16,60,68.4
16,61,68.6
16,62,68.7
16,63,68.8
16,64,68.9
16,65,74.0
16,66,74.1
16,67,74.2
16,68,74.3
16,69,74.4
16,70,69.5
16,71,69.6
16,72,69.7
16,73,69.8
16,74,69.9
16,75,70.0
16,76,70.1
16,77,70.2
16,78,70.3
16,79,70.4
16,80,70.5
16,81,70.5
16,82,70.6
16,83,70.7
16,84,70.8
16,85,70.9
16,86,71.0
16,87,71.1
16,88,71.2
16,89,71.2
16,90,71.3
16,91,71.4
16,92,71.5
16,93,71.6
16,94,71.7
16,95,71.7
16,96,71.8
16,97,71.9
16,98,72.0
16,99,72.1
17,0,62.0
17,1,62.0
17,2,62.1
17,3,62.1
17,4,62.1
17,5,62.1
17,6,62.2
17,7,62.2
17,8,62.3
17,9,62.4
17,10,62.4
17,11,67.5
17,12,67.6
17,13,62.7
17,14,62.8
17,15,62.9
17,16,63.0
17,17,63.1
17,18,63.2
17,19,63.3
17,20,63.4
17,21,63.5
17,22,63.6
17,23,63.8
17,24,63.9
17,25,64.0
17,26,64.1
17,27,64.3
17,28,64.4
17,29,64.5
17,30,64.7
17,31,64.8
17,32,64.9
17,33,65.1
17,34,65.2
17,35,65.3
17,36,65.4
17,37,65.6
17,38,65.7
17,39,65.8
17,40,66.0
17,41,66.1
17,42,66.2
17,43,66.4
17,44,66.5
17,45,66.6
17,46,66.7
17,47,66.9
17,48,67.0
17,49,67.1
17,50,67.2
17,51,67.3
17,52,67.5
17,53,67.6
17,54,67.7
17,55,67.8
17,56,67.9
17,57,68.0
17,58,68.2
17,59,68.3
17,60,68.4
17,61,68.5
17,62,68.6
17,63,73.7
17,64,73.8
17,65,73.9
17,66,74.0
17,67,74.1
17,68,69.2
17,69,69.3
17,70,69.4
17,71,69.5
17,72,69.6
17,73,69.7
17,74,69.8
17,75,69.9
17,76,70.0
17,77,70.1
17,78,70.2
17,79,70.3
17,80,70.4
17,81,70.5
17,82,70.6
17,83,70.7
17,84,70.8
17,85,70.9
17,86,71.0
17,87,71.0
17,88,71.1
17,89,71.2
17,90,71.3
17,91,71.4
17,92,71.5
17,93,71.6
17,94,71.6
17,95,71.7
17,96,71.8
17,97,71.9
17,98,72.0
17,99,72.0
18,0,61.8
18,1,61.8
18,2,61.8
18,3,61.8
18,4,61.8
18,5,61.9
18,6,61.9
18,7,62.0
18,8,62.0
18,9,62.1
18,10,67.2
18,11,67.3
18,12,67.3
18,13,62.4
18,14,62.5
18,15,62.6
18,16,62.7
18,17,62.9
18,18,63.0
18,19,63.1
18,20,63.2
18,21,63.3
18,22,63.5
18,23,63.6
18,24,63.7
18,25,63.8
18,26,64.0
18,27,64.1
18,28,64.2
18,29,64.4
18,30,64.5
18,31,64.6
18,32,64.8
18,33,64.9
18,34,65.1
18,35,65.2
18,36,65.3
18,37,65.5
18,38,65.6
18,39,65.7
18,40,65.9
18,41,66.0
18,42,66.1
18,43,66.3
18,44,66.4
18,45,66.5
18,46,66.6
18,47,66.8
18,48,66.9
18,49,67.0
18,50,67.1
18,51,67.3
18,52,67.4
18,53,67.5
18,54,67.6
18,55,67.7
18,56,67.9
18,57,68.0
18,58,68.1
18,59,68.2
18,60,68.3
18,61,73.4
18,62,73.5
18,63,73.7
18,64,73.8
18,65,73.9
18,66,69.0
18,67,69.1
18,68,69.2
18,69,69.3
18,70,69.4
18,71,69.5
18,72,69.6
18,73,69.7
18,74,69.8
18,75,69.9
18,76,70.0
18,77,70.1
18,78,70.2
18,79,70.3
18,80,70.4
18,81,70.5
18,82,70.6
18,83,70.7
18,84,70.7
18,85,70.8
18,86,70.9
18,87,71.0
18,88,71.1
18,89,71.2
18,90,71.3
18,91,71.4
18,92,71.4
18,93,71.5
18,94,71.6
18,95,71.7
18,96,71.8
18,97,71.9
18,98,71.9
18,99,72.0
19,0,61.5
19,1,61.5
19,2,61.5
19,3,61.5
19,4,61.6
19,5,61.6
19,6,61.7
19,7,61.7
19,8,61.8
19,9,61.8
19,10,66.9
19,11,67.0
19,12,62.1
19,13,62.2
19,14,62.3
19,15,62.4
19,16,62.5
19,17,62.6
19,18,62.8
19,19,62.9
19,20,63.0
19,21,63.1
19,22,63.3
19,23,63.4
19,24,63.5
19,25,63.7
19,26,63.8
19,27,63.9
19,28,64.1
19,29,64.2
19,30,64.4
19,31,64.5
19,32,64.6
19,33,64.8
19,34,64.9
19,35,65.1
19,36,65.2
19,37,65.3
19,38,65.5
19,39,65.6
19,40,65.8
19,41,65.9
19,42,66.0
19,43,66.2
19,44,66.3
19,45,66.4
19,46,66.6
19,47,66.7
19,48,66.8
19,49,66.9
19,50,67.1
19,51,67.2
19,52,67.3
19,53,67.4
19,54,67.6
19,55,67.7
19,56,67.8
19,57,67.9
19,58,68.0
19,59,68.1
19,60,73.3
19,61,73.4
19,62,73.5
19,63,73.6
19,64,68.7
19,65,68.8
19,66,68.9
19,67,69.0
19,68,69.1
19,69,69.2
19,70,69.3
19,71,69.5
19,72,69.6
19,73,69.7
19,74,69.8
19,75,69.9
19,76,70.0
19,77,70.1
19,78,70.1
19,79,70.2
19,80,70.3
19,81,70.4
19,82,70.5
19,83,70.6
19,84,70.7
19,85,70.8
19,86,70.9
19,87,71.0
19,88,71.1
19,89,71.2
19,90,71.2
19,91,71.3
19,92,71.4
19,93,71.5
19,94,71.6
19,95,71.7
19,96,71.7
19,97,71.8
19,98,71.9
19,99,77.0
20,0,61.2
20,1,61.2
20,2,61.2
20,3,61.3
20,4,61.3
20,5,61.3
20,6,61.4
20,7,61.4
20,8,61.5
20,9,61.6
20,10,66.7
20,11,66.8
20,12,61.9
20,13,62.0
20,14,62.1
20,15,62.2
20,16,62.3
20,17,62.4
20,18,62.5
20,19,62.7
20,20,62.8
20,21,62.9
20,22,63.1
20,23,63.2
20,24,63.4
20,25,63.5
20,26,63.6
20,27,63.8
20,28,63.9
20,29,64.1
20,30,64.2
20,31,64.4
20,32,64.5
20,33,64.7
20,34,64.8
20,35,64.9
20,36,65.1
20,37,65.2
20,38,65.4
20,39,65.5
20,40,65.6
20,41,65.8
20,42,65.9
20,43,66.1
20,44,66.2
20,45,66.3
20,46,66.5
20,47,66.6
20,48,66.7
20,49,66.9
20,50,67.0
20,51,67.1
20,52,67.2
20,53,67.4
20,54,67.5
20,55,67.6
20,56,67.7
20,57,67.8
20,58,68.0
20,59,73.1
20,60,73.2
20,61,73.3
20,62,68.4
20,63,68.5
20,64,68.7
20,65,68.8
20,66,68.9
20,67,69.0
20,68,69.1
20,69,69.2
20,70,69.3
20,71,69.4
20,72,69.5
20,73,69.6
20,74,69.7
20,75,69.8
20,76,69.9
20,77,70.0
20,78,70.1
20,79,70.2
20,80,70.3
20,81,70.4
20,82,70.5
20,83,70.6
20,84,70.7
20,85,70.8
20,86,70.9
20,87,70.9
20,88,71.0
20,89,71.1
20,90,71.2
20,91,71.3
20,92,71.4
20,93,71.5
20,94,71.6
20,95,71.6
20,96,76.7
20,97,76.8
20,98,76.9
20,99,77.0
21,0,60.9
21,1,60.9
21,2,60.9
21,3,61.0
21,4,61.0
21,5,61.0
21,6,61.1
21,7,61.2
21,8,61.2
21,9,66.3
21,10,66.4
21,11,66.5
21,12,61.6
21,13,61.7
21,14,61.8
21,15,61.9
21,16,62.1
21,17,62.2
21,18,62.3
21,19,62.5
21,20,62.6
21,21,62.7
21,22,62.9
21,23,63.0
21,24,63.2
21,25,63.3
21,26,63.5
21,27,63.6
21,28,63.8
21,29,63.9
21,30,64.1
21,31,64.2
21,32,64.4
21,33,64.5
21,34,64.7
21,35,64.8
21,36,65.0
21,37,65.1
21,38,65.3
21,39,65.4
21,40,65.5
21,41,65.7
21,42,65.8
21,43,66.0
21,44,66.1
21,45,66.2
21,46,66.4
21,47,66.5
21,48,66.6
21,49,66.8
21,50,66.9
21,51,67.0
21,52,67.2
21,53,67.3
21,54,67.4
21,55,67.5
21,56,67.7
21,57,67.8
21,58,67.9
21,59,68.0
21,60,68.1
21,61,68.3
21,62,68.4
21,63,68.5
21,64,68.6
21,65,68.7
21,66,68.8
21,67,68.9
21,68,69.0
21,69,69.2
21,70,69.3
21,71,69.4
21,72,69.5
21,73,69.6
21,74,69.7
21,75,69.8
21,76,69.9
21,77,70.0
21,78,70.1
21,79,70.2
21,80,70.3
21,81,70.4
21,82,70.5
21,83,70.6
21,84,70.6
21,85,70.7
21,86,70.8
21,87,70.9
21,88,71.0
21,89,71.1
21,90,71.2
21,91,71.3
21,92,71.4
21,93,76.4
21,94,76.5
21,95,76.6
21,96,76.7
21,97,76.8
21,98,76.9
21,99,76.9
22,0,60.6
22,1,60.6
22,2,60.6
22,3,60.7
22,4,60.7
22,5,60.7
22,6,60.8
22,7,60.9
22,8,61.0
22,9,61.0
22,10,66.1
22,11,61.2
22,12,61.3
22,13,61.5
22,14,61.6
22,15,61.7
22,16,61.8
22,17,62.0
22,18,62.1
22,19,62.3
22,20,62.4
22,21,62.6
22,22,62.7
22,23,62.9
22,24,63.0
22,25,63.2
22,26,63.3
22,27,63.5
22,28,63.6
22,29,63.8
22,30,63.9
22,31,64.1
22,32,64.2
22,33,64.4
22,34,64.5
22,35,64.7
22,36,64.9
22,37,65.0
22,38,65.1
22,39,65.3
22,40,65.4
22,41,65.6
22,42,65.7
22,43,65.9
22,44,66.0
22,45,66.2
22,46,66.3
22,47,66.4
22,48,66.6
22,49,66.7
22,50,66.8
22,51,67.0
22,52,67.1
22,53,67.2
22,54,67.4
22,55,67.5
22,56,67.6
22,57,67.7
22,58,67.8
22,59,68.0
22,60,68.1
22,61,68.2
22,62,68.3
22,63,68.4
22,64,68.6
22,65,68.7
22,66,68.8
22,67,68.9
22,68,69.0
22,69,69.1
22,70,69.2
22,71,69.3
22,72,69.4
22,73,69.5
22,74,69.6
22,75,69.7
22,76,69.8
22,77,69.9
22,78,70.0
22,79,70.1
22,80,70.2
22,81,70.3
22,82,70.4
22,83,70.5
22,84,70.6
22,85,70.7
22,86,70.8
22,87,70.9
22,88,71.0
22,89,76.1
22,90,76.2
22,91,76.2
22,92,76.3
22,93,76.4
22,94,76.5
22,95,76.6
22,96,76.7
22,97,76.8
22,98,71.8
22,99,71.9
23,0,60.3
23,1,60.3
23,2,60.3
23,3,60.4
23,4,60.4
23,5,60.4
23,6,60.5
23,7,60.6
23,8,60.7
23,9,60.8
23,10,60.9
23,11,61.0
23,12,61.1
23,13,61.2
23,14,61.3
23,15,61.5
23,16,61.6
23,17,61.7
23,18,61.9
23,19,62.0
23,20,62.2
23,21,62.4
23,22,62.5
23,23,62.7
23,24,62.8
23,25,63.0
23,26,63.1
23,27,63.3
23,28,63.5
23,29,63.6
23,30,63.8
23,31,63.9
23,32,64.1
23,33,64.3
23,34,64.4
23,35,64.6
23,36,64.7
23,37,64.9
23,38,65.0
23,39,65.2
23,40,65.3
23,41,65.5
23,42,65.6
23,43,65.8
23,44,65.9
23,45,66.1
23,46,66.2
23,47,66.4
23,48,66.5
23,49,66.6
23,50,66.8
23,51,66.9
23,52,67.0
23,53,67.2
23,54,67.3
23,55,67.4
23,56,67.5
23,57,67.7
23,58,67.8
23,59,67.9
23,60,68.0
23,61,68.2
23,62,68.3
23,63,68.4
23,64,68.5
23,65,68.6
23,66,68.7
23,67,68.8
23,68,69.0
23,69,69.1
23,70,69.2
23,71,69.3
23,72,69.4
23,73,69.5
23,74,69.6
23,75,69.7
23,76,69.8
23,77,69.9
23,78,70.0
23,79,70.1
23,80,70.2
23,81,70.3
23,82,70.4
23,83,70.5
23,84,70.6
23,85,70.7
23,86,75.8
23,87,75.9
23,88,76.0
23,89,76.0
23,90,76.1
23,91,76.2
23,92,76.3
23,93,76.4
23,94,71.5
23,95,71.6
23,96,71.6
23,97,71.7
23,98,71.8
23,99,71.9
24,0,60.0
24,1,60.0
24,2,60.0
24,3,60.0
24,4,60.1
24,5,60.1
24,6,60.2
24,7,60.3
24,8,60.4
24,9,60.5
24,10,60.6
24,11,60.7
24,12,60.8
24,13,60.9
24,14,61.1
24,15,61.2
24,16,61.4
24,17,61.5
24,18,61.7
24,19,61.8
24,20,62.0
24,21,62.2
24,22,62.3
24,23,62.5
24,24,62.6
24,25,62.8
24,26,63.0
24,27,63.1
24,28,63.3
24,29,63.5
24,30,63.6
24,31,63.8
24,32,64.0
24,33,64.1
24,34,64.3
24,35,64.5
24,36,64.6
24,37,64.8
24,38,64.9
24,39,65.1
24,40,65.2
24,41,65.4
24,42,65.5
24,43,65.7
24,44,65.8
24,45,66.0
24,46,66.1
24,47,66.3
24,48,66.4
24,49,66.6
24,50,66.7
24,51,66.8
24,52,67.0
24,53,67.1
24,54,67.2
24,55,67.4
24,56,67.5
24,57,67.6
24,58,67.7
24,59,67.9
24,60,68.0
24,61,68.1
24,62,68.2
24,63,68.3
24,64,68.5
24,65,68.6
24,66,68.7
24,67,68.8
24,68,68.9
24,69,69.0
24,70,69.1
24,71,69.2
24,72,69.3
24,73,69.5
24,74,69.6
24,75,69.7
24,76,69.8
24,77,69.9
24,78,70.0
24,79,70.1
24,80,70.2
24,81,70.3
24,82,70.4
24,83,75.5
24,84,75.6
24,85,75.6
24,86,75.7
24,87,75.8
24,88,75.9
24,89,76.0
24,90,76.1
24,91,71.2
24,92,71.3
24,93,71.4
24,94,71.5
24,95,71.5
24,96,71.6
24,97,71.7
24,98,71.8
24,99,71.9
25,0,59.6
25,1,59.6
25,2,59.7
25,3,59.7
25,4,59.7
25,5,59.8
25,6,59.9
25,7,60.0
25,8,60.1
25,9,60.2
25,10,60.3
25,11,60.4
25,12,60.5
25,13,60.7
25,14,60.8
25,15,61.0
25,16,61.1
25,17,61.3
25,18,61.4
25,19,61.6
25,20,61.8
25,21,61.9
25,22,62.1
25,23,62.3
25,24,62.5
25,25,62.6
25,26,62.8
25,27,63.0
25,28,63.2
25,29,63.3
25,30,63.5
25,31,63.7
25,32,63.8
25,33,64.0
25,34,64.2
25,35,64.3
25,36,64.5
25,37,64.7
25,38,64.8
25,39,65.0
25,40,65.1
25,41,65.3
25,42,65.5
25,43,65.6
25,44,65.8
25,45,65.9
25,46,66.0
25,47,66.2
25,48,66.3
25,49,66.5
25,50,66.6
25,51,66.8
25,52,66.9
25,53,67.0
25,54,67.2
25,55,67.3
25,56,67.4
25,57,67.6
25,58,67.7
25,59,67.8
25,60,67.9
25,61,68.1
25,62,68.2
25,63,68.3
25,64,68.4
25,65,68.5
25,66,68.6
25,67,68.8
25,68,68.9
25,69,69.0
25,70,69.1
25,71,69.2
25,72,69.3
25,73,69.4
25,74,69.5
25,75,69.6
25,76,69.7
25,77,69.8
25,78,69.9
25,79,70.0
25,80,75.1
25,81,75.2
25,82,75.3
25,83,75.4
25,84,75.5
25,85,75.6
25,86,75.7
25,87,70.8
25,88,70.9
25,89,71.0
25,90,71.1
25,91,71.2
25,92,71.3
25,93,71.3
25,94,71.4
25,95,71.5
25,96,71.6
25,97,71.7
25,98,71.8
25,99,71.9
26,0,59.3
26,1,59.3
26,2,59.3
26,3,59.3
26,4,59.4
26,5,59.5
26,6,59.5
26,7,59.6
26,8,59.7
26,9,59.8
26,10,60.0
26,11,60.1
26,12,60.2
26,13,60.4
26,14,60.5
26,15,60.7
26,16,60.9
26,17,61.0
26,18,61.2
26,19,61.4
26,20,61.6
26,21,61.7
26,22,61.9
26,23,62.1
26,24,62.3
26,25,62.5
26,26,62.6
26,27,62.8
26,28,63.0
26,29,63.2
26,30,63.4
26,31,63.5
26,32,63.7
26,33,63.9
26,34,64.1
26,35,64.2
26,36,64.4
26,37,64.6
26,38,64.7
26,39,64.9
26,40,65.0
26,41,65.2
26,42,65.4
26,43,65.5
26,44,65.7
26,45,65.8
26,46,66.0
26,47,66.1
26,48,66.3
26,49,66.4
26,50,66.6
26,51,66.7
26,52,66.8
26,53,67.0
26,54,67.1
26,55,67.2
26,56,67.4
26,57,67.5
26,58,67.6
26,59,67.8
26,60,67.9
26,61,68.0
26,62,68.1
26,63,68.2
26,64,68.4
26,65,68.5
26,66,68.6
26,67,68.7
26,68,68.8
26,69,68.9
26,70,69.1
26,71,69.2
26,72,69.3
26,73,69.4
26,74,69.5
26,75,69.6
26,76,69.7
26,77,69.8
26,78,69.9
26,79,75.0
26,80,75.1
26,81,75.2
26,82,75.3
26,83,75.4
26,84,70.5
26,85,70.6
26,86,70.7
26,87,70.8
26,88,70.9
26,89,71.0
26,90,71.1
26,91,71.1
26,92,71.2
26,93,71.3
26,94,71.4
26,95,71.5
26,96,71.6
26,97,71.7
26,98,71.7
26,99,71.8
27,0,58.9
27,1,58.9
27,2,58.9
27,3,59.0
27,4,59.0
27,5,59.1
27,6,59.2
27,7,59.3
27,8,59.4
27,9,59.5
27,10,59.7
27,11,59.8
27,12,60.0
27,13,60.1
27,14,60.3
27,15,60.4
27,16,60.6
27,17,60.8
27,18,61.0
27,19,61.2
27,20,61.4
27,21,61.5
27,22,61.7
27,23,61.9
27,24,62.1
27,25,62.3
27,26,62.5
27,27,62.7
27,28,62.9
27,29,63.0
27,30,63.2
27,31,63.4
27,32,63.6
27,33,63.8
27,34,63.9
27,35,64.1
27,36,64.3
27,37,64.5
27,38,64.6
27,39,64.8
27,40,65.0
27,41,65.1
27,42,65.3
27,43,65.4
27,44,65.6
27,45,65.7
27,46,65.9
27,47,66.0
27,48,66.2
27,49,66.3
27,50,66.5
27,51,66.6
27,52,66.8
27,53,66.9
27,54,67.0
27,55,67.2
27,56,67.3
27,57,67.4
27,58,67.6
27,59,67.7
27,60,67.8
27,61,68.0
27,62,68.1
27,63,68.2
27,64,68.3
27,65,68.4
27,66,68.6
27,67,68.7
27,68,68.8
27,69,68.9
27,70,69.0
27,71,69.1
27,72,69.2
27,73,69.3
27,74,69.5
27,75,69.6
27,76,69.7
27,77,69.8
27,78,69.9
27,79,75.0
27,80,70.1
27,81,70.2
27,82,70.3
27,83,70.4
27,84,70.5
27,85,70.6
27,86,70.7
27,87,70.8
27,88,70.8
27,89,70.9
27,90,71.0
27,91,71.1
27,92,71.2
27,93,71.3
27,94,71.4
27,95,71.5
27,96,71.6
27,97,71.6
27,98,71.7
27,99,71.8
28,0,58.5
28,1,58.5
28,2,58.6
28,3,58.6
28,4,58.7
28,5,58.7
28,6,58.8
28,7,58.9
28,8,59.1
28,9,59.2
28,10,59.3
28,11,59.5
28,12,59.6
28,13,59.8
28,14,60.0
28,15,60.2
28,16,60.4
28,17,60.6
28,18,60.7
28,19,60.9
28,20,61.1
28,21,61.3
28,22,61.5
28,23,61.7
28,24,61.9
28,25,62.1
28,26,62.3
28,27,62.5
28,28,62.7
28,29,62.9
28,30,63.1
28,31,63.3
28,32,63.5
28,33,63.6
28,34,63.8
28,35,64.0
28,36,64.2
28,37,64.3
28,38,64.5
28,39,64.7
28,40,64.9
28,41,65.0
28,42,65.2
28,43,65.3
28,44,65.5
28,45,65.7
28,46,65.8
28,47,66.0
28,48,66.1
28,49,66.3
28,50,66.4
28,51,66.6
28,52,66.7
28,53,66.8
28,54,67.0
28,55,67.1
28,56,67.3
28,57,67.4
28,58,67.5
28,59,67.7
28,60,67.8
28,61,67.9
28,62,68.0
28,63,68.2
28,64,68.3
28,65,68.4
28,66,68.5
28,67,68.6
28,68,68.8
28,69,68.9
28,70,69.0
28,71,69.1
28,72,69.2
28,73,69.3
28,74,69.4
28,75,69.5
28,76,69.6
28,77,69.7
28,78,69.8
28,79,69.9
28,80,70.0
28,81,70.1
28,82,70.2
28,83,70.3
28,84,70.4
28,85,70.5
28,86,70.6
28,87,70.7
28,88,70.8
28,89,70.9
28,90,71.0
28,91,71.1
28,92,71.2
28,93,71.3
28,94,71.4
28,95,71.5
28,96,71.5
28,97,71.6
28,98,71.7
28,99,71.8
29,0,58.1
29,1,58.1
29,2,58.2
29,3,58.2
29,4,58.3
29,5,58.4
29,6,58.5
29,7,58.6
29,8,58.7
29,9,58.8
29,10,59.0
29,11,59.2
29,12,59.3
29,13,59.5
29,14,59.7
29,15,59.9
29,16,60.1
29,17,60.3
29,18,60.5
29,19,60.7
29,20,60.9
29,21,61.1
29,22,61.3
29,23,61.5
29,24,61.7
29,25,61.9
29,26,62.2
29,27,62.4
29,28,62.6
29,29,62.7
29,30,62.9
29,31,63.1
29,32,63.3
29,33,63.5
29,34,63.7
29,35,63.9
29,36,64.1
29,37,64.2
29,38,64.4
29,39,64.6
29,40,64.8
29,41,64.9
29,42,65.1
29,43,65.3
29,44,65.4
29,45,65.6
29,46,65.7
29,47,65.9
29,48,66.1
29,49,66.2
29,50,66.4
29,51,66.5
29,52,66.6
29,53,66.8
29,54,66.9
29,55,67.1
29,56,67.2
29,57,67.3
29,58,67.5
29,59,67.6
29,60,67.7
29,61,67.9
29,62,68.0
29,63,68.1
29,64,68.2
29,65,68.4
29,66,68.5
29,67,68.6
29,68,68.7
29,69,68.8
29,70,68.9
29,71,69.1
29,72,69.2
29,73,69.3
29,74,69.4
29,75,69.5
29,76,69.6
29,77,69.7
29,78,69.8
29,79,69.9
29,80,70.0
29,81,70.1
29,82,70.2
29,83,70.3
29,84,70.4
29,85,70.5
29,86,70.6
29,87,70.7
29,88,70.8
29,89,70.9
29,90,71.0
29,91,71.1
29,92,71.2
29,93,71.3
29,94,71.3
29,95,71.4
29,96,71.5
29,97,71.6
29,98,71.7
29,99,71.8
30,0,57.7
30,1,57.7
30,2,57.7
30,3,57.8
30,4,57.9
30,5,58.0
30,6,58.1
30,7,58.2
30,8,58.3
30,9,58.5
30,10,58.7
30,11,58.8
30,12,59.0
30,13,59.2
30,14,59.4
30,15,59.6
30,16,59.8
30,17,60.1
30,18,60.3
30,19,60.5
30,20,60.7
30,21,60.9
30,22,61.1
30,23,61.4
30,24,61.6
30,25,61.8
30,26,62.0
30,27,62.2
30,28,62.4
30,29,62.6
30,30,62.8
30,31,63.0
30,32,63.2
30,33,63.4
30,34,63.6
30,35,63.8
30,36,64.0
30,37,64.1
30,38,64.3
30,39,64.5
30,40,64.7
30,41,64.9
30,42,65.0
30,43,65.2
30,44,65.4
30,45,65.5
30,46,65.7
30,47,65.8
30,48,66.0
30,49,66.1
30,50,66.3
30,51,66.4
30,52,66.6
30,53,66.7
30,54,66.9
30,55,67.0
30,56,67.2
30,57,67.3
30,58,67.4
30,59,67.6
30,60,67.7
30,61,67.8
30,62,67.9
30,63,68.1
30,64,68.2
30,65,68.3
30,66,68.4
30,67,68.6
30,68,68.7
30,69,68.8
30,70,68.9
30,71,69.0
30,72,69.1
30,73,69.3
30,74,69.4
30,75,69.5
30,76,69.6
30,77,69.7
30,78,69.8
30,79,69.9
30,80,70.0
30,81,70.1
30,82,70.2
30,83,70.3
30,84,70.4
30,85,70.5
30,86,70.6
30,87,70.7
30,88,70.8
30,89,70.9
30,90,71.0
30,91,71.1
30,92,71.1
30,93,71.2
30,94,71.3
30,95,71.4
30,96,71.5
30,97,71.6
30,98,71.7
30,99,71.8
31,0,57.2
31,1,57.3
31,2,57.3
31,3,57.4
31,4,57.4
31,5,57.5
31,6,57.7
31,7,57.8
31,8,58.0
31,9,58.1
31,10,58.3
31,11,58.5
31,12,58.7
31,13,58.9
31,14,59.1
31,15,59.3
31,16,59.6
31,17,59.8
31,18,60.0
31,19,60.3
31,20,60.5
31,21,60.7
31,22,60.9
31,23,61.2
31,24,61.4
31,25,61.6
31,26,61.8
31,27,62.0
31,28,62.3
31,29,62.5
31,30,62.7
31,31,62.9
31,32,63.1
31,33,63.3
31,34,63.5
31,35,63.7
31,36,63.9
31,37,64.1
31,38,64.2
31,39,64.4
31,40,64.6
31,41,64.8
31,42,64.9
31,43,65.1
31,44,65.3
31,45,65.4
31,46,65.6
31,47,65.8
31,48,65.9
31,49,66.1
31,50,66.2
31,51,66.4
31,52,66.5
31,53,66.7
31,54,66.8
31,55,67.0
31,56,67.1
31,57,67.2
31,58,67.4
31,59,67.5
31,60,67.6
31,61,67.8
31,62,67.9
31,63,68.0
31,64,68.2
31,65,68.3
31,66,68.4
31,67,68.5
31,68,68.6
31,69,68.8
31,70,68.9
31,71,69.0
31,72,69.1
31,73,69.2
31,74,69.3
31,75,69.4
31,76,69.5
31,77,69.7
31,78,69.8
31,79,69.9
31,80,70.0
31,81,70.1
31,82,70.2
31,83,70.3
31,84,70.4
31,85,70.5
31,86,70.6
31,87,70.7
31,88,70.8
31,89,70.9
31,90,70.9
31,91,71.0
31,92,71.1
31,93,71.2
31,94,71.3
31,95,71.4
31,96,71.5
31,97,71.6
31,98,71.7
31,99,71.7
32,0,56.8
32,1,56.8
32,2,56.8
32,3,56.9
32,4,57.0
32,5,57.1
32,6,57.2
32,7,57.4
32,8,57.6
32,9,57.7
32,10,57.9
32,11,58.2
32,12,58.4
32,13,58.6
32,14,58.8
32,15,59.1
32,16,59.3
32,17,59.5
32,18,59.8
32,19,60.0
32,20,60.3
32,21,60.5
32,22,60.7
32,23,61.0
32,24,61.2
32,25,61.4
32,26,61.7
32,27,61.9
32,28,62.1
32,29,62.3
32,30,62.5
32,31,62.8
32,32,63.0
32,33,63.2
32,34,63.4
32,35,63.6
32,36,63.8
32,37,64.0
32,38,64.1
32,39,64.3
32,40,64.5
32,41,64.7
32,42,64.9
32,43,65.0
32,44,65.2
32,45,65.4
32,46,65.5
32,47,65.7
32,48,65.9
32,49,66.0
32,50,66.2
32,51,66.3
32,52,66.5
32,53,66.6
32,54,66.8
32,55,66.9
32,56,67.1
32,57,67.2
32,58,67.3
32,59,67.5
32,60,67.6
32,61,67.7
32,62,67.9
32,63,68.0
32,64,68.1
32,65,68.2
32,66,68.4
32,67,68.5
32,68,68.6
32,69,68.7
32,70,68.9
32,71,69.0
32,72,69.1
32,73,69.2
32,74,69.3
32,75,69.4
32,76,69.5
32,77,69.6
32,78,69.7
32,79,69.8
32,80,69.9
32,81,70.0
32,82,70.2
32,83,70.3
32,84,70.4
32,85,70.4
32,86,70.5
32,87,70.6
32,88,70.7
32,89,70.8
32,90,70.9
32,91,71.0
32,92,71.1
32,93,71.2
32,94,71.3
32,95,71.4
32,96,71.5
32,97,71.6
32,98,71.6
32,99,71.7
33,0,56.3
33,1,56.3
33,2,56.3
33,3,56.4
33,4,56.5
33,5,56.6
33,6,56.8
33,7,57.0
33,8,57.1
33,9,57.4
33,10,57.6
33,11,57.8
33,12,58.0
33,13,58.3
33,14,58.5
33,15,58.8
33,16,59.0
33,17,59.3
33,18,59.5
33,19,59.8
33,20,60.1
33,21,60.3
33,22,60.6
33,23,60.8
33,24,61.0
33,25,61.3
33,26,61.5
33,27,61.7
33,28,62.0
33,29,62.2
33,30,62.4
33,31,62.6
33,32,62.9
33,33,63.1
33,34,63.3
33,35,63.5
33,36,63.7
33,37,63.9
33,38,64.1
33,39,64.2
33,40,64.4
33,41,64.6
33,42,64.8
33,43,65.0
33,44,65.1
33,45,65.3
33,46,65.5
33,47,65.6
33,48,65.8
33,49,66.0
33,50,66.1
33,51,66.3
33,52,66.4
33,53,66.6
33,54,66.7
33,55,66.9
33,56,67.0
33,57,67.2
33,58,67.3
33,59,67.4
33,60,67.6
33,61,67.7
33,62,67.8
33,63,68.0
33,64,68.1
33,65,68.2
33,66,68.3
33,67,68.5
33,68,68.6
33,69,68.7
33,70,68.8
33,71,68.9
33,72,69.1
33,73,69.2
33,74,69.3
33,75,69.4
33,76,69.5
33,77,69.6
33,78,69.7
33,79,69.8
33,80,69.9
33,81,70.0
33,82,70.1
33,83,70.2
33,84,70.3
33,85,70.4
33,86,70.5
33,87,70.6
33,88,70.7
33,89,70.8
33,90,70.9
33,91,71.0
33,92,71.1
33,93,71.2
33,94,71.3
33,95,71.4
33,96,71.4
33,97,71.5
33,98,71.6
33,99,71.7
34,0,55.8
34,1,55.8
34,2,55.8
34,3,55.9
34,4,56.0
34,5,56.2
34,6,56.3
34,7,56.5
34,8,56.7
34,9,56.9
34,10,57.2
34,11,57.4
34,12,57.7
34,13,58.0
34,14,58.2
34,15,58.5
34,16,58.8
34,17,59.0
34,18,59.3
34,19,59.6
34,20,59.8
34,21,60.1
34,22,60.4
34,23,60.6
34,24,60.9
34,25,61.1
34,26,61.4
34,27,61.6
34,28,61.8
34,29,62.1
34,30,62.3
34,31,62.5
34,32,62.7
34,33,63.0
34,34,63.2
34,35,63.4
34,36,63.6
34,37,63.8
34,38,64.0
34,39,64.2
34,40,64.4
34,41,64.5
34,42,64.7
34,43,64.9
34,44,65.1
34,45,65.3
34,46,65.4
34,47,65.6
34,48,65.8
34,49,65.9
34,50,66.1
34,51,66.2
34,52,66.4
34,53,66.5
34,54,66.7
34,55,66.8
34,56,67.0
34,57,67.1
34,58,67.3
34,59,67.4
34,60,67.5
34,61,67.7
34,62,67.8
34,63,67.9
34,64,68.1
34,65,68.2
34,66,68.3
34,67,68.4
34,68,68.6
34,69,68.7
34,70,68.8
34,71,68.9
34,72,69.0
34,73,69.1
34,74,69.3
34,75,69.4
34,76,69.5
34,77,69.6
34,78,69.7
34,79,69.8
34,80,69.9
34,81,70.0
34,82,70.1
34,83,70.2
34,84,70.3
34,85,70.4
34,86,70.5
34,87,70.6
34,88,70.7
34,89,70.8
34,90,70.9
34,91,71.0
34,92,71.1
34,93,71.2
34,94,71.3
34,95,71.3
34,96,71.4
34,97,71.5
34,98,71.6
34,99,71.7
35,0,55.2
35,1,55.2
35,2,55.3
35,3,55.4
35,4,55.5
35,5,55.6
35,6,55.8
35,7,56.0
35,8,56.3
35,9,56.5
35,10,56.8
35,11,57.1
35,12,57.3
35,13,57.6
35,14,57.9
35,15,58.2
35,16,58.5
35,17,58.8
35,18,59.1
35,19,59.3
35,20,59.6
35,21,59.9
35,22,60.2
35,23,60.4
35,24,60.7
35,25,61.0
35,26,61.2
35,27,61.5
35,28,61.7
35,29,61.9
35,30,62.2
35,31,62.4
35,32,62.6
35,33,62.9
35,34,63.1
35,35,63.3
35,36,63.5
35,37,63.7
35,38,63.9
35,39,64.1
35,40,64.3
35,41,64.5
35,42,64.7
35,43,64.8
35,44,65.0
35,45,65.2
35,46,65.4
35,47,65.5
35,48,65.7
35,49,65.9
35,50,66.0
35,51,66.2
35,52,66.3
35,53,66.5
35,54,66.6
35,55,66.8
35,56,66.9
35,57,67.1
35,58,67.2
35,59,67.4
35,60,67.5
35,61,67.6
35,62,67.8
35,63,67.9
35,64,68.0
35,65,68.2
35,66,68.3
35,67,68.4
35,68,68.5
35,69,68.6
35,70,68.8
35,71,68.9
35,72,69.0
35,73,69.1
35,74,69.2
35,75,69.3
35,76,69.5
35,77,69.6
35,78,69.7
35,79,69.8
35,80,69.9
35,81,70.0
35,82,70.1
35,83,70.2
35,84,70.3
35,85,70.4
35,86,70.5
35,87,70.6
35,88,70.7
35,89,70.8
35,90,70.9
35,91,71.0
35,92,71.1
35,93,71.2
35,94,71.2
35,95,71.3
35,96,71.4
35,97,71.5
35,98,71.6
35,99,71.7
36,0,54.6
36,1,54.6
36,2,54.7
36,3,54.8
36,4,54.9
36,5,55.1
36,6,55.3
36,7,55.6
36,8,55.8
36,9,56.1
36,10,56.4
36,11,56.7
36,12,57.0
36,13,57.3
36,14,57.6
36,15,57.9
36,16,58.2
36,17,58.5
36,18,58.8
36,19,59.1
36,20,59.4
36,21,59.7
36,22,60.0
36,23,60.3
36,24,60.5
36,25,60.8
36,26,61.1
36,27,61.3
36,28,61.6
36,29,61.8
36,30,62.1
36,31,62.3
36,32,62.5
36,33,62.8
36,34,63.0
36,35,63.2
36,36,63.4
36,37,63.6
36,38,63.8
36,39,64.0
36,40,64.2
36,41,64.4
36,42,64.6
36,43,64.8
36,44,65.0
36,45,65.1
36,46,65.3
36,47,65.5
36,48,65.6
36,49,65.8
36,50,66.0
36,51,66.1
36,52,66.3
36,53,66.4
36,54,66.6
36,55,66.8
36,56,66.9
36,57,67.0
36,58,67.2
36,59,67.3
36,60,67.5
36,61,67.6
36,62,67.7
36,63,67.9
36,64,68.0
36,65,68.1
36,66,68.3
36,67,68.4
36,68,68.5
36,69,68.6
36,70,68.7
36,71,68.9
36,72,69.0
36,73,69.1
36,74,69.2
36,75,69.3
36,76,69.4
36,77,69.5
36,78,69.6
36,79,69.8
36,80,69.9
36,81,70.0
36,82,70.1
36,83,70.2
36,84,70.3
36,85,70.4
36,86,70.5
36,87,70.6
36,88,70.7
36,89,70.8
36,90,70.9
36,91,71.0
36,92,71.0
36,93,71.1
36,94,71.2
36,95,71.3
36,96,71.4
36,97,71.5
36,98,71.6
36,99,71.7
37,0,53.9
37,1,54.0
37,2,54.1
37,3,54.2
37,4,54.3
37,5,54.5
37,6,54.8
37,7,55.1
37,8,55.3
37,9,55.6
37,10,56.0
37,11,56.3
37,12,56.6
37,13,57.0
37,14,57.3
37,15,57.6
37,16,58.0
37,17,58.3
37,18,58.6
37,19,58.9
37,20,59.2
37,21,59.5
37,22,59.8
37,23,60.1
37,24,60.4
37,25,60.7
37,26,60.9
37,27,61.2
37,28,61.5
37,29,61.7
37,30,62.0
37,31,62.2
37,32,62.4
37,33,62.7
37,34,62.9
37,35,63.1
37,36,63.3
37,37,63.5
37,38,63.7
37,39,63.9
37,40,64.1
37,41,64.3
37,42,64.5
37,43,64.7
37,44,64.9
37,45,65.1
37,46,65.3
37,47,65.4
37,48,65.6
37,49,65.8
37,50,65.9
37,51,66.1
37,52,66.3
37,53,66.4
37,54,66.6
37,55,66.7
37,56,66.9
37,57,67.0
37,58,67.2
37,59,67.3
37,60,67.4
37,61,67.6
37,62,67.7
37,63,67.8
37,64,68.0
37,65,68.1
37,66,68.2
37,67,68.4
37,68,68.5
37,69,68.6
37,70,68.7
37,71,68.8
37,72,69.0
37,73,69.1
37,74,69.2
37,75,69.3
37,76,69.4
37,77,69.5
37,78,69.6
37,79,69.7
37,80,69.8
37,81,70.0
37,82,70.1
37,83,70.2
37,84,70.3
37,85,70.4
37,86,70.5
37,87,70.6
37,88,70.7
37,89,70.7
37,90,70.8
37,91,70.9
37,92,71.0
37,93,71.1
37,94,71.2
37,95,71.3
37,96,71.4
37,97,71.5
37,98,71.6
37,99,71.7
38,0,53.3
38,1,53.3
38,2,53.4
38,3,53.5
38,4,53.7
38,5,53.9
38,6,54.2
38,7,54.5
38,8,54.9
38,9,55.2
38,10,55.5
38,11,55.9
38,12,56.3
38,13,56.6
38,14,57.0
38,15,57.3
38,16,57.7
38,17,58.0
38,18,58.4
38,19,58.7
38,20,59.0
38,21,59.3
38,22,59.6
38,23,60.0
38,24,60.2
38,25,60.5
38,26,60.8
38,27,61.1
38,28,61.3
38,29,61.6
38,30,61.9
38,31,62.1
38,32,62.3
38,33,62.6
38,34,62.8
38,35,63.0
38,36,63.3
38,37,63.5
38,38,63.7
38,39,63.9
38,40,64.1
38,41,64.3
38,42,64.5
38,43,64.7
38,44,64.9
38,45,65.0
38,46,65.2
38,47,65.4
38,48,65.6
38,49,65.7
38,50,65.9
38,51,66.1
38,52,66.2
38,53,66.4
38,54,66.5
38,55,66.7
38,56,66.8
38,57,67.0
38,58,67.1
38,59,67.3
38,60,67.4
38,61,67.5
38,62,67.7
38,63,67.8
38,64,67.9
38,65,68.1
38,66,68.2
38,67,68.3
38,68,68.5
38,69,68.6
38,70,68.7
38,71,68.8
38,72,68.9
38,73,69.1
38,74,69.2
38,75,69.3
38,76,69.4
38,77,69.5
38,78,69.6
38,79,69.7
38,80,69.8
38,81,69.9
38,82,70.0
38,83,70.1
38,84,70.2
38,85,70.3
38,86,70.4
38,87,70.5
38,88,70.6
38,89,70.7
38,90,70.8
38,91,70.9
38,92,71.0
38,93,71.1
38,94,71.2
38,95,71.3
38,96,71.4
38,97,71.5
38,98,71.6
38,99,71.6
39,0,52.5
39,1,52.5
39,2,52.6
39,3,52.8
39,4,53.0
39,5,53.3
39,6,53.6
39,7,54.0
39,8,54.3
39,9,54.7
39,10,55.1
39,11,55.5
39,12,55.9
39,13,56.3
39,14,56.7
39,15,57.1
39,16,57.4
39,17,57.8
39,18,58.2
39,19,58.5
39,20,58.8
39,21,59.2
39,22,59.5
39,23,59.8
39,24,60.1
39,25,60.4
39,26,60.7
39,27,61.0
39,28,61.2
39,29,61.5
39,30,61.8
39,31,62.0
39,32,62.3
39,33,62.5
39,34,62.7
39,35,63.0
39,36,63.2
39,37,63.4
39,38,63.6
39,39,63.8
39,40,64.0
39,41,64.2
39,42,64.4
39,43,64.6
39,44,64.8
39,45,65.0
39,46,65.2
39,47,65.3
39,48,65.5
39,49,65.7
39,50,65.9
39,51,66.0
39,52,66.2
39,53,66.3
39,54,66.5
39,55,66.6
39,56,66.8
39,57,66.9
39,58,67.1
39,59,67.2
39,60,67.4
39,61,67.5
39,62,67.7
39,63,67.8
39,64,67.9
39,65,68.1
39,66,68.2
39,67,68.3
39,68,68.4
39,69,68.6
39,70,68.7
39,71,68.8
39,72,68.9
39,73,69.0
39,74,69.1
39,75,69.3
39,76,69.4
39,77,69.5
39,78,69.6
39,79,69.7
39,80,69.8
39,81,69.9
39,82,70.0
39,83,70.1
39,84,70.2
39,85,70.3
39,86,70.4
39,87,70.5
39,88,70.6
39,89,70.7
39,90,70.8
39,91,70.9
39,92,71.0
39,93,71.1
39,94,71.2
39,95,71.3
39,96,71.4
39,97,71.5
39,98,71.5
39,99,71.6
40,0,51.7
40,1,51.7
40,2,51.8
40,3,52.0
40,4,52.3
40,5,52.6
40,6,53.0
40,7,53.4
40,8,53.8
40,9,54.2
40,10,54.7
40,11,55.1
40,12,55.5
40,13,56.0
40,14,56.4
40,15,56.8
40,16,57.2
40,17,57.6
40,18,57.9
40,19,58.3
40,20,58.7
40,21,59.0
40,22,59.3
40,23,59.7
40,24,60.0
40,25,60.3
40,26,60.6
40,27,60.9
40,28,61.1
40,29,61.4
40,30,61.7
40,31,61.9
40,32,62.2
40,33,62.4
40,34,62.7
40,35,62.9
40,36,63.1
40,37,63.3
40,38,63.6
40,39,63.8
40,40,64.0
40,41,64.2
40,42,64.4
40,43,64.6
40,44,64.8
40,45,64.9
40,46,65.1
40,47,65.3
40,48,65.5
40,49,65.7
40,50,65.8
40,51,66.0
40,52,66.1
40,53,66.3
40,54,66.5
40,55,66.6
40,56,66.8
40,57,66.9
40,58,67.1
40,59,67.2
40,60,67.4
40,61,67.5
40,62,67.6
40,63,67.8
40,64,67.9
40,65,68.0
40,66,68.2
40,67,68.3
40,68,68.4
40,69,68.5
40,70,68.7
40,71,68.8
40,72,68.9
40,73,69.0
40,74,69.1
40,75,69.2
40,76,69.4
40,77,69.5
40,78,69.6
40,79,69.7
40,80,69.8
40,81,69.9
40,82,70.0
40,83,70.1
40,84,70.2
40,85,70.3
40,86,70.4
40,87,70.5
40,88,70.6
40,89,70.7
40,90,70.8
40,91,70.9
40,92,71.0
40,93,71.1
40,94,71.2
40,95,71.3
40,96,71.4
40,97,71.5
40,98,71.5
40,99,71.6
41,0,50.8
41,1,50.8
41,2,51.0
41,3,51.2
41,4,51.5
41,5,51.9
41,6,52.4
41,7,52.8
41,8,53.3
41,9,53.8
41,10,54.2
41,11,54.7
41,12,55.2
41,13,55.6
41,14,56.1
41,15,56.5
41,16,56.9
41,17,57.4
41,18,57.7
41,19,58.1
41,20,58.5
41,21,58.8
41,22,59.2
41,23,59.5
41,24,59.8
41,25,60.2
41,26,60.5
41,27,60.8
41,28,61.0
41,29,61.3
41,30,61.6
41,31,61.8
41,32,62.1
41,33,62.4
41,34,62.6
41,35,62.8
41,36,63.1
41,37,63.3
41,38,63.5
41,39,63.7
41,40,63.9
41,41,64.1
41,42,64.3
41,43,64.5
41,44,64.7
41,45,64.9
41,46,65.1
41,47,65.3
41,48,65.4
41,49,65.6
41,50,65.8
41,51,66.0
41,52,66.1
41,53,66.3
41,54,66.4
41,55,66.6
41,56,66.7
41,57,66.9
41,58,67.0
41,59,67.2
41,60,67.3
41,61,67.5
41,62,67.6
41,63,67.7
41,64,67.9
41,65,68.0
41,66,68.1
41,67,68.3
41,68,68.4
41,69,68.5
41,70,68.6
41,71,68.8
41,72,68.9
41,73,69.0
41,74,69.1
41,75,69.2
41,76,69.3
41,77,69.5
41,78,69.6
41,79,69.7
41,80,69.8
41,81,69.9
41,82,70.0
41,83,70.1
41,84,70.2
41,85,70.3
41,86,70.4
41,87,70.5
41,88,70.6
41,89,70.7
41,90,85.8
41,91,85.9
41,92,86.0
41,93,86.1
41,94,86.2
41,95,86.3
41,96,86.4
41,97,86.4
41,98,86.5
41,99,86.6
42,0,49.7
42,1,49.8
42,2,50.0
42,3,50.3
42,4,50.7
42,5,51.2
42,6,51.7
42,7,52.2
42,8,52.7
42,9,53.3
42,10,53.8
42,11,54.3
42,12,54.9
42,13,55.3
42,14,55.8
42,15,56.3
42,16,56.7
42,17,57.1
42,18,57.6
42,19,58.0
42,20,58.3
42,21,58.7
42,22,59.1
42,23,59.4
42,24,59.7
42,25,60.1
42,26,60.4
42,27,60.7
42,28,61.0
42,29,61.2
42,30,61.5
42,31,61.8
42,32,62.0
42,33,62.3
42,34,62.5
42,35,62.8
42,36,63.0
42,37,63.2
42,38,63.5
42,39,63.7
42,40,63.9
42,41,64.1
42,42,64.3
42,43,64.5
42,44,64.7
42,45,64.9
42,46,65.1
42,47,65.2
42,48,65.4
42,49,65.6
42,50,65.8
42,51,65.9
42,52,66.1
42,53,66.3
42,54,66.4
42,55,66.6
42,56,66.7
42,57,66.9
42,58,67.0
42,59,67.2
42,60,67.3
42,61,67.5
42,62,67.6
42,63,67.7
42,64,67.9
42,65,68.0
42,66,68.1
42,67,68.3
42,68,68.4
42,69,68.5
42,70,68.6
42,71,68.8
42,72,68.9
42,73,69.0
42,74,69.1
42,75,69.2
42,76,69.3
42,77,69.4
42,78,69.6
42,79,69.7
42,80,84.8
42,81,84.9
42,82,85.0
42,83,85.1
42,84,85.2
42,85,85.3
42,86,85.4
42,87,85.5
42,88,85.6
42,89,85.7
42,90,85.8
42,91,85.9
42,92,86.0
42,93,86.1
42,94,86.2
42,95,86.3
42,96,86.3
42,97,86.4
42,98,86.5
42,99,86.6
43,0,48.6
43,1,48.7
43,2,48.9
43,3,49.3
43,4,49.8
43,5,50.4
43,6,51.0
43,7,51.6
43,8,52.2
43,9,52.8
43,10,53.4
43,11,54.0
43,12,54.5
43,13,55.1
43,14,55.6
43,15,56.0
43,16,56.5
43,17,57.0
43,18,57.4
43,19,57.8
43,20,58.2
43,21,58.6
43,22,58.9
43,23,59.3
43,24,59.6
43,25,60.0
43,26,60.3
43,27,60.6
43,28,60.9
43,29,61.2
43,30,61.4
43,31,61.7
43,32,62.0
43,33,62.2
43,34,62.5
43,35,62.7
43,36,63.0
43,37,63.2
43,38,63.4
43,39,63.6
43,40,63.8
43,41,64.1
43,42,64.3
43,43,64.5
43,44,64.6
43,45,64.8
43,46,65.0
43,47,65.2
43,48,65.4
43,49,65.6
43,50,65.7
43,51,65.9
43,52,66.1
43,53,66.2
43,54,66.4
43,55,66.5
43,56,66.7
43,57,66.9
43,58,67.0
43,59,67.1
43,60,67.3
43,61,67.4
43,62,67.6
43,63,67.7
43,64,67.8
43,65,68.0
43,66,68.1
43,67,68.2
43,68,68.4
43,69,68.5
43,70,83.6
43,71,83.7
43,72,83.9
43,73,84.0
43,74,84.1
43,75,84.2
43,76,84.3
43,77,84.4
43,78,84.5
43,79,84.7
43,80,84.8
43,81,84.9
43,82,85.0
43,83,85.1
43,84,85.2
43,85,85.3
43,86,85.4
43,87,85.5
43,88,85.6
43,89,85.7
43,90,85.8
43,91,85.9
43,92,86.0
43,93,86.1
43,94,86.2
43,95,86.2
43,96,86.3
43,97,86.4
43,98,86.5
43,99,86.6
44,0,47.2
44,1,47.4
44,2,47.7
44,3,48.2
44,4,48.8
44,5,49.5
44,6,50.2
44,7,51.0
44,8,51.7
44,9,52.4
44,10,53.0
44,11,53.6
44,12,54.2
44,13,54.8
44,14,55.3
44,15,55.8
44,16,56.3
44,17,56.8
44,18,57.2
44,19,57.7
44,20,58.1
44,21,58.5
44,22,58.8
44,23,59.2
44,24,59.5
44,25,59.9
44,26,60.2
44,27,60.5
44,28,60.8
44,29,61.1
44,30,61.4
44,31,61.7
44,32,61.9
44,33,62.2
44,34,62.4
44,35,62.7
44,36,62.9
44,37,63.1
44,38,63.4
44,39,63.6
44,40,63.8
44,41,64.0
44,42,64.2
44,43,64.4
44,44,64.6
44,45,64.8
44,46,65.0
44,47,65.2
44,48,65.4
44,49,65.5
44,50,65.7
44,51,65.9
44,52,66.0
44,53,66.2
44,54,66.4
44,55,66.5
44,56,66.7
44,57,66.8
44,58,67.0
44,59,67.1
44,60,82.3
44,61,82.4
44,62,82.6
44,63,82.7
44,64,82.8
44,65,83.0
44,66,83.1
44,67,83.2
44,68,83.4
44,69,83.5
44,70,83.6
44,71,83.7
44,72,83.8
44,73,84.0
44,74,84.1
44,75,84.2
44,76,84.3
44,77,84.4
44,78,84.5
44,79,84.6
44,80,84.8
44,81,84.9
44,82,85.0
44,83,85.1
44,84,85.2
44,85,85.3
44,86,85.4
44,87,85.5
44,88,85.6
44,89,85.7
44,90,85.8
44,91,85.9
44,92,86.0
44,93,86.1
44,94,86.2
44,95,86.2
44,96,86.3
44,97,86.4
44,98,86.5
44,99,86.6
45,0,45.6
45,1,45.8
45,2,46.3
45,3,47.0
45,4,47.8
45,5,48.7
45,6,49.5
45,7,50.4
45,8,51.2
45,9,51.9
45,10,52.6
45,11,53.3
45,12,53.9
45,13,54.5
45,14,55.1
45,15,55.6
45,16,56.2
45,17,56.6
45,18,57.1
45,19,57.5
45,20,58.0
45,21,58.4
45,22,58.7
45,23,59.1
45,24,59.5
45,25,59.8
45,26,60.1
45,27,60.4
45,28,60.7
45,29,61.0
45,30,61.3
45,31,61.6
45,32,61.9
45,33,62.1
45,34,62.4
45,35,62.6
45,36,62.9
45,37,63.1
45,38,63.3
45,39,63.6
45,40,63.8
45,41,64.0
45,42,64.2
45,43,64.4
45,44,64.6
45,45,64.8
45,46,65.0
45,47,65.2
45,48,65.3
45,49,65.5
45,50,80.7
45,51,80.9
45,52,81.0
45,53,81.2
45,54,81.4
45,55,81.5
45,56,81.7
45,57,81.8
45,58,82.0
45,59,82.1
45,60,82.3
45,61,82.4
45,62,82.5
45,63,82.7
45,64,82.8
45,65,83.0
45,66,83.1
45,67,83.2
45,68,83.3
45,69,83.5
45,70,83.6
45,71,83.7
45,72,83.8
45,73,84.0
45,74,84.1
45,75,84.2
45,76,84.3
45,77,84.4
45,78,84.5
45,79,84.6
45,80,84.7
45,81,84.9
45,82,85.0
45,83,85.1
45,84,85.2
45,85,85.3
45,86,85.4
45,87,85.5
45,88,85.6
45,89,85.7
45,90,85.8
45,91,85.9
45,92,86.0
45,93,86.1
45,94,86.1
45,95,86.2
45,96,86.3
45,97,86.4
45,98,86.5
45,99,86.6
46,0,43.7
46,1,44.0
46,2,44.7
46,3,45.6
46,4,46.7
46,5,47.8
46,6,48.8
46,7,49.8
46,8,50.7
46,9,51.5
46,10,52.3
46,11,53.0
46,12,53.7
46,13,54.3
46,14,54.9
46,15,55.5
46,16,56.0
46,17,56.5
46,18,57.0
46,19,57.4
46,20,57.9
46,21,58.3
46,22,58.7
46,23,59.0
46,24,59.4
46,25,59.7
46,26,60.1
46,27,60.4
46,28,60.7
46,29,61.0
46,30,61.3
46,31,61.6
46,32,61.8
46,33,62.1
46,34,62.4
46,35,62.6
46,36,62.8
46,37,63.1
46,38,63.3
46,39,63.5
46,40,78.8
46,41,79.0
46,42,79.2
46,43,79.4
46,44,79.6
46,45,79.8
46,46,80.0
46,47,80.1
46,48,80.3
46,49,80.5
46,50,80.7
46,51,80.8
46,52,81.0
46,53,81.2
46,54,81.3
46,55,81.5
46,56,81.7
46,57,81.8
46,58,82.0
46,59,82.1
46,60,82.3
46,61,82.4
46,62,82.5
46,63,82.7
46,64,82.8
46,65,82.9
46,66,83.1
46,67,83.2
46,68,83.3
46,69,83.5
46,70,83.6
46,71,83.7
46,72,83.8
46,73,83.9
46,74,84.1
46,75,84.2
46,76,84.3
46,77,84.4
46,78,84.5
46,79,84.6
46,80,84.7
46,81,84.9
46,82,85.0
46,83,85.1
46,84,85.2
46,85,85.3
46,86,85.4
46,87,85.5
46,88,85.6
46,89,85.7
46,90,85.8
46,91,85.9
46,92,86.0
46,93,86.0
46,94,86.1
46,95,86.2
46,96,86.3
46,97,86.4
46,98,86.5
46,99,86.6
47,0,41.2
47,1,41.7
47,2,42.8
47,3,44.2
47,4,45.6
47,5,47.0
47,6,48.2
47,7,49.3
47,8,50.3
47,9,51.2
47,10,52.0
47,11,52.8
47,12,53.5
47,13,54.2
47,14,54.8
47,15,55.4
47,16,55.9
47,17,56.4
47,18,56.9
47,19,57.4
47,20,57.8
47,21,58.2
47,22,58.6
47,23,59.0
47,24,59.3
47,25,59.7
47,26,60.0
47,27,60.4
47,28,60.7
47,29,61.0
47,30,76.3
47,31,76.5
47,32,76.8
47,33,77.1
47,34,77.3
47,35,77.6
47,36,77.8
47,37,78.1
47,38,78.3
47,39,78.5
47,40,78.7
47,41,78.9
47,42,79.2
47,43,79.4
47,44,79.6
47,45,79.8
47,46,79.9
47,47,80.1
47,48,80.3
47,49,80.5
47,50,80.7
47,51,80.8
47,52,81.0
47,53,81.2
47,54,81.3
47,55,81.5
47,56,81.6
47,57,81.8
47,58,82.0
47,59,82.1
47,60,82.2
47,61,82.4
47,62,82.5
47,63,82.7
47,64,82.8
47,65,82.9
47,66,83.1
47,67,83.2
47,68,83.3
47,69,83.5
47,70,83.6
47,71,83.7
47,72,83.8
47,73,83.9
47,74,84.1
47,75,84.2
47,76,84.3
47,77,84.4
47,78,84.5
47,79,84.6
47,80,84.7
47,81,84.8
47,82,85.0
47,83,85.1
47,84,85.2
47,85,85.3
47,86,85.4
47,87,85.5
47,88,85.6
47,89,85.7
47,90,85.8
47,91,85.9
47,92,86.0
47,93,86.0
47,94,86.1
47,95,86.2
47,96,86.3
47,97,86.4
47,98,86.5
47,99,86.6
48,0,37.7
48,1,38.7
48,2,40.7
48,3,42.8
48,4,44.7
48,5,46.3
48,6,47.7
48,7,48.9
48,8,50.0
48,9,51.0
48,10,51.8
48,11,52.6
48,12,53.4
48,13,54.1
48,14,54.7
48,15,55.3
48,16,55.8
48,17,56.3
48,18,56.8
48,19,57.3
48,20,72.7
48,21,73.2
48,22,73.6
48,23,73.9
48,24,74.3
48,25,74.7
48,26,75.0
48,27,75.3
48,28,75.6
48,29,75.9
48,30,76.2
48,31,76.5
48,32,76.8
48,33,77.1
48,34,77.3
48,35,77.6
48,36,77.8
48,37,78.0
48,38,78.3
48,39,78.5
48,40,78.7
48,41,78.9
48,42,79.1
48,43,79.3
48,44,79.5
48,45,79.7
48,46,79.9
48,47,80.1
48,48,80.3
48,49,80.5
48,50,80.7
48,51,80.8
48,52,81.0
48,53,81.2
48,54,81.3
48,55,81.5
48,56,81.6
48,57,81.8
48,58,81.9
48,59,82.1
48,60,82.2
48,61,82.4
48,62,82.5
48,63,82.7
48,64,82.8
48,65,82.9
48,66,83.1
48,67,83.2
48,68,83.3
48,69,83.5
48,70,83.6
48,71,83.7
48,72,83.8
48,73,83.9
48,74,84.1
48,75,84.2
48,76,84.3
48,77,84.4
48,78,84.5
48,79,84.6
48,80,84.7
48,81,84.8
48,82,84.9
48,83,85.1
48,84,85.2
48,85,85.3
48,86,85.4
48,87,85.5
48,88,85.6
48,89,85.7
48,90,85.8
48,91,85.9
48,92,85.9
48,93,86.0
48,94,86.1
48,95,86.2
48,96,86.3
48,97,86.4
48,98,86.5
48,99,86.6
49,0,31.7
49,1,34.7
49,2,38.7
49,3,41.7
49,4,44.0
49,5,45.8
49,6,47.4
49,7,48.7
49,8,49.8
49,9,50.8
49,10,66.7
49,11,67.5
49,12,68.3
49,13,69.0
49,14,69.6
49,15,70.2
49,16,70.8
49,17,71.3
49,18,71.8
49,19,72.3
49,20,72.7
49,21,73.1
49,22,73.5
49,23,73.9
49,24,74.3
49,25,74.6
49,26,75.0
49,27,75.3
49,28,75.6
49,29,75.9
49,30,76.2
49,31,76.5
49,32,76.8
49,33,77.0
49,34,77.3
49,35,77.6
49,36,77.8
49,37,78.0
49,38,78.3
49,39,78.5
49,40,78.7
49,41,78.9
49,42,79.1
49,43,79.3
49,44,79.5
49,45,79.7
49,46,79.9
49,47,80.1
49,48,80.3
49,49,80.5
49,50,80.7
49,51,80.8
49,52,81.0
49,53,81.2
49,54,81.3
49,55,81.5
49,56,81.6
49,57,81.8
49,58,81.9
49,59,82.1
49,60,82.2
49,61,82.4
49,62,82.5
49,63,82.7
49,64,82.8
49,65,82.9
49,66,83.1
49,67,83.2
49,68,83.3
49,69,83.4
49,70,83.6
49,71,83.7
49,72,83.8
49,73,83.9
49,74,84.1
49,75,84.2
49,76,84.3
49,77,84.4
49,78,84.5
49,79,84.6
49,80,84.7
49,81,84.8
49,82,84.9
49,83,85.1
49,84,85.2
49,85,85.3
49,86,85.4
49,87,85.5
49,88,85.6
49,89,85.7
49,90,85.8
49,91,85.9
49,92,85.9
49,93,86.0
49,94,86.1
49,95,86.2
49,96,86.3
49,97,86.4
49,98,86.5
49,99,86.6
50,1,31.7
50,2,37.7
50,3,41.2
50,4,43.7
50,5,45.6
50,6,47.2
50,7,48.6
50,8,49.7
50,9,50.8
50,10,66.7
50,11,67.5
50,12,68.3
50,13,68.9
50,14,69.6
50,15,70.2
50,16,70.8
50,17,71.3
50,18,71.8
50,19,72.2
50,20,72.7
50,21,73.1
50,22,73.5
50,23,73.9
50,24,74.3
50,25,74.6
50,26,75.0
50,27,75.3
50,28,75.6
50,29,75.9
50,30,76.2
50,31,76.5
50,32,76.8
50,33,77.0
50,34,77.3
50,35,77.6
50,36,77.8
50,37,78.0
50,38,78.3
50,39,78.5
50,40,78.7
50,41,78.9
50,42,79.1
50,43,79.3
50,44,79.5
50,45,79.7
50,46,79.9
50,47,80.1
50,48,80.3
50,49,80.5
50,50,80.6
50,51,80.8
50,52,81.0
50,53,81.2
50,54,81.3
50,55,81.5
50,56,81.6
50,57,81.8
50,58,81.9
50,59,82.1
50,60,82.2
50,61,82.4
50,62,82.5
50,63,82.7
50,64,82.8
50,65,82.9
50,66,83.1
50,67,83.2
50,68,83.3
50,69,83.4
50,70,83.6
50,71,83.7
50,72,83.8
50,73,83.9
50,74,84.1
50,75,84.2
50,76,84.3
50,77,84.4
50,78,84.5
50,79,84.6
50,80,84.7
50,81,84.8
50,82,84.9
50,83,85.1
50,84,85.2
50,85,85.3
50,86,85.4
50,87,85.5
50,88,85.6
50,89,85.7
50,90,85.8
50,91,85.9
50,92,85.9
50,93,86.0
50,94,86.1
50,95,86.2
50,96,86.3
50,97,86.4
50,98,86.5
50,99,86.6
51,0,31.7
51,1,34.7
51,2,38.7
51,3,41.7
51,4,44.0
51,5,45.8
51,6,47.4
51,7,48.7
51,8,49.8
51,9,50.8
51,10,66.7
51,11,67.5
51,12,68.3
51,13,69.0
51,14,69.6
51,15,70.2
51,16,70.8
51,17,71.3
51,18,71.8
51,19,72.3
51,20,72.7
51,21,73.1
51,22,73.5
51,23,73.9
51,24,74.3
51,25,74.6
51,26,75.0
51,27,75.3
51,28,75.6
51,29,75.9
51,30,76.2
51,31,76.5
51,32,76.8
51,33,77.0
51,34,77.3
51,35,77.6
51,36,77.8
51,37,78.0
51,38,78.3
51,39,78.5
51,40,78.7
51,41,78.9
51,42,79.1
51,43,79.3
51,44,79.5
51,45,79.7
51,46,79.9
51,47,80.1
51,48,80.3
51,49,80.5
51,50,80.7
51,51,80.8
51,52,81.0
51,53,81.2
51,54,81.3
51,55,81.5
51,56,81.6
51,57,81.8
51,58,81.9
51,59,82.1
51,60,82.2
51,61,82.4
51,62,82.5
51,63,82.7
51,64,82.8
51,65,82.9
51,66,83.1
51,67,83.2
51,68,83.3
51,69,83.4
51,70,83.6
51,71,83.7
51,72,83.8
51,73,83.9
51,74,84.1
51,75,84.2
51,76,84.3
51,77,84.4
51,78,84.5
51,79,84.6
51,80,84.7
51,81,84.8
51,82,84.9
51,83,85.1
51,84,85.2
51,85,85.3
51,86,85.4
51,87,85.5
51,88,85.6
51,89,85.7
51,90,85.8
51,91,85.9
51,92,85.9
51,93,86.0
51,94,86.1
51,95,86.2
51,96,86.3
51,97,86.4
51,98,86.5
51,99,86.6
52,0,37.7
52,1,38.7
52,2,40.7
52,3,42.8
52,4,44.7
52,5,46.3
52,6,47.7
52,7,48.9
52,8,50.0
52,9,51.0
52,10,51.8
52,11,52.6
52,12,53.4
52,13,54.1
52,14,54.7
52,15,55.3
52,16,55.8
52,17,56.3
52,18,56.8
52,19,57.3
52,20,72.7
52,21,73.2
52,22,73.6
52,23,73.9
52,24,74.3
52,25,74.7
52,26,75.0
52,27,75.3
52,28,75.6
52,29,75.9
52,30,76.2
52,31,76.5
52,32,76.8
52,33,77.1
52,34,77.3
52,35,77.6
52,36,77.8
52,37,78.0
52,38,78.3
52,39,78.5
52,40,78.7
52,41,78.9
52,42,79.1
52,43,79.3
52,44,79.5
52,45,79.7
52,46,79.9
52,47,80.1
52,48,80.3
52,49,80.5
52,50,80.7
52,51,80.8
52,52,81.0
52,53,81.2
52,54,81.3
52,55,81.5
52,56,81.6
52,57,81.8
52,58,81.9
52,59,82.1
52,60,82.2
52,61,82.4
52,62,82.5
52,63,82.7
52,64,82.8
52,65,82.9
52,66,83.1
52,67,83.2
52,68,83.3
52,69,83.5
52,70,83.6
52,71,83.7
52,72,83.8
52,73,83.9
52,74,84.1
52,75,84.2
52,76,84.3
52,77,84.4
52,78,84.5
52,79,84.6
52,80,84.7
52,81,84.8
52,82,84.9
52,83,85.1
52,84,85.2
52,85,85.3
52,86,85.4
52,87,85.5
52,88,85.6
52,89,85.7
52,90,85.8
52,91,85.9
52,92,85.9
52,93,86.0
52,94,86.1
52,95,86.2
52,96,86.3
52,97,86.4
52,98,86.5
52,99,86.6
53,0,41.2
53,1,41.7
53,2,42.8
53,3,44.2
53,4,45.6
53,5,47.0
53,6,48.2
53,7,49.3
53,8,50.3
53,9,51.2
53,10,52.0
53,11,52.8
53,12,53.5
53,13,54.2
53,14,54.8
53,15,55.4
53,16,55.9
53,17,56.4
53,18,56.9
53,19,57.4
53,20,57.8
53,21,58.2
53,22,58.6
53,23,59.0
53,24,59.3
53,25,59.7
53,26,60.0
53,27,60.4
53,28,60.7
53,29,61.0
53,30,76.3
53,31,76.5
53,32,76.8
53,33,77.1
53,34,77.3
53,35,77.6
53,36,77.8
53,37,78.1
53,38,78.3
53,39,78.5
53,40,78.7
53,41,78.9
53,42,79.2
53,43,79.4
53,44,79.6
53,45,79.8
53,46,79.9
53,47,80.1
53,48,80.3
53,49,80.5
53,50,80.7
53,51,80.8
53,52,81.0
53,53,81.2
53,54,81.3
53,55,81.5
53,56,81.6
53,57,81.8
53,58,82.0
53,59,82.1
53,60,82.2
53,61,82.4
53,62,82.5
53,63,82.7
53,64,82.8
53,65,82.9
53,66,83.1
53,67,83.2
53,68,83.3
53,69,83.5
53,70,83.6
53,71,83.7
53,72,83.8
53,73,83.9
53,74,84.1
53,75,84.2
53,76,84.3
53,77,84.4
53,78,84.5
53,79,84.6
53,80,84.7
53,81,84.8
53,82,85.0
53,83,85.1
53,84,85.2
53,85,85.3
53,86,85.4
53,87,85.5
53,88,85.6
53,89,85.7
53,90,85.8
53,91,85.9
53,92,86.0
53,93,86.0
53,94,86.1
53,95,86.2
53,96,86.3
53,97,86.4
53,98,86.5
53,99,86.6
54,0,43.7
54,1,44.0
54,2,44.7
54,3,45.6
54,4,46.7
54,5,47.8
54,6,48.8
54,7,49.8
54,8,50.7
54,9,51.5
54,10,52.3
54,11,53.0
54,12,53.7
54,13,54.3
54,14,54.9
54,15,55.5
54,16,56.0
54,17,56.5
54,18,57.0
54,19,57.4
54,20,57.9
54,21,58.3
54,22,58.7
54,23,59.0
54,24,59.4
54,25,59.7
54,26,60.1
54,27,60.4
54,28,60.7
54,29,61.0
54,30,61.3
54,31,61.6
54,32,61.8
54,33,62.1
54,34,62.4
54,35,62.6
54,36,62.8
54,37,63.1
54,38,63.3
54,39,63.5
54,40,78.8
54,41,79.0
54,42,79.2
54,43,79.4
54,44,79.6
54,45,79.8
54,46,80.0
54,47,80.1
54,48,80.3
54,49,80.5
54,50,80.7
54,51,80.8
54,52,81.0
54,53,81.2
54,54,81.3
54,55,81.5
54,56,81.7
54,57,81.8
54,58,82.0
54,59,82.1
54,60,82.3
54,61,82.4
54,62,82.5
54,63,82.7
54,64,82.8
54,65,82.9
54,66,83.1
54,67,83.2
54,68,83.3
54,69,83.5
54,70,83.6
54,71,83.7
54,72,83.8
54,73,83.9
54,74,84.1
54,75,84.2
54,76,84.3
54,77,84.4
54,78,84.5
54,79,84.6
54,80,84.7
54,81,84.9
54,82,85.0
54,83,85.1
54,84,85.2
54,85,85.3
54,86,85.4
54,87,85.5
54,88,85.6
54,89,85.7
54,90,85.8
54,91,85.9
54,92,86.0
54,93,86.0
54,94,86.1
54,95,86.2
54,96,86.3
54,97,86.4
54,98,86.5
54,99,86.6
55,0,45.6
55,1,45.8
55,2,46.3
55,3,47.0
55,4,47.8
55,5,48.7
55,6,49.5
55,7,50.4
55,8,51.2
55,9,51.9
55,10,52.6
55,11,53.3
55,12,53.9
55,13,54.5
55,14,55.1
55,15,55.6
55,16,56.2
55,17,56.6
55,18,57.1
55,19,57.5
55,20,58.0
55,21,58.4
55,22,58.7
55,23,59.1
55,24,59.5
55,25,59.8
55,26,60.1
55,27,60.4
55,28,60.7
55,29,61.0
55,30,61.3
55,31,61.6
55,32,61.9
55,33,62.1
55,34,62.4
55,35,62.6
55,36,62.9
55,37,63.1
55,38,63.3
55,39,63.6
55,40,63.8
55,41,64.0
55,42,64.2
55,43,64.4
55,44,64.6
55,45,64.8
55,46,65.0
55,47,65.2
55,48,65.3
55,49,65.5
55,50,80.7
55,51,80.9
55,52,81.0
55,53,81.2
55,54,81.4
55,55,81.5
55,56,81.7
55,57,81.8
55,58,82.0
55,59,82.1
55,60,82.3
55,61,82.4
55,62,82.5
55,63,82.7
55,64,82.8
55,65,83.0
55,66,83.1
55,67,83.2
55,68,83.3
55,69,83.5
55,70,83.6
55,71,83.7
55,72,83.8
55,73,84.0
55,74,84.1
55,75,84.2
55,76,84.3
55,77,84.4
55,78,84.5
55,79,84.6
55,80,84.7
55,81,84.9
55,82,85.0
55,83,85.1
55,84,85.2
55,85,85.3
55,86,85.4
55,87,85.5
55,88,85.6
55,89,85.7
55,90,85.8
55,91,85.9
55,92,86.0
55,93,86.1
55,94,86.1
55,95,86.2
55,96,86.3
55,97,86.4
55,98,86.5
55,99,86.6
56,0,47.2
56,1,47.4
56,2,47.7
56,3,48.2
56,4,48.8
56,5,49.5
56,6,50.2
56,7,51.0
56,8,51.7
56,9,52.4
56,10,53.0
56,11,53.6
56,12,54.2
56,13,54.8
56,14,55.3
56,15,55.8
56,16,56.3
56,17,56.8
56,18,57.2
56,19,57.7
56,20,58.1
56,21,58.5
56,22,58.8
56,23,59.2
56,24,59.5
56,25,59.9
56,26,60.2
56,27,60.5
56,28,60.8
56,29,61.1
56,30,61.4
56,31,61.7
56,32,61.9
56,33,62.2
56,34,62.4
56,35,62.7
56,36,62.9
56,37,63.1
56,38,63.4
56,39,63.6
56,40,63.8
56,41,64.0
56,42,64.2
56,43,64.4
56,44,64.6
56,45,64.8
56,46,65.0
56,47,65.2
56,48,65.4
56,49,65.5
56,50,65.7
56,51,65.9
56,52,66.0
56,53,66.2
56,54,66.4
56,55,66.5
56,56,66.7
56,57,66.8
56,58,67.0
56,59,67.1
56,60,82.3
56,61,82.4
56,62,82.6
56,63,82.7
56,64,82.8
56,65,83.0
56,66,83.1
56,67,83.2
56,68,83.4
56,69,83.5
56,70,83.6
56,71,83.7
56,72,83.8
56,73,84.0
56,74,84.1
56,75,84.2
56,76,84.3
56,77,84.4
56,78,84.5
56,79,84.6
56,80,84.8
56,81,84.9
56,82,85.0
56,83,85.1
56,84,85.2
56,85,85.3
56,86,85.4
56,87,85.5
56,88,85.6
56,89,85.7
56,90,85.8
56,91,85.9
56,92,86.0
56,93,86.1
56,94,86.2
56,95,86.2
56,96,86.3
56,97,86.4
56,98,86.5
56,99,86.6
57,0,48.6
57,1,48.7
57,2,48.9
57,3,49.3
57,4,49.8
57,5,50.4
57,6,51.0
57,7,51.6
57,8,52.2
57,9,52.8
57,10,53.4
57,11,54.0
57,12,54.5
57,13,55.1
57,14,55.6
57,15,56.0
57,16,56.5
57,17,57.0
57,18,57.4
57,19,57.8
57,20,58.2
57,21,58.6
57,22,58.9
57,23,59.3
57,24,59.6
57,25,60.0
57,26,60.3
57,27,60.6
57,28,60.9
57,29,61.2
57,30,61.4
57,31,61.7
57,32,62.0
57,33,62.2
57,34,62.5
57,35,62.7
57,36,63.0
57,37,63.2
57,38,63.4
57,39,63.6
57,40,63.8
57,41,64.1
57,42,64.3
57,43,64.5
57,44,64.6
57,45,64.8
57,46,65.0
57,47,65.2
57,48,65.4
57,49,65.6
57,50,65.7
57,51,65.9
57,52,66.1
57,53,66.2
57,54,66.4
57,55,66.5
57,56,66.7
57,57,66.9
57,58,67.0
57,59,67.1
57,60,67.3
57,61,67.4
57,62,67.6
57,63,67.7
57,64,67.8
57,65,68.0
57,66,68.1
57,67,68.2
57,68,68.4
57,69,68.5
57,70,83.6
57,71,83.7
57,72,83.9
57,73,84.0
57,74,84.1
57,75,84.2
57,76,84.3
57,77,84.4
57,78,84.5
57,79,84.7
57,80,84.8
57,81,84.9
57,82,85.0
57,83,85.1
57,84,85.2
57,85,85.3
57,86,85.4
57,87,85.5
57,88,85.6
57,89,85.7
57,90,85.8
57,91,85.9
57,92,86.0
57,93,86.1
57,94,86.2
57,95,86.2
57,96,86.3
57,97,86.4
57,98,86.5
57,99,86.6
58,0,49.7
58,1,49.8
58,2,50.0
58,3,50.3
58,4,50.7
58,5,51.2
58,6,51.7
58,7,52.2
58,8,52.7
58,9,53.3
58,10,53.8
58,11,54.3
58,12,54.9
58,13,55.3
58,14,55.8
58,15,56.3
58,16,56.7
58,17,57.1
58,18,57.6
58,19,58.0
58,20,58.3
58,21,58.7
58,22,59.1
58,23,59.4
58,24,59.7
58,25,60.1
58,26,60.4
58,27,60.7
58,28,61.0
58,29,61.2
58,30,61.5
58,31,61.8
58,32,62.0
58,33,62.3
58,34,62.5
58,35,62.8
58,36,63.0
58,37,63.2
58,38,63.5
58,39,63.7
58,40,63.9
58,41,64.1
58,42,64.3
58,43,64.5
58,44,64.7
58,45,64.9
58,46,65.1
58,47,65.2
58,48,65.4
58,49,65.6
58,50,65.8
58,51,65.9
58,52,66.1
58,53,66.3
58,54,66.4
58,55,66.6
58,56,66.7
58,57,66.9
58,58,67.0
58,59,67.2
58,60,67.3
58,61,67.5
58,62,67.6
58,63,67.7
58,64,67.9
58,65,68.0
58,66,68.1
58,67,68.3
58,68,68.4
58,69,68.5
58,70,68.6
58,71,68.8
58,72,68.9
58,73,69.0
58,74,69.1
58,75,69.2
58,76,69.3
58,77,69.4
58,78,69.6
58,79,69.7
58,80,84.8
58,81,84.9
58,82,85.0
58,83,85.1
58,84,85.2
58,85,85.3
58,86,85.4
58,87,85.5
58,88,85.6
58,89,85.7
58,90,85.8
58,91,85.9
58,92,86.0
58,93,86.1
58,94,86.2
58,95,86.3
58,96,86.3
58,97,86.4
58,98,86.5
58,99,86.6
59,0,50.8
59,1,50.8
59,2,51.0
59,3,51.2
59,4,51.5
59,5,51.9
59,6,52.4
59,7,52.8
59,8,53.3
59,9,53.8
59,10,54.2
59,11,54.7
59,12,55.2
59,13,55.6
59,14,56.1
59,15,56.5
59,16,56.9
59,17,57.4
59,18,57.7
59,19,58.1
59,20,58.5
59,21,58.8
59,22,59.2
59,23,59.5
59,24,59.8
59,25,60.2
59,26,60.5
59,27,60.8
59,28,61.0
59,29,61.3
59,30,61.6
59,31,61.8
59,32,62.1
59,33,62.4
59,34,62.6
59,35,62.8
59,36,63.1
59,37,63.3
59,38,63.5
59,39,63.7
59,40,63.9
59,41,64.1
59,42,64.3
59,43,64.5
59,44,64.7
59,45,64.9
59,46,65.1
59,47,65.3
59,48,65.4
59,49,65.6
59,50,65.8
59,51,66.0
59,52,66.1
59,53,66.3
59,54,66.4
59,55,66.6
59,56,66.7
59,57,66.9
59,58,67.0
59,59,67.2
59,60,67.3
59,61,67.5
59,62,67.6
59,63,67.7
59,64,67.9
59,65,68.0
59,66,68.1
59,67,68.3
59,68,68.4
59,69,68.5
59,70,68.6
59,71,68.8
59,72,68.9
59,73,69.0
59,74,69.1
59,75,69.2
59,76,69.3
59,77,69.5
59,78,69.6
59,79,69.7
59,80,69.8
59,81,69.9
59,82,70.0
59,83,70.1
59,84,70.2
59,85,70.3
59,86,70.4
59,87,70.5
59,88,70.6
59,89,70.7
59,90,85.8
59,91,85.9
59,92,86.0
59,93,86.1
59,94,86.2
59,95,86.3
59,96,86.4
59,97,86.4
59,98,86.5
59,99,86.6
60,0,51.7
60,1,51.7
60,2,51.8
60,3,52.0
60,4,52.3
60,5,52.6
60,6,53.0
60,7,53.4
60,8,53.8
60,9,54.2
60,10,54.7
60,11,55.1
60,12,55.5
60,13,56.0
60,14,56.4
60,15,56.8
60,16,57.2
60,17,57.6
60,18,57.9
60,19,58.3
60,20,58.7
60,21,59.0
60,22,59.3
60,23,59.7
60,24,60.0
60,25,60.3
60,26,60.6
60,27,60.9
60,28,61.1
60,29,61.4
60,30,61.7
60,31,61.9
60,32,62.2
60,33,62.4
60,34,62.7
60,35,62.9
60,36,63.1
60,37,63.3
60,38,63.6
60,39,63.8
60,40,64.0
60,41,64.2
60,42,64.4
60,43,64.6
60,44,64.8
60,45,64.9
60,46,65.1
60,47,65.3
60,48,65.5
60,49,65.7
60,50,65.8
60,51,66.0
60,52,66.1
60,53,66.3
60,54,66.5
60,55,66.6
60,56,66.8
60,57,66.9
60,58,67.1
60,59,67.2
60,60,67.4
60,61,67.5
60,62,67.6
60,63,67.8
60,64,67.9
60,65,68.0
60,66,68.2
60,67,68.3
60,68,68.4
60,69,68.5
60,70,68.7
60,71,68.8
60,72,68.9
60,73,69.0
60,74,69.1
60,75,69.2
60,76,69.4
60,77,69.5
60,78,69.6
60,79,69.7
60,80,69.8
60,81,69.9
60,82,70.0
60,83,70.1
60,84,70.2
60,85,70.3
60,86,70.4
60,87,70.5
60,88,70.6
60,89,70.7
60,90,70.8
60,91,70.9
60,92,71.0
60,93,71.1
60,94,71.2
60,95,71.3
60,96,71.4
60,97,71.5
60,98,71.5
60,99,71.6
61,0,52.5
61,1,52.5
61,2,52.6
61,3,52.8
61,4,53.0
61,5,53.3
61,6,53.6
61,7,54.0
61,8,54.3
61,9,54.7
61,10,55.1
61,11,55.5
61,12,55.9
61,13,56.3
61,14,56.7
61,15,57.1
61,16,57.4
61,17,57.8
61,18,58.2
61,19,58.5
61,20,58.8
61,21,59.2
61,22,59.5
61,23,59.8
61,24,60.1
61,25,60.4
61,26,60.7
61,27,61.0
61,28,61.2
61,29,61.5
61,30,61.8
61,31,62.0
61,32,62.3
61,33,62.5
61,34,62.7
61,35,63.0
61,36,63.2
61,37,63.4
61,38,63.6
61,39,63.8
61,40,64.0
61,41,64.2
61,42,64.4
61,43,64.6
61,44,64.8
61,45,65.0
61,46,65.2
61,47,65.3
61,48,65.5
61,49,65.7
61,50,65.9
61,51,66.0
61,52,66.2
61,53,66.3
61,54,66.5
61,55,66.6
61,56,66.8
61,57,66.9
61,58,67.1
61,59,67.2
61,60,67.4
61,61,67.5
61,62,67.7
61,63,67.8
61,64,67.9
61,65,68.1
61,66,68.2
61,67,68.3
61,68,68.4
61,69,68.6
61,70,68.7
61,71,68.8
61,72,68.9
61,73,69.0
61,74,69.1
61,75,69.3
61,76,69.4
61,77,69.5
61,78,69.6
61,79,69.7
61,80,69.8
61,81,69.9
61,82,70.0
61,83,70.1
61,84,70.2
61,85,70.3
61,86,70.4
61,87,70.5
61,88,70.6
61,89,70.7
61,90,70.8
61,91,70.9
61,92,71.0
61,93,71.1
61,94,71.2
61,95,71.3
61,96,71.4
61,97,71.5
61,98,71.5
61,99,71.6
62,0,53.3
62,1,53.3
62,2,53.4
62,3,53.5
62,4,53.7
62,5,53.9
62,6,54.2
62,7,54.5
62,8,54.9
62,9,55.2
62,10,55.5
62,11,55.9
62,12,56.3
62,13,56.6
62,14,57.0
62,15,57.3
62,16,57.7
62,17,58.0
62,18,58.4
62,19,58.7
62,20,59.0
62,21,59.3
62,22,59.6
62,23,60.0
62,24,60.2
62,25,60.5
62,26,60.8
62,27,61.1
62,28,61.3
62,29,61.6
62,30,61.9
62,31,62.1
62,32,62.3
62,33,62.6
62,34,62.8
62,35,63.0
62,36,63.3
62,37,63.5
62,38,63.7
62,39,63.9
62,40,64.1
62,41,64.3
62,42,64.5
62,43,64.7
62,44,64.9
62,45,65.0
62,46,65.2
62,47,65.4
62,48,65.6
62,49,65.7
62,50,65.9
62,51,66.1
62,52,66.2
62,53,66.4
62,54,66.5
62,55,66.7
62,56,66.8
62,57,67.0
62,58,67.1
62,59,67.3
62,60,67.4
62,61,67.5
62,62,67.7
62,63,67.8
62,64,67.9
62,65,68.1
62,66,68.2
62,67,68.3
62,68,68.5
62,69,68.6
62,70,68.7
62,71,68.8
62,72,68.9
62,73,69.1
62,74,69.2
62,75,69.3
62,76,69.4
62,77,69.5
62,78,69.6
62,79,69.7
62,80,69.8
62,81,69.9
62,82,70.0
62,83,70.1
62,84,70.2
62,85,70.3
62,86,70.4
62,87,70.5
62,88,70.6
62,89,70.7
62,90,70.8
62,91,70.9
62,92,71.0
62,93,71.1
62,94,71.2
62,95,71.3
62,96,71.4
62,97,71.5
62,98,71.6
62,99,71.6
63,0,53.9
63,1,54.0
63,2,54.1
63,3,54.2
63,4,54.3
63,5,54.5
63,6,54.8
63,7,55.1
63,8,55.3
63,9,55.6
63,10,56.0
63,11,56.3
63,12,56.6
63,13,57.0
63,14,57.3
63,15,57.6
63,16,58.0
63,17,58.3
63,18,58.6
63,19,58.9
63,20,59.2
63,21,59.5
63,22,59.8
63,23,60.1
63,24,60.4
63,25,60.7
63,26,60.9
63,27,61.2
63,28,61.5
63,29,61.7
63,30,62.0
63,31,62.2
63,32,62.4
63,33,62.7
63,34,62.9
63,35,63.1
63,36,63.3
63,37,63.5
63,38,63.7
63,39,63.9
63,40,64.1
63,41,64.3
63,42,64.5
63,43,64.7
63,44,64.9
63,45,65.1
63,46,65.3
63,47,65.4
63,48,65.6
63,49,65.8
63,50,65.9
63,51,66.1
63,52,66.3
63,53,66.4
63,54,66.6
63,55,66.7
63,56,66.9
63,57,67.0
63,58,67.2
63,59,67.3
63,60,67.4
63,61,67.6
63,62,67.7
63,63,67.8
63,64,68.0
63,65,68.1
63,66,68.2
63,67,68.4
63,68,68.5
63,69,68.6
63,70,68.7
63,71,68.8
63,72,69.0
63,73,69.1
63,74,69.2
63,75,69.3
63,76,69.4
63,77,69.5
63,78,69.6
63,79,69.7
63,80,69.8
63,81,70.0
63,82,70.1
63,83,70.2
63,84,70.3
63,85,70.4
63,86,70.5
63,87,70.6
63,88,70.7
63,89,70.7
63,90,70.8
63,91,70.9
63,92,71.0
63,93,71.1
63,94,71.2
63,95,71.3
63,96,71.4
63,97,71.5
63,98,71.6
63,99,71.7
64,0,54.6
64,1,54.6
64,2,54.7
64,3,54.8
64,4,54.9
64,5,55.1
64,6,55.3
64,7,55.6
64,8,55.8
64,9,56.1
64,10,56.4
64,11,56.7
64,12,57.0
64,13,57.3
64,14,57.6
64,15,57.9
64,16,58.2
64,17,58.5
64,18,58.8
64,19,59.1
64,20,59.4
64,21,59.7
64,22,60.0
64,23,60.3
64,24,60.5
64,25,60.8
64,26,61.1
64,27,61.3
64,28,61.6
64,29,61.8
64,30,62.1
64,31,62.3
64,32,62.5
64,33,62.8
64,34,63.0
64,35,63.2
64,36,63.4
64,37,63.6
64,38,63.8
64,39,64.0
64,40,64.2
64,41,64.4
64,42,64.6
64,43,64.8
64,44,65.0
64,45,65.1
64,46,65.3
64,47,65.5
64,48,65.6
64,49,65.8
64,50,66.0
64,51,66.1
64,52,66.3
64,53,66.4
64,54,66.6
64,55,66.8
64,56,66.9
64,57,67.0
64,58,67.2
64,59,67.3
64,60,67.5
64,61,67.6
64,62,67.7
64,63,67.9
64,64,68.0
64,65,68.1
64,66,68.3
64,67,68.4
64,68,68.5
64,69,68.6
64,70,68.7
64,71,68.9
64,72,69.0
64,73,69.1
64,74,69.2
64,75,69.3
64,76,69.4
64,77,69.5
64,78,69.6
64,79,69.8
64,80,69.9
64,81,70.0
64,82,70.1
64,83,70.2
64,84,70.3
64,85,70.4
64,86,70.5
64,87,70.6
64,88,70.7
64,89,70.8
64,90,70.9
64,91,71.0
64,92,71.0
64,93,71.1
64,94,71.2
64,95,71.3
64,96,71.4
64,97,71.5
64,98,71.6
64,99,71.7
65,0,55.2
65,1,55.2
65,2,55.3
65,3,55.4
65,4,55.5
65,5,55.6
65,6,55.8
65,7,56.0
65,8,56.3
65,9,56.5
65,10,56.8
65,11,57.1
65,12,57.3
65,13,57.6
65,14,57.9
65,15,58.2
65,16,58.5
65,17,58.8
65,18,59.1
65,19,59.3
65,20,59.6
65,21,59.9
65,22,60.2
65,23,60.4
65,24,60.7
65,25,61.0
65,26,61.2
65,27,61.5
65,28,61.7
65,29,61.9
65,30,62.2
65,31,62.4
65,32,62.6
65,33,62.9
65,34,63.1
65,35,63.3
65,36,63.5
65,37,63.7
65,38,63.9
65,39,64.1
65,40,64.3
65,41,64.5
65,42,64.7
65,43,64.8
65,44,65.0
65,45,65.2
65,46,65.4
65,47,65.5
65,48,65.7
65,49,65.9
65,50,66.0
65,51,66.2
65,52,66.3
65,53,66.5
65,54,66.6
65,55,66.8
65,56,66.9
65,57,67.1
65,58,67.2
65,59,67.4
65,60,67.5
65,61,67.6
65,62,67.8
65,63,67.9
65,64,68.0
65,65,68.2
65,66,68.3
65,67,68.4
65,68,68.5
65,69,68.6
65,70,68.8
65,71,68.9
65,72,69.0
65,73,69.1
65,74,69.2
65,75,69.3
65,76,69.5
65,77,69.6
65,78,69.7
65,79,69.8
65,80,69.9
65,81,70.0
65,82,70.1
65,83,70.2
65,84,70.3
65,85,70.4
65,86,70.5
65,87,70.6
65,88,70.7
65,89,70.8
65,90,70.9
65,91,71.0
65,92,71.1
65,93,71.2
65,94,71.2
65,95,71.3
65,96,71.4
65,97,71.5
65,98,71.6
65,99,71.7
66,0,55.8
66,1,55.8
66,2,55.8
66,3,55.9
66,4,56.0
66,5,56.2
66,6,56.3
66,7,56.5
66,8,56.7
66,9,56.9
66,10,57.2
66,11,57.4
66,12,57.7
66,13,58.0
66,14,58.2
66,15,58.5
66,16,58.8
66,17,59.0
66,18,59.3
66,19,59.6
66,20,59.8
66,21,60.1
66,22,60.4
66,23,60.6
66,24,60.9
66,25,61.1
66,26,61.4
66,27,61.6
66,28,61.8
66,29,62.1
66,30,62.3
66,31,62.5
66,32,62.7
66,33,63.0
66,34,63.2
66,35,63.4
66,36,63.6
66,37,63.8
66,38,64.0
66,39,64.2
66,40,64.4
66,41,64.5
66,42,64.7
66,43,64.9
66,44,65.1
66,45,65.3
66,46,65.4
66,47,65.6
66,48,65.8
66,49,65.9
66,50,66.1
66,51,66.2
66,52,66.4
66,53,66.5
66,54,66.7
66,55,66.8
66,56,67.0
66,57,67.1
66,58,67.3
66,59,67.4
66,60,67.5
66,61,67.7
66,62,67.8
66,63,67.9
66,64,68.1
66,65,68.2
66,66,68.3
66,67,68.4
66,68,68.6
66,69,68.7
66,70,68.8
66,71,68.9
66,72,69.0
66,73,69.1
66,74,69.3
66,75,69.4
66,76,69.5
66,77,69.6
66,78,69.7
66,79,69.8
66,80,69.9
66,81,70.0
66,82,70.1
66,83,70.2
66,84,70.3
66,85,70.4
66,86,70.5
66,87,70.6
66,88,70.7
66,89,70.8
66,90,70.9
66,91,71.0
66,92,71.1
66,93,71.2
66,94,71.3
66,95,71.3
66,96,71.4
66,97,71.5
66,98,71.6
66,99,71.7
67,0,56.3
67,1,56.3
67,2,56.3
67,3,56.4
67,4,56.5
67,5,56.6
67,6,56.8
67,7,57.0
67,8,57.1
67,9,57.4
67,10,57.6
67,11,57.8
67,12,58.0
67,13,58.3
67,14,58.5
67,15,58.8
67,16,59.0
67,17,59.3
67,18,59.5
67,19,59.8
67,20,60.1
67,21,60.3
67,22,60.6
67,23,60.8
67,24,61.0
67,25,61.3
67,26,61.5
67,27,61.7
67,28,62.0
67,29,62.2
67,30,62.4
67,31,62.6
67,32,62.9
67,33,63.1
67,34,63.3
67,35,63.5
67,36,63.7
67,37,63.9
67,38,64.1
67,39,69.2
67,40,69.4
67,41,64.6
67,42,64.8
67,43,65.0
67,44,65.1
67,45,65.3
67,46,65.5
67,47,65.6
67,48,65.8
67,49,66.0
67,50,66.1
67,51,66.3
67,52,66.4
67,53,66.6
67,54,66.7
67,55,66.9
67,56,67.0
67,57,67.2
67,58,67.3
67,59,67.4
67,60,67.6
67,61,67.7
67,62,67.8
67,63,68.0
67,64,68.1
67,65,68.2
67,66,68.3
67,67,68.5
67,68,68.6
67,69,68.7
67,70,68.8
67,71,68.9
67,72,69.1
67,73,69.2
67,74,69.3
67,75,69.4
67,76,69.5
67,77,69.6
67,78,69.7
67,79,69.8
67,80,69.9
67,81,70.0
67,82,70.1
67,83,70.2
67,84,70.3
67,85,70.4
67,86,70.5
67,87,70.6
67,88,70.7
67,89,70.8
67,90,70.9
67,91,71.0
67,92,71.1
67,93,71.2
67,94,71.3
67,95,71.4
67,96,71.4
67,97,71.5
67,98,71.6
67,99,71.7
68,0,56.8
68,1,56.8
68,2,56.8
68,3,56.9
68,4,57.0
68,5,57.1
68,6,57.2
68,7,57.4
68,8,57.6
68,9,57.7
68,10,57.9
68,11,58.2
68,12,58.4
68,13,58.6
68,14,58.8
68,15,59.1
68,16,59.3
68,17,59.5
68,18,59.8
68,19,60.0
68,20,60.3
68,21,60.5
68,22,60.7
68,23,61.0
68,24,61.2
68,25,61.4
68,26,61.7
68,27,61.9
68,28,62.1
68,29,62.3
68,30,62.5
68,31,62.8
68,32,63.0
68,33,63.2
68,34,63.4
68,35,63.6
68,36,63.8
68,37,64.0
68,38,69.1
68,39,69.3
68,40,69.5
68,41,69.7
68,42,69.9
68,43,65.0
68,44,65.2
68,45,65.4
68,46,65.5
68,47,65.7
68,48,65.9
68,49,66.0
68,50,66.2
68,51,66.3
68,52,66.5
68,53,66.6
68,54,66.8
68,55,66.9
68,56,67.1
68,57,67.2
68,58,67.3
68,59,67.5
68,60,67.6
68,61,67.7
68,62,67.9
68,63,68.0
68,64,68.1
68,65,68.2
68,66,68.4
68,67,68.5
68,68,68.6
68,69,68.7
68,70,68.9
68,71,69.0
68,72,69.1
68,73,69.2
68,74,69.3
68,75,69.4
68,76,69.5
68,77,69.6
68,78,69.7
68,79,69.8
68,80,69.9
68,81,70.0
68,82,70.2
68,83,70.3
68,84,70.4
68,85,70.4
68,86,70.5
68,87,70.6
68,88,70.7
68,89,70.8
68,90,70.9
68,91,71.0
68,92,71.1
68,93,71.2
68,94,71.3
68,95,71.4
68,96,71.5
68,97,71.6
68,98,71.6
68,99,71.7
69,0,57.2
69,1,57.3
69,2,57.3
69,3,57.4
69,4,57.4
69,5,57.5
69,6,57.7
69,7,57.8
69,8,58.0
69,9,58.1
69,10,58.3
69,11,58.5
69,12,58.7
69,13,58.9
69,14,59.1
69,15,59.3
69,16,59.6
69,17,59.8
69,18,60.0
69,19,60.3
69,20,60.5
69,21,60.7
69,22,60.9
69,23,61.2
69,24,61.4
69,25,61.6
69,26,61.8
69,27,62.0
69,28,62.3
69,29,62.5
69,30,62.7
69,31,62.9
69,32,63.1
69,33,63.3
69,34,63.5
69,35,63.7
69,36,63.9
69,37,64.1
69,38,64.2
69,39,64.4
69,40,69.6
69,41,69.8
69,42,69.9
69,43,70.1
69,44,70.3
69,45,70.4
69,46,65.6
69,47,65.8
69,48,65.9
69,49,66.1
69,50,66.2
69,51,66.4
69,52,66.5
69,53,66.7
69,54,66.8
69,55,67.0
69,56,67.1
69,57,67.2
69,58,67.4
69,59,67.5
69,60,67.6
69,61,67.8
69,62,67.9
69,63,68.0
69,64,68.2
69,65,68.3
69,66,68.4
69,67,68.5
69,68,68.6
69,69,68.8
69,70,68.9
69,71,69.0
69,72,69.1
69,73,69.2
69,74,69.3
69,75,69.4
69,76,69.5
69,77,69.7
69,78,69.8
69,79,69.9
69,80,70.0
69,81,70.1
69,82,70.2
69,83,70.3
69,84,70.4
69,85,70.5
69,86,70.6
69,87,70.7
69,88,70.8
69,89,70.9
69,90,70.9
69,91,71.0
69,92,71.1
69,93,71.2
69,94,71.3
69,95,71.4
69,96,71.5
69,97,71.6
69,98,71.7
69,99,71.7
70,0,57.7
70,1,57.7
70,2,57.7
70,3,57.8
70,4,57.9
70,5,58.0
70,6,58.1
70,7,58.2
70,8,58.3
70,9,58.5
70,10,58.7
70,11,58.8
70,12,59.0
70,13,59.2
70,14,59.4
70,15,59.6
70,16,59.8
70,17,60.1
70,18,60.3
70,19,60.5
70,20,60.7
70,21,60.9
70,22,61.1
70,23,61.4
70,24,61.6
70,25,61.8
70,26,62.0
70,27,62.2
70,28,62.4
70,29,62.6
70,30,62.8
70,31,63.0
70,32,63.2
70,33,63.4
70,34,63.6
70,35,63.8
70,36,64.0
70,37,64.1
70,38,64.3
70,39,64.5
70,40,64.7
70,41,64.9
70,42,70.0
70,43,70.2
70,44,70.4
70,45,70.5
70,46,70.7
70,47,70.8
70,48,66.0
70,49,66.1
70,50,66.3
70,51,66.4
70,52,66.6
70,53,66.7
70,54,66.9
70,55,67.0
70,56,67.2
70,57,67.3
70,58,67.4
70,59,67.6
70,60,67.7
70,61,67.8
70,62,67.9
70,63,68.1
70,64,68.2
70,65,68.3
70,66,68.4
70,67,68.6
70,68,68.7
70,69,68.8
70,70,68.9
70,71,69.0
70,72,69.1
70,73,69.3
70,74,69.4
70,75,69.5
70,76,69.6
70,77,69.7
70,78,69.8
70,79,69.9
70,80,70.0
70,81,70.1
70,82,70.2
70,83,70.3
70,84,70.4
70,85,70.5
70,86,70.6
70,87,70.7
70,88,70.8
70,89,70.9
70,90,71.0
70,91,71.1
70,92,71.1
70,93,71.2
70,94,71.3
70,95,71.4
70,96,71.5
70,97,71.6
70,98,71.7
70,99,71.8
71,0,58.1
71,1,58.1
71,2,58.2
71,3,58.2
71,4,58.3
71,5,58.4
71,6,58.5
71,7,58.6
71,8,58.7
71,9,58.8
71,10,59.0
71,11,59.2
71,12,59.3
71,13,59.5
71,14,59.7
71,15,59.9
71,16,60.1
71,17,60.3
71,18,60.5
71,19,60.7
71,20,60.9
71,21,61.1
71,22,61.3
71,23,61.5
71,24,61.7
71,25,61.9
71,26,62.2
71,27,62.4
71,28,62.6
71,29,62.7
71,30,62.9
71,31,63.1
71,32,63.3
71,33,63.5
71,34,63.7
71,35,63.9
71,36,64.1
71,37,64.2
71,38,64.4
71,39,64.6
71,40,64.8
71,41,64.9
71,42,65.1
71,43,65.3
71,44,70.4
71,45,70.6
71,46,70.7
71,47,70.9
71,48,71.1
71,49,71.2
71,50,66.4
71,51,66.5
71,52,66.6
71,53,66.8
71,54,66.9
71,55,67.1
71,56,67.2
71,57,67.3
71,58,67.5
71,59,67.6
71,60,67.7
71,61,67.9
71,62,68.0
71,63,68.1
71,64,68.2
71,65,68.4
71,66,68.5
71,67,68.6
71,68,68.7
71,69,68.8
71,70,68.9
71,71,69.1
71,72,69.2
71,73,69.3
71,74,69.4
71,75,69.5
71,76,69.6
71,77,69.7
71,78,69.8
71,79,69.9
71,80,70.0
71,81,70.1
71,82,70.2
71,83,70.3
71,84,70.4
71,85,70.5
71,86,70.6
71,87,70.7
71,88,70.8
71,89,70.9
71,90,71.0
71,91,71.1
71,92,71.2
71,93,71.3
71,94,71.3
71,95,71.4
71,96,71.5
71,97,71.6
71,98,71.7
71,99,71.8
72,0,58.5
72,1,58.5
72,2,58.6
72,3,58.6
72,4,58.7
72,5,58.7
72,6,58.8
72,7,58.9
72,8,59.1
72,9,59.2
72,10,59.3
72,11,59.5
72,12,59.6
72,13,59.8
72,14,60.0
72,15,60.2
72,16,60.4
72,17,60.6
72,18,60.7
72,19,60.9
72,20,61.1
72,21,61.3
72,22,61.5
72,23,61.7
72,24,61.9
72,25,62.1
72,26,62.3
72,27,62.5
72,28,62.7
72,29,62.9
72,30,63.1
72,31,63.3
72,32,63.5
72,33,63.6
72,34,63.8
72,35,64.0
72,36,64.2
72,37,64.3
72,38,64.5
72,39,64.7
72,40,64.9
72,41,65.0
72,42,65.2
72,43,65.3
72,44,65.5
72,45,65.7
72,46,65.8
72,47,71.0
72,48,71.1
72,49,71.3
72,50,71.4
72,51,71.6
72,52,71.7
72,53,66.8
72,54,67.0
72,55,67.1
72,56,67.3
72,57,67.4
72,58,67.5
72,59,67.7
72,60,67.8
72,61,67.9
72,62,68.0
72,63,68.2
72,64,68.3
72,65,68.4
72,66,68.5
72,67,68.6
72,68,68.8
72,69,68.9
72,70,69.0
72,71,69.1
72,72,69.2
72,73,69.3
72,74,69.4
72,75,69.5
72,76,69.6
72,77,69.7
72,78,69.8
72,79,69.9
72,80,70.0
72,81,70.1
72,82,70.2
72,83,70.3
72,84,70.4
72,85,70.5
72,86,70.6
72,87,70.7
72,88,70.8
72,89,70.9
72,90,71.0
72,91,71.1
72,92,71.2
72,93,71.3
72,94,71.4
72,95,71.5
72,96,71.5
72,97,71.6
72,98,71.7
72,99,71.8
73,0,58.9
73,1,58.9
73,2,58.9
73,3,59.0
73,4,59.0
73,5,59.1
73,6,59.2
73,7,59.3
73,8,59.4
73,9,59.5
73,10,59.7
73,11,59.8
73,12,60.0
73,13,60.1
73,14,60.3
73,15,60.4
73,16,60.6
73,17,60.8
73,18,61.0
73,19,61.2
73,20,61.4
73,21,61.5
73,22,61.7
73,23,61.9
73,24,62.1
73,25,62.3
73,26,62.5
73,27,62.7
73,28,62.9
73,29,63.0
73,30,63.2
73,31,63.4
73,32,63.6
73,33,63.8
73,34,63.9
73,35,64.1
73,36,64.3
73,37,64.5
73,38,64.6
73,39,64.8
73,40,65.0
73,41,65.1
73,42,65.3
73,43,65.4
73,44,65.6
73,45,65.7
73,46,65.9
73,47,66.0
73,48,66.2
73,49,71.3
73,50,71.5
73,51,71.6
73,52,71.8
73,53,71.9
73,54,72.0
73,55,67.2
73,56,67.3
73,57,67.4
73,58,67.6
73,59,67.7
73,60,67.8
73,61,68.0
73,62,68.1
73,63,68.2
73,64,68.3
73,65,68.4
73,66,68.6
73,67,68.7
73,68,68.8
73,69,68.9
73,70,69.0
73,71,69.1
73,72,69.2
73,73,69.3
73,74,69.5
73,75,69.6
73,76,69.7
73,77,69.8
73,78,69.9
73,79,70.0
73,80,70.1
73,81,70.2
73,82,70.3
73,83,70.4
73,84,70.5
73,85,70.6
73,86,70.7
73,87,70.8
73,88,70.8
73,89,70.9
73,90,71.0
73,91,71.1
73,92,71.2
73,93,71.3
73,94,71.4
73,95,71.5
73,96,71.6
73,97,71.6
73,98,71.7
73,99,71.8
74,0,59.3
74,1,59.3
74,2,59.3
74,3,59.3
74,4,59.4
74,5,59.5
74,6,59.5
74,7,59.6
74,8,59.7
74,9,59.8
74,10,60.0
74,11,60.1
74,12,60.2
74,13,60.4
74,14,60.5
74,15,60.7
74,16,60.9
74,17,61.0
74,18,61.2
74,19,61.4
74,20,61.6
74,21,61.7
74,22,61.9
74,23,62.1
74,24,62.3
74,25,62.5
74,26,62.6
74,27,62.8
74,28,63.0
74,29,63.2
74,30,63.4
74,31,63.5
74,32,63.7
74,33,63.9
74,34,64.1
74,35,64.2
74,36,64.4
74,37,64.6
74,38,64.7
74,39,64.9
74,40,65.0
74,41,65.2
74,42,65.4
74,43,65.5
74,44,65.7
74,45,65.8
74,46,66.0
74,47,66.1
74,48,66.3
74,49,66.4
74,50,66.6
74,51,71.7
74,52,71.8
74,53,72.0
74,54,72.1
74,55,72.2
74,56,72.4
74,57,72.5
74,58,67.6
74,59,67.8
74,60,67.9
74,61,68.0
74,62,68.1
74,63,68.2
74,64,68.4
74,65,68.5
74,66,68.6
74,67,68.7
74,68,68.8
74,69,68.9
74,70,69.1
74,71,69.2
74,72,69.3
74,73,69.4
74,74,69.5
74,75,69.6
74,76,69.7
74,77,69.8
74,78,69.9
74,79,70.0
74,80,70.1
74,81,70.2
74,82,70.3
74,83,70.4
74,84,70.5
74,85,70.6
74,86,70.7
74,87,70.8
74,88,70.9
74,89,71.0
74,90,71.1
74,91,71.1
74,92,71.2
74,93,71.3
74,94,71.4
74,95,71.5
74,96,71.6
74,97,71.7
74,98,71.7
74,99,71.8
75,0,59.6
75,1,59.6
75,2,59.7
75,3,59.7
75,4,59.7
75,5,59.8
75,6,59.9
75,7,60.0
75,8,60.1
75,9,60.2
75,10,60.3
75,11,60.4
75,12,60.5
75,13,60.7
75,14,60.8
75,15,61.0
75,16,61.1
75,17,61.3
75,18,61.4
75,19,61.6
75,20,61.8
75,21,61.9
75,22,62.1
75,23,62.3
75,24,62.5
75,25,62.6
75,26,62.8
75,27,63.0
75,28,63.2
75,29,63.3
75,30,63.5
75,31,63.7
75,32,63.8
75,33,64.0
75,34,64.2
75,35,64.3
75,36,64.5
75,37,64.7
75,38,64.8
75,39,65.0
75,40,65.1
75,41,65.3
75,42,65.5
75,43,65.6
75,44,65.8
75,45,65.9
75,46,66.0
75,47,66.2
75,48,66.3
75,49,66.5
75,50,66.6
75,51,66.8
75,52,66.9
75,53,72.0
75,54,72.2
75,55,72.3
75,56,72.4
75,57,72.6
75,58,72.7
75,59,72.8
75,60,67.9
75,61,68.1
75,62,68.2
75,63,68.3
75,64,68.4
75,65,68.5
75,66,68.6
75,67,68.8
75,68,68.9
75,69,69.0
75,70,69.1
75,71,69.2
75,72,69.3
75,73,69.4
75,74,69.5
75,75,69.6
75,76,69.7
75,77,69.8
75,78,69.9
75,79,70.0
75,80,70.1
75,81,70.2
75,82,70.3
75,83,70.4
75,84,70.5
75,85,70.6
75,86,70.7
75,87,70.8
75,88,70.9
75,89,71.0
75,90,71.1
75,91,71.2
75,92,71.3
75,93,71.3
75,94,71.4
75,95,71.5
75,96,71.6
75,97,71.7
75,98,71.8
75,99,71.9
76,0,60.0
76,1,60.0
76,2,60.0
76,3,60.0
76,4,60.1
76,5,60.1
76,6,60.2
76,7,60.3
76,8,60.4
76,9,60.5
76,10,60.6
76,11,60.7
76,12,60.8
76,13,60.9
76,14,61.1
76,15,61.2
76,16,61.4
76,17,61.5
76,18,61.7
76,19,61.8
76,20,62.0
76,21,62.2
76,22,62.3
76,23,62.5
76,24,62.6
76,25,62.8
76,26,63.0
76,27,63.1
76,28,63.3
76,29,63.5
76,30,63.6
76,31,63.8
76,32,64.0
76,33,64.1
76,34,64.3
76,35,64.5
76,36,64.6
76,37,64.8
76,38,64.9
76,39,65.1
76,40,65.2
76,41,65.4
76,42,65.5
76,43,65.7
76,44,65.8
76,45,66.0
76,46,66.1
76,47,66.3
76,48,66.4
76,49,66.6
76,50,66.7
76,51,66.8
76,52,67.0
76,53,67.1
76,54,67.2
76,55,72.4
76,56,72.5
76,57,72.6
76,58,72.7
76,59,72.9
76,60,73.0
76,61,73.1
76,62,68.2
76,63,68.3
76,64,68.5
76,65,68.6
76,66,68.7
76,67,68.8
76,68,68.9
76,69,69.0
76,70,69.1
76,71,69.2
76,72,69.3
76,73,69.5
76,74,69.6
76,75,69.7
76,76,69.8
76,77,69.9
76,78,70.0
76,79,70.1
76,80,70.2
76,81,70.3
76,82,70.4
76,83,70.5
76,84,70.6
76,85,70.6
76,86,70.7
76,87,70.8
76,88,70.9
76,89,71.0
76,90,71.1
76,91,71.2
76,92,71.3
76,93,71.4
76,94,71.5
76,95,71.5
76,96,71.6
76,97,71.7
76,98,71.8
76,99,71.9
77,0,60.3
77,1,60.3
77,2,60.3
77,3,60.4
77,4,60.4
77,5,60.4
77,6,60.5
77,7,60.6
77,8,60.7
77,9,60.8
77,10,60.9
77,11,61.0
77,12,61.1
77,13,61.2
77,14,61.3
77,15,61.5
77,16,61.6
77,17,61.7
77,18,61.9
77,19,62.0
77,20,62.2
77,21,62.4
77,22,62.5
77,23,62.7
77,24,62.8
77,25,63.0
77,26,63.1
77,27,63.3
77,28,63.5
77,29,63.6
77,30,63.8
77,31,63.9
77,32,64.1
77,33,64.3
77,34,64.4
77,35,64.6
77,36,64.7
77,37,64.9
77,38,65.0
77,39,65.2
77,40,65.3
77,41,65.5
77,42,65.6
77,43,65.8
77,44,65.9
77,45,66.1
77,46,66.2
77,47,66.4
77,48,66.5
77,49,66.6
77,50,66.8
77,51,66.9
77,52,67.0
77,53,67.2
77,54,67.3
77,55,67.4
77,56,67.5
77,57,72.7
77,58,72.8
77,59,72.9
77,60,73.0
77,61,73.2
77,62,73.3
77,63,73.4
77,64,73.5
77,65,68.6
77,66,68.7
77,67,68.8
77,68,69.0
77,69,69.1
77,70,69.2
77,71,69.3
77,72,69.4
77,73,69.5
77,74,69.6
77,75,69.7
77,76,69.8
77,77,69.9
77,78,70.0
77,79,70.1
77,80,70.2
77,81,70.3
77,82,70.4
77,83,70.5
77,84,70.6
77,85,70.7
77,86,70.8
77,87,70.9
77,88,71.0
77,89,71.0
77,90,71.1
77,91,71.2
77,92,71.3
77,93,71.4
77,94,71.5
77,95,71.6
77,96,71.6
77,97,71.7
77,98,71.8
77,99,71.9
78,0,60.6
78,1,60.6
78,2,60.6
78,3,60.7
78,4,60.7
78,5,60.7
78,6,60.8
78,7,60.9
78,8,61.0
78,9,61.0
78,10,61.1
78,11,61.2
78,12,61.3
78,13,61.5
78,14,61.6
78,15,61.7
78,16,61.8
78,17,62.0
78,18,62.1
78,19,62.3
78,20,62.4
78,21,62.6
78,22,62.7
78,23,62.9
78,24,63.0
78,25,63.2
78,26,63.3
78,27,63.5
78,28,63.6
78,29,63.8
78,30,63.9
78,31,64.1
78,32,64.2
78,33,64.4
78,34,64.5
78,35,64.7
78,36,64.9
78,37,65.0
78,38,65.1
78,39,65.3
78,40,65.4
78,41,65.6
78,42,65.7
78,43,65.9
78,44,66.0
78,45,66.2
78,46,66.3
78,47,66.4
78,48,66.6
78,49,66.7
78,50,66.8
78,51,67.0
78,52,67.1
78,53,67.2
78,54,67.4
78,55,67.5
78,56,67.6
78,57,67.7
78,58,67.8
78,59,73.0
78,60,73.1
78,61,73.2
78,62,73.3
78,63,73.4
78,64,73.6
78,65,73.7
78,66,73.8
78,67,68.9
78,68,69.0
78,69,69.1
78,70,69.2
78,71,69.3
78,72,69.4
78,73,69.5
78,74,69.6
78,75,69.7
78,76,69.8
78,77,69.9
78,78,70.0
78,79,70.1
78,80,70.2
78,81,70.3
78,82,70.4
78,83,70.5
78,84,70.6
78,85,70.7
78,86,70.8
78,87,70.9
78,88,71.0
78,89,71.1
78,90,71.2
78,91,71.2
78,92,71.3
78,93,71.4
78,94,71.5
78,95,71.6
78,96,71.7
78,97,71.8
78,98,71.8
78,99,71.9
79,0,60.9
79,1,60.9
79,2,60.9
79,3,61.0
79,4,61.0
79,5,61.0
79,6,61.1
79,7,61.2
79,8,61.2
79,9,61.3
79,10,61.4
79,11,61.5
79,12,61.6
79,13,61.7
79,14,61.8
79,15,61.9
79,16,62.1
79,17,62.2
79,18,62.3
79,19,62.5
79,20,62.6
79,21,62.7
79,22,62.9
79,23,63.0
79,24,63.2
79,25,63.3
79,26,63.5
79,27,63.6
79,28,63.8
79,29,63.9
79,30,64.1
79,31,64.2
79,32,64.4
79,33,64.5
79,34,64.7
79,35,64.8
79,36,65.0
79,37,65.1
79,38,65.3
79,39,65.4
79,40,65.5
79,41,65.7
79,42,65.8
79,43,66.0
79,44,66.1
79,45,66.2
79,46,66.4
79,47,66.5
79,48,66.6
79,49,66.8
79,50,66.9
79,51,67.0
79,52,67.2
79,53,67.3
79,54,67.4
79,55,67.5
79,56,67.7
79,57,67.8
79,58,67.9
79,59,68.0
79,60,68.1
79,61,73.3
79,62,73.4
79,63,73.5
79,64,73.6
79,65,73.7
79,66,73.8
79,67,73.9
79,68,74.0
79,69,69.2
79,70,69.3
79,71,69.4
79,72,69.5
79,73,69.6
79,74,69.7
79,75,69.8
79,76,69.9
79,77,70.0
79,78,70.1
79,79,70.2
79,80,70.3
79,81,70.4
79,82,70.5
79,83,70.6
79,84,70.6
79,85,70.7
79,86,70.8
79,87,70.9
79,88,71.0
79,89,71.1
79,90,71.2
79,91,71.3
79,92,71.4
79,93,71.4
79,94,71.5
79,95,71.6
79,96,71.7
79,97,71.8
79,98,71.9
79,99,71.9
80,0,61.2
80,1,61.2
80,2,61.2
80,3,61.3
80,4,61.3
80,5,61.3
80,6,61.4
80,7,61.4
80,8,61.5
80,9,61.6
80,10,61.7
80,11,61.8
80,12,61.9
80,13,62.0
80,14,62.1
80,15,62.2
80,16,62.3
80,17,62.4
80,18,62.5
80,19,62.7
80,20,62.8
80,21,62.9
80,22,63.1
80,23,63.2
80,24,63.4
80,25,63.5
80,26,63.6
80,27,63.8
80,28,63.9
80,29,64.1
80,30,64.2
80,31,64.4
80,32,64.5
80,33,64.7
80,34,64.8
80,35,64.9
80,36,65.1
80,37,65.2
80,38,65.4
80,39,65.5
80,40,65.6
80,41,65.8
80,42,65.9
80,43,66.1
80,44,66.2
80,45,66.3
80,46,66.5
80,47,66.6
80,48,66.7
80,49,66.9
80,50,67.0
80,51,67.1
80,52,67.2
80,53,67.4
80,54,67.5
80,55,67.6
80,56,67.7
80,57,67.8
80,58,68.0
80,59,68.1
80,60,68.2
80,61,68.3
80,62,68.4
80,63,73.5
80,64,73.7
80,65,73.8
80,66,73.9
80,67,74.0
80,68,74.1
80,69,74.2
80,70,74.3
80,71,74.4
80,72,69.5
80,73,69.6
80,74,69.7
80,75,69.8
80,76,69.9
80,77,70.0
80,78,70.1
80,79,70.2
80,80,70.3
80,81,70.4
80,82,70.5
80,83,70.6
80,84,70.7
80,85,70.8
80,86,70.9
80,87,70.9
80,88,71.0
80,89,71.1
80,90,71.2
80,91,71.3
80,92,71.4
80,93,71.5
80,94,71.6
80,95,71.6
80,96,71.7
80,97,71.8
80,98,71.9
80,99,72.0
81,0,61.5
81,1,61.5
81,2,61.5
81,3,61.5
81,4,61.6
81,5,61.6
81,6,61.7
81,7,61.7
81,8,61.8
81,9,61.8
81,10,61.9
81,11,62.0
81,12,62.1
81,13,62.2
81,14,62.3
81,15,62.4
81,16,62.5
81,17,62.6
81,18,62.8
81,19,62.9
81,20,63.0
81,21,63.1
81,22,63.3
81,23,63.4
81,24,63.5
81,25,63.7
81,26,63.8
81,27,63.9
81,28,64.1
81,29,64.2
81,30,64.4
81,31,64.5
81,32,64.6
81,33,64.8
81,34,64.9
81,35,65.1
81,36,65.2
81,37,65.3
81,38,65.5
81,39,65.6
81,40,65.8
81,41,65.9
81,42,66.0
81,43,66.2
81,44,66.3
81,45,66.4
81,46,66.6
81,47,66.7
81,48,66.8
81,49,66.9
81,50,67.1
81,51,67.2
81,52,67.3
81,53,67.4
81,54,67.6
81,55,67.7
81,56,67.8
81,57,67.9
81,58,68.0
81,59,68.1
81,60,68.3
81,61,68.4
81,62,68.5
81,63,68.6
81,64,68.7
81,65,73.8
81,66,73.9
81,67,74.0
81,68,74.1
81,69,74.2
81,70,74.3
81,71,74.5
81,72,74.6
81,73,74.7
81,74,69.8
81,75,69.9
81,76,70.0
81,77,70.1
81,78,70.1
81,79,70.2
81,80,70.3
81,81,70.4
81,82,70.5
81,83,70.6
81,84,70.7
81,85,70.8
81,86,70.9
81,87,71.0
81,88,71.1
81,89,71.2
81,90,71.2
81,91,71.3
81,92,71.4
81,93,71.5
81,94,71.6
81,95,71.7
81,96,71.7
81,97,71.8
81,98,71.9
81,99,72.0
82,0,61.8
82,1,61.8
82,2,61.8
82,3,61.8
82,4,61.8
82,5,61.9
82,6,61.9
82,7,62.0
82,8,62.0
82,9,62.1
82,10,62.2
82,11,62.3
82,12,62.3
82,13,62.4
82,14,62.5
82,15,62.6
82,16,62.7
82,17,62.9
82,18,63.0
82,19,63.1
82,20,63.2
82,21,63.3
82,22,63.5
82,23,63.6
82,24,63.7
82,25,63.8
82,26,64.0
82,27,64.1
82,28,64.2
82,29,64.4
82,30,64.5
82,31,64.6
82,32,64.8
82,33,64.9
82,34,65.1
82,35,65.2
82,36,65.3
82,37,65.5
82,38,65.6
82,39,65.7
82,40,65.9
82,41,66.0
82,42,66.1
82,43,66.3
82,44,66.4
82,45,66.5
82,46,66.6
82,47,66.8
82,48,66.9
82,49,67.0
82,50,67.1
82,51,67.3
82,52,67.4
82,53,67.5
82,54,67.6
82,55,67.7
82,56,67.9
82,57,68.0
82,58,68.1
82,59,68.2
82,60,68.3
82,61,68.4
82,62,68.5
82,63,68.7
82,64,68.8
82,65,68.9
82,66,69.0
82,67,74.1
82,68,74.2
82,69,74.3
82,70,74.4
82,71,74.5
82,72,74.6
82,73,74.7
82,74,74.8
82,75,74.9
82,76,75.0
82,77,70.1
82,78,70.2
82,79,70.3
82,80,70.4
82,81,70.5
82,82,70.6
82,83,70.7
82,84,70.7
82,85,70.8
82,86,70.9
82,87,71.0
82,88,71.1
82,89,71.2
82,90,71.3
82,91,71.4
82,92,71.4
82,93,71.5
82,94,71.6
82,95,71.7
82,96,71.8
82,97,71.9
82,98,71.9
82,99,72.0
83,0,62.0
83,1,62.0
83,2,62.1
83,3,62.1
83,4,62.1
83,5,62.1
83,6,62.2
83,7,62.2
83,8,62.3
83,9,62.4
83,10,62.4
83,11,62.5
83,12,62.6
83,13,62.7
83,14,62.8
83,15,62.9
83,16,63.0
83,17,63.1
83,18,63.2
83,19,63.3
83,20,63.4
83,21,63.5
83,22,63.6
83,23,63.8
83,24,63.9
83,25,64.0
83,26,64.1
83,27,64.3
83,28,64.4
83,29,64.5
83,30,64.7
83,31,64.8
83,32,64.9
83,33,65.1
83,34,65.2
83,35,65.3
83,36,65.4
83,37,65.6
83,38,65.7
83,39,65.8
83,40,66.0
83,41,66.1
83,42,66.2
83,43,66.4
83,44,66.5
83,45,66.6
83,46,66.7
83,47,66.9
83,48,67.0
83,49,67.1
83,50,67.2
83,51,67.3
83,52,67.5
83,53,67.6
83,54,67.7
83,55,67.8
83,56,67.9
83,57,68.0
83,58,68.2
83,59,68.3
83,60,68.4
83,61,68.5
83,62,68.6
83,63,68.7
83,64,68.8
83,65,68.9
83,66,69.0
83,67,69.1
83,68,69.2
83,69,69.3
83,70,74.4
83,71,74.5
83,72,74.6
83,73,74.7
83,74,74.8
83,75,74.9
83,76,75.0
83,77,75.1
83,78,75.2
83,79,70.3
83,80,70.4
83,81,70.5
83,82,70.6
83,83,70.7
83,84,70.8
83,85,70.9
83,86,71.0
83,87,71.0
83,88,71.1
83,89,71.2
83,90,71.3
83,91,71.4
83,92,71.5
83,93,71.6
83,94,71.6
83,95,71.7
83,96,71.8
83,97,71.9
83,98,72.0
83,99,72.0
84,0,62.3
84,1,62.3
84,2,62.3
84,3,62.3
84,4,62.4
84,5,62.4
84,6,62.4
84,7,62.5
84,8,62.5
84,9,62.6
84,10,62.7
84,11,62.7
84,12,62.8
84,13,62.9
84,14,63.0
84,15,63.1
84,16,63.2
84,17,63.3
84,18,63.4
84,19,63.5
84,20,63.6
84,21,63.7
84,22,63.8
84,23,63.9
84,24,64.1
84,25,64.2
84,26,64.3
84,27,64.4
84,28,64.5
84,29,64.7
84,30,64.8
84,31,64.9
84,32,65.1
84,33,65.2
84,34,65.3
84,35,65.4
84,36,65.6
84,37,65.7
84,38,65.8
84,39,65.9
84,40,66.1
84,41,66.2
84,42,66.3
84,43,66.4
84,44,66.6
84,45,66.7
84,46,66.8
84,47,66.9
84,48,67.1
84,49,67.2
84,50,67.3
84,51,67.4
84,52,67.5
84,53,67.7
84,54,67.8
84,55,67.9
84,56,68.0
84,57,68.1
84,58,68.2
84,59,68.3
84,60,68.4
84,61,68.6
84,62,68.7
84,63,68.8
84,64,68.9
84,65,69.0
84,66,69.1
84,67,69.2
84,68,69.3
84,69,69.4
84,70,69.5
84,71,69.6
84,72,74.7
84,73,74.8
84,74,74.9
84,75,75.0
84,76,75.1
84,77,75.2
84,78,75.3
84,79,75.4
84,80,75.5
84,81,70.5
84,82,70.6
84,83,70.7
84,84,70.8
84,85,70.9
84,86,71.0
84,87,71.1
84,88,71.2
84,89,71.2
84,90,71.3
84,91,71.4
84,92,71.5
84,93,71.6
84,94,71.7
84,95,71.7
84,96,71.8
84,97,71.9
84,98,72.0
84,99,72.1
85,0,62.6
85,1,62.6
85,2,62.6
85,3,62.6
85,4,62.6
85,5,62.6
85,6,62.7
85,7,62.7
85,8,62.8
85,9,62.8
85,10,62.9
85,11,63.0
85,12,63.0
85,13,63.1
85,14,63.2
85,15,63.3
85,16,63.4
85,17,63.5
85,18,63.6
85,19,63.7
85,20,63.8
85,21,63.9
85,22,64.0
85,23,64.1
85,24,64.2
85,25,64.3
85,26,64.5
85,27,64.6
85,28,64.7
85,29,64.8
85,30,64.9
85,31,65.1
85,32,65.2
85,33,65.3
85,34,65.4
85,35,65.6
85,36,65.7
85,37,65.8
85,38,65.9
85,39,66.1
85,40,66.2
85,41,66.3
85,42,66.4
85,43,66.5
85,44,66.7
85,45,66.8
85,46,66.9
85,47,67.0
85,48,67.1
85,49,67.3
85,50,67.4
85,51,67.5
85,52,67.6
85,53,67.7
85,54,67.8
85,55,68.0
85,56,68.1
85,57,68.2
85,58,68.3
85,59,68.4
85,60,68.5
85,61,68.6
85,62,68.7
85,63,68.8
85,64,68.9
85,65,69.0
85,66,69.1
85,67,69.2
85,68,69.3
85,69,69.4
85,70,69.5
85,71,69.6
85,72,69.7
85,73,69.8
85,74,74.9
85,75,75.0
85,76,75.1
85,77,75.2
85,78,75.3
85,79,75.4
85,80,75.5
85,81,75.6
85,82,75.7
85,83,75.8
85,84,70.9
85,85,70.9
85,86,71.0
85,87,71.1
85,88,71.2
85,89,71.3
85,90,71.4
85,91,71.5
85,92,71.5
85,93,71.6
85,94,71.7
85,95,71.8
85,96,71.9
85,97,71.9
85,98,72.0
85,99,72.1
86,0,62.8
86,1,62.8
86,2,62.8
86,3,62.8
86,4,62.8
86,5,62.9
86,6,62.9
86,7,63.0
86,8,63.0
86,9,63.1
86,10,63.1
86,11,63.2
86,12,63.3
86,13,63.3
86,14,63.4
86,15,63.5
86,16,63.6
86,17,63.7
86,18,63.8
86,19,63.9
86,20,64.0
86,21,64.1
86,22,64.2
86,23,64.3
86,24,64.4
86,25,64.5
86,26,64.6
86,27,64.7
86,28,64.9
86,29,65.0
86,30,65.1
86,31,65.2
86,32,65.3
86,33,65.4
86,34,65.6
86,35,65.7
86,36,65.8
86,37,65.9
86,38,66.0
86,39,66.2
86,40,66.3
86,41,66.4
86,42,66.5
86,43,66.6
86,44,66.8
86,45,66.9
86,46,67.0
86,47,67.1
86,48,67.2
86,49,67.3
86,50,67.5
86,51,67.6
86,52,67.7
86,53,67.8
86,54,67.9
86,55,68.0
86,56,68.1
86,57,68.2
86,58,68.4
86,59,68.5
86,60,68.6
86,61,68.7
86,62,68.8
86,63,68.9
86,64,69.0
86,65,69.1
86,66,69.2
86,67,69.3
86,68,69.4
86,69,69.5
86,70,69.6
86,71,69.7
86,72,69.8
86,73,69.9
86,74,70.0
86,75,70.1
86,76,75.2
86,77,75.3
86,78,75.4
86,79,75.4
86,80,75.5
86,81,75.6
86,82,75.7
86,83,75.8
86,84,75.9
86,85,76.0
86,86,71.1
86,87,71.1
86,88,71.2
86,89,71.3
86,90,71.4
86,91,71.5
86,92,71.6
86,93,71.6
86,94,71.7
86,95,71.8
86,96,71.9
86,97,72.0
86,98,72.0
86,99,72.1
87,0,63.0
87,1,63.0
87,2,63.0
87,3,63.1
87,4,63.1
87,5,63.1
87,6,63.1
87,7,63.2
87,8,63.2
87,9,63.3
87,10,63.3
87,11,63.4
87,12,63.5
87,13,63.5
87,14,63.6
87,15,63.7
87,16,63.8
87,17,63.9
87,18,64.0
87,19,64.1
87,20,64.1
87,21,64.2
87,22,64.3
87,23,64.5
87,24,64.6
87,25,64.7
87,26,64.8
87,27,64.9
87,28,65.0
87,29,65.1
87,30,65.2
87,31,65.3
87,32,65.5
87,33,65.6
87,34,65.7
87,35,65.8
87,36,65.9
87,37,66.0
87,38,66.2
87,39,66.3
87,40,66.4
87,41,66.5
87,42,66.6
87,43,66.7
87,44,66.9
87,45,67.0
87,46,67.1
87,47,67.2
87,48,67.3
87,49,67.4
87,50,67.5
87,51,67.7
87,52,67.8
87,53,67.9
87,54,68.0
87,55,68.1
87,56,68.2
87,57,68.3
87,58,68.4
87,59,68.5
87,60,68.6
87,61,68.7
87,62,68.8
87,63,68.9
87,64,69.0
87,65,69.1
87,66,69.2
87,67,69.3
87,68,69.4
87,69,69.5
87,70,69.6
87,71,69.7
87,72,69.8
87,73,69.9
87,74,70.0
87,75,70.1
87,76,70.2
87,77,70.3
87,78,75.4
87,79,75.5
87,80,75.6
87,81,75.7
87,82,75.8
87,83,75.8
87,84,75.9
87,85,76.0
87,86,76.1
87,87,76.2
87,88,71.3
87,89,71.4
87,90,71.4
87,91,71.5
87,92,71.6
87,93,71.7
87,94,71.8
87,95,71.8
87,96,71.9
87,97,72.0
87,98,72.1
87,99,72.2
88,0,63.3
88,1,63.3
88,2,63.3
88,3,63.3
88,4,63.3
88,5,63.3
88,6,63.4
88,7,63.4
88,8,63.5
88,9,63.5
88,10,63.6
88,11,63.6
88,12,63.7
88,13,63.7
88,14,63.8
88,15,63.9
88,16,64.0
88,17,64.1
88,18,64.1
88,19,64.2
88,20,64.3
88,21,64.4
88,22,64.5
88,23,64.6
88,24,64.7
88,25,64.8
88,26,64.9
88,27,65.0
88,28,65.1
88,29,65.3
88,30,65.4
88,31,65.5
88,32,65.6
88,33,65.7
88,34,65.8
88,35,65.9
88,36,66.0
88,37,66.2
88,38,66.3
88,39,66.4
88,40,66.5
88,41,66.6
88,42,66.7
88,43,66.8
88,44,67.0
88,45,67.1
88,46,67.2
88,47,67.3
88,48,67.4
88,49,67.5
88,50,67.6
88,51,67.7
88,52,67.8
88,53,68.0
88,54,68.1
88,55,68.2
88,56,68.3
88,57,68.4
88,58,68.5
88,59,68.6
88,60,68.7
88,61,68.8
88,62,68.9
88,63,69.0
88,64,69.1
88,65,69.2
88,66,69.3
88,67,69.4
88,68,69.5
88,69,69.6
88,70,69.7
88,71,69.8
88,72,69.9
88,73,70.0
88,74,70.1
88,75,70.2
88,76,70.3
88,77,70.3
88,78,70.4
88,79,70.5
88,80,75.6
88,81,75.7
88,82,75.8
88,83,75.9
88,84,76.0
88,85,76.0
88,86,76.1
88,87,76.2
88,88,76.3
88,89,76.4
88,90,76.5
88,91,71.5
88,92,71.6
88,93,71.7
88,94,71.8
88,95,71.9
88,96,71.9
88,97,72.0
88,98,72.1
88,99,72.2
89,0,63.5
89,1,63.5
89,2,63.5
89,3,63.5
89,4,63.5
89,5,63.6
89,6,63.6
89,7,63.6
89,8,63.7
89,9,63.7
89,10,63.8
89,11,63.8
89,12,63.9
89,13,63.9
89,14,64.0
89,15,64.1
89,16,64.2
89,17,64.2
89,18,64.3
89,19,64.4
89,20,64.5
89,21,64.6
89,22,64.7
89,23,64.8
89,24,64.9
89,25,65.0
89,26,65.1
89,27,65.2
89,28,65.3
89,29,65.4
89,30,65.5
89,31,65.6
89,32,65.7
89,33,65.8
89,34,65.9
89,35,66.1
89,36,66.2
89,37,66.3
89,38,66.4
89,39,66.5
89,40,66.6
89,41,66.7
89,42,66.8
89,43,66.9
89,44,67.1
89,45,67.2
89,46,67.3
89,47,67.4
89,48,67.5
89,49,67.6
89,50,67.7
89,51,67.8
89,52,67.9
89,53,68.0
89,54,68.1
89,55,68.2
89,56,68.4
89,57,68.5
89,58,68.6
89,59,68.7
89,60,68.8
89,61,68.9
89,62,69.0
89,63,69.1
89,64,69.2
89,65,69.3
89,66,69.4
89,67,69.5
89,68,69.6
89,69,69.7
89,70,69.7
89,71,69.8
89,72,69.9
89,73,70.0
89,74,70.1
89,75,70.2
89,76,70.3
89,77,70.4
89,78,70.5
89,79,70.6
89,80,70.7
89,81,70.7
89,82,75.8
89,83,75.9
89,84,76.0
89,85,76.1
89,86,76.2
89,87,76.3
89,88,76.3
89,89,76.4
89,90,76.5
89,91,76.6
89,92,76.7
89,93,71.7
89,94,71.8
89,95,71.9
89,96,72.0
89,97,72.1
89,98,72.1
89,99,72.2
90,0,63.7
90,1,63.7
90,2,63.7
90,3,63.7
90,4,63.8
90,5,63.8
90,6,63.8
90,7,63.8
90,8,63.9
90,9,63.9
90,10,64.0
90,11,64.0
90,12,64.1
90,13,64.1
90,14,64.2
90,15,64.3
90,16,64.4
90,17,64.4
90,18,64.5
90,19,64.6
90,20,64.7
90,21,64.8
90,22,64.9
90,23,65.0
90,24,65.0
90,25,65.1
90,26,65.2
90,27,65.3
90,28,65.4
90,29,65.5
90,30,65.6
90,31,65.8
90,32,65.9
90,33,66.0
90,34,66.1
90,35,66.2
90,36,66.3
90,37,66.4
90,38,66.5
90,39,66.6
90,40,66.7
90,41,66.8
90,42,66.9
90,43,67.0
90,44,67.2
90,45,67.3
90,46,67.4
90,47,67.5
90,48,67.6
90,49,67.7
90,50,67.8
90,51,67.9
90,52,68.0
90,53,68.1
90,54,68.2
90,55,68.3
90,56,68.4
90,57,68.5
90,58,73.6
90,59,73.7
90,60,68.8
90,61,68.9
90,62,69.0
90,63,69.1
90,64,69.2
90,65,69.3
90,66,69.4
90,67,69.5
90,68,69.6
90,69,69.7
90,70,69.8
90,71,69.9
90,72,70.0
90,73,70.1
90,74,70.2
90,75,70.3
90,76,70.3
90,77,70.4
90,78,70.5
90,79,70.6
90,80,70.7
90,81,70.8
90,82,70.9
90,83,71.0
90,84,76.0
90,85,76.1
90,86,76.2
90,87,76.3
90,88,76.4
90,89,76.5
90,90,76.5
90,91,76.6
90,92,76.7
90,93,76.8
90,94,76.9
90,95,76.9
90,96,72.0
90,97,72.1
90,98,72.2
90,99,72.2
91,0,63.9
91,1,63.9
91,2,63.9
91,3,63.9
91,4,64.0
91,5,64.0
91,6,64.0
91,7,64.1
91,8,64.1
91,9,64.1
91,10,64.2
91,11,64.2
91,12,64.3
91,13,64.3
91,14,64.4
91,15,64.5
91,16,64.5
91,17,64.6
91,18,64.7
91,19,64.8
91,20,64.9
91,21,64.9
91,22,65.0
91,23,65.1
91,24,65.2
91,25,65.3
91,26,65.4
91,27,65.5
91,28,65.6
91,29,65.7
91,30,65.8
91,31,65.9
91,32,66.0
91,33,66.1
91,34,66.2
91,35,66.3
91,36,66.4
91,37,66.5
91,38,66.6
91,39,66.7
91,40,66.8
91,41,66.9
91,42,67.0
91,43,67.1
91,44,67.3
91,45,67.4
91,46,67.5
91,47,67.6
91,48,67.7
91,49,67.8
91,50,67.9
91,51,68.0
91,52,68.1
91,53,68.2
91,54,68.3
91,55,68.4
91,56,68.5
91,57,68.6
91,58,73.7
91,59,73.8
91,60,73.9
91,61,74.0
91,62,69.1
91,63,69.2
91,64,69.3
91,65,69.4
91,66,69.5
91,67,69.6
91,68,69.7
91,69,69.8
91,70,69.9
91,71,69.9
91,72,70.0
91,73,70.1
91,74,70.2
91,75,70.3
91,76,70.4
91,77,70.5
91,78,70.6
91,79,70.7
91,80,70.7
91,81,70.8
91,82,70.9
91,83,71.0
91,84,71.1
91,85,71.2
91,86,76.2
91,87,76.3
91,88,76.4
91,89,76.5
91,90,76.6
91,91,76.7
91,92,76.7
91,93,76.8
91,94,76.9
91,95,77.0
91,96,77.0
91,97,77.1
91,98,72.2
91,99,72.3
92,0,64.1
92,1,64.1
92,2,64.1
92,3,64.2
92,4,64.2
92,5,64.2
92,6,64.2
92,7,64.3
92,8,64.3
92,9,64.3
92,10,64.4
92,11,64.4
92,12,64.5
92,13,64.5
92,14,64.6
92,15,64.7
92,16,64.7
92,17,64.8
92,18,64.9
92,19,64.9
92,20,65.0
92,21,65.1
92,22,65.2
92,23,65.3
92,24,65.4
92,25,65.5
92,26,65.5
92,27,65.6
92,28,65.7
92,29,65.8
92,30,65.9
92,31,66.0
92,32,66.1
92,33,66.2
92,34,66.3
92,35,66.4
92,36,66.5
92,37,66.6
92,38,66.7
92,39,66.8
92,40,66.9
92,41,67.0
92,42,67.1
92,43,67.2
92,44,67.4
92,45,67.5
92,46,67.6
92,47,67.7
92,48,67.8
92,49,67.9
92,50,68.0
92,51,68.1
92,52,68.2
92,53,68.3
92,54,68.4
92,55,68.5
92,56,68.6
92,57,68.7
92,58,68.8
92,59,73.9
92,60,74.0
92,61,74.1
92,62,74.2
92,63,69.3
92,64,69.3
92,65,69.4
92,66,69.5
92,67,69.6
92,68,69.7
92,69,69.8
92,70,69.9
92,71,70.0
92,72,70.1
92,73,70.2
92,74,70.3
92,75,70.4
92,76,70.4
92,77,70.5
92,78,70.6
92,79,70.7
92,80,70.8
92,81,70.9
92,82,71.0
92,83,71.0
92,84,71.1
92,85,71.2
92,86,71.3
92,87,71.4
92,88,76.5
92,89,76.5
92,90,76.6
92,91,76.7
92,92,76.8
92,93,76.8
92,94,76.9
92,95,77.0
92,96,77.1
92,97,77.2
92,98,77.2
92,99,77.3
93,0,64.3
93,1,64.3
93,2,64.3
93,3,64.4
93,4,64.4
93,5,64.4
93,6,64.4
93,7,64.5
93,8,64.5
93,9,64.5
93,10,64.6
93,11,64.6
93,12,64.7
93,13,64.7
93,14,64.8
93,15,64.8
93,16,64.9
93,17,65.0
93,18,65.0
93,19,65.1
93,20,65.2
93,21,65.3
93,22,65.3
93,23,65.4
93,24,65.5
93,25,65.6
93,26,65.7
93,27,65.8
93,28,65.9
93,29,66.0
93,30,66.1
93,31,66.2
93,32,66.3
93,33,66.4
93,34,66.4
93,35,66.5
93,36,66.6
93,37,66.7
93,38,66.8
93,39,66.9
93,40,67.0
93,41,67.1
93,42,67.2
93,43,67.3
93,44,67.5
93,45,67.6
93,46,67.7
93,47,67.8
93,48,67.9
93,49,68.0
93,50,68.1
93,51,68.2
93,52,68.3
93,53,68.4
93,54,68.5
93,55,68.5
93,56,68.6
93,57,68.7
93,58,68.8
93,59,68.9
93,60,69.0
93,61,74.1
93,62,74.2
93,63,74.3
93,64,74.4
93,65,69.5
93,66,69.6
93,67,69.7
93,68,69.8
93,69,69.9
93,70,70.0
93,71,70.1
93,72,70.1
93,73,70.2
93,74,70.3
93,75,70.4
93,76,70.5
93,77,70.6
93,78,70.7
93,79,70.7
93,80,70.8
93,81,70.9
93,82,71.0
93,83,71.1
93,84,71.2
93,85,71.2
93,86,71.3
93,87,71.4
93,88,71.5
93,89,71.6
93,90,76.6
93,91,76.7
93,92,76.8
93,93,76.9
93,94,77.0
93,95,77.0
93,96,77.1
93,97,77.2
93,98,77.3
93,99,77.3
94,0,64.5
94,1,64.5
94,2,64.5
94,3,64.6
94,4,64.6
94,5,64.6
94,6,64.6
94,7,64.6
94,8,64.7
94,9,64.7
94,10,64.8
94,11,64.8
94,12,64.9
94,13,64.9
94,14,65.0
94,15,65.0
94,16,65.1
94,17,65.1
94,18,65.2
94,19,65.3
94,20,65.4
94,21,65.4
94,22,65.5
94,23,65.6
94,24,65.7
94,25,65.8
94,26,65.8
94,27,65.9
94,28,66.0
94,29,66.1
94,30,66.2
94,31,66.3
94,32,66.4
94,33,66.5
94,34,66.6
94,35,66.7
94,36,66.8
94,37,66.9
94,38,67.0
94,39,67.1
94,40,67.2
94,41,67.3
94,42,67.4
94,43,67.5
94,44,67.5
94,45,67.6
94,46,67.7
94,47,67.8
94,48,67.9
94,49,68.0
94,50,68.1
94,51,68.2
94,52,68.3
94,53,68.4
94,54,68.5
94,55,68.6
94,56,68.7
94,57,68.8
94,58,68.9
94,59,69.0
94,60,69.1
94,61,69.2
94,62,74.3
94,63,74.4
94,64,74.5
94,65,74.6
94,66,69.7
94,67,69.7
94,68,69.8
94,69,69.9
94,70,70.0
94,71,70.1
94,72,70.2
94,73,70.3
94,74,70.4
94,75,70.5
94,76,70.5
94,77,70.6
94,78,70.7
94,79,70.8
94,80,70.9
94,81,71.0
94,82,71.0
94,83,71.1
94,84,71.2
94,85,71.3
94,86,71.4
94,87,71.4
94,88,71.5
94,89,71.6
94,90,71.7
94,91,71.8
94,92,71.8
94,93,76.9
94,94,77.0
94,95,77.1
94,96,77.1
94,97,77.2
94,98,77.3
94,99,77.4
95,0,64.7
95,1,64.7
95,2,64.7
95,3,64.8
95,4,64.8
95,5,64.8
95,6,64.8
95,7,64.8
95,8,64.9
95,9,64.9
95,10,64.9
95,11,65.0
95,12,65.0
95,13,65.1
95,14,65.1
95,15,65.2
95,16,65.3
95,17,65.3
95,18,65.4
95,19,65.4
95,20,65.5
95,21,65.6
95,22,65.7
95,23,65.7
95,24,65.8
95,25,65.9
95,26,66.0
95,27,66.1
95,28,66.2
95,29,66.2
95,30,66.3
95,31,66.4
95,32,66.5
95,33,66.6
95,34,66.7
95,35,66.8
95,36,66.9
95,37,67.0
95,38,67.1
95,39,67.2
95,40,67.3
95,41,67.4
95,42,67.5
95,43,67.6
95,44,67.6
95,45,67.7
95,46,67.8
95,47,67.9
95,48,68.0
95,49,68.1
95,50,68.2
95,51,68.3
95,52,68.4
95,53,68.5
95,54,68.6
95,55,68.7
95,56,68.8
95,57,68.9
95,58,69.0
95,59,69.1
95,60,69.2
95,61,69.3
95,62,69.4
95,63,69.4
95,64,74.5
95,65,74.6
95,66,74.7
95,67,69.8
95,68,69.9
95,69,70.0
95,70,70.1
95,71,70.2
95,72,70.2
95,73,70.3
95,74,70.4
95,75,70.5
95,76,70.6
95,77,70.7
95,78,70.8
95,79,70.8
95,80,70.9
95,81,71.0
95,82,71.1
95,83,71.2
95,84,71.3
95,85,71.3
95,86,71.4
95,87,71.5
95,88,71.6
95,89,71.6
95,90,71.7
95,91,71.8
95,92,71.9
95,93,72.0
95,94,72.0
95,95,77.1
95,96,77.2
95,97,77.3
95,98,77.3
95,99,77.4
96,0,64.9
96,1,64.9
96,2,64.9
96,3,64.9
96,4,65.0
96,5,65.0
96,6,65.0
96,7,65.0
96,8,65.1
96,9,65.1
96,10,65.1
96,11,65.2
96,12,65.2
96,13,65.3
96,14,65.3
96,15,65.4
96,16,65.4
96,17,65.5
96,18,65.5
96,19,65.6
96,20,65.7
96,21,65.7
96,22,65.8
96,23,65.9
96,24,66.0
96,25,66.0
96,26,66.1
96,27,66.2
96,28,66.3
96,29,66.4
96,30,66.5
96,31,66.6
96,32,66.6
96,33,66.7
96,34,66.8
96,35,66.9
96,36,67.0
96,37,67.1
96,38,67.2
96,39,67.3
96,40,67.4
96,41,67.5
96,42,67.6
96,43,67.7
96,44,67.7
96,45,67.8
96,46,67.9
96,47,68.0
96,48,68.1
96,49,68.2
96,50,68.3
96,51,68.4
96,52,68.5
96,53,68.6
96,54,68.7
96,55,68.8
96,56,68.9
96,57,69.0
96,58,69.1
96,59,69.1
96,60,69.2
96,61,69.3
96,62,69.4
96,63,69.5
96,64,69.6
96,65,74.7
96,66,74.8
96,67,74.9
96,68,75.0
96,69,70.0
96,70,70.1
96,71,70.2
96,72,70.3
96,73,70.4
96,74,70.5
96,75,70.6
96,76,70.6
96,77,70.7
96,78,70.8
96,79,70.9
96,80,71.0
96,81,71.1
96,82,71.1
96,83,71.2
96,84,71.3
96,85,71.4
96,86,71.5
96,87,71.5
96,88,71.6
96,89,71.7
96,90,71.8
96,91,71.8
96,92,71.9
96,93,72.0
96,94,72.1
96,95,72.1
96,96,72.2
96,97,77.3
96,98,77.4
96,99,77.4
97,0,65.1
97,1,65.1
97,2,65.1
97,3,65.1
97,4,65.1
97,5,65.2
97,6,65.2
97,7,65.2
97,8,65.2
97,9,65.3
97,10,65.3
97,11,65.3
97,12,65.4
97,13,65.4
97,14,65.5
97,15,65.5
97,16,65.6
97,17,65.6
97,18,65.7
97,19,65.8
97,20,65.8
97,21,65.9
97,22,66.0
97,23,66.0
97,24,66.1
97,25,66.2
97,26,66.3
97,27,66.4
97,28,66.4
97,29,66.5
97,30,66.6
97,31,66.7
97,32,66.8
97,33,66.9
97,34,66.9
97,35,67.0
97,36,67.1
97,37,67.2
97,38,67.3
97,39,67.4
97,40,67.5
97,41,67.6
97,42,67.7
97,43,67.8
97,44,67.8
97,45,67.9
97,46,68.0
97,47,68.1
97,48,68.2
97,49,68.3
97,50,68.4
97,51,68.5
97,52,68.6
97,53,68.7
97,54,68.8
97,55,68.9
97,56,68.9
97,57,69.0
97,58,69.1
97,59,69.2
97,60,69.3
97,61,69.4
97,62,69.5
97,63,69.6
97,64,69.7
97,65,69.8
97,66,74.8
97,67,74.9
97,68,75.0
97,69,75.1
97,70,70.2
97,71,70.3
97,72,70.4
97,73,70.4
97,74,70.5
97,75,70.6
97,76,70.7
97,77,70.8
97,78,70.9
97,79,70.9
97,80,71.0
97,81,71.1
97,82,71.2
97,83,71.3
97,84,71.3
97,85,71.4
97,86,71.5
97,87,71.6
97,88,71.6
97,89,71.7
97,90,71.8
97,91,71.9
97,92,72.0
97,93,72.0
97,94,72.1
97,95,72.2
97,96,72.2
97,97,72.3
97,98,72.4
97,99,77.5
98,0,65.3
98,1,65.3
98,2,65.3
98,3,65.3
98,4,65.3
98,5,65.3
98,6,65.4
98,7,65.4
98,8,65.4
98,9,65.4
98,10,65.5
98,11,65.5
98,12,65.6
98,13,65.6
98,14,65.6
98,15,65.7
98,16,65.8
98,17,65.8
98,18,65.9
98,19,65.9
98,20,66.0
98,21,66.1
98,22,66.1
98,23,66.2
98,24,66.3
98,25,66.3
98,26,66.4
98,27,66.5
98,28,66.6
98,29,66.6
98,30,66.7
98,31,66.8
98,32,66.9
98,33,67.0
98,34,67.1
98,35,67.1
98,36,67.2
98,37,67.3
98,38,67.4
98,39,67.5
98,40,67.6
98,41,67.7
98,42,67.8
98,43,67.9
98,44,67.9
98,45,68.0
98,46,68.1
98,47,68.2
98,48,68.3
98,49,68.4
98,50,68.5
98,51,68.6
98,52,68.7
98,53,68.8
98,54,68.8
98,55,68.9
98,56,69.0
98,57,69.1
98,58,69.2
98,59,69.3
98,60,69.4
98,61,69.5
98,62,69.6
98,63,69.6
98,64,69.7
98,65,69.8
98,66,69.9
98,67,70.0
98,68,75.1
98,69,75.2
98,70,75.2
98,71,75.3
98,72,70.4
98,73,70.5
98,74,70.6
98,75,70.7
98,76,70.7
98,77,70.8
98,78,70.9
98,79,71.0
98,80,71.1
98,81,71.1
98,82,71.2
98,83,71.3
98,84,71.4
98,85,71.5
98,86,71.5
98,87,71.6
98,88,71.7
98,89,71.8
98,90,71.8
98,91,71.9
98,92,72.0
98,93,72.1
98,94,72.1
98,95,72.2
98,96,72.3
98,97,72.4
98,98,72.4
98,99,72.5
99,0,65.5
99,1,65.5
99,2,65.5
99,3,65.5
99,4,65.5
99,5,65.5
99,6,65.5
99,7,65.6
99,8,65.6
99,9,65.6
99,10,65.7
99,11,65.7
99,12,65.7
99,13,65.8
99,14,65.8
99,15,65.9
99,16,65.9
99,17,66.0
99,18,66.0
99,19,66.1
99,20,66.1
99,21,66.2
99,22,66.3
99,23,66.3
99,24,66.4
99,25,66.5
99,26,66.6
99,27,66.6
99,28,66.7
99,29,66.8
99,30,66.9
99,31,66.9
99,32,67.0
99,33,67.1
99,34,67.2
99,35,67.3
99,36,67.3
99,37,67.4
99,38,67.5
99,39,67.6
99,40,67.7
99,41,67.8
99,42,67.9
99,43,68.0
99,44,68.0
99,45,68.1
99,46,68.2
99,47,68.3
99,48,68.4
99,49,68.5
99,50,68.6
99,51,68.7
99,52,68.8
99,53,68.8
99,54,68.9
99,55,69.0
99,56,69.1
99,57,69.2
99,58,69.3
99,59,69.4
99,60,69.5
99,61,69.5
99,62,69.6
99,63,69.7
99,64,69.8
99,65,69.9
99,66,70.0
99,67,70.1
99,68,70.1
99,69,75.2
99,70,75.3
99,71,75.4
99,72,75.5
99,73,70.6
99,74,70.6
99,75,70.7
99,76,70.8
99,77,70.9
99,78,71.0
99,79,71.0
99,80,71.1
99,81,71.2
99,82,71.3
99,83,71.4
99,84,71.4
99,85,71.5
99,86,71.6
99,87,71.7
99,88,71.7
99,89,71.8
99,90,71.9
99,91,72.0
99,92,72.0
99,93,72.1
99,94,72.2
99,95,72.2
99,96,72.3
99,97,72.4
99,98,72.5
99,99,72.5
