-3.141592653589793116e+00,-1.224646799147353207e-16
-3.140592653589793226e+00,-9.999998333333540417e-04
-3.139592653589793336e+00,-1.999998666666835678e-03
-3.138592653589793446e+00,-2.999995500001816952e-03
-3.137592653589793557e+00,-3.999989333341548610e-03
-3.136592653589793667e+00,-4.999979166692280520e-03
-3.135592653589793777e+00,-5.999964000064261956e-03
-3.134592653589793887e+00,-6.999942833472743396e-03
-3.133592653589793997e+00,-7.999914666938974864e-03
-3.132592653589794107e+00,-8.999878500491205122e-03
-3.131592653589794217e+00,-9.999833334165686080e-03
-3.130592653589794327e+00,-1.099977816800766506e-02
-3.129592653589794438e+00,-1.199971200207239352e-02
-3.128592653589794548e+00,-1.299963383642611936e-02
-3.127592653589794658e+00,-1.399954267114709300e-02
-3.126592653589794768e+00,-1.499943750632656142e-02
-3.125592653589794878e+00,-1.599931734206977429e-02
-3.124592653589794988e+00,-1.699918117849697624e-02
-3.123592653589795098e+00,-1.799902801574441991e-02
-3.122592653589795209e+00,-1.899885685396534435e-02
-3.121592653589795319e+00,-1.999866669333099853e-02
-3.120592653589795429e+00,-2.099845653403162662e-02
-3.119592653589795539e+00,-2.199822537627747071e-02
-3.118592653589795649e+00,-2.299797222029977342e-02
-3.117592653589795759e+00,-2.399769606635177022e-02
-3.116592653589795869e+00,-2.499739591470969899e-02
-3.115592653589795979e+00,-2.599707076567379926e-02
-3.114592653589796090e+00,-2.699671961956930100e-02
-3.113592653589796200e+00,-2.799634147674743070e-02
-3.112592653589796310e+00,-2.899593533758641414e-02
-3.111592653589796420e+00,-2.999550020249247897e-02
-3.110592653589796530e+00,-3.099503507190084356e-02
-3.109592653589796640e+00,-3.199453894627671269e-02
-3.108592653589796750e+00,-3.299401082611631147e-02
-3.107592653589796861e+00,-3.399344971194782211e-02
-3.106592653589796971e+00,-3.499285460433246286e-02
-3.105592653589797081e+00,-3.599222450386541095e-02
-3.104592653589797191e+00,-3.699155841117685722e-02
-3.103592653589797301e+00,-3.799085532693297074e-02
-3.102592653589797411e+00,-3.899011425183692564e-02
-3.101592653589797521e+00,-3.998933418662987960e-02
-3.100592653589797631e+00,-4.098851413209197991e-02
-3.099592653589797742e+00,-4.198765308904336274e-02
-3.098592653589797852e+00,-4.298675005834515228e-02
-3.097592653589797962e+00,-4.398580404090046692e-02
-3.096592653589798072e+00,-4.498481403765540454e-02
-3.095592653589798182e+00,-4.598377904960005563e-02
-3.094592653589798292e+00,-4.698269807776949553e-02
-3.093592653589798402e+00,-4.798157012324476278e-02
-3.092592653589798513e+00,-4.898039418715390697e-02
-3.091592653589798623e+00,-4.997916927067295317e-02
-3.090592653589798733e+00,-5.097789437502688731e-02
-3.089592653589798843e+00,-5.197656850149069696e-02
-3.088592653589798953e+00,-5.297519065139033589e-02
-3.087592653589799063e+00,-5.397375982610373713e-02
-3.086592653589799173e+00,-5.497227502706180519e-02
-3.085592653589799284e+00,-5.597073525574943614e-02
-3.084592653589799394e+00,-5.696913951370646823e-02
-3.083592653589799504e+00,-5.796748680252874347e-02
-3.082592653589799614e+00,-5.896577612386903755e-02
-3.081592653589799724e+00,-5.996400647943812834e-02
-3.080592653589799834e+00,-6.096217687100573268e-02
-3.079592653589799944e+00,-6.196028630040154722e-02
-3.078592653589800054e+00,-6.295833376951621985e-02
-3.077592653589800165e+00,-6.395631828030237664e-02
-3.076592653589800275e+00,-6.495423883477557947e-02
-3.075592653589800385e+00,-6.595209443501535984e-02
-3.074592653589800495e+00,-6.694988408316621120e-02
-3.073592653589800605e+00,-6.794760678143854649e-02
-3.072592653589800715e+00,-6.894526153210976671e-02
-3.071592653589800825e+00,-6.994284733752519079e-02
-3.070592653589800936e+00,-7.094036320009912411e-02
-3.069592653589801046e+00,-7.193780812231576061e-02
-3.068592653589801156e+00,-7.293518110673026522e-02
-3.067592653589801266e+00,-7.393248115596974535e-02
-3.066592653589801376e+00,-7.492970727273422227e-02
-3.065592653589801486e+00,-7.592685845979768589e-02
-3.064592653589801596e+00,-7.692393372000901064e-02
-3.063592653589801706e+00,-7.792093205629302410e-02
-3.062592653589801817e+00,-7.891785247165146455e-02
-3.061592653589801927e+00,-7.991469396916402179e-02
-3.060592653589802037e+00,-8.091145555198926698e-02
-3.059592653589802147e+00,-8.190813622336570732e-02
-3.058592653589802257e+00,-8.290473498661274365e-02
-3.057592653589802367e+00,-8.390125084513171128e-02
-3.056592653589802477e+00,-8.489768280240682363e-02
-3.055592653589802588e+00,-8.589402986200619927e-02
-3.054592653589802698e+00,-8.689029102758287493e-02
-3.053592653589802808e+00,-8.788646530287576308e-02
-3.052592653589802918e+00,-8.888255169171067893e-02
-3.051592653589803028e+00,-8.987854919800129794e-02
-3.050592653589803138e+00,-9.087445682575021055e-02
-3.049592653589803248e+00,-9.187027357904987979e-02
-3.048592653589803358e+00,-9.286599846208362652e-02
-3.047592653589803469e+00,-9.386163047912664259e-02
-3.046592653589803579e+00,-9.485716863454700387e-02
-3.045592653589803689e+00,-9.585261193280662784e-02
-3.044592653589803799e+00,-9.684795937846231439e-02
-3.043592653589803909e+00,-9.784320997616670346e-02
-3.042592653589804019e+00,-9.883836273066926026e-02
-3.041592653589804129e+00,-9.983341664681731620e-02
-3.040592653589804240e+00,-1.008283707295570542e-01
-3.039592653589804350e+00,-1.018232239839344522e-01
-3.038592653589804460e+00,-1.028179754150963660e-01
-3.037592653589804570e+00,-1.038126240282914309e-01
-3.036592653589804680e+00,-1.048071688288711167e-01
-3.035592653589804790e+00,-1.058016088222906992e-01
-3.034592653589804900e+00,-1.067959430141102867e-01
-3.033592653589805010e+00,-1.077901704099957503e-01
-3.032592653589805121e+00,-1.087842900157197923e-01
-3.031592653589805231e+00,-1.097783008371628899e-01
-3.030592653589805341e+00,-1.107722018803142944e-01
-3.029592653589805451e+00,-1.117659921512730442e-01
-3.028592653589805561e+00,-1.127596706562489642e-01
-3.027592653589805671e+00,-1.137532364015636233e-01
-3.026592653589805781e+00,-1.147466883936513471e-01
-3.025592653589805892e+00,-1.157400256390602594e-01
-3.024592653589806002e+00,-1.167332471444531700e-01
-3.023592653589806112e+00,-1.177263519166086569e-01
-3.022592653589806222e+00,-1.187193389624220385e-01
-3.021592653589806332e+00,-1.197122072889063582e-01
-3.020592653589806442e+00,-1.207049559031933700e-01
-3.019592653589806552e+00,-1.216975838125345238e-01
-3.018592653589806662e+00,-1.226900900243020204e-01
-3.017592653589806773e+00,-1.236824735459896990e-01
-3.016592653589806883e+00,-1.246747333852141482e-01
-3.015592653589806993e+00,-1.256668685497155935e-01
-3.014592653589807103e+00,-1.266588780473589804e-01
-3.013592653589807213e+00,-1.276507608861348619e-01
-3.012592653589807323e+00,-1.286425160741604956e-01
-3.011592653589807433e+00,-1.296341426196807867e-01
-3.010592653589807544e+00,-1.306256395310692597e-01
-3.009592653589807654e+00,-1.316170058168290580e-01
-3.008592653589807764e+00,-1.326082404855940533e-01
-3.007592653589807874e+00,-1.335993425461295681e-01
-3.006592653589807984e+00,-1.345903110073337072e-01
-3.005592653589808094e+00,-1.355811448782380246e-01
-3.004592653589808204e+00,-1.365718431680087719e-01
-3.003592653589808315e+00,-1.375624048859477588e-01
-3.002592653589808425e+00,-1.385528290414932973e-01
-3.001592653589808535e+00,-1.395431146442213388e-01
-3.000592653589808645e+00,-1.405332607038463633e-01
-2.999592653589808755e+00,-1.415232662302224054e-01
-2.998592653589808865e+00,-1.425131302333439987e-01
-2.997592653589808975e+00,-1.435028517233472578e-01
-2.996592653589809085e+00,-1.444924297105107391e-01
-2.995592653589809196e+00,-1.454818632052565508e-01
-2.994592653589809306e+00,-1.464711512181512687e-01
-2.993592653589809416e+00,-1.474602927599069913e-01
-2.992592653589809526e+00,-1.484492868413822275e-01
-2.991592653589809636e+00,-1.494381324735830074e-01
-2.990592653589809746e+00,-1.504268286676637700e-01
-2.989592653589809856e+00,-1.514153744349283903e-01
-2.988592653589809967e+00,-1.524037687868311786e-01
-2.987592653589810077e+00,-1.533920107349779072e-01
-2.986592653589810187e+00,-1.543800992911266712e-01
-2.985592653589810297e+00,-1.553680334671890262e-01
-2.984592653589810407e+00,-1.563558122752308488e-01
-2.983592653589810517e+00,-1.573434347274734191e-01
-2.982592653589810627e+00,-1.583308998362943643e-01
-2.981592653589810737e+00,-1.593182066142286857e-01
-2.980592653589810848e+00,-1.603053540739696747e-01
-2.979592653589810958e+00,-1.612923412283699398e-01
-2.978592653589811068e+00,-1.622791670904424055e-01
-2.977592653589811178e+00,-1.632658306733613118e-01
-2.976592653589811288e+00,-1.642523309904631579e-01
-2.975592653589811398e+00,-1.652386670552477010e-01
-2.974592653589811508e+00,-1.662248378813789562e-01
-2.973592653589811619e+00,-1.672108424826861950e-01
-2.972592653589811729e+00,-1.681966798731648616e-01
-2.971592653589811839e+00,-1.691823490669776830e-01
-2.970592653589811949e+00,-1.701678490784555298e-01
-2.969592653589812059e+00,-1.711531789220984978e-01
-2.968592653589812169e+00,-1.721383376125767695e-01
-2.967592653589812279e+00,-1.731233241647318066e-01
-2.966592653589812389e+00,-1.741081375935771003e-01
-2.965592653589812500e+00,-1.750927769142993085e-01
-2.964592653589812610e+00,-1.760772411422591721e-01
-2.963592653589812720e+00,-1.770615292929925977e-01
-2.962592653589812830e+00,-1.780456403822114619e-01
-2.961592653589812940e+00,-1.790295734258048055e-01
-2.960592653589813050e+00,-1.800133274398396099e-01
-2.959592653589813160e+00,-1.809969014405619914e-01
-2.958592653589813271e+00,-1.819802944443980330e-01
-2.957592653589813381e+00,-1.829635054679547845e-01
-2.956592653589813491e+00,-1.839465335280212888e-01
-2.955592653589813601e+00,-1.849293776415696366e-01
-2.954592653589813711e+00,-1.859120368257557165e-01
-2.953592653589813821e+00,-1.868945100979204910e-01
-2.952592653589813931e+00,-1.878767964755907183e-01
-2.951592653589814041e+00,-1.888588949764801461e-01
-2.950592653589814152e+00,-1.898408046184903442e-01
-2.949592653589814262e+00,-1.908225244197117032e-01
-2.948592653589814372e+00,-1.918040533984245732e-01
-2.947592653589814482e+00,-1.927853905731000406e-01
-2.946592653589814592e+00,-1.937665349624009825e-01
-2.945592653589814702e+00,-1.947474855851831221e-01
-2.944592653589814812e+00,-1.957282414604958887e-01
-2.943592653589814923e+00,-1.967088016075835000e-01
-2.942592653589815033e+00,-1.976891650458859062e-01
-2.941592653589815143e+00,-1.986693307950397613e-01
-2.940592653589815253e+00,-1.996492978748793390e-01
-2.939592653589815363e+00,-2.006290653054376982e-01
-2.938592653589815473e+00,-2.016086321069474885e-01
-2.937592653589815583e+00,-2.025879972998419487e-01
-2.936592653589815693e+00,-2.035671599047559899e-01
-2.935592653589815804e+00,-2.045461189425271109e-01
-2.934592653589815914e+00,-2.055248734341963146e-01
-2.933592653589816024e+00,-2.065034224010092179e-01
-2.932592653589816134e+00,-2.074817648644169399e-01
-2.931592653589816244e+00,-2.084598998460770736e-01
-2.930592653589816354e+00,-2.094378263678547403e-01
-2.929592653589816464e+00,-2.104155434518234780e-01
-2.928592653589816575e+00,-2.113930501202663237e-01
-2.927592653589816685e+00,-2.123703453956766463e-01
-2.926592653589816795e+00,-2.133474283007592842e-01
-2.925592653589816905e+00,-2.143242978584313785e-01
-2.924592653589817015e+00,-2.153009530918234826e-01
-2.923592653589817125e+00,-2.162773930242804510e-01
-2.922592653589817235e+00,-2.172536166793624102e-01
-2.921592653589817346e+00,-2.182296230808457860e-01
-2.920592653589817456e+00,-2.192054112527242749e-01
-2.919592653589817566e+00,-2.201809802192097876e-01
-2.918592653589817676e+00,-2.211563290047334207e-01
-2.917592653589817786e+00,-2.221314566339464835e-01
-2.916592653589817896e+00,-2.231063621317214141e-01
-2.915592653589818006e+00,-2.240810445231528059e-01
-2.914592653589818116e+00,-2.250555028335583518e-01
-2.913592653589818227e+00,-2.260297360884798157e-01
-2.912592653589818337e+00,-2.270037433136840310e-01
-2.911592653589818447e+00,-2.279775235351638452e-01
-2.910592653589818557e+00,-2.289510757791391182e-01
-2.909592653589818667e+00,-2.299243990720577224e-01
-2.908592653589818777e+00,-2.308974924405963747e-01
-2.907592653589818887e+00,-2.318703549116618579e-01
-2.906592653589818998e+00,-2.328429855123917425e-01
-2.905592653589819108e+00,-2.338153832701554968e-01
-2.904592653589819218e+00,-2.347875472125554863e-01
-2.903592653589819328e+00,-2.357594763674278338e-01
-2.902592653589819438e+00,-2.367311697628434464e-01
-2.901592653589819548e+00,-2.377026264271090428e-01
-2.900592653589819658e+00,-2.386738453887679856e-01
-2.899592653589819768e+00,-2.396448256766014751e-01
-2.898592653589819879e+00,-2.406155663196292149e-01
-2.897592653589819989e+00,-2.415860663471107173e-01
-2.896592653589820099e+00,-2.425563247885459961e-01
-2.895592653589820209e+00,-2.435263406736767056e-01
-2.894592653589820319e+00,-2.444961130324870280e-01
-2.893592653589820429e+00,-2.454656408952046731e-01
-2.892592653589820539e+00,-2.464349232923019051e-01
-2.891592653589820650e+00,-2.474039592544963750e-01
-2.890592653589820760e+00,-2.483727478127522037e-01
-2.889592653589820870e+00,-2.493412879982809249e-01
-2.888592653589820980e+00,-2.503095788425424018e-01
-2.887592653589821090e+00,-2.512776193772459088e-01
-2.886592653589821200e+00,-2.522454086343510204e-01
-2.885592653589821310e+00,-2.532129456460684436e-01
-2.884592653589821420e+00,-2.541802294448614052e-01
-2.883592653589821531e+00,-2.551472590634460413e-01
-2.882592653589821641e+00,-2.561140335347928954e-01
-2.881592653589821751e+00,-2.570805518921275290e-01
-2.880592653589821861e+00,-2.580468131689317435e-01
-2.879592653589821971e+00,-2.590128163989442456e-01
-2.878592653589822081e+00,-2.599785606161619800e-01
-2.877592653589822191e+00,-2.609440448548407399e-01
-2.876592653589822302e+00,-2.619092681494963881e-01
-2.875592653589822412e+00,-2.628742295349056901e-01
-2.874592653589822522e+00,-2.638389280461074238e-01
-2.873592653589822632e+00,-2.648033627184030459e-01
-2.872592653589822742e+00,-2.657675325873580241e-01
-2.871592653589822852e+00,-2.667314366888026145e-01
-2.870592653589822962e+00,-2.676950740588326938e-01
-2.869592653589823072e+00,-2.686584437338110365e-01
-2.868592653589823183e+00,-2.696215447503679807e-01
-2.867592653589823293e+00,-2.705843761454027052e-01
-2.866592653589823403e+00,-2.715469369560838397e-01
-2.865592653589823513e+00,-2.725092262198506310e-01
-2.864592653589823623e+00,-2.734712429744138862e-01
-2.863592653589823733e+00,-2.744329862577569723e-01
-2.862592653589823843e+00,-2.753944551081366487e-01
-2.861592653589823954e+00,-2.763556485640842331e-01
-2.860592653589824064e+00,-2.773165656644062116e-01
-2.859592653589824174e+00,-2.782772054481856827e-01
-2.858592653589824284e+00,-2.792375669547828565e-01
-2.857592653589824394e+00,-2.801976492238363869e-01
-2.856592653589824504e+00,-2.811574512952640381e-01
-2.855592653589824614e+00,-2.821169722092637944e-01
-2.854592653589824724e+00,-2.830762110063148596e-01
-2.853592653589824835e+00,-2.840351667271784897e-01
-2.852592653589824945e+00,-2.849938384128991031e-01
-2.851592653589825055e+00,-2.859522251048050578e-01
-2.850592653589825165e+00,-2.869103258445097060e-01
-2.849592653589825275e+00,-2.878681396739124487e-01
-2.848592653589825385e+00,-2.888256656351994578e-01
-2.847592653589825495e+00,-2.897829027708449523e-01
-2.846592653589825606e+00,-2.907398501236118094e-01
-2.845592653589825716e+00,-2.916965067365527298e-01
-2.844592653589825826e+00,-2.926528716530112928e-01
-2.843592653589825936e+00,-2.936089439166225112e-01
-2.842592653589826046e+00,-2.945647225713143302e-01
-2.841592653589826156e+00,-2.955202066613081269e-01
-2.840592653589826266e+00,-2.964753952311198759e-01
-2.839592653589826377e+00,-2.974302873255610935e-01
-2.838592653589826487e+00,-2.983848819897397808e-01
-2.837592653589826597e+00,-2.993391782690613678e-01
-2.836592653589826707e+00,-3.002931752092296014e-01
-2.835592653589826817e+00,-3.012468718562476555e-01
-2.834592653589826927e+00,-3.022002672564189640e-01
-2.833592653589827037e+00,-3.031533604563481643e-01
-2.832592653589827147e+00,-3.041061505029422074e-01
-2.831592653589827258e+00,-3.050586364434110798e-01
-2.830592653589827368e+00,-3.060108173252689689e-01
-2.829592653589827478e+00,-3.069626921963349853e-01
-2.828592653589827588e+00,-3.079142601047343830e-01
-2.827592653589827698e+00,-3.088655200988993932e-01
-2.826592653589827808e+00,-3.098164712275700006e-01
-2.825592653589827918e+00,-3.107671125397951650e-01
-2.824592653589828029e+00,-3.117174430849337097e-01
-2.823592653589828139e+00,-3.126674619126552090e-01
-2.822592653589828249e+00,-3.136171680729407663e-01
-2.821592653589828359e+00,-3.145665606160844563e-01
-2.820592653589828469e+00,-3.155156385926936591e-01
-2.819592653589828579e+00,-3.164644010536906138e-01
-2.818592653589828689e+00,-3.174128470503129185e-01
-2.817592653589828799e+00,-3.183609756341145847e-01
-2.816592653589828910e+00,-3.193087858569671478e-01
-2.815592653589829020e+00,-3.202562767710604441e-01
-2.814592653589829130e+00,-3.212034474289037211e-01
-2.813592653589829240e+00,-3.221502968833262481e-01
-2.812592653589829350e+00,-3.230968241874788149e-01
-2.811592653589829460e+00,-3.240430283948340651e-01
-2.810592653589829570e+00,-3.249889085591879390e-01
-2.809592653589829681e+00,-3.259344637346603957e-01
-2.808592653589829791e+00,-3.268796929756961900e-01
-2.807592653589829901e+00,-3.278245953370663157e-01
-2.806592653589830011e+00,-3.287691698738683943e-01
-2.805592653589830121e+00,-3.297134156415280071e-01
-2.804592653589830231e+00,-3.306573316957994169e-01
-2.803592653589830341e+00,-3.316009170927667338e-01
-2.802592653589830451e+00,-3.325441708888445258e-01
-2.801592653589830562e+00,-3.334870921407792066e-01
-2.800592653589830672e+00,-3.344296799056495351e-01
-2.799592653589830782e+00,-3.353719332408677811e-01
-2.798592653589830892e+00,-3.363138512041807804e-01
-2.797592653589831002e+00,-3.372554328536706003e-01
-2.796592653589831112e+00,-3.381966772477556504e-01
-2.795592653589831222e+00,-3.391375834451916260e-01
-2.794592653589831333e+00,-3.400781505050724518e-01
-2.793592653589831443e+00,-3.410183774868310591e-01
-2.792592653589831553e+00,-3.419582634502406626e-01
-2.791592653589831663e+00,-3.428978074554152600e-01
-2.790592653589831773e+00,-3.438370085628110195e-01
-2.789592653589831883e+00,-3.447758658332268356e-01
-2.788592653589831993e+00,-3.457143783278055493e-01
-2.787592653589832103e+00,-3.466525451080347264e-01
-2.786592653589832214e+00,-3.475903652357477669e-01
-2.785592653589832324e+00,-3.485278377731244603e-01
-2.784592653589832434e+00,-3.494649617826924293e-01
-2.783592653589832544e+00,-3.504017363273277952e-01
-2.782592653589832654e+00,-3.513381604702559557e-01
-2.781592653589832764e+00,-3.522742332750529726e-01
-2.780592653589832874e+00,-3.532099538056460708e-01
-2.779592653589832985e+00,-3.541453211263148049e-01
-2.778592653589833095e+00,-3.550803343016918912e-01
-2.777592653589833205e+00,-3.560149923967643182e-01
-2.776592653589833315e+00,-3.569492944768739573e-01
-2.775592653589833425e+00,-3.578832396077188949e-01
-2.774592653589833535e+00,-3.588168268553540430e-01
-2.773592653589833645e+00,-3.597500552861922496e-01
-2.772592653589833755e+00,-3.606829239670051312e-01
-2.771592653589833866e+00,-3.616154319649240723e-01
-2.770592653589833976e+00,-3.625475783474412239e-01
-2.769592653589834086e+00,-3.634793621824102816e-01
-2.768592653589834196e+00,-3.644107825380473731e-01
-2.767592653589834306e+00,-3.653418384829323351e-01
-2.766592653589834416e+00,-3.662725290860092686e-01
-2.765592653589834526e+00,-3.672028534165875935e-01
-2.764592653589834637e+00,-3.681328105443431031e-01
-2.763592653589834747e+00,-3.690623995393187973e-01
-2.762592653589834857e+00,-3.699916194719256590e-01
-2.761592653589834967e+00,-3.709204694129439317e-01
-2.760592653589835077e+00,-3.718489484335236739e-01
-2.759592653589835187e+00,-3.727770556051859807e-01
-2.758592653589835297e+00,-3.737047899998237055e-01
-2.757592653589835408e+00,-3.746321506897026254e-01
-2.756592653589835518e+00,-3.755591367474620523e-01
-2.755592653589835628e+00,-3.764857472461159982e-01
-2.754592653589835738e+00,-3.774119812590541190e-01
-2.753592653589835848e+00,-3.783378378600423808e-01
-2.752592653589835958e+00,-3.792633161232243921e-01
-2.751592653589836068e+00,-3.801884151231217923e-01
-2.750592653589836178e+00,-3.811131339346358060e-01
-2.749592653589836289e+00,-3.820374716330476317e-01
-2.748592653589836399e+00,-3.829614272940196629e-01
-2.747592653589836509e+00,-3.838849999935963209e-01
-2.746592653589836619e+00,-3.848081888082049984e-01
-2.745592653589836729e+00,-3.857309928146568923e-01
-2.744592653589836839e+00,-3.866534110901481136e-01
-2.743592653589836949e+00,-3.875754427122605206e-01
-2.742592653589837060e+00,-3.884970867589624399e-01
-2.741592653589837170e+00,-3.894183423086100548e-01
-2.740592653589837280e+00,-3.903392084399477380e-01
-2.739592653589837390e+00,-3.912596842321095503e-01
-2.738592653589837500e+00,-3.921797687646197406e-01
-2.737592653589837610e+00,-3.930994611173938003e-01
-2.736592653589837720e+00,-3.940187603707395736e-01
-2.735592653589837830e+00,-3.949376656053577572e-01
-2.734592653589837941e+00,-3.958561759023432325e-01
-2.733592653589838051e+00,-3.967742903431858426e-01
-2.732592653589838161e+00,-3.976920080097711696e-01
-2.731592653589838271e+00,-3.986093279843815895e-01
-2.730592653589838381e+00,-3.995262493496972711e-01
-2.729592653589838491e+00,-4.004427711887968977e-01
-2.728592653589838601e+00,-4.013588925851586664e-01
-2.727592653589838712e+00,-4.022746126226613428e-01
-2.726592653589838822e+00,-4.031899303855849270e-01
-2.725592653589838932e+00,-4.041048449586117086e-01
-2.724592653589839042e+00,-4.050193554268272100e-01
-2.723592653589839152e+00,-4.059334608757210194e-01
-2.722592653589839262e+00,-4.068471603911877899e-01
-2.721592653589839372e+00,-4.077604530595280719e-01
-2.720592653589839482e+00,-4.086733379674492572e-01
-2.719592653589839593e+00,-4.095858142020665782e-01
-2.718592653589839703e+00,-4.104978808509037735e-01
-2.717592653589839813e+00,-4.114095370018943654e-01
-2.716592653589839923e+00,-4.123207817433822142e-01
-2.715592653589840033e+00,-4.132316141641226848e-01
-2.714592653589840143e+00,-4.141420333532834785e-01
-2.713592653589840253e+00,-4.150520384004453556e-01
-2.712592653589840364e+00,-4.159616283956034666e-01
-2.711592653589840474e+00,-4.168708024291678527e-01
-2.710592653589840584e+00,-4.177795595919645000e-01
-2.709592653589840694e+00,-4.186878989752363944e-01
-2.708592653589840804e+00,-4.195958196706442433e-01
-2.707592653589840914e+00,-4.205033207702673081e-01
-2.706592653589841024e+00,-4.214104013666047366e-01
-2.705592653589841134e+00,-4.223170605525758403e-01
-2.704592653589841245e+00,-4.232232974215215937e-01
-2.703592653589841355e+00,-4.241291110672052445e-01
-2.702592653589841465e+00,-4.250345005838131462e-01
-2.701592653589841575e+00,-4.259394650659558690e-01
-2.700592653589841685e+00,-4.268440036086690315e-01
-2.699592653589841795e+00,-4.277481153074141340e-01
-2.698592653589841905e+00,-4.286517992580796133e-01
-2.697592653589842016e+00,-4.295550545569815637e-01
-2.696592653589842126e+00,-4.304578803008647370e-01
-2.695592653589842236e+00,-4.313602755869034300e-01
-2.694592653589842346e+00,-4.322622395127025396e-01
-2.693592653589842456e+00,-4.331637711762981735e-01
-2.692592653589842566e+00,-4.340648696761586489e-01
-2.691592653589842676e+00,-4.349655341111857143e-01
-2.690592653589842786e+00,-4.358657635807148822e-01
-2.689592653589842897e+00,-4.367655571845167617e-01
-2.688592653589843007e+00,-4.376649140227978907e-01
-2.687592653589843117e+00,-4.385638331962014025e-01
-2.686592653589843227e+00,-4.394623138058083578e-01
-2.685592653589843337e+00,-4.403603549531380779e-01
-2.684592653589843447e+00,-4.412579557401495323e-01
-2.683592653589843557e+00,-4.421551152692420605e-01
-2.682592653589843668e+00,-4.430518326432561493e-01
-2.681592653589843778e+00,-4.439481069654744871e-01
-2.680592653589843888e+00,-4.448439373396228524e-01
-2.679592653589843998e+00,-4.457393228698710019e-01
-2.678592653589844108e+00,-4.466342626608333921e-01
-2.677592653589844218e+00,-4.475287558175703451e-01
-2.676592653589844328e+00,-4.484228014455887701e-01
-2.675592653589844438e+00,-4.493163986508431074e-01
-2.674592653589844549e+00,-4.502095465397362717e-01
-2.673592653589844659e+00,-4.511022442191203741e-01
-2.672592653589844769e+00,-4.519944907962978875e-01
-2.671592653589844879e+00,-4.528862853790222576e-01
-2.670592653589844989e+00,-4.537776270754989572e-01
-2.669592653589845099e+00,-4.546685149943864301e-01
-2.668592653589845209e+00,-4.555589482447968130e-01
-2.667592653589845320e+00,-4.564489259362968787e-01
-2.666592653589845430e+00,-4.573384471789090910e-01
-2.665592653589845540e+00,-4.582275110831121601e-01
-2.664592653589845650e+00,-4.591161167598424298e-01
-2.663592653589845760e+00,-4.600042633204941001e-01
-2.662592653589845870e+00,-4.608919498769208367e-01
-2.661592653589845980e+00,-4.617791755414361043e-01
-2.660592653589846091e+00,-4.626659394268143322e-01
-2.659592653589846201e+00,-4.635522406462916356e-01
-2.658592653589846311e+00,-4.644380783135669821e-01
-2.657592653589846421e+00,-4.653234515428026352e-01
-2.656592653589846531e+00,-4.662083594486255977e-01
-2.655592653589846641e+00,-4.670928011461279450e-01
-2.654592653589846751e+00,-4.679767757508680459e-01
-2.653592653589846861e+00,-4.688602823788713958e-01
-2.652592653589846972e+00,-4.697433201466314490e-01
-2.651592653589847082e+00,-4.706258881711105069e-01
-2.650592653589847192e+00,-4.715079855697406619e-01
-2.649592653589847302e+00,-4.723896114604244634e-01
-2.648592653589847412e+00,-4.732707649615361944e-01
-2.647592653589847522e+00,-4.741514451919224271e-01
-2.646592653589847632e+00,-4.750316512709029659e-01
-2.645592653589847743e+00,-4.759113823182717917e-01
-2.644592653589847853e+00,-4.767906374542979497e-01
-2.643592653589847963e+00,-4.776694157997264378e-01
-2.642592653589848073e+00,-4.785477164757789281e-01
-2.641592653589848183e+00,-4.794255386041547662e-01
-2.640592653589848293e+00,-4.803028813070320258e-01
-2.639592653589848403e+00,-4.811797437070679528e-01
-2.638592653589848513e+00,-4.820561249274002980e-01
-2.637592653589848624e+00,-4.829320240916478713e-01
-2.636592653589848734e+00,-4.838074403239115973e-01
-2.635592653589848844e+00,-4.846823727487752920e-01
-2.634592653589848954e+00,-4.855568204913066621e-01
-2.633592653589849064e+00,-4.864307826770580268e-01
-2.632592653589849174e+00,-4.873042584320672055e-01
-2.631592653589849284e+00,-4.881772468828585732e-01
-2.630592653589849395e+00,-4.890497471564437815e-01
-2.629592653589849505e+00,-4.899217583803225362e-01
-2.628592653589849615e+00,-4.907932796824837629e-01
-2.627592653589849725e+00,-4.916643101914061620e-01
-2.626592653589849835e+00,-4.925348490360593745e-01
-2.625592653589849945e+00,-4.934048953459045928e-01
-2.624592653589850055e+00,-4.942744482508956150e-01
-2.623592653589850165e+00,-4.951435068814795115e-01
-2.622592653589850276e+00,-4.960120703685978460e-01
-2.621592653589850386e+00,-4.968801378436871197e-01
-2.620592653589850496e+00,-4.977477084386799921e-01
-2.619592653589850606e+00,-4.986147812860058370e-01
-2.618592653589850716e+00,-4.994813555185920184e-01
-2.617592653589850826e+00,-5.003474302698642795e-01
-2.616592653589850936e+00,-5.012130046737479638e-01
-2.615592653589851047e+00,-5.020780778646687370e-01
-2.614592653589851157e+00,-5.029426489775534748e-01
-2.613592653589851267e+00,-5.038067171478310957e-01
-2.612592653589851377e+00,-5.046702815114336715e-01
-2.611592653589851487e+00,-5.055333412047966490e-01
-2.610592653589851597e+00,-5.063958953648607375e-01
-2.609592653589851707e+00,-5.072579431290714647e-01
-2.608592653589851817e+00,-5.081194836353815081e-01
-2.607592653589851928e+00,-5.089805160222501401e-01
-2.606592653589852038e+00,-5.098410394286452263e-01
-2.605592653589852148e+00,-5.107010529940433363e-01
-2.604592653589852258e+00,-5.115605558584310764e-01
-2.603592653589852368e+00,-5.124195471623054221e-01
-2.602592653589852478e+00,-5.132780260466754951e-01
-2.601592653589852588e+00,-5.141359916530622298e-01
-2.600592653589852699e+00,-5.149934431235001497e-01
-2.599592653589852809e+00,-5.158503796005378117e-01
-2.598592653589852919e+00,-5.167068002272389160e-01
-2.597592653589853029e+00,-5.175627041471828615e-01
-2.596592653589853139e+00,-5.184180905044657450e-01
-2.595592653589853249e+00,-5.192729584437013601e-01
-2.594592653589853359e+00,-5.201273071100218637e-01
-2.593592653589853469e+00,-5.209811356490784418e-01
-2.592592653589853580e+00,-5.218344432070428640e-01
-2.591592653589853690e+00,-5.226872289306075947e-01
-2.590592653589853800e+00,-5.235394919669870140e-01
-2.589592653589853910e+00,-5.243912314639179728e-01
-2.588592653589854020e+00,-5.252424465696612366e-01
-2.587592653589854130e+00,-5.260931364330017068e-01
-2.586592653589854240e+00,-5.269433002032495317e-01
-2.585592653589854351e+00,-5.277929370302411050e-01
-2.584592653589854461e+00,-5.286420460643396213e-01
-2.583592653589854571e+00,-5.294906264564360754e-01
-2.582592653589854681e+00,-5.303386773579502611e-01
-2.581592653589854791e+00,-5.311861979208312157e-01
-2.580592653589854901e+00,-5.320331872975585519e-01
-2.579592653589855011e+00,-5.328796446411430132e-01
-2.578592653589855122e+00,-5.337255691051271400e-01
-2.577592653589855232e+00,-5.345709598435867127e-01
-2.576592653589855342e+00,-5.354158160111308629e-01
-2.575592653589855452e+00,-5.362601367629037385e-01
-2.574592653589855562e+00,-5.371039212545845043e-01
-2.573592653589855672e+00,-5.379471686423887844e-01
-2.572592653589855782e+00,-5.387898780830692180e-01
-2.571592653589855892e+00,-5.396320487339164584e-01
-2.570592653589856003e+00,-5.404736797527599501e-01
-2.569592653589856113e+00,-5.413147702979688169e-01
-2.568592653589856223e+00,-5.421553195284524174e-01
-2.567592653589856333e+00,-5.429953266036616766e-01
-2.566592653589856443e+00,-5.438347906835895307e-01
-2.565592653589856553e+00,-5.446737109287720369e-01
-2.564592653589856663e+00,-5.455120865002890396e-01
-2.563592653589856774e+00,-5.463499165597650586e-01
-2.562592653589856884e+00,-5.471872002693699555e-01
-2.561592653589856994e+00,-5.480239367918202653e-01
-2.560592653589857104e+00,-5.488601252903793082e-01
-2.559592653589857214e+00,-5.496957649288589653e-01
-2.558592653589857324e+00,-5.505308548716194572e-01
-2.557592653589857434e+00,-5.513653942835708976e-01
-2.556592653589857544e+00,-5.521993823301739601e-01
-2.555592653589857655e+00,-5.530328181774408769e-01
-2.554592653589857765e+00,-5.538657009919355501e-01
-2.553592653589857875e+00,-5.546980299407754389e-01
-2.552592653589857985e+00,-5.555298041916316709e-01
-2.551592653589858095e+00,-5.563610229127299300e-01
-2.550592653589858205e+00,-5.571916852728515668e-01
-2.549592653589858315e+00,-5.580217904413344865e-01
-2.548592653589858426e+00,-5.588513375880734824e-01
-2.547592653589858536e+00,-5.596803258835213457e-01
-2.546592653589858646e+00,-5.605087544986900872e-01
-2.545592653589858756e+00,-5.613366226051509367e-01
-2.544592653589858866e+00,-5.621639293750360089e-01
-2.543592653589858976e+00,-5.629906739810386362e-01
-2.542592653589859086e+00,-5.638168555964140349e-01
-2.541592653589859196e+00,-5.646424733949809704e-01
-2.540592653589859307e+00,-5.654675265511214244e-01
-2.539592653589859417e+00,-5.662920142397825929e-01
-2.538592653589859527e+00,-5.671159356364765536e-01
-2.537592653589859637e+00,-5.679392899172822640e-01
-2.536592653589859747e+00,-5.687620762588453394e-01
-2.535592653589859857e+00,-5.695842938383796072e-01
-2.534592653589859967e+00,-5.704059418336674403e-01
-2.533592653589860078e+00,-5.712270194230609777e-01
-2.532592653589860188e+00,-5.720475257854826800e-01
-2.531592653589860298e+00,-5.728674601004263289e-01
-2.530592653589860408e+00,-5.736868215479575817e-01
-2.529592653589860518e+00,-5.745056093087150817e-01
-2.528592653589860628e+00,-5.753238225639111247e-01
-2.527592653589860738e+00,-5.761414604953325469e-01
-2.526592653589860848e+00,-5.769585222853416129e-01
-2.525592653589860959e+00,-5.777750071168763490e-01
-2.524592653589861069e+00,-5.785909141734520977e-01
-2.523592653589861179e+00,-5.794062426391619613e-01
-2.522592653589861289e+00,-5.802209916986774685e-01
-2.521592653589861399e+00,-5.810351605372495731e-01
-2.520592653589861509e+00,-5.818487483407096539e-01
-2.519592653589861619e+00,-5.826617542954698470e-01
-2.518592653589861730e+00,-5.834741775885242676e-01
-2.517592653589861840e+00,-5.842860174074496760e-01
-2.516592653589861950e+00,-5.850972729404064765e-01
-2.515592653589862060e+00,-5.859079433761390510e-01
-2.514592653589862170e+00,-5.867180279039769797e-01
-2.513592653589862280e+00,-5.875275257138360407e-01
-2.512592653589862390e+00,-5.883364359962182100e-01
-2.511592653589862500e+00,-5.891447579422135483e-01
-2.510592653589862611e+00,-5.899524907434999799e-01
-2.509592653589862721e+00,-5.907596335923448461e-01
-2.508592653589862831e+00,-5.915661856816053499e-01
-2.507592653589862941e+00,-5.923721462047294439e-01
-2.506592653589863051e+00,-5.931775143557567187e-01
-2.505592653589863161e+00,-5.939822893293190686e-01
-2.504592653589863271e+00,-5.947864703206415804e-01
-2.503592653589863382e+00,-5.955900565255433099e-01
-2.502592653589863492e+00,-5.963930471404381706e-01
-2.501592653589863602e+00,-5.971954413623355995e-01
-2.500592653589863712e+00,-5.979972383888414456e-01
-2.499592653589863822e+00,-5.987984374181587466e-01
-2.498592653589863932e+00,-5.995990376490885065e-01
-2.497592653589864042e+00,-6.003990382810305837e-01
-2.496592653589864153e+00,-6.011984385139843567e-01
-2.495592653589864263e+00,-6.019972375485498350e-01
-2.494592653589864373e+00,-6.027954345859277696e-01
-2.493592653589864483e+00,-6.035930288279215405e-01
-2.492592653589864593e+00,-6.043900194769366019e-01
-2.491592653589864703e+00,-6.051864057359827020e-01
-2.490592653589864813e+00,-6.059821868086734398e-01
-2.489592653589864923e+00,-6.067773618992278184e-01
-2.488592653589865034e+00,-6.075719302124709120e-01
-2.487592653589865144e+00,-6.083658909538344206e-01
-2.486592653589865254e+00,-6.091592433293576692e-01
-2.485592653589865364e+00,-6.099519865456883849e-01
-2.484592653589865474e+00,-6.107441198100833635e-01
-2.483592653589865584e+00,-6.115356423304093569e-01
-2.482592653589865694e+00,-6.123265533151440732e-01
-2.481592653589865805e+00,-6.131168519733765088e-01
-2.480592653589865915e+00,-6.139065375148079484e-01
-2.479592653589866025e+00,-6.146956091497531860e-01
-2.478592653589866135e+00,-6.154840660891404136e-01
-2.477592653589866245e+00,-6.162719075445127759e-01
-2.476592653589866355e+00,-6.170591327280290361e-01
-2.475592653589866465e+00,-6.178457408524640204e-01
-2.474592653589866575e+00,-6.186317311312096168e-01
-2.473592653589866686e+00,-6.194171027782755523e-01
-2.472592653589866796e+00,-6.202018550082903925e-01
-2.471592653589866906e+00,-6.209859870365019852e-01
-2.470592653589867016e+00,-6.217694980787781267e-01
-2.469592653589867126e+00,-6.225523873516081164e-01
-2.468592653589867236e+00,-6.233346540721026452e-01
-2.467592653589867346e+00,-6.241162974579950173e-01
-2.466592653589867457e+00,-6.248973167276419272e-01
-2.465592653589867567e+00,-6.256777111000241254e-01
-2.464592653589867677e+00,-6.264574797947474183e-01
-2.463592653589867787e+00,-6.272366220320432229e-01
-2.462592653589867897e+00,-6.280151370327691218e-01
-2.461592653589868007e+00,-6.287930240184104180e-01
-2.460592653589868117e+00,-6.295702822110800234e-01
-2.459592653589868227e+00,-6.303469108335199023e-01
-2.458592653589868338e+00,-6.311229091091015153e-01
-2.457592653589868448e+00,-6.318982762618265969e-01
-2.456592653589868558e+00,-6.326730115163280432e-01
-2.455592653589868668e+00,-6.334471140978706893e-01
-2.454592653589868778e+00,-6.342205832323520864e-01
-2.453592653589868888e+00,-6.349934181463030569e-01
-2.452592653589868998e+00,-6.357656180668888046e-01
-2.451592653589869109e+00,-6.365371822219094700e-01
-2.450592653589869219e+00,-6.373081098398009070e-01
-2.449592653589869329e+00,-6.380784001496356828e-01
-2.448592653589869439e+00,-6.388480523811234102e-01
-2.447592653589869549e+00,-6.396170657646120805e-01
-2.446592653589869659e+00,-6.403854395310882852e-01
-2.445592653589869769e+00,-6.411531729121782153e-01
-2.444592653589869879e+00,-6.419202651401487714e-01
-2.443592653589869990e+00,-6.426867154479076749e-01
-2.442592653589870100e+00,-6.434525230690046893e-01
-2.441592653589870210e+00,-6.442176872376321750e-01
-2.440592653589870320e+00,-6.449822071886261998e-01
-2.439592653589870430e+00,-6.457460821574667609e-01
-2.438592653589870540e+00,-6.465093113802788949e-01
-2.437592653589870650e+00,-6.472718940938335663e-01
-2.436592653589870761e+00,-6.480338295355481115e-01
-2.435592653589870871e+00,-6.487951169434871268e-01
-2.434592653589870981e+00,-6.495557555563633567e-01
-2.433592653589871091e+00,-6.503157446135380271e-01
-2.432592653589871201e+00,-6.510750833550222882e-01
-2.431592653589871311e+00,-6.518337710214774372e-01
-2.430592653589871421e+00,-6.525918068542160277e-01
-2.429592653589871531e+00,-6.533491900952019815e-01
-2.428592653589871642e+00,-6.541059199870523644e-01
-2.427592653589871752e+00,-6.548619957730372754e-01
-2.426592653589871862e+00,-6.556174166970809569e-01
-2.425592653589871972e+00,-6.563721820037625720e-01
-2.424592653589872082e+00,-6.571262909383168704e-01
-2.423592653589872192e+00,-6.578797427466349657e-01
-2.422592653589872302e+00,-6.586325366752652233e-01
-2.421592653589872413e+00,-6.593846719714135940e-01
-2.420592653589872523e+00,-6.601361478829450569e-01
-2.419592653589872633e+00,-6.608869636583836193e-01
-2.418592653589872743e+00,-6.616371185469135385e-01
-2.417592653589872853e+00,-6.623866117983800983e-01
-2.416592653589872963e+00,-6.631354426632900534e-01
-2.415592653589873073e+00,-6.638836103928125176e-01
-2.414592653589873184e+00,-6.646311142387799631e-01
-2.413592653589873294e+00,-6.653779534536886642e-01
-2.412592653589873404e+00,-6.661241272906992528e-01
-2.411592653589873514e+00,-6.668696350036380505e-01
-2.410592653589873624e+00,-6.676144758469974017e-01
-2.409592653589873734e+00,-6.683586490759366727e-01
-2.408592653589873844e+00,-6.691021539462824741e-01
-2.407592653589873954e+00,-6.698449897145301035e-01
-2.406592653589874065e+00,-6.705871556378437681e-01
-2.405592653589874175e+00,-6.713286509740578056e-01
-2.404592653589874285e+00,-6.720694749816766844e-01
-2.403592653589874395e+00,-6.728096269198766688e-01
-2.402592653589874505e+00,-6.735491060485058190e-01
-2.401592653589874615e+00,-6.742879116280849905e-01
-2.400592653589874725e+00,-6.750260429198087220e-01
-2.399592653589874836e+00,-6.757634991855457907e-01
-2.398592653589874946e+00,-6.765002796878401004e-01
-2.397592653589875056e+00,-6.772363836899109035e-01
-2.396592653589875166e+00,-6.779718104556545777e-01
-2.395592653589875276e+00,-6.787065592496442923e-01
-2.394592653589875386e+00,-6.794406293371313410e-01
-2.393592653589875496e+00,-6.801740199840455858e-01
-2.392592653589875606e+00,-6.809067304569965673e-01
-2.391592653589875717e+00,-6.816387600232738375e-01
-2.390592653589875827e+00,-6.823701079508478484e-01
-2.389592653589875937e+00,-6.831007735083708399e-01
-2.388592653589876047e+00,-6.838307559651771728e-01
-2.387592653589876157e+00,-6.845600545912846613e-01
-2.386592653589876267e+00,-6.852886686573944619e-01
-2.385592653589876377e+00,-6.860165974348927387e-01
-2.384592653589876488e+00,-6.867438401958507743e-01
-2.383592653589876598e+00,-6.874703962130258583e-01
-2.382592653589876708e+00,-6.881962647598620642e-01
-2.381592653589876818e+00,-6.889214451104908044e-01
-2.380592653589876928e+00,-6.896459365397318297e-01
-2.379592653589877038e+00,-6.903697383230937845e-01
-2.378592653589877148e+00,-6.910928497367749834e-01
-2.377592653589877258e+00,-6.918152700576639669e-01
-2.376592653589877369e+00,-6.925369985633406111e-01
-2.375592653589877479e+00,-6.932580345320763504e-01
-2.374592653589877589e+00,-6.939783772428353981e-01
-2.373592653589877699e+00,-6.946980259752749687e-01
-2.372592653589877809e+00,-6.954169800097464993e-01
-2.371592653589877919e+00,-6.961352386272959825e-01
-2.370592653589878029e+00,-6.968528011096648545e-01
-2.369592653589878140e+00,-6.975696667392906614e-01
-2.368592653589878250e+00,-6.982858347993078363e-01
-2.367592653589878360e+00,-6.990013045735483654e-01
-2.366592653589878470e+00,-6.997160753465426763e-01
-2.365592653589878580e+00,-7.004301464035198599e-01
-2.364592653589878690e+00,-7.011435170304091136e-01
-2.363592653589878800e+00,-7.018561865138396305e-01
-2.362592653589878910e+00,-7.025681541411422648e-01
-2.361592653589879021e+00,-7.032794192003491984e-01
-2.360592653589879131e+00,-7.039899809801956065e-01
-2.359592653589879241e+00,-7.046998387701196576e-01
-2.358592653589879351e+00,-7.054089918602637344e-01
-2.357592653589879461e+00,-7.061174395414746563e-01
-2.356592653589879571e+00,-7.068251811053049005e-01
-2.355592653589879681e+00,-7.075322158440129350e-01
-2.354592653589879792e+00,-7.082385430505639956e-01
-2.353592653589879902e+00,-7.089441620186311965e-01
-2.352592653589880012e+00,-7.096490720425954191e-01
-2.351592653589880122e+00,-7.103532724175466440e-01
-2.350592653589880232e+00,-7.110567624392847286e-01
-2.349592653589880342e+00,-7.117595414043196289e-01
-2.348592653589880452e+00,-7.124616086098723988e-01
-2.347592653589880562e+00,-7.131629633538759672e-01
-2.346592653589880673e+00,-7.138636049349755819e-01
-2.345592653589880783e+00,-7.145635326525296982e-01
-2.344592653589880893e+00,-7.152627458066108668e-01
-2.343592653589881003e+00,-7.159612436980056227e-01
-2.342592653589881113e+00,-7.166590256282165949e-01
-2.341592653589881223e+00,-7.173560908994615071e-01
-2.340592653589881333e+00,-7.180524388146752868e-01
-2.339592653589881444e+00,-7.187480686775100658e-01
-2.338592653589881554e+00,-7.194429797923361791e-01
-2.337592653589881664e+00,-7.201371714642423871e-01
-2.336592653589881774e+00,-7.208306429990372077e-01
-2.335592653589881884e+00,-7.215233937032490275e-01
-2.334592653589881994e+00,-7.222154228841272117e-01
-2.333592653589882104e+00,-7.229067298496427707e-01
-2.332592653589882215e+00,-7.235973139084886929e-01
-2.331592653589882325e+00,-7.242871743700810550e-01
-2.330592653589882435e+00,-7.249763105445593547e-01
-2.329592653589882545e+00,-7.256647217427876217e-01
-2.328592653589882655e+00,-7.263524072763545281e-01
-2.327592653589882765e+00,-7.270393664575747206e-01
-2.326592653589882875e+00,-7.277255985994890430e-01
-2.325592653589882985e+00,-7.284111030158654243e-01
-2.324592653589883096e+00,-7.290958790211994334e-01
-2.323592653589883206e+00,-7.297799259307152786e-01
-2.322592653589883316e+00,-7.304632430603658078e-01
-2.321592653589883426e+00,-7.311458297268343953e-01
-2.320592653589883536e+00,-7.318276852475340544e-01
-2.319592653589883646e+00,-7.325088089406094349e-01
-2.318592653589883756e+00,-7.331892001249369351e-01
-2.317592653589883867e+00,-7.338688581201254779e-01
-2.316592653589883977e+00,-7.345477822465169560e-01
-2.315592653589884087e+00,-7.352259718251874521e-01
-2.314592653589884197e+00,-7.359034261779473507e-01
-2.313592653589884307e+00,-7.365801446273424480e-01
-2.312592653589884417e+00,-7.372561264966542849e-01
-2.311592653589884527e+00,-7.379313711099011464e-01
-2.310592653589884637e+00,-7.386058777918382834e-01
-2.309592653589884748e+00,-7.392796458679591343e-01
-2.308592653589884858e+00,-7.399526746644958797e-01
-2.307592653589884968e+00,-7.406249635084194427e-01
-2.306592653589885078e+00,-7.412965117274413762e-01
-2.305592653589885188e+00,-7.419673186500133077e-01
-2.304592653589885298e+00,-7.426373836053283828e-01
-2.303592653589885408e+00,-7.433067059233218199e-01
-2.302592653589885519e+00,-7.439752849346712438e-01
-2.301592653589885629e+00,-7.446431199707976845e-01
-2.300592653589885739e+00,-7.453102103638662435e-01
-2.299592653589885849e+00,-7.459765554467865378e-01
-2.298592653589885959e+00,-7.466421545532134774e-01
-2.297592653589886069e+00,-7.473070070175481527e-01
-2.296592653589886179e+00,-7.479711121749381686e-01
-2.295592653589886289e+00,-7.486344693612781986e-01
-2.294592653589886400e+00,-7.492970779132113179e-01
-2.293592653589886510e+00,-7.499589371681288918e-01
-2.292592653589886620e+00,-7.506200464641719083e-01
-2.291592653589886730e+00,-7.512804051402309780e-01
-2.290592653589886840e+00,-7.519400125359475551e-01
-2.289592653589886950e+00,-7.525988679917142710e-01
-2.288592653589887060e+00,-7.532569708486755999e-01
-2.287592653589887171e+00,-7.539143204487288585e-01
-2.286592653589887281e+00,-7.545709161345245386e-01
-2.285592653589887391e+00,-7.552267572494669734e-01
-2.284592653589887501e+00,-7.558818431377151148e-01
-2.283592653589887611e+00,-7.565361731441830884e-01
-2.282592653589887721e+00,-7.571897466145409705e-01
-2.281592653589887831e+00,-7.578425628952152326e-01
-2.280592653589887941e+00,-7.584946213333898513e-01
-2.279592653589888052e+00,-7.591459212770063081e-01
-2.278592653589888162e+00,-7.597964620747648112e-01
-2.277592653589888272e+00,-7.604462430761245173e-01
-2.276592653589888382e+00,-7.610952636313045305e-01
-2.275592653589888492e+00,-7.617435230912843469e-01
-2.274592653589888602e+00,-7.623910208078045203e-01
-2.273592653589888712e+00,-7.630377561333674397e-01
-2.272592653589888823e+00,-7.636837284212377730e-01
-2.271592653589888933e+00,-7.643289370254433557e-01
-2.270592653589889043e+00,-7.649733813007756345e-01
-2.269592653589889153e+00,-7.656170606027903336e-01
-2.268592653589889263e+00,-7.662599742878082321e-01
-2.267592653589889373e+00,-7.669021217129157186e-01
-2.266592653589889483e+00,-7.675435022359653470e-01
-2.265592653589889593e+00,-7.681841152155767238e-01
-2.264592653589889704e+00,-7.688239600111369532e-01
-2.263592653589889814e+00,-7.694630359828011912e-01
-2.262592653589889924e+00,-7.701013424914935346e-01
-2.261592653589890034e+00,-7.707388788989075756e-01
-2.260592653589890144e+00,-7.713756445675069573e-01
-2.259592653589890254e+00,-7.720116388605261504e-01
-2.258592653589890364e+00,-7.726468611419706756e-01
-2.257592653589890475e+00,-7.732813107766185468e-01
-2.256592653589890585e+00,-7.739149871300200489e-01
-2.255592653589890695e+00,-7.745478895684988485e-01
-2.254592653589890805e+00,-7.751800174591527703e-01
-2.253592653589890915e+00,-7.758113701698536868e-01
-2.252592653589891025e+00,-7.764419470692491831e-01
-2.251592653589891135e+00,-7.770717475267622243e-01
-2.250592653589891246e+00,-7.777007709125925983e-01
-2.249592653589891356e+00,-7.783290165977168051e-01
-2.248592653589891466e+00,-7.789564839538892782e-01
-2.247592653589891576e+00,-7.795831723536427171e-01
-2.246592653589891686e+00,-7.802090811702887541e-01
-2.245592653589891796e+00,-7.808342097779186197e-01
-2.244592653589891906e+00,-7.814585575514038096e-01
-2.243592653589892016e+00,-7.820821238663966390e-01
-2.242592653589892127e+00,-7.827049080993306873e-01
-2.241592653589892237e+00,-7.833269096274219079e-01
-2.240592653589892347e+00,-7.839481278286687393e-01
-2.239592653589892457e+00,-7.845685620818529937e-01
-2.238592653589892567e+00,-7.851882117665406335e-01
-2.237592653589892677e+00,-7.858070762630819939e-01
-2.236592653589892787e+00,-7.864251549526125595e-01
-2.235592653589892898e+00,-7.870424472170536312e-01
-2.234592653589893008e+00,-7.876589524391131025e-01
-2.233592653589893118e+00,-7.882746700022857933e-01
-2.232592653589893228e+00,-7.888895992908542265e-01
-2.231592653589893338e+00,-7.895037396898889615e-01
-2.230592653589893448e+00,-7.901170905852499260e-01
-2.229592653589893558e+00,-7.907296513635860835e-01
-2.228592653589893668e+00,-7.913414214123367652e-01
-2.227592653589893779e+00,-7.919524001197320029e-01
-2.226592653589893889e+00,-7.925625868747931957e-01
-2.225592653589893999e+00,-7.931719810673334425e-01
-2.224592653589894109e+00,-7.937805820879587637e-01
-2.223592653589894219e+00,-7.943883893280681008e-01
-2.222592653589894329e+00,-7.949954021798544268e-01
-2.221592653589894439e+00,-7.956016200363047464e-01
-2.220592653589894550e+00,-7.962070422912013168e-01
-2.219592653589894660e+00,-7.968116683391219812e-01
-2.218592653589894770e+00,-7.974154975754406127e-01
-2.217592653589894880e+00,-7.980185293963282245e-01
-2.216592653589894990e+00,-7.986207631987529698e-01
-2.215592653589895100e+00,-7.992221983804810304e-01
-2.214592653589895210e+00,-7.998228343400772822e-01
-2.213592653589895320e+00,-8.004226704769058509e-01
-2.212592653589895431e+00,-8.010217061911306669e-01
-2.211592653589895541e+00,-8.016199408837160201e-01
-2.210592653589895651e+00,-8.022173739564272266e-01
-2.209592653589895761e+00,-8.028140048118314054e-01
-2.208592653589895871e+00,-8.034098328532977007e-01
-2.207592653589895981e+00,-8.040048574849980589e-01
-2.206592653589896091e+00,-8.045990781119080060e-01
-2.205592653589896202e+00,-8.051924941398067581e-01
-2.204592653589896312e+00,-8.057851049752785544e-01
-2.203592653589896422e+00,-8.063769100257125455e-01
-2.202592653589896532e+00,-8.069679086993036821e-01
-2.201592653589896642e+00,-8.075581004050532696e-01
-2.200592653589896752e+00,-8.081474845527698569e-01
-2.199592653589896862e+00,-8.087360605530692359e-01
-2.198592653589896972e+00,-8.093238278173754408e-01
-2.197592653589897083e+00,-8.099107857579211922e-01
-2.196592653589897193e+00,-8.104969337877487856e-01
-2.195592653589897303e+00,-8.110822713207100909e-01
-2.194592653589897413e+00,-8.116667977714676629e-01
-2.193592653589897523e+00,-8.122505125554951855e-01
-2.192592653589897633e+00,-8.128334150890776932e-01
-2.191592653589897743e+00,-8.134155047893129042e-01
-2.190592653589897854e+00,-8.139967810741112197e-01
-2.189592653589897964e+00,-8.145772433621961683e-01
-2.188592653589898074e+00,-8.151568910731056272e-01
-2.187592653589898184e+00,-8.157357236271920442e-01
-2.186592653589898294e+00,-8.163137404456227708e-01
-2.185592653589898404e+00,-8.168909409503810615e-01
-2.184592653589898514e+00,-8.174673245642664066e-01
-2.183592653589898624e+00,-8.180428907108954206e-01
-2.182592653589898735e+00,-8.186176388147018423e-01
-2.181592653589898845e+00,-8.191915683009376448e-01
-2.180592653589898955e+00,-8.197646785956734794e-01
-2.179592653589899065e+00,-8.203369691257990093e-01
-2.178592653589899175e+00,-8.209084393190237972e-01
-2.177592653589899285e+00,-8.214790886038776385e-01
-2.176592653589899395e+00,-8.220489164097113388e-01
-2.175592653589899506e+00,-8.226179221666971575e-01
-2.174592653589899616e+00,-8.231861053058292521e-01
-2.173592653589899726e+00,-8.237534652589247886e-01
-2.172592653589899836e+00,-8.243200014586236080e-01
-2.171592653589899946e+00,-8.248857133383897811e-01
-2.170592653589900056e+00,-8.254506003325112751e-01
-2.169592653589900166e+00,-8.260146618761011750e-01
-2.168592653589900277e+00,-8.265778974050981276e-01
-2.167592653589900387e+00,-8.271403063562664526e-01
-2.166592653589900497e+00,-8.277018881671974748e-01
-2.165592653589900607e+00,-8.282626422763091911e-01
-2.164592653589900717e+00,-8.288225681228477137e-01
-2.163592653589900827e+00,-8.293816651468871592e-01
-2.162592653589900937e+00,-8.299399327893306477e-01
-2.161592653589901047e+00,-8.304973704919104138e-01
-2.160592653589901158e+00,-8.310539776971889170e-01
-2.159592653589901268e+00,-8.316097538485590634e-01
-2.158592653589901378e+00,-8.321646983902445394e-01
-2.157592653589901488e+00,-8.327188107673010320e-01
-2.156592653589901598e+00,-8.332720904256161187e-01
-2.155592653589901708e+00,-8.338245368119102663e-01
-2.154592653589901818e+00,-8.343761493737370527e-01
-2.153592653589901929e+00,-8.349269275594840556e-01
-2.152592653589902039e+00,-8.354768708183729631e-01
-2.151592653589902149e+00,-8.360259786004607951e-01
-2.150592653589902259e+00,-8.365742503566395705e-01
-2.149592653589902369e+00,-8.371216855386377498e-01
-2.148592653589902479e+00,-8.376682835990202358e-01
-2.147592653589902589e+00,-8.382140439911888175e-01
-2.146592653589902699e+00,-8.387589661693833909e-01
-2.145592653589902810e+00,-8.393030495886816267e-01
-2.144592653589902920e+00,-8.398462937050001909e-01
-2.143592653589903030e+00,-8.403886979750950781e-01
-2.142592653589903140e+00,-8.409302618565619447e-01
-2.141592653589903250e+00,-8.414709848078371079e-01
-2.140592653589903360e+00,-8.420108662881975459e-01
-2.139592653589903470e+00,-8.425499057577618967e-01
-2.138592653589903581e+00,-8.430881026774905695e-01
-2.137592653589903691e+00,-8.436254565091869662e-01
-2.136592653589903801e+00,-8.441619667154971474e-01
-2.135592653589903911e+00,-8.446976327599109435e-01
-2.134592653589904021e+00,-8.452324541067623986e-01
-2.133592653589904131e+00,-8.457664302212301033e-01
-2.132592653589904241e+00,-8.462995605693380829e-01
-2.131592653589904351e+00,-8.468318446179561310e-01
-2.130592653589904462e+00,-8.473632818348000306e-01
-2.129592653589904572e+00,-8.478938716884326654e-01
-2.128592653589904682e+00,-8.484236136482643520e-01
-2.127592653589904792e+00,-8.489525071845530624e-01
-2.126592653589904902e+00,-8.494805517684053120e-01
-2.125592653589905012e+00,-8.500077468717767148e-01
-2.124592653589905122e+00,-8.505340919674719835e-01
-2.123592653589905233e+00,-8.510595865291461504e-01
-2.122592653589905343e+00,-8.515842300313046787e-01
-2.121592653589905453e+00,-8.521080219493042396e-01
-2.120592653589905563e+00,-8.526309617593527124e-01
-2.119592653589905673e+00,-8.531530489385106275e-01
-2.118592653589905783e+00,-8.536742829646906117e-01
-2.117592653589905893e+00,-8.541946633166588310e-01
-2.116592653589906003e+00,-8.547141894740348800e-01
-2.115592653589906114e+00,-8.552328609172926699e-01
-2.114592653589906224e+00,-8.557506771277608726e-01
-2.113592653589906334e+00,-8.562676375876231427e-01
-2.112592653589906444e+00,-8.567837417799193389e-01
-2.111592653589906554e+00,-8.572989891885449687e-01
-2.110592653589906664e+00,-8.578133792982529648e-01
-2.109592653589906774e+00,-8.583269115946532413e-01
-2.108592653589906885e+00,-8.588395855642133592e-01
-2.107592653589906995e+00,-8.593514006942594152e-01
-2.106592653589907105e+00,-8.598623564729764857e-01
-2.105592653589907215e+00,-8.603724523894086262e-01
-2.104592653589907325e+00,-8.608816879334602046e-01
-2.103592653589907435e+00,-8.613900625958954560e-01
-2.102592653589907545e+00,-8.618975758683400379e-01
-2.101592653589907655e+00,-8.624042272432804745e-01
-2.100592653589907766e+00,-8.629100162140656005e-01
-2.099592653589907876e+00,-8.634149422749063385e-01
-2.098592653589907986e+00,-8.639190049208768096e-01
-2.097592653589908096e+00,-8.644222036479143334e-01
-2.096592653589908206e+00,-8.649245379528203159e-01
-2.095592653589908316e+00,-8.654260073332603609e-01
-2.094592653589908426e+00,-8.659266112877651578e-01
-2.093592653589908537e+00,-8.664263493157309259e-01
-2.092592653589908647e+00,-8.669252209174195256e-01
-2.091592653589908757e+00,-8.674232255939594571e-01
-2.090592653589908867e+00,-8.679203628473460830e-01
-2.089592653589908977e+00,-8.684166321804421829e-01
-2.088592653589909087e+00,-8.689120330969783979e-01
-2.087592653589909197e+00,-8.694065651015540075e-01
-2.086592653589909307e+00,-8.699002276996369298e-01
-2.085592653589909418e+00,-8.703930203975647206e-01
-2.084592653589909528e+00,-8.708849427025445733e-01
-2.083592653589909638e+00,-8.713759941226543182e-01
-2.082592653589909748e+00,-8.718661741668425336e-01
-2.081592653589909858e+00,-8.723554823449292117e-01
-2.080592653589909968e+00,-8.728439181676063141e-01
-2.079592653589910078e+00,-8.733314811464379934e-01
-2.078592653589910189e+00,-8.738181707938612597e-01
-2.077592653589910299e+00,-8.743039866231865354e-01
-2.076592653589910409e+00,-8.747889281485980995e-01
-2.075592653589910519e+00,-8.752729948851543096e-01
-2.074592653589910629e+00,-8.757561863487887122e-01
-2.073592653589910739e+00,-8.762385020563097093e-01
-2.072592653589910849e+00,-8.767199415254016692e-01
-2.071592653589910960e+00,-8.772005042746250369e-01
-2.070592653589911070e+00,-8.776801898234174448e-01
-2.069592653589911180e+00,-8.781589976920930463e-01
-2.068592653589911290e+00,-8.786369274018440700e-01
-2.067592653589911400e+00,-8.791139784747410424e-01
-2.066592653589911510e+00,-8.795901504337326759e-01
-2.065592653589911620e+00,-8.800654428026473131e-01
-2.064592653589911730e+00,-8.805398551061923706e-01
-2.063592653589911841e+00,-8.810133868699557835e-01
-2.062592653589911951e+00,-8.814860376204056713e-01
-2.061592653589912061e+00,-8.819578068848914487e-01
-2.060592653589912171e+00,-8.824286941916438254e-01
-2.059592653589912281e+00,-8.828986990697755832e-01
-2.058592653589912391e+00,-8.833678210492817984e-01
-2.057592653589912501e+00,-8.838360596610406184e-01
-2.056592653589912612e+00,-8.843034144368133731e-01
-2.055592653589912722e+00,-8.847698849092453521e-01
-2.054592653589912832e+00,-8.852354706118662486e-01
-2.053592653589912942e+00,-8.857001710790902704e-01
-2.052592653589913052e+00,-8.861639858462170283e-01
-2.051592653589913162e+00,-8.866269144494317578e-01
-2.050592653589913272e+00,-8.870889564258059856e-01
-2.049592653589913382e+00,-8.875501113132976405e-01
-2.048592653589913493e+00,-8.880103786507519414e-01
-2.047592653589913603e+00,-8.884697579779016197e-01
-2.046592653589913713e+00,-8.889282488353673628e-01
-2.045592653589913823e+00,-8.893858507646583700e-01
-2.044592653589913933e+00,-8.898425633081726849e-01
-2.043592653589914043e+00,-8.902983860091978618e-01
-2.042592653589914153e+00,-8.907533184119112990e-01
-2.041592653589914264e+00,-8.912073600613804603e-01
-2.040592653589914374e+00,-8.916605105035638745e-01
-2.039592653589914484e+00,-8.921127692853110247e-01
-2.038592653589914594e+00,-8.925641359543632358e-01
-2.037592653589914704e+00,-8.930146100593538971e-01
-2.036592653589914814e+00,-8.934641911498090172e-01
-2.035592653589914924e+00,-8.939128787761473349e-01
-2.034592653589915034e+00,-8.943606724896813187e-01
-2.033592653589915145e+00,-8.948075718426174996e-01
-2.032592653589915255e+00,-8.952535763880562492e-01
-2.031592653589915365e+00,-8.956986856799933339e-01
-2.030592653589915475e+00,-8.961428992733193599e-01
-2.029592653589915585e+00,-8.965862167238207725e-01
-2.028592653589915695e+00,-8.970286375881801888e-01
-2.027592653589915805e+00,-8.974701614239767311e-01
-2.026592653589915916e+00,-8.979107877896865819e-01
-2.025592653589916026e+00,-8.983505162446835390e-01
-2.024592653589916136e+00,-8.987893463492391266e-01
-2.023592653589916246e+00,-8.992272776645232613e-01
-2.022592653589916356e+00,-8.996643097526046962e-01
-2.021592653589916466e+00,-9.001004421764513541e-01
-2.020592653589916576e+00,-9.005356744999307717e-01
-2.019592653589916686e+00,-9.009700062878107651e-01
-2.018592653589916797e+00,-9.014034371057595418e-01
-2.017592653589916907e+00,-9.018359665203463660e-01
-2.016592653589917017e+00,-9.022675940990417809e-01
-2.015592653589917127e+00,-9.026983194102182750e-01
-2.014592653589917237e+00,-9.031281420231506152e-01
-2.013592653589917347e+00,-9.035570615080162904e-01
-2.012592653589917457e+00,-9.039850774358956231e-01
-2.011592653589917568e+00,-9.044121893787728794e-01
-2.010592653589917678e+00,-9.048383969095361579e-01
-2.009592653589917788e+00,-9.052636996019778337e-01
-2.008592653589917898e+00,-9.056880970307954470e-01
-2.007592653589918008e+00,-9.061115887715914807e-01
-2.006592653589918118e+00,-9.065341744008742486e-01
-2.005592653589918228e+00,-9.069558534960581175e-01
-2.004592653589918338e+00,-9.073766256354641735e-01
-2.003592653589918449e+00,-9.077964903983201106e-01
-2.002592653589918559e+00,-9.082154473647613413e-01
-2.001592653589918669e+00,-9.086334961158308854e-01
-2.000592653589918779e+00,-9.090506362334800361e-01
-1.999592653589918889e+00,-9.094668673005686932e-01
-1.998592653589918999e+00,-9.098821889008658070e-01
-1.997592653589919109e+00,-9.102966006190499337e-01
-1.996592653589919220e+00,-9.107101020407092351e-01
-1.995592653589919330e+00,-9.111226927523424779e-01
-1.994592653589919440e+00,-9.115343723413588117e-01
-1.993592653589919550e+00,-9.119451403960787683e-01
-1.992592653589919660e+00,-9.123549965057342614e-01
-1.991592653589919770e+00,-9.127639402604693641e-01
-1.990592653589919880e+00,-9.131719712513403087e-01
-1.989592653589919991e+00,-9.135790890703160416e-01
-1.988592653589920101e+00,-9.139852933102787791e-01
-1.987592653589920211e+00,-9.143905835650244507e-01
-1.986592653589920321e+00,-9.147949594292628106e-01
-1.985592653589920431e+00,-9.151984204986178817e-01
-1.984592653589920541e+00,-9.156009663696287326e-01
-1.983592653589920651e+00,-9.160025966397494779e-01
-1.982592653589920761e+00,-9.164033109073500549e-01
-1.981592653589920872e+00,-9.168031087717160021e-01
-1.980592653589920982e+00,-9.172019898330495691e-01
-1.979592653589921092e+00,-9.175999536924697164e-01
-1.978592653589921202e+00,-9.179969999520126711e-01
-1.977592653589921312e+00,-9.183931282146321484e-01
-1.976592653589921422e+00,-9.187883380842000181e-01
-1.975592653589921532e+00,-9.191826291655063041e-01
-1.974592653589921643e+00,-9.195760010642599624e-01
-1.973592653589921753e+00,-9.199684533870893244e-01
-1.972592653589921863e+00,-9.203599857415418750e-01
-1.971592653589921973e+00,-9.207505977360854743e-01
-1.970592653589922083e+00,-9.211402889801079130e-01
-1.969592653589922193e+00,-9.215290590839182450e-01
-1.968592653589922303e+00,-9.219169076587462319e-01
-1.967592653589922413e+00,-9.223038343167434538e-01
-1.966592653589922524e+00,-9.226898386709831978e-01
-1.965592653589922634e+00,-9.230749203354611243e-01
-1.964592653589922744e+00,-9.234590789250957110e-01
-1.963592653589922854e+00,-9.238423140557282531e-01
-1.962592653589922964e+00,-9.242246253441237513e-01
-1.961592653589923074e+00,-9.246060124079709119e-01
-1.960592653589923184e+00,-9.249864748658827018e-01
-1.959592653589923295e+00,-9.253660123373966817e-01
-1.958592653589923405e+00,-9.257446244429755611e-01
-1.957592653589923515e+00,-9.261223108040070873e-01
-1.956592653589923625e+00,-9.264990710428049336e-01
-1.955592653589923735e+00,-9.268749047826090326e-01
-1.954592653589923845e+00,-9.272498116475854646e-01
-1.953592653589923955e+00,-9.276237912628275684e-01
-1.952592653589924065e+00,-9.279968432543558299e-01
-1.951592653589924176e+00,-9.283689672491179934e-01
-1.950592653589924286e+00,-9.287401628749903937e-01
-1.949592653589924396e+00,-9.291104297607772899e-01
-1.948592653589924506e+00,-9.294797675362118650e-01
-1.947592653589924616e+00,-9.298481758319563362e-01
-1.946592653589924726e+00,-9.302156542796023997e-01
-1.945592653589924836e+00,-9.305822025116717855e-01
-1.944592653589924947e+00,-9.309478201616161464e-01
-1.943592653589925057e+00,-9.313125068638179460e-01
-1.942592653589925167e+00,-9.316762622535905702e-01
-1.941592653589925277e+00,-9.320390859671785488e-01
-1.940592653589925387e+00,-9.324009776417581108e-01
-1.939592653589925497e+00,-9.327619369154378504e-01
-1.938592653589925607e+00,-9.331219634272583940e-01
-1.937592653589925717e+00,-9.334810568171932887e-01
-1.936592653589925828e+00,-9.338392167261491128e-01
-1.935592653589925938e+00,-9.341964427959660311e-01
-1.934592653589926048e+00,-9.345527346694180171e-01
-1.933592653589926158e+00,-9.349080919902131859e-01
-1.932592653589926268e+00,-9.352625144029942383e-01
-1.931592653589926378e+00,-9.356160015533389052e-01
-1.930592653589926488e+00,-9.359685530877599469e-01
-1.929592653589926599e+00,-9.363201686537059310e-01
-1.928592653589926709e+00,-9.366708478995613429e-01
-1.927592653589926819e+00,-9.370205904746468084e-01
-1.926592653589926929e+00,-9.373693960292198701e-01
-1.925592653589927039e+00,-9.377172642144750991e-01
-1.924592653589927149e+00,-9.380641946825442057e-01
-1.923592653589927259e+00,-9.384101870864968165e-01
-1.922592653589927369e+00,-9.387552410803405856e-01
-1.921592653589927480e+00,-9.390993563190214166e-01
-1.920592653589927590e+00,-9.394425324584242398e-01
-1.919592653589927700e+00,-9.397847691553729010e-01
-1.918592653589927810e+00,-9.401260660676307168e-01
-1.917592653589927920e+00,-9.404664228539008075e-01
-1.916592653589928030e+00,-9.408058391738264303e-01
-1.915592653589928140e+00,-9.411443146879912014e-01
-1.914592653589928251e+00,-9.414818490579197618e-01
-1.913592653589928361e+00,-9.418184419460777779e-01
-1.912592653589928471e+00,-9.421540930158722738e-01
-1.911592653589928581e+00,-9.424888019316522980e-01
-1.910592653589928691e+00,-9.428225683587089234e-01
-1.909592653589928801e+00,-9.431553919632756910e-01
-1.908592653589928911e+00,-9.434872724125291654e-01
-1.907592653589929022e+00,-9.438182093745888235e-01
-1.906592653589929132e+00,-9.441482025185177207e-01
-1.905592653589929242e+00,-9.444772515143229352e-01
-1.904592653589929352e+00,-9.448053560329552347e-01
-1.903592653589929462e+00,-9.451325157463101867e-01
-1.902592653589929572e+00,-9.454587303272281584e-01
-1.901592653589929682e+00,-9.457839994494946501e-01
-1.900592653589929792e+00,-9.461083227878405166e-01
-1.899592653589929903e+00,-9.464317000179424122e-01
-1.898592653589930013e+00,-9.467541308164231229e-01
-1.897592653589930123e+00,-9.470756148608520109e-01
-1.896592653589930233e+00,-9.473961518297449036e-01
-1.895592653589930343e+00,-9.477157414025648707e-01
-1.894592653589930453e+00,-9.480343832597224463e-01
-1.893592653589930563e+00,-9.483520770825757396e-01
-1.892592653589930674e+00,-9.486688225534311014e-01
-1.891592653589930784e+00,-9.489846193555427911e-01
-1.890592653589930894e+00,-9.492994671731143086e-01
-1.889592653589931004e+00,-9.496133656912977283e-01
-1.888592653589931114e+00,-9.499263145961946986e-01
-1.887592653589931224e+00,-9.502383135748561083e-01
-1.886592653589931334e+00,-9.505493623152831972e-01
-1.885592653589931444e+00,-9.508594605064271121e-01
-1.884592653589931555e+00,-9.511686078381897946e-01
-1.883592653589931665e+00,-9.514768040014239814e-01
-1.882592653589931775e+00,-9.517840486879333151e-01
-1.881592653589931885e+00,-9.520903415904733436e-01
-1.880592653589931995e+00,-9.523956824027511869e-01
-1.879592653589932105e+00,-9.527000708194258705e-01
-1.878592653589932215e+00,-9.530035065361092128e-01
-1.877592653589932326e+00,-9.533059892493653820e-01
-1.876592653589932436e+00,-9.536075186567117834e-01
-1.875592653589932546e+00,-9.539080944566189491e-01
-1.874592653589932656e+00,-9.542077163485112035e-01
-1.873592653589932766e+00,-9.545063840327666638e-01
-1.872592653589932876e+00,-9.548040972107175728e-01
-1.871592653589932986e+00,-9.551008555846508541e-01
-1.870592653589933096e+00,-9.553966588578081121e-01
-1.869592653589933207e+00,-9.556915067343861869e-01
-1.868592653589933317e+00,-9.559853989195370438e-01
-1.867592653589933427e+00,-9.562783351193687720e-01
-1.866592653589933537e+00,-9.565703150409450295e-01
-1.865592653589933647e+00,-9.568613383922859317e-01
-1.864592653589933757e+00,-9.571514048823682730e-01
-1.863592653589933867e+00,-9.574405142211254161e-01
-1.862592653589933978e+00,-9.577286661194481798e-01
-1.861592653589934088e+00,-9.580158602891846176e-01
-1.860592653589934198e+00,-9.583020964431405719e-01
-1.859592653589934308e+00,-9.585873742950798970e-01
-1.858592653589934418e+00,-9.588716935597249025e-01
-1.857592653589934528e+00,-9.591550539527562425e-01
-1.856592653589934638e+00,-9.594374551908134707e-01
-1.855592653589934748e+00,-9.597188969914955958e-01
-1.854592653589934859e+00,-9.599993790733606369e-01
-1.853592653589934969e+00,-9.602789011559265120e-01
-1.852592653589935079e+00,-9.605574629596713709e-01
-1.851592653589935189e+00,-9.608350642060333735e-01
-1.850592653589935299e+00,-9.611117046174111334e-01
-1.849592653589935409e+00,-9.613873839171643843e-01
-1.848592653589935519e+00,-9.616621018296138690e-01
-1.847592653589935630e+00,-9.619358580800415615e-01
-1.846592653589935740e+00,-9.622086523946914438e-01
-1.845592653589935850e+00,-9.624804845007690624e-01
-1.844592653589935960e+00,-9.627513541264424157e-01
-1.843592653589936070e+00,-9.630212610008418439e-01
-1.842592653589936180e+00,-9.632902048540605833e-01
-1.841592653589936290e+00,-9.635581854171546556e-01
-1.840592653589936400e+00,-9.638252024221436454e-01
-1.839592653589936511e+00,-9.640912556020105884e-01
-1.838592653589936621e+00,-9.643563446907021941e-01
-1.837592653589936731e+00,-9.646204694231295118e-01
-1.836592653589936841e+00,-9.648836295351678194e-01
-1.835592653589936951e+00,-9.651458247636569565e-01
-1.834592653589937061e+00,-9.654070548464017687e-01
-1.833592653589937171e+00,-9.656673195221722183e-01
-1.832592653589937282e+00,-9.659266185307034958e-01
-1.831592653589937392e+00,-9.661849516126969073e-01
-1.830592653589937502e+00,-9.664423185098190983e-01
-1.829592653589937612e+00,-9.666987189647033851e-01
-1.828592653589937722e+00,-9.669541527209492005e-01
-1.827592653589937832e+00,-9.672086195231228700e-01
-1.826592653589937942e+00,-9.674621191167577239e-01
-1.825592653589938053e+00,-9.677146512483539853e-01
-1.824592653589938163e+00,-9.679662156653796590e-01
-1.823592653589938273e+00,-9.682168121162703089e-01
-1.822592653589938383e+00,-9.684664403504296137e-01
-1.821592653589938493e+00,-9.687151001182292553e-01
-1.820592653589938603e+00,-9.689627911710094743e-01
-1.819592653589938713e+00,-9.692095132610791808e-01
-1.818592653589938823e+00,-9.694552661417165096e-01
-1.817592653589938934e+00,-9.697000495671684872e-01
-1.816592653589939044e+00,-9.699438632926516979e-01
-1.815592653589939154e+00,-9.701867070743523946e-01
-1.814592653589939264e+00,-9.704285806694268324e-01
-1.813592653589939374e+00,-9.706694838360016009e-01
-1.812592653589939484e+00,-9.709094163331732918e-01
-1.811592653589939594e+00,-9.711483779210096090e-01
-1.810592653589939705e+00,-9.713863683605490351e-01
-1.809592653589939815e+00,-9.716233874138009430e-01
-1.808592653589939925e+00,-9.718594348437463726e-01
-1.807592653589940035e+00,-9.720945104143380311e-01
-1.806592653589940145e+00,-9.723286138905002929e-01
-1.805592653589940255e+00,-9.725617450381296436e-01
-1.804592653589940365e+00,-9.727939036240950132e-01
-1.803592653589940475e+00,-9.730250894162377762e-01
-1.802592653589940586e+00,-9.732553021833721951e-01
-1.801592653589940696e+00,-9.734845416952856434e-01
-1.800592653589940806e+00,-9.737128077227384937e-01
-1.799592653589940916e+00,-9.739401000374646733e-01
-1.798592653589941026e+00,-9.741664184121721082e-01
-1.797592653589941136e+00,-9.743917626205422788e-01
-1.796592653589941246e+00,-9.746161324372309975e-01
-1.795592653589941357e+00,-9.748395276378684082e-01
-1.794592653589941467e+00,-9.750619479990595417e-01
-1.793592653589941577e+00,-9.752833932983838716e-01
-1.792592653589941687e+00,-9.755038633143962024e-01
-1.791592653589941797e+00,-9.757233578266265583e-01
-1.790592653589941907e+00,-9.759418766155802949e-01
-1.789592653589942017e+00,-9.761594194627388754e-01
-1.788592653589942127e+00,-9.763759861505592053e-01
-1.787592653589942238e+00,-9.765915764624748530e-01
-1.786592653589942348e+00,-9.768061901828953841e-01
-1.785592653589942458e+00,-9.770198270972071386e-01
-1.784592653589942568e+00,-9.772324869917731194e-01
-1.783592653589942678e+00,-9.774441696539336588e-01
-1.782592653589942788e+00,-9.776548748720059745e-01
-1.781592653589942898e+00,-9.778646024352848354e-01
-1.780592653589943009e+00,-9.780733521340427838e-01
-1.779592653589943119e+00,-9.782811237595301357e-01
-1.778592653589943229e+00,-9.784879171039753132e-01
-1.777592653589943339e+00,-9.786937319605848451e-01
-1.776592653589943449e+00,-9.788985681235439218e-01
-1.775592653589943559e+00,-9.791024253880165062e-01
-1.774592653589943669e+00,-9.793053035501453341e-01
-1.773592653589943779e+00,-9.795072024070521355e-01
-1.772592653589943890e+00,-9.797081217568381906e-01
-1.771592653589944000e+00,-9.799080613985841071e-01
-1.770592653589944110e+00,-9.801070211323503756e-01
-1.769592653589944220e+00,-9.803050007591771475e-01
-1.768592653589944330e+00,-9.805020000810847902e-01
-1.767592653589944440e+00,-9.806980189010741089e-01
-1.766592653589944550e+00,-9.808930570231262358e-01
-1.765592653589944661e+00,-9.810871142522030741e-01
-1.764592653589944771e+00,-9.812801903942475201e-01
-1.763592653589944881e+00,-9.814722852561832411e-01
-1.762592653589944991e+00,-9.816633986459154526e-01
-1.761592653589945101e+00,-9.818535303723309182e-01
-1.760592653589945211e+00,-9.820426802452978388e-01
-1.759592653589945321e+00,-9.822308480756662963e-01
-1.758592653589945431e+00,-9.824180336752685871e-01
-1.757592653589945542e+00,-9.826042368569190000e-01
-1.756592653589945652e+00,-9.827894574344144818e-01
-1.755592653589945762e+00,-9.829736952225344160e-01
-1.754592653589945872e+00,-9.831569500370410664e-01
-1.753592653589945982e+00,-9.833392216946795772e-01
-1.752592653589946092e+00,-9.835205100131783063e-01
-1.751592653589946202e+00,-9.837008148112490469e-01
-1.750592653589946313e+00,-9.838801359085869169e-01
-1.749592653589946423e+00,-9.840584731258709139e-01
-1.748592653589946533e+00,-9.842358262847636929e-01
-1.747592653589946643e+00,-9.844121952079123439e-01
-1.746592653589946753e+00,-9.845875797189477252e-01
-1.745592653589946863e+00,-9.847619796424854632e-01
-1.744592653589946973e+00,-9.849353948041256190e-01
-1.743592653589947084e+00,-9.851078250304530215e-01
-1.742592653589947194e+00,-9.852792701490374894e-01
-1.741592653589947304e+00,-9.854497299884339423e-01
-1.740592653589947414e+00,-9.856192043781826229e-01
-1.739592653589947524e+00,-9.857876931488088745e-01
-1.738592653589947634e+00,-9.859551961318242519e-01
-1.737592653589947744e+00,-9.861217131597256325e-01
-1.736592653589947854e+00,-9.862872440659959938e-01
-1.735592653589947965e+00,-9.864517886851045247e-01
-1.734592653589948075e+00,-9.866153468525066250e-01
-1.733592653589948185e+00,-9.867779184046440166e-01
-1.732592653589948295e+00,-9.869395031789451878e-01
-1.731592653589948405e+00,-9.871001010138255038e-01
-1.730592653589948515e+00,-9.872597117486869855e-01
-1.729592653589948625e+00,-9.874183352239190858e-01
-1.728592653589948736e+00,-9.875759712808982460e-01
-1.727592653589948846e+00,-9.877326197619883397e-01
-1.726592653589948956e+00,-9.878882805105410059e-01
-1.725592653589949066e+00,-9.880429533708955381e-01
-1.724592653589949176e+00,-9.881966381883789952e-01
-1.723592653589949286e+00,-9.883493348093066455e-01
-1.722592653589949396e+00,-9.885010430809818560e-01
-1.721592653589949506e+00,-9.886517628516963141e-01
-1.720592653589949617e+00,-9.888014939707303608e-01
-1.719592653589949727e+00,-9.889502362883527686e-01
-1.718592653589949837e+00,-9.890979896558212969e-01
-1.717592653589949947e+00,-9.892447539253826916e-01
-1.716592653589950057e+00,-9.893905289502725742e-01
-1.715592653589950167e+00,-9.895353145847158860e-01
-1.714592653589950277e+00,-9.896791106839271102e-01
-1.713592653589950388e+00,-9.898219171041101605e-01
-1.712592653589950498e+00,-9.899637337024584927e-01
-1.711592653589950608e+00,-9.901045603371556592e-01
-1.710592653589950718e+00,-9.902443968673750874e-01
-1.709592653589950828e+00,-9.903832431532800795e-01
-1.708592653589950938e+00,-9.905210990560244788e-01
-1.707592653589951048e+00,-9.906579644377523364e-01
-1.706592653589951158e+00,-9.907938391615983553e-01
-1.705592653589951269e+00,-9.909287230916877798e-01
-1.704592653589951379e+00,-9.910626160931366169e-01
-1.703592653589951489e+00,-9.911955180320520808e-01
-1.702592653589951599e+00,-9.913274287755320380e-01
-1.701592653589951709e+00,-9.914583481916657837e-01
-1.700592653589951819e+00,-9.915882761495340425e-01
-1.699592653589951929e+00,-9.917172125192087462e-01
-1.698592653589952040e+00,-9.918451571717535886e-01
-1.697592653589952150e+00,-9.919721099792238039e-01
-1.696592653589952260e+00,-9.920980708146668325e-01
-1.695592653589952370e+00,-9.922230395521216550e-01
-1.694592653589952480e+00,-9.923470160666196804e-01
-1.693592653589952590e+00,-9.924700002341843019e-01
-1.692592653589952700e+00,-9.925919919318313411e-01
-1.691592653589952810e+00,-9.927129910375692701e-01
-1.690592653589952921e+00,-9.928329974303988781e-01
-1.689592653589953031e+00,-9.929520109903137159e-01
-1.688592653589953141e+00,-9.930700315983003179e-01
-1.687592653589953251e+00,-9.931870591363380907e-01
-1.686592653589953361e+00,-9.933030934873995355e-01
-1.685592653589953471e+00,-9.934181345354502479e-01
-1.684592653589953581e+00,-9.935321821654491403e-01
-1.683592653589953692e+00,-9.936452362633487745e-01
-1.682592653589953802e+00,-9.937572967160948068e-01
-1.681592653589953912e+00,-9.938683634116270982e-01
-1.680592653589954022e+00,-9.939784362388787153e-01
-1.679592653589954132e+00,-9.940875150877769295e-01
-1.678592653589954242e+00,-9.941955998492428836e-01
-1.677592653589954352e+00,-9.943026904151918144e-01
-1.676592653589954462e+00,-9.944087866785332741e-01
-1.675592653589954573e+00,-9.945138885331709089e-01
-1.674592653589954683e+00,-9.946179958740027915e-01
-1.673592653589954793e+00,-9.947211085969217548e-01
-1.672592653589954903e+00,-9.948232265988150580e-01
-1.671592653589955013e+00,-9.949243497775646095e-01
-1.670592653589955123e+00,-9.950244780320472993e-01
-1.669592653589955233e+00,-9.951236112621348884e-01
-1.668592653589955344e+00,-9.952217493686941197e-01
-1.667592653589955454e+00,-9.953188922535869398e-01
-1.666592653589955564e+00,-9.954150398196704996e-01
-1.665592653589955674e+00,-9.955101919707970426e-01
-1.664592653589955784e+00,-9.956043486118146824e-01
-1.663592653589955894e+00,-9.956975096485667365e-01
-1.662592653589956004e+00,-9.957896749878919485e-01
-1.661592653589956115e+00,-9.958808445376252649e-01
-1.660592653589956225e+00,-9.959710182065970585e-01
-1.659592653589956335e+00,-9.960601959046335718e-01
-1.658592653589956445e+00,-9.961483775425572507e-01
-1.657592653589956555e+00,-9.962355630321862998e-01
-1.656592653589956665e+00,-9.963217522863354603e-01
-1.655592653589956775e+00,-9.964069452188152320e-01
-1.654592653589956885e+00,-9.964911417444329844e-01
-1.653592653589956996e+00,-9.965743417789918457e-01
-1.652592653589957106e+00,-9.966565452392921465e-01
-1.651592653589957216e+00,-9.967377520431301985e-01
-1.650592653589957326e+00,-9.968179621092991827e-01
-1.649592653589957436e+00,-9.968971753575892603e-01
-1.648592653589957546e+00,-9.969753917087869066e-01
-1.647592653589957656e+00,-9.970526110846760215e-01
-1.646592653589957767e+00,-9.971288334080371518e-01
-1.645592653589957877e+00,-9.972040586026479358e-01
-1.644592653589957987e+00,-9.972782865932832141e-01
-1.643592653589958097e+00,-9.973515173057150296e-01
-1.642592653589958207e+00,-9.974237506667127384e-01
-1.641592653589958317e+00,-9.974949866040427882e-01
-1.640592653589958427e+00,-9.975652250464693838e-01
-1.639592653589958537e+00,-9.976344659237540435e-01
-1.638592653589958648e+00,-9.977027091666559322e-01
-1.637592653589958758e+00,-9.977699547069317498e-01
-1.636592653589958868e+00,-9.978362024773360650e-01
-1.635592653589958978e+00,-9.979014524116209817e-01
-1.634592653589959088e+00,-9.979657044445368053e-01
-1.633592653589959198e+00,-9.980289585118311546e-01
-1.632592653589959308e+00,-9.980912145502502941e-01
-1.631592653589959419e+00,-9.981524724975380236e-01
-1.630592653589959529e+00,-9.982127322924364554e-01
-1.629592653589959639e+00,-9.982719938746856814e-01
-1.628592653589959749e+00,-9.983302571850243279e-01
-1.627592653589959859e+00,-9.983875221651890008e-01
-1.626592653589959969e+00,-9.984437887579146187e-01
-1.625592653589960079e+00,-9.984990569069347455e-01
-1.624592653589960189e+00,-9.985533265569811467e-01
-1.623592653589960300e+00,-9.986065976537842337e-01
-1.622592653589960410e+00,-9.986588701440728411e-01
-1.621592653589960520e+00,-9.987101439755745602e-01
-1.620592653589960630e+00,-9.987604190970155171e-01
-1.619592653589960740e+00,-9.988096954581205944e-01
-1.618592653589960850e+00,-9.988579730096134313e-01
-1.617592653589960960e+00,-9.989052517032165346e-01
-1.616592653589961071e+00,-9.989515314916511679e-01
-1.615592653589961181e+00,-9.989968123286374624e-01
-1.614592653589961291e+00,-9.990410941688948609e-01
-1.613592653589961401e+00,-9.990843769681412301e-01
-1.612592653589961511e+00,-9.991266606830938590e-01
-1.611592653589961621e+00,-9.991679452714691267e-01
-1.610592653589961731e+00,-9.992082306919823909e-01
-1.609592653589961841e+00,-9.992475169043482097e-01
-1.608592653589961952e+00,-9.992858038692804534e-01
-1.607592653589962062e+00,-9.993230915484919707e-01
-1.606592653589962172e+00,-9.993593799046953663e-01
-1.605592653589962282e+00,-9.993946689016020013e-01
-1.604592653589962392e+00,-9.994289585039231039e-01
-1.603592653589962502e+00,-9.994622486773689918e-01
-1.602592653589962612e+00,-9.994945393886494056e-01
-1.601592653589962723e+00,-9.995258306054738418e-01
-1.600592653589962833e+00,-9.995561222965508863e-01
-1.599592653589962943e+00,-9.995854144315889922e-01
-1.598592653589963053e+00,-9.996137069812959242e-01
-1.597592653589963163e+00,-9.996409999173792027e-01
-1.596592653589963273e+00,-9.996672932125457711e-01
-1.595592653589963383e+00,-9.996925868405025506e-01
-1.594592653589963493e+00,-9.997168807759557740e-01
-1.593592653589963604e+00,-9.997401749946114302e-01
-1.592592653589963714e+00,-9.997624694731754857e-01
-1.591592653589963824e+00,-9.997837641893534411e-01
-1.590592653589963934e+00,-9.998040591218504414e-01
-1.589592653589964044e+00,-9.998233542503716098e-01
-1.588592653589964154e+00,-9.998416495556219363e-01
-1.587592653589964264e+00,-9.998589450193059447e-01
-1.586592653589964375e+00,-9.998752406241283586e-01
-1.585592653589964485e+00,-9.998905363537934354e-01
-1.584592653589964595e+00,-9.999048321930054106e-01
-1.583592653589964705e+00,-9.999181281274686084e-01
-1.582592653589964815e+00,-9.999304241438868868e-01
-1.581592653589964925e+00,-9.999417202299644147e-01
-1.580592653589965035e+00,-9.999520163744051171e-01
-1.579592653589965145e+00,-9.999613125669126745e-01
-1.578592653589965256e+00,-9.999696087981909676e-01
-1.577592653589965366e+00,-9.999769050599438547e-01
-1.576592653589965476e+00,-9.999832013448750612e-01
-1.575592653589965586e+00,-9.999884976466881792e-01
-1.574592653589965696e+00,-9.999927939600870008e-01
-1.573592653589965806e+00,-9.999960902807752960e-01
-1.572592653589965916e+00,-9.999983866054564796e-01
-1.571592653589966027e+00,-9.999996829318344993e-01
-1.570592653589966137e+00,-9.999999792586128367e-01
-1.569592653589966247e+00,-9.999992755854952842e-01
-1.568592653589966357e+00,-9.999975719131855012e-01
-1.567592653589966467e+00,-9.999948682433871250e-01
-1.566592653589966577e+00,-9.999911645788038816e-01
-1.565592653589966687e+00,-9.999864609231393642e-01
-1.564592653589966798e+00,-9.999807572810972545e-01
-1.563592653589966908e+00,-9.999740536583812123e-01
-1.562592653589967018e+00,-9.999663500616947642e-01
-1.561592653589967128e+00,-9.999576464987416369e-01
-1.560592653589967238e+00,-9.999479429782253126e-01
-1.559592653589967348e+00,-9.999372395098493627e-01
-1.558592653589967458e+00,-9.999255361043173362e-01
-1.557592653589967568e+00,-9.999128327733324273e-01
-1.556592653589967679e+00,-9.998991295295980297e-01
-1.555592653589967789e+00,-9.998844263868175153e-01
-1.554592653589967899e+00,-9.998687233596939006e-01
-1.553592653589968009e+00,-9.998520204639301800e-01
-1.552592653589968119e+00,-9.998343177162294371e-01
-1.551592653589968229e+00,-9.998156151342941778e-01
-1.550592653589968339e+00,-9.997959127368272192e-01
-1.549592653589968450e+00,-9.997752105435308012e-01
-1.548592653589968560e+00,-9.997535085751071415e-01
-1.547592653589968670e+00,-9.997308068532582137e-01
-1.546592653589968780e+00,-9.997071054006857471e-01
-1.545592653589968890e+00,-9.996824042410912270e-01
-1.544592653589969000e+00,-9.996567033991756723e-01
-1.543592653589969110e+00,-9.996300029006401910e-01
-1.542592653589969220e+00,-9.996023027721849807e-01
-1.541592653589969331e+00,-9.995736030415103279e-01
-1.540592653589969441e+00,-9.995439037373159419e-01
-1.539592653589969551e+00,-9.995132048893010657e-01
-1.538592653589969661e+00,-9.994815065281646982e-01
-1.537592653589969771e+00,-9.994488086856049280e-01
-1.536592653589969881e+00,-9.994151113943199327e-01
-1.535592653589969991e+00,-9.993804146880067574e-01
-1.534592653589970102e+00,-9.993447186013620920e-01
-1.533592653589970212e+00,-9.993080231700822713e-01
-1.532592653589970322e+00,-9.992703284308623868e-01
-1.531592653589970432e+00,-9.992316344213975077e-01
-1.530592653589970542e+00,-9.991919411803813489e-01
-1.529592653589970652e+00,-9.991512487475073812e-01
-1.528592653589970762e+00,-9.991095571634678318e-01
-1.527592653589970872e+00,-9.990668664699544621e-01
-1.526592653589970983e+00,-9.990231767096577897e-01
-1.525592653589971093e+00,-9.989784879262677553e-01
-1.524592653589971203e+00,-9.989328001644729449e-01
-1.523592653589971313e+00,-9.988861134699612565e-01
-1.522592653589971423e+00,-9.988384278894193447e-01
-1.521592653589971533e+00,-9.987897434705327315e-01
-1.520592653589971643e+00,-9.987400602619860290e-01
-1.519592653589971754e+00,-9.986893783134621616e-01
-1.518592653589971864e+00,-9.986376976756432544e-01
-1.517592653589971974e+00,-9.985850184002098562e-01
-1.516592653589972084e+00,-9.985313405398412723e-01
-1.515592653589972194e+00,-9.984766641482153426e-01
-1.514592653589972304e+00,-9.984209892800085528e-01
-1.513592653589972414e+00,-9.983643159908955900e-01
-1.512592653589972524e+00,-9.983066443375498977e-01
-1.511592653589972635e+00,-9.982479743776431214e-01
-1.510592653589972745e+00,-9.981883061698449966e-01
-1.509592653589972855e+00,-9.981276397738240158e-01
-1.508592653589972965e+00,-9.980659752502463178e-01
-1.507592653589973075e+00,-9.980033126607766869e-01
-1.506592653589973185e+00,-9.979396520680774429e-01
-1.505592653589973295e+00,-9.978749935358093293e-01
-1.504592653589973406e+00,-9.978093371286308466e-01
-1.503592653589973516e+00,-9.977426829121984753e-01
-1.502592653589973626e+00,-9.976750309531662309e-01
-1.501592653589973736e+00,-9.976063813191861085e-01
-1.500592653589973846e+00,-9.975367340789079718e-01
-1.499592653589973956e+00,-9.974660893019787755e-01
-1.498592653589974066e+00,-9.973944470590433431e-01
-1.497592653589974176e+00,-9.973218074217441442e-01
-1.496592653589974287e+00,-9.972481704627205179e-01
-1.495592653589974397e+00,-9.971735362556095605e-01
-1.494592653589974507e+00,-9.970979048750453488e-01
-1.493592653589974617e+00,-9.970212763966594949e-01
-1.492592653589974727e+00,-9.969436508970802580e-01
-1.491592653589974837e+00,-9.968650284539332107e-01
-1.490592653589974947e+00,-9.967854091458407950e-01
-1.489592653589975058e+00,-9.967047930524223220e-01
-1.488592653589975168e+00,-9.966231802542937501e-01
-1.487592653589975278e+00,-9.965405708330681289e-01
-1.486592653589975388e+00,-9.964569648713546002e-01
-1.485592653589975498e+00,-9.963723624527592859e-01
-1.484592653589975608e+00,-9.962867636618845113e-01
-1.483592653589975718e+00,-9.962001685843291376e-01
-1.482592653589975829e+00,-9.961125773066882294e-01
-1.481592653589975939e+00,-9.960239899165530542e-01
-1.480592653589976049e+00,-9.959344065025108605e-01
-1.479592653589976159e+00,-9.958438271541452114e-01
-1.478592653589976269e+00,-9.957522519620353174e-01
-1.477592653589976379e+00,-9.956596810177565926e-01
-1.476592653589976489e+00,-9.955661144138796548e-01
-1.475592653589976599e+00,-9.954715522439713249e-01
-1.474592653589976710e+00,-9.953759946025937388e-01
-1.473592653589976820e+00,-9.952794415853045695e-01
-1.472592653589976930e+00,-9.951818932886565827e-01
-1.471592653589977040e+00,-9.950833498101984143e-01
-1.470592653589977150e+00,-9.949838112484732378e-01
-1.469592653589977260e+00,-9.948832777030197638e-01
-1.468592653589977370e+00,-9.947817492743714629e-01
-1.467592653589977481e+00,-9.946792260640568983e-01
-1.466592653589977591e+00,-9.945757081745990602e-01
-1.465592653589977701e+00,-9.944711957095159205e-01
-1.464592653589977811e+00,-9.943656887733199889e-01
-1.463592653589977921e+00,-9.942591874715180911e-01
-1.462592653589978031e+00,-9.941516919106117012e-01
-1.461592653589978141e+00,-9.940432021980961652e-01
-1.460592653589978251e+00,-9.939337184424612559e-01
-1.459592653589978362e+00,-9.938232407531907286e-01
-1.458592653589978472e+00,-9.937117692407622105e-01
-1.457592653589978582e+00,-9.935993040166474222e-01
-1.456592653589978692e+00,-9.934858451933112899e-01
-1.455592653589978802e+00,-9.933713928842128338e-01
-1.454592653589978912e+00,-9.932559472038041681e-01
-1.453592653589979022e+00,-9.931395082675311681e-01
-1.452592653589979133e+00,-9.930220761918325811e-01
-1.451592653589979243e+00,-9.929036510941406934e-01
-1.450592653589979353e+00,-9.927842330928803305e-01
-1.449592653589979463e+00,-9.926638223074696343e-01
-1.448592653589979573e+00,-9.925424188583193974e-01
-1.447592653589979683e+00,-9.924200228668329515e-01
-1.446592653589979793e+00,-9.922966344554063900e-01
-1.445592653589979903e+00,-9.921722537474280124e-01
-1.444592653589980014e+00,-9.920468808672785466e-01
-1.443592653589980124e+00,-9.919205159403309269e-01
-1.442592653589980234e+00,-9.917931590929500718e-01
-1.441592653589980344e+00,-9.916648104524927732e-01
-1.440592653589980454e+00,-9.915354701473075849e-01
-1.439592653589980564e+00,-9.914051383067349343e-01
-1.438592653589980674e+00,-9.912738150611065668e-01
-1.437592653589980785e+00,-9.911415005417457680e-01
-1.436592653589980895e+00,-9.910081948809669194e-01
-1.435592653589981005e+00,-9.908738982120759431e-01
-1.434592653589981115e+00,-9.907386106693691907e-01
-1.433592653589981225e+00,-9.906023323881344433e-01
-1.432592653589981335e+00,-9.904650635046498008e-01
-1.431592653589981445e+00,-9.903268041561841262e-01
-1.430592653589981555e+00,-9.901875544809969343e-01
-1.429592653589981666e+00,-9.900473146183377260e-01
-1.428592653589981776e+00,-9.899060847084464321e-01
-1.427592653589981886e+00,-9.897638648925528582e-01
-1.426592653589981996e+00,-9.896206553128769068e-01
-1.425592653589982106e+00,-9.894764561126281333e-01
-1.424592653589982216e+00,-9.893312674360057457e-01
-1.423592653589982326e+00,-9.891850894281982720e-01
-1.422592653589982437e+00,-9.890379222353838928e-01
-1.421592653589982547e+00,-9.888897660047295535e-01
-1.420592653589982657e+00,-9.887406208843917410e-01
-1.419592653589982767e+00,-9.885904870235153741e-01
-1.418592653589982877e+00,-9.884393645722344690e-01
-1.417592653589982987e+00,-9.882872536816712516e-01
-1.416592653589983097e+00,-9.881341545039368235e-01
-1.415592653589983207e+00,-9.879800671921301625e-01
-1.414592653589983318e+00,-9.878249919003385671e-01
-1.413592653589983428e+00,-9.876689287836375453e-01
-1.412592653589983538e+00,-9.875118779980899264e-01
-1.411592653589983648e+00,-9.873538397007466383e-01
-1.410592653589983758e+00,-9.871948140496459301e-01
-1.409592653589983868e+00,-9.870348012038134833e-01
-1.408592653589983978e+00,-9.868738013232619677e-01
-1.407592653589984089e+00,-9.867118145689914854e-01
-1.406592653589984199e+00,-9.865488411029885718e-01
-1.405592653589984309e+00,-9.863848810882268614e-01
-1.404592653589984419e+00,-9.862199346886661999e-01
-1.403592653589984529e+00,-9.860540020692530883e-01
-1.402592653589984639e+00,-9.858870833959200164e-01
-1.401592653589984749e+00,-9.857191788355857964e-01
-1.400592653589984860e+00,-9.855502885561547854e-01
-1.399592653589984970e+00,-9.853804127265173296e-01
-1.398592653589985080e+00,-9.852095515165493200e-01
-1.397592653589985190e+00,-9.850377050971119708e-01
-1.396592653589985300e+00,-9.848648736400514858e-01
-1.395592653589985410e+00,-9.846910573181995030e-01
-1.394592653589985520e+00,-9.845162563053722060e-01
-1.393592653589985630e+00,-9.843404707763706574e-01
-1.392592653589985741e+00,-9.841637009069803543e-01
-1.391592653589985851e+00,-9.839859468739712289e-01
-1.390592653589985961e+00,-9.838072088550972039e-01
-1.389592653589986071e+00,-9.836274870290963035e-01
-1.388592653589986181e+00,-9.834467815756903208e-01
-1.387592653589986291e+00,-9.832650926755847065e-01
-1.386592653589986401e+00,-9.830824205104683466e-01
-1.385592653589986512e+00,-9.828987652630134519e-01
-1.384592653589986622e+00,-9.827141271168751135e-01
-1.383592653589986732e+00,-9.825285062566916361e-01
-1.382592653589986842e+00,-9.823419028680837606e-01
-1.381592653589986952e+00,-9.821543171376548864e-01
-1.380592653589987062e+00,-9.819657492529907383e-01
-1.379592653589987172e+00,-9.817761994026591443e-01
-1.378592653589987282e+00,-9.815856677762099247e-01
-1.377592653589987393e+00,-9.813941545641747810e-01
-1.376592653589987503e+00,-9.812016599580668519e-01
-1.375592653589987613e+00,-9.810081841503807132e-01
-1.374592653589987723e+00,-9.808137273345921558e-01
-1.373592653589987833e+00,-9.806182897051579639e-01
-1.372592653589987943e+00,-9.804218714575159144e-01
-1.371592653589988053e+00,-9.802244727880840003e-01
-1.370592653589988164e+00,-9.800260938942609856e-01
-1.369592653589988274e+00,-9.798267349744258503e-01
-1.368592653589988384e+00,-9.796263962279373461e-01
-1.367592653589988494e+00,-9.794250778551342185e-01
-1.366592653589988604e+00,-9.792227800573348739e-01
-1.365592653589988714e+00,-9.790195030368370466e-01
-1.364592653589988824e+00,-9.788152469969177982e-01
-1.363592653589988934e+00,-9.786100121418330744e-01
-1.362592653589989045e+00,-9.784037986768178152e-01
-1.361592653589989155e+00,-9.781966068080854004e-01
-1.360592653589989265e+00,-9.779884367428276493e-01
-1.359592653589989375e+00,-9.777792886892147095e-01
-1.358592653589989485e+00,-9.775691628563945024e-01
-1.357592653589989595e+00,-9.773580594544929445e-01
-1.356592653589989705e+00,-9.771459786946133930e-01
-1.355592653589989816e+00,-9.769329207888365341e-01
-1.354592653589989926e+00,-9.767188859502203835e-01
-1.353592653589990036e+00,-9.765038743927996201e-01
-1.352592653589990146e+00,-9.762878863315858080e-01
-1.351592653589990256e+00,-9.760709219825670635e-01
-1.350592653589990366e+00,-9.758529815627076109e-01
-1.349592653589990476e+00,-9.756340652899480048e-01
-1.348592653589990586e+00,-9.754141733832043526e-01
-1.347592653589990697e+00,-9.751933060623686478e-01
-1.346592653589990807e+00,-9.749714635483081038e-01
-1.345592653589990917e+00,-9.747486460628652649e-01
-1.344592653589991027e+00,-9.745248538288576734e-01
-1.343592653589991137e+00,-9.743000870700773142e-01
-1.342592653589991247e+00,-9.740743460112911700e-01
-1.341592653589991357e+00,-9.738476308782402224e-01
-1.340592653589991468e+00,-9.736199418976394515e-01
-1.339592653589991578e+00,-9.733912792971780581e-01
-1.338592653589991688e+00,-9.731616433055183535e-01
-1.337592653589991798e+00,-9.729310341522964256e-01
-1.336592653589991908e+00,-9.726994520681215839e-01
-1.335592653589992018e+00,-9.724668972845755821e-01
-1.334592653589992128e+00,-9.722333700342133955e-01
-1.333592653589992238e+00,-9.719988705505621107e-01
-1.332592653589992349e+00,-9.717633990681213696e-01
-1.331592653589992459e+00,-9.715269558223625923e-01
-1.330592653589992569e+00,-9.712895410497288662e-01
-1.329592653589992679e+00,-9.710511549876350568e-01
-1.328592653589992789e+00,-9.708117978744671417e-01
-1.327592653589992899e+00,-9.705714699495822106e-01
-1.326592653589993009e+00,-9.703301714533083544e-01
-1.325592653589993120e+00,-9.700879026269437766e-01
-1.324592653589993230e+00,-9.698446637127574599e-01
-1.323592653589993340e+00,-9.696004549539882778e-01
-1.322592653589993450e+00,-9.693552765948449945e-01
-1.321592653589993560e+00,-9.691091288805058213e-01
-1.320592653589993670e+00,-9.688620120571185268e-01
-1.319592653589993780e+00,-9.686139263717998826e-01
-1.318592653589993891e+00,-9.683648720726356629e-01
-1.317592653589994001e+00,-9.681148494086799783e-01
-1.316592653589994111e+00,-9.678638586299556090e-01
-1.315592653589994221e+00,-9.676118999874532278e-01
-1.314592653589994331e+00,-9.673589737331315108e-01
-1.313592653589994441e+00,-9.671050801199168045e-01
-1.312592653589994551e+00,-9.668502194017024598e-01
-1.311592653589994661e+00,-9.665943918333492757e-01
-1.310592653589994772e+00,-9.663375976706847226e-01
-1.309592653589994882e+00,-9.660798371705031640e-01
-1.308592653589994992e+00,-9.658211105905648575e-01
-1.307592653589995102e+00,-9.655614181895965098e-01
-1.306592653589995212e+00,-9.653007602272903886e-01
-1.305592653589995322e+00,-9.650391369643045447e-01
-1.304592653589995432e+00,-9.647765486622621456e-01
-1.303592653589995543e+00,-9.645129955837514757e-01
-1.302592653589995653e+00,-9.642484779923254923e-01
-1.301592653589995763e+00,-9.639829961525020474e-01
-1.300592653589995873e+00,-9.637165503297626667e-01
-1.299592653589995983e+00,-9.634491407905533267e-01
-1.298592653589996093e+00,-9.631807678022834551e-01
-1.297592653589996203e+00,-9.629114316333260426e-01
-1.296592653589996313e+00,-9.626411325530171981e-01
-1.295592653589996424e+00,-9.623698708316560380e-01
-1.294592653589996534e+00,-9.620976467405042420e-01
-1.293592653589996644e+00,-9.618244605517859425e-01
-1.292592653589996754e+00,-9.615503125386871686e-01
-1.291592653589996864e+00,-9.612752029753560690e-01
-1.290592653589996974e+00,-9.609991321369020234e-01
-1.289592653589997084e+00,-9.607221002993959758e-01
-1.288592653589997195e+00,-9.604441077398696569e-01
-1.287592653589997305e+00,-9.601651547363156958e-01
-1.286592653589997415e+00,-9.598852415676869532e-01
-1.285592653589997525e+00,-9.596043685138966328e-01
-1.284592653589997635e+00,-9.593225358558177263e-01
-1.283592653589997745e+00,-9.590397438752830128e-01
-1.282592653589997855e+00,-9.587559928550842825e-01
-1.281592653589997965e+00,-9.584712830789725579e-01
-1.280592653589998076e+00,-9.581856148316576505e-01
-1.279592653589998186e+00,-9.578989883988078269e-01
-1.278592653589998296e+00,-9.576114040670493655e-01
-1.277592653589998406e+00,-9.573228621239666669e-01
-1.276592653589998516e+00,-9.570333628581015883e-01
-1.275592653589998626e+00,-9.567429065589534432e-01
-1.274592653589998736e+00,-9.564514935169784460e-01
-1.273592653589998847e+00,-9.561591240235896016e-01
-1.272592653589998957e+00,-9.558657983711564832e-01
-1.271592653589999067e+00,-9.555715168530045656e-01
-1.270592653589999177e+00,-9.552762797634155589e-01
-1.269592653589999287e+00,-9.549800873976262983e-01
-1.268592653589999397e+00,-9.546829400518291875e-01
-1.267592653589999507e+00,-9.543848380231716444e-01
-1.266592653589999617e+00,-9.540857816097556565e-01
-1.265592653589999728e+00,-9.537857711106374481e-01
-1.264592653589999838e+00,-9.534848068258277021e-01
-1.263592653589999948e+00,-9.531828890562905610e-01
-1.262592653590000058e+00,-9.528800181039438488e-01
-1.261592653590000168e+00,-9.525761942716582942e-01
-1.260592653590000278e+00,-9.522714178632579740e-01
-1.259592653590000388e+00,-9.519656891835190926e-01
-1.258592653590000499e+00,-9.516590085381704256e-01
-1.257592653590000609e+00,-9.513513762338924318e-01
-1.256592653590000719e+00,-9.510427925783175862e-01
-1.255592653590000829e+00,-9.507332578800292699e-01
-1.254592653590000939e+00,-9.504227724485624362e-01
-1.253592653590001049e+00,-9.501113365944022782e-01
-1.252592653590001159e+00,-9.497989506289847839e-01
-1.251592653590001269e+00,-9.494856148646957372e-01
-1.250592653590001380e+00,-9.491713296148709400e-01
-1.249592653590001490e+00,-9.488560951937956567e-01
-1.248592653590001600e+00,-9.485399119167042814e-01
-1.247592653590001710e+00,-9.482227800997800049e-01
-1.246592653590001820e+00,-9.479047000601547035e-01
-1.245592653590001930e+00,-9.475856721159082729e-01
-1.244592653590002040e+00,-9.472656965860686284e-01
-1.243592653590002151e+00,-9.469447737906114826e-01
-1.242592653590002261e+00,-9.466229040504593462e-01
-1.241592653590002371e+00,-9.463000876874820833e-01
-1.240592653590002481e+00,-9.459763250244960231e-01
-1.239592653590002591e+00,-9.456516163852637380e-01
-1.238592653590002701e+00,-9.453259620944938213e-01
-1.237592653590002811e+00,-9.449993624778406653e-01
-1.236592653590002922e+00,-9.446718178619037953e-01
-1.235592653590003032e+00,-9.443433285742277583e-01
-1.234592653590003142e+00,-9.440138949433017901e-01
-1.233592653590003252e+00,-9.436835172985595932e-01
-1.232592653590003362e+00,-9.433521959703786708e-01
-1.231592653590003472e+00,-9.430199312900805486e-01
-1.230592653590003582e+00,-9.426867235899295538e-01
-1.229592653590003692e+00,-9.423525732031335922e-01
-1.228592653590003803e+00,-9.420174804638429267e-01
-1.227592653590003913e+00,-9.416814457071503996e-01
-1.226592653590004023e+00,-9.413444692690905446e-01
-1.225592653590004133e+00,-9.410065514866399194e-01
-1.224592653590004243e+00,-9.406676926977162179e-01
-1.223592653590004353e+00,-9.403278932411781588e-01
-1.222592653590004463e+00,-9.399871534568252640e-01
-1.221592653590004574e+00,-9.396454736853971923e-01
-1.220592653590004684e+00,-9.393028542685738502e-01
-1.219592653590004794e+00,-9.389592955489743931e-01
-1.218592653590004904e+00,-9.386147978701576688e-01
-1.217592653590005014e+00,-9.382693615766213302e-01
-1.216592653590005124e+00,-9.379229870138016123e-01
-1.215592653590005234e+00,-9.375756745280729998e-01
-1.214592653590005344e+00,-9.372274244667480048e-01
-1.213592653590005455e+00,-9.368782371780766116e-01
-1.212592653590005565e+00,-9.365281130112461661e-01
-1.211592653590005675e+00,-9.361770523163807090e-01
-1.210592653590005785e+00,-9.358250554445409763e-01
-1.209592653590005895e+00,-9.354721227477238443e-01
-1.208592653590006005e+00,-9.351182545788617739e-01
-1.207592653590006115e+00,-9.347634512918231442e-01
-1.206592653590006226e+00,-9.344077132414111420e-01
-1.205592653590006336e+00,-9.340510407833637618e-01
-1.204592653590006446e+00,-9.336934342743533621e-01
-1.203592653590006556e+00,-9.333348940719865539e-01
-1.202592653590006666e+00,-9.329754205348034235e-01
-1.201592653590006776e+00,-9.326150140222775331e-01
-1.200592653590006886e+00,-9.322536748948153651e-01
-1.199592653590006996e+00,-9.318914035137558782e-01
-1.198592653590007107e+00,-9.315282002413706186e-01
-1.197592653590007217e+00,-9.311640654408628315e-01
-1.196592653590007327e+00,-9.307989994763670172e-01
-1.195592653590007437e+00,-9.304330027129493752e-01
-1.194592653590007547e+00,-9.300660755166065830e-01
-1.193592653590007657e+00,-9.296982182542657958e-01
-1.192592653590007767e+00,-9.293294312937842028e-01
-1.191592653590007878e+00,-9.289597150039488049e-01
-1.190592653590007988e+00,-9.285890697544757488e-01
-1.189592653590008098e+00,-9.282174959160103267e-01
-1.188592653590008208e+00,-9.278449938601263103e-01
-1.187592653590008318e+00,-9.274715639593258398e-01
-1.186592653590008428e+00,-9.270972065870386469e-01
-1.185592653590008538e+00,-9.267219221176220545e-01
-1.184592653590008648e+00,-9.263457109263607547e-01
-1.183592653590008759e+00,-9.259685733894655879e-01
-1.182592653590008869e+00,-9.255905098840742085e-01
-1.181592653590008979e+00,-9.252115207882500858e-01
-1.180592653590009089e+00,-9.248316064809822823e-01
-1.179592653590009199e+00,-9.244507673421851202e-01
-1.178592653590009309e+00,-9.240690037526976264e-01
-1.177592653590009419e+00,-9.236863160942833106e-01
-1.176592653590009530e+00,-9.233027047496299433e-01
-1.175592653590009640e+00,-9.229181701023487783e-01
-1.174592653590009750e+00,-9.225327125369743309e-01
-1.173592653590009860e+00,-9.221463324389642668e-01
-1.172592653590009970e+00,-9.217590301946986253e-01
-1.171592653590010080e+00,-9.213708061914797076e-01
-1.170592653590010190e+00,-9.209816608175313002e-01
-1.169592653590010300e+00,-9.205915944619987856e-01
-1.168592653590010411e+00,-9.202006075149484765e-01
-1.167592653590010521e+00,-9.198087003673673934e-01
-1.166592653590010631e+00,-9.194158734111625986e-01
-1.165592653590010741e+00,-9.190221270391610853e-01
-1.164592653590010851e+00,-9.186274616451090003e-01
-1.163592653590010961e+00,-9.182318776236718660e-01
-1.162592653590011071e+00,-9.178353753704336926e-01
-1.161592653590011182e+00,-9.174379552818965333e-01
-1.160592653590011292e+00,-9.170396177554805961e-01
-1.159592653590011402e+00,-9.166403631895233550e-01
-1.158592653590011512e+00,-9.162401919832792174e-01
-1.157592653590011622e+00,-9.158391045369195238e-01
-1.156592653590011732e+00,-9.154371012515316597e-01
-1.155592653590011842e+00,-9.150341825291187225e-01
-1.154592653590011953e+00,-9.146303487725995218e-01
-1.153592653590012063e+00,-9.142256003858078017e-01
-1.152592653590012173e+00,-9.138199377734919082e-01
-1.151592653590012283e+00,-9.134133613413143449e-01
-1.150592653590012393e+00,-9.130058714958515509e-01
-1.149592653590012503e+00,-9.125974686445934569e-01
-1.148592653590012613e+00,-9.121881531959425971e-01
-1.147592653590012723e+00,-9.117779255592146637e-01
-1.146592653590012834e+00,-9.113667861446371754e-01
-1.145592653590012944e+00,-9.109547353633493660e-01
-1.144592653590013054e+00,-9.105417736274022955e-01
-1.143592653590013164e+00,-9.101279013497572956e-01
-1.142592653590013274e+00,-9.097131189442868582e-01
-1.141592653590013384e+00,-9.092974268257733028e-01
-1.140592653590013494e+00,-9.088808254099086659e-01
-1.139592653590013605e+00,-9.084633151132943674e-01
-1.138592653590013715e+00,-9.080448963534406559e-01
-1.137592653590013825e+00,-9.076255695487662756e-01
-1.136592653590013935e+00,-9.072053351185980219e-01
-1.135592653590014045e+00,-9.067841934831701867e-01
-1.134592653590014155e+00,-9.063621450636244470e-01
-1.133592653590014265e+00,-9.059391902820091991e-01
-1.132592653590014375e+00,-9.055153295612792252e-01
-1.131592653590014486e+00,-9.050905633252950278e-01
-1.130592653590014596e+00,-9.046648919988229398e-01
-1.129592653590014706e+00,-9.042383160075343485e-01
-1.128592653590014816e+00,-9.038108357780050284e-01
-1.127592653590014926e+00,-9.033824517377152530e-01
-1.126592653590015036e+00,-9.029531643150490172e-01
-1.125592653590015146e+00,-9.025229739392937045e-01
-1.124592653590015257e+00,-9.020918810406396426e-01
-1.123592653590015367e+00,-9.016598860501797708e-01
-1.122592653590015477e+00,-9.012269893999089732e-01
-1.121592653590015587e+00,-9.007931915227238573e-01
-1.120592653590015697e+00,-9.003584928524223097e-01
-1.119592653590015807e+00,-8.999228938237029407e-01
-1.118592653590015917e+00,-8.994863948721647517e-01
-1.117592653590016027e+00,-8.990489964343065799e-01
-1.116592653590016138e+00,-8.986106989475269868e-01
-1.115592653590016248e+00,-8.981715028501232601e-01
-1.114592653590016358e+00,-8.977314085812915234e-01
-1.113592653590016468e+00,-8.972904165811260713e-01
-1.112592653590016578e+00,-8.968485272906188133e-01
-1.111592653590016688e+00,-8.964057411516589413e-01
-1.110592653590016798e+00,-8.959620586070327075e-01
-1.109592653590016909e+00,-8.955174801004224250e-01
-1.108592653590017019e+00,-8.950720060764066899e-01
-1.107592653590017129e+00,-8.946256369804594932e-01
-1.106592653590017239e+00,-8.941783732589498879e-01
-1.105592653590017349e+00,-8.937302153591415443e-01
-1.104592653590017459e+00,-8.932811637291923068e-01
-1.103592653590017569e+00,-8.928312188181537490e-01
-1.102592653590017679e+00,-8.923803810759708410e-01
-1.101592653590017790e+00,-8.919286509534811724e-01
-1.100592653590017900e+00,-8.914760289024148410e-01
-1.099592653590018010e+00,-8.910225153753940086e-01
-1.098592653590018120e+00,-8.905681108259320133e-01
-1.097592653590018230e+00,-8.901128157084333692e-01
-1.096592653590018340e+00,-8.896566304781932111e-01
-1.095592653590018450e+00,-8.891995555913966287e-01
-1.094592653590018561e+00,-8.887415915051186666e-01
-1.093592653590018671e+00,-8.882827386773232137e-01
-1.092592653590018781e+00,-8.878229975668631146e-01
-1.091592653590018891e+00,-8.873623686334795035e-01
-1.090592653590019001e+00,-8.869008523378011377e-01
-1.089592653590019111e+00,-8.864384491413442868e-01
-1.088592653590019221e+00,-8.859751595065122887e-01
-1.087592653590019331e+00,-8.855109838965945501e-01
-1.086592653590019442e+00,-8.850459227757666580e-01
-1.085592653590019552e+00,-8.845799766090898242e-01
-1.084592653590019662e+00,-8.841131458625101081e-01
-1.083592653590019772e+00,-8.836454310028580839e-01
-1.082592653590019882e+00,-8.831768324978488405e-01
-1.081592653590019992e+00,-8.827073508160806492e-01
-1.080592653590020102e+00,-8.822369864270351858e-01
-1.079592653590020213e+00,-8.817657398010767533e-01
-1.078592653590020323e+00,-8.812936114094520601e-01
-1.077592653590020433e+00,-8.808206017242894426e-01
-1.076592653590020543e+00,-8.803467112185984211e-01
-1.075592653590020653e+00,-8.798719403662695893e-01
-1.074592653590020763e+00,-8.793962896420737252e-01
-1.073592653590020873e+00,-8.789197595216614589e-01
-1.072592653590020984e+00,-8.784423504815629391e-01
-1.071592653590021094e+00,-8.779640629991871670e-01
-1.070592653590021204e+00,-8.774848975528215522e-01
-1.069592653590021314e+00,-8.770048546216314689e-01
-1.068592653590021424e+00,-8.765239346856599223e-01
-1.067592653590021534e+00,-8.760421382258266609e-01
-1.066592653590021644e+00,-8.755594657239281764e-01
-1.065592653590021754e+00,-8.750759176626369262e-01
-1.064592653590021865e+00,-8.745914945255010009e-01
-1.063592653590021975e+00,-8.741061967969433466e-01
-1.062592653590022085e+00,-8.736200249622618763e-01
-1.061592653590022195e+00,-8.731329795076281375e-01
-1.060592653590022305e+00,-8.726450609200876452e-01
-1.059592653590022415e+00,-8.721562696875589937e-01
-1.058592653590022525e+00,-8.716666062988333019e-01
-1.057592653590022636e+00,-8.711760712435739906e-01
-1.056592653590022746e+00,-8.706846650123160058e-01
-1.055592653590022856e+00,-8.701923880964655966e-01
-1.054592653590022966e+00,-8.696992409882995378e-01
-1.053592653590023076e+00,-8.692052241809650193e-01
-1.052592653590023186e+00,-8.687103381684787573e-01
-1.051592653590023296e+00,-8.682145834457266620e-01
-1.050592653590023406e+00,-8.677179605084636149e-01
-1.049592653590023517e+00,-8.672204698533122480e-01
-1.048592653590023627e+00,-8.667221119777632765e-01
-1.047592653590023737e+00,-8.662228873801746110e-01
-1.046592653590023847e+00,-8.657227965597706909e-01
-1.045592653590023957e+00,-8.652218400166424850e-01
-1.044592653590024067e+00,-8.647200182517462697e-01
-1.043592653590024177e+00,-8.642173317669038513e-01
-1.042592653590024288e+00,-8.637137810648016778e-01
-1.041592653590024398e+00,-8.632093666489905059e-01
-1.040592653590024508e+00,-8.627040890238845128e-01
-1.039592653590024618e+00,-8.621979486947614069e-01
-1.038592653590024728e+00,-8.616909461677615401e-01
-1.037592653590024838e+00,-8.611830819498872414e-01
-1.036592653590024948e+00,-8.606743565490028169e-01
-1.035592653590025058e+00,-8.601647704738334399e-01
-1.034592653590025169e+00,-8.596543242339653723e-01
-1.033592653590025279e+00,-8.591430183398447440e-01
-1.032592653590025389e+00,-8.586308533027773304e-01
-1.031592653590025499e+00,-8.581178296349281087e-01
-1.030592653590025609e+00,-8.576039478493208135e-01
-1.029592653590025719e+00,-8.570892084598371596e-01
-1.028592653590025829e+00,-8.565736119812163984e-01
-1.027592653590025940e+00,-8.560571589290550953e-01
-1.026592653590026050e+00,-8.555398498198061308e-01
-1.025592653590026160e+00,-8.550216851707787002e-01
-1.024592653590026270e+00,-8.545026655001374261e-01
-1.023592653590026380e+00,-8.539827913269016912e-01
-1.022592653590026490e+00,-8.534620631709459726e-01
-1.021592653590026600e+00,-8.529404815529980644e-01
-1.020592653590026710e+00,-8.524180469946397443e-01
-1.019592653590026821e+00,-8.518947600183054414e-01
-1.018592653590026931e+00,-8.513706211472821250e-01
-1.017592653590027041e+00,-8.508456309057086386e-01
-1.016592653590027151e+00,-8.503197898185751447e-01
-1.015592653590027261e+00,-8.497930984117226805e-01
-1.014592653590027371e+00,-8.492655572118426033e-01
-1.013592653590027481e+00,-8.487371667464760350e-01
-1.012592653590027592e+00,-8.482079275440135291e-01
-1.011592653590027702e+00,-8.476778401336940716e-01
-1.010592653590027812e+00,-8.471469050456053029e-01
-1.009592653590027922e+00,-8.466151228106819637e-01
-1.008592653590028032e+00,-8.460824939607063389e-01
-1.007592653590028142e+00,-8.455490190283072582e-01
-1.006592653590028252e+00,-8.450146985469596528e-01
-1.005592653590028362e+00,-8.444795330509839992e-01
-1.004592653590028473e+00,-8.439435230755455430e-01
-1.003592653590028583e+00,-8.434066691566544094e-01
-1.002592653590028693e+00,-8.428689718311642709e-01
-1.001592653590028803e+00,-8.423304316367726807e-01
-1.000592653590028913e+00,-8.417910491120196292e-01
-9.995926535900290233e-01,-8.412508247962875441e-01
-9.985926535900291334e-01,-8.407097592298008459e-01
-9.975926535900292436e-01,-8.401678529536249496e-01
-9.965926535900293537e-01,-8.396251065096661526e-01
-9.955926535900294638e-01,-8.390815204406707473e-01
-9.945926535900295740e-01,-8.385370952902249098e-01
-9.935926535900296841e-01,-8.379918316027535896e-01
-9.925926535900297942e-01,-8.374457299235205099e-01
-9.915926535900299044e-01,-8.368987907986272790e-01
-9.905926535900300145e-01,-8.363510147750129464e-01
-9.895926535900301246e-01,-8.358024024004536701e-01
-9.885926535900302348e-01,-8.352529542235616056e-01
-9.875926535900303449e-01,-8.347026707937847956e-01
-9.865926535900304550e-01,-8.341515526614068365e-01
-9.855926535900305652e-01,-8.335996003775457686e-01
-9.845926535900306753e-01,-8.330468144941537423e-01
-9.835926535900307854e-01,-8.324931955640166859e-01
-9.825926535900308956e-01,-8.319387441407534167e-01
-9.815926535900310057e-01,-8.313834607788153086e-01
-9.805926535900311158e-01,-8.308273460334857363e-01
-9.795926535900312260e-01,-8.302704004608794097e-01
-9.785926535900313361e-01,-8.297126246179417075e-01
-9.775926535900314462e-01,-8.291540190624485662e-01
-9.765926535900315564e-01,-8.285945843530054811e-01
-9.755926535900316665e-01,-8.280343210490470618e-01
-9.745926535900317766e-01,-8.274732297108365886e-01
-9.735926535900318868e-01,-8.269113108994654571e-01
-9.725926535900319969e-01,-8.263485651768522899e-01
-9.715926535900321070e-01,-8.257849931057428261e-01
-9.705926535900322172e-01,-8.252205952497089214e-01
-9.695926535900323273e-01,-8.246553721731486597e-01
-9.685926535900324374e-01,-8.240893244412850205e-01
-9.675926535900325476e-01,-8.235224526201655459e-01
-9.665926535900326577e-01,-8.229547572766620078e-01
-9.655926535900327679e-01,-8.223862389784698523e-01
-9.645926535900328780e-01,-8.218168982941072009e-01
-9.635926535900329881e-01,-8.212467357929147393e-01
-9.625926535900330983e-01,-8.206757520450549404e-01
-9.615926535900332084e-01,-8.201039476215115087e-01
-9.605926535900333185e-01,-8.195313230940888261e-01
-9.595926535900334287e-01,-8.189578790354112847e-01
-9.585926535900335388e-01,-8.183836160189229547e-01
-9.575926535900336489e-01,-8.178085346188868066e-01
-9.565926535900337591e-01,-8.172326354103842672e-01
-9.555926535900338692e-01,-8.166559189693143317e-01
-9.545926535900339793e-01,-8.160783858723934525e-01
-9.535926535900340895e-01,-8.155000366971547621e-01
-9.525926535900341996e-01,-8.149208720219474067e-01
-9.515926535900343097e-01,-8.143408924259357695e-01
-9.505926535900344199e-01,-8.137600984890996925e-01
-9.495926535900345300e-01,-8.131784907922329220e-01
-9.485926535900346401e-01,-8.125960699169431090e-01
-9.475926535900347503e-01,-8.120128364456511427e-01
-9.465926535900348604e-01,-8.114287909615903738e-01
-9.455926535900349705e-01,-8.108439340488061697e-01
-9.445926535900350807e-01,-8.102582662921555823e-01
-9.435926535900351908e-01,-8.096717882773062369e-01
-9.425926535900353009e-01,-8.090845005907361109e-01
-9.415926535900354111e-01,-8.084964038197327563e-01
-9.405926535900355212e-01,-8.079074985523929664e-01
-9.395926535900356313e-01,-8.073177853776218882e-01
-9.385926535900357415e-01,-8.067272648851327999e-01
-9.375926535900358516e-01,-8.061359376654460007e-01
-9.365926535900359617e-01,-8.055438043098887002e-01
-9.355926535900360719e-01,-8.049508654105942407e-01
-9.345926535900361820e-01,-8.043571215605015423e-01
-9.335926535900362921e-01,-8.037625733533542149e-01
-9.325926535900364023e-01,-8.031672213837005581e-01
-9.315926535900365124e-01,-8.025710662468924506e-01
-9.305926535900366225e-01,-8.019741085390849067e-01
-9.295926535900367327e-01,-8.013763488572356319e-01
-9.285926535900368428e-01,-8.007777877991043569e-01
-9.275926535900369529e-01,-8.001784259632520602e-01
-9.265926535900370631e-01,-7.995782639490404131e-01
-9.255926535900371732e-01,-7.989773023566314469e-01
-9.245926535900372834e-01,-7.983755417869867754e-01
-9.235926535900373935e-01,-7.977729828418667068e-01
-9.225926535900375036e-01,-7.971696261238303549e-01
-9.215926535900376138e-01,-7.965654722362344176e-01
-9.205926535900377239e-01,-7.959605217832325108e-01
-9.195926535900378340e-01,-7.953547753697751688e-01
-9.185926535900379442e-01,-7.947482336016087334e-01
-9.175926535900380543e-01,-7.941408970852749105e-01
-9.165926535900381644e-01,-7.935327664281102145e-01
-9.155926535900382746e-01,-7.929238422382451912e-01
-9.145926535900383847e-01,-7.923141251246039740e-01
-9.135926535900384948e-01,-7.917036156969037286e-01
-9.125926535900386050e-01,-7.910923145656537647e-01
-9.115926535900387151e-01,-7.904802223421550922e-01
-9.105926535900388252e-01,-7.898673396384999768e-01
-9.095926535900389354e-01,-7.892536670675710520e-01
-9.085926535900390455e-01,-7.886392052430408750e-01
-9.075926535900391556e-01,-7.880239547793711496e-01
-9.065926535900392658e-01,-7.874079162918122821e-01
-9.055926535900393759e-01,-7.867910903964027147e-01
-9.045926535900394860e-01,-7.861734777099683713e-01
-9.035926535900395962e-01,-7.855550788501218795e-01
-9.025926535900397063e-01,-7.849358944352619050e-01
-9.015926535900398164e-01,-7.843159250845729291e-01
-9.005926535900399266e-01,-7.836951714180242501e-01
-8.995926535900400367e-01,-7.830736340563695386e-01
-8.985926535900401468e-01,-7.824513136211459496e-01
-8.975926535900402570e-01,-7.818282107346739007e-01
-8.965926535900403671e-01,-7.812043260200562944e-01
-8.955926535900404772e-01,-7.805796601011778524e-01
-8.945926535900405874e-01,-7.799542136027042272e-01
-8.935926535900406975e-01,-7.793279871500821132e-01
-8.925926535900408076e-01,-7.787009813695376925e-01
-8.915926535900409178e-01,-7.780731968880768568e-01
-8.905926535900410279e-01,-7.774446343334838749e-01
-8.895926535900411380e-01,-7.768152943343215044e-01
-8.885926535900412482e-01,-7.761851775199294368e-01
-8.875926535900413583e-01,-7.755542845204245195e-01
-8.865926535900414684e-01,-7.749226159666997571e-01
-8.855926535900415786e-01,-7.742901724904235339e-01
-8.845926535900416887e-01,-7.736569547240395028e-01
-8.835926535900417989e-01,-7.730229633007650314e-01
-8.825926535900419090e-01,-7.723881988545917565e-01
-8.815926535900420191e-01,-7.717526620202840304e-01
-8.805926535900421293e-01,-7.711163534333785874e-01
-8.795926535900422394e-01,-7.704792737301839889e-01
-8.785926535900423495e-01,-7.698414235477798462e-01
-8.775926535900424597e-01,-7.692028035240162653e-01
-8.765926535900425698e-01,-7.685634142975132921e-01
-8.755926535900426799e-01,-7.679232565076600237e-01
-8.745926535900427901e-01,-7.672823307946142757e-01
-8.735926535900429002e-01,-7.666406377993016941e-01
-8.725926535900430103e-01,-7.659981781634151998e-01
-8.715926535900431205e-01,-7.653549525294143230e-01
-8.705926535900432306e-01,-7.647109615405247585e-01
-8.695926535900433407e-01,-7.640662058407373669e-01
-8.685926535900434509e-01,-7.634206860748077306e-01
-8.675926535900435610e-01,-7.627744028882557092e-01
-8.665926535900436711e-01,-7.621273569273644410e-01
-8.655926535900437813e-01,-7.614795488391796763e-01
-8.645926535900438914e-01,-7.608309792715094444e-01
-8.635926535900440015e-01,-7.601816488729234988e-01
-8.625926535900441117e-01,-7.595315582927518738e-01
-8.615926535900442218e-01,-7.588807081810854394e-01
-8.605926535900443319e-01,-7.582290991887739029e-01
-8.595926535900444421e-01,-7.575767319674263645e-01
-8.585926535900445522e-01,-7.569236071694100954e-01
-8.575926535900446623e-01,-7.562697254478496500e-01
-8.565926535900447725e-01,-7.556150874566268660e-01
-8.555926535900448826e-01,-7.549596938503795318e-01
-8.545926535900449927e-01,-7.543035452845012756e-01
-8.535926535900451029e-01,-7.536466424151405663e-01
-8.525926535900452130e-01,-7.529889858992002694e-01
-8.515926535900453231e-01,-7.523305763943367586e-01
-8.505926535900454333e-01,-7.516714145589596940e-01
-8.495926535900455434e-01,-7.510115010522305790e-01
-8.485926535900456535e-01,-7.503508365340630926e-01
-8.475926535900457637e-01,-7.496894216651215359e-01
-8.465926535900458738e-01,-7.490272571068207208e-01
-8.455926535900459839e-01,-7.483643435213254147e-01
-8.445926535900460941e-01,-7.477006815715487864e-01
-8.435926535900462042e-01,-7.470362719211529612e-01
-8.425926535900463143e-01,-7.463711152345473554e-01
-8.415926535900464245e-01,-7.457052121768887876e-01
-8.405926535900465346e-01,-7.450385634140802571e-01
-8.395926535900466448e-01,-7.443711696127703892e-01
-8.385926535900467549e-01,-7.437030314403528797e-01
-8.375926535900468650e-01,-7.430341495649659400e-01
-8.365926535900469752e-01,-7.423645246554912980e-01
-8.355926535900470853e-01,-7.416941573815539757e-01
-8.345926535900471954e-01,-7.410230484135209572e-01
-8.335926535900473056e-01,-7.403511984225012998e-01
-8.325926535900474157e-01,-7.396786080803449126e-01
-8.315926535900475258e-01,-7.390052780596422233e-01
-8.305926535900476360e-01,-7.383312090337229572e-01
-8.295926535900477461e-01,-7.376564016766561371e-01
-8.285926535900478562e-01,-7.369808566632491953e-01
-8.275926535900479664e-01,-7.363045746690469739e-01
-8.265926535900480765e-01,-7.356275563703313924e-01
-8.255926535900481866e-01,-7.349498024441207811e-01
-8.245926535900482968e-01,-7.342713135681689929e-01
-8.235926535900484069e-01,-7.335920904209648485e-01
-8.225926535900485170e-01,-7.329121336817313592e-01
-8.215926535900486272e-01,-7.322314440304252825e-01
-8.205926535900487373e-01,-7.315500221477361231e-01
-8.195926535900488474e-01,-7.308678687150859110e-01
-8.185926535900489576e-01,-7.301849844146278690e-01
-8.175926535900490677e-01,-7.295013699292461906e-01
-8.165926535900491778e-01,-7.288170259425553743e-01
-8.155926535900492880e-01,-7.281319531388993349e-01
-8.145926535900493981e-01,-7.274461522033509597e-01
-8.135926535900495082e-01,-7.267596238217108873e-01
-8.125926535900496184e-01,-7.260723686805076182e-01
-8.115926535900497285e-01,-7.253843874669960723e-01
-8.105926535900498386e-01,-7.246956808691576990e-01
-8.095926535900499488e-01,-7.240062495756987015e-01
-8.085926535900500589e-01,-7.233160942760504808e-01
-8.075926535900501690e-01,-7.226252156603683030e-01
-8.065926535900502792e-01,-7.219336144195306337e-01
-8.055926535900503893e-01,-7.212412912451386937e-01
-8.045926535900504994e-01,-7.205482468295156817e-01
-8.035926535900506096e-01,-7.198544818657057753e-01
-8.025926535900507197e-01,-7.191599970474741310e-01
-8.015926535900508298e-01,-7.184647930693053297e-01
-8.005926535900509400e-01,-7.177688706264032659e-01
-7.995926535900510501e-01,-7.170722304146904813e-01
-7.985926535900511603e-01,-7.163748731308069440e-01
-7.975926535900512704e-01,-7.156767994721100479e-01
-7.965926535900513805e-01,-7.149780101366732810e-01
-7.955926535900514907e-01,-7.142785058232858919e-01
-7.945926535900516008e-01,-7.135782872314523351e-01
-7.935926535900517109e-01,-7.128773550613909382e-01
-7.925926535900518211e-01,-7.121757100140339025e-01
-7.915926535900519312e-01,-7.114733527910261923e-01
-7.905926535900520413e-01,-7.107702840947250911e-01
-7.895926535900521515e-01,-7.100665046281989801e-01
-7.885926535900522616e-01,-7.093620150952274495e-01
-7.875926535900523717e-01,-7.086568162002998550e-01
-7.865926535900524819e-01,-7.079509086486153180e-01
-7.855926535900525920e-01,-7.072442931460809490e-01
-7.845926535900527021e-01,-7.065369703993125139e-01
-7.835926535900528123e-01,-7.058289411156324356e-01
-7.825926535900529224e-01,-7.051202060030701269e-01
-7.815926535900530325e-01,-7.044107657703605474e-01
-7.805926535900531427e-01,-7.037006211269438705e-01
-7.795926535900532528e-01,-7.029897727829647058e-01
-7.785926535900533629e-01,-7.022782214492714337e-01
-7.775926535900534731e-01,-7.015659678374152053e-01
-7.765926535900535832e-01,-7.008530126596494991e-01
-7.755926535900536933e-01,-7.001393566289296766e-01
-7.745926535900538035e-01,-6.994250004589115388e-01
-7.735926535900539136e-01,-6.987099448639512156e-01
-7.725926535900540237e-01,-6.979941905591041662e-01
-7.715926535900541339e-01,-6.972777382601248464e-01
-7.705926535900542440e-01,-6.965605886834652649e-01
-7.695926535900543541e-01,-6.958427425462750948e-01
-7.685926535900544643e-01,-6.951242005664004520e-01
-7.675926535900545744e-01,-6.944049634623830070e-01
-7.665926535900546845e-01,-6.936850319534600962e-01
-7.655926535900547947e-01,-6.929644067595630563e-01
-7.645926535900549048e-01,-6.922430886013168916e-01
-7.635926535900550149e-01,-6.915210782000398293e-01
-7.625926535900551251e-01,-6.907983762777423209e-01
-7.615926535900552352e-01,-6.900749835571259316e-01
-7.605926535900553453e-01,-6.893509007615835626e-01
-7.595926535900554555e-01,-6.886261286151978966e-01
-7.585926535900555656e-01,-6.879006678427410648e-01
-7.575926535900556757e-01,-6.871745191696736477e-01
-7.565926535900557859e-01,-6.864476833221442309e-01
-7.555926535900558960e-01,-6.857201610269888503e-01
-7.545926535900560062e-01,-6.849919530117295485e-01
-7.535926535900561163e-01,-6.842630600045742639e-01
-7.525926535900562264e-01,-6.835334827344160535e-01
-7.515926535900563366e-01,-6.828032219308319828e-01
-7.505926535900564467e-01,-6.820722783240830145e-01
-7.495926535900565568e-01,-6.813406526451124545e-01
-7.485926535900566670e-01,-6.806083456255460629e-01
-7.475926535900567771e-01,-6.798753579976907213e-01
-7.465926535900568872e-01,-6.791416904945341004e-01
-7.455926535900569974e-01,-6.784073438497435493e-01
-7.445926535900571075e-01,-6.776723187976656515e-01
-7.435926535900572176e-01,-6.769366160733255589e-01
-7.425926535900573278e-01,-6.762002364124256593e-01
-7.415926535900574379e-01,-6.754631805513457987e-01
-7.405926535900575480e-01,-6.747254492271416160e-01
-7.395926535900576582e-01,-6.739870431775444315e-01
-7.385926535900577683e-01,-6.732479631409602483e-01
-7.375926535900578784e-01,-6.725082098564689748e-01
-7.365926535900579886e-01,-6.717677840638239806e-01
-7.355926535900580987e-01,-6.710266865034508754e-01
-7.345926535900582088e-01,-6.702849179164471760e-01
-7.335926535900583190e-01,-6.695424790445814178e-01
-7.325926535900584291e-01,-6.687993706302923780e-01
-7.315926535900585392e-01,-6.680555934166885201e-01
-7.305926535900586494e-01,-6.673111481475468842e-01
-7.295926535900587595e-01,-6.665660355673126425e-01
-7.285926535900588696e-01,-6.658202564210984331e-01
-7.275926535900589798e-01,-6.650738114546832502e-01
-7.265926535900590899e-01,-6.643267014145121108e-01
-7.255926535900592000e-01,-6.635789270476948332e-01
-7.245926535900593102e-01,-6.628304891020059264e-01
-7.235926535900594203e-01,-6.620813883258830357e-01
-7.225926535900595304e-01,-6.613316254684270534e-01
-7.215926535900596406e-01,-6.605812012794006760e-01
-7.205926535900597507e-01,-6.598301165092280707e-01
-7.195926535900598608e-01,-6.590783719089939874e-01
-7.185926535900599710e-01,-6.583259682304428706e-01
-7.175926535900600811e-01,-6.575729062259784152e-01
-7.165926535900601912e-01,-6.568191866486625674e-01
-7.155926535900603014e-01,-6.560648102522147473e-01
-7.145926535900604115e-01,-6.553097777910114052e-01
-7.135926535900605217e-01,-6.545540900200848000e-01
-7.125926535900606318e-01,-6.537977476951227773e-01
-7.115926535900607419e-01,-6.530407515724674372e-01
-7.105926535900608521e-01,-6.522831024091151342e-01
-7.095926535900609622e-01,-6.515248009627145898e-01
-7.085926535900610723e-01,-6.507658479915675587e-01
-7.075926535900611825e-01,-6.500062442546266084e-01
-7.065926535900612926e-01,-6.492459905114956742e-01
-7.055926535900614027e-01,-6.484850875224282829e-01
-7.045926535900615129e-01,-6.477235360483273308e-01
-7.035926535900616230e-01,-6.469613368507444173e-01
-7.025926535900617331e-01,-6.461984906918786242e-01
-7.015926535900618433e-01,-6.454349983345758490e-01
-7.005926535900619534e-01,-6.446708605423285832e-01
-6.995926535900620635e-01,-6.439060780792744687e-01
-6.985926535900621737e-01,-6.431406517101959652e-01
-6.975926535900622838e-01,-6.423745822005193506e-01
-6.965926535900623939e-01,-6.416078703163140551e-01
-6.955926535900625041e-01,-6.408405168242919947e-01
-6.945926535900626142e-01,-6.400725224918064615e-01
-6.935926535900627243e-01,-6.393038880868516793e-01
-6.925926535900628345e-01,-6.385346143780621375e-01
-6.915926535900629446e-01,-6.377647021347114809e-01
-6.905926535900630547e-01,-6.369941521267118434e-01
-6.895926535900631649e-01,-6.362229651246130713e-01
-6.885926535900632750e-01,-6.354511418996022787e-01
-6.875926535900633851e-01,-6.346786832235025155e-01
-6.865926535900634953e-01,-6.339055898687724344e-01
-6.855926535900636054e-01,-6.331318626085052914e-01
-6.845926535900637155e-01,-6.323575022164282800e-01
-6.835926535900638257e-01,-6.315825094669017536e-01
-6.825926535900639358e-01,-6.308068851349184492e-01
-6.815926535900640459e-01,-6.300306299961024870e-01
-6.805926535900641561e-01,-6.292537448267090383e-01
-6.795926535900642662e-01,-6.284762304036233260e-01
-6.785926535900643763e-01,-6.276980875043594033e-01
-6.775926535900644865e-01,-6.269193169070603755e-01
-6.765926535900645966e-01,-6.261399193904967353e-01
-6.755926535900647067e-01,-6.253598957340658071e-01
-6.745926535900648169e-01,-6.245792467177913032e-01
-6.735926535900649270e-01,-6.237979731223221025e-01
-6.725926535900650372e-01,-6.230160757289318063e-01
-6.715926535900651473e-01,-6.222335553195176283e-01
-6.705926535900652574e-01,-6.214504126766000613e-01
-6.695926535900653676e-01,-6.206666485833215452e-01
-6.685926535900654777e-01,-6.198822638234462445e-01
-6.675926535900655878e-01,-6.190972591813587167e-01
-6.665926535900656980e-01,-6.183116354420635785e-01
-6.655926535900658081e-01,-6.175253933911845072e-01
-6.645926535900659182e-01,-6.167385338149635743e-01
-6.635926535900660284e-01,-6.159510575002602462e-01
-6.625926535900661385e-01,-6.151629652345506072e-01
-6.615926535900662486e-01,-6.143742578059271375e-01
-6.605926535900663588e-01,-6.135849360030969368e-01
-6.595926535900664689e-01,-6.127950006153819462e-01
-6.585926535900665790e-01,-6.120044524327173940e-01
-6.575926535900666892e-01,-6.112132922456514628e-01
-6.565926535900667993e-01,-6.104215208453441788e-01
-6.555926535900669094e-01,-6.096291390235668572e-01
-6.545926535900670196e-01,-6.088361475727014360e-01
-6.535926535900671297e-01,-6.080425472857390323e-01
-6.525926535900672398e-01,-6.072483389562801648e-01
-6.515926535900673500e-01,-6.064535233785328661e-01
-6.505926535900674601e-01,-6.056581013473126829e-01
-6.495926535900675702e-01,-6.048620736580416768e-01
-6.485926535900676804e-01,-6.040654411067474250e-01
-6.475926535900677905e-01,-6.032682044900623541e-01
-6.465926535900679006e-01,-6.024703646052231854e-01
-6.455926535900680108e-01,-6.016719222500694908e-01
-6.445926535900681209e-01,-6.008728782230438048e-01
-6.435926535900682310e-01,-6.000732333231898474e-01
-6.425926535900683412e-01,-5.992729883501526356e-01
-6.415926535900684513e-01,-5.984721441041769285e-01
-6.405926535900685614e-01,-5.976707013861071172e-01
-6.395926535900686716e-01,-5.968686609973856694e-01
-6.385926535900687817e-01,-5.960660237400529082e-01
-6.375926535900688918e-01,-5.952627904167462347e-01
-6.365926535900690020e-01,-5.944589618306985734e-01
-6.355926535900691121e-01,-5.936545387857387057e-01
-6.345926535900692222e-01,-5.928495220862894932e-01
-6.335926535900693324e-01,-5.920439125373676559e-01
-6.325926535900694425e-01,-5.912377109445825507e-01
-6.315926535900695526e-01,-5.904309181141358387e-01
-6.305926535900696628e-01,-5.896235348528201525e-01
-6.295926535900697729e-01,-5.888155619680187636e-01
-6.285926535900698831e-01,-5.880070002677044716e-01
-6.275926535900699932e-01,-5.871978505604389387e-01
-6.265926535900701033e-01,-5.863881136553718010e-01
-6.255926535900702135e-01,-5.855777903622398917e-01
-6.245926535900703236e-01,-5.847668814913663526e-01
-6.235926535900704337e-01,-5.839553878536600795e-01
-6.225926535900705439e-01,-5.831433102606146113e-01
-6.215926535900706540e-01,-5.823306495243074643e-01
-6.205926535900707641e-01,-5.815174064573992441e-01
-6.195926535900708743e-01,-5.807035818731330901e-01
-6.185926535900709844e-01,-5.798891765853335656e-01
-6.175926535900710945e-01,-5.790741914084056585e-01
-6.165926535900712047e-01,-5.782586271573346703e-01
-6.155926535900713148e-01,-5.774424846476846618e-01
-6.145926535900714249e-01,-5.766257646955981198e-01
-6.135926535900715351e-01,-5.758084681177949582e-01
-6.125926535900716452e-01,-5.749905957315716298e-01
-6.115926535900717553e-01,-5.741721483548004601e-01
-6.105926535900718655e-01,-5.733531268059288699e-01
-6.095926535900719756e-01,-5.725335319039782656e-01
-6.085926535900720857e-01,-5.717133644685433724e-01
-6.075926535900721959e-01,-5.708926253197916800e-01
-6.065926535900723060e-01,-5.700713152784623317e-01
-6.055926535900724161e-01,-5.692494351658651253e-01
-6.045926535900725263e-01,-5.684269858038801804e-01
-6.035926535900726364e-01,-5.676039680149568278e-01
-6.025926535900727465e-01,-5.667803826221128327e-01
-6.015926535900728567e-01,-5.659562304489332840e-01
-6.005926535900729668e-01,-5.651315123195705947e-01
-5.995926535900730769e-01,-5.643062290587426144e-01
-5.985926535900731871e-01,-5.634803814917326292e-01
-5.975926535900732972e-01,-5.626539704443880296e-01
-5.965926535900734073e-01,-5.618269967431199774e-01
-5.955926535900735175e-01,-5.609994612149019622e-01
-5.945926535900736276e-01,-5.601713646872694685e-01
-5.935926535900737377e-01,-5.593427079883189768e-01
-5.925926535900738479e-01,-5.585134919467071857e-01
-5.915926535900739580e-01,-5.576837173916499024e-01
-5.905926535900740681e-01,-5.568533851529217094e-01
-5.895926535900741783e-01,-5.560224960608547429e-01
-5.885926535900742884e-01,-5.551910509463381382e-01
-5.875926535900743986e-01,-5.543590506408168084e-01
-5.865926535900745087e-01,-5.535264959762909998e-01
-5.855926535900746188e-01,-5.526933877853154042e-01
-5.845926535900747290e-01,-5.518597269009980488e-01
-5.835926535900748391e-01,-5.510255141569997406e-01
-5.825926535900749492e-01,-5.501907503875331784e-01
-5.815926535900750594e-01,-5.493554364273621760e-01
-5.805926535900751695e-01,-5.485195731118004403e-01
-5.795926535900752796e-01,-5.476831612767113500e-01
-5.785926535900753898e-01,-5.468462017585066226e-01
-5.775926535900754999e-01,-5.460086953941457599e-01
-5.765926535900756100e-01,-5.451706430211349375e-01
-5.755926535900757202e-01,-5.443320454775264494e-01
-5.745926535900758303e-01,-5.434929036019179316e-01
-5.735926535900759404e-01,-5.426532182334511401e-01
-5.725926535900760506e-01,-5.418129902118112851e-01
-5.715926535900761607e-01,-5.409722203772263649e-01
-5.705926535900762708e-01,-5.401309095704661667e-01
-5.695926535900763810e-01,-5.392890586328414892e-01
-5.685926535900764911e-01,-5.384466684062030328e-01
-5.675926535900766012e-01,-5.376037397329409551e-01
-5.665926535900767114e-01,-5.367602734559840938e-01
-5.655926535900768215e-01,-5.359162704187984128e-01
-5.645926535900769316e-01,-5.350717314653870016e-01
-5.635926535900770418e-01,-5.342266574402887436e-01
-5.625926535900771519e-01,-5.333810491885775384e-01
-5.615926535900772620e-01,-5.325349075558616363e-01
-5.605926535900773722e-01,-5.316882333882825273e-01
-5.595926535900774823e-01,-5.308410275325142758e-01
-5.585926535900775924e-01,-5.299932908357627426e-01
-5.575926535900777026e-01,-5.291450241457645864e-01
-5.565926535900778127e-01,-5.282962283107863755e-01
-5.555926535900779228e-01,-5.274469041796239210e-01
-5.545926535900780330e-01,-5.265970526016011677e-01
-5.535926535900781431e-01,-5.257466744265697489e-01
-5.525926535900782532e-01,-5.248957705049076550e-01
-5.515926535900783634e-01,-5.240443416875187888e-01
-5.505926535900784735e-01,-5.231923888258319666e-01
-5.495926535900785836e-01,-5.223399127717999191e-01
-5.485926535900786938e-01,-5.214869143778986249e-01
-5.475926535900788039e-01,-5.206333944971264227e-01
-5.465926535900789140e-01,-5.197793539830030118e-01
-5.455926535900790242e-01,-5.189247936895690083e-01
-5.445926535900791343e-01,-5.180697144713846125e-01
-5.435926535900792445e-01,-5.172141171835288320e-01
-5.425926535900793546e-01,-5.163580026815990376e-01
-5.415926535900794647e-01,-5.155013718217095198e-01
-5.405926535900795749e-01,-5.146442254604911559e-01
-5.395926535900796850e-01,-5.137865644550901889e-01
-5.385926535900797951e-01,-5.129283896631676720e-01
-5.375926535900799053e-01,-5.120697019428981367e-01
-5.365926535900800154e-01,-5.112105021529693705e-01
-5.355926535900801255e-01,-5.103507911525810847e-01
-5.345926535900802357e-01,-5.094905698014441375e-01
-5.335926535900803458e-01,-5.086298389597798675e-01
-5.325926535900804559e-01,-5.077685994883190945e-01
-5.315926535900805661e-01,-5.069068522483010097e-01
-5.305926535900806762e-01,-5.060445981014730643e-01
-5.295926535900807863e-01,-5.051818379100890821e-01
-5.285926535900808965e-01,-5.043185725369092598e-01
-5.275926535900810066e-01,-5.034548028451990564e-01
-5.265926535900811167e-01,-5.025905296987278614e-01
-5.255926535900812269e-01,-5.017257539617688833e-01
-5.245926535900813370e-01,-5.008604764990977065e-01
-5.235926535900814471e-01,-4.999946981759918474e-01
-5.225926535900815573e-01,-4.991284198582294218e-01
-5.215926535900816674e-01,-4.982616424120887566e-01
-5.205926535900817775e-01,-4.973943667043471684e-01
-5.195926535900818877e-01,-4.965265936022803528e-01
-5.185926535900819978e-01,-4.956583239736613300e-01
-5.175926535900821079e-01,-4.947895586867596118e-01
-5.165926535900822181e-01,-4.939202986103404247e-01
-5.155926535900823282e-01,-4.930505446136638215e-01
-5.145926535900824383e-01,-4.921802975664836821e-01
-5.135926535900825485e-01,-4.913095583390469923e-01
-5.125926535900826586e-01,-4.904383278020928993e-01
-5.115926535900827687e-01,-4.895666068268518800e-01
-5.105926535900828789e-01,-4.886943962850448520e-01
-5.095926535900829890e-01,-4.878216970488822302e-01
-5.085926535900830991e-01,-4.869485099910632053e-01
-5.075926535900832093e-01,-4.860748359847748001e-01
-5.065926535900833194e-01,-4.852006759036909256e-01
-5.055926535900834295e-01,-4.843260306219715483e-01
-5.045926535900835397e-01,-4.834509010142619134e-01
-5.035926535900836498e-01,-4.825752879556915453e-01
-5.025926535900837600e-01,-4.816991923218734706e-01
-5.015926535900838701e-01,-4.808226149889031631e-01
-5.005926535900839802e-01,-4.799455568333579891e-01
-4.995926535900840904e-01,-4.790680187322959305e-01
-4.985926535900842005e-01,-4.781900015632550849e-01
-4.975926535900843106e-01,-4.773115062042525558e-01
-4.965926535900844208e-01,-4.764325335337835643e-01
-4.955926535900845309e-01,-4.755530844308207272e-01
-4.945926535900846410e-01,-4.746731597748131137e-01
-4.935926535900847512e-01,-4.737927604456853015e-01
-4.925926535900848613e-01,-4.729118873238364884e-01
-4.915926535900849714e-01,-4.720305412901397712e-01
-4.905926535900850816e-01,-4.711487232259410907e-01
-4.895926535900851917e-01,-4.702664340130584542e-01
-4.885926535900853018e-01,-4.693836745337809924e-01
-4.875926535900854120e-01,-4.685004456708681264e-01
-4.865926535900855221e-01,-4.676167483075486242e-01
-4.855926535900856322e-01,-4.667325833275197677e-01
-4.845926535900857424e-01,-4.658479516149465205e-01
-4.835926535900858525e-01,-4.649628540544604172e-01
-4.825926535900859626e-01,-4.640772915311590641e-01
-4.815926535900860728e-01,-4.631912649306048069e-01
-4.805926535900861829e-01,-4.623047751388242310e-01
-4.795926535900862930e-01,-4.614178230423070515e-01
-4.785926535900864032e-01,-4.605304095280052801e-01
-4.775926535900865133e-01,-4.596425354833323929e-01
-4.765926535900866234e-01,-4.587542017961622753e-01
-4.755926535900867336e-01,-4.578654093548286119e-01
-4.745926535900868437e-01,-4.569761590481237201e-01
-4.735926535900869538e-01,-4.560864517652978845e-01
-4.725926535900870640e-01,-4.551962883960583017e-01
-4.715926535900871741e-01,-4.543056698305682484e-01
-4.705926535900872842e-01,-4.534145969594462477e-01
-4.695926535900873944e-01,-4.525230706737650155e-01
-4.685926535900875045e-01,-4.516310918650508488e-01
-4.675926535900876146e-01,-4.507386614252824608e-01
-4.665926535900877248e-01,-4.498457802468902034e-01
-4.655926535900878349e-01,-4.489524492227551788e-01
-4.645926535900879450e-01,-4.480586692462083520e-01
-4.635926535900880552e-01,-4.471644412110296063e-01
-4.625926535900881653e-01,-4.462697660114469667e-01
-4.615926535900882755e-01,-4.453746445421354339e-01
-4.605926535900883856e-01,-4.444790776982164848e-01
-4.595926535900884957e-01,-4.435830663752569070e-01
-4.585926535900886059e-01,-4.426866114692679099e-01
-4.575926535900887160e-01,-4.417897138767043486e-01
-4.565926535900888261e-01,-4.408923744944637235e-01
-4.555926535900889363e-01,-4.399945942198852933e-01
-4.545926535900890464e-01,-4.390963739507493524e-01
-4.535926535900891565e-01,-4.381977145852760658e-01
-4.525926535900892667e-01,-4.372986170221246915e-01
-4.515926535900893768e-01,-4.363990821603926928e-01
-4.505926535900894869e-01,-4.354991108996149607e-01
-4.495926535900895971e-01,-4.345987041397625927e-01
-4.485926535900897072e-01,-4.336978627812423381e-01
-4.475926535900898173e-01,-4.327965877248954318e-01
-4.465926535900899275e-01,-4.318948798719968174e-01
-4.455926535900900376e-01,-4.309927401242543699e-01
-4.445926535900901477e-01,-4.300901693838077300e-01
-4.435926535900902579e-01,-4.291871685532275271e-01
-4.425926535900903680e-01,-4.282837385355144910e-01
-4.415926535900904781e-01,-4.273798802340986747e-01
-4.405926535900905883e-01,-4.264755945528381775e-01
-4.395926535900906984e-01,-4.255708823960187015e-01
-4.385926535900908085e-01,-4.246657446683523296e-01
-4.375926535900909187e-01,-4.237601822749766378e-01
-4.365926535900910288e-01,-4.228541961214539735e-01
-4.355926535900911389e-01,-4.219477871137704561e-01
-4.345926535900912491e-01,-4.210409561583349780e-01
-4.335926535900913592e-01,-4.201337041619784274e-01
-4.325926535900914693e-01,-4.192260320319527445e-01
-4.315926535900915795e-01,-4.183179406759299224e-01
-4.305926535900916896e-01,-4.174094310020012855e-01
-4.295926535900917997e-01,-4.165005039186764901e-01
-4.285926535900919099e-01,-4.155911603348824146e-01
-4.275926535900920200e-01,-4.146814011599626593e-01
-4.265926535900921301e-01,-4.137712273036763255e-01
-4.255926535900922403e-01,-4.128606396761971276e-01
-4.245926535900923504e-01,-4.119496391881127262e-01
-4.235926535900924605e-01,-4.110382267504233966e-01
-4.225926535900925707e-01,-4.101264032745415844e-01
-4.215926535900926808e-01,-4.092141696722906841e-01
-4.205926535900927909e-01,-4.083015268559042621e-01
-4.195926535900929011e-01,-4.073884757380249466e-01
-4.185926535900930112e-01,-4.064750172317038723e-01
-4.175926535900931214e-01,-4.055611522503994038e-01
-4.165926535900932315e-01,-4.046468817079765246e-01
-4.155926535900933416e-01,-4.037322065187056164e-01
-4.145926535900934518e-01,-4.028171275972618481e-01
-4.135926535900935619e-01,-4.019016458587240659e-01
-4.125926535900936720e-01,-4.009857622185739046e-01
-4.115926535900937822e-01,-4.000694775926949553e-01
-4.105926535900938923e-01,-3.991527928973717665e-01
-4.095926535900940024e-01,-3.982357090492888996e-01
-4.085926535900941126e-01,-3.973182269655302079e-01
-4.075926535900942227e-01,-3.964003475635776153e-01
-4.065926535900943328e-01,-3.954820717613105052e-01
-4.055926535900944430e-01,-3.945634004770046110e-01
-4.045926535900945531e-01,-3.936443346293311274e-01
-4.035926535900946632e-01,-3.927248751373558222e-01
-4.025926535900947734e-01,-3.918050229205380375e-01
-4.015926535900948835e-01,-3.908847788987300786e-01
-4.005926535900949936e-01,-3.899641439921757158e-01
-3.995926535900951038e-01,-3.890431191215099060e-01
-3.985926535900952139e-01,-3.881217052077574059e-01
-3.975926535900953240e-01,-3.871999031723319940e-01
-3.965926535900954342e-01,-3.862777139370356938e-01
-3.955926535900955443e-01,-3.853551384240576638e-01
-3.945926535900956544e-01,-3.844321775559733090e-01
-3.935926535900957646e-01,-3.835088322557434481e-01
-3.925926535900958747e-01,-3.825851034467132594e-01
-3.915926535900959848e-01,-3.816609920526115030e-01
-3.905926535900960950e-01,-3.807364989975495218e-01
-3.895926535900962051e-01,-3.798116252060202980e-01
-3.885926535900963152e-01,-3.788863716028975093e-01
-3.875926535900964254e-01,-3.779607391134346406e-01
-3.865926535900965355e-01,-3.770347286632642070e-01
-3.855926535900966456e-01,-3.761083411783965325e-01
-3.845926535900967558e-01,-3.751815775852189727e-01
-3.835926535900968659e-01,-3.742544388104951381e-01
-3.825926535900969760e-01,-3.733269257813636721e-01
-3.815926535900970862e-01,-3.723990394253375302e-01
-3.805926535900971963e-01,-3.714707806703029802e-01
-3.795926535900973064e-01,-3.705421504445187142e-01
-3.785926535900974166e-01,-3.696131496766149049e-01
-3.775926535900975267e-01,-3.686837792955922066e-01
-3.765926535900976369e-01,-3.677540402308209777e-01
-3.755926535900977470e-01,-3.668239334120401152e-01
-3.745926535900978571e-01,-3.658934597693563884e-01
-3.735926535900979673e-01,-3.649626202332434399e-01
-3.725926535900980774e-01,-3.640314157345406754e-01
-3.715926535900981875e-01,-3.630998472044524861e-01
-3.705926535900982977e-01,-3.621679155745473611e-01
-3.695926535900984078e-01,-3.612356217767568323e-01
-3.685926535900985179e-01,-3.603029667433745864e-01
-3.675926535900986281e-01,-3.593699514070556877e-01
-3.665926535900987382e-01,-3.584365767008153014e-01
-3.655926535900988483e-01,-3.575028435580280828e-01
-3.645926535900989585e-01,-3.565687529124271227e-01
-3.635926535900990686e-01,-3.556343056981029482e-01
-3.625926535900991787e-01,-3.546995028495026903e-01
-3.615926535900992889e-01,-3.537643453014291950e-01
-3.605926535900993990e-01,-3.528288339890398584e-01
-3.595926535900995091e-01,-3.518929698478459045e-01
-3.585926535900996193e-01,-3.509567538137114417e-01
-3.575926535900997294e-01,-3.500201868228524082e-01
-3.565926535900998395e-01,-3.490832698118357391e-01
-3.555926535900999497e-01,-3.481460037175783118e-01
-3.545926535901000598e-01,-3.472083894773462243e-01
-3.535926535901001699e-01,-3.462704280287535741e-01
-3.525926535901002801e-01,-3.453321203097617365e-01
-3.515926535901003902e-01,-3.443934672586784207e-01
-3.505926535901005003e-01,-3.434544698141565044e-01
-3.495926535901006105e-01,-3.425151289151933676e-01
-3.485926535901007206e-01,-3.415754455011298929e-01
-3.475926535901008307e-01,-3.406354205116494116e-01
-3.465926535901009409e-01,-3.396950548867767594e-01
-3.455926535901010510e-01,-3.387543495668775551e-01
-3.445926535901011611e-01,-3.378133054926569789e-01
-3.435926535901012713e-01,-3.368719236051590515e-01
-3.425926535901013814e-01,-3.359302048457656342e-01
-3.415926535901014915e-01,-3.349881501561953745e-01
-3.405926535901016017e-01,-3.340457604785028178e-01
-3.395926535901017118e-01,-3.331030367550776861e-01
-3.385926535901018219e-01,-3.321599799286434895e-01
-3.375926535901019321e-01,-3.312165909422570831e-01
-3.365926535901020422e-01,-3.302728707393073337e-01
-3.355926535901021524e-01,-3.293288202635143991e-01
-3.345926535901022625e-01,-3.283844404589286170e-01
-3.335926535901023726e-01,-3.274397322699297286e-01
-3.325926535901024828e-01,-3.264946966412258789e-01
-3.315926535901025929e-01,-3.255493345178525622e-01
-3.305926535901027030e-01,-3.246036468451719004e-01
-3.295926535901028132e-01,-3.236576345688714218e-01
-3.285926535901029233e-01,-3.227112986349633394e-01
-3.275926535901030334e-01,-3.217646399897834963e-01
-3.265926535901031436e-01,-3.208176595799905328e-01
-3.255926535901032537e-01,-3.198703583525646654e-01
-3.245926535901033638e-01,-3.189227372548071315e-01
-3.235926535901034740e-01,-3.179747972343389129e-01
-3.225926535901035841e-01,-3.170265392390999581e-01
-3.215926535901036942e-01,-3.160779642173481840e-01
-3.205926535901038044e-01,-3.151290731176585869e-01
-3.195926535901039145e-01,-3.141798668889220769e-01
-3.185926535901040246e-01,-3.132303464803448678e-01
-3.175926535901041348e-01,-3.122805128414472553e-01
-3.165926535901042449e-01,-3.113303669220628400e-01
-3.155926535901043550e-01,-3.103799096723374729e-01
-3.145926535901044652e-01,-3.094291420427282557e-01
-3.135926535901045753e-01,-3.084780649840028199e-01
-3.125926535901046854e-01,-3.075266794472381049e-01
-3.115926535901047956e-01,-3.065749863838195255e-01
-3.105926535901049057e-01,-3.056229867454401394e-01
-3.095926535901050158e-01,-3.046706814840994815e-01
-3.085926535901051260e-01,-3.037180715521027308e-01
-3.075926535901052361e-01,-3.027651579020597672e-01
-3.065926535901053462e-01,-3.018119414868840611e-01
-3.055926535901054564e-01,-3.008584232597920627e-01
-3.045926535901055665e-01,-2.999046041743018698e-01
-3.035926535901056766e-01,-2.989504851842325062e-01
-3.025926535901057868e-01,-2.979960672437028668e-01
-3.015926535901058969e-01,-2.970413513071308298e-01
-3.005926535901060070e-01,-2.960863383292322015e-01
-2.995926535901061172e-01,-2.951310292650199396e-01
-2.985926535901062273e-01,-2.941754250698029871e-01
-2.975926535901063374e-01,-2.932195266991854954e-01
-2.965926535901064476e-01,-2.922633351090657694e-01
-2.955926535901065577e-01,-2.913068512556352130e-01
-2.945926535901066678e-01,-2.903500760953777737e-01
-2.935926535901067780e-01,-2.893930105850683332e-01
-2.925926535901068881e-01,-2.884356556817724848e-01
-2.915926535901069983e-01,-2.874780123428449796e-01
-2.905926535901071084e-01,-2.865200815259291156e-01
-2.895926535901072185e-01,-2.855618641889555720e-01
-2.885926535901073287e-01,-2.846033612901416321e-01
-2.875926535901074388e-01,-2.836445737879901285e-01
-2.865926535901075489e-01,-2.826855026412884997e-01
-2.855926535901076591e-01,-2.817261488091077348e-01
-2.845926535901077692e-01,-2.807665132508016526e-01
-2.835926535901078793e-01,-2.798065969260057351e-01
-2.825926535901079895e-01,-2.788464007946362400e-01
-2.815926535901080996e-01,-2.778859258168891455e-01
-2.805926535901082097e-01,-2.769251729532393735e-01
-2.795926535901083199e-01,-2.759641431644397347e-01
-2.785926535901084300e-01,-2.750028374115199292e-01
-2.775926535901085401e-01,-2.740412566557856588e-01
-2.765926535901086503e-01,-2.730794018588175720e-01
-2.755926535901087604e-01,-2.721172739824703757e-01
-2.745926535901088705e-01,-2.711548739888718362e-01
-2.735926535901089807e-01,-2.701922028404219467e-01
-2.725926535901090908e-01,-2.692292614997917055e-01
-2.715926535901092009e-01,-2.682660509299223950e-01
-2.705926535901093111e-01,-2.673025720940245265e-01
-2.695926535901094212e-01,-2.663388259555768411e-01
-2.685926535901095313e-01,-2.653748134783253665e-01
-2.675926535901096415e-01,-2.644105356262825834e-01
-2.665926535901097516e-01,-2.634459933637261497e-01
-2.655926535901098617e-01,-2.624811876551983447e-01
-2.645926535901099719e-01,-2.615161194655047372e-01
-2.635926535901100820e-01,-2.605507897597134637e-01
-2.625926535901101921e-01,-2.595851995031541737e-01
-2.615926535901103023e-01,-2.586193496614169751e-01
-2.605926535901104124e-01,-2.576532412003517125e-01
-2.595926535901105225e-01,-2.566868750860666348e-01
-2.585926535901106327e-01,-2.557202522849279513e-01
-2.575926535901107428e-01,-2.547533737635582218e-01
-2.565926535901108529e-01,-2.537862404888360235e-01
-2.555926535901109631e-01,-2.528188534278944521e-01
-2.545926535901110732e-01,-2.518512135481205116e-01
-2.535926535901111833e-01,-2.508833218171540036e-01
-2.525926535901112935e-01,-2.499151792028866115e-01
-2.515926535901114036e-01,-2.489467866734608459e-01
-2.505926535901115138e-01,-2.479781451972691286e-01
-2.495926535901116239e-01,-2.470092557429529045e-01
-2.485926535901117340e-01,-2.460401192794015035e-01
-2.475926535901118442e-01,-2.450707367757513355e-01
-2.465926535901119543e-01,-2.441011092013848083e-01
-2.455926535901120644e-01,-2.431312375259294112e-01
-2.445926535901121746e-01,-2.421611227192567717e-01
-2.435926535901122847e-01,-2.411907657514815728e-01
-2.425926535901123948e-01,-2.402201675929607483e-01
-2.415926535901125050e-01,-2.392493292142923167e-01
-2.405926535901126151e-01,-2.382782515863146322e-01
-2.395926535901127252e-01,-2.373069356801052188e-01
-2.385926535901128354e-01,-2.363353824669798819e-01
-2.375926535901129455e-01,-2.353635929184917930e-01
-2.365926535901130556e-01,-2.343915680064303786e-01
-2.355926535901131658e-01,-2.334193087028204883e-01
-2.345926535901132759e-01,-2.324468159799213673e-01
-2.335926535901133860e-01,-2.314740908102256300e-01
-2.325926535901134962e-01,-2.305011341664583713e-01
-2.315926535901136063e-01,-2.295279470215761675e-01
-2.305926535901137164e-01,-2.285545303487660496e-01
-2.295926535901138266e-01,-2.275808851214446427e-01
-2.285926535901139367e-01,-2.266070123132570557e-01
-2.275926535901140468e-01,-2.256329128980760490e-01
-2.265926535901141570e-01,-2.246585878500009792e-01
-2.255926535901142671e-01,-2.236840381433567448e-01
-2.245926535901143772e-01,-2.227092647526930091e-01
-2.235926535901144874e-01,-2.217342686527830897e-01
-2.225926535901145975e-01,-2.207590508186230149e-01
-2.215926535901147076e-01,-2.197836122254304969e-01
-2.205926535901148178e-01,-2.188079538486440712e-01
-2.195926535901149279e-01,-2.178320766639220141e-01
-2.185926535901150380e-01,-2.168559816471414547e-01
-2.175926535901151482e-01,-2.158796697743973481e-01
-2.165926535901152583e-01,-2.149031420220014199e-01
-2.155926535901153684e-01,-2.139263993664813901e-01
-2.145926535901154786e-01,-2.129494427845798343e-01
-2.135926535901155887e-01,-2.119722732532532405e-01
-2.125926535901156988e-01,-2.109948917496710374e-01
-2.115926535901158090e-01,-2.100172992512146786e-01
-2.105926535901159191e-01,-2.090394967354765599e-01
-2.095926535901160292e-01,-2.080614851802591592e-01
-2.085926535901161394e-01,-2.070832655635738706e-01
-2.075926535901162495e-01,-2.061048388636403106e-01
-2.065926535901163597e-01,-2.051262060588850411e-01
-2.055926535901164698e-01,-2.041473681279408203e-01
-2.045926535901165799e-01,-2.031683260496454924e-01
-2.035926535901166901e-01,-2.021890808030410158e-01
-2.025926535901168002e-01,-2.012096333673726034e-01
-2.015926535901169103e-01,-2.002299847220875839e-01
-2.005926535901170205e-01,-1.992501358468345418e-01
-1.995926535901171306e-01,-1.982700877214622348e-01
-1.985926535901172407e-01,-1.972898413260187611e-01
-1.975926535901173509e-01,-1.963093976407503660e-01
-1.965926535901174610e-01,-1.953287576461007202e-01
-1.955926535901175711e-01,-1.943479223227096986e-01
-1.945926535901176813e-01,-1.933668926514125475e-01
-1.935926535901177914e-01,-1.923856696132388300e-01
-1.925926535901179015e-01,-1.914042541894115657e-01
-1.915926535901180117e-01,-1.904226473613460646e-01
-1.905926535901181218e-01,-1.894408501106490672e-01
-1.895926535901182319e-01,-1.884588634191177170e-01
-1.885926535901183421e-01,-1.874766882687386726e-01
-1.875926535901184522e-01,-1.864943256416869977e-01
-1.865926535901185623e-01,-1.855117765203252167e-01
-1.855926535901186725e-01,-1.845290418872023441e-01
-1.845926535901187826e-01,-1.835461227250529959e-01
-1.835926535901188927e-01,-1.825630200167961958e-01
-1.825926535901190029e-01,-1.815797347455346267e-01
-1.815926535901191130e-01,-1.805962678945534083e-01
-1.805926535901192231e-01,-1.796126204473193488e-01
-1.795926535901193333e-01,-1.786287933874798339e-01
-1.785926535901194434e-01,-1.776447876988618002e-01
-1.775926535901195535e-01,-1.766606043654708746e-01
-1.765926535901196637e-01,-1.756762443714902922e-01
-1.755926535901197738e-01,-1.746917087012799796e-01
-1.745926535901198839e-01,-1.737069983393755568e-01
-1.735926535901199941e-01,-1.727221142704872259e-01
-1.725926535901201042e-01,-1.717370574794990501e-01
-1.715926535901202143e-01,-1.707518289514677046e-01
-1.705926535901203245e-01,-1.697664296716216159e-01
-1.695926535901204346e-01,-1.687808606253600185e-01
-1.685926535901205447e-01,-1.677951227982518445e-01
-1.675926535901206549e-01,-1.668092171760348630e-01
-1.665926535901207650e-01,-1.658231447446146256e-01
-1.655926535901208752e-01,-1.648369064900634395e-01
-1.645926535901209853e-01,-1.638505033986195070e-01
-1.635926535901210954e-01,-1.628639364566858427e-01
-1.625926535901212056e-01,-1.618772066508292751e-01
-1.615926535901213157e-01,-1.608903149677795574e-01
-1.605926535901214258e-01,-1.599032623944282583e-01
-1.595926535901215360e-01,-1.589160499178279284e-01
-1.585926535901216461e-01,-1.579286785251908798e-01
-1.575926535901217562e-01,-1.569411492038884914e-01
-1.565926535901218664e-01,-1.559534629414499884e-01
-1.555926535901219765e-01,-1.549656207255615259e-01
-1.545926535901220866e-01,-1.539776235440652452e-01
-1.535926535901221968e-01,-1.529894723849582749e-01
-1.525926535901223069e-01,-1.520011682363916483e-01
-1.515926535901224170e-01,-1.510127120866694428e-01
-1.505926535901225272e-01,-1.500241049242477531e-01
-1.495926535901226373e-01,-1.490353477377336366e-01
-1.485926535901227474e-01,-1.480464415158841973e-01
-1.475926535901228576e-01,-1.470573872476055866e-01
-1.465926535901229677e-01,-1.460681859219520040e-01
-1.455926535901230778e-01,-1.450788385281246429e-01
-1.445926535901231880e-01,-1.440893460554708572e-01
-1.435926535901232981e-01,-1.430997094934829961e-01
-1.425926535901234082e-01,-1.421099298317975990e-01
-1.415926535901235184e-01,-1.411200080601942020e-01
-1.405926535901236285e-01,-1.401299451685945052e-01
-1.395926535901237386e-01,-1.391397421470613183e-01
-1.385926535901238488e-01,-1.381493999857975608e-01
-1.375926535901239589e-01,-1.371589196751453466e-01
-1.365926535901240690e-01,-1.361683022055849013e-01
-1.355926535901241792e-01,-1.351775485677335631e-01
-1.345926535901242893e-01,-1.341866597523449500e-01
-1.335926535901243994e-01,-1.331956367503077665e-01
-1.325926535901245096e-01,-1.322044805526449152e-01
-1.315926535901246197e-01,-1.312131921505125531e-01
-1.305926535901247298e-01,-1.302217725351989541e-01
-1.295926535901248400e-01,-1.292302226981236757e-01
-1.285926535901249501e-01,-1.282385436308364490e-01
-1.275926535901250602e-01,-1.272467363250163186e-01
-1.265926535901251704e-01,-1.262548017724704486e-01
-1.255926535901252805e-01,-1.252627409651333179e-01
-1.245926535901253907e-01,-1.242705548950656658e-01
-1.235926535901255008e-01,-1.232782445544534783e-01
-1.225926535901256109e-01,-1.222858109356070172e-01
-1.215926535901257211e-01,-1.212932550309597929e-01
-1.205926535901258312e-01,-1.203005778330676623e-01
-1.195926535901259413e-01,-1.193077803346077187e-01
-1.185926535901260515e-01,-1.183148635283773759e-01
-1.175926535901261616e-01,-1.173218284072933687e-01
-1.165926535901262717e-01,-1.163286759643907264e-01
-1.155926535901263819e-01,-1.153354071928218288e-01
-1.145926535901264920e-01,-1.143420230858553377e-01
-1.135926535901266021e-01,-1.133485246368752808e-01
-1.125926535901267123e-01,-1.123549128393800528e-01
-1.115926535901268224e-01,-1.113611886869813328e-01
-1.105926535901269325e-01,-1.103673531734032098e-01
-1.095926535901270427e-01,-1.093734072924811146e-01
-1.085926535901271528e-01,-1.083793520381608477e-01
-1.075926535901272629e-01,-1.073851884044975669e-01
-1.065926535901273731e-01,-1.063909173856548290e-01
-1.055926535901274832e-01,-1.053965399759035637e-01
-1.045926535901275933e-01,-1.044020571696211153e-01
-1.035926535901277035e-01,-1.034074699612902021e-01
-1.025926535901278136e-01,-1.024127793454979313e-01
-1.015926535901279237e-01,-1.014179863169348550e-01
-1.005926535901280339e-01,-1.004230918703939157e-01
-9.959265359012814400e-02,-9.942809700076947477e-02
-9.859265359012825414e-02,-9.843300270305632704e-02
-9.759265359012836427e-02,-9.743780997234866015e-02
-9.659265359012847441e-02,-9.644251980383915235e-02
-9.559265359012858454e-02,-9.544713319281787622e-02
-9.459265359012869467e-02,-9.445165113467136886e-02
-9.359265359012880481e-02,-9.345607462488159101e-02
-9.259265359012891494e-02,-9.246040465902496952e-02
-9.159265359012902508e-02,-9.146464223277139816e-02
-9.059265359012913521e-02,-9.046878834188322449e-02
-8.959265359012924534e-02,-8.947284398221423685e-02
-8.859265359012935548e-02,-8.847681014970872060e-02
-8.759265359012946561e-02,-8.748068784040044510e-02
-8.659265359012957575e-02,-8.648447805041160896e-02
-8.559265359012968588e-02,-8.548818177595192414e-02
-8.459265359012979602e-02,-8.449180001331758894e-02
-8.359265359012990615e-02,-8.349533375889028886e-02
-8.259265359013001628e-02,-8.249878400913618348e-02
-8.159265359013012642e-02,-8.150215176060494893e-02
-8.059265359013023655e-02,-8.050543800992873700e-02
-7.959265359013034669e-02,-7.950864375382123150e-02
-7.859265359013045682e-02,-7.851176998907659355e-02
-7.759265359013056695e-02,-7.751481771256850395e-02
-7.659265359013067709e-02,-7.651778792124917794e-02
-7.559265359013078722e-02,-7.552068161214829656e-02
-7.459265359013089736e-02,-7.452349978237209072e-02
-7.359265359013100749e-02,-7.352624342910231425e-02
-7.259265359013111762e-02,-7.252891354959524473e-02
-7.159265359013122776e-02,-7.153151114118067033e-02
-7.059265359013133789e-02,-7.053403720126090459e-02
-6.959265359013144803e-02,-6.953649272730982878e-02
-6.859265359013155816e-02,-6.853887871687180944e-02
-6.759265359013166830e-02,-6.754119616756078248e-02
-6.659265359013177843e-02,-6.654344607705922621e-02
-6.559265359013188856e-02,-6.554562944311713435e-02
-6.459265359013199870e-02,-6.454774726355105852e-02
-6.359265359013210883e-02,-6.354980053624310898e-02
-6.259265359013221897e-02,-6.255179025913991386e-02
-6.159265359013232910e-02,-6.155371743025166154e-02
-6.059265359013243923e-02,-6.055558304765112226e-02
-5.959265359013254937e-02,-5.955738810947257267e-02
-5.859265359013265950e-02,-5.855913361391087979e-02
-5.759265359013276964e-02,-5.756082055922045332e-02
-5.659265359013287977e-02,-5.656244994371426721e-02
-5.559265359013298990e-02,-5.556402276576284660e-02
-5.459265359013310004e-02,-5.456554002379328944e-02
-5.359265359013321017e-02,-5.356700271628826032e-02
-5.259265359013332031e-02,-5.256841184178497745e-02
-5.159265359013343044e-02,-5.156976839887423419e-02
-5.059265359013354058e-02,-5.057107338619938608e-02
-4.959265359013365071e-02,-4.957232780245536541e-02
-4.859265359013376084e-02,-4.857353264638768209e-02
-4.759265359013387098e-02,-4.757468891679138973e-02
-4.659265359013398111e-02,-4.657579761251014888e-02
-4.559265359013409125e-02,-4.557685973243517930e-02
-4.459265359013420138e-02,-4.457787627550427456e-02
-4.359265359013431151e-02,-4.357884824070080987e-02
-4.259265359013442165e-02,-4.257977662705272892e-02
-4.159265359013453178e-02,-4.158066243363157943e-02
-4.059265359013464192e-02,-4.058150665955145148e-02
-3.959265359013475205e-02,-3.958231030396805461e-02
-3.859265359013486218e-02,-3.858307436607764929e-02
-3.759265359013497232e-02,-3.758379984511608929e-02
-3.659265359013508245e-02,-3.658448774035782253e-02
-3.559265359013519259e-02,-3.558513905111485714e-02
-3.459265359013530272e-02,-3.458575477673581089e-02
-3.359265359013541286e-02,-3.358633591660487028e-02
-3.259265359013552299e-02,-3.258688347014081221e-02
-3.159265359013563312e-02,-3.158739843679599785e-02
-3.059265359013574326e-02,-3.058788181605537684e-02
-2.959265359013585339e-02,-2.958833460743549165e-02
-2.859265359013596353e-02,-2.858875781048346443e-02
-2.759265359013607366e-02,-2.758915242477600824e-02
-2.659265359013618379e-02,-2.658951944991842786e-02
-2.559265359013629393e-02,-2.558985988554361365e-02
-2.459265359013640406e-02,-2.459017473131104581e-02
-2.359265359013651420e-02,-2.359046498690579516e-02
-2.259265359013662433e-02,-2.259073165203752398e-02
-2.159265359013673446e-02,-2.159097572643948332e-02
-2.059265359013684460e-02,-2.059119820986751379e-02
-1.959265359013695473e-02,-1.959140010209905330e-02
-1.859265359013706487e-02,-1.859158240293212055e-02
-1.759265359013717500e-02,-1.759174611218433659e-02
-1.659265359013728514e-02,-1.659189222969190483e-02
-1.559265359013739527e-02,-1.559202175530862572e-02
-1.459265359013750540e-02,-1.459213568890489060e-02
-1.359265359013761554e-02,-1.359223503036668425e-02
-1.259265359013772567e-02,-1.259232077959457873e-02
-1.159265359013783581e-02,-1.159239393650274286e-02
-1.059265359013794594e-02,-1.059245550101793783e-02
-9.592653590138056074e-03,-9.592506473078514506e-03
-8.592653590138166209e-03,-8.592547852633415986e-03
-7.592653590138276343e-03,-7.592580639641181850e-03
-6.592653590138386477e-03,-6.592605834068940296e-03
-5.592653590138496611e-03,-5.592624435891415009e-03
-4.592653590138606745e-03,-4.592637445089919022e-03
-3.592653590138716879e-03,-3.592645861651361152e-03
-2.592653590138827013e-03,-2.592650685567240727e-03
-1.592653590138937147e-03,-1.592652916832650771e-03
-5.926535901390472816e-04,-5.926535554452768556e-04
4.073464098608425843e-04,4.073463985956031919e-04
1.407346409860732450e-03,1.407345945290118484e-03
2.407346409860622316e-03,2.407344084638806010e-03
3.407346409860512182e-03,3.407339816643609187e-03
4.407346409860402048e-03,4.407332141308880312e-03
5.407346409860291914e-03,5.407320058642376727e-03
6.407346409860181780e-03,6.407302568656265442e-03
7.407346409860071645e-03,7.407278671368118864e-03
8.407346409859961511e-03,8.407247366801918337e-03
9.407346409859851377e-03,9.407207654989051607e-03
1.040734640985974124e-02,1.040715853596931549e-02
1.140734640985963111e-02,1.140709900979190901e-02
1.240734640985952097e-02,1.240702807651644299e-02
1.340734640985941084e-02,1.340694473621393580e-02
1.440734640985930071e-02,1.440684798896780909e-02
1.540734640985919057e-02,1.540673683487489218e-02
1.640734640985908044e-02,1.640661027404642647e-02
1.740734640985897030e-02,1.740646730660905250e-02
1.840734640985886017e-02,1.840630693270582305e-02
1.940734640985875004e-02,1.940612815249719708e-02
2.040734640985863990e-02,2.040592996616203206e-02
2.140734640985852977e-02,2.140571137389860393e-02
2.240734640985841963e-02,2.240547137592558552e-02
2.340734640985830950e-02,2.340520897248305615e-02
2.440734640985819937e-02,2.440492316383350777e-02
2.540734640985808923e-02,2.540461295026282679e-02
2.640734640985797910e-02,2.640427733208131414e-02
2.740734640985786896e-02,2.740391530962466710e-02
2.840734640985775883e-02,2.840352588325499930e-02
2.940734640985764869e-02,2.940310805336180874e-02
3.040734640985753856e-02,3.040266082036301859e-02
3.140734640985742843e-02,3.140218318470594516e-02
3.240734640985731829e-02,3.240167414686830061e-02
3.340734640985720816e-02,3.340113270735920598e-02
3.440734640985709802e-02,3.440055786672019389e-02
3.540734640985698789e-02,3.539994862552617305e-02
3.640734640985687776e-02,3.639930398438648296e-02
3.740734640985676762e-02,3.739862294394584452e-02
3.840734640985665749e-02,3.839790450488537316e-02
3.940734640985654735e-02,3.939714766792359879e-02
4.040734640985643722e-02,4.039635143381743732e-02
4.140734640985632709e-02,4.139551480336321060e-02
4.240734640985621695e-02,4.239463677739763181e-02
4.340734640985610682e-02,4.339371635679880462e-02
4.440734640985599668e-02,4.439275254248723629e-02
4.540734640985588655e-02,4.539174433542682990e-02
4.640734640985577641e-02,4.639069073662586973e-02
4.740734640985566628e-02,4.738959074713803427e-02
4.840734640985555615e-02,4.838844336806340934e-02
4.940734640985544601e-02,4.938724760054943874e-02
5.040734640985533588e-02,5.038600244579198584e-02
5.140734640985522574e-02,5.138470690503629118e-02
5.240734640985511561e-02,5.238335997957797169e-02
5.340734640985500548e-02,5.338196067076403373e-02
5.440734640985489534e-02,5.438050797999387925e-02
5.540734640985478521e-02,5.537900090872027031e-02
5.640734640985467507e-02,5.637743845845036988e-02
5.740734640985456494e-02,5.737581963074671332e-02
5.840734640985445481e-02,5.837414342722820060e-02
5.940734640985434467e-02,5.937240884957113024e-02
6.040734640985423454e-02,6.037061489951015686e-02
6.140734640985412440e-02,6.136876057883931812e-02
6.240734640985401427e-02,6.236684488941300619e-02
6.340734640985390413e-02,6.336486683314700163e-02
6.440734640985379400e-02,6.436282541201945873e-02
6.540734640985368387e-02,6.536071962807185609e-02
6.640734640985357373e-02,6.635854848341007917e-02
6.740734640985346360e-02,6.735631098020533614e-02
6.840734640985335346e-02,6.835400612069524040e-02
6.940734640985324333e-02,6.935163290718471263e-02
7.040734640985313320e-02,7.034919034204704935e-02
7.140734640985302306e-02,7.134667742772492216e-02
7.240734640985291293e-02,7.234409316673130752e-02
7.340734640985280279e-02,7.334143656165054148e-02
7.440734640985269266e-02,7.433870661513934663e-02
7.540734640985258252e-02,7.533590232992772029e-02
7.640734640985247239e-02,7.633302270882004470e-02
7.740734640985236226e-02,7.733006675469601687e-02
7.840734640985225212e-02,7.832703347051168941e-02
7.940734640985214199e-02,7.932392185930040029e-02
8.040734640985203185e-02,8.032073092417388316e-02
8.140734640985192172e-02,8.131745966832311379e-02
8.240734640985181159e-02,8.231410709501947587e-02
8.340734640985170145e-02,8.331067220761557979e-02
8.440734640985159132e-02,8.430715400954642835e-02
8.540734640985148118e-02,8.530355150433030498e-02
8.640734640985137105e-02,8.629986369556977288e-02
8.740734640985126092e-02,8.729608958695272980e-02
8.840734640985115078e-02,8.829222818225339331e-02
8.940734640985104065e-02,8.928827848533321676e-02
9.040734640985093051e-02,9.028423950014199950e-02
9.140734640985082038e-02,9.128011023071881669e-02
9.240734640985071024e-02,9.227588968119299073e-02
9.340734640985060011e-02,9.327157685578518764e-02
9.440734640985048998e-02,9.426717075880830521e-02
9.540734640985037984e-02,9.526267039466849995e-02
9.640734640985026971e-02,9.625807476786625572e-02
9.740734640985015957e-02,9.725338288299725797e-02
9.840734640985004944e-02,9.824859374475349016e-02
9.940734640984993931e-02,9.924370635792414963e-02
1.004073464098498292e-01,1.002387197273967301e-01
1.014073464098497190e-01,1.012336328581579376e-01
1.024073464098496089e-01,1.022284447552947312e-01
1.034073464098494988e-01,1.032231544239952808e-01
1.044073464098493886e-01,1.042177608695499941e-01
1.054073464098492785e-01,1.052122630973525430e-01
1.064073464098491684e-01,1.062066601129007526e-01
1.074073464098490582e-01,1.072009509217976969e-01
1.084073464098489481e-01,1.081951345297526706e-01
1.094073464098488380e-01,1.091892099425821189e-01
1.104073464098487278e-01,1.101831761662107195e-01
1.114073464098486177e-01,1.111770322066723410e-01
1.124073464098485076e-01,1.121707770701110135e-01
1.134073464098483974e-01,1.131644097627819701e-01
1.144073464098482873e-01,1.141579292910525900e-01
1.154073464098481772e-01,1.151513346614034400e-01
1.164073464098480670e-01,1.161446248804292175e-01
1.174073464098479569e-01,1.171377989548397919e-01
1.184073464098478468e-01,1.181308558914611756e-01
1.194073464098477366e-01,1.191237946972365236e-01
1.204073464098476265e-01,1.201166143792270907e-01
1.214073464098475164e-01,1.211093139446132866e-01
1.224073464098474062e-01,1.221018924006956330e-01
1.234073464098472961e-01,1.230943487548957493e-01
1.244073464098471860e-01,1.240866820147573796e-01
1.254073464098470758e-01,1.250788911879473220e-01
1.264073464098469657e-01,1.260709752822564977e-01
1.274073464098468556e-01,1.270629333056009225e-01
1.284073464098467454e-01,1.280547642660226082e-01
1.294073464098466353e-01,1.290464671716907152e-01
1.304073464098465251e-01,1.300380410309023849e-01
1.314073464098464150e-01,1.310294848520838773e-01
1.324073464098463049e-01,1.320207976437914044e-01
1.334073464098461947e-01,1.330119784147123230e-01
1.344073464098460846e-01,1.340030261736659123e-01
1.354073464098459745e-01,1.349939399296044840e-01
1.364073464098458643e-01,1.359847186916143813e-01
1.374073464098457542e-01,1.369753614689168952e-01
1.384073464098456441e-01,1.379658672708693745e-01
1.394073464098455339e-01,1.389562351069660862e-01
1.404073464098454238e-01,1.399464639868392701e-01
1.414073464098453137e-01,1.409365529202601108e-01
1.424073464098452035e-01,1.419265009171397918e-01
1.434073464098450934e-01,1.429163069875303838e-01
1.444073464098449833e-01,1.439059701416258996e-01
1.454073464098448731e-01,1.448954893897632379e-01
1.464073464098447630e-01,1.458848637424232930e-01
1.474073464098446529e-01,1.468740922102317603e-01
1.484073464098445427e-01,1.478631738039602461e-01
1.494073464098444326e-01,1.488521075345272393e-01
1.504073464098443225e-01,1.498408924129991382e-01
1.514073464098442123e-01,1.508295274505910832e-01
1.524073464098441022e-01,1.518180116586681505e-01
1.534073464098439921e-01,1.528063440487462121e-01
1.544073464098438819e-01,1.537945236324929632e-01
1.554073464098437718e-01,1.547825494217288933e-01
1.564073464098436617e-01,1.557704204284282856e-01
1.574073464098435515e-01,1.567581356647202440e-01
1.584073464098434414e-01,1.577456941428896087e-01
1.594073464098433313e-01,1.587330948753779836e-01
1.604073464098432211e-01,1.597203368747846797e-01
1.614073464098431110e-01,1.607074191538678254e-01
1.624073464098430009e-01,1.616943407255452270e-01
1.634073464098428907e-01,1.626811006028953677e-01
1.644073464098427806e-01,1.636676977991584625e-01
1.654073464098426705e-01,1.646541313277373741e-01
1.664073464098425603e-01,1.656404002021986954e-01
1.674073464098424502e-01,1.666265034362736375e-01
1.684073464098423401e-01,1.676124400438590012e-01
1.694073464098422299e-01,1.685982090390182875e-01
1.704073464098421198e-01,1.695838094359826131e-01
1.714073464098420096e-01,1.705692402491516269e-01
1.724073464098418995e-01,1.715545004930945916e-01
1.734073464098417894e-01,1.725395891825513561e-01
1.744073464098416792e-01,1.735245053324333264e-01
1.754073464098415691e-01,1.745092479578244371e-01
1.764073464098414590e-01,1.754938160739820951e-01
1.774073464098413488e-01,1.764782086963383456e-01
1.784073464098412387e-01,1.774624248405005933e-01
1.794073464098411286e-01,1.784464635222527684e-01
1.804073464098410184e-01,1.794303237575562981e-01
1.814073464098409083e-01,1.804140045625510502e-01
1.824073464098407982e-01,1.813975049535562489e-01
1.834073464098406880e-01,1.823808239470716130e-01
1.844073464098405779e-01,1.833639605597782440e-01
1.854073464098404678e-01,1.843469138085395698e-01
1.864073464098403576e-01,1.853296827104024824e-01
1.874073464098402475e-01,1.863122662825980880e-01
1.884073464098401374e-01,1.872946635425429829e-01
1.894073464098400272e-01,1.882768735078399203e-01
1.904073464098399171e-01,1.892588951962790311e-01
1.914073464098398070e-01,1.902407276258387125e-01
1.924073464098396968e-01,1.912223698146866546e-01
1.934073464098395867e-01,1.922038207811806731e-01
1.944073464098394766e-01,1.931850795438699586e-01
1.954073464098393664e-01,1.941661451214957979e-01
1.964073464098392563e-01,1.951470165329926842e-01
1.974073464098391462e-01,1.961276927974893169e-01
1.984073464098390360e-01,1.971081729343094890e-01
1.994073464098389259e-01,1.980884559629731423e-01
2.004073464098388158e-01,1.990685409031973385e-01
2.014073464098387056e-01,2.000484267748972311e-01
2.024073464098385955e-01,2.010281125981870087e-01
2.034073464098384854e-01,2.020075973933809499e-01
2.044073464098383752e-01,2.029868801809943391e-01
2.054073464098382651e-01,2.039659599817444657e-01
2.064073464098381550e-01,2.049448358165515960e-01
2.074073464098380448e-01,2.059235067065399716e-01
2.084073464098379347e-01,2.069019716730388370e-01
2.094073464098378246e-01,2.078802297375832442e-01
2.104073464098377144e-01,2.088582799219152464e-01
2.114073464098376043e-01,2.098361212479847304e-01
2.124073464098374941e-01,2.108137527379504439e-01
2.134073464098373840e-01,2.117911734141809943e-01
2.144073464098372739e-01,2.127683822992557927e-01
2.154073464098371637e-01,2.137453784159659975e-01
2.164073464098370536e-01,2.147221607873156246e-01
2.174073464098369435e-01,2.156987284365223523e-01
2.184073464098368333e-01,2.166750803870186037e-01
2.194073464098367232e-01,2.176512156624525463e-01
2.204073464098366131e-01,2.186271332866889516e-01
2.214073464098365029e-01,2.196028322838102786e-01
2.224073464098363928e-01,2.205783116781176167e-01
2.234073464098362827e-01,2.215535704941316852e-01
2.244073464098361725e-01,2.225286077565937215e-01
2.254073464098360624e-01,2.235034224904665356e-01
2.264073464098359523e-01,2.244780137209354820e-01
2.274073464098358421e-01,2.254523804734094028e-01
2.284073464098357320e-01,2.264265217735216551e-01
2.294073464098356219e-01,2.274004366471309990e-01
2.304073464098355117e-01,2.283741241203226524e-01
2.314073464098354016e-01,2.293475832194092068e-01
2.324073464098352915e-01,2.303208129709316543e-01
2.334073464098351813e-01,2.312938124016603314e-01
2.344073464098350712e-01,2.322665805385958626e-01
2.354073464098349611e-01,2.332391164089702429e-01
2.364073464098348509e-01,2.342114190402476148e-01
2.374073464098347408e-01,2.351834874601254899e-01
2.384073464098346307e-01,2.361553206965354978e-01
2.394073464098345205e-01,2.371269177776444692e-01
2.404073464098344104e-01,2.380982777318554622e-01
2.414073464098343003e-01,2.390693995878085398e-01
2.424073464098341901e-01,2.400402823743819636e-01
2.434073464098340800e-01,2.410109251206929981e-01
2.444073464098339699e-01,2.419813268560989938e-01
2.454073464098338597e-01,2.429514866101983306e-01
2.464073464098337496e-01,2.439214034128312780e-01
2.474073464098336395e-01,2.448910762940811614e-01
2.484073464098335293e-01,2.458605042842751387e-01
2.494073464098334192e-01,2.468296864139853108e-01
2.504073464098333091e-01,2.477986217140296654e-01
2.514073464098331989e-01,2.487673092154729371e-01
2.524073464098330888e-01,2.497357479496277177e-01
2.534073464098329787e-01,2.507039369480553725e-01
2.544073464098328685e-01,2.516718752425669559e-01
2.554073464098327584e-01,2.526395618652242936e-01
2.564073464098326482e-01,2.536069958483408437e-01
2.574073464098325381e-01,2.545741762244826401e-01
2.584073464098324280e-01,2.555411020264694022e-01
2.594073464098323178e-01,2.565077722873754795e-01
2.604073464098322077e-01,2.574741860405306282e-01
2.614073464098320976e-01,2.584403423195211769e-01
2.624073464098319874e-01,2.594062401581909705e-01
2.634073464098318773e-01,2.603718785906422029e-01
2.644073464098317672e-01,2.613372566512365824e-01
2.654073464098316570e-01,2.623023733745960540e-01
2.664073464098315469e-01,2.632672277956040197e-01
2.674073464098314368e-01,2.642318189494061165e-01
2.684073464098313266e-01,2.651961458714112707e-01
2.694073464098312165e-01,2.661602075972926418e-01
2.704073464098311064e-01,2.671240031629886769e-01
2.714073464098309962e-01,2.680875316047037216e-01
2.724073464098308861e-01,2.690507919589095742e-01
2.734073464098307760e-01,2.700137832623458189e-01
2.744073464098306658e-01,2.709765045520213245e-01
2.754073464098305557e-01,2.719389548652149102e-01
2.764073464098304456e-01,2.729011332394762346e-01
2.774073464098303354e-01,2.738630387126270715e-01
2.784073464098302253e-01,2.748246703227620324e-01
2.794073464098301152e-01,2.757860271082495651e-01
2.804073464098300050e-01,2.767471081077329531e-01
2.814073464098298949e-01,2.777079123601313149e-01
2.824073464098297848e-01,2.786684389046404919e-01
2.834073464098296746e-01,2.796286867807339371e-01
2.844073464098295645e-01,2.805886550281639358e-01
2.854073464098294544e-01,2.815483426869622718e-01
2.864073464098293442e-01,2.825077487974413937e-01
2.874073464098292341e-01,2.834668724001952467e-01
2.884073464098291240e-01,2.844257125361003280e-01
2.894073464098290138e-01,2.853842682463165747e-01
2.904073464098289037e-01,2.863425385722883632e-01
2.914073464098287936e-01,2.873005225557454523e-01
2.924073464098286834e-01,2.882582192387038722e-01
2.934073464098285733e-01,2.892156276634671452e-01
2.944073464098284632e-01,2.901727468726267856e-01
2.954073464098283530e-01,2.911295759090637980e-01
2.964073464098282429e-01,2.920861138159491222e-01
2.974073464098281327e-01,2.930423596367450201e-01
2.984073464098280226e-01,2.939983124152056315e-01
2.994073464098279125e-01,2.949539711953783616e-01
3.004073464098278023e-01,2.959093350216044915e-01
3.014073464098276922e-01,2.968644029385202332e-01
3.024073464098275821e-01,2.978191739910578395e-01
3.034073464098274719e-01,2.987736472244462149e-01
3.044073464098273618e-01,2.997278216842122478e-01
3.054073464098272517e-01,3.006816964161815875e-01
3.064073464098271415e-01,3.016352704664795881e-01
3.074073464098270314e-01,3.025885428815322520e-01
3.084073464098269213e-01,3.035415127080672293e-01
3.094073464098268111e-01,3.044941789931148168e-01
3.104073464098267010e-01,3.054465407840087909e-01
3.114073464098265909e-01,3.063985971283874066e-01
3.124073464098264807e-01,3.073503470741944521e-01
3.134073464098263706e-01,3.083017896696800264e-01
3.144073464098262605e-01,3.092529239634016491e-01
3.154073464098261503e-01,3.102037490042250378e-01
3.164073464098260402e-01,3.111542638413252737e-01
3.174073464098259301e-01,3.121044675241876343e-01
3.184073464098258199e-01,3.130543591026084260e-01
3.194073464098257098e-01,3.140039376266962612e-01
3.204073464098255997e-01,3.149532021468726128e-01
3.214073464098254895e-01,3.159021517138730362e-01
3.224073464098253794e-01,3.168507853787481121e-01
3.234073464098252693e-01,3.177991021928642246e-01
3.244073464098251591e-01,3.187471012079045596e-01
3.254073464098250490e-01,3.196947814758703266e-01
3.264073464098249389e-01,3.206421420490812024e-01
3.274073464098248287e-01,3.215891819801767748e-01
3.284073464098247186e-01,3.225359003221171528e-01
3.294073464098246085e-01,3.234822961281841325e-01
3.304073464098244983e-01,3.244283684519818634e-01
3.314073464098243882e-01,3.253741163474382359e-01
3.324073464098242781e-01,3.263195388688053811e-01
3.334073464098241679e-01,3.272646350706607810e-01
3.344073464098240578e-01,3.282094040079084341e-01
3.354073464098239477e-01,3.291538447357794661e-01
3.364073464098238375e-01,3.300979563098331293e-01
3.374073464098237274e-01,3.310417377859580235e-01
3.384073464098236173e-01,3.319851882203727067e-01
3.394073464098235071e-01,3.329283066696268056e-01
3.404073464098233970e-01,3.338710921906020146e-01
3.414073464098232868e-01,3.348135438405128728e-01
3.424073464098231767e-01,3.357556606769077634e-01
3.434073464098230666e-01,3.366974417576699685e-01
3.444073464098229564e-01,3.376388861410184461e-01
3.454073464098228463e-01,3.385799928855089402e-01
3.464073464098227362e-01,3.395207610500348139e-01
3.474073464098226260e-01,3.404611896938278814e-01
3.484073464098225159e-01,3.414012778764596301e-01
3.494073464098224058e-01,3.423410246578419414e-01
3.504073464098222956e-01,3.432804290982280904e-01
3.514073464098221855e-01,3.442194902582138005e-01
3.524073464098220754e-01,3.451582071987379652e-01
3.534073464098219652e-01,3.460965789810836468e-01
3.544073464098218551e-01,3.470346046668791873e-01
3.554073464098217450e-01,3.479722833180989849e-01
3.564073464098216348e-01,3.489096139970644939e-01
3.574073464098215247e-01,3.498465957664450565e-01
3.584073464098214146e-01,3.507832276892589585e-01
3.594073464098213044e-01,3.517195088288744831e-01
3.604073464098211943e-01,3.526554382490104667e-01
3.614073464098210842e-01,3.535910150137375751e-01
3.624073464098209740e-01,3.545262381874791369e-01
3.634073464098208639e-01,3.554611068350120306e-01
3.644073464098207538e-01,3.563956200214677406e-01
3.654073464098206436e-01,3.573297768123331331e-01
3.664073464098205335e-01,3.582635762734515117e-01
3.674073464098204234e-01,3.591970174710234498e-01
3.684073464098203132e-01,3.601300994716078452e-01
3.694073464098202031e-01,3.610628213421227528e-01
3.704073464098200930e-01,3.619951821498464395e-01
3.714073464098199828e-01,3.629271809624181611e-01
3.724073464098198727e-01,3.638588168478391061e-01
3.734073464098197626e-01,3.647900888744735615e-01
3.744073464098196524e-01,3.657209961110495788e-01
3.754073464098195423e-01,3.666515376266599180e-01
3.764073464098194322e-01,3.675817124907631572e-01
3.774073464098193220e-01,3.685115197731845815e-01
3.784073464098192119e-01,3.694409585441169597e-01
3.794073464098191018e-01,3.703700278741215435e-01
3.804073464098189916e-01,3.712987268341291225e-01
3.814073464098188815e-01,3.722270544954408011e-01
3.824073464098187713e-01,3.731550099297289980e-01
3.834073464098186612e-01,3.740825922090383893e-01
3.844073464098185511e-01,3.750098004057867418e-01
3.854073464098184409e-01,3.759366335927659120e-01
3.864073464098183308e-01,3.768630908431428450e-01
3.874073464098182207e-01,3.777891712304603522e-01
3.884073464098181105e-01,3.787148738286381100e-01
3.894073464098180004e-01,3.796401977119735482e-01
3.904073464098178903e-01,3.805651419551429604e-01
3.914073464098177801e-01,3.814897056332021141e-01
3.924073464098176700e-01,3.824138878215874171e-01
3.934073464098175599e-01,3.833376875961167496e-01
3.944073464098174497e-01,3.842611040329904637e-01
3.954073464098173396e-01,3.851841362087921605e-01
3.964073464098172295e-01,3.861067832004897449e-01
3.974073464098171193e-01,3.870290440854363134e-01
3.984073464098170092e-01,3.879509179413710429e-01
3.994073464098168991e-01,3.888724038464201893e-01
4.004073464098167889e-01,3.897935008790978650e-01
4.014073464098166788e-01,3.907142081183071491e-01
4.024073464098165687e-01,3.916345246433408644e-01
4.034073464098164585e-01,3.925544495338825768e-01
4.044073464098163484e-01,3.934739818700074276e-01
4.054073464098162383e-01,3.943931207321832444e-01
4.064073464098161281e-01,3.953118652012712064e-01
4.074073464098160180e-01,3.962302143585268999e-01
4.084073464098159079e-01,3.971481672856012612e-01
4.094073464098157977e-01,3.980657230645414102e-01
4.104073464098156876e-01,3.989828807777916486e-01
4.114073464098155775e-01,3.998996395081944044e-01
4.124073464098154673e-01,4.008159983389909531e-01
4.134073464098153572e-01,4.017319563538225835e-01
4.144073464098152471e-01,4.026475126367313195e-01
4.154073464098151369e-01,4.035626662721609748e-01
4.164073464098150268e-01,4.044774163449579851e-01
4.174073464098149167e-01,4.053917619403723527e-01
4.184073464098148065e-01,4.063057021440585892e-01
4.194073464098146964e-01,4.072192360420764934e-01
4.204073464098145863e-01,4.081323627208923721e-01
4.214073464098144761e-01,4.090450812673794845e-01
4.224073464098143660e-01,4.099573907688194296e-01
4.234073464098142558e-01,4.108692903129027574e-01
4.244073464098141457e-01,4.117807789877300229e-01
4.254073464098140356e-01,4.126918558818125637e-01
4.264073464098139254e-01,4.136025200840736660e-01
4.274073464098138153e-01,4.145127706838491743e-01
4.284073464098137052e-01,4.154226067708884917e-01
4.294073464098135950e-01,4.163320274353556893e-01
4.304073464098134849e-01,4.172410317678301173e-01
4.314073464098133748e-01,4.181496188593075702e-01
4.324073464098132646e-01,4.190577878012010093e-01
4.334073464098131545e-01,4.199655376853415611e-01
4.344073464098130444e-01,4.208728676039794059e-01
4.354073464098129342e-01,4.217797766497847212e-01
4.364073464098128241e-01,4.226862639158485702e-01
4.374073464098127140e-01,4.235923284956837342e-01
4.384073464098126038e-01,4.244979694832256567e-01
4.394073464098124937e-01,4.254031859728334974e-01
4.404073464098123836e-01,4.263079770592907991e-01
4.414073464098122734e-01,4.272123418378065973e-01
4.424073464098121633e-01,4.281162794040161423e-01
4.434073464098120532e-01,4.290197888539819537e-01
4.444073464098119430e-01,4.299228692841946531e-01
4.454073464098118329e-01,4.308255197915739076e-01
4.464073464098117228e-01,4.317277394734692630e-01
4.474073464098116126e-01,4.326295274276611424e-01
4.484073464098115025e-01,4.335308827523616793e-01
4.494073464098113924e-01,4.344318045462155498e-01
4.504073464098112822e-01,4.353322919083010278e-01
4.514073464098111721e-01,4.362323439381309287e-01
4.524073464098110620e-01,4.371319597356532749e-01
4.534073464098109518e-01,4.380311384012522402e-01
4.544073464098108417e-01,4.389298790357493707e-01
4.554073464098107316e-01,4.398281807404040289e-01
4.564073464098106214e-01,4.407260426169145595e-01
4.574073464098105113e-01,4.416234637674192332e-01
4.584073464098104012e-01,4.425204432944969679e-01
4.594073464098102910e-01,4.434169803011682176e-01
4.604073464098101809e-01,4.443130738908961930e-01
4.614073464098100708e-01,4.452087231675872503e-01
4.624073464098099606e-01,4.461039272355922236e-01
4.634073464098098505e-01,4.469986851997072019e-01
4.644073464098097404e-01,4.478929961651741953e-01
4.654073464098096302e-01,4.487868592376823562e-01
4.664073464098095201e-01,4.496802735233686454e-01
4.674073464098094099e-01,4.505732381288189425e-01
4.684073464098092998e-01,4.514657521610686008e-01
4.694073464098091897e-01,4.523578147276037797e-01
4.704073464098090795e-01,4.532494249363618888e-01
4.714073464098089694e-01,4.541405818957328089e-01
4.724073464098088593e-01,4.550312847145597250e-01
4.734073464098087491e-01,4.559215325021398479e-01
4.744073464098086390e-01,4.568113243682254132e-01
4.754073464098085289e-01,4.577006594230247360e-01
4.764073464098084187e-01,4.585895367772027109e-01
4.774073464098083086e-01,4.594779555418821992e-01
4.784073464098081985e-01,4.603659148286443625e-01
4.794073464098080883e-01,4.612534137495301056e-01
4.804073464098079782e-01,4.621404514170405209e-01
4.814073464098078681e-01,4.630270269441380537e-01
4.824073464098077579e-01,4.639131394442472245e-01
4.834073464098076478e-01,4.647987880312555720e-01
4.844073464098075377e-01,4.656839718195146527e-01
4.854073464098074275e-01,4.665686899238407626e-01
4.864073464098073174e-01,4.674529414595157695e-01
4.874073464098072073e-01,4.683367255422882791e-01
4.884073464098070971e-01,4.692200412883743010e-01
4.894073464098069870e-01,4.701028878144580814e-01
4.904073464098068769e-01,4.709852642376932685e-01
4.914073464098067667e-01,4.718671696757034684e-01
4.924073464098066566e-01,4.727486032465832988e-01
4.934073464098065465e-01,4.736295640688992781e-01
4.944073464098064363e-01,4.745100512616906574e-01
4.954073464098063262e-01,4.753900639444703091e-01
4.964073464098062161e-01,4.762696012372256704e-01
4.974073464098061059e-01,4.771486622604194650e-01
4.984073464098059958e-01,4.780272461349907576e-01
4.994073464098058857e-01,4.789053519823557314e-01
5.004073464098057755e-01,4.797829789244086318e-01
5.014073464098056654e-01,4.806601260835226541e-01
5.024073464098055553e-01,4.815367925825506101e-01
5.034073464098054451e-01,4.824129775448260937e-01
5.044073464098053350e-01,4.832886800941642025e-01
5.054073464098052249e-01,4.841638993548625369e-01
5.064073464098051147e-01,4.850386344517018666e-01
5.074073464098050046e-01,4.859128845099471850e-01
5.084073464098048944e-01,4.867866486553484306e-01
5.094073464098047843e-01,4.876599260141416536e-01
5.104073464098046742e-01,4.885327157130494591e-01
5.114073464098045640e-01,4.894050168792822286e-01
5.124073464098044539e-01,4.902768286405389531e-01
5.134073464098043438e-01,4.911481501250078985e-01
5.144073464098042336e-01,4.920189804613676055e-01
5.154073464098041235e-01,4.928893187787878882e-01
5.164073464098040134e-01,4.937591642069304454e-01
5.174073464098039032e-01,4.946285158759499700e-01
5.184073464098037931e-01,4.954973729164948160e-01
5.194073464098036830e-01,4.963657344597079968e-01
5.204073464098035728e-01,4.972335996372281297e-01
5.214073464098034627e-01,4.981009675811901016e-01
5.224073464098033526e-01,4.989678374242259573e-01
5.234073464098032424e-01,4.998342082994659541e-01
5.244073464098031323e-01,5.007000793405392836e-01
5.254073464098030222e-01,5.015654496815750152e-01
5.264073464098029120e-01,5.024303184572028735e-01
5.274073464098028019e-01,5.032946848025542375e-01
5.284073464098026918e-01,5.041585478532626396e-01
5.294073464098025816e-01,5.050219067454652100e-01
5.304073464098024715e-01,5.058847606158031196e-01
5.314073464098023614e-01,5.067471086014225801e-01
5.324073464098022512e-01,5.076089498399756206e-01
5.334073464098021411e-01,5.084702834696211982e-01
5.344073464098020310e-01,5.093311086290256418e-01
5.354073464098019208e-01,5.101914244573638735e-01
5.364073464098018107e-01,5.110512300943201858e-01
5.374073464098017006e-01,5.119105246800890185e-01
5.384073464098015904e-01,5.127693073553758474e-01
5.394073464098014803e-01,5.136275772613979607e-01
5.404073464098013702e-01,5.144853335398856808e-01
5.414073464098012600e-01,5.153425753330828085e-01
5.424073464098011499e-01,5.161993017837473996e-01
5.434073464098010398e-01,5.170555120351533196e-01
5.444073464098009296e-01,5.179112052310902437e-01
5.454073464098008195e-01,5.187663805158650998e-01
5.464073464098007094e-01,5.196210370343027352e-01
5.474073464098005992e-01,5.204751739317465820e-01
5.484073464098004891e-01,5.213287903540598789e-01
5.494073464098003790e-01,5.221818854476262262e-01
5.504073464098002688e-01,5.230344583593506957e-01
5.514073464098001587e-01,5.238865082366603865e-01
5.524073464098000485e-01,5.247380342275055343e-01
5.534073464097999384e-01,5.255890354803600673e-01
5.544073464097998283e-01,5.264395111442230490e-01
5.554073464097997181e-01,5.272894603686186787e-01
5.564073464097996080e-01,5.281388823035978453e-01
5.574073464097994979e-01,5.289877760997387934e-01
5.584073464097993877e-01,5.298361409081476792e-01
5.594073464097992776e-01,5.306839758804599017e-01
5.604073464097991675e-01,5.315312801688403255e-01
5.614073464097990573e-01,5.323780529259849459e-01
5.624073464097989472e-01,5.332242933051211109e-01
5.634073464097988371e-01,5.340700004600082984e-01
5.644073464097987269e-01,5.349151735449394485e-01
5.654073464097986168e-01,5.357598117147417405e-01
5.664073464097985067e-01,5.366039141247769262e-01
5.674073464097983965e-01,5.374474799309427731e-01
5.684073464097982864e-01,5.382905082896733973e-01
5.694073464097981763e-01,5.391329983579405960e-01
5.704073464097980661e-01,5.399749492932544026e-01
5.714073464097979560e-01,5.408163602536638637e-01
5.724073464097978459e-01,5.416572303977582603e-01
5.734073464097977357e-01,5.424975588846672192e-01
5.744073464097976256e-01,5.433373448740625999e-01
5.754073464097975155e-01,5.441765875261583840e-01
5.764073464097974053e-01,5.450152860017120071e-01
5.774073464097972952e-01,5.458534394620250252e-01
5.784073464097971851e-01,5.466910470689441137e-01
5.794073464097970749e-01,5.475281079848616228e-01
5.804073464097969648e-01,5.483646213727167984e-01
5.814073464097968547e-01,5.492005863959962264e-01
5.824073464097967445e-01,5.500360022187351650e-01
5.834073464097966344e-01,5.508708680055176554e-01
5.844073464097965243e-01,5.517051829214779657e-01
5.854073464097964141e-01,5.525389461323014784e-01
5.864073464097963040e-01,5.533721568042248018e-01
5.874073464097961939e-01,5.542048141040374354e-01
5.884073464097960837e-01,5.550369171990822137e-01
5.894073464097959736e-01,5.558684652572559726e-01
5.904073464097958635e-01,5.566994574470108814e-01
5.914073464097957533e-01,5.575298929373546652e-01
5.924073464097956432e-01,5.583597708978520480e-01
5.934073464097955330e-01,5.591890904986249744e-01
5.944073464097954229e-01,5.600178509103540536e-01
5.954073464097953128e-01,5.608460513042788920e-01
5.964073464097952026e-01,5.616736908521990923e-01
5.974073464097950925e-01,5.625007687264753642e-01
5.984073464097949824e-01,5.633272841000296349e-01
5.994073464097948722e-01,5.641532361463468259e-01
6.004073464097947621e-01,5.649786240394749637e-01
6.014073464097946520e-01,5.658034469540260680e-01
6.024073464097945418e-01,5.666277040651773733e-01
6.034073464097944317e-01,5.674513945486717725e-01
6.044073464097943216e-01,5.682745175808190385e-01
6.054073464097942114e-01,5.690970723384960461e-01
6.064073464097941013e-01,5.699190579991479932e-01
6.074073464097939912e-01,5.707404737407896222e-01
6.084073464097938810e-01,5.715613187420049979e-01
6.094073464097937709e-01,5.723815921819492836e-01
6.104073464097936608e-01,5.732012932403490746e-01
6.114073464097935506e-01,5.740204210975032861e-01
6.124073464097934405e-01,5.748389749342843746e-01
6.134073464097933304e-01,5.756569539321383377e-01
6.144073464097932202e-01,5.764743572730864907e-01
6.154073464097931101e-01,5.772911841397252442e-01
6.164073464097930000e-01,5.781074337152281029e-01
6.174073464097928898e-01,5.789231051833453323e-01
6.184073464097927797e-01,5.797381977284056243e-01
6.194073464097926696e-01,5.805527105353165407e-01
6.204073464097925594e-01,5.813666427895652911e-01
6.214073464097924493e-01,5.821799936772196205e-01
6.224073464097923392e-01,5.829927623849289198e-01
6.234073464097922290e-01,5.838049480999243368e-01
6.244073464097921189e-01,5.846165500100203305e-01
6.254073464097920088e-01,5.854275673036150041e-01
6.264073464097918986e-01,5.862379991696911041e-01
6.274073464097917885e-01,5.870478447978170200e-01
6.284073464097916784e-01,5.878571033781470057e-01
6.294073464097915682e-01,5.886657741014225120e-01
6.304073464097914581e-01,5.894738561589730752e-01
6.314073464097913480e-01,5.902813487427166494e-01
6.324073464097912378e-01,5.910882510451606064e-01
6.334073464097911277e-01,5.918945622594027345e-01
6.344073464097910175e-01,5.927002815791320156e-01
6.354073464097909074e-01,5.935054081986289587e-01
6.364073464097907973e-01,5.943099413127672648e-01
6.374073464097906871e-01,5.951138801170138271e-01
6.384073464097905770e-01,5.959172238074298411e-01
6.394073464097904669e-01,5.967199715806716931e-01
6.404073464097903567e-01,5.975221226339916258e-01
6.414073464097902466e-01,5.983236761652388491e-01
6.424073464097901365e-01,5.991246313728596506e-01
6.434073464097900263e-01,5.999249874558990614e-01
6.444073464097899162e-01,6.007247436140009667e-01
6.454073464097898061e-01,6.015238990474093272e-01
6.464073464097896959e-01,6.023224529569688457e-01
6.474073464097895858e-01,6.031204045441255213e-01
6.484073464097894757e-01,6.039177530109279823e-01
6.494073464097893655e-01,6.047144975600277084e-01
6.504073464097892554e-01,6.055106373946802512e-01
6.514073464097891453e-01,6.063061717187459010e-01
6.524073464097890351e-01,6.071010997366903528e-01
6.534073464097889250e-01,6.078954206535855942e-01
6.544073464097888149e-01,6.086891336751109050e-01
6.554073464097887047e-01,6.094822380075533008e-01
6.564073464097885946e-01,6.102747328578084218e-01
6.574073464097884845e-01,6.110666174333815315e-01
6.584073464097883743e-01,6.118578909423881829e-01
6.594073464097882642e-01,6.126485525935547738e-01
6.604073464097881541e-01,6.134386015962198790e-01
6.614073464097880439e-01,6.142280371603345834e-01
6.624073464097879338e-01,6.150168584964632590e-01
6.634073464097878237e-01,6.158050648157846751e-01
6.644073464097877135e-01,6.165926553300926649e-01
6.654073464097876034e-01,6.173796292517965689e-01
6.664073464097874933e-01,6.181659857939227898e-01
6.674073464097873831e-01,6.189517241701146810e-01
6.684073464097872730e-01,6.197368435946339904e-01
6.694073464097871629e-01,6.205213432823613040e-01
6.704073464097870527e-01,6.213052224487971564e-01
6.714073464097869426e-01,6.220884803100622529e-01
6.724073464097868325e-01,6.228711160828989124e-01
6.734073464097867223e-01,6.236531289846714010e-01
6.744073464097866122e-01,6.244345182333668198e-01
6.754073464097865021e-01,6.252152830475961043e-01
6.764073464097863919e-01,6.259954226465943572e-01
6.774073464097862818e-01,6.267749362502221810e-01
6.784073464097861716e-01,6.275538230789660110e-01
6.794073464097860615e-01,6.283320823539390032e-01
6.804073464097859514e-01,6.291097132968820338e-01
6.814073464097858412e-01,6.298867151301642542e-01
6.824073464097857311e-01,6.306630870767837571e-01
6.834073464097856210e-01,6.314388283603687979e-01
6.844073464097855108e-01,6.322139382051780165e-01
6.854073464097854007e-01,6.329884158361017699e-01
6.864073464097852906e-01,6.337622604786624647e-01
6.874073464097851804e-01,6.345354713590154461e-01
6.884073464097850703e-01,6.353080477039499963e-01
6.894073464097849602e-01,6.360799887408896680e-01
6.904073464097848500e-01,6.368512936978937278e-01
6.914073464097847399e-01,6.376219618036570447e-01
6.924073464097846298e-01,6.383919922875117559e-01
6.934073464097845196e-01,6.391613843794274885e-01
6.944073464097844095e-01,6.399301373100119150e-01
6.954073464097842994e-01,6.406982503105125293e-01
6.964073464097841892e-01,6.414657226128160916e-01
6.974073464097840791e-01,6.422325534494505161e-01
6.984073464097839690e-01,6.429987420535850928e-01
6.994073464097838588e-01,6.437642876590311536e-01
7.004073464097837487e-01,6.445291895002431826e-01
7.014073464097836386e-01,6.452934468123194822e-01
7.024073464097835284e-01,6.460570588310027285e-01
7.034073464097834183e-01,6.468200247926808588e-01
7.044073464097833082e-01,6.475823439343882937e-01
7.054073464097831980e-01,6.483440154938056033e-01
7.064073464097830879e-01,6.491050387092615059e-01
7.074073464097829778e-01,6.498654128197327573e-01
7.084073464097828676e-01,6.506251370648453713e-01
7.094073464097827575e-01,6.513842106848751756e-01
7.104073464097826474e-01,6.521426329207485884e-01
7.114073464097825372e-01,6.529004030140433956e-01
7.124073464097824271e-01,6.536575202069895285e-01
7.134073464097823170e-01,6.544139837424699513e-01
7.144073464097822068e-01,6.551697928640212165e-01
7.154073464097820967e-01,6.559249468158342422e-01
7.164073464097819866e-01,6.566794448427550890e-01
7.174073464097818764e-01,6.574332861902857372e-01
7.184073464097817663e-01,6.581864701045850863e-01
7.194073464097816561e-01,6.589389958324690655e-01
7.204073464097815460e-01,6.596908626214121885e-01
7.214073464097814359e-01,6.604420697195476642e-01
7.224073464097813257e-01,6.611926163756685071e-01
7.234073464097812156e-01,6.619425018392279814e-01
7.244073464097811055e-01,6.626917253603408220e-01
7.254073464097809953e-01,6.634402861897835679e-01
7.264073464097808852e-01,6.641881835789953392e-01
7.274073464097807751e-01,6.649354167800789472e-01
7.284073464097806649e-01,6.656819850458011167e-01
7.294073464097805548e-01,6.664278876295938181e-01
7.304073464097804447e-01,6.671731237855542673e-01
7.314073464097803345e-01,6.679176927684467024e-01
7.324073464097802244e-01,6.686615938337019394e-01
7.334073464097801143e-01,6.694048262374190372e-01
7.344073464097800041e-01,6.701473892363657425e-01
7.354073464097798940e-01,6.708892820879790442e-01
7.364073464097797839e-01,6.716305040503660617e-01
7.374073464097796737e-01,6.723710543823051555e-01
7.384073464097795636e-01,6.731109323432458158e-01
7.394073464097794535e-01,6.738501371933102169e-01
7.404073464097793433e-01,6.745886681932936613e-01
7.414073464097792332e-01,6.753265246046650239e-01
7.424073464097791231e-01,6.760637056895680841e-01
7.434073464097790129e-01,6.768002107108218590e-01
7.444073464097789028e-01,6.775360389319212695e-01
7.454073464097787927e-01,6.782711896170382504e-01
7.464073464097786825e-01,6.790056620310220836e-01
7.474073464097785724e-01,6.797394554394005084e-01
7.484073464097784623e-01,6.804725691083800543e-01
7.494073464097783521e-01,6.812050023048472625e-01
7.504073464097782420e-01,6.819367542963690187e-01
7.514073464097781319e-01,6.826678243511932198e-01
7.524073464097780217e-01,6.833982117382498833e-01
7.534073464097779116e-01,6.841279157271518141e-01
7.544073464097778015e-01,6.848569355881950482e-01
7.554073464097776913e-01,6.855852705923598522e-01
7.564073464097775812e-01,6.863129200113110562e-01
7.574073464097774711e-01,6.870398831173994969e-01
7.584073464097773609e-01,6.877661591836621291e-01
7.594073464097772508e-01,6.884917474838228024e-01
7.604073464097771407e-01,6.892166472922933718e-01
7.614073464097770305e-01,6.899408578841741413e-01
7.624073464097769204e-01,6.906643785352545306e-01
7.634073464097768102e-01,6.913872085220138519e-01
7.644073464097767001e-01,6.921093471216223092e-01
7.654073464097765900e-01,6.928307936119413313e-01
7.664073464097764798e-01,6.935515472715245711e-01
7.674073464097763697e-01,6.942716073796182386e-01
7.684073464097762596e-01,6.949909732161623221e-01
7.694073464097761494e-01,6.957096440617911437e-01
7.704073464097760393e-01,6.964276191978339137e-01
7.714073464097759292e-01,6.971448979063155083e-01
7.724073464097758190e-01,6.978614794699573576e-01
7.734073464097757089e-01,6.985773631721777788e-01
7.744073464097755988e-01,6.992925482970933082e-01
7.754073464097754886e-01,7.000070341295188125e-01
7.764073464097753785e-01,7.007208199549684879e-01
7.774073464097752684e-01,7.014339050596566372e-01
7.784073464097751582e-01,7.021462887304982248e-01
7.794073464097750481e-01,7.028579702551095432e-01
7.804073464097749380e-01,7.035689489218091008e-01
7.814073464097748278e-01,7.042792240196185105e-01
7.824073464097747177e-01,7.049887948382624892e-01
7.834073464097746076e-01,7.056976606681704123e-01
7.844073464097744974e-01,7.064058208004764250e-01
7.854073464097743873e-01,7.071132745270205522e-01
7.864073464097742772e-01,7.078200211403491426e-01
7.874073464097741670e-01,7.085260599337155352e-01
7.884073464097740569e-01,7.092313902010809468e-01
7.894073464097739468e-01,7.099360112371153608e-01
7.904073464097738366e-01,7.106399223371976381e-01
7.914073464097737265e-01,7.113431227974168491e-01
7.924073464097736164e-01,7.120456119145724960e-01
7.934073464097735062e-01,7.127473889861756229e-01
7.944073464097733961e-01,7.134484533104490378e-01
7.954073464097732860e-01,7.141488041863287561e-01
7.964073464097731758e-01,7.148484409134637785e-01
7.974073464097730657e-01,7.155473627922173119e-01
7.984073464097729556e-01,7.162455691236677691e-01
7.994073464097728454e-01,7.169430592096088795e-01
8.004073464097727353e-01,7.176398323525504663e-01
8.014073464097726252e-01,7.183358878557194460e-01
8.024073464097725150e-01,7.190312250230603830e-01
8.034073464097724049e-01,7.197258431592363781e-01
8.044073464097722947e-01,7.204197415696290685e-01
8.054073464097721846e-01,7.211129195603402930e-01
8.064073464097720745e-01,7.218053764381920923e-01
8.074073464097719643e-01,7.224971115107274855e-01
8.084073464097718542e-01,7.231881240862116922e-01
8.094073464097717441e-01,7.238784134736320208e-01
8.104073464097716339e-01,7.245679789826990902e-01
8.114073464097715238e-01,7.252568199238477176e-01
8.124073464097714137e-01,7.259449356082368077e-01
8.134073464097713035e-01,7.266323253477507960e-01
8.144073464097711934e-01,7.273189884549999817e-01
8.154073464097710833e-01,7.280049242433213053e-01
8.164073464097709731e-01,7.286901320267791249e-01
8.174073464097708630e-01,7.293746111201655502e-01
8.184073464097707529e-01,7.300583608390015522e-01
8.194073464097706427e-01,7.307413804995377404e-01
8.204073464097705326e-01,7.314236694187542520e-01
8.214073464097704225e-01,7.321052269143623059e-01
8.224073464097703123e-01,7.327860523048044250e-01
8.234073464097702022e-01,7.334661449092553243e-01
8.244073464097700921e-01,7.341455040476224658e-01
8.254073464097699819e-01,7.348241290405467252e-01
8.264073464097698718e-01,7.355020192094031684e-01
8.274073464097697617e-01,7.361791738763017179e-01
8.284073464097696515e-01,7.368555923640875971e-01
8.294073464097695414e-01,7.375312739963427733e-01
8.304073464097694313e-01,7.382062180973851806e-01
8.314073464097693211e-01,7.388804239922711625e-01
8.324073464097692110e-01,7.395538910067945837e-01
8.334073464097691009e-01,7.402266184674887173e-01
8.344073464097689907e-01,7.408986057016261340e-01
8.354073464097688806e-01,7.415698520372194791e-01
8.364073464097687705e-01,7.422403568030226939e-01
8.374073464097686603e-01,7.429101193285307936e-01
8.384073464097685502e-01,7.435791389439816435e-01
8.394073464097684401e-01,7.442474149803554040e-01
8.404073464097683299e-01,7.449149467693763071e-01
8.414073464097682198e-01,7.455817336435124343e-01
8.424073464097681097e-01,7.462477749359770485e-01
8.434073464097679995e-01,7.469130699807289275e-01
8.444073464097678894e-01,7.475776181124730302e-01
8.454073464097677792e-01,7.482414186666613842e-01
8.464073464097676691e-01,7.489044709794934196e-01
8.474073464097675590e-01,7.495667743879168565e-01
8.484073464097674488e-01,7.502283282296283717e-01
8.494073464097673387e-01,7.508891318430741535e-01
8.504073464097672286e-01,7.515491845674506788e-01
8.514073464097671184e-01,7.522084857427053795e-01
8.524073464097670083e-01,7.528670347095368642e-01
8.534073464097668982e-01,7.535248308093964731e-01
8.544073464097667880e-01,7.541818733844880551e-01
8.554073464097666779e-01,7.548381617777690789e-01
8.564073464097665678e-01,7.554936953329511873e-01
8.574073464097664576e-01,7.561484733945009751e-01
8.584073464097663475e-01,7.568024953076404326e-01
8.594073464097662374e-01,7.574557604183475013e-01
8.604073464097661272e-01,7.581082680733574053e-01
8.614073464097660171e-01,7.587600176201624302e-01
8.624073464097659070e-01,7.594110084070129219e-01
8.634073464097657968e-01,7.600612397829182854e-01
8.644073464097656867e-01,7.607107110976473185e-01
8.654073464097655766e-01,7.613594217017286558e-01
8.664073464097654664e-01,7.620073709464516565e-01
8.674073464097653563e-01,7.626545581838672927e-01
8.684073464097652462e-01,7.633009827667882607e-01
8.694073464097651360e-01,7.639466440487900911e-01
8.704073464097650259e-01,7.645915413842114816e-01
8.714073464097649158e-01,7.652356741281552965e-01
8.724073464097648056e-01,7.658790416364886777e-01
8.734073464097646955e-01,7.665216432658442658e-01
8.744073464097645854e-01,7.671634783736204222e-01
8.754073464097644752e-01,7.678045463179822283e-01
8.764073464097643651e-01,7.684448464578615967e-01
8.774073464097642550e-01,7.690843781529586032e-01
8.784073464097641448e-01,7.697231407637415979e-01
8.794073464097640347e-01,7.703611336514478714e-01
8.804073464097639246e-01,7.709983561780847650e-01
8.814073464097638144e-01,7.716348077064296707e-01
8.824073464097637043e-01,7.722704876000311414e-01
8.834073464097635942e-01,7.729053952232094460e-01
8.844073464097634840e-01,7.735395299410569026e-01
8.854073464097633739e-01,7.741728911194389884e-01
8.864073464097632638e-01,7.748054781249943401e-01
8.874073464097631536e-01,7.754372903251361970e-01
8.884073464097630435e-01,7.760683270880522899e-01
8.894073464097629333e-01,7.766985877827059515e-01
8.904073464097628232e-01,7.773280717788366712e-01
8.914073464097627131e-01,7.779567784469603176e-01
8.924073464097626029e-01,7.785847071583703594e-01
8.934073464097624928e-01,7.792118572851380875e-01
8.944073464097623827e-01,7.798382282001135035e-01
8.954073464097622725e-01,7.804638192769256522e-01
8.964073464097621624e-01,7.810886298899836211e-01
8.974073464097620523e-01,7.817126594144767626e-01
8.984073464097619421e-01,7.823359072263756930e-01
8.994073464097618320e-01,7.829583727024325146e-01
9.004073464097617219e-01,7.835800552201819258e-01
9.014073464097616117e-01,7.842009541579414433e-01
9.024073464097615016e-01,7.848210688948120684e-01
9.034073464097613915e-01,7.854403988106792855e-01
9.044073464097612813e-01,7.860589432862130632e-01
9.054073464097611712e-01,7.866767017028690745e-01
9.064073464097610611e-01,7.872936734428890304e-01
9.074073464097609509e-01,7.879098578893010130e-01
9.084073464097608408e-01,7.885252544259209184e-01
9.094073464097607307e-01,7.891398624373520132e-01
9.104073464097606205e-01,7.897536813089863772e-01
9.114073464097605104e-01,7.903667104270053478e-01
9.124073464097604003e-01,7.909789491783797422e-01
9.134073464097602901e-01,7.915903969508708560e-01
9.144073464097601800e-01,7.922010531330309080e-01
9.154073464097600699e-01,7.928109171142039280e-01
9.164073464097599597e-01,7.934199882845259788e-01
9.174073464097598496e-01,7.940282660349257116e-01
9.184073464097597395e-01,7.946357497571256978e-01
9.194073464097596293e-01,7.952424388436420966e-01
9.204073464097595192e-01,7.958483326877858755e-01
9.214073464097594091e-01,7.964534306836633659e-01
9.224073464097592989e-01,7.970577322261764852e-01
9.234073464097591888e-01,7.976612367110238466e-01
9.244073464097590787e-01,7.982639435347008705e-01
9.254073464097589685e-01,7.988658520945010055e-01
9.264073464097588584e-01,7.994669617885156176e-01
9.274073464097587483e-01,8.000672720156349893e-01
9.284073464097586381e-01,8.006667821755489856e-01
9.294073464097585280e-01,8.012654916687476092e-01
9.304073464097584178e-01,8.018633998965213339e-01
9.314073464097583077e-01,8.024605062609619921e-01
9.324073464097581976e-01,8.030568101649632196e-01
9.334073464097580874e-01,8.036523110122212321e-01
9.344073464097579773e-01,8.042470082072351589e-01
9.354073464097578672e-01,8.048409011553079306e-01
9.364073464097577570e-01,8.054339892625466124e-01
9.374073464097576469e-01,8.060262719358631811e-01
9.384073464097575368e-01,8.066177485829749694e-01
9.394073464097574266e-01,8.072084186124053318e-01
9.404073464097573165e-01,8.077982814334844219e-01
9.414073464097572064e-01,8.083873364563494146e-01
9.424073464097570962e-01,8.089755830919452828e-01
9.434073464097569861e-01,8.095630207520253530e-01
9.444073464097568760e-01,8.101496488491523040e-01
9.454073464097567658e-01,8.107354667966978345e-01
9.464073464097566557e-01,8.113204740088442168e-01
9.474073464097565456e-01,8.119046699005840750e-01
9.484073464097564354e-01,8.124880538877218283e-01
9.494073464097563253e-01,8.130706253868733580e-01
9.504073464097562152e-01,8.136523838154671173e-01
9.514073464097561050e-01,8.142333285917450203e-01
9.524073464097559949e-01,8.148134591347621081e-01
9.534073464097558848e-01,8.153927748643879925e-01
9.544073464097557746e-01,8.159712752013069670e-01
9.554073464097556645e-01,8.165489595670187839e-01
9.564073464097555544e-01,8.171258273838389874e-01
9.574073464097554442e-01,8.177018780749000237e-01
9.584073464097553341e-01,8.182771110641510193e-01
9.594073464097552240e-01,8.188515257763591126e-01
9.604073464097551138e-01,8.194251216371097879e-01
9.614073464097550037e-01,8.199978980728069855e-01
9.624073464097548936e-01,8.205698545106745456e-01
9.634073464097547834e-01,8.211409903787559861e-01
9.644073464097546733e-01,8.217113051059153905e-01
9.654073464097545632e-01,8.222807981218381856e-01
9.664073464097544530e-01,8.228494688570313631e-01
9.674073464097543429e-01,8.234173167428243678e-01
9.684073464097542328e-01,8.239843412113690979e-01
9.694073464097541226e-01,8.245505416956414591e-01
9.704073464097540125e-01,8.251159176294406983e-01
9.714073464097539023e-01,8.256804684473910694e-01
9.724073464097537922e-01,8.262441935849418329e-01
9.734073464097536821e-01,8.268070924783679221e-01
9.744073464097535719e-01,8.273691645647702764e-01
9.754073464097534618e-01,8.279304092820771732e-01
9.764073464097533517e-01,8.284908260690437842e-01
9.774073464097532415e-01,8.290504143652532854e-01
9.784073464097531314e-01,8.296091736111175230e-01
9.794073464097530213e-01,8.301671032478772361e-01
9.804073464097529111e-01,8.307242027176029442e-01
9.814073464097528010e-01,8.312804714631951697e-01
9.824073464097526909e-01,8.318359089283852148e-01
9.834073464097525807e-01,8.323905145577356057e-01
9.844073464097524706e-01,8.329442877966408698e-01
9.854073464097523605e-01,8.334972280913276466e-01
9.864073464097522503e-01,8.340493348888559089e-01
9.874073464097521402e-01,8.346006076371187410e-01
9.884073464097520301e-01,8.351510457848434488e-01
9.894073464097519199e-01,8.357006487815920037e-01
9.904073464097518098e-01,8.362494160777613761e-01
9.914073464097516997e-01,8.367973471245844230e-01
9.924073464097515895e-01,8.373444413741299996e-01
9.934073464097514794e-01,8.378906982793040692e-01
9.944073464097513693e-01,8.384361172938495921e-01
9.954073464097512591e-01,8.389806978723477471e-01
9.964073464097511490e-01,8.395244394702179314e-01
9.974073464097510389e-01,8.400673415437186486e-01
9.984073464097509287e-01,8.406094035499477313e-01
9.994073464097508186e-01,8.411506249468434504e-01
1.000407346409750708e+00,8.416910051931841830e-01
1.001407346409750598e+00,8.422305437485899660e-01
1.002407346409750488e+00,8.427692400735221634e-01
1.003407346409750378e+00,8.433070936292844655e-01
1.004407346409750268e+00,8.438441038780234438e-01
1.005407346409750158e+00,8.443802702827288842e-01
1.006407346409750048e+00,8.449155923072344532e-01
1.007407346409749938e+00,8.454500694162180308e-01
1.008407346409749827e+00,8.459837010752025988e-01
1.009407346409749717e+00,8.465164867505566848e-01
1.010407346409749607e+00,8.470484259094945845e-01
1.011407346409749497e+00,8.475795180200771384e-01
1.012407346409749387e+00,8.481097625512122873e-01
1.013407346409749277e+00,8.486391589726556273e-01
1.014407346409749167e+00,8.491677067550106317e-01
1.015407346409749056e+00,8.496954053697296505e-01
1.016407346409748946e+00,8.502222542891141321e-01
1.017407346409748836e+00,8.507482529863151788e-01
1.018407346409748726e+00,8.512734009353341014e-01
1.019407346409748616e+00,8.517976976110230858e-01
1.020407346409748506e+00,8.523211424890854149e-01
1.021407346409748396e+00,8.528437350460762456e-01
1.022407346409748286e+00,8.533654747594031642e-01
1.023407346409748175e+00,8.538863611073264082e-01
1.024407346409748065e+00,8.544063935689596434e-01
1.025407346409747955e+00,8.549255716242706304e-01
1.026407346409747845e+00,8.554438947540811133e-01
1.027407346409747735e+00,8.559613624400681520e-01
1.028407346409747625e+00,8.564779741647642330e-01
1.029407346409747515e+00,8.569937294115573811e-01
1.030407346409747404e+00,8.575086276646924910e-01
1.031407346409747294e+00,8.580226684092715495e-01
1.032407346409747184e+00,8.585358511312535246e-01
1.033407346409747074e+00,8.590481753174560309e-01
1.034407346409746964e+00,8.595596404555547743e-01
1.035407346409746854e+00,8.600702460340847733e-01
1.036407346409746744e+00,8.605799915424402480e-01
1.037407346409746633e+00,8.610888764708760634e-01
1.038407346409746523e+00,8.615969003105070634e-01
1.039407346409746413e+00,8.621040625533095136e-01
1.040407346409746303e+00,8.626103626921213241e-01
1.041407346409746193e+00,8.631158002206423818e-01
1.042407346409746083e+00,8.636203746334349951e-01
1.043407346409745973e+00,8.641240854259251147e-01
1.044407346409745863e+00,8.646269320944016679e-01
1.045407346409745752e+00,8.651289141360182233e-01
1.046407346409745642e+00,8.656300310487927696e-01
1.047407346409745532e+00,8.661302823316083810e-01
1.048407346409745422e+00,8.666296674842138836e-01
1.049407346409745312e+00,8.671281860072240777e-01
1.050407346409745202e+00,8.676258374021206254e-01
1.051407346409745092e+00,8.681226211712519403e-01
1.052407346409744981e+00,8.686185368178344079e-01
1.053407346409744871e+00,8.691135838459524976e-01
1.054407346409744761e+00,8.696077617605592058e-01
1.055407346409744651e+00,8.701010700674766118e-01
1.056407346409744541e+00,8.705935082733964325e-01
1.057407346409744431e+00,8.710850758858805776e-01
1.058407346409744321e+00,8.715757724133613715e-01
1.059407346409744211e+00,8.720655973651423309e-01
1.060407346409744100e+00,8.725545502513987195e-01
1.061407346409743990e+00,8.730426305831775480e-01
1.062407346409743880e+00,8.735298378723984625e-01
1.063407346409743770e+00,8.740161716318542995e-01
1.064407346409743660e+00,8.745016313752114190e-01
1.065407346409743550e+00,8.749862166170100375e-01
1.066407346409743440e+00,8.754699268726648942e-01
1.067407346409743329e+00,8.759527616584659171e-01
1.068407346409743219e+00,8.764347204915782230e-01
1.069407346409743109e+00,8.769158028900430057e-01
1.070407346409742999e+00,8.773960083727780912e-01
1.071407346409742889e+00,8.778753364595778264e-01
1.072407346409742779e+00,8.783537866711144115e-01
1.073407346409742669e+00,8.788313585289373453e-01
1.074407346409742559e+00,8.793080515554750898e-01
1.075407346409742448e+00,8.797838652740345156e-01
1.076407346409742338e+00,8.802587992088020119e-01
1.077407346409742228e+00,8.807328528848435978e-01
1.078407346409742118e+00,8.812060258281056990e-01
1.079407346409742008e+00,8.816783175654154814e-01
1.080407346409741898e+00,8.821497276244810726e-01
1.081407346409741788e+00,8.826202555338926725e-01
1.082407346409741677e+00,8.830899008231222203e-01
1.083407346409741567e+00,8.835586630225245042e-01
1.084407346409741457e+00,8.840265416633374951e-01
1.085407346409741347e+00,8.844935362776823462e-01
1.086407346409741237e+00,8.849596463985647254e-01
1.087407346409741127e+00,8.854248715598744823e-01
1.088407346409741017e+00,8.858892112963864252e-01
1.089407346409740907e+00,8.863526651437608761e-01
1.090407346409740796e+00,8.868152326385440043e-01
1.091407346409740686e+00,8.872769133181684920e-01
1.092407346409740576e+00,8.877377067209535344e-01
1.093407346409740466e+00,8.881976123861058392e-01
1.094407346409740356e+00,8.886566298537198483e-01
1.095407346409740246e+00,8.891147586647779599e-01
1.096407346409740136e+00,8.895719983611516390e-01
1.097407346409740025e+00,8.900283484856009730e-01
1.098407346409739915e+00,8.904838085817760041e-01
1.099407346409739805e+00,8.909383781942166181e-01
1.100407346409739695e+00,8.913920568683533219e-01
1.101407346409739585e+00,8.918448441505074653e-01
1.102407346409739475e+00,8.922967395878917962e-01
1.103407346409739365e+00,8.927477427286109046e-01
1.104407346409739255e+00,8.931978531216615558e-01
1.105407346409739144e+00,8.936470703169336893e-01
1.106407346409739034e+00,8.940953938652098643e-01
1.107407346409738924e+00,8.945428233181667022e-01
1.108407346409738814e+00,8.949893582283747762e-01
1.109407346409738704e+00,8.954349981492991661e-01
1.110407346409738594e+00,8.958797426353001248e-01
1.111407346409738484e+00,8.963235912416330775e-01
1.112407346409738373e+00,8.967665435244493999e-01
1.113407346409738263e+00,8.972085990407969724e-01
1.114407346409738153e+00,8.976497573486202919e-01
1.115407346409738043e+00,8.980900180067610261e-01
1.116407346409737933e+00,8.985293805749586804e-01
1.117407346409737823e+00,8.989678446138505974e-01
1.118407346409737713e+00,8.994054096849727342e-01
1.119407346409737602e+00,8.998420753507602177e-01
1.120407346409737492e+00,9.002778411745473441e-01
1.121407346409737382e+00,9.007127067205682458e-01
1.122407346409737272e+00,9.011466715539575567e-01
1.123407346409737162e+00,9.015797352407504128e-01
1.124407346409737052e+00,9.020118973478831181e-01
1.125407346409736942e+00,9.024431574431935887e-01
1.126407346409736832e+00,9.028735150954219080e-01
1.127407346409736721e+00,9.033029698742104374e-01
1.128407346409736611e+00,9.037315213501042610e-01
1.129407346409736501e+00,9.041591690945520732e-01
1.130407346409736391e+00,9.045859126799060679e-01
1.131407346409736281e+00,9.050117516794228267e-01
1.132407346409736171e+00,9.054366856672633190e-01
1.133407346409736061e+00,9.058607142184936789e-01
1.134407346409735950e+00,9.062838369090852053e-01
1.135407346409735840e+00,9.067060533159153612e-01
1.136407346409735730e+00,9.071273630167677737e-01
1.137407346409735620e+00,9.075477655903327889e-01
1.138407346409735510e+00,9.079672606162078052e-01
1.139407346409735400e+00,9.083858476748979394e-01
1.140407346409735290e+00,9.088035263478160264e-01
1.141407346409735180e+00,9.092202962172835079e-01
1.142407346409735069e+00,9.096361568665305430e-01
1.143407346409734959e+00,9.100511078796965636e-01
1.144407346409734849e+00,9.104651488418303851e-01
1.145407346409734739e+00,9.108782793388914278e-01
1.146407346409734629e+00,9.112904989577489401e-01
1.147407346409734519e+00,9.117018072861834410e-01
1.148407346409734409e+00,9.121122039128867209e-01
1.149407346409734298e+00,9.125216884274619522e-01
1.150407346409734188e+00,9.129302604204249105e-01
1.151407346409734078e+00,9.133379194832034198e-01
1.152407346409733968e+00,9.137446652081386844e-01
1.153407346409733858e+00,9.141504971884848452e-01
1.154407346409733748e+00,9.145554150184099784e-01
1.155407346409733638e+00,9.149594182929963182e-01
1.156407346409733528e+00,9.153625066082405892e-01
1.157407346409733417e+00,9.157646795610545620e-01
1.158407346409733307e+00,9.161659367492652750e-01
1.159407346409733197e+00,9.165662777716155896e-01
1.160407346409733087e+00,9.169657022277644121e-01
1.161407346409732977e+00,9.173642097182875821e-01
1.162407346409732867e+00,9.177617998446773173e-01
1.163407346409732757e+00,9.181584722093438788e-01
1.164407346409732646e+00,9.185542264156145720e-01
1.165407346409732536e+00,9.189490620677355226e-01
1.166407346409732426e+00,9.193429787708709000e-01
1.167407346409732316e+00,9.197359761311041382e-01
1.168407346409732206e+00,9.201280537554379357e-01
1.169407346409732096e+00,9.205192112517945890e-01
1.170407346409731986e+00,9.209094482290167694e-01
1.171407346409731876e+00,9.212987642968674118e-01
1.172407346409731765e+00,9.216871590660306035e-01
1.173407346409731655e+00,9.220746321481114727e-01
1.174407346409731545e+00,9.224611831556370767e-01
1.175407346409731435e+00,9.228468117020562911e-01
1.176407346409731325e+00,9.232315174017408088e-01
1.177407346409731215e+00,9.236152998699848071e-01
1.178407346409731105e+00,9.239981587230059468e-01
1.179407346409730994e+00,9.243800935779453720e-01
1.180407346409730884e+00,9.247611040528681547e-01
1.181407346409730774e+00,9.251411897667640716e-01
1.182407346409730664e+00,9.255203503395472708e-01
1.183407346409730554e+00,9.258985853920572717e-01
1.184407346409730444e+00,9.262758945460589644e-01
1.185407346409730334e+00,9.266522774242433869e-01
1.186407346409730224e+00,9.270277336502276144e-01
1.187407346409730113e+00,9.274022628485553144e-01
1.188407346409730003e+00,9.277758646446976343e-01
1.189407346409729893e+00,9.281485386650524250e-01
1.190407346409729783e+00,9.285202845369460167e-01
1.191407346409729673e+00,9.288911018886324422e-01
1.192407346409729563e+00,9.292609903492944357e-01
1.193407346409729453e+00,9.296299495490434328e-01
1.194407346409729342e+00,9.299979791189203482e-01
1.195407346409729232e+00,9.303650786908956860e-01
1.196407346409729122e+00,9.307312478978698733e-01
1.197407346409729012e+00,9.310964863736737041e-01
1.198407346409728902e+00,9.314607937530687831e-01
1.199407346409728792e+00,9.318241696717476374e-01
1.200407346409728682e+00,9.321866137663346041e-01
1.201407346409728572e+00,9.325481256743853864e-01
1.202407346409728461e+00,9.329087050343881637e-01
1.203407346409728351e+00,9.332683514857638141e-01
1.204407346409728241e+00,9.336270646688655805e-01
1.205407346409728131e+00,9.339848442249806260e-01
1.206407346409728021e+00,9.343416897963291445e-01
1.207407346409727911e+00,9.346976010260658052e-01
1.208407346409727801e+00,9.350525775582793075e-01
1.209407346409727690e+00,9.354066190379932699e-01
1.210407346409727580e+00,9.357597251111660075e-01
1.211407346409727470e+00,9.361118954246916424e-01
1.212407346409727360e+00,9.364631296263999927e-01
1.213407346409727250e+00,9.368134273650565724e-01
1.214407346409727140e+00,9.371627882903639239e-01
1.215407346409727030e+00,9.375112120529611737e-01
1.216407346409726919e+00,9.378586983044243652e-01
1.217407346409726809e+00,9.382052466972674587e-01
1.218407346409726699e+00,9.385508568849419975e-01
1.219407346409726589e+00,9.388955285218379965e-01
1.220407346409726479e+00,9.392392612632836091e-01
1.221407346409726369e+00,9.395820547655462374e-01
1.222407346409726259e+00,9.399239086858324210e-01
1.223407346409726149e+00,9.402648226822881705e-01
1.224407346409726038e+00,9.406047964139996331e-01
1.225407346409725928e+00,9.409438295409930930e-01
1.226407346409725818e+00,9.412819217242354153e-01
1.227407346409725708e+00,9.416190726256344901e-01
1.228407346409725598e+00,9.419552819080393435e-01
1.229407346409725488e+00,9.422905492352408041e-01
1.230407346409725378e+00,9.426248742719716134e-01
1.231407346409725267e+00,9.429582566839066482e-01
1.232407346409725157e+00,9.432906961376635868e-01
1.233407346409725047e+00,9.436221923008030199e-01
1.234407346409724937e+00,9.439527448418287836e-01
1.235407346409724827e+00,9.442823534301882926e-01
1.236407346409724717e+00,9.446110177362730953e-01
1.237407346409724607e+00,9.449387374314188737e-01
1.238407346409724497e+00,9.452655121879059985e-01
1.239407346409724386e+00,9.455913416789597514e-01
1.240407346409724276e+00,9.459162255787505469e-01
1.241407346409724166e+00,9.462401635623945984e-01
1.242407346409724056e+00,9.465631553059540293e-01
1.243407346409723946e+00,9.468852004864369842e-01
1.244407346409723836e+00,9.472062987817982949e-01
1.245407346409723726e+00,9.475264498709398131e-01
1.246407346409723615e+00,9.478456534337104111e-01
1.247407346409723505e+00,9.481639091509065365e-01
1.248407346409723395e+00,9.484812167042725450e-01
1.249407346409723285e+00,9.487975757765009233e-01
1.250407346409723175e+00,9.491129860512325100e-01
1.251407346409723065e+00,9.494274472130572740e-01
1.252407346409722955e+00,9.497409589475138691e-01
1.253407346409722845e+00,9.500535209410906345e-01
1.254407346409722734e+00,9.503651328812255938e-01
1.255407346409722624e+00,9.506757944563070106e-01
1.256407346409722514e+00,9.509855053556730553e-01
1.257407346409722404e+00,9.512942652696130263e-01
1.258407346409722294e+00,9.516020738893670172e-01
1.259407346409722184e+00,9.519089309071264715e-01
1.260407346409722074e+00,9.522148360160342939e-01
1.261407346409721963e+00,9.525197889101855164e-01
1.262407346409721853e+00,9.528237892846270762e-01
1.263407346409721743e+00,9.531268368353588150e-01
1.264407346409721633e+00,9.534289312593331456e-01
1.265407346409721523e+00,9.537300722544557186e-01
1.266407346409721413e+00,9.540302595195854218e-01
1.267407346409721303e+00,9.543294927545351580e-01
1.268407346409721193e+00,9.546277716600717334e-01
1.269407346409721082e+00,9.549250959379160797e-01
1.270407346409720972e+00,9.552214652907441428e-01
1.271407346409720862e+00,9.555168794221865491e-01
1.272407346409720752e+00,9.558113380368290501e-01
1.273407346409720642e+00,9.561048408402132992e-01
1.274407346409720532e+00,9.563973875388362966e-01
1.275407346409720422e+00,9.566889778401514999e-01
1.276407346409720311e+00,9.569796114525684905e-01
1.277407346409720201e+00,9.572692880854538622e-01
1.278407346409720091e+00,9.575580074491308880e-01
1.279407346409719981e+00,9.578457692548802971e-01
1.280407346409719871e+00,9.581325732149402752e-01
1.281407346409719761e+00,9.584184190425067973e-01
1.282407346409719651e+00,9.587033064517341829e-01
1.283407346409719541e+00,9.589872351577350962e-01
1.284407346409719430e+00,9.592702048765806566e-01
1.285407346409719320e+00,9.595522153253013276e-01
1.286407346409719210e+00,9.598332662218866940e-01
1.287407346409719100e+00,9.601133572852856846e-01
1.288407346409718990e+00,9.603924882354075709e-01
1.289407346409718880e+00,9.606706587931210795e-01
1.290407346409718770e+00,9.609478686802559455e-01
1.291407346409718659e+00,9.612241176196022474e-01
1.292407346409718549e+00,9.614994053349109615e-01
1.293407346409718439e+00,9.617737315508945173e-01
1.294407346409718329e+00,9.620470959932265753e-01
1.295407346409718219e+00,9.623194983885429155e-01
1.296407346409718109e+00,9.625909384644409927e-01
1.297407346409717999e+00,9.628614159494809366e-01
1.298407346409717888e+00,9.631309305731849957e-01
1.299407346409717778e+00,9.633994820660388703e-01
1.300407346409717668e+00,9.636670701594909350e-01
1.301407346409717558e+00,9.639336945859531269e-01
1.302407346409717448e+00,9.641993550788010570e-01
1.303407346409717338e+00,9.644640513723742314e-01
1.304407346409717228e+00,9.647277832019764965e-01
1.305407346409717118e+00,9.649905503038759269e-01
1.306407346409717007e+00,9.652523524153053813e-01
1.307407346409716897e+00,9.655131892744629463e-01
1.308407346409716787e+00,9.657730606205117141e-01
1.309407346409716677e+00,9.660319661935802271e-01
1.310407346409716567e+00,9.662899057347631437e-01
1.311407346409716457e+00,9.665468789861209054e-01
1.312407346409716347e+00,9.668028856906800694e-01
1.313407346409716236e+00,9.670579255924341977e-01
1.314407346409716126e+00,9.673119984363433010e-01
1.315407346409716016e+00,9.675651039683346166e-01
1.316407346409715906e+00,9.678172419353026079e-01
1.317407346409715796e+00,9.680684120851092977e-01
1.318407346409715686e+00,9.683186141665844904e-01
1.319407346409715576e+00,9.685678479295263266e-01
1.320407346409715466e+00,9.688161131247008395e-01
1.321407346409715355e+00,9.690634095038430651e-01
1.322407346409715245e+00,9.693097368196564867e-01
1.323407346409715135e+00,9.695550948258138124e-01
1.324407346409715025e+00,9.697994832769571971e-01
1.325407346409714915e+00,9.700429019286981314e-01
1.326407346409714805e+00,9.702853505376178855e-01
1.327407346409714695e+00,9.705268288612680649e-01
1.328407346409714584e+00,9.707673366581701657e-01
1.329407346409714474e+00,9.710068736878165740e-01
1.330407346409714364e+00,9.712454397106701220e-01
1.331407346409714254e+00,9.714830344881649760e-01
1.332407346409714144e+00,9.717196577827063031e-01
1.333407346409714034e+00,9.719553093576708269e-01
1.334407346409713924e+00,9.721899889774069381e-01
1.335407346409713814e+00,9.724236964072351386e-01
1.336407346409713703e+00,9.726564314134479305e-01
1.337407346409713593e+00,9.728881937633103716e-01
1.338407346409713483e+00,9.731189832250601857e-01
1.339407346409713373e+00,9.733487995679077631e-01
1.340407346409713263e+00,9.735776425620369379e-01
1.341407346409713153e+00,9.738055119786046543e-01
1.342407346409713043e+00,9.740324075897416334e-01
1.343407346409712932e+00,9.742583291685520397e-01
1.344407346409712822e+00,9.744832764891145915e-01
1.345407346409712712e+00,9.747072493264817838e-01
1.346407346409712602e+00,9.749302474566809984e-01
1.347407346409712492e+00,9.751522706567138377e-01
1.348407346409712382e+00,9.753733187045573461e-01
1.349407346409712272e+00,9.755933913791634549e-01
1.350407346409712162e+00,9.758124884604595373e-01
1.351407346409712051e+00,9.760306097293484084e-01
1.352407346409711941e+00,9.762477549677088806e-01
1.353407346409711831e+00,9.764639239583957631e-01
1.354407346409711721e+00,9.766791164852400842e-01
1.355407346409711611e+00,9.768933323330492025e-01
1.356407346409711501e+00,9.771065712876074727e-01
1.357407346409711391e+00,9.773188331356759129e-01
1.358407346409711280e+00,9.775301176649926482e-01
1.359407346409711170e+00,9.777404246642731334e-01
1.360407346409711060e+00,9.779497539232104852e-01
1.361407346409710950e+00,9.781581052324753722e-01
1.362407346409710840e+00,9.783654783837164581e-01
1.363407346409710730e+00,9.785718731695608463e-01
1.364407346409710620e+00,9.787772893836135246e-01
1.365407346409710510e+00,9.789817268204583645e-01
1.366407346409710399e+00,9.791851852756580099e-01
1.367407346409710289e+00,9.793876645457539887e-01
1.368407346409710179e+00,9.795891644282670452e-01
1.369407346409710069e+00,9.797896847216972516e-01
1.370407346409709959e+00,9.799892252255244518e-01
1.371407346409709849e+00,9.801877857402080396e-01
1.372407346409709739e+00,9.803853660671876247e-01
1.373407346409709628e+00,9.805819660088828105e-01
1.374407346409709518e+00,9.807775853686937495e-01
1.375407346409709408e+00,9.809722239510009212e-01
1.376407346409709298e+00,9.811658815611660200e-01
1.377407346409709188e+00,9.813585580055312896e-01
1.378407346409709078e+00,9.815502530914202994e-01
1.379407346409708968e+00,9.817409666271380564e-01
1.380407346409708857e+00,9.819306984219708934e-01
1.381407346409708747e+00,9.821194482861872466e-01
1.382407346409708637e+00,9.823072160310371004e-01
1.383407346409708527e+00,9.824940014687528755e-01
1.384407346409708417e+00,9.826798044125489850e-01
1.385407346409708307e+00,9.828646246766226113e-01
1.386407346409708197e+00,9.830484620761533732e-01
1.387407346409708087e+00,9.832313164273039918e-01
1.388407346409707976e+00,9.834131875472201800e-01
1.389407346409707866e+00,9.835940752540307530e-01
1.390407346409707756e+00,9.837739793668480726e-01
1.391407346409707646e+00,9.839528997057680471e-01
1.392407346409707536e+00,9.841308360918701315e-01
1.393407346409707426e+00,9.843077883472183265e-01
1.394407346409707316e+00,9.844837562948600684e-01
1.395407346409707205e+00,9.846587397588276724e-01
1.396407346409707095e+00,9.848327385641374443e-01
1.397407346409706985e+00,9.850057525367907907e-01
1.398407346409706875e+00,9.851777815037736641e-01
1.399407346409706765e+00,9.853488252930572289e-01
1.400407346409706655e+00,9.855188837335975283e-01
1.401407346409706545e+00,9.856879566553361505e-01
1.402407346409706435e+00,9.858560438892003397e-01
1.403407346409706324e+00,9.860231452671027741e-01
1.404407346409706214e+00,9.861892606219421209e-01
1.405407346409706104e+00,9.863543897876030364e-01
1.406407346409705994e+00,9.865185325989563880e-01
1.407407346409705884e+00,9.866816888918593653e-01
1.408407346409705774e+00,9.868438585031555910e-01
1.409407346409705664e+00,9.870050412706755649e-01
1.410407346409705553e+00,9.871652370332365534e-01
1.411407346409705443e+00,9.873244456306426997e-01
1.412407346409705333e+00,9.874826669036855797e-01
1.413407346409705223e+00,9.876399006941438685e-01
1.414407346409705113e+00,9.877961468447836735e-01
1.415407346409705003e+00,9.879514051993589785e-01
1.416407346409704893e+00,9.881056756026114218e-01
1.417407346409704783e+00,9.882589579002706293e-01
1.418407346409704672e+00,9.884112519390543250e-01
1.419407346409704562e+00,9.885625575666683318e-01
1.420407346409704452e+00,9.887128746318072370e-01
1.421407346409704342e+00,9.888622029841539485e-01
1.422407346409704232e+00,9.890105424743800278e-01
1.423407346409704122e+00,9.891578929541460230e-01
1.424407346409704012e+00,9.893042542761014690e-01
1.425407346409703901e+00,9.894496262938851094e-01
1.426407346409703791e+00,9.895940088621250075e-01
1.427407346409703681e+00,9.897374018364383241e-01
1.428407346409703571e+00,9.898798050734324283e-01
1.429407346409703461e+00,9.900212184307038976e-01
1.430407346409703351e+00,9.901616417668395176e-01
1.431407346409703241e+00,9.903010749414157265e-01
1.432407346409703131e+00,9.904395178149996148e-01
1.433407346409703020e+00,9.905769702491482587e-01
1.434407346409702910e+00,9.907134321064091642e-01
1.435407346409702800e+00,9.908489032503204896e-01
1.436407346409702690e+00,9.909833835454111561e-01
1.437407346409702580e+00,9.911168728572008479e-01
1.438407346409702470e+00,9.912493710522003454e-01
1.439407346409702360e+00,9.913808779979113028e-01
1.440407346409702249e+00,9.915113935628269148e-01
1.441407346409702139e+00,9.916409176164316941e-01
1.442407346409702029e+00,9.917694500292013604e-01
1.443407346409701919e+00,9.918969906726036179e-01
1.444407346409701809e+00,9.920235394190979328e-01
1.445407346409701699e+00,9.921490961421355337e-01
1.446407346409701589e+00,9.922736607161596334e-01
1.447407346409701479e+00,9.923972330166056510e-01
1.448407346409701368e+00,9.925198129199014341e-01
1.449407346409701258e+00,9.926414003034669253e-01
1.450407346409701148e+00,9.927619950457149400e-01
1.451407346409701038e+00,9.928815970260506107e-01
1.452407346409700928e+00,9.930002061248719425e-01
1.453407346409700818e+00,9.931178222235699238e-01
1.454407346409700708e+00,9.932344452045284156e-01
1.455407346409700597e+00,9.933500749511244843e-01
1.456407346409700487e+00,9.934647113477284019e-01
1.457407346409700377e+00,9.935783542797037571e-01
1.458407346409700267e+00,9.936910036334076768e-01
1.459407346409700157e+00,9.938026592961907157e-01
1.460407346409700047e+00,9.939133211563973003e-01
1.461407346409699937e+00,9.940229891033655063e-01
1.462407346409699826e+00,9.941316630274275035e-01
1.463407346409699716e+00,9.942393428199092220e-01
1.464407346409699606e+00,9.943460283731310190e-01
1.465407346409699496e+00,9.944517195804073451e-01
1.466407346409699386e+00,9.945564163360469667e-01
1.467407346409699276e+00,9.946601185353530772e-01
1.468407346409699166e+00,9.947628260746236295e-01
1.469407346409699056e+00,9.948645388511508925e-01
1.470407346409698945e+00,9.949652567632223388e-01
1.471407346409698835e+00,9.950649797101198679e-01
1.472407346409698725e+00,9.951637075921205833e-01
1.473407346409698615e+00,9.952614403104966811e-01
1.474407346409698505e+00,9.953581777675153397e-01
1.475407346409698395e+00,9.954539198664392741e-01
1.476407346409698285e+00,9.955486665115261813e-01
1.477407346409698174e+00,9.956424176080296284e-01
1.478407346409698064e+00,9.957351730621983865e-01
1.479407346409697954e+00,9.958269327812770966e-01
1.480407346409697844e+00,9.959176966735060477e-01
1.481407346409697734e+00,9.960074646481212879e-01
1.482407346409697624e+00,9.960962366153548464e-01
1.483407346409697514e+00,9.961840124864347334e-01
1.484407346409697404e+00,9.962707921735852734e-01
1.485407346409697293e+00,9.963565755900266607e-01
1.486407346409697183e+00,9.964413626499754040e-01
1.487407346409697073e+00,9.965251532686445479e-01
1.488407346409696963e+00,9.966079473622435625e-01
1.489407346409696853e+00,9.966897448479782318e-01
1.490407346409696743e+00,9.967705456440509870e-01
1.491407346409696633e+00,9.968503496696613508e-01
1.492407346409696522e+00,9.969291568450049379e-01
1.493407346409696412e+00,9.970069670912748983e-01
1.494407346409696302e+00,9.970837803306608071e-01
1.495407346409696192e+00,9.971595964863494421e-01
1.496407346409696082e+00,9.972344154825246720e-01
1.497407346409695972e+00,9.973082372443675681e-01
1.498407346409695862e+00,9.973810616980562926e-01
1.499407346409695752e+00,9.974528887707665437e-01
1.500407346409695641e+00,9.975237183906709992e-01
1.501407346409695531e+00,9.975935504869403170e-01
1.502407346409695421e+00,9.976623849897421348e-01
1.503407346409695311e+00,9.977302218302421810e-01
1.504407346409695201e+00,9.977970609406036084e-01
1.505407346409695091e+00,9.978629022539872162e-01
1.506407346409694981e+00,9.979277457045516719e-01
1.507407346409694870e+00,9.979915912274536227e-01
1.508407346409694760e+00,9.980544387588474731e-01
1.509407346409694650e+00,9.981162882358857180e-01
1.510407346409694540e+00,9.981771395967189431e-01
1.511407346409694430e+00,9.982369927804958243e-01
1.512407346409694320e+00,9.982958477273630171e-01
1.513407346409694210e+00,9.983537043784657117e-01
1.514407346409694100e+00,9.984105626759471885e-01
1.515407346409693989e+00,9.984664225629491519e-01
1.516407346409693879e+00,9.985212839836118404e-01
1.517407346409693769e+00,9.985751468830736943e-01
1.518407346409693659e+00,9.986280112074720217e-01
1.519407346409693549e+00,9.986798769039422208e-01
1.520407346409693439e+00,9.987307439206187798e-01
1.521407346409693329e+00,9.987806122066346104e-01
1.522407346409693218e+00,9.988294817121214919e-01
1.523407346409693108e+00,9.988773523882099603e-01
1.524407346409692998e+00,9.989242241870291972e-01
1.525407346409692888e+00,9.989700970617074738e-01
1.526407346409692778e+00,9.990149709663720401e-01
1.527407346409692668e+00,9.990588458561487917e-01
1.528407346409692558e+00,9.991017216871630469e-01
1.529407346409692448e+00,9.991435984165387696e-01
1.530407346409692337e+00,9.991844760023993466e-01
1.531407346409692227e+00,9.992243544038672542e-01
1.532407346409692117e+00,9.992632335810639477e-01
1.533407346409692007e+00,9.993011134951104157e-01
1.534407346409691897e+00,9.993379941081266260e-01
1.535407346409691787e+00,9.993738753832319688e-01
1.536407346409691677e+00,9.994087572845452572e-01
1.537407346409691566e+00,9.994426397771845050e-01
1.538407346409691456e+00,9.994755228272673708e-01
1.539407346409691346e+00,9.995074064019106030e-01
1.540407346409691236e+00,9.995382904692307058e-01
1.541407346409691126e+00,9.995681749983437170e-01
1.542407346409691016e+00,9.995970599593649863e-01
1.543407346409690906e+00,9.996249453234095084e-01
1.544407346409690795e+00,9.996518310625921444e-01
1.545407346409690685e+00,9.996777171500269565e-01
1.546407346409690575e+00,9.997026035598278737e-01
1.547407346409690465e+00,9.997264902671086917e-01
1.548407346409690355e+00,9.997493772479824070e-01
1.549407346409690245e+00,9.997712644795622161e-01
1.550407346409690135e+00,9.997921519399609602e-01
1.551407346409690025e+00,9.998120396082910144e-01
1.552407346409689914e+00,9.998309274646647316e-01
1.553407346409689804e+00,9.998488154901943314e-01
1.554407346409689694e+00,9.998657036669917897e-01
1.555407346409689584e+00,9.998815919781689487e-01
1.556407346409689474e+00,9.998964804078374069e-01
1.557407346409689364e+00,9.999103689411087403e-01
1.558407346409689254e+00,9.999232575640945031e-01
1.559407346409689143e+00,9.999351462639060051e-01
1.560407346409689033e+00,9.999460350286545340e-01
1.561407346409688923e+00,9.999559238474514666e-01
1.562407346409688813e+00,9.999648127104078243e-01
1.563407346409688703e+00,9.999727016086347176e-01
1.564407346409688593e+00,9.999795905342434565e-01
1.565407346409688483e+00,9.999854794803449964e-01
1.566407346409688373e+00,9.999903684410502702e-01
1.567407346409688262e+00,9.999942574114705218e-01
1.568407346409688152e+00,9.999971463877167510e-01
1.569407346409688042e+00,9.999990353668998244e-01
1.570407346409687932e+00,9.999999243471309196e-01
1.571407346409687822e+00,9.999998133275209700e-01
1.572407346409687712e+00,9.999987023081809978e-01
1.573407346409687602e+00,9.999965912902221143e-01
1.574407346409687491e+00,9.999934802757552976e-01
1.575407346409687381e+00,9.999893692678915036e-01
1.576407346409687271e+00,9.999842582707417771e-01
1.577407346409687161e+00,9.999781472894170298e-01
1.578407346409687051e+00,9.999710363300283733e-01
1.579407346409686941e+00,9.999629253996867861e-01
1.580407346409686831e+00,9.999538145065031136e-01
1.581407346409686721e+00,9.999437036595881789e-01
1.582407346409686610e+00,9.999325928690530052e-01
1.583407346409686500e+00,9.999204821460082604e-01
1.584407346409686390e+00,9.999073715025647013e-01
1.585407346409686280e+00,9.998932609518329517e-01
1.586407346409686170e+00,9.998781505079235021e-01
1.587407346409686060e+00,9.998620401859469320e-01
1.588407346409685950e+00,9.998449300020135766e-01
1.589407346409685839e+00,9.998268199732334161e-01
1.590407346409685729e+00,9.998077101177166304e-01
1.591407346409685619e+00,9.997876004545731554e-01
1.592407346409685509e+00,9.997664910039124608e-01
1.593407346409685399e+00,9.997443817868439941e-01
1.594407346409685289e+00,9.997212728254771807e-01
1.595407346409685179e+00,9.996971641429207578e-01
1.596407346409685069e+00,9.996720557632835513e-01
1.597407346409684958e+00,9.996459477116739212e-01
1.598407346409684848e+00,9.996188400141997610e-01
1.599407346409684738e+00,9.995907326979690533e-01
1.600407346409684628e+00,9.995616257910888702e-01
1.601407346409684518e+00,9.995315193226661510e-01
1.602407346409684408e+00,9.995004133228074794e-01
1.603407346409684298e+00,9.994683078226186401e-01
1.604407346409684187e+00,9.994352028542053956e-01
1.605407346409684077e+00,9.994010984506725981e-01
1.606407346409683967e+00,9.993659946461245225e-01
1.607407346409683857e+00,9.993298914756651996e-01
1.608407346409683747e+00,9.992927889753976389e-01
1.609407346409683637e+00,9.992546871824243837e-01
1.610407346409683527e+00,9.992155861348471779e-01
1.611407346409683417e+00,9.991754858717670773e-01
1.612407346409683306e+00,9.991343864332844493e-01
1.613407346409683196e+00,9.990922878604986401e-01
1.614407346409683086e+00,9.990491901955081966e-01
1.615407346409682976e+00,9.990050934814107553e-01
1.616407346409682866e+00,9.989599977623031535e-01
1.617407346409682756e+00,9.989139030832810962e-01
1.618407346409682646e+00,9.988668094904391559e-01
1.619407346409682535e+00,9.988187170308708840e-01
1.620407346409682425e+00,9.987696257526689214e-01
1.621407346409682315e+00,9.987195357049243327e-01
1.622407346409682205e+00,9.986684469377273832e-01
1.623407346409682095e+00,9.986163595021666506e-01
1.624407346409681985e+00,9.985632734503295804e-01
1.625407346409681875e+00,9.985091888353023748e-01
1.626407346409681764e+00,9.984541057111695483e-01
1.627407346409681654e+00,9.983980241330141503e-01
1.628407346409681544e+00,9.983409441569177645e-01
1.629407346409681434e+00,9.982828658399605093e-01
1.630407346409681324e+00,9.982237892402205937e-01
1.631407346409681214e+00,9.981637144167746500e-01
1.632407346409681104e+00,9.981026414296974014e-01
1.633407346409680994e+00,9.980405703400619943e-01
1.634407346409680883e+00,9.979775012099393328e-01
1.635407346409680773e+00,9.979134341023986332e-01
1.636407346409680663e+00,9.978483690815069806e-01
1.637407346409680553e+00,9.977823062123294395e-01
1.638407346409680443e+00,9.977152455609288317e-01
1.639407346409680333e+00,9.976471871943658476e-01
1.640407346409680223e+00,9.975781311806987128e-01
1.641407346409680112e+00,9.975080775889836326e-01
1.642407346409680002e+00,9.974370264892740146e-01
1.643407346409679892e+00,9.973649779526210235e-01
1.644407346409679782e+00,9.972919320510732488e-01
1.645407346409679672e+00,9.972178888576764821e-01
1.646407346409679562e+00,9.971428484464739395e-01
1.647407346409679452e+00,9.970668108925061501e-01
1.648407346409679342e+00,9.969897762718104017e-01
1.649407346409679231e+00,9.969117446614216282e-01
1.650407346409679121e+00,9.968327161393711888e-01
1.651407346409679011e+00,9.967526907846876449e-01
1.652407346409678901e+00,9.966716686773964273e-01
1.653407346409678791e+00,9.965896498985196139e-01
1.654407346409678681e+00,9.965066345300759298e-01
1.655407346409678571e+00,9.964226226550807475e-01
1.656407346409678460e+00,9.963376143575458643e-01
1.657407346409678350e+00,9.962516097224797251e-01
1.658407346409678240e+00,9.961646088358868667e-01
1.659407346409678130e+00,9.960766117847682510e-01
1.660407346409678020e+00,9.959876186571208212e-01
1.661407346409677910e+00,9.958976295419377234e-01
1.662407346409677800e+00,9.958066445292080848e-01
1.663407346409677690e+00,9.957146637099169029e-01
1.664407346409677579e+00,9.956216871760449338e-01
1.665407346409677469e+00,9.955277150205688041e-01
1.666407346409677359e+00,9.954327473374606772e-01
1.667407346409677249e+00,9.953367842216880312e-01
1.668407346409677139e+00,9.952398257692142147e-01
1.669407346409677029e+00,9.951418720769975579e-01
1.670407346409676919e+00,9.950429232429917059e-01
1.671407346409676808e+00,9.949429793661455079e-01
1.672407346409676698e+00,9.948420405464029059e-01
1.673407346409676588e+00,9.947401068847027128e-01
1.674407346409676478e+00,9.946371784829785012e-01
1.675407346409676368e+00,9.945332554441586037e-01
1.676407346409676258e+00,9.944283378721662237e-01
1.677407346409676148e+00,9.943224258719187691e-01
1.678407346409676038e+00,9.942155195493284081e-01
1.679407346409675927e+00,9.941076190113012911e-01
1.680407346409675817e+00,9.939987243657379956e-01
1.681407346409675707e+00,9.938888357215331926e-01
1.682407346409675597e+00,9.937779531885754247e-01
1.683407346409675487e+00,9.936660768777473285e-01
1.684407346409675377e+00,9.935532069009251899e-01
1.685407346409675267e+00,9.934393433709789445e-01
1.686407346409675156e+00,9.933244864017720666e-01
1.687407346409675046e+00,9.932086361081616799e-01
1.688407346409674936e+00,9.930917926059977807e-01
1.689407346409674826e+00,9.929739560121241260e-01
1.690407346409674716e+00,9.928551264443772340e-01
1.691407346409674606e+00,9.927353040215866065e-01
1.692407346409674496e+00,9.926144888635746177e-01
1.693407346409674386e+00,9.924926810911566255e-01
1.694407346409674275e+00,9.923698808261401938e-01
1.695407346409674165e+00,9.922460881913255371e-01
1.696407346409674055e+00,9.921213033105055201e-01
1.697407346409673945e+00,9.919955263084647701e-01
1.698407346409673835e+00,9.918687573109803424e-01
1.699407346409673725e+00,9.917409964448213877e-01
1.700407346409673615e+00,9.916122438377485970e-01
1.701407346409673504e+00,9.914824996185145345e-01
1.702407346409673394e+00,9.913517639168635265e-01
1.703407346409673284e+00,9.912200368635312175e-01
1.704407346409673174e+00,9.910873185902446814e-01
1.705407346409673064e+00,9.909536092297220877e-01
1.706407346409672954e+00,9.908189089156728135e-01
1.707407346409672844e+00,9.906832177827972208e-01
1.708407346409672734e+00,9.905465359667864345e-01
1.709407346409672623e+00,9.904088636043222316e-01
1.710407346409672513e+00,9.902702008330769301e-01
1.711407346409672403e+00,9.901305477917132780e-01
1.712407346409672293e+00,9.899899046198844532e-01
1.713407346409672183e+00,9.898482714582333974e-01
1.714407346409672073e+00,9.897056484483934824e-01
1.715407346409671963e+00,9.895620357329875105e-01
1.716407346409671852e+00,9.894174334556282702e-01
1.717407346409671742e+00,9.892718417609180914e-01
1.718407346409671632e+00,9.891252607944485131e-01
1.719407346409671522e+00,9.889776907028006159e-01
1.720407346409671412e+00,9.888291316335444670e-01
1.721407346409671302e+00,9.886795837352390093e-01
1.722407346409671192e+00,9.885290471574321725e-01
1.723407346409671081e+00,9.883775220506606507e-01
1.724407346409670971e+00,9.882250085664494588e-01
1.725407346409670861e+00,9.880715068573119320e-01
1.726407346409670751e+00,9.879170170767499481e-01
1.727407346409670641e+00,9.877615393792532617e-01
1.728407346409670531e+00,9.876050739202995032e-01
1.729407346409670421e+00,9.874476208563540691e-01
1.730407346409670311e+00,9.872891803448701209e-01
1.731407346409670200e+00,9.871297525442880305e-01
1.732407346409670090e+00,9.869693376140357133e-01
1.733407346409669980e+00,9.868079357145280728e-01
1.734407346409669870e+00,9.866455470071668898e-01
1.735407346409669760e+00,9.864821716543409336e-01
1.736407346409669650e+00,9.863178098194255172e-01
1.737407346409669540e+00,9.861524616667824983e-01
1.738407346409669429e+00,9.859861273617599453e-01
1.739407346409669319e+00,9.858188070706922490e-01
1.740407346409669209e+00,9.856505009608995671e-01
1.741407346409669099e+00,9.854812092006881574e-01
1.742407346409668989e+00,9.853109319593496007e-01
1.743407346409668879e+00,9.851396694071612448e-01
1.744407346409668769e+00,9.849674217153855382e-01
1.745407346409668659e+00,9.847941890562701417e-01
1.746407346409668548e+00,9.846199716030478166e-01
1.747407346409668438e+00,9.844447695299359813e-01
1.748407346409668328e+00,9.842685830121365997e-01
1.749407346409668218e+00,9.840914122258361818e-01
1.750407346409668108e+00,9.839132573482056721e-01
1.751407346409667998e+00,9.837341185573997837e-01
1.752407346409667888e+00,9.835539960325572206e-01
1.753407346409667777e+00,9.833728899538006774e-01
1.754407346409667667e+00,9.831908005022360619e-01
1.755407346409667557e+00,9.830077278599529400e-01
1.756407346409667447e+00,9.828236722100237577e-01
1.757407346409667337e+00,9.826386337365043966e-01
1.758407346409667227e+00,9.824526126244331747e-01
1.759407346409667117e+00,9.822656090598311796e-01
1.760407346409667007e+00,9.820776232297019348e-01
1.761407346409666896e+00,9.818886553220312896e-01
1.762407346409666786e+00,9.816987055257871964e-01
1.763407346409666676e+00,9.815077740309193777e-01
1.764407346409666566e+00,9.813158610283593264e-01
1.765407346409666456e+00,9.811229667100200835e-01
1.766407346409666346e+00,9.809290912687957942e-01
1.767407346409666236e+00,9.807342348985620406e-01
1.768407346409666125e+00,9.805383977941750651e-01
1.769407346409666015e+00,9.803415801514719918e-01
1.770407346409665905e+00,9.801437821672704942e-01
1.771407346409665795e+00,9.799450040393685724e-01
1.772407346409665685e+00,9.797452459665442204e-01
1.773407346409665575e+00,9.795445081485555372e-01
1.774407346409665465e+00,9.793427907861402826e-01
1.775407346409665355e+00,9.791400940810159881e-01
1.776407346409665244e+00,9.789364182358790689e-01
1.777407346409665134e+00,9.787317634544056011e-01
1.778407346409665024e+00,9.785261299412502112e-01
1.779407346409664914e+00,9.783195179020464094e-01
1.780407346409664804e+00,9.781119275434061455e-01
1.781407346409664694e+00,9.779033590729199199e-01
1.782407346409664584e+00,9.776938126991562283e-01
1.783407346409664473e+00,9.774832886316611180e-01
1.784407346409664363e+00,9.772717870809589646e-01
1.785407346409664253e+00,9.770593082585511402e-01
1.786407346409664143e+00,9.768458523769164570e-01
1.787407346409664033e+00,9.766314196495108346e-01
1.788407346409663923e+00,9.764160102907669669e-01
1.789407346409663813e+00,9.761996245160940999e-01
1.790407346409663703e+00,9.759822625418781428e-01
1.791407346409663592e+00,9.757639245854808907e-01
1.792407346409663482e+00,9.755446108652403581e-01
1.793407346409663372e+00,9.753243216004703342e-01
1.794407346409663262e+00,9.751030570114599394e-01
1.795407346409663152e+00,9.748808173194738469e-01
1.796407346409663042e+00,9.746576027467516168e-01
1.797407346409662932e+00,9.744334135165079180e-01
1.798407346409662821e+00,9.742082498529318624e-01
1.799407346409662711e+00,9.739821119811872263e-01
1.800407346409662601e+00,9.737550001274116740e-01
1.801407346409662491e+00,9.735269145187172013e-01
1.802407346409662381e+00,9.732978553831892476e-01
1.803407346409662271e+00,9.730678229498871401e-01
1.804407346409662161e+00,9.728368174488430942e-01
1.805407346409662050e+00,9.726048391110626579e-01
1.806407346409661940e+00,9.723718881685241566e-01
1.807407346409661830e+00,9.721379648541785823e-01
1.808407346409661720e+00,9.719030694019491490e-01
1.809407346409661610e+00,9.716672020467312931e-01
1.810407346409661500e+00,9.714303630243923404e-01
1.811407346409661390e+00,9.711925525717712837e-01
1.812407346409661280e+00,9.709537709266786720e-01
1.813407346409661169e+00,9.707140183278959444e-01
1.814407346409661059e+00,9.704732950151758741e-01
1.815407346409660949e+00,9.702316012292416803e-01
1.816407346409660839e+00,9.699889372117870279e-01
1.817407346409660729e+00,9.697453032054760280e-01
1.818407346409660619e+00,9.695006994539426826e-01
1.819407346409660509e+00,9.692551262017906621e-01
1.820407346409660398e+00,9.690085836945931952e-01
1.821407346409660288e+00,9.687610721788927348e-01
1.822407346409660178e+00,9.685125919022008478e-01
1.823407346409660068e+00,9.682631431129977706e-01
1.824407346409659958e+00,9.680127260607322981e-01
1.825407346409659848e+00,9.677613409958214508e-01
1.826407346409659738e+00,9.675089881696502525e-01
1.827407346409659628e+00,9.672556678345713976e-01
1.828407346409659517e+00,9.670013802439053618e-01
1.829407346409659407e+00,9.667461256519397361e-01
1.830407346409659297e+00,9.664899043139290047e-01
1.831407346409659187e+00,9.662327164860944340e-01
1.832407346409659077e+00,9.659745624256239616e-01
1.833407346409658967e+00,9.657154423906715301e-01
1.834407346409658857e+00,9.654553566403571985e-01
1.835407346409658746e+00,9.651943054347666973e-01
1.836407346409658636e+00,9.649322890349512072e-01
1.837407346409658526e+00,9.646693077029270258e-01
1.838407346409658416e+00,9.644053617016755675e-01
1.839407346409658306e+00,9.641404512951428085e-01
1.840407346409658196e+00,9.638745767482390647e-01
1.841407346409658086e+00,9.636077383268388807e-01
1.842407346409657976e+00,9.633399362977806968e-01
1.843407346409657865e+00,9.630711709288665157e-01
1.844407346409657755e+00,9.628014424888615697e-01
1.845407346409657645e+00,9.625307512474944316e-01
1.846407346409657535e+00,9.622590974754562376e-01
1.847407346409657425e+00,9.619864814444007983e-01
1.848407346409657315e+00,9.617129034269440435e-01
1.849407346409657205e+00,9.614383636966640223e-01
1.850407346409657094e+00,9.611628625281004590e-01
1.851407346409656984e+00,9.608864001967544199e-01
1.852407346409656874e+00,9.606089769790883137e-01
1.853407346409656764e+00,9.603305931525252248e-01
1.854407346409656654e+00,9.600512489954489137e-01
1.855407346409656544e+00,9.597709447872038169e-01
1.856407346409656434e+00,9.594896808080937145e-01
1.857407346409656324e+00,9.592074573393829517e-01
1.858407346409656213e+00,9.589242746632946623e-01
1.859407346409656103e+00,9.586401330630116568e-01
1.860407346409655993e+00,9.583550328226754234e-01
1.861407346409655883e+00,9.580689742273862386e-01
1.862407346409655773e+00,9.577819575632027238e-01
1.863407346409655663e+00,9.574939831171415117e-01
1.864407346409655553e+00,9.572050511771768022e-01
1.865407346409655442e+00,9.569151620322408069e-01
1.866407346409655332e+00,9.566243159722225275e-01
1.867407346409655222e+00,9.563325132879679780e-01
1.868407346409655112e+00,9.560397542712797403e-01
1.869407346409655002e+00,9.557460392149170758e-01
1.870407346409654892e+00,9.554513684125947037e-01
1.871407346409654782e+00,9.551557421589835783e-01
1.872407346409654672e+00,9.548591607497098899e-01
1.873407346409654561e+00,9.545616244813550644e-01
1.874407346409654451e+00,9.542631336514552087e-01
1.875407346409654341e+00,9.539636885585013326e-01
1.876407346409654231e+00,9.536632895019383493e-01
1.877407346409654121e+00,9.533619367821652979e-01
1.878407346409654011e+00,9.530596307005350099e-01
1.879407346409653901e+00,9.527563715593533322e-01
1.880407346409653790e+00,9.524521596618795716e-01
1.881407346409653680e+00,9.521469953123254948e-01
1.882407346409653570e+00,9.518408788158554401e-01
1.883407346409653460e+00,9.515338104785858730e-01
1.884407346409653350e+00,9.512257906075851643e-01
1.885407346409653240e+00,9.509168195108730348e-01
1.886407346409653130e+00,9.506068974974207775e-01
1.887407346409653019e+00,9.502960248771501472e-01
1.888407346409652909e+00,9.499842019609338051e-01
1.889407346409652799e+00,9.496714290605947628e-01
1.890407346409652689e+00,9.493577064889057171e-01
1.891407346409652579e+00,9.490430345595893824e-01
1.892407346409652469e+00,9.487274135873174918e-01
1.893407346409652359e+00,9.484108438877111302e-01
1.894407346409652249e+00,9.480933257773398459e-01
1.895407346409652138e+00,9.477748595737218729e-01
1.896407346409652028e+00,9.474554455953232424e-01
1.897407346409651918e+00,9.471350841615580052e-01
1.898407346409651808e+00,9.468137755927874544e-01
1.899407346409651698e+00,9.464915202103203473e-01
1.900407346409651588e+00,9.461683183364117955e-01
1.901407346409651478e+00,9.458441702942638196e-01
1.902407346409651367e+00,9.455190764080243504e-01
1.903407346409651257e+00,9.451930370027872286e-01
1.904407346409651147e+00,9.448660524045919828e-01
1.905407346409651037e+00,9.445381229404229417e-01
1.906407346409650927e+00,9.442092489382097886e-01
1.907407346409650817e+00,9.438794307268262296e-01
1.908407346409650707e+00,9.435486686360907704e-01
1.909407346409650597e+00,9.432169629967651625e-01
1.910407346409650486e+00,9.428843141405552908e-01
1.911407346409650376e+00,9.425507224001097306e-01
1.912407346409650266e+00,9.422161881090204139e-01
1.913407346409650156e+00,9.418807116018214076e-01
1.914407346409650046e+00,9.415442932139893584e-01
1.915407346409649936e+00,9.412069332819424927e-01
1.916407346409649826e+00,9.408686321430408395e-01
1.917407346409649715e+00,9.405293901355854524e-01
1.918407346409649605e+00,9.401892075988182995e-01
1.919407346409649495e+00,9.398480848729219295e-01
1.920407346409649385e+00,9.395060222990189169e-01
1.921407346409649275e+00,9.391630202191719734e-01
1.922407346409649165e+00,9.388190789763830590e-01
1.923407346409649055e+00,9.384741989145933827e-01
1.924407346409648945e+00,9.381283803786830688e-01
1.925407346409648834e+00,9.377816237144704914e-01
1.926407346409648724e+00,9.374339292687122738e-01
1.927407346409648614e+00,9.370852973891030668e-01
1.928407346409648504e+00,9.367357284242744386e-01
1.929407346409648394e+00,9.363852227237955406e-01
1.930407346409648284e+00,9.360337806381718861e-01
1.931407346409648174e+00,9.356814025188455730e-01
1.932407346409648063e+00,9.353280887181947278e-01
1.933407346409647953e+00,9.349738395895331733e-01
1.934407346409647843e+00,9.346186554871098728e-01
1.935407346409647733e+00,9.342625367661090419e-01
1.936407346409647623e+00,9.339054837826492594e-01
1.937407346409647513e+00,9.335474968937834683e-01
1.938407346409647403e+00,9.331885764574986419e-01
1.939407346409647293e+00,9.328287228327151182e-01
1.940407346409647182e+00,9.324679363792864883e-01
1.941407346409647072e+00,9.321062174579992643e-01
1.942407346409646962e+00,9.317435664305721010e-01
1.943407346409646852e+00,9.313799836596562409e-01
1.944407346409646742e+00,9.310154695088344035e-01
1.945407346409646632e+00,9.306500243426205632e-01
1.946407346409646522e+00,9.302836485264599498e-01
1.947407346409646411e+00,9.299163424267282707e-01
1.948407346409646301e+00,9.295481064107317115e-01
1.949407346409646191e+00,9.291789408467061584e-01
1.950407346409646081e+00,9.288088461038173094e-01
1.951407346409645971e+00,9.284378225521596750e-01
1.952407346409645861e+00,9.280658705627568006e-01
1.953407346409645751e+00,9.276929905075608218e-01
1.954407346409645641e+00,9.273191827594515768e-01
1.955407346409645530e+00,9.269444476922368281e-01
1.956407346409645420e+00,9.265687856806517075e-01
1.957407346409645310e+00,9.261921971003580500e-01
1.958407346409645200e+00,9.258146823279445048e-01
1.959407346409645090e+00,9.254362417409258690e-01
1.960407346409644980e+00,9.250568757177425327e-01
1.961407346409644870e+00,9.246765846377604792e-01
1.962407346409644759e+00,9.242953688812709512e-01
1.963407346409644649e+00,9.239132288294895634e-01
1.964407346409644539e+00,9.235301648645563022e-01
1.965407346409644429e+00,9.231461773695351924e-01
1.966407346409644319e+00,9.227612667284136316e-01
1.967407346409644209e+00,9.223754333261021676e-01
1.968407346409644099e+00,9.219886775484342767e-01
1.969407346409643988e+00,9.216009997821656974e-01
1.970407346409643878e+00,9.212124004149740975e-01
1.971407346409643768e+00,9.208228798354588518e-01
1.972407346409643658e+00,9.204324384331405984e-01
1.973407346409643548e+00,9.200410765984604611e-01
1.974407346409643438e+00,9.196487947227804938e-01
1.975407346409643328e+00,9.192555931983824591e-01
1.976407346409643218e+00,9.188614724184677174e-01
1.977407346409643107e+00,9.184664327771572268e-01
1.978407346409642997e+00,9.180704746694905438e-01
1.979407346409642887e+00,9.176735984914256017e-01
1.980407346409642777e+00,9.172758046398387100e-01
1.981407346409642667e+00,9.168770935125235555e-01
1.982407346409642557e+00,9.164774655081913135e-01
1.983407346409642447e+00,9.160769210264699813e-01
1.984407346409642336e+00,9.156754604679039344e-01
1.985407346409642226e+00,9.152730842339537043e-01
1.986407346409642116e+00,9.148697927269955343e-01
1.987407346409642006e+00,9.144655863503208248e-01
1.988407346409641896e+00,9.140604655081360219e-01
1.989407346409641786e+00,9.136544306055618403e-01
1.990407346409641676e+00,9.132474820486332634e-01
1.991407346409641566e+00,9.128396202442986551e-01
1.992407346409641455e+00,9.124308456004199819e-01
1.993407346409641345e+00,9.120211585257717024e-01
1.994407346409641235e+00,9.116105594300408788e-01
1.995407346409641125e+00,9.111990487238265102e-01
1.996407346409641015e+00,9.107866268186394221e-01
1.997407346409640905e+00,9.103732941269014889e-01
1.998407346409640795e+00,9.099590510619451900e-01
1.999407346409640684e+00,9.095438980380137206e-01
2.000407346409640574e+00,9.091278354702599929e-01
2.001407346409640464e+00,9.087108637747465245e-01
2.002407346409640354e+00,9.082929833684451060e-01
2.003407346409640244e+00,9.078741946692359122e-01
2.004407346409640134e+00,9.074544980959077245e-01
2.005407346409640024e+00,9.070338940681570428e-01
2.006407346409639914e+00,9.066123830065879741e-01
2.007407346409639803e+00,9.061899653327113446e-01
2.008407346409639693e+00,9.057666414689449219e-01
2.009407346409639583e+00,9.053424118386125263e-01
2.010407346409639473e+00,9.049172768659438093e-01
2.011407346409639363e+00,9.044912369760734761e-01
2.012407346409639253e+00,9.040642925950416187e-01
2.013407346409639143e+00,9.036364441497926059e-01
2.014407346409639032e+00,9.032076920681746390e-01
2.015407346409638922e+00,9.027780367789398630e-01
2.016407346409638812e+00,9.023474787117435891e-01
2.017407346409638702e+00,9.019160182971437401e-01
2.018407346409638592e+00,9.014836559666008498e-01
2.019407346409638482e+00,9.010503921524769533e-01
2.020407346409638372e+00,9.006162272880361419e-01
2.021407346409638262e+00,9.001811618074430088e-01
2.022407346409638151e+00,8.997451961457632041e-01
2.023407346409638041e+00,8.993083307389621028e-01
2.024407346409637931e+00,8.988705660239052486e-01
2.025407346409637821e+00,8.984319024383573549e-01
2.026407346409637711e+00,8.979923404209817495e-01
2.027407346409637601e+00,8.975518804113405968e-01
2.028407346409637491e+00,8.971105228498938988e-01
2.029407346409637380e+00,8.966682681779990505e-01
2.030407346409637270e+00,8.962251168379107291e-01
2.031407346409637160e+00,8.957810692727803392e-01
2.032407346409637050e+00,8.953361259266552352e-01
2.033407346409636940e+00,8.948902872444789436e-01
2.034407346409636830e+00,8.944435536720898305e-01
2.035407346409636720e+00,8.939959256562216572e-01
2.036407346409636610e+00,8.935474036445023582e-01
2.037407346409636499e+00,8.930979880854538200e-01
2.038407346409636389e+00,8.926476794284916583e-01
2.039407346409636279e+00,8.921964781239244413e-01
2.040407346409636169e+00,8.917443846229534676e-01
2.041407346409636059e+00,8.912913993776721000e-01
2.042407346409635949e+00,8.908375228410657654e-01
2.043407346409635839e+00,8.903827554670107336e-01
2.044407346409635728e+00,8.899270977102744506e-01
2.045407346409635618e+00,8.894705500265145393e-01
2.046407346409635508e+00,8.890131128722787990e-01
2.047407346409635398e+00,8.885547867050043180e-01
2.048407346409635288e+00,8.880955719830171402e-01
2.049407346409635178e+00,8.876354691655319318e-01
2.050407346409635068e+00,8.871744787126516485e-01
2.051407346409634957e+00,8.867126010853665363e-01
2.052407346409634847e+00,8.862498367455541315e-01
2.053407346409634737e+00,8.857861861559789274e-01
2.054407346409634627e+00,8.853216497802913754e-01
2.055407346409634517e+00,8.848562280830278848e-01
2.056407346409634407e+00,8.843899215296099348e-01
2.057407346409634297e+00,8.839227305863441853e-01
2.058407346409634187e+00,8.834546557204214778e-01
2.059407346409634076e+00,8.829856973999167247e-01
2.060407346409633966e+00,8.825158560937882424e-01
2.061407346409633856e+00,8.820451322718770859e-01
2.062407346409633746e+00,8.815735264049071596e-01
2.063407346409633636e+00,8.811010389644843288e-01
2.064407346409633526e+00,8.806276704230959762e-01
2.065407346409633416e+00,8.801534212541105573e-01
2.066407346409633305e+00,8.796782919317771565e-01
2.067407346409633195e+00,8.792022829312252652e-01
2.068407346409633085e+00,8.787253947284636713e-01
2.069407346409632975e+00,8.782476278003805703e-01
2.070407346409632865e+00,8.777689826247427884e-01
2.071407346409632755e+00,8.772894596801955602e-01
2.072407346409632645e+00,8.768090594462618625e-01
2.073407346409632535e+00,8.763277824033417485e-01
2.074407346409632424e+00,8.758456290327121252e-01
2.075407346409632314e+00,8.753625998165265321e-01
2.076407346409632204e+00,8.748786952378141413e-01
2.077407346409632094e+00,8.743939157804794249e-01
2.078407346409631984e+00,8.739082619293017107e-01
2.079407346409631874e+00,8.734217341699348491e-01
2.080407346409631764e+00,8.729343329889066583e-01
2.081407346409631653e+00,8.724460588736182576e-01
2.082407346409631543e+00,8.719569123123437349e-01
2.083407346409631433e+00,8.714668937942294802e-01
2.084407346409631323e+00,8.709760038092940748e-01
2.085407346409631213e+00,8.704842428484274031e-01
2.086407346409631103e+00,8.699916114033904302e-01
2.087407346409630993e+00,8.694981099668146474e-01
2.088407346409630883e+00,8.690037390322011834e-01
2.089407346409630772e+00,8.685084990939212490e-01
2.090407346409630662e+00,8.680123906472145823e-01
2.091407346409630552e+00,8.675154141881895598e-01
2.092407346409630442e+00,8.670175702138226415e-01
2.093407346409630332e+00,8.665188592219578156e-01
2.094407346409630222e+00,8.660192817113059327e-01
2.095407346409630112e+00,8.655188381814444831e-01
2.096407346409630001e+00,8.650175291328170424e-01
2.097407346409629891e+00,8.645153550667324938e-01
2.098407346409629781e+00,8.640123164853650284e-01
2.099407346409629671e+00,8.635084138917529240e-01
2.100407346409629561e+00,8.630036477897989888e-01
2.101407346409629451e+00,8.624980186842691188e-01
2.102407346409629341e+00,8.619915270807925189e-01
2.103407346409629231e+00,8.614841734858605937e-01
2.104407346409629120e+00,8.609759584068270577e-01
2.105407346409629010e+00,8.604668823519068255e-01
2.106407346409628900e+00,8.599569458301759006e-01
2.107407346409628790e+00,8.594461493515708206e-01
2.108407346409628680e+00,8.589344934268879905e-01
2.109407346409628570e+00,8.584219785677834613e-01
2.110407346409628460e+00,8.579086052867717083e-01
2.111407346409628349e+00,8.573943740972262972e-01
2.112407346409628239e+00,8.568792855133782194e-01
2.113407346409628129e+00,8.563633400503160020e-01
2.114407346409628019e+00,8.558465382239850427e-01
2.115407346409627909e+00,8.553288805511872761e-01
2.116407346409627799e+00,8.548103675495801745e-01
2.117407346409627689e+00,8.542909997376767484e-01
2.118407346409627579e+00,8.537707776348448796e-01
2.119407346409627468e+00,8.532497017613064338e-01
2.120407346409627358e+00,8.527277726381372602e-01
2.121407346409627248e+00,8.522049907872666363e-01
2.122407346409627138e+00,8.516813567314762690e-01
2.123407346409627028e+00,8.511568709943999611e-01
2.124407346409626918e+00,8.506315341005237229e-01
2.125407346409626808e+00,8.501053465751843286e-01
2.126407346409626697e+00,8.495783089445690939e-01
2.127407346409626587e+00,8.490504217357157657e-01
2.128407346409626477e+00,8.485216854765114114e-01
2.129407346409626367e+00,8.479921006956923080e-01
2.130407346409626257e+00,8.474616679228431648e-01
2.131407346409626147e+00,8.469303876883967908e-01
2.132407346409626037e+00,8.463982605236332057e-01
2.133407346409625926e+00,8.458652869606796409e-01
2.134407346409625816e+00,8.453314675325096506e-01
2.135407346409625706e+00,8.447968027729426677e-01
2.136407346409625596e+00,8.442612932166431161e-01
2.137407346409625486e+00,8.437249393991208546e-01
2.138407346409625376e+00,8.431877418567294002e-01
2.139407346409625266e+00,8.426497011266663728e-01
2.140407346409625156e+00,8.421108177469724954e-01
2.141407346409625045e+00,8.415710922565310392e-01
2.142407346409624935e+00,8.410305251950673799e-01
2.143407346409624825e+00,8.404891171031486641e-01
2.144407346409624715e+00,8.399468685221829212e-01
2.145407346409624605e+00,8.394037799944186196e-01
2.146407346409624495e+00,8.388598520629442223e-01
2.147407346409624385e+00,8.383150852716877433e-01
2.148407346409624274e+00,8.377694801654158585e-01
2.149407346409624164e+00,8.372230372897335737e-01
2.150407346409624054e+00,8.366757571910837799e-01
2.151407346409623944e+00,8.361276404167465870e-01
2.152407346409623834e+00,8.355786875148385473e-01
2.153407346409623724e+00,8.350288990343126549e-01
2.154407346409623614e+00,8.344782755249573469e-01
2.155407346409623504e+00,8.339268175373960590e-01
2.156407346409623393e+00,8.333745256230866705e-01
2.157407346409623283e+00,8.328214003343211713e-01
2.158407346409623173e+00,8.322674422242246628e-01
2.159407346409623063e+00,8.317126518467553575e-01
2.160407346409622953e+00,8.311570297567034693e-01
2.161407346409622843e+00,8.306005765096911020e-01
2.162407346409622733e+00,8.300432926621714724e-01
2.163407346409622622e+00,8.294851787714283553e-01
2.164407346409622512e+00,8.289262353955755280e-01
2.165407346409622402e+00,8.283664630935564377e-01
2.166407346409622292e+00,8.278058624251433129e-01
2.167407346409622182e+00,8.272444339509366085e-01
2.168407346409622072e+00,8.266821782323650059e-01
2.169407346409621962e+00,8.261190958316840804e-01
2.170407346409621852e+00,8.255551873119760797e-01
2.171407346409621741e+00,8.249904532371495902e-01
2.172407346409621631e+00,8.244248941719386492e-01
2.173407346409621521e+00,8.238585106819021897e-01
2.174407346409621411e+00,8.232913033334237074e-01
2.175407346409621301e+00,8.227232726937105944e-01
2.176407346409621191e+00,8.221544193307932513e-01
2.177407346409621081e+00,8.215847438135250869e-01
2.178407346409620970e+00,8.210142467115816300e-01
2.179407346409620860e+00,8.204429285954598638e-01
2.180407346409620750e+00,8.198707900364778922e-01
2.181407346409620640e+00,8.192978316067741629e-01
2.182407346409620530e+00,8.187240538793071343e-01
2.183407346409620420e+00,8.181494574278543874e-01
2.184407346409620310e+00,8.175740428270124038e-01
2.185407346409620200e+00,8.169978106521957884e-01
2.186407346409620089e+00,8.164207614796366030e-01
2.187407346409619979e+00,8.158428958863839231e-01
2.188407346409619869e+00,8.152642144503033927e-01
2.189407346409619759e+00,8.146847177500763371e-01
2.190407346409619649e+00,8.141044063651993179e-01
2.191407346409619539e+00,8.135232808759839118e-01
2.192407346409619429e+00,8.129413418635553779e-01
2.193407346409619318e+00,8.123585899098527685e-01
2.194407346409619208e+00,8.117750255976278195e-01
2.195407346409619098e+00,8.111906495104450610e-01
2.196407346409618988e+00,8.106054622326803738e-01
2.197407346409618878e+00,8.100194643495208791e-01
2.198407346409618768e+00,8.094326564469647156e-01
2.199407346409618658e+00,8.088450391118193750e-01
2.200407346409618548e+00,8.082566129317024783e-01
2.201407346409618437e+00,8.076673784950398893e-01
2.202407346409618327e+00,8.070773363910661580e-01
2.203407346409618217e+00,8.064864872098232995e-01
2.204407346409618107e+00,8.058948315421604613e-01
2.205407346409617997e+00,8.053023699797332569e-01
2.206407346409617887e+00,8.047091031150030993e-01
2.207407346409617777e+00,8.041150315412369798e-01
2.208407346409617666e+00,8.035201558525062460e-01
2.209407346409617556e+00,8.029244766436867131e-01
2.210407346409617446e+00,8.023279945104573319e-01
2.211407346409617336e+00,8.017307100493004102e-01
2.212407346409617226e+00,8.011326238575001701e-01
2.213407346409617116e+00,8.005337365331428590e-01
2.214407346409617006e+00,7.999340486751157497e-01
2.215407346409616895e+00,7.993335608831065864e-01
2.216407346409616785e+00,7.987322737576031395e-01
2.217407346409616675e+00,7.981301878998925403e-01
2.218407346409616565e+00,7.975273039120605034e-01
2.219407346409616455e+00,7.969236223969911048e-01
2.220407346409616345e+00,7.963191439583656717e-01
2.221407346409616235e+00,7.957138692006625602e-01
2.222407346409616125e+00,7.951077987291566007e-01
2.223407346409616014e+00,7.945009331499183203e-01
2.224407346409615904e+00,7.938932730698129436e-01
2.225407346409615794e+00,7.932848190965006152e-01
2.226407346409615684e+00,7.926755718384353999e-01
2.227407346409615574e+00,7.920655319048643950e-01
2.228407346409615464e+00,7.914546999058275079e-01
2.229407346409615354e+00,7.908430764521565681e-01
2.230407346409615243e+00,7.902306621554752164e-01
2.231407346409615133e+00,7.896174576281974611e-01
2.232407346409615023e+00,7.890034634835279004e-01
2.233407346409614913e+00,7.883886803354606121e-01
2.234407346409614803e+00,7.877731087987787095e-01
2.235407346409614693e+00,7.871567494890535643e-01
2.236407346409614583e+00,7.865396030226446955e-01
2.237407346409614473e+00,7.859216700166982150e-01
2.238407346409614362e+00,7.853029510891472720e-01
2.239407346409614252e+00,7.846834468587106093e-01
2.240407346409614142e+00,7.840631579448925637e-01
2.241407346409614032e+00,7.834420849679818444e-01
2.242407346409613922e+00,7.828202285490514223e-01
2.243407346409613812e+00,7.821975893099578636e-01
2.244407346409613702e+00,7.815741678733399977e-01
2.245407346409613591e+00,7.809499648626194723e-01
2.246407346409613481e+00,7.803249809019990879e-01
2.247407346409613371e+00,7.796992166164629090e-01
2.248407346409613261e+00,7.790726726317750428e-01
2.249407346409613151e+00,7.784453495744795282e-01
2.250407346409613041e+00,7.778172480718992254e-01
2.251407346409612931e+00,7.771883687521357054e-01
2.252407346409612821e+00,7.765587122440681389e-01
2.253407346409612710e+00,7.759282791773531862e-01
2.254407346409612600e+00,7.752970701824235533e-01
2.255407346409612490e+00,7.746650858904885473e-01
2.256407346409612380e+00,7.740323269335319667e-01
2.257407346409612270e+00,7.733987939443131010e-01
2.258407346409612160e+00,7.727644875563647320e-01
2.259407346409612050e+00,7.721294084039932448e-01
2.260407346409611939e+00,7.714935571222776289e-01
2.261407346409611829e+00,7.708569343470691448e-01
2.262407346409611719e+00,7.702195407149906581e-01
2.263407346409611609e+00,7.695813768634355290e-01
2.264407346409611499e+00,7.689424434305677236e-01
2.265407346409611389e+00,7.683027410553205927e-01
2.266407346409611279e+00,7.676622703773964274e-01
2.267407346409611169e+00,7.670210320372657931e-01
2.268407346409611058e+00,7.663790266761670855e-01
2.269407346409610948e+00,7.657362549361056425e-01
2.270407346409610838e+00,7.650927174598529668e-01
2.271407346409610728e+00,7.644484148909466148e-01
2.272407346409610618e+00,7.638033478736890869e-01
2.273407346409610508e+00,7.631575170531472718e-01
2.274407346409610398e+00,7.625109230751521139e-01
2.275407346409610287e+00,7.618635665862972806e-01
2.276407346409610177e+00,7.612154482339394956e-01
2.277407346409610067e+00,7.605665686661968738e-01
2.278407346409609957e+00,7.599169285319489209e-01
2.279407346409609847e+00,7.592665284808357562e-01
2.280407346409609737e+00,7.586153691632574469e-01
2.281407346409609627e+00,7.579634512303731197e-01
2.282407346409609517e+00,7.573107753341008497e-01
2.283407346409609406e+00,7.566573421271162170e-01
2.284407346409609296e+00,7.560031522628525291e-01
2.285407346409609186e+00,7.553482063954995995e-01
2.286407346409609076e+00,7.546925051800033035e-01
2.287407346409608966e+00,7.540360492720646901e-01
2.288407346409608856e+00,7.533788393281395379e-01
2.289407346409608746e+00,7.527208760054379111e-01
2.290407346409608635e+00,7.520621599619230491e-01
2.291407346409608525e+00,7.514026918563108115e-01
2.292407346409608415e+00,7.507424723480693451e-01
2.293407346409608305e+00,7.500815020974180847e-01
2.294407346409608195e+00,7.494197817653273086e-01
2.295407346409608085e+00,7.487573120135171401e-01
2.296407346409607975e+00,7.480940935044574358e-01
2.297407346409607865e+00,7.474301269013665650e-01
2.298407346409607754e+00,7.467654128682109649e-01
2.299407346409607644e+00,7.460999520697048082e-01
2.300407346409607534e+00,7.454337451713087814e-01
2.301407346409607424e+00,7.447667928392296410e-01
2.302407346409607314e+00,7.440990957404197692e-01
2.303407346409607204e+00,7.434306545425761747e-01
2.304407346409607094e+00,7.427614699141399379e-01
2.305407346409606983e+00,7.420915425242957664e-01
2.306407346409606873e+00,7.414208730429707739e-01
2.307407346409606763e+00,7.407494621408345914e-01
2.308407346409606653e+00,7.400773104892980347e-01
2.309407346409606543e+00,7.394044187605126606e-01
2.310407346409606433e+00,7.387307876273701002e-01
2.311407346409606323e+00,7.380564177635015044e-01
2.312407346409606212e+00,7.373813098432766555e-01
2.313407346409606102e+00,7.367054645418034120e-01
2.314407346409605992e+00,7.360288825349269315e-01
2.315407346409605882e+00,7.353515644992293376e-01
2.316407346409605772e+00,7.346735111120286099e-01
2.317407346409605662e+00,7.339947230513778065e-01
2.318407346409605552e+00,7.333152009960652862e-01
2.319407346409605442e+00,7.326349456256127102e-01
2.320407346409605331e+00,7.319539576202757081e-01
2.321407346409605221e+00,7.312722376610419905e-01
2.322407346409605111e+00,7.305897864296315714e-01
2.323407346409605001e+00,7.299066046084956572e-01
2.324407346409604891e+00,7.292226928808158704e-01
2.325407346409604781e+00,7.285380519305041380e-01
2.326407346409604671e+00,7.278526824422010266e-01
2.327407346409604560e+00,7.271665851012761861e-01
2.328407346409604450e+00,7.264797605938267955e-01
2.329407346409604340e+00,7.257922096066774520e-01
2.330407346409604230e+00,7.251039328273788387e-01
2.331407346409604120e+00,7.244149309442079465e-01
2.332407346409604010e+00,7.237252046461664090e-01
2.333407346409603900e+00,7.230347546229806133e-01
2.334407346409603790e+00,7.223435815651003677e-01
2.335407346409603679e+00,7.216516861636987912e-01
2.336407346409603569e+00,7.209590691106712024e-01
2.337407346409603459e+00,7.202657310986345651e-01
2.338407346409603349e+00,7.195716728209268220e-01
2.339407346409603239e+00,7.188768949716062284e-01
2.340407346409603129e+00,7.181813982454505751e-01
2.341407346409603019e+00,7.174851833379565225e-01
2.342407346409602908e+00,7.167882509453389339e-01
2.343407346409602798e+00,7.160906017645302102e-01
2.344407346409602688e+00,7.153922364931792899e-01
2.345407346409602578e+00,7.146931558296514275e-01
2.346407346409602468e+00,7.139933604730275274e-01
2.347407346409602358e+00,7.132928511231024782e-01
2.348407346409602248e+00,7.125916284803858192e-01
2.349407346409602138e+00,7.118896932460999638e-01
2.350407346409602027e+00,7.111870461221803108e-01
2.351407346409601917e+00,7.104836878112736898e-01
2.352407346409601807e+00,7.097796190167385832e-01
2.353407346409601697e+00,7.090748404426434615e-01
2.354407346409601587e+00,7.083693527937671153e-01
2.355407346409601477e+00,7.076631567755968799e-01
2.356407346409601367e+00,7.069562530943289680e-01
2.357407346409601256e+00,7.062486424568668042e-01
2.358407346409601146e+00,7.055403255708211363e-01
2.359407346409601036e+00,7.048313031445085919e-01
2.360407346409600926e+00,7.041215758869516783e-01
2.361407346409600816e+00,7.034111445078774505e-01
2.362407346409600706e+00,7.027000097177175109e-01
2.363407346409600596e+00,7.019881722276062330e-01
2.364407346409600486e+00,7.012756327493814279e-01
2.365407346409600375e+00,7.005623919955821233e-01
2.366407346409600265e+00,6.998484506794493409e-01
2.367407346409600155e+00,6.991338095149240983e-01
2.368407346409600045e+00,6.984184692166476305e-01
2.369407346409599935e+00,6.977024304999601689e-01
2.370407346409599825e+00,6.969856940809003865e-01
2.371407346409599715e+00,6.962682606762045090e-01
2.372407346409599604e+00,6.955501310033060935e-01
2.373407346409599494e+00,6.948313057803345849e-01
2.374407346409599384e+00,6.941117857261150936e-01
2.375407346409599274e+00,6.933915715601678409e-01
2.376407346409599164e+00,6.926706640027068262e-01
2.377407346409599054e+00,6.919490637746394945e-01
2.378407346409598944e+00,6.912267715975660698e-01
2.379407346409598834e+00,6.905037881937785560e-01
2.380407346409598723e+00,6.897801142862605150e-01
2.381407346409598613e+00,6.890557505986856235e-01
2.382407346409598503e+00,6.883306978554175615e-01
2.383407346409598393e+00,6.876049567815090136e-01
2.384407346409598283e+00,6.868785281027008915e-01
2.385407346409598173e+00,6.861514125454220014e-01
2.386407346409598063e+00,6.854236108367877112e-01
2.387407346409597952e+00,6.846951237045997285e-01
2.388407346409597842e+00,6.839659518773451019e-01
2.389407346409597732e+00,6.832360960841955544e-01
2.390407346409597622e+00,6.825055570550068174e-01
2.391407346409597512e+00,6.817743355203179645e-01
2.392407346409597402e+00,6.810424322113504125e-01
2.393407346409597292e+00,6.803098478600073662e-01
2.394407346409597181e+00,6.795765831988732630e-01
2.395407346409597071e+00,6.788426389612125522e-01
2.396407346409596961e+00,6.781080158809693614e-01
2.397407346409596851e+00,6.773727146927668308e-01
2.398407346409596741e+00,6.766367361319061136e-01
2.399407346409596631e+00,6.759000809343655991e-01
2.400407346409596521e+00,6.751627498368004687e-01
2.401407346409596411e+00,6.744247435765418075e-01
2.402407346409596300e+00,6.736860628915957161e-01
2.403407346409596190e+00,6.729467085206428667e-01
2.404407346409596080e+00,6.722066812030376148e-01
2.405407346409595970e+00,6.714659816788072222e-01
2.406407346409595860e+00,6.707246106886510795e-01
2.407407346409595750e+00,6.699825689739400403e-01
2.408407346409595640e+00,6.692398572767159770e-01
2.409407346409595529e+00,6.684964763396903376e-01
2.410407346409595419e+00,6.677524269062441453e-01
2.411407346409595309e+00,6.670077097204266670e-01
2.412407346409595199e+00,6.662623255269550793e-01
2.413407346409595089e+00,6.655162750712133590e-01
2.414407346409594979e+00,6.647695590992521719e-01
2.415407346409594869e+00,6.640221783577872072e-01
2.416407346409594759e+00,6.632741335941991778e-01
2.417407346409594648e+00,6.625254255565329320e-01
2.418407346409594538e+00,6.617760549934962322e-01
2.419407346409594428e+00,6.610260226544597550e-01
2.420407346409594318e+00,6.602753292894557591e-01
2.421407346409594208e+00,6.595239756491774186e-01
2.422407346409594098e+00,6.587719624849783795e-01
2.423407346409593988e+00,6.580192905488717603e-01
2.424407346409593877e+00,6.572659605935294858e-01
2.425407346409593767e+00,6.565119733722813988e-01
2.426407346409593657e+00,6.557573296391145945e-01
2.427407346409593547e+00,6.550020301486727536e-01
2.428407346409593437e+00,6.542460756562553659e-01
2.429407346409593327e+00,6.534894669178169524e-01
2.430407346409593217e+00,6.527322046899659558e-01
2.431407346409593107e+00,6.519742897299647399e-01
2.432407346409592996e+00,6.512157227957281469e-01
2.433407346409592886e+00,6.504565046458229416e-01
2.434407346409592776e+00,6.496966360394673679e-01
2.435407346409592666e+00,6.489361177365298161e-01
2.436407346409592556e+00,6.481749504975286014e-01
2.437407346409592446e+00,6.474131350836309640e-01
2.438407346409592336e+00,6.466506722566521814e-01
2.439407346409592225e+00,6.458875627790550134e-01
2.440407346409592115e+00,6.451238074139489242e-01
2.441407346409592005e+00,6.443594069250891954e-01
2.442407346409591895e+00,6.435943620768762585e-01
2.443407346409591785e+00,6.428286736343548080e-01
2.444407346409591675e+00,6.420623423632132454e-01
2.445407346409591565e+00,6.412953690297829024e-01
2.446407346409591455e+00,6.405277544010369306e-01
2.447407346409591344e+00,6.397594992445899686e-01
2.448407346409591234e+00,6.389906043286971427e-01
2.449407346409591124e+00,6.382210704222531783e-01
2.450407346409591014e+00,6.374508982947919566e-01
2.451407346409590904e+00,6.366800887164855149e-01
2.452407346409590794e+00,6.359086424581434915e-01
2.453407346409590684e+00,6.351365602912120156e-01
2.454407346409590573e+00,6.343638429877730411e-01
2.455407346409590463e+00,6.335904913205441247e-01
2.456407346409590353e+00,6.328165060628765382e-01
2.457407346409590243e+00,6.320418879887557129e-01
2.458407346409590133e+00,6.312666378727995742e-01
2.459407346409590023e+00,6.304907564902580974e-01
2.460407346409589913e+00,6.297142446170127528e-01
2.461407346409589803e+00,6.289371030295751730e-01
2.462407346409589692e+00,6.281593325050870424e-01
2.463407346409589582e+00,6.273809338213187647e-01
2.464407346409589472e+00,6.266019077566689077e-01
2.465407346409589362e+00,6.258222550901635373e-01
2.466407346409589252e+00,6.250419766014552181e-01
2.467407346409589142e+00,6.242610730708223477e-01
2.468407346409589032e+00,6.234795452791684900e-01
2.469407346409588921e+00,6.226973940080212655e-01
2.470407346409588811e+00,6.219146200395320179e-01
2.471407346409588701e+00,6.211312241564744818e-01
2.472407346409588591e+00,6.203472071422445611e-01
2.473407346409588481e+00,6.195625697808591070e-01
2.474407346409588371e+00,6.187773128569555858e-01
2.475407346409588261e+00,6.179914371557907460e-01
2.476407346409588150e+00,6.172049434632402853e-01
2.477407346409588040e+00,6.164178325657978519e-01
2.478407346409587930e+00,6.156301052505741556e-01
2.479407346409587820e+00,6.148417623052964132e-01
2.480407346409587710e+00,6.140528045183077932e-01
2.481407346409587600e+00,6.132632326785656396e-01
2.482407346409587490e+00,6.124730475756420267e-01
2.483407346409587380e+00,6.116822499997218721e-01
2.484407346409587269e+00,6.108908407416027142e-01
2.485407346409587159e+00,6.100988205926936025e-01
2.486407346409587049e+00,6.093061903450148753e-01
2.487407346409586939e+00,6.085129507911964941e-01
2.488407346409586829e+00,6.077191027244780441e-01
2.489407346409586719e+00,6.069246469387075127e-01
2.490407346409586609e+00,6.061295842283406232e-01
2.491407346409586498e+00,6.053339153884400581e-01
2.492407346409586388e+00,6.045376412146745704e-01
2.493407346409586278e+00,6.037407625033180958e-01
2.494407346409586168e+00,6.029432800512495305e-01
2.495407346409586058e+00,6.021451946559511770e-01
2.496407346409585948e+00,6.013465071155082997e-01
2.497407346409585838e+00,6.005472182286084593e-01
2.498407346409585728e+00,5.997473287945405129e-01
2.499407346409585617e+00,5.989468396131936156e-01
2.500407346409585507e+00,5.981457514850569979e-01
2.501407346409585397e+00,5.973440652112188554e-01
2.502407346409585287e+00,5.965417815933652390e-01
2.503407346409585177e+00,5.957389014337797217e-01
2.504407346409585067e+00,5.949354255353423993e-01
2.505407346409584957e+00,5.941313547015292240e-01
2.506407346409584846e+00,5.933266897364106729e-01
2.507407346409584736e+00,5.925214314446519692e-01
2.508407346409584626e+00,5.917155806315111954e-01
2.509407346409584516e+00,5.909091381028390710e-01
2.510407346409584406e+00,5.901021046650780644e-01
2.511407346409584296e+00,5.892944811252616155e-01
2.512407346409584186e+00,5.884862682910131371e-01
2.513407346409584076e+00,5.876774669705453480e-01
2.514407346409583965e+00,5.868680779726596075e-01
2.515407346409583855e+00,5.860581021067448049e-01
2.516407346409583745e+00,5.852475401827766932e-01
2.517407346409583635e+00,5.844363930113172234e-01
2.518407346409583525e+00,5.836246614035134339e-01
2.519407346409583415e+00,5.828123461710968956e-01
2.520407346409583305e+00,5.819994481263827124e-01
2.521407346409583194e+00,5.811859680822689667e-01
2.522407346409583084e+00,5.803719068522354974e-01
2.523407346409582974e+00,5.795572652503435673e-01
2.524407346409582864e+00,5.787420440912346420e-01
2.525407346409582754e+00,5.779262441901299452e-01
2.526407346409582644e+00,5.771098663628291270e-01
2.527407346409582534e+00,5.762929114257101526e-01
2.528407346409582424e+00,5.754753801957276371e-01
2.529407346409582313e+00,5.746572734904129565e-01
2.530407346409582203e+00,5.738385921278726931e-01
2.531407346409582093e+00,5.730193369267880810e-01
2.532407346409581983e+00,5.721995087064143393e-01
2.533407346409581873e+00,5.713791082865795623e-01
2.534407346409581763e+00,5.705581364876840533e-01
2.535407346409581653e+00,5.697365941306996584e-01
2.536407346409581542e+00,5.689144820371685451e-01
2.537407346409581432e+00,5.680918010292028697e-01
2.538407346409581322e+00,5.672685519294835554e-01
2.539407346409581212e+00,5.664447355612595159e-01
2.540407346409581102e+00,5.656203527483470994e-01
2.541407346409580992e+00,5.647954043151290904e-01
2.542407346409580882e+00,5.639698910865538206e-01
2.543407346409580772e+00,5.631438138881345035e-01
2.544407346409580661e+00,5.623171735459482345e-01
2.545407346409580551e+00,5.614899708866352146e-01
2.546407346409580441e+00,5.606622067373980833e-01
2.547407346409580331e+00,5.598338819260010313e-01
2.548407346409580221e+00,5.590049972807686895e-01
2.549407346409580111e+00,5.581755536305855747e-01
2.550407346409580001e+00,5.573455518048954227e-01
2.551407346409579890e+00,5.565149926336998565e-01
2.552407346409579780e+00,5.556838769475580531e-01
2.553407346409579670e+00,5.548522055775856332e-01
2.554407346409579560e+00,5.540199793554538843e-01
2.555407346409579450e+00,5.531871991133888722e-01
2.556407346409579340e+00,5.523538656841708860e-01
2.557407346409579230e+00,5.515199799011332171e-01
2.558407346409579119e+00,5.506855425981617147e-01
2.559407346409579009e+00,5.498505546096933427e-01
2.560407346409578899e+00,5.490150167707162909e-01
2.561407346409578789e+00,5.481789299167681984e-01
2.562407346409578679e+00,5.473422948839359314e-01
2.563407346409578569e+00,5.465051125088542516e-01
2.564407346409578459e+00,5.456673836287057044e-01
2.565407346409578349e+00,5.448291090812189541e-01
2.566407346409578238e+00,5.439902897046685615e-01
2.567407346409578128e+00,5.431509263378737629e-01
2.568407346409578018e+00,5.423110198201979149e-01
2.569407346409577908e+00,5.414705709915474952e-01
2.570407346409577798e+00,5.406295806923711034e-01
2.571407346409577688e+00,5.397880497636591279e-01
2.572407346409577578e+00,5.389459790469424139e-01
2.573407346409577467e+00,5.381033693842914856e-01
2.574407346409577357e+00,5.372602216183161028e-01
2.575407346409577247e+00,5.364165365921637063e-01
2.576407346409577137e+00,5.355723151495195289e-01
2.577407346409577027e+00,5.347275581346049300e-01
2.578407346409576917e+00,5.338822663921766187e-01
2.579407346409576807e+00,5.330364407675264316e-01
2.580407346409576697e+00,5.321900821064798892e-01
2.581407346409576586e+00,5.313431912553956415e-01
2.582407346409576476e+00,5.304957690611643573e-01
2.583407346409576366e+00,5.296478163712082798e-01
2.584407346409576256e+00,5.287993340334798953e-01
2.585407346409576146e+00,5.279503228964615991e-01
2.586407346409576036e+00,5.271007838091643638e-01
2.587407346409575926e+00,5.262507176211272952e-01
2.588407346409575815e+00,5.254001251824164109e-01
2.589407346409575705e+00,5.245490073436241962e-01
2.590407346409575595e+00,5.236973649558682720e-01
2.591407346409575485e+00,5.228451988707910614e-01
2.592407346409575375e+00,5.219925099405585689e-01
2.593407346409575265e+00,5.211392990178596030e-01
2.594407346409575155e+00,5.202855669559051099e-01
2.595407346409575045e+00,5.194313146084269528e-01
2.596407346409574934e+00,5.185765428296774671e-01
2.597407346409574824e+00,5.177212524744284616e-01
2.598407346409574714e+00,5.168654443979699975e-01
2.599407346409574604e+00,5.160091194561102768e-01
2.600407346409574494e+00,5.151522785051740883e-01
2.601407346409574384e+00,5.142949224020023635e-01
2.602407346409574274e+00,5.134370520039510666e-01
2.603407346409574163e+00,5.125786681688905277e-01
2.604407346409574053e+00,5.117197717552045555e-01
2.605407346409573943e+00,5.108603636217894373e-01
2.606407346409573833e+00,5.100004446280533843e-01
2.607407346409573723e+00,5.091400156339150884e-01
2.608407346409573613e+00,5.082790774998036110e-01
2.609407346409573503e+00,5.074176310866569395e-01
2.610407346409573393e+00,5.065556772559215437e-01
2.611407346409573282e+00,5.056932168695511542e-01
2.612407346409573172e+00,5.048302507900058744e-01
2.613407346409573062e+00,5.039667798802520693e-01
2.614407346409572952e+00,5.031028050037602561e-01
2.615407346409572842e+00,5.022383270245053266e-01
2.616407346409572732e+00,5.013733468069653254e-01
2.617407346409572622e+00,5.005078652161202291e-01
2.618407346409572511e+00,4.996418831174516684e-01
2.619407346409572401e+00,4.987754013769416517e-01
2.620407346409572291e+00,4.979084208610717877e-01
2.621407346409572181e+00,4.970409424368225082e-01
2.622407346409572071e+00,4.961729669716722912e-01
2.623407346409571961e+00,4.953044953335963840e-01
2.624407346409571851e+00,4.944355283910664700e-01
2.625407346409571741e+00,4.935660670130493366e-01
2.626407346409571630e+00,4.926961120690063756e-01
2.627407346409571520e+00,4.918256644288923618e-01
2.628407346409571410e+00,4.909547249631548982e-01
2.629407346409571300e+00,4.900832945427333609e-01
2.630407346409571190e+00,4.892113740390581778e-01
2.631407346409571080e+00,4.883389643240496625e-01
2.632407346409570970e+00,4.874660662701175706e-01
2.633407346409570859e+00,4.865926807501598228e-01
2.634407346409570749e+00,4.857188086375618385e-01
2.635407346409570639e+00,4.848444508061957592e-01
2.636407346409570529e+00,4.839696081304192266e-01
2.637407346409570419e+00,4.830942814850748834e-01
2.638407346409570309e+00,4.822184717454893743e-01
2.639407346409570199e+00,4.813421797874722352e-01
2.640407346409570088e+00,4.804654064873154495e-01
2.641407346409569978e+00,4.795881527217922269e-01
2.642407346409569868e+00,4.787104193681562259e-01
2.643407346409569758e+00,4.778322073041407769e-01
2.644407346409569648e+00,4.769535174079578277e-01
2.645407346409569538e+00,4.760743505582972213e-01
2.646407346409569428e+00,4.751947076343256970e-01
2.647407346409569318e+00,4.743145895156861691e-01
2.648407346409569207e+00,4.734339970824966715e-01
2.649407346409569097e+00,4.725529312153495254e-01
2.650407346409568987e+00,4.716713927953105068e-01
2.651407346409568877e+00,4.707893827039180690e-01
2.652407346409568767e+00,4.699069018231821215e-01
2.653407346409568657e+00,4.690239510355834751e-01
2.654407346409568547e+00,4.681405312240729533e-01
2.655407346409568436e+00,4.672566432720701712e-01
2.656407346409568326e+00,4.663722880634630363e-01
2.657407346409568216e+00,4.654874664826067487e-01
2.658407346409568106e+00,4.646021794143227468e-01
2.659407346409567996e+00,4.637164277438980409e-01
2.660407346409567886e+00,4.628302123570842697e-01
2.661407346409567776e+00,4.619435341400967010e-01
2.662407346409567666e+00,4.610563939796134547e-01
2.663407346409567555e+00,4.601687927627746699e-01
2.664407346409567445e+00,4.592807313771814504e-01
2.665407346409567335e+00,4.583922107108951427e-01
2.666407346409567225e+00,4.575032316524363374e-01
2.667407346409567115e+00,4.566137950907839804e-01
2.668407346409567005e+00,4.557239019153745962e-01
2.669407346409566895e+00,4.548335530161012885e-01
2.670407346409566784e+00,4.539427492833128519e-01
2.671407346409566674e+00,4.530514916078129950e-01
2.672407346409566564e+00,4.521597808808592300e-01
2.673407346409566454e+00,4.512676179941622623e-01
2.674407346409566344e+00,4.503750038398849354e-01
2.675407346409566234e+00,4.494819393106412875e-01
2.676407346409566124e+00,4.485884252994958299e-01
2.677407346409566014e+00,4.476944626999624366e-01
2.678407346409565903e+00,4.468000524060036227e-01
2.679407346409565793e+00,4.459051953120296563e-01
2.680407346409565683e+00,4.450098923128975037e-01
2.681407346409565573e+00,4.441141443039101633e-01
2.682407346409565463e+00,4.432179521808154998e-01
2.683407346409565353e+00,4.423213168398055783e-01
2.684407346409565243e+00,4.414242391775157204e-01
2.685407346409565132e+00,4.405267200910234493e-01
2.686407346409565022e+00,4.396287604778478242e-01
2.687407346409564912e+00,4.387303612359483296e-01
2.688407346409564802e+00,4.378315232637241539e-01
2.689407346409564692e+00,4.369322474600131900e-01
2.690407346409564582e+00,4.360325347240912031e-01
2.691407346409564472e+00,4.351323859556708307e-01
2.692407346409564362e+00,4.342318020549007507e-01
2.693407346409564251e+00,4.333307839223647928e-01
2.694407346409564141e+00,4.324293324590810506e-01
2.695407346409564031e+00,4.315274485665008819e-01
2.696407346409563921e+00,4.306251331465080767e-01
2.697407346409563811e+00,4.297223871014180241e-01
2.698407346409563701e+00,4.288192113339767131e-01
2.699407346409563591e+00,4.279156067473597336e-01
2.700407346409563480e+00,4.270115742451717211e-01
2.701407346409563370e+00,4.261071147314450802e-01
2.702407346409563260e+00,4.252022291106391516e-01
2.703407346409563150e+00,4.242969182876395462e-01
2.704407346409563040e+00,4.233911831677570348e-01
2.705407346409562930e+00,4.224850246567266598e-01
2.706407346409562820e+00,4.215784436607067920e-01
2.707407346409562710e+00,4.206714410862784082e-01
2.708407346409562599e+00,4.197640178404440370e-01
2.709407346409562489e+00,4.188561748306267596e-01
2.710407346409562379e+00,4.179479129646695434e-01
2.711407346409562269e+00,4.170392331508342432e-01
2.712407346409562159e+00,4.161301362978004903e-01
2.713407346409562049e+00,4.152206233146651382e-01
2.714407346409561939e+00,4.143106951109410963e-01
2.715407346409561828e+00,4.134003525965564418e-01
2.716407346409561718e+00,4.124895966818536430e-01
2.717407346409561608e+00,4.115784282775885594e-01
2.718407346409561498e+00,4.106668482949294985e-01
2.719407346409561388e+00,4.097548576454563274e-01
2.720407346409561278e+00,4.088424572411596958e-01
2.721407346409561168e+00,4.079296479944398701e-01
2.722407346409561057e+00,4.070164308181060675e-01
2.723407346409560947e+00,4.061028066253753455e-01
2.724407346409560837e+00,4.051887763298718248e-01
2.725407346409560727e+00,4.042743408456257459e-01
2.726407346409560617e+00,4.033595010870725250e-01
2.727407346409560507e+00,4.024442579690518107e-01
2.728407346409560397e+00,4.015286124068067064e-01
2.729407346409560287e+00,4.006125653159826050e-01
2.730407346409560176e+00,3.996961176126266335e-01
2.731407346409560066e+00,3.987792702131863209e-01
2.732407346409559956e+00,3.978620240345089876e-01
2.733407346409559846e+00,3.969443799938408568e-01
2.734407346409559736e+00,3.960263390088257784e-01
2.735407346409559626e+00,3.951079019975046736e-01
2.736407346409559516e+00,3.941890698783144797e-01
2.737407346409559405e+00,3.932698435700873185e-01
2.738407346409559295e+00,3.923502239920493295e-01
2.739407346409559185e+00,3.914302120638200044e-01
2.740407346409559075e+00,3.905098087054112987e-01
2.741407346409558965e+00,3.895890148372264106e-01
2.742407346409558855e+00,3.886678313800591145e-01
2.743407346409558745e+00,3.877462592550928733e-01
2.744407346409558635e+00,3.868242993838996724e-01
2.745407346409558524e+00,3.859019526884392981e-01
2.746407346409558414e+00,3.849792200910584494e-01
2.747407346409558304e+00,3.840561025144895724e-01
2.748407346409558194e+00,3.831326008818501383e-01
2.749407346409558084e+00,3.822087161166418112e-01
2.750407346409557974e+00,3.812844491427491711e-01
2.751407346409557864e+00,3.803598008844392142e-01
2.752407346409557753e+00,3.794347722663600209e-01
2.753407346409557643e+00,3.785093642135402003e-01
2.754407346409557533e+00,3.775835776513877251e-01
2.755407346409557423e+00,3.766574135056890427e-01
2.756407346409557313e+00,3.757308727026082429e-01
2.757407346409557203e+00,3.748039561686860588e-01
2.758407346409557093e+00,3.738766648308389229e-01
2.759407346409556983e+00,3.729489996163581345e-01
2.760407346409556872e+00,3.720209614529088049e-01
2.761407346409556762e+00,3.710925512685290251e-01
2.762407346409556652e+00,3.701637699916288660e-01
2.763407346409556542e+00,3.692346185509896017e-01
2.764407346409556432e+00,3.683050978757625438e-01
2.765407346409556322e+00,3.673752088954683193e-01
2.766407346409556212e+00,3.664449525399957608e-01
2.767407346409556101e+00,3.655143297396012403e-01
2.768407346409555991e+00,3.645833414249074478e-01
2.769407346409555881e+00,3.636519885269026142e-01
2.770407346409555771e+00,3.627202719769395678e-01
2.771407346409555661e+00,3.617881927067347347e-01
2.772407346409555551e+00,3.608557516483673622e-01
2.773407346409555441e+00,3.599229497342784079e-01
2.774407346409555331e+00,3.589897878972697076e-01
2.775407346409555220e+00,3.580562670705030315e-01
2.776407346409555110e+00,3.571223881874991402e-01
2.777407346409555000e+00,3.561881521821367858e-01
2.778407346409554890e+00,3.552535599886519346e-01
2.779407346409554780e+00,3.543186125416367127e-01
2.780407346409554670e+00,3.533833107760385173e-01
2.781407346409554560e+00,3.524476556271589622e-01
2.782407346409554449e+00,3.515116480306531010e-01
2.783407346409554339e+00,3.505752889225285385e-01
2.784407346409554229e+00,3.496385792391443204e-01
2.785407346409554119e+00,3.487015199172099345e-01
2.786407346409554009e+00,3.477641118937846998e-01
2.787407346409553899e+00,3.468263561062766009e-01
2.788407346409553789e+00,3.458882534924412333e-01
2.789407346409553679e+00,3.449498049903812480e-01
2.790407346409553568e+00,3.440110115385449641e-01
2.791407346409553458e+00,3.430718740757258689e-01
2.792407346409553348e+00,3.421323935410612305e-01
2.793407346409553238e+00,3.411925708740315977e-01
2.794407346409553128e+00,3.402524070144595236e-01
2.795407346409553018e+00,3.393119029025087885e-01
2.796407346409552908e+00,3.383710594786834003e-01
2.797407346409552797e+00,3.374298776838267622e-01
2.798407346409552687e+00,3.364883584591205068e-01
2.799407346409552577e+00,3.355465027460838856e-01
2.800407346409552467e+00,3.346043114865724921e-01
2.801407346409552357e+00,3.336617856227774848e-01
2.802407346409552247e+00,3.327189260972246432e-01
2.803407346409552137e+00,3.317757338527734245e-01
2.804407346409552027e+00,3.308322098326160199e-01
2.805407346409551916e+00,3.298883549802763548e-01
2.806407346409551806e+00,3.289441702396091460e-01
2.807407346409551696e+00,3.279996565547991794e-01
2.808407346409551586e+00,3.270548148703599778e-01
2.809407346409551476e+00,3.261096461311331351e-01
2.810407346409551366e+00,3.251641512822873170e-01
2.811407346409551256e+00,3.242183312693173725e-01
2.812407346409551145e+00,3.232721870380431684e-01
2.813407346409551035e+00,3.223257195346088122e-01
2.814407346409550925e+00,3.213789297054818195e-01
2.815407346409550815e+00,3.204318184974518924e-01
2.816407346409550705e+00,3.194843868576301982e-01
2.817407346409550595e+00,3.185366357334482590e-01
2.818407346409550485e+00,3.175885660726571191e-01
2.819407346409550374e+00,3.166401788233264014e-01
2.820407346409550264e+00,3.156914749338431969e-01
2.821407346409550154e+00,3.147424553529113989e-01
2.822407346409550044e+00,3.137931210295504814e-01
2.823407346409549934e+00,3.128434729130946668e-01
2.824407346409549824e+00,3.118935119531919820e-01
2.825407346409549714e+00,3.109432390998033702e-01
2.826407346409549604e+00,3.099926553032015808e-01
2.827407346409549493e+00,3.090417615139703367e-01
2.828407346409549383e+00,3.080905586830032794e-01
2.829407346409549273e+00,3.071390477615032477e-01
2.830407346409549163e+00,3.061872297009810562e-01
2.831407346409549053e+00,3.052351054532546626e-01
2.832407346409548943e+00,3.042826759704482242e-01
2.833407346409548833e+00,3.033299422049912097e-01
2.834407346409548722e+00,3.023769051096172888e-01
2.835407346409548612e+00,3.014235656373633887e-01
2.836407346409548502e+00,3.004699247415690277e-01
2.837407346409548392e+00,2.995159833758749279e-01
2.838407346409548282e+00,2.985617424942224596e-01
2.839407346409548172e+00,2.976072030508523092e-01
2.840407346409548062e+00,2.966523660003039797e-01
2.841407346409547952e+00,2.956972322974142919e-01
2.842407346409547841e+00,2.947418028973169957e-01
2.843407346409547731e+00,2.937860787554413822e-01
2.844407346409547621e+00,2.928300608275114514e-01
2.845407346409547511e+00,2.918737500695451348e-01
2.846407346409547401e+00,2.909171474378530742e-01
2.847407346409547291e+00,2.899602538890377890e-01
2.848407346409547181e+00,2.890030703799927880e-01
2.849407346409547070e+00,2.880455978679015150e-01
2.850407346409546960e+00,2.870878373102363490e-01
2.851407346409546850e+00,2.861297896647577721e-01
2.852407346409546740e+00,2.851714558895134255e-01
2.853407346409546630e+00,2.842128369428369439e-01
2.854407346409546520e+00,2.832539337833471782e-01
2.855407346409546410e+00,2.822947473699472520e-01
2.856407346409546300e+00,2.813352786618234513e-01
2.857407346409546189e+00,2.803755286184445028e-01
2.858407346409546079e+00,2.794154981995602416e-01
2.859407346409545969e+00,2.784551883652010562e-01
2.860407346409545859e+00,2.774946000756767783e-01
2.861407346409545749e+00,2.765337342915754615e-01
2.862407346409545639e+00,2.755725919737629925e-01
2.863407346409545529e+00,2.746111740833814263e-01
2.864407346409545418e+00,2.736494815818487081e-01
2.865407346409545308e+00,2.726875154308572302e-01
2.866407346409545198e+00,2.717252765923729996e-01
2.867407346409545088e+00,2.707627660286348603e-01
2.868407346409544978e+00,2.697999847021532172e-01
2.869407346409544868e+00,2.688369335757093692e-01
2.870407346409544758e+00,2.678736136123543443e-01
2.871407346409544648e+00,2.669100257754080663e-01
2.872407346409544537e+00,2.659461710284581892e-01
2.873407346409544427e+00,2.649820503353594869e-01
2.874407346409544317e+00,2.640176646602325206e-01
2.875407346409544207e+00,2.630530149674629170e-01
2.876407346409544097e+00,2.620881022217002587e-01
2.877407346409543987e+00,2.611229273878571955e-01
2.878407346409543877e+00,2.601574914311085562e-01
2.879407346409543766e+00,2.591917953168901279e-01
2.880407346409543656e+00,2.582258400108979890e-01
2.881407346409543546e+00,2.572596264790873444e-01
2.882407346409543436e+00,2.562931556876716921e-01
2.883407346409543326e+00,2.553264286031216579e-01
2.884407346409543216e+00,2.543594461921643290e-01
2.885407346409543106e+00,2.533922094217820331e-01
2.886407346409542996e+00,2.524247192592113942e-01
2.887407346409542885e+00,2.514569766719425559e-01
2.888407346409542775e+00,2.504889826277179599e-01
2.889407346409542665e+00,2.495207380945316522e-01
2.890407346409542555e+00,2.485522440406280065e-01
2.891407346409542445e+00,2.475835014345010576e-01
2.892407346409542335e+00,2.466145112448933086e-01
2.893407346409542225e+00,2.456452744407948419e-01
2.894407346409542114e+00,2.446757919914424317e-01
2.895407346409542004e+00,2.437060648663184059e-01
2.896407346409541894e+00,2.427360940351498408e-01
2.897407346409541784e+00,2.417658804679074513e-01
2.898407346409541674e+00,2.407954251348047303e-01
2.899407346409541564e+00,2.398247290062969495e-01
2.900407346409541454e+00,2.388537930530801601e-01
2.901407346409541343e+00,2.378826182460902217e-01
2.902407346409541233e+00,2.369112055565018582e-01
2.903407346409541123e+00,2.359395559557276589e-01
2.904407346409541013e+00,2.349676704154171902e-01
2.905407346409540903e+00,2.339955499074558853e-01
2.906407346409540793e+00,2.330231954039641562e-01
2.907407346409540683e+00,2.320506078772964775e-01
2.908407346409540573e+00,2.310777883000402211e-01
2.909407346409540462e+00,2.301047376450149340e-01
2.910407346409540352e+00,2.291314568852711731e-01
2.911407346409540242e+00,2.281579469940896443e-01
2.912407346409540132e+00,2.271842089449800928e-01
2.913407346409540022e+00,2.262102437116805531e-01
2.914407346409539912e+00,2.252360522681561561e-01
2.915407346409539802e+00,2.242616355885982682e-01
2.916407346409539691e+00,2.232869946474234646e-01
2.917407346409539581e+00,2.223121304192726133e-01
2.918407346409539471e+00,2.213370438790098760e-01
2.919407346409539361e+00,2.203617360017217086e-01
2.920407346409539251e+00,2.193862077627159179e-01
2.921407346409539141e+00,2.184104601375206345e-01
2.922407346409539031e+00,2.174344941018833965e-01
2.923407346409538921e+00,2.164583106317702066e-01
2.924407346409538810e+00,2.154819107033643932e-01
2.925407346409538700e+00,2.145052952930658619e-01
2.926407346409538590e+00,2.135284653774899011e-01
2.927407346409538480e+00,2.125514219334663502e-01
2.928407346409538370e+00,2.115741659380385720e-01
2.929407346409538260e+00,2.105966983684625093e-01
2.930407346409538150e+00,2.096190202022056026e-01
2.931407346409538039e+00,2.086411324169459847e-01
2.932407346409537929e+00,2.076630359905713430e-01
2.933407346409537819e+00,2.066847319011779760e-01
2.934407346409537709e+00,2.057062211270699603e-01
2.935407346409537599e+00,2.047275046467579573e-01
2.936407346409537489e+00,2.037485834389583805e-01
2.937407346409537379e+00,2.027694584825923130e-01
2.938407346409537269e+00,2.017901307567847025e-01
2.939407346409537158e+00,2.008106012408631125e-01
2.940407346409537048e+00,1.998308709143570283e-01
2.941407346409536938e+00,1.988509407569966914e-01
2.942407346409536828e+00,1.978708117487121554e-01
2.943407346409536718e+00,1.968904848696323706e-01
2.944407346409536608e+00,1.959099611000841012e-01
2.945407346409536498e+00,1.949292414205910928e-01
2.946407346409536387e+00,1.939483268118728787e-01
2.947407346409536277e+00,1.929672182548440307e-01
2.948407346409536167e+00,1.919859167306129932e-01
2.949407346409536057e+00,1.910044232204812509e-01
2.950407346409535947e+00,1.900227387059421902e-01
2.951407346409535837e+00,1.890408641686802671e-01
2.952407346409535727e+00,1.880588005905698967e-01
2.953407346409535617e+00,1.870765489536746484e-01
2.954407346409535506e+00,1.860941102402460245e-01
2.955407346409535396e+00,1.851114854327226555e-01
2.956407346409535286e+00,1.841286755137292730e-01
2.957407346409535176e+00,1.831456814660757382e-01
2.958407346409535066e+00,1.821625042727559873e-01
2.959407346409534956e+00,1.811791449169471713e-01
2.960407346409534846e+00,1.801956043820085174e-01
2.961407346409534735e+00,1.792118836514804969e-01
2.962407346409534625e+00,1.782279837090837427e-01
2.963407346409534515e+00,1.772439055387181606e-01
2.964407346409534405e+00,1.762596501244617919e-01
2.965407346409534295e+00,1.752752184505700084e-01
2.966407346409534185e+00,1.742906115014743462e-01
2.967407346409534075e+00,1.733058302617817292e-01
2.968407346409533965e+00,1.723208757162733029e-01
2.969407346409533854e+00,1.713357488499034909e-01
2.970407346409533744e+00,1.703504506477991343e-01
2.971407346409533634e+00,1.693649820952583263e-01
2.972407346409533524e+00,1.683793441777495237e-01
2.973407346409533414e+00,1.673935378809105756e-01
2.974407346409533304e+00,1.664075641905476965e-01
2.975407346409533194e+00,1.654214240926344948e-01
2.976407346409533083e+00,1.644351185733109733e-01
2.977407346409532973e+00,1.634486486188826138e-01
2.978407346409532863e+00,1.624620152158192388e-01
2.979407346409532753e+00,1.614752193507541789e-01
2.980407346409532643e+00,1.604882620104832180e-01
2.981407346409532533e+00,1.595011441819636500e-01
2.982407346409532423e+00,1.585138668523131678e-01
2.983407346409532312e+00,1.575264310088090314e-01
2.984407346409532202e+00,1.565388376388870406e-01
2.985407346409532092e+00,1.555510877301404526e-01
2.986407346409531982e+00,1.545631822703190938e-01
2.987407346409531872e+00,1.535751222473283328e-01
2.988407346409531762e+00,1.525869086492281368e-01
2.989407346409531652e+00,1.515985424642320167e-01
2.990407346409531542e+00,1.506100246807060283e-01
2.991407346409531431e+00,1.496213562871679392e-01
2.992407346409531321e+00,1.486325382722860355e-01
2.993407346409531211e+00,1.476435716248782337e-01
2.994407346409531101e+00,1.466544573339111091e-01
2.995407346409530991e+00,1.456651963884988688e-01
2.996407346409530881e+00,1.446757897779023805e-01
2.997407346409530771e+00,1.436862384915281732e-01
2.998407346409530660e+00,1.426965435189274656e-01
2.999407346409530550e+00,1.417067058497951115e-01
3.000407346409530440e+00,1.407167264739687118e-01
3.001407346409530330e+00,1.397266063814275872e-01
3.002407346409530220e+00,1.387363465622916958e-01
3.003407346409530110e+00,1.377459480068208286e-01
3.004407346409530000e+00,1.367554117054134155e-01
3.005407346409529890e+00,1.357647386486057206e-01
3.006407346409529779e+00,1.347739298270706487e-01
3.007407346409529669e+00,1.337829862316170237e-01
3.008407346409529559e+00,1.327919088531882841e-01
3.009407346409529449e+00,1.318006986828617610e-01
3.010407346409529339e+00,1.308093567118475686e-01
3.011407346409529229e+00,1.298178839314875210e-01
3.012407346409529119e+00,1.288262813332543832e-01
3.013407346409529008e+00,1.278345499087506498e-01
3.014407346409528898e+00,1.268426906497076567e-01
3.015407346409528788e+00,1.258507045479845821e-01
3.016407346409528678e+00,1.248585925955674608e-01
3.017407346409528568e+00,1.238663557845681440e-01
3.018407346409528458e+00,1.228739951072233549e-01
3.019407346409528348e+00,1.218815115558937040e-01
3.020407346409528238e+00,1.208889061230626477e-01
3.021407346409528127e+00,1.198961798013355451e-01
3.022407346409528017e+00,1.189033335834386307e-01
3.023407346409527907e+00,1.179103684622180431e-01
3.024407346409527797e+00,1.169172854306388259e-01
3.025407346409527687e+00,1.159240854817839145e-01
3.026407346409527577e+00,1.149307696088531922e-01
3.027407346409527467e+00,1.139373388051624220e-01
3.028407346409527356e+00,1.129437940641423582e-01
3.029407346409527246e+00,1.119501363793376225e-01
3.030407346409527136e+00,1.109563667444058571e-01
3.031407346409527026e+00,1.099624861531165732e-01
3.032407346409526916e+00,1.089684955993503179e-01
3.033407346409526806e+00,1.079743960770975370e-01
3.034407346409526696e+00,1.069801885804576719e-01
3.035407346409526586e+00,1.059858741036381474e-01
3.036407346409526475e+00,1.049914536409533583e-01
3.037407346409526365e+00,1.039969281868236561e-01
3.038407346409526255e+00,1.030022987357744474e-01
3.039407346409526145e+00,1.020075662824350970e-01
3.040407346409526035e+00,1.010127318215379433e-01
3.041407346409525925e+00,1.000177963479173954e-01
3.042407346409525815e+00,9.902276085650883741e-02
3.043407346409525704e+00,9.802762634234767070e-02
3.044407346409525594e+00,9.703239380056834229e-02
3.045407346409525484e+00,9.603706422640329032e-02
3.046407346409525374e+00,9.504163861518201417e-02
3.047407346409525264e+00,9.404611796233003362e-02
3.048407346409525154e+00,9.305050326336794519e-02
3.049407346409525044e+00,9.205479551391033965e-02
3.050407346409524934e+00,9.105899570966488610e-02
3.051407346409524823e+00,9.006310484643131886e-02
3.052407346409524713e+00,8.906712392010041057e-02
3.053407346409524603e+00,8.807105392665300070e-02
3.054407346409524493e+00,8.707489586215901023e-02
3.055407346409524383e+00,8.607865072277640084e-02
3.056407346409524273e+00,8.508231950475025895e-02
3.057407346409524163e+00,8.408590320441168553e-02
3.058407346409524052e+00,8.308940281817692175e-02
3.059407346409523942e+00,8.209281934254626656e-02
3.060407346409523832e+00,8.109615377410310522e-02
3.061407346409523722e+00,8.009940710951293785e-02
3.062407346409523612e+00,7.910258034552232476e-02
3.063407346409523502e+00,7.810567447895797044e-02
3.064407346409523392e+00,7.710869050672562730e-02
3.065407346409523281e+00,7.611162942580922131e-02
3.066407346409523171e+00,7.511449223326972791e-02
3.067407346409523061e+00,7.411727992624425609e-02
3.068407346409522951e+00,7.311999350194503533e-02
3.069407346409522841e+00,7.212263395765840246e-02
3.070407346409522731e+00,7.112520229074383027e-02
3.071407346409522621e+00,7.012769949863288665e-02
3.072407346409522511e+00,6.913012657882829093e-02
3.073407346409522400e+00,6.813248452890287299e-02
3.074407346409522290e+00,6.713477434649861575e-02
3.075407346409522180e+00,6.613699702932560043e-02
3.076407346409522070e+00,6.513915357516106286e-02
3.077407346409521960e+00,6.414124498184838041e-02
3.078407346409521850e+00,6.314327224729607280e-02
3.079407346409521740e+00,6.214523636947676816e-02
3.080407346409521629e+00,6.114713834642627327e-02
3.081407346409521519e+00,6.014897917624252577e-02
3.082407346409521409e+00,5.915075985708462269e-02
3.083407346409521299e+00,5.815248138717178661e-02
3.084407346409521189e+00,5.715414476478240802e-02
3.085407346409521079e+00,5.615575098825303230e-02
3.086407346409520969e+00,5.515730105597733968e-02
3.087407346409520859e+00,5.415879596640519461e-02
3.088407346409520748e+00,5.316023671804159800e-02
3.089407346409520638e+00,5.216162430944570882e-02
3.090407346409520528e+00,5.116295973922985879e-02
3.091407346409520418e+00,5.016424400605853234e-02
3.092407346409520308e+00,4.916547810864738133e-02
3.093407346409520198e+00,4.816666304576221885e-02
3.094407346409520088e+00,4.716779981621802009e-02
3.095407346409519977e+00,4.616888941887793696e-02
3.096407346409519867e+00,4.516993285265228503e-02
3.097407346409519757e+00,4.417093111649754433e-02
3.098407346409519647e+00,4.317188520941536711e-02
3.099407346409519537e+00,4.217279613045157860e-02
3.100407346409519427e+00,4.117366487869517783e-02
3.101407346409519317e+00,4.017449245327732454e-02
3.102407346409519207e+00,3.917527985337036778e-02
3.103407346409519096e+00,3.817602807818682581e-02
3.104407346409518986e+00,3.717673812697838004e-02
3.105407346409518876e+00,3.617741099903491048e-02
3.106407346409518766e+00,3.517804769368345491e-02
3.107407346409518656e+00,3.417864921028723052e-02
3.108407346409518546e+00,3.317921654824465549e-02
3.109407346409518436e+00,3.217975070698828738e-02
3.110407346409518325e+00,3.118025268598390021e-02
3.111407346409518215e+00,3.018072348472942631e-02
3.112407346409518105e+00,2.918116410275397796e-02
3.113407346409517995e+00,2.818157553961686199e-02
3.114407346409517885e+00,2.718195879490655290e-02
3.115407346409517775e+00,2.618231486823971443e-02
3.116407346409517665e+00,2.518264475926019000e-02
3.117407346409517555e+00,2.418294946763800690e-02
3.118407346409517444e+00,2.318322999306837023e-02
3.119407346409517334e+00,2.218348733527067060e-02
3.120407346409517224e+00,2.118372249398748491e-02
3.121407346409517114e+00,2.018393646898357027e-02
3.122407346409517004e+00,1.918413026004487168e-02
3.123407346409516894e+00,1.818430486697750897e-02
3.124407346409516784e+00,1.718446128960679498e-02
3.125407346409516673e+00,1.618460052777622241e-02
3.126407346409516563e+00,1.518472358134647336e-02
3.127407346409516453e+00,1.418483145019440624e-02
3.128407346409516343e+00,1.318492513421207213e-02
3.129407346409516233e+00,1.218500563330570177e-02
3.130407346409516123e+00,1.118507394739471500e-02
3.131407346409516013e+00,1.018513107641071114e-02
3.132407346409515903e+00,9.185178020296480214e-03
3.133407346409515792e+00,8.185215779004995085e-03
3.134407346409515682e+00,7.185245352498412230e-03
3.135407346409515572e+00,6.185267740747076026e-03
3.136407346409515462e+00,5.185283943728514339e-03
3.137407346409515352e+00,4.185294961426441057e-03
3.138407346409515242e+00,3.185301793829755160e-03
3.139407346409515132e+00,2.185305440931541079e-03
3.140407346409515021e+00,1.185306902728067982e-03
3.141407346409514911e+00,1.853071792177909776e-04
